method,dim,function,instance,repetition,eval,best_feasible
Random,2,2,1,0,1,inf
Random,2,2,1,0,2,inf
Random,2,2,1,0,3,-1484.246948032138
Random,2,2,1,0,4,-1484.246948032138
Random,2,2,1,0,5,-1484.246948032138
Random,2,2,1,0,6,-1484.246948032138
Random,2,2,1,0,7,-1484.246948032138
Random,2,2,1,0,8,-1484.246948032138
Random,2,2,1,0,9,-1755.6985952662722
Random,2,2,1,0,10,-1755.6985952662722
Random,2,2,1,0,11,-1755.6985952662722
Random,2,2,1,0,12,-1755.6985952662722
Random,2,2,1,0,13,-1755.6985952662722
Random,2,2,1,0,14,-1755.6985952662722
Random,2,2,1,0,15,-1755.6985952662722
Random,2,2,1,0,16,-1755.6985952662722
Random,2,2,1,0,17,-1755.6985952662722
Random,2,2,1,0,18,-1755.6985952662722
Random,2,2,1,0,19,-1755.6985952662722
Random,2,2,1,0,20,-1755.6985952662722
qLogEI,2,2,1,0,1,inf
qLogEI,2,2,1,0,2,inf
qLogEI,2,2,1,0,3,-1484.246948032138
qLogEI,2,2,1,0,4,-1484.246948032138
qLogEI,2,2,1,0,5,-1721.270950038037
qLogEI,2,2,1,0,6,-1828.3430654272
qLogEI,2,2,1,0,7,-1899.6312180493373
qLogEI,2,2,1,0,8,-1965.3325007526973
qLogEI,2,2,1,0,9,-1965.3325007526973
qLogEI,2,2,1,0,10,-1965.3325007526973
qLogEI,2,2,1,0,11,-1965.3325007526973
qLogEI,2,2,1,0,12,-1965.3325007526973
qLogEI,2,2,1,0,13,-1965.3325007526973
qLogEI,2,2,1,0,14,-2007.0720513164133
qLogEI,2,2,1,0,15,-2007.0720513164133
qLogEI,2,2,1,0,16,-2007.0720513164133
qLogEI,2,2,1,0,17,-2011.133096696675
qLogEI,2,2,1,0,18,-2011.133096696675
qLogEI,2,2,1,0,19,-2011.133096696675
qLogEI,2,2,1,0,20,-2011.133096696675
RL,2,2,1,0,1,inf
RL,2,2,1,0,2,inf
RL,2,2,1,0,3,-1484.246948032138
RL,2,2,1,0,4,-1484.246948032138
RL,2,2,1,0,5,-1484.246948032138
RL,2,2,1,0,6,-1484.246948032138
RL,2,2,1,0,7,-1484.246948032138
RL,2,2,1,0,8,-1484.246948032138
RL,2,2,1,0,9,-1484.246948032138
RL,2,2,1,0,10,-1484.246948032138
RL,2,2,1,0,11,-1484.246948032138
RL,2,2,1,0,12,-1484.246948032138
RL,2,2,1,0,13,-1484.246948032138
RL,2,2,1,0,14,-1484.246948032138
RL,2,2,1,0,15,-1484.246948032138
RL,2,2,1,0,16,-1484.246948032138
RL,2,2,1,0,17,-1484.246948032138
RL,2,2,1,0,18,-1484.246948032138
RL,2,2,1,0,19,-1484.246948032138
RL,2,2,1,0,20,-1484.246948032138
Random,2,2,1,1,1,inf
Random,2,2,1,1,2,inf
Random,2,2,1,1,3,inf
Random,2,2,1,1,4,inf
Random,2,2,1,1,5,inf
Random,2,2,1,1,6,-1756.31204999697
Random,2,2,1,1,7,-1756.31204999697
Random,2,2,1,1,8,-1756.31204999697
Random,2,2,1,1,9,-1756.31204999697
Random,2,2,1,1,10,-1932.2362700572198
Random,2,2,1,1,11,-1932.2362700572198
Random,2,2,1,1,12,-1932.2362700572198
Random,2,2,1,1,13,-1932.2362700572198
Random,2,2,1,1,14,-1932.2362700572198
Random,2,2,1,1,15,-1932.2362700572198
Random,2,2,1,1,16,-1932.2362700572198
Random,2,2,1,1,17,-1932.2362700572198
Random,2,2,1,1,18,-1932.2362700572198
Random,2,2,1,1,19,-1939.0344949368807
Random,2,2,1,1,20,-1939.0344949368807
qLogEI,2,2,1,1,1,inf
qLogEI,2,2,1,1,2,inf
qLogEI,2,2,1,1,3,inf
qLogEI,2,2,1,1,4,inf
qLogEI,2,2,1,1,5,-1353.5384
qLogEI,2,2,1,1,6,-1720.1741935980458
qLogEI,2,2,1,1,7,-1820.4074811490732
qLogEI,2,2,1,1,8,-1964.890732360833
qLogEI,2,2,1,1,9,-1964.890732360833
qLogEI,2,2,1,1,10,-1984.0758073254005
qLogEI,2,2,1,1,11,-1984.0758073254005
qLogEI,2,2,1,1,12,-1984.0758073254005
qLogEI,2,2,1,1,13,-1984.0758073254005
qLogEI,2,2,1,1,14,-1984.0758073254005
qLogEI,2,2,1,1,15,-1984.0758073254005
qLogEI,2,2,1,1,16,-1984.0758073254005
qLogEI,2,2,1,1,17,-1984.0758073254005
qLogEI,2,2,1,1,18,-1984.0758073254005
qLogEI,2,2,1,1,19,-2014.889437688605
qLogEI,2,2,1,1,20,-2014.889437688605
RL,2,2,1,1,1,inf
RL,2,2,1,1,2,inf
RL,2,2,1,1,3,inf
RL,2,2,1,1,4,inf
RL,2,2,1,1,5,-1353.623940904505
RL,2,2,1,1,6,-1358.0566318924703
RL,2,2,1,1,7,-1406.0561621199543
RL,2,2,1,1,8,-1406.0561621199543
RL,2,2,1,1,9,-1406.0561621199543
RL,2,2,1,1,10,-1406.0561621199543
RL,2,2,1,1,11,-1406.0561621199543
RL,2,2,1,1,12,-1406.0561621199543
RL,2,2,1,1,13,-1406.0561621199543
RL,2,2,1,1,14,-1406.0561621199543
RL,2,2,1,1,15,-1406.0561621199543
RL,2,2,1,1,16,-1406.0561621199543
RL,2,2,1,1,17,-1406.0561621199543
RL,2,2,1,1,18,-1406.0561621199543
RL,2,2,1,1,19,-1406.0561621199543
RL,2,2,1,1,20,-1406.0561621199543
Random,2,2,1,2,1,inf
Random,2,2,1,2,2,-1501.5305258682502
Random,2,2,1,2,3,-1501.5305258682502
Random,2,2,1,2,4,-1501.5305258682502
Random,2,2,1,2,5,-1656.6180149126872
Random,2,2,1,2,6,-1656.6180149126872
Random,2,2,1,2,7,-1928.4692352602017
Random,2,2,1,2,8,-1928.4692352602017
Random,2,2,1,2,9,-1928.4692352602017
Random,2,2,1,2,10,-1928.4692352602017
Random,2,2,1,2,11,-1928.4692352602017
Random,2,2,1,2,12,-1928.4692352602017
Random,2,2,1,2,13,-1928.4692352602017
Random,2,2,1,2,14,-1928.4692352602017
Random,2,2,1,2,15,-1928.4692352602017
Random,2,2,1,2,16,-1928.4692352602017
Random,2,2,1,2,17,-1928.4692352602017
Random,2,2,1,2,18,-1928.4692352602017
Random,2,2,1,2,19,-1928.4692352602017
Random,2,2,1,2,20,-1928.4692352602017
qLogEI,2,2,1,2,1,inf
qLogEI,2,2,1,2,2,-1501.5305258682502
qLogEI,2,2,1,2,3,-1501.5305258682502
qLogEI,2,2,1,2,4,-1501.5305258682502
qLogEI,2,2,1,2,5,-1888.7072114978919
qLogEI,2,2,1,2,6,-1888.7072114978919
qLogEI,2,2,1,2,7,-1888.7072114978919
qLogEI,2,2,1,2,8,-2003.8281885186238
qLogEI,2,2,1,2,9,-2003.8281885186238
qLogEI,2,2,1,2,10,-2003.8281885186238
qLogEI,2,2,1,2,11,-2003.8281885186238
qLogEI,2,2,1,2,12,-2005.9645366869995
qLogEI,2,2,1,2,13,-2005.9645366869995
qLogEI,2,2,1,2,14,-2011.4975056604426
qLogEI,2,2,1,2,15,-2011.4975056604426
qLogEI,2,2,1,2,16,-2011.4975056604426
qLogEI,2,2,1,2,17,-2011.4975056604426
qLogEI,2,2,1,2,18,-2011.4975056604426
qLogEI,2,2,1,2,19,-2011.4975056604426
qLogEI,2,2,1,2,20,-2011.4975056604426
RL,2,2,1,2,1,inf
RL,2,2,1,2,2,-1501.5305258682502
RL,2,2,1,2,3,-1501.5305258682502
RL,2,2,1,2,4,-1501.5305258682502
RL,2,2,1,2,5,-1501.5305258682502
RL,2,2,1,2,6,-1501.5305258682502
RL,2,2,1,2,7,-1501.5305258682502
RL,2,2,1,2,8,-1501.5305258682502
RL,2,2,1,2,9,-1501.5305258682502
RL,2,2,1,2,10,-1501.5305258682502
RL,2,2,1,2,11,-1501.5305258682502
RL,2,2,1,2,12,-1501.5305258682502
RL,2,2,1,2,13,-1501.5305258682502
RL,2,2,1,2,14,-1501.5305258682502
RL,2,2,1,2,15,-1501.5305258682502
RL,2,2,1,2,16,-1501.5305258682502
RL,2,2,1,2,17,-1501.5305258682502
RL,2,2,1,2,18,-1501.5305258682502
RL,2,2,1,2,19,-1501.5305258682502
RL,2,2,1,2,20,-1501.5305258682502
Random,2,2,1,3,1,inf
Random,2,2,1,3,2,-1304.8001685975307
Random,2,2,1,3,3,-1304.8001685975307
Random,2,2,1,3,4,-1304.8001685975307
Random,2,2,1,3,5,-1525.061023225321
Random,2,2,1,3,6,-1575.4032984535124
Random,2,2,1,3,7,-1575.4032984535124
Random,2,2,1,3,8,-1575.4032984535124
Random,2,2,1,3,9,-1575.4032984535124
Random,2,2,1,3,10,-1575.4032984535124
Random,2,2,1,3,11,-1575.4032984535124
Random,2,2,1,3,12,-1575.4032984535124
Random,2,2,1,3,13,-1732.6495003331793
Random,2,2,1,3,14,-1732.6495003331793
Random,2,2,1,3,15,-1732.6495003331793
Random,2,2,1,3,16,-1732.6495003331793
Random,2,2,1,3,17,-1817.8415078605685
Random,2,2,1,3,18,-1817.8415078605685
Random,2,2,1,3,19,-1817.8415078605685
Random,2,2,1,3,20,-1817.8415078605685
qLogEI,2,2,1,3,1,inf
qLogEI,2,2,1,3,2,-1304.8001685975307
qLogEI,2,2,1,3,3,-1304.8001685975307
qLogEI,2,2,1,3,4,-1304.8001685975307
qLogEI,2,2,1,3,5,-1304.8001685975307
qLogEI,2,2,1,3,6,-1831.60274479967
qLogEI,2,2,1,3,7,-1923.544449431748
qLogEI,2,2,1,3,8,-1923.544449431748
qLogEI,2,2,1,3,9,-1962.287971232127
qLogEI,2,2,1,3,10,-1991.3322789950914
qLogEI,2,2,1,3,11,-1991.3322789950914
qLogEI,2,2,1,3,12,-1991.3322789950914
qLogEI,2,2,1,3,13,-1991.3322789950914
qLogEI,2,2,1,3,14,-1991.3322789950914
qLogEI,2,2,1,3,15,-2003.8531606780452
qLogEI,2,2,1,3,16,-2003.8531606780452
qLogEI,2,2,1,3,17,-2007.9811763063403
qLogEI,2,2,1,3,18,-2013.3717501128897
qLogEI,2,2,1,3,19,-2017.1775007510969
qLogEI,2,2,1,3,20,-2017.1775007510969
RL,2,2,1,3,1,inf
RL,2,2,1,3,2,-1304.8001685975307
RL,2,2,1,3,3,-1304.8001685975307
RL,2,2,1,3,4,-1304.8001685975307
RL,2,2,1,3,5,-1409.7657852647785
RL,2,2,1,3,6,-1409.7657852647785
RL,2,2,1,3,7,-1409.7657852647785
RL,2,2,1,3,8,-1409.7657852647785
RL,2,2,1,3,9,-1409.7657852647785
RL,2,2,1,3,10,-1409.7657852647785
RL,2,2,1,3,11,-1409.7657852647785
RL,2,2,1,3,12,-1409.7657852647785
RL,2,2,1,3,13,-1409.7657852647785
RL,2,2,1,3,14,-1409.7657852647785
RL,2,2,1,3,15,-1409.7657852647785
RL,2,2,1,3,16,-1409.7657852647785
RL,2,2,1,3,17,-1409.7657852647785
RL,2,2,1,3,18,-1409.7657852647785
RL,2,2,1,3,19,-1409.7657852647785
RL,2,2,1,3,20,-1409.7657852647785
Random,2,2,1,4,1,-1424.8122622011065
Random,2,2,1,4,2,-1424.8122622011065
Random,2,2,1,4,3,-1424.8122622011065
Random,2,2,1,4,4,-1424.8122622011065
Random,2,2,1,4,5,-1424.8122622011065
Random,2,2,1,4,6,-1582.7335723488275
Random,2,2,1,4,7,-1801.4902191691679
Random,2,2,1,4,8,-1929.9078613679603
Random,2,2,1,4,9,-1929.9078613679603
Random,2,2,1,4,10,-1929.9078613679603
Random,2,2,1,4,11,-1929.9078613679603
Random,2,2,1,4,12,-1929.9078613679603
Random,2,2,1,4,13,-1929.9078613679603
Random,2,2,1,4,14,-1979.2281983453768
Random,2,2,1,4,15,-1979.2281983453768
Random,2,2,1,4,16,-1979.2281983453768
Random,2,2,1,4,17,-1979.2281983453768
Random,2,2,1,4,18,-1979.2281983453768
Random,2,2,1,4,19,-1979.2281983453768
Random,2,2,1,4,20,-1979.2281983453768
qLogEI,2,2,1,4,1,-1424.8122622011065
qLogEI,2,2,1,4,2,-1424.8122622011065
qLogEI,2,2,1,4,3,-1424.8122622011065
qLogEI,2,2,1,4,4,-1424.8122622011065
qLogEI,2,2,1,4,5,-1424.8122622011065
qLogEI,2,2,1,4,6,-1424.8122622011065
qLogEI,2,2,1,4,7,-1424.8122622011065
qLogEI,2,2,1,4,8,-1424.8122622011065
qLogEI,2,2,1,4,9,-1853.7772418995505
qLogEI,2,2,1,4,10,-1853.7772418995505
qLogEI,2,2,1,4,11,-1917.6898711017789
qLogEI,2,2,1,4,12,-1917.6898711017789
qLogEI,2,2,1,4,13,-1951.1662387609535
qLogEI,2,2,1,4,14,-1984.1989534780396
qLogEI,2,2,1,4,15,-1984.1989534780396
qLogEI,2,2,1,4,16,-1984.1989534780396
qLogEI,2,2,1,4,17,-1999.357956534468
qLogEI,2,2,1,4,18,-1999.357956534468
qLogEI,2,2,1,4,19,-1999.357956534468
qLogEI,2,2,1,4,20,-1999.357956534468
RL,2,2,1,4,1,-1424.8122622011065
RL,2,2,1,4,2,-1424.8122622011065
RL,2,2,1,4,3,-1424.8122622011065
RL,2,2,1,4,4,-1424.8122622011065
RL,2,2,1,4,5,-1424.8122622011065
RL,2,2,1,4,6,-1424.8122622011065
RL,2,2,1,4,7,-1424.8122622011065
RL,2,2,1,4,8,-1424.8122622011065
RL,2,2,1,4,9,-1424.8122622011065
RL,2,2,1,4,10,-1424.8122622011065
RL,2,2,1,4,11,-1424.8122622011065
RL,2,2,1,4,12,-1424.8122622011065
RL,2,2,1,4,13,-1424.8122622011065
RL,2,2,1,4,14,-1424.8122622011065
RL,2,2,1,4,15,-1424.8122622011065
RL,2,2,1,4,16,-1424.8122622011065
RL,2,2,1,4,17,-1424.8122622011065
RL,2,2,1,4,18,-1424.8122622011065
RL,2,2,1,4,19,-1424.8122622011065
RL,2,2,1,4,20,-1424.8122622011065
Random,2,2,2,0,1,inf
Random,2,2,2,0,2,inf
Random,2,2,2,0,3,inf
Random,2,2,2,0,4,inf
Random,2,2,2,0,5,inf
Random,2,2,2,0,6,inf
Random,2,2,2,0,7,inf
Random,2,2,2,0,8,inf
Random,2,2,2,0,9,inf
Random,2,2,2,0,10,inf
Random,2,2,2,0,11,inf
Random,2,2,2,0,12,inf
Random,2,2,2,0,13,inf
Random,2,2,2,0,14,inf
Random,2,2,2,0,15,inf
Random,2,2,2,0,16,inf
Random,2,2,2,0,17,inf
Random,2,2,2,0,18,inf
Random,2,2,2,0,19,inf
Random,2,2,2,0,20,inf
qLogEI,2,2,2,0,1,inf
qLogEI,2,2,2,0,2,inf
qLogEI,2,2,2,0,3,inf
qLogEI,2,2,2,0,4,inf
qLogEI,2,2,2,0,5,inf
qLogEI,2,2,2,0,6,inf
qLogEI,2,2,2,0,7,inf
qLogEI,2,2,2,0,8,inf
qLogEI,2,2,2,0,9,inf
qLogEI,2,2,2,0,10,inf
qLogEI,2,2,2,0,11,inf
qLogEI,2,2,2,0,12,inf
qLogEI,2,2,2,0,13,inf
qLogEI,2,2,2,0,14,inf
qLogEI,2,2,2,0,15,inf
qLogEI,2,2,2,0,16,inf
qLogEI,2,2,2,0,17,inf
qLogEI,2,2,2,0,18,inf
qLogEI,2,2,2,0,19,inf
qLogEI,2,2,2,0,20,inf
RL,2,2,2,0,1,inf
RL,2,2,2,0,2,inf
RL,2,2,2,0,3,inf
RL,2,2,2,0,4,inf
RL,2,2,2,0,5,inf
RL,2,2,2,0,6,inf
RL,2,2,2,0,7,inf
RL,2,2,2,0,8,inf
RL,2,2,2,0,9,inf
RL,2,2,2,0,10,inf
RL,2,2,2,0,11,inf
RL,2,2,2,0,12,inf
RL,2,2,2,0,13,inf
RL,2,2,2,0,14,inf
RL,2,2,2,0,15,inf
RL,2,2,2,0,16,inf
RL,2,2,2,0,17,inf
RL,2,2,2,0,18,inf
RL,2,2,2,0,19,inf
RL,2,2,2,0,20,inf
Random,2,2,2,1,1,inf
Random,2,2,2,1,2,inf
Random,2,2,2,1,3,inf
Random,2,2,2,1,4,inf
Random,2,2,2,1,5,inf
Random,2,2,2,1,6,inf
Random,2,2,2,1,7,inf
Random,2,2,2,1,8,inf
Random,2,2,2,1,9,inf
Random,2,2,2,1,10,inf
Random,2,2,2,1,11,inf
Random,2,2,2,1,12,inf
Random,2,2,2,1,13,inf
Random,2,2,2,1,14,inf
Random,2,2,2,1,15,inf
Random,2,2,2,1,16,inf
Random,2,2,2,1,17,inf
Random,2,2,2,1,18,inf
Random,2,2,2,1,19,inf
Random,2,2,2,1,20,inf
qLogEI,2,2,2,1,1,inf
qLogEI,2,2,2,1,2,inf
qLogEI,2,2,2,1,3,inf
qLogEI,2,2,2,1,4,inf
qLogEI,2,2,2,1,5,inf
qLogEI,2,2,2,1,6,inf
qLogEI,2,2,2,1,7,inf
qLogEI,2,2,2,1,8,inf
qLogEI,2,2,2,1,9,inf
qLogEI,2,2,2,1,10,inf
qLogEI,2,2,2,1,11,inf
qLogEI,2,2,2,1,12,inf
qLogEI,2,2,2,1,13,inf
qLogEI,2,2,2,1,14,inf
qLogEI,2,2,2,1,15,inf
qLogEI,2,2,2,1,16,inf
qLogEI,2,2,2,1,17,inf
qLogEI,2,2,2,1,18,inf
qLogEI,2,2,2,1,19,inf
qLogEI,2,2,2,1,20,inf
RL,2,2,2,1,1,inf
RL,2,2,2,1,2,inf
RL,2,2,2,1,3,inf
RL,2,2,2,1,4,inf
RL,2,2,2,1,5,inf
RL,2,2,2,1,6,inf
RL,2,2,2,1,7,inf
RL,2,2,2,1,8,inf
RL,2,2,2,1,9,inf
RL,2,2,2,1,10,inf
RL,2,2,2,1,11,inf
RL,2,2,2,1,12,inf
RL,2,2,2,1,13,inf
RL,2,2,2,1,14,inf
RL,2,2,2,1,15,inf
RL,2,2,2,1,16,inf
RL,2,2,2,1,17,inf
RL,2,2,2,1,18,inf
RL,2,2,2,1,19,inf
RL,2,2,2,1,20,inf
Random,2,2,2,2,1,-714.3323717964231
Random,2,2,2,2,2,-714.3323717964231
Random,2,2,2,2,3,-714.3323717964231
Random,2,2,2,2,4,-714.3323717964231
Random,2,2,2,2,5,-714.3323717964231
Random,2,2,2,2,6,-714.3323717964231
Random,2,2,2,2,7,-714.3323717964231
Random,2,2,2,2,8,-714.3323717964231
Random,2,2,2,2,9,-714.3323717964231
Random,2,2,2,2,10,-714.3323717964231
Random,2,2,2,2,11,-714.3323717964231
Random,2,2,2,2,12,-714.3323717964231
Random,2,2,2,2,13,-714.3323717964231
Random,2,2,2,2,14,-714.3323717964231
Random,2,2,2,2,15,-714.3323717964231
Random,2,2,2,2,16,-714.3323717964231
Random,2,2,2,2,17,-714.3323717964231
Random,2,2,2,2,18,-714.3323717964231
Random,2,2,2,2,19,-714.3323717964231
Random,2,2,2,2,20,-714.3323717964231
qLogEI,2,2,2,2,1,-714.3323717964231
qLogEI,2,2,2,2,2,-714.3323717964231
qLogEI,2,2,2,2,3,-714.3323717964231
qLogEI,2,2,2,2,4,-714.3323717964231
qLogEI,2,2,2,2,5,-714.3323717964231
qLogEI,2,2,2,2,6,-714.3323717964231
qLogEI,2,2,2,2,7,-714.3323717964231
qLogEI,2,2,2,2,8,-714.3323717964231
qLogEI,2,2,2,2,9,-714.3323717964231
qLogEI,2,2,2,2,10,-714.3323717964231
qLogEI,2,2,2,2,11,-714.3323717964231
qLogEI,2,2,2,2,12,-835.5423708720144
qLogEI,2,2,2,2,13,-835.5423708720144
qLogEI,2,2,2,2,14,-835.5423708720144
qLogEI,2,2,2,2,15,-835.5423708720144
qLogEI,2,2,2,2,16,-837.9089715034917
qLogEI,2,2,2,2,17,-837.9089715034917
qLogEI,2,2,2,2,18,-837.9089715034917
qLogEI,2,2,2,2,19,-837.9089715034917
qLogEI,2,2,2,2,20,-837.9089715034917
RL,2,2,2,2,1,-714.3323717964231
RL,2,2,2,2,2,-714.3323717964231
RL,2,2,2,2,3,-714.3323717964231
RL,2,2,2,2,4,-714.3323717964231
RL,2,2,2,2,5,-714.3323717964231
RL,2,2,2,2,6,-714.3323717964231
RL,2,2,2,2,7,-714.3323717964231
RL,2,2,2,2,8,-714.3323717964231
RL,2,2,2,2,9,-714.3323717964231
RL,2,2,2,2,10,-714.3323717964231
RL,2,2,2,2,11,-714.3323717964231
RL,2,2,2,2,12,-714.3323717964231
RL,2,2,2,2,13,-714.3323717964231
RL,2,2,2,2,14,-714.3323717964231
RL,2,2,2,2,15,-714.3323717964231
RL,2,2,2,2,16,-714.3323717964231
RL,2,2,2,2,17,-714.3323717964231
RL,2,2,2,2,18,-714.3323717964231
RL,2,2,2,2,19,-714.3323717964231
RL,2,2,2,2,20,-714.3323717964231
Random,2,2,2,3,1,inf
Random,2,2,2,3,2,inf
Random,2,2,2,3,3,inf
Random,2,2,2,3,4,inf
Random,2,2,2,3,5,inf
Random,2,2,2,3,6,inf
Random,2,2,2,3,7,inf
Random,2,2,2,3,8,inf
Random,2,2,2,3,9,inf
Random,2,2,2,3,10,inf
Random,2,2,2,3,11,inf
Random,2,2,2,3,12,inf
Random,2,2,2,3,13,inf
Random,2,2,2,3,14,inf
Random,2,2,2,3,15,inf
Random,2,2,2,3,16,inf
Random,2,2,2,3,17,inf
Random,2,2,2,3,18,inf
Random,2,2,2,3,19,inf
Random,2,2,2,3,20,inf
qLogEI,2,2,2,3,1,inf
qLogEI,2,2,2,3,2,inf
qLogEI,2,2,2,3,3,inf
qLogEI,2,2,2,3,4,inf
qLogEI,2,2,2,3,5,inf
qLogEI,2,2,2,3,6,inf
qLogEI,2,2,2,3,7,inf
qLogEI,2,2,2,3,8,inf
qLogEI,2,2,2,3,9,inf
qLogEI,2,2,2,3,10,inf
qLogEI,2,2,2,3,11,inf
qLogEI,2,2,2,3,12,inf
qLogEI,2,2,2,3,13,inf
qLogEI,2,2,2,3,14,inf
qLogEI,2,2,2,3,15,inf
qLogEI,2,2,2,3,16,inf
qLogEI,2,2,2,3,17,inf
qLogEI,2,2,2,3,18,inf
qLogEI,2,2,2,3,19,inf
qLogEI,2,2,2,3,20,inf
RL,2,2,2,3,1,inf
RL,2,2,2,3,2,inf
RL,2,2,2,3,3,inf
RL,2,2,2,3,4,inf
RL,2,2,2,3,5,inf
RL,2,2,2,3,6,inf
RL,2,2,2,3,7,inf
RL,2,2,2,3,8,inf
RL,2,2,2,3,9,inf
RL,2,2,2,3,10,inf
RL,2,2,2,3,11,inf
RL,2,2,2,3,12,inf
RL,2,2,2,3,13,inf
RL,2,2,2,3,14,inf
RL,2,2,2,3,15,inf
RL,2,2,2,3,16,inf
RL,2,2,2,3,17,inf
RL,2,2,2,3,18,inf
RL,2,2,2,3,19,inf
RL,2,2,2,3,20,inf
Random,2,2,2,4,1,inf
Random,2,2,2,4,2,inf
Random,2,2,2,4,3,inf
Random,2,2,2,4,4,inf
Random,2,2,2,4,5,inf
Random,2,2,2,4,6,inf
Random,2,2,2,4,7,inf
Random,2,2,2,4,8,inf
Random,2,2,2,4,9,inf
Random,2,2,2,4,10,inf
Random,2,2,2,4,11,inf
Random,2,2,2,4,12,inf
Random,2,2,2,4,13,inf
Random,2,2,2,4,14,inf
Random,2,2,2,4,15,inf
Random,2,2,2,4,16,inf
Random,2,2,2,4,17,inf
Random,2,2,2,4,18,inf
Random,2,2,2,4,19,inf
Random,2,2,2,4,20,inf
qLogEI,2,2,2,4,1,inf
qLogEI,2,2,2,4,2,inf
qLogEI,2,2,2,4,3,inf
qLogEI,2,2,2,4,4,inf
qLogEI,2,2,2,4,5,inf
qLogEI,2,2,2,4,6,inf
qLogEI,2,2,2,4,7,inf
qLogEI,2,2,2,4,8,inf
qLogEI,2,2,2,4,9,inf
qLogEI,2,2,2,4,10,inf
qLogEI,2,2,2,4,11,inf
qLogEI,2,2,2,4,12,inf
qLogEI,2,2,2,4,13,inf
qLogEI,2,2,2,4,14,inf
qLogEI,2,2,2,4,15,inf
qLogEI,2,2,2,4,16,inf
qLogEI,2,2,2,4,17,inf
qLogEI,2,2,2,4,18,inf
qLogEI,2,2,2,4,19,inf
qLogEI,2,2,2,4,20,inf
RL,2,2,2,4,1,inf
RL,2,2,2,4,2,inf
RL,2,2,2,4,3,inf
RL,2,2,2,4,4,inf
RL,2,2,2,4,5,inf
RL,2,2,2,4,6,inf
RL,2,2,2,4,7,inf
RL,2,2,2,4,8,inf
RL,2,2,2,4,9,inf
RL,2,2,2,4,10,inf
RL,2,2,2,4,11,inf
RL,2,2,2,4,12,inf
RL,2,2,2,4,13,inf
RL,2,2,2,4,14,inf
RL,2,2,2,4,15,inf
RL,2,2,2,4,16,inf
RL,2,2,2,4,17,inf
RL,2,2,2,4,18,inf
RL,2,2,2,4,19,inf
RL,2,2,2,4,20,inf
Random,2,2,3,0,1,-6.624960755369926
Random,2,2,3,0,2,-6.624960755369926
Random,2,2,3,0,3,-6.624960755369926
Random,2,2,3,0,4,-6.624960755369926
Random,2,2,3,0,5,-6.624960755369926
Random,2,2,3,0,6,-6.624960755369926
Random,2,2,3,0,7,-538.7854115780654
Random,2,2,3,0,8,-538.7854115780654
Random,2,2,3,0,9,-538.7854115780654
Random,2,2,3,0,10,-538.7854115780654
Random,2,2,3,0,11,-538.7854115780654
Random,2,2,3,0,12,-538.7854115780654
Random,2,2,3,0,13,-538.7854115780654
Random,2,2,3,0,14,-538.7854115780654
Random,2,2,3,0,15,-538.7854115780654
Random,2,2,3,0,16,-538.7854115780654
Random,2,2,3,0,17,-681.2406693510877
Random,2,2,3,0,18,-681.2406693510877
Random,2,2,3,0,19,-681.2406693510877
Random,2,2,3,0,20,-681.2406693510877
qLogEI,2,2,3,0,1,-6.624960755369926
qLogEI,2,2,3,0,2,-6.624960755369926
qLogEI,2,2,3,0,3,-6.624960755369926
qLogEI,2,2,3,0,4,-6.624960755369926
qLogEI,2,2,3,0,5,-254.00529900855645
qLogEI,2,2,3,0,6,-427.3191312757387
qLogEI,2,2,3,0,7,-518.8420661031099
qLogEI,2,2,3,0,8,-518.8420661031099
qLogEI,2,2,3,0,9,-612.0121890568817
qLogEI,2,2,3,0,10,-612.0121890568817
qLogEI,2,2,3,0,11,-739.7681651060549
qLogEI,2,2,3,0,12,-763.6043771209124
qLogEI,2,2,3,0,13,-763.6043771209124
qLogEI,2,2,3,0,14,-784.1209728348142
qLogEI,2,2,3,0,15,-784.1209728348142
qLogEI,2,2,3,0,16,-792.3637504710678
qLogEI,2,2,3,0,17,-792.3637504710678
qLogEI,2,2,3,0,18,-792.3637504710678
qLogEI,2,2,3,0,19,-792.3637504710678
qLogEI,2,2,3,0,20,-792.3637504710678
RL,2,2,3,0,1,-6.624960755369926
RL,2,2,3,0,2,-6.624960755369926
RL,2,2,3,0,3,-6.624960755369926
RL,2,2,3,0,4,-6.624960755369926
RL,2,2,3,0,5,-6.624960755369926
RL,2,2,3,0,6,-393.80189460173193
RL,2,2,3,0,7,-393.80189460173193
RL,2,2,3,0,8,-393.80189460173193
RL,2,2,3,0,9,-393.80189460173193
RL,2,2,3,0,10,-393.80189460173193
RL,2,2,3,0,11,-393.80189460173193
RL,2,2,3,0,12,-393.80189460173193
RL,2,2,3,0,13,-393.80189460173193
RL,2,2,3,0,14,-393.80189460173193
RL,2,2,3,0,15,-393.80189460173193
RL,2,2,3,0,16,-393.80189460173193
RL,2,2,3,0,17,-393.80189460173193
RL,2,2,3,0,18,-393.80189460173193
RL,2,2,3,0,19,-393.80189460173193
RL,2,2,3,0,20,-393.80189460173193
Random,2,2,3,1,1,inf
Random,2,2,3,1,2,inf
Random,2,2,3,1,3,inf
Random,2,2,3,1,4,inf
Random,2,2,3,1,5,inf
Random,2,2,3,1,6,inf
Random,2,2,3,1,7,inf
Random,2,2,3,1,8,inf
Random,2,2,3,1,9,inf
Random,2,2,3,1,10,inf
Random,2,2,3,1,11,-602.2970733350624
Random,2,2,3,1,12,-602.2970733350624
Random,2,2,3,1,13,-695.9339682374944
Random,2,2,3,1,14,-695.9339682374944
Random,2,2,3,1,15,-695.9339682374944
Random,2,2,3,1,16,-695.9339682374944
Random,2,2,3,1,17,-695.9339682374944
Random,2,2,3,1,18,-695.9339682374944
Random,2,2,3,1,19,-695.9339682374944
Random,2,2,3,1,20,-695.9339682374944
qLogEI,2,2,3,1,1,inf
qLogEI,2,2,3,1,2,inf
qLogEI,2,2,3,1,3,inf
qLogEI,2,2,3,1,4,inf
qLogEI,2,2,3,1,5,-431.3203309786808
qLogEI,2,2,3,1,6,-431.3203309786808
qLogEI,2,2,3,1,7,-431.3203309786808
qLogEI,2,2,3,1,8,-683.9136423867735
qLogEI,2,2,3,1,9,-683.9136423867735
qLogEI,2,2,3,1,10,-716.7218176088146
qLogEI,2,2,3,1,11,-716.7218176088146
qLogEI,2,2,3,1,12,-742.8155175078759
qLogEI,2,2,3,1,13,-766.7153760850055
qLogEI,2,2,3,1,14,-783.6991184643034
qLogEI,2,2,3,1,15,-783.6991184643034
qLogEI,2,2,3,1,16,-783.6991184643034
qLogEI,2,2,3,1,17,-791.8533719937568
qLogEI,2,2,3,1,18,-791.8533719937568
qLogEI,2,2,3,1,19,-798.4004488235084
qLogEI,2,2,3,1,20,-798.4004488235084
RL,2,2,3,1,1,inf
RL,2,2,3,1,2,inf
RL,2,2,3,1,3,inf
RL,2,2,3,1,4,inf
RL,2,2,3,1,5,inf
RL,2,2,3,1,6,inf
RL,2,2,3,1,7,inf
RL,2,2,3,1,8,inf
RL,2,2,3,1,9,inf
RL,2,2,3,1,10,inf
RL,2,2,3,1,11,inf
RL,2,2,3,1,12,inf
RL,2,2,3,1,13,inf
RL,2,2,3,1,14,inf
RL,2,2,3,1,15,inf
RL,2,2,3,1,16,inf
RL,2,2,3,1,17,inf
RL,2,2,3,1,18,inf
RL,2,2,3,1,19,inf
RL,2,2,3,1,20,inf
Random,2,2,3,2,1,inf
Random,2,2,3,2,2,inf
Random,2,2,3,2,3,inf
Random,2,2,3,2,4,inf
Random,2,2,3,2,5,inf
Random,2,2,3,2,6,inf
Random,2,2,3,2,7,inf
Random,2,2,3,2,8,inf
Random,2,2,3,2,9,inf
Random,2,2,3,2,10,-378.8807032376685
Random,2,2,3,2,11,-500.39159316956363
Random,2,2,3,2,12,-500.39159316956363
Random,2,2,3,2,13,-500.39159316956363
Random,2,2,3,2,14,-500.39159316956363
Random,2,2,3,2,15,-500.39159316956363
Random,2,2,3,2,16,-500.39159316956363
Random,2,2,3,2,17,-500.39159316956363
Random,2,2,3,2,18,-530.5898771541022
Random,2,2,3,2,19,-530.5898771541022
Random,2,2,3,2,20,-530.5898771541022
qLogEI,2,2,3,2,1,inf
qLogEI,2,2,3,2,2,inf
qLogEI,2,2,3,2,3,inf
qLogEI,2,2,3,2,4,inf
qLogEI,2,2,3,2,5,inf
qLogEI,2,2,3,2,6,inf
qLogEI,2,2,3,2,7,inf
qLogEI,2,2,3,2,8,inf
qLogEI,2,2,3,2,9,inf
qLogEI,2,2,3,2,10,inf
qLogEI,2,2,3,2,11,inf
qLogEI,2,2,3,2,12,inf
qLogEI,2,2,3,2,13,inf
qLogEI,2,2,3,2,14,inf
qLogEI,2,2,3,2,15,inf
qLogEI,2,2,3,2,16,inf
qLogEI,2,2,3,2,17,inf
qLogEI,2,2,3,2,18,-791.7629429456897
qLogEI,2,2,3,2,19,-791.7629429456897
qLogEI,2,2,3,2,20,-798.7088928983635
RL,2,2,3,2,1,inf
RL,2,2,3,2,2,inf
RL,2,2,3,2,3,inf
RL,2,2,3,2,4,inf
RL,2,2,3,2,5,inf
RL,2,2,3,2,6,inf
RL,2,2,3,2,7,inf
RL,2,2,3,2,8,inf
RL,2,2,3,2,9,inf
RL,2,2,3,2,10,inf
RL,2,2,3,2,11,inf
RL,2,2,3,2,12,inf
RL,2,2,3,2,13,inf
RL,2,2,3,2,14,inf
RL,2,2,3,2,15,inf
RL,2,2,3,2,16,inf
RL,2,2,3,2,17,inf
RL,2,2,3,2,18,inf
RL,2,2,3,2,19,inf
RL,2,2,3,2,20,inf
Random,2,2,3,3,1,inf
Random,2,2,3,3,2,inf
Random,2,2,3,3,3,inf
Random,2,2,3,3,4,inf
Random,2,2,3,3,5,inf
Random,2,2,3,3,6,inf
Random,2,2,3,3,7,inf
Random,2,2,3,3,8,inf
Random,2,2,3,3,9,inf
Random,2,2,3,3,10,inf
Random,2,2,3,3,11,inf
Random,2,2,3,3,12,-209.08875890742266
Random,2,2,3,3,13,-209.08875890742266
Random,2,2,3,3,14,-209.08875890742266
Random,2,2,3,3,15,-209.08875890742266
Random,2,2,3,3,16,-431.28771494135697
Random,2,2,3,3,17,-431.28771494135697
Random,2,2,3,3,18,-431.28771494135697
Random,2,2,3,3,19,-431.28771494135697
Random,2,2,3,3,20,-431.28771494135697
qLogEI,2,2,3,3,1,inf
qLogEI,2,2,3,3,2,inf
qLogEI,2,2,3,3,3,inf
qLogEI,2,2,3,3,4,inf
qLogEI,2,2,3,3,5,inf
qLogEI,2,2,3,3,6,-390.9180329848069
qLogEI,2,2,3,3,7,-722.0732389539567
qLogEI,2,2,3,3,8,-741.5117288609655
qLogEI,2,2,3,3,9,-752.1249578838502
qLogEI,2,2,3,3,10,-752.1249578838502
qLogEI,2,2,3,3,11,-759.5598910599365
qLogEI,2,2,3,3,12,-759.5598910599365
qLogEI,2,2,3,3,13,-774.9693141883015
qLogEI,2,2,3,3,14,-774.9693141883015
qLogEI,2,2,3,3,15,-795.1164320691981
qLogEI,2,2,3,3,16,-795.1164320691981
qLogEI,2,2,3,3,17,-801.3900465978817
qLogEI,2,2,3,3,18,-801.3900465978817
qLogEI,2,2,3,3,19,-801.3900465978817
qLogEI,2,2,3,3,20,-801.3900465978817
RL,2,2,3,3,1,inf
RL,2,2,3,3,2,inf
RL,2,2,3,3,3,inf
RL,2,2,3,3,4,inf
RL,2,2,3,3,5,inf
RL,2,2,3,3,6,inf
RL,2,2,3,3,7,inf
RL,2,2,3,3,8,inf
RL,2,2,3,3,9,inf
RL,2,2,3,3,10,inf
RL,2,2,3,3,11,inf
RL,2,2,3,3,12,inf
RL,2,2,3,3,13,inf
RL,2,2,3,3,14,inf
RL,2,2,3,3,15,inf
RL,2,2,3,3,16,inf
RL,2,2,3,3,17,inf
RL,2,2,3,3,18,inf
RL,2,2,3,3,19,inf
RL,2,2,3,3,20,inf
Random,2,2,3,4,1,inf
Random,2,2,3,4,2,-445.39911824747406
Random,2,2,3,4,3,-445.39911824747406
Random,2,2,3,4,4,-445.39911824747406
Random,2,2,3,4,5,-445.39911824747406
Random,2,2,3,4,6,-445.39911824747406
Random,2,2,3,4,7,-445.39911824747406
Random,2,2,3,4,8,-445.39911824747406
Random,2,2,3,4,9,-445.39911824747406
Random,2,2,3,4,10,-445.39911824747406
Random,2,2,3,4,11,-445.39911824747406
Random,2,2,3,4,12,-445.39911824747406
Random,2,2,3,4,13,-445.39911824747406
Random,2,2,3,4,14,-445.39911824747406
Random,2,2,3,4,15,-445.39911824747406
Random,2,2,3,4,16,-445.39911824747406
Random,2,2,3,4,17,-445.39911824747406
Random,2,2,3,4,18,-445.39911824747406
Random,2,2,3,4,19,-484.6794839132139
Random,2,2,3,4,20,-484.6794839132139
qLogEI,2,2,3,4,1,inf
qLogEI,2,2,3,4,2,-445.39911824747406
qLogEI,2,2,3,4,3,-445.39911824747406
qLogEI,2,2,3,4,4,-445.39911824747406
qLogEI,2,2,3,4,5,-681.2217226335295
qLogEI,2,2,3,4,6,-752.6147597866923
qLogEI,2,2,3,4,7,-752.6147597866923
qLogEI,2,2,3,4,8,-752.6147597866923
qLogEI,2,2,3,4,9,-752.6147597866923
qLogEI,2,2,3,4,10,-775.4012997220339
qLogEI,2,2,3,4,11,-780.0441148130838
qLogEI,2,2,3,4,12,-787.6129996038017
qLogEI,2,2,3,4,13,-787.6129996038017
qLogEI,2,2,3,4,14,-796.0841848589873
qLogEI,2,2,3,4,15,-799.3773086331906
qLogEI,2,2,3,4,16,-799.3773086331906
qLogEI,2,2,3,4,17,-799.6479292427169
qLogEI,2,2,3,4,18,-799.6479292427169
qLogEI,2,2,3,4,19,-799.6479292427169
qLogEI,2,2,3,4,20,-799.6479292427169
RL,2,2,3,4,1,inf
RL,2,2,3,4,2,-445.39911824747406
RL,2,2,3,4,3,-445.39911824747406
RL,2,2,3,4,4,-445.39911824747406
RL,2,2,3,4,5,-445.39911824747406
RL,2,2,3,4,6,-445.39911824747406
RL,2,2,3,4,7,-445.39911824747406
RL,2,2,3,4,8,-445.39911824747406
RL,2,2,3,4,9,-445.39911824747406
RL,2,2,3,4,10,-445.39911824747406
RL,2,2,3,4,11,-445.39911824747406
RL,2,2,3,4,12,-445.39911824747406
RL,2,2,3,4,13,-445.39911824747406
RL,2,2,3,4,14,-445.39911824747406
RL,2,2,3,4,15,-445.39911824747406
RL,2,2,3,4,16,-445.39911824747406
RL,2,2,3,4,17,-445.39911824747406
RL,2,2,3,4,18,-445.39911824747406
RL,2,2,3,4,19,-445.39911824747406
RL,2,2,3,4,20,-445.39911824747406
Random,2,4,1,0,1,inf
Random,2,4,1,0,2,inf
Random,2,4,1,0,3,inf
Random,2,4,1,0,4,inf
Random,2,4,1,0,5,inf
Random,2,4,1,0,6,inf
Random,2,4,1,0,7,inf
Random,2,4,1,0,8,inf
Random,2,4,1,0,9,inf
Random,2,4,1,0,10,inf
Random,2,4,1,0,11,inf
Random,2,4,1,0,12,inf
Random,2,4,1,0,13,inf
Random,2,4,1,0,14,inf
Random,2,4,1,0,15,inf
Random,2,4,1,0,16,inf
Random,2,4,1,0,17,inf
Random,2,4,1,0,18,inf
Random,2,4,1,0,19,inf
Random,2,4,1,0,20,inf
qLogEI,2,4,1,0,1,inf
qLogEI,2,4,1,0,2,inf
qLogEI,2,4,1,0,3,inf
qLogEI,2,4,1,0,4,inf
qLogEI,2,4,1,0,5,inf
qLogEI,2,4,1,0,6,inf
qLogEI,2,4,1,0,7,inf
qLogEI,2,4,1,0,8,inf
qLogEI,2,4,1,0,9,inf
qLogEI,2,4,1,0,10,inf
qLogEI,2,4,1,0,11,inf
qLogEI,2,4,1,0,12,inf
qLogEI,2,4,1,0,13,inf
qLogEI,2,4,1,0,14,inf
qLogEI,2,4,1,0,15,inf
qLogEI,2,4,1,0,16,inf
qLogEI,2,4,1,0,17,inf
qLogEI,2,4,1,0,18,inf
qLogEI,2,4,1,0,19,inf
qLogEI,2,4,1,0,20,inf
RL,2,4,1,0,1,inf
RL,2,4,1,0,2,inf
RL,2,4,1,0,3,inf
RL,2,4,1,0,4,inf
RL,2,4,1,0,5,inf
RL,2,4,1,0,6,inf
RL,2,4,1,0,7,inf
RL,2,4,1,0,8,inf
RL,2,4,1,0,9,inf
RL,2,4,1,0,10,inf
RL,2,4,1,0,11,inf
RL,2,4,1,0,12,inf
RL,2,4,1,0,13,inf
RL,2,4,1,0,14,inf
RL,2,4,1,0,15,inf
RL,2,4,1,0,16,inf
RL,2,4,1,0,17,inf
RL,2,4,1,0,18,inf
RL,2,4,1,0,19,inf
RL,2,4,1,0,20,inf
Random,2,4,1,1,1,inf
Random,2,4,1,1,2,inf
Random,2,4,1,1,3,inf
Random,2,4,1,1,4,inf
Random,2,4,1,1,5,inf
Random,2,4,1,1,6,inf
Random,2,4,1,1,7,inf
Random,2,4,1,1,8,inf
Random,2,4,1,1,9,inf
Random,2,4,1,1,10,inf
Random,2,4,1,1,11,inf
Random,2,4,1,1,12,inf
Random,2,4,1,1,13,inf
Random,2,4,1,1,14,inf
Random,2,4,1,1,15,inf
Random,2,4,1,1,16,inf
Random,2,4,1,1,17,inf
Random,2,4,1,1,18,inf
Random,2,4,1,1,19,inf
Random,2,4,1,1,20,inf
qLogEI,2,4,1,1,1,inf
qLogEI,2,4,1,1,2,inf
qLogEI,2,4,1,1,3,inf
qLogEI,2,4,1,1,4,inf
qLogEI,2,4,1,1,5,inf
qLogEI,2,4,1,1,6,inf
qLogEI,2,4,1,1,7,inf
qLogEI,2,4,1,1,8,inf
qLogEI,2,4,1,1,9,inf
qLogEI,2,4,1,1,10,inf
qLogEI,2,4,1,1,11,inf
qLogEI,2,4,1,1,12,inf
qLogEI,2,4,1,1,13,inf
qLogEI,2,4,1,1,14,inf
qLogEI,2,4,1,1,15,inf
qLogEI,2,4,1,1,16,inf
qLogEI,2,4,1,1,17,inf
qLogEI,2,4,1,1,18,inf
qLogEI,2,4,1,1,19,inf
qLogEI,2,4,1,1,20,inf
RL,2,4,1,1,1,inf
RL,2,4,1,1,2,inf
RL,2,4,1,1,3,inf
RL,2,4,1,1,4,inf
RL,2,4,1,1,5,inf
RL,2,4,1,1,6,inf
RL,2,4,1,1,7,inf
RL,2,4,1,1,8,inf
RL,2,4,1,1,9,inf
RL,2,4,1,1,10,inf
RL,2,4,1,1,11,inf
RL,2,4,1,1,12,inf
RL,2,4,1,1,13,inf
RL,2,4,1,1,14,inf
RL,2,4,1,1,15,inf
RL,2,4,1,1,16,inf
RL,2,4,1,1,17,inf
RL,2,4,1,1,18,inf
RL,2,4,1,1,19,inf
RL,2,4,1,1,20,inf
Random,2,4,1,2,1,inf
Random,2,4,1,2,2,inf
Random,2,4,1,2,3,inf
Random,2,4,1,2,4,inf
Random,2,4,1,2,5,inf
Random,2,4,1,2,6,inf
Random,2,4,1,2,7,inf
Random,2,4,1,2,8,inf
Random,2,4,1,2,9,inf
Random,2,4,1,2,10,inf
Random,2,4,1,2,11,inf
Random,2,4,1,2,12,inf
Random,2,4,1,2,13,inf
Random,2,4,1,2,14,inf
Random,2,4,1,2,15,inf
Random,2,4,1,2,16,inf
Random,2,4,1,2,17,inf
Random,2,4,1,2,18,inf
Random,2,4,1,2,19,inf
Random,2,4,1,2,20,inf
qLogEI,2,4,1,2,1,inf
qLogEI,2,4,1,2,2,inf
qLogEI,2,4,1,2,3,inf
qLogEI,2,4,1,2,4,inf
qLogEI,2,4,1,2,5,inf
qLogEI,2,4,1,2,6,inf
qLogEI,2,4,1,2,7,inf
qLogEI,2,4,1,2,8,inf
qLogEI,2,4,1,2,9,inf
qLogEI,2,4,1,2,10,inf
qLogEI,2,4,1,2,11,inf
qLogEI,2,4,1,2,12,-4458.177964994785
qLogEI,2,4,1,2,13,-4458.177964994785
qLogEI,2,4,1,2,14,-4458.177964994785
qLogEI,2,4,1,2,15,-4458.177964994785
qLogEI,2,4,1,2,16,-4458.177964994785
qLogEI,2,4,1,2,17,-4458.177964994785
qLogEI,2,4,1,2,18,-4458.177964994785
qLogEI,2,4,1,2,19,-4458.177964994785
qLogEI,2,4,1,2,20,-4458.177964994785
RL,2,4,1,2,1,inf
RL,2,4,1,2,2,inf
RL,2,4,1,2,3,inf
RL,2,4,1,2,4,inf
RL,2,4,1,2,5,inf
RL,2,4,1,2,6,inf
RL,2,4,1,2,7,inf
RL,2,4,1,2,8,inf
RL,2,4,1,2,9,inf
RL,2,4,1,2,10,inf
RL,2,4,1,2,11,inf
RL,2,4,1,2,12,inf
RL,2,4,1,2,13,inf
RL,2,4,1,2,14,inf
RL,2,4,1,2,15,inf
RL,2,4,1,2,16,inf
RL,2,4,1,2,17,inf
RL,2,4,1,2,18,inf
RL,2,4,1,2,19,inf
RL,2,4,1,2,20,inf
Random,2,4,1,3,1,inf
Random,2,4,1,3,2,inf
Random,2,4,1,3,3,inf
Random,2,4,1,3,4,inf
Random,2,4,1,3,5,inf
Random,2,4,1,3,6,inf
Random,2,4,1,3,7,inf
Random,2,4,1,3,8,inf
Random,2,4,1,3,9,inf
Random,2,4,1,3,10,inf
Random,2,4,1,3,11,inf
Random,2,4,1,3,12,inf
Random,2,4,1,3,13,inf
Random,2,4,1,3,14,inf
Random,2,4,1,3,15,inf
Random,2,4,1,3,16,inf
Random,2,4,1,3,17,inf
Random,2,4,1,3,18,inf
Random,2,4,1,3,19,inf
Random,2,4,1,3,20,inf
qLogEI,2,4,1,3,1,inf
qLogEI,2,4,1,3,2,inf
qLogEI,2,4,1,3,3,inf
qLogEI,2,4,1,3,4,inf
qLogEI,2,4,1,3,5,inf
qLogEI,2,4,1,3,6,inf
qLogEI,2,4,1,3,7,inf
qLogEI,2,4,1,3,8,inf
qLogEI,2,4,1,3,9,inf
qLogEI,2,4,1,3,10,inf
qLogEI,2,4,1,3,11,inf
qLogEI,2,4,1,3,12,inf
qLogEI,2,4,1,3,13,inf
qLogEI,2,4,1,3,14,inf
qLogEI,2,4,1,3,15,inf
qLogEI,2,4,1,3,16,inf
qLogEI,2,4,1,3,17,inf
qLogEI,2,4,1,3,18,inf
qLogEI,2,4,1,3,19,inf
qLogEI,2,4,1,3,20,inf
RL,2,4,1,3,1,inf
RL,2,4,1,3,2,inf
RL,2,4,1,3,3,inf
RL,2,4,1,3,4,inf
RL,2,4,1,3,5,inf
RL,2,4,1,3,6,inf
RL,2,4,1,3,7,inf
RL,2,4,1,3,8,inf
RL,2,4,1,3,9,inf
RL,2,4,1,3,10,inf
RL,2,4,1,3,11,inf
RL,2,4,1,3,12,inf
RL,2,4,1,3,13,inf
RL,2,4,1,3,14,inf
RL,2,4,1,3,15,inf
RL,2,4,1,3,16,inf
RL,2,4,1,3,17,inf
RL,2,4,1,3,18,inf
RL,2,4,1,3,19,inf
RL,2,4,1,3,20,inf
Random,2,4,1,4,1,inf
Random,2,4,1,4,2,inf
Random,2,4,1,4,3,inf
Random,2,4,1,4,4,inf
Random,2,4,1,4,5,inf
Random,2,4,1,4,6,inf
Random,2,4,1,4,7,inf
Random,2,4,1,4,8,inf
Random,2,4,1,4,9,inf
Random,2,4,1,4,10,inf
Random,2,4,1,4,11,inf
Random,2,4,1,4,12,inf
Random,2,4,1,4,13,inf
Random,2,4,1,4,14,inf
Random,2,4,1,4,15,inf
Random,2,4,1,4,16,inf
Random,2,4,1,4,17,inf
Random,2,4,1,4,18,inf
Random,2,4,1,4,19,inf
Random,2,4,1,4,20,inf
qLogEI,2,4,1,4,1,inf
qLogEI,2,4,1,4,2,inf
qLogEI,2,4,1,4,3,inf
qLogEI,2,4,1,4,4,inf
qLogEI,2,4,1,4,5,inf
qLogEI,2,4,1,4,6,inf
qLogEI,2,4,1,4,7,inf
qLogEI,2,4,1,4,8,inf
qLogEI,2,4,1,4,9,inf
qLogEI,2,4,1,4,10,inf
qLogEI,2,4,1,4,11,inf
qLogEI,2,4,1,4,12,inf
qLogEI,2,4,1,4,13,inf
qLogEI,2,4,1,4,14,inf
qLogEI,2,4,1,4,15,inf
qLogEI,2,4,1,4,16,inf
qLogEI,2,4,1,4,17,inf
qLogEI,2,4,1,4,18,inf
qLogEI,2,4,1,4,19,inf
qLogEI,2,4,1,4,20,inf
RL,2,4,1,4,1,inf
RL,2,4,1,4,2,inf
RL,2,4,1,4,3,inf
RL,2,4,1,4,4,inf
RL,2,4,1,4,5,inf
RL,2,4,1,4,6,inf
RL,2,4,1,4,7,inf
RL,2,4,1,4,8,inf
RL,2,4,1,4,9,inf
RL,2,4,1,4,10,inf
RL,2,4,1,4,11,inf
RL,2,4,1,4,12,inf
RL,2,4,1,4,13,inf
RL,2,4,1,4,14,inf
RL,2,4,1,4,15,inf
RL,2,4,1,4,16,inf
RL,2,4,1,4,17,inf
RL,2,4,1,4,18,inf
RL,2,4,1,4,19,inf
RL,2,4,1,4,20,inf
Random,2,4,2,0,1,inf
Random,2,4,2,0,2,2064.575204486192
Random,2,4,2,0,3,2064.575204486192
Random,2,4,2,0,4,2064.575204486192
Random,2,4,2,0,5,2064.575204486192
Random,2,4,2,0,6,2064.575204486192
Random,2,4,2,0,7,2064.575204486192
Random,2,4,2,0,8,2064.575204486192
Random,2,4,2,0,9,1686.7888468288106
Random,2,4,2,0,10,1686.7888468288106
Random,2,4,2,0,11,1686.7888468288106
Random,2,4,2,0,12,1686.7888468288106
Random,2,4,2,0,13,1686.7888468288106
Random,2,4,2,0,14,1686.7888468288106
Random,2,4,2,0,15,1686.7888468288106
Random,2,4,2,0,16,1686.7888468288106
Random,2,4,2,0,17,1686.7888468288106
Random,2,4,2,0,18,1686.7888468288106
Random,2,4,2,0,19,1686.7888468288106
Random,2,4,2,0,20,1686.7888468288106
qLogEI,2,4,2,0,1,inf
qLogEI,2,4,2,0,2,2064.575204486192
qLogEI,2,4,2,0,3,2064.575204486192
qLogEI,2,4,2,0,4,2064.575204486192
qLogEI,2,4,2,0,5,2064.575204486192
qLogEI,2,4,2,0,6,2064.575204486192
qLogEI,2,4,2,0,7,2064.575204486192
qLogEI,2,4,2,0,8,2064.575204486192
qLogEI,2,4,2,0,9,2064.575204486192
qLogEI,2,4,2,0,10,2064.575204486192
qLogEI,2,4,2,0,11,966.5939103827935
qLogEI,2,4,2,0,12,966.5939103827935
qLogEI,2,4,2,0,13,966.5939103827935
qLogEI,2,4,2,0,14,963.5139900101439
qLogEI,2,4,2,0,15,963.5139900101439
qLogEI,2,4,2,0,16,963.5139900101439
qLogEI,2,4,2,0,17,962.5473810450967
qLogEI,2,4,2,0,18,962.5473810450967
qLogEI,2,4,2,0,19,962.5473810450967
qLogEI,2,4,2,0,20,962.5473810450967
RL,2,4,2,0,1,inf
RL,2,4,2,0,2,2064.575204486192
RL,2,4,2,0,3,2064.575204486192
RL,2,4,2,0,4,2064.575204486192
RL,2,4,2,0,5,2064.575204486192
RL,2,4,2,0,6,2064.575204486192
RL,2,4,2,0,7,2064.575204486192
RL,2,4,2,0,8,2064.575204486192
RL,2,4,2,0,9,2064.575204486192
RL,2,4,2,0,10,2064.575204486192
RL,2,4,2,0,11,2064.575204486192
RL,2,4,2,0,12,2064.575204486192
RL,2,4,2,0,13,2064.575204486192
RL,2,4,2,0,14,2064.575204486192
RL,2,4,2,0,15,2064.575204486192
RL,2,4,2,0,16,2064.575204486192
RL,2,4,2,0,17,2064.575204486192
RL,2,4,2,0,18,2064.575204486192
RL,2,4,2,0,19,2064.575204486192
RL,2,4,2,0,20,2064.575204486192
Random,2,4,2,1,1,inf
Random,2,4,2,1,2,inf
Random,2,4,2,1,3,1850.2852302735346
Random,2,4,2,1,4,1850.2852302735346
Random,2,4,2,1,5,1850.2852302735346
Random,2,4,2,1,6,1166.6715414658877
Random,2,4,2,1,7,1166.6715414658877
Random,2,4,2,1,8,1166.6715414658877
Random,2,4,2,1,9,1166.6715414658877
Random,2,4,2,1,10,1166.6715414658877
Random,2,4,2,1,11,1166.6715414658877
Random,2,4,2,1,12,1166.6715414658877
Random,2,4,2,1,13,1166.6715414658877
Random,2,4,2,1,14,1166.6715414658877
Random,2,4,2,1,15,1166.6715414658877
Random,2,4,2,1,16,1166.6715414658877
Random,2,4,2,1,17,1166.6715414658877
Random,2,4,2,1,18,1166.6715414658877
Random,2,4,2,1,19,1166.6715414658877
Random,2,4,2,1,20,1166.6715414658877
qLogEI,2,4,2,1,1,inf
qLogEI,2,4,2,1,2,inf
qLogEI,2,4,2,1,3,1850.2852302735346
qLogEI,2,4,2,1,4,1850.2852302735346
qLogEI,2,4,2,1,5,1850.2852302735346
qLogEI,2,4,2,1,6,1850.2852302735346
qLogEI,2,4,2,1,7,1668.2778264635112
qLogEI,2,4,2,1,8,1649.5142266932853
qLogEI,2,4,2,1,9,1585.6485229094378
qLogEI,2,4,2,1,10,1472.8512499507963
qLogEI,2,4,2,1,11,1439.2855920806585
qLogEI,2,4,2,1,12,1337.7855229948132
qLogEI,2,4,2,1,13,1299.4516919452572
qLogEI,2,4,2,1,14,1203.3461241554814
qLogEI,2,4,2,1,15,1203.3461241554814
qLogEI,2,4,2,1,16,1203.3461241554814
qLogEI,2,4,2,1,17,1203.3461241554814
qLogEI,2,4,2,1,18,1175.7909757758548
qLogEI,2,4,2,1,19,1175.7909757758548
qLogEI,2,4,2,1,20,1102.1363783755482
RL,2,4,2,1,1,inf
RL,2,4,2,1,2,inf
RL,2,4,2,1,3,1850.2852302735346
RL,2,4,2,1,4,1850.2852302735346
RL,2,4,2,1,5,1850.2852302735346
RL,2,4,2,1,6,1850.2852302735346
RL,2,4,2,1,7,1850.2852302735346
RL,2,4,2,1,8,1850.2852302735346
RL,2,4,2,1,9,1850.2852302735346
RL,2,4,2,1,10,1850.2852302735346
RL,2,4,2,1,11,1850.2852302735346
RL,2,4,2,1,12,1850.2852302735346
RL,2,4,2,1,13,1850.2852302735346
RL,2,4,2,1,14,1850.2852302735346
RL,2,4,2,1,15,1850.2852302735346
RL,2,4,2,1,16,1850.2852302735346
RL,2,4,2,1,17,1850.2852302735346
RL,2,4,2,1,18,1850.2852302735346
RL,2,4,2,1,19,1850.2852302735346
RL,2,4,2,1,20,1850.2852302735346
Random,2,4,2,2,1,inf
Random,2,4,2,2,2,inf
Random,2,4,2,2,3,inf
Random,2,4,2,2,4,inf
Random,2,4,2,2,5,inf
Random,2,4,2,2,6,2054.9336275721753
Random,2,4,2,2,7,2054.9336275721753
Random,2,4,2,2,8,2054.9336275721753
Random,2,4,2,2,9,2054.9336275721753
Random,2,4,2,2,10,2054.9336275721753
Random,2,4,2,2,11,2054.9336275721753
Random,2,4,2,2,12,1596.7726467943285
Random,2,4,2,2,13,1596.7726467943285
Random,2,4,2,2,14,1596.7726467943285
Random,2,4,2,2,15,1596.7726467943285
Random,2,4,2,2,16,1596.7726467943285
Random,2,4,2,2,17,1596.7726467943285
Random,2,4,2,2,18,1596.7726467943285
Random,2,4,2,2,19,1596.7726467943285
Random,2,4,2,2,20,1596.7726467943285
qLogEI,2,4,2,2,1,inf
qLogEI,2,4,2,2,2,inf
qLogEI,2,4,2,2,3,inf
qLogEI,2,4,2,2,4,inf
qLogEI,2,4,2,2,5,inf
qLogEI,2,4,2,2,6,inf
qLogEI,2,4,2,2,7,inf
qLogEI,2,4,2,2,8,inf
qLogEI,2,4,2,2,9,inf
qLogEI,2,4,2,2,10,inf
qLogEI,2,4,2,2,11,inf
qLogEI,2,4,2,2,12,inf
qLogEI,2,4,2,2,13,inf
qLogEI,2,4,2,2,14,inf
qLogEI,2,4,2,2,15,inf
qLogEI,2,4,2,2,16,inf
qLogEI,2,4,2,2,17,inf
qLogEI,2,4,2,2,18,1586.0550038039685
qLogEI,2,4,2,2,19,1516.4816689613258
qLogEI,2,4,2,2,20,1516.4816689613258
RL,2,4,2,2,1,inf
RL,2,4,2,2,2,inf
RL,2,4,2,2,3,inf
RL,2,4,2,2,4,inf
RL,2,4,2,2,5,inf
RL,2,4,2,2,6,inf
RL,2,4,2,2,7,inf
RL,2,4,2,2,8,inf
RL,2,4,2,2,9,inf
RL,2,4,2,2,10,inf
RL,2,4,2,2,11,inf
RL,2,4,2,2,12,inf
RL,2,4,2,2,13,inf
RL,2,4,2,2,14,inf
RL,2,4,2,2,15,inf
RL,2,4,2,2,16,inf
RL,2,4,2,2,17,inf
RL,2,4,2,2,18,inf
RL,2,4,2,2,19,inf
RL,2,4,2,2,20,inf
Random,2,4,2,3,1,inf
Random,2,4,2,3,2,inf
Random,2,4,2,3,3,inf
Random,2,4,2,3,4,inf
Random,2,4,2,3,5,inf
Random,2,4,2,3,6,inf
Random,2,4,2,3,7,inf
Random,2,4,2,3,8,inf
Random,2,4,2,3,9,inf
Random,2,4,2,3,10,inf
Random,2,4,2,3,11,inf
Random,2,4,2,3,12,inf
Random,2,4,2,3,13,1365.3482615607825
Random,2,4,2,3,14,1365.3482615607825
Random,2,4,2,3,15,1365.3482615607825
Random,2,4,2,3,16,1365.3482615607825
Random,2,4,2,3,17,1365.3482615607825
Random,2,4,2,3,18,1365.3482615607825
Random,2,4,2,3,19,1365.3482615607825
Random,2,4,2,3,20,1365.3482615607825
qLogEI,2,4,2,3,1,inf
qLogEI,2,4,2,3,2,inf
qLogEI,2,4,2,3,3,inf
qLogEI,2,4,2,3,4,inf
qLogEI,2,4,2,3,5,inf
qLogEI,2,4,2,3,6,inf
qLogEI,2,4,2,3,7,2248.462456196244
qLogEI,2,4,2,3,8,2248.462456196244
qLogEI,2,4,2,3,9,2248.462456196244
qLogEI,2,4,2,3,10,1411.506207810645
qLogEI,2,4,2,3,11,1402.2292788470545
qLogEI,2,4,2,3,12,1402.2292788470545
qLogEI,2,4,2,3,13,1402.2292788470545
qLogEI,2,4,2,3,14,1402.2292788470545
qLogEI,2,4,2,3,15,1402.2292788470545
qLogEI,2,4,2,3,16,1402.2292788470545
qLogEI,2,4,2,3,17,1402.2292788470545
qLogEI,2,4,2,3,18,1402.2292788470545
qLogEI,2,4,2,3,19,1402.2292788470545
qLogEI,2,4,2,3,20,1402.2292788470545
RL,2,4,2,3,1,inf
RL,2,4,2,3,2,inf
RL,2,4,2,3,3,inf
RL,2,4,2,3,4,inf
RL,2,4,2,3,5,inf
RL,2,4,2,3,6,inf
RL,2,4,2,3,7,inf
RL,2,4,2,3,8,inf
RL,2,4,2,3,9,inf
RL,2,4,2,3,10,inf
RL,2,4,2,3,11,inf
RL,2,4,2,3,12,inf
RL,2,4,2,3,13,inf
RL,2,4,2,3,14,inf
RL,2,4,2,3,15,inf
RL,2,4,2,3,16,inf
RL,2,4,2,3,17,inf
RL,2,4,2,3,18,inf
RL,2,4,2,3,19,inf
RL,2,4,2,3,20,inf
Random,2,4,2,4,1,inf
Random,2,4,2,4,2,inf
Random,2,4,2,4,3,inf
Random,2,4,2,4,4,inf
Random,2,4,2,4,5,inf
Random,2,4,2,4,6,inf
Random,2,4,2,4,7,1227.2796248219533
Random,2,4,2,4,8,1227.2796248219533
Random,2,4,2,4,9,1227.2796248219533
Random,2,4,2,4,10,1227.2796248219533
Random,2,4,2,4,11,1227.2796248219533
Random,2,4,2,4,12,1227.2796248219533
Random,2,4,2,4,13,1227.2796248219533
Random,2,4,2,4,14,1227.2796248219533
Random,2,4,2,4,15,1227.2796248219533
Random,2,4,2,4,16,1227.2796248219533
Random,2,4,2,4,17,1227.2796248219533
Random,2,4,2,4,18,1227.2796248219533
Random,2,4,2,4,19,1227.2796248219533
Random,2,4,2,4,20,1227.2796248219533
qLogEI,2,4,2,4,1,inf
qLogEI,2,4,2,4,2,inf
qLogEI,2,4,2,4,3,inf
qLogEI,2,4,2,4,4,inf
qLogEI,2,4,2,4,5,inf
qLogEI,2,4,2,4,6,inf
qLogEI,2,4,2,4,7,inf
qLogEI,2,4,2,4,8,inf
qLogEI,2,4,2,4,9,inf
qLogEI,2,4,2,4,10,inf
qLogEI,2,4,2,4,11,inf
qLogEI,2,4,2,4,12,inf
qLogEI,2,4,2,4,13,inf
qLogEI,2,4,2,4,14,inf
qLogEI,2,4,2,4,15,inf
qLogEI,2,4,2,4,16,inf
qLogEI,2,4,2,4,17,inf
qLogEI,2,4,2,4,18,inf
qLogEI,2,4,2,4,19,inf
qLogEI,2,4,2,4,20,inf
RL,2,4,2,4,1,inf
RL,2,4,2,4,2,inf
RL,2,4,2,4,3,inf
RL,2,4,2,4,4,inf
RL,2,4,2,4,5,inf
RL,2,4,2,4,6,inf
RL,2,4,2,4,7,inf
RL,2,4,2,4,8,inf
RL,2,4,2,4,9,inf
RL,2,4,2,4,10,inf
RL,2,4,2,4,11,inf
RL,2,4,2,4,12,inf
RL,2,4,2,4,13,inf
RL,2,4,2,4,14,inf
RL,2,4,2,4,15,inf
RL,2,4,2,4,16,inf
RL,2,4,2,4,17,inf
RL,2,4,2,4,18,inf
RL,2,4,2,4,19,inf
RL,2,4,2,4,20,inf
Random,2,4,3,0,1,inf
Random,2,4,3,0,2,inf
Random,2,4,3,0,3,inf
Random,2,4,3,0,4,inf
Random,2,4,3,0,5,inf
Random,2,4,3,0,6,inf
Random,2,4,3,0,7,inf
Random,2,4,3,0,8,inf
Random,2,4,3,0,9,inf
Random,2,4,3,0,10,inf
Random,2,4,3,0,11,1483.1865587290738
Random,2,4,3,0,12,1483.1865587290738
Random,2,4,3,0,13,1483.1865587290738
Random,2,4,3,0,14,1483.1865587290738
Random,2,4,3,0,15,1483.1865587290738
Random,2,4,3,0,16,1483.1865587290738
Random,2,4,3,0,17,1483.1865587290738
Random,2,4,3,0,18,1483.1865587290738
Random,2,4,3,0,19,1483.1865587290738
Random,2,4,3,0,20,1483.1865587290738
qLogEI,2,4,3,0,1,inf
qLogEI,2,4,3,0,2,inf
qLogEI,2,4,3,0,3,inf
qLogEI,2,4,3,0,4,inf
qLogEI,2,4,3,0,5,1427.7203978626064
qLogEI,2,4,3,0,6,1425.7897498541965
qLogEI,2,4,3,0,7,1422.8567967279519
qLogEI,2,4,3,0,8,1421.1594717473617
qLogEI,2,4,3,0,9,1419.0225252042505
qLogEI,2,4,3,0,10,1419.0225252042505
qLogEI,2,4,3,0,11,1415.3315187744493
qLogEI,2,4,3,0,12,1415.3315187744493
qLogEI,2,4,3,0,13,1415.3315187744493
qLogEI,2,4,3,0,14,1410.6536338127487
qLogEI,2,4,3,0,15,1400.5013726416657
qLogEI,2,4,3,0,16,1400.3054733984766
qLogEI,2,4,3,0,17,1392.5329556577638
qLogEI,2,4,3,0,18,1382.3067945177618
qLogEI,2,4,3,0,19,1376.3330235044696
qLogEI,2,4,3,0,20,1365.7294993987198
RL,2,4,3,0,1,inf
RL,2,4,3,0,2,inf
RL,2,4,3,0,3,inf
RL,2,4,3,0,4,inf
RL,2,4,3,0,5,inf
RL,2,4,3,0,6,inf
RL,2,4,3,0,7,inf
RL,2,4,3,0,8,inf
RL,2,4,3,0,9,inf
RL,2,4,3,0,10,inf
RL,2,4,3,0,11,inf
RL,2,4,3,0,12,inf
RL,2,4,3,0,13,inf
RL,2,4,3,0,14,inf
RL,2,4,3,0,15,inf
RL,2,4,3,0,16,inf
RL,2,4,3,0,17,inf
RL,2,4,3,0,18,inf
RL,2,4,3,0,19,inf
RL,2,4,3,0,20,inf
Random,2,4,3,1,1,inf
Random,2,4,3,1,2,inf
Random,2,4,3,1,3,inf
Random,2,4,3,1,4,1306.3811800700876
Random,2,4,3,1,5,1306.3811800700876
Random,2,4,3,1,6,1306.3811800700876
Random,2,4,3,1,7,1306.3811800700876
Random,2,4,3,1,8,1306.3811800700876
Random,2,4,3,1,9,1306.3811800700876
Random,2,4,3,1,10,1306.3811800700876
Random,2,4,3,1,11,1306.3811800700876
Random,2,4,3,1,12,1306.3811800700876
Random,2,4,3,1,13,1306.3811800700876
Random,2,4,3,1,14,1306.3811800700876
Random,2,4,3,1,15,1306.3811800700876
Random,2,4,3,1,16,1306.3811800700876
Random,2,4,3,1,17,1306.3811800700876
Random,2,4,3,1,18,1306.3811800700876
Random,2,4,3,1,19,1306.3811800700876
Random,2,4,3,1,20,1306.3811800700876
qLogEI,2,4,3,1,1,inf
qLogEI,2,4,3,1,2,inf
qLogEI,2,4,3,1,3,inf
qLogEI,2,4,3,1,4,1306.3811800700876
qLogEI,2,4,3,1,5,1306.3811800700876
qLogEI,2,4,3,1,6,1306.3811800700876
qLogEI,2,4,3,1,7,1306.3811800700876
qLogEI,2,4,3,1,8,1306.3811800700876
qLogEI,2,4,3,1,9,1306.3811800700876
qLogEI,2,4,3,1,10,1306.3811800700876
qLogEI,2,4,3,1,11,1306.3811800700876
qLogEI,2,4,3,1,12,1306.250635429381
qLogEI,2,4,3,1,13,1306.250635429381
qLogEI,2,4,3,1,14,1306.250635429381
qLogEI,2,4,3,1,15,1306.250635429381
qLogEI,2,4,3,1,16,1306.250635429381
qLogEI,2,4,3,1,17,1304.2543251209677
qLogEI,2,4,3,1,18,1304.2543251209677
qLogEI,2,4,3,1,19,1303.9529417266144
qLogEI,2,4,3,1,20,1303.887800364767
RL,2,4,3,1,1,inf
RL,2,4,3,1,2,inf
RL,2,4,3,1,3,inf
RL,2,4,3,1,4,1306.3811800700876
RL,2,4,3,1,5,1306.3811800700876
RL,2,4,3,1,6,1306.3811800700876
RL,2,4,3,1,7,1306.3811800700876
RL,2,4,3,1,8,1306.3811800700876
RL,2,4,3,1,9,1306.3811800700876
RL,2,4,3,1,10,1306.3811800700876
RL,2,4,3,1,11,1306.3811800700876
RL,2,4,3,1,12,1306.3811800700876
RL,2,4,3,1,13,1306.3811800700876
RL,2,4,3,1,14,1306.3811800700876
RL,2,4,3,1,15,1306.3811800700876
RL,2,4,3,1,16,1306.3811800700876
RL,2,4,3,1,17,1306.3811800700876
RL,2,4,3,1,18,1306.3811800700876
RL,2,4,3,1,19,1306.3811800700876
RL,2,4,3,1,20,1306.3811800700876
Random,2,4,3,2,1,inf
Random,2,4,3,2,2,inf
Random,2,4,3,2,3,inf
Random,2,4,3,2,4,inf
Random,2,4,3,2,5,inf
Random,2,4,3,2,6,inf
Random,2,4,3,2,7,inf
Random,2,4,3,2,8,1328.3759615511408
Random,2,4,3,2,9,1328.3759615511408
Random,2,4,3,2,10,1328.3759615511408
Random,2,4,3,2,11,1328.3759615511408
Random,2,4,3,2,12,1328.3759615511408
Random,2,4,3,2,13,1328.3759615511408
Random,2,4,3,2,14,1328.3759615511408
Random,2,4,3,2,15,1328.3759615511408
Random,2,4,3,2,16,1328.3759615511408
Random,2,4,3,2,17,1328.3759615511408
Random,2,4,3,2,18,1328.3759615511408
Random,2,4,3,2,19,1328.3759615511408
Random,2,4,3,2,20,1328.3759615511408
qLogEI,2,4,3,2,1,inf
qLogEI,2,4,3,2,2,inf
qLogEI,2,4,3,2,3,inf
qLogEI,2,4,3,2,4,inf
qLogEI,2,4,3,2,5,inf
qLogEI,2,4,3,2,6,inf
qLogEI,2,4,3,2,7,inf
qLogEI,2,4,3,2,8,inf
qLogEI,2,4,3,2,9,inf
qLogEI,2,4,3,2,10,inf
qLogEI,2,4,3,2,11,inf
qLogEI,2,4,3,2,12,inf
qLogEI,2,4,3,2,13,inf
qLogEI,2,4,3,2,14,inf
qLogEI,2,4,3,2,15,inf
qLogEI,2,4,3,2,16,inf
qLogEI,2,4,3,2,17,inf
qLogEI,2,4,3,2,18,inf
qLogEI,2,4,3,2,19,inf
qLogEI,2,4,3,2,20,inf
RL,2,4,3,2,1,inf
RL,2,4,3,2,2,inf
RL,2,4,3,2,3,inf
RL,2,4,3,2,4,inf
RL,2,4,3,2,5,inf
RL,2,4,3,2,6,inf
RL,2,4,3,2,7,inf
RL,2,4,3,2,8,inf
RL,2,4,3,2,9,inf
RL,2,4,3,2,10,inf
RL,2,4,3,2,11,inf
RL,2,4,3,2,12,inf
RL,2,4,3,2,13,inf
RL,2,4,3,2,14,inf
RL,2,4,3,2,15,inf
RL,2,4,3,2,16,inf
RL,2,4,3,2,17,inf
RL,2,4,3,2,18,inf
RL,2,4,3,2,19,inf
RL,2,4,3,2,20,inf
Random,2,4,3,3,1,inf
Random,2,4,3,3,2,inf
Random,2,4,3,3,3,inf
Random,2,4,3,3,4,inf
Random,2,4,3,3,5,inf
Random,2,4,3,3,6,inf
Random,2,4,3,3,7,1808.7467551267523
Random,2,4,3,3,8,1808.7467551267523
Random,2,4,3,3,9,1808.7467551267523
Random,2,4,3,3,10,1808.7467551267523
Random,2,4,3,3,11,1808.7467551267523
Random,2,4,3,3,12,1808.7467551267523
Random,2,4,3,3,13,1808.7467551267523
Random,2,4,3,3,14,1559.7089375032895
Random,2,4,3,3,15,1425.0771029851012
Random,2,4,3,3,16,1425.0771029851012
Random,2,4,3,3,17,1425.0771029851012
Random,2,4,3,3,18,1398.6987083351864
Random,2,4,3,3,19,1398.6987083351864
Random,2,4,3,3,20,1398.6987083351864
qLogEI,2,4,3,3,1,inf
qLogEI,2,4,3,3,2,inf
qLogEI,2,4,3,3,3,inf
qLogEI,2,4,3,3,4,inf
qLogEI,2,4,3,3,5,inf
qLogEI,2,4,3,3,6,inf
qLogEI,2,4,3,3,7,inf
qLogEI,2,4,3,3,8,inf
qLogEI,2,4,3,3,9,inf
qLogEI,2,4,3,3,10,inf
qLogEI,2,4,3,3,11,inf
qLogEI,2,4,3,3,12,inf
qLogEI,2,4,3,3,13,inf
qLogEI,2,4,3,3,14,inf
qLogEI,2,4,3,3,15,1352.2439804991811
qLogEI,2,4,3,3,16,1352.2439804991811
qLogEI,2,4,3,3,17,1352.2439804991811
qLogEI,2,4,3,3,18,1352.2439804991811
qLogEI,2,4,3,3,19,1352.2439804991811
qLogEI,2,4,3,3,20,1352.2439804991811
RL,2,4,3,3,1,inf
RL,2,4,3,3,2,inf
RL,2,4,3,3,3,inf
RL,2,4,3,3,4,inf
RL,2,4,3,3,5,inf
RL,2,4,3,3,6,inf
RL,2,4,3,3,7,inf
RL,2,4,3,3,8,inf
RL,2,4,3,3,9,inf
RL,2,4,3,3,10,inf
RL,2,4,3,3,11,inf
RL,2,4,3,3,12,inf
RL,2,4,3,3,13,inf
RL,2,4,3,3,14,inf
RL,2,4,3,3,15,inf
RL,2,4,3,3,16,inf
RL,2,4,3,3,17,inf
RL,2,4,3,3,18,inf
RL,2,4,3,3,19,inf
RL,2,4,3,3,20,inf
Random,2,4,3,4,1,inf
Random,2,4,3,4,2,inf
Random,2,4,3,4,3,inf
Random,2,4,3,4,4,inf
Random,2,4,3,4,5,1685.9668606176058
Random,2,4,3,4,6,1685.9668606176058
Random,2,4,3,4,7,1685.9668606176058
Random,2,4,3,4,8,1685.9668606176058
Random,2,4,3,4,9,1685.9668606176058
Random,2,4,3,4,10,1685.9668606176058
Random,2,4,3,4,11,1685.9668606176058
Random,2,4,3,4,12,1685.9668606176058
Random,2,4,3,4,13,1446.074181345575
Random,2,4,3,4,14,1446.074181345575
Random,2,4,3,4,15,1446.074181345575
Random,2,4,3,4,16,1446.074181345575
Random,2,4,3,4,17,1446.074181345575
Random,2,4,3,4,18,1446.074181345575
Random,2,4,3,4,19,1446.074181345575
Random,2,4,3,4,20,1446.074181345575
qLogEI,2,4,3,4,1,inf
qLogEI,2,4,3,4,2,inf
qLogEI,2,4,3,4,3,inf
qLogEI,2,4,3,4,4,inf
qLogEI,2,4,3,4,5,inf
qLogEI,2,4,3,4,6,inf
qLogEI,2,4,3,4,7,1571.0025282337456
qLogEI,2,4,3,4,8,1418.371458587815
qLogEI,2,4,3,4,9,1418.371458587815
qLogEI,2,4,3,4,10,1417.1018168301184
qLogEI,2,4,3,4,11,1417.1018168301184
qLogEI,2,4,3,4,12,1417.1018168301184
qLogEI,2,4,3,4,13,1414.2771114449781
qLogEI,2,4,3,4,14,1413.4639383389294
qLogEI,2,4,3,4,15,1413.4639383389294
qLogEI,2,4,3,4,16,1403.9333643548134
qLogEI,2,4,3,4,17,1398.0560637479548
qLogEI,2,4,3,4,18,1394.0069677754525
qLogEI,2,4,3,4,19,1388.0102260291235
qLogEI,2,4,3,4,20,1382.895285611364
RL,2,4,3,4,1,inf
RL,2,4,3,4,2,inf
RL,2,4,3,4,3,inf
RL,2,4,3,4,4,inf
RL,2,4,3,4,5,inf
RL,2,4,3,4,6,inf
RL,2,4,3,4,7,inf
RL,2,4,3,4,8,inf
RL,2,4,3,4,9,inf
RL,2,4,3,4,10,inf
RL,2,4,3,4,11,inf
RL,2,4,3,4,12,inf
RL,2,4,3,4,13,inf
RL,2,4,3,4,14,inf
RL,2,4,3,4,15,inf
RL,2,4,3,4,16,inf
RL,2,4,3,4,17,inf
RL,2,4,3,4,18,inf
RL,2,4,3,4,19,inf
RL,2,4,3,4,20,inf
Random,2,6,1,0,1,inf
Random,2,6,1,0,2,inf
Random,2,6,1,0,3,inf
Random,2,6,1,0,4,inf
Random,2,6,1,0,5,inf
Random,2,6,1,0,6,inf
Random,2,6,1,0,7,inf
Random,2,6,1,0,8,inf
Random,2,6,1,0,9,693.6462031682748
Random,2,6,1,0,10,693.6462031682748
Random,2,6,1,0,11,693.6462031682748
Random,2,6,1,0,12,693.6462031682748
Random,2,6,1,0,13,693.6462031682748
Random,2,6,1,0,14,693.6462031682748
Random,2,6,1,0,15,693.6462031682748
Random,2,6,1,0,16,693.6462031682748
Random,2,6,1,0,17,693.6462031682748
Random,2,6,1,0,18,693.6462031682748
Random,2,6,1,0,19,693.6462031682748
Random,2,6,1,0,20,693.6462031682748
qLogEI,2,6,1,0,1,inf
qLogEI,2,6,1,0,2,inf
qLogEI,2,6,1,0,3,inf
qLogEI,2,6,1,0,4,inf
qLogEI,2,6,1,0,5,inf
qLogEI,2,6,1,0,6,inf
qLogEI,2,6,1,0,7,inf
qLogEI,2,6,1,0,8,inf
qLogEI,2,6,1,0,9,inf
qLogEI,2,6,1,0,10,inf
qLogEI,2,6,1,0,11,inf
qLogEI,2,6,1,0,12,inf
qLogEI,2,6,1,0,13,inf
qLogEI,2,6,1,0,14,inf
qLogEI,2,6,1,0,15,675.3760655145608
qLogEI,2,6,1,0,16,675.3760655145608
qLogEI,2,6,1,0,17,675.3760655145608
qLogEI,2,6,1,0,18,674.1905137972824
qLogEI,2,6,1,0,19,672.0459241047351
qLogEI,2,6,1,0,20,672.0459241047351
RL,2,6,1,0,1,inf
RL,2,6,1,0,2,inf
RL,2,6,1,0,3,inf
RL,2,6,1,0,4,inf
RL,2,6,1,0,5,inf
RL,2,6,1,0,6,inf
RL,2,6,1,0,7,inf
RL,2,6,1,0,8,inf
RL,2,6,1,0,9,inf
RL,2,6,1,0,10,inf
RL,2,6,1,0,11,inf
RL,2,6,1,0,12,inf
RL,2,6,1,0,13,inf
RL,2,6,1,0,14,inf
RL,2,6,1,0,15,inf
RL,2,6,1,0,16,inf
RL,2,6,1,0,17,inf
RL,2,6,1,0,18,inf
RL,2,6,1,0,19,inf
RL,2,6,1,0,20,inf
Random,2,6,1,1,1,inf
Random,2,6,1,1,2,inf
Random,2,6,1,1,3,622.6705780418868
Random,2,6,1,1,4,622.6705780418868
Random,2,6,1,1,5,622.6705780418868
Random,2,6,1,1,6,622.6705780418868
Random,2,6,1,1,7,622.6705780418868
Random,2,6,1,1,8,622.6705780418868
Random,2,6,1,1,9,508.6732491781231
Random,2,6,1,1,10,508.6732491781231
Random,2,6,1,1,11,508.6732491781231
Random,2,6,1,1,12,508.6732491781231
Random,2,6,1,1,13,508.6732491781231
Random,2,6,1,1,14,508.6732491781231
Random,2,6,1,1,15,508.6732491781231
Random,2,6,1,1,16,508.6732491781231
Random,2,6,1,1,17,508.6732491781231
Random,2,6,1,1,18,508.6732491781231
Random,2,6,1,1,19,508.6732491781231
Random,2,6,1,1,20,508.6732491781231
qLogEI,2,6,1,1,1,inf
qLogEI,2,6,1,1,2,inf
qLogEI,2,6,1,1,3,622.6705780418868
qLogEI,2,6,1,1,4,622.6705780418868
qLogEI,2,6,1,1,5,622.6705780418868
qLogEI,2,6,1,1,6,622.6705780418868
qLogEI,2,6,1,1,7,612.5113583037494
qLogEI,2,6,1,1,8,612.5113583037494
qLogEI,2,6,1,1,9,612.5113583037494
qLogEI,2,6,1,1,10,611.7368340660798
qLogEI,2,6,1,1,11,611.7368340660798
qLogEI,2,6,1,1,12,611.7368340660798
qLogEI,2,6,1,1,13,611.7368340660798
qLogEI,2,6,1,1,14,611.7368340660798
qLogEI,2,6,1,1,15,604.6515977230636
qLogEI,2,6,1,1,16,591.5496919258937
qLogEI,2,6,1,1,17,589.8070534184124
qLogEI,2,6,1,1,18,589.8070534184124
qLogEI,2,6,1,1,19,561.7930810877696
qLogEI,2,6,1,1,20,546.8801478421174
RL,2,6,1,1,1,inf
RL,2,6,1,1,2,inf
RL,2,6,1,1,3,622.6705780418868
RL,2,6,1,1,4,622.6705780418868
RL,2,6,1,1,5,622.6705780418868
RL,2,6,1,1,6,622.6705780418868
RL,2,6,1,1,7,622.6705780418868
RL,2,6,1,1,8,622.6705780418868
RL,2,6,1,1,9,622.6705780418868
RL,2,6,1,1,10,622.6705780418868
RL,2,6,1,1,11,622.6705780418868
RL,2,6,1,1,12,622.6705780418868
RL,2,6,1,1,13,622.6705780418868
RL,2,6,1,1,14,622.6705780418868
RL,2,6,1,1,15,622.6705780418868
RL,2,6,1,1,16,622.6705780418868
RL,2,6,1,1,17,622.6705780418868
RL,2,6,1,1,18,622.6705780418868
RL,2,6,1,1,19,622.6705780418868
RL,2,6,1,1,20,622.6705780418868
Random,2,6,1,2,1,inf
Random,2,6,1,2,2,inf
Random,2,6,1,2,3,inf
Random,2,6,1,2,4,inf
Random,2,6,1,2,5,795.0974893245916
Random,2,6,1,2,6,690.6220215699032
Random,2,6,1,2,7,690.6220215699032
Random,2,6,1,2,8,690.6220215699032
Random,2,6,1,2,9,690.6220215699032
Random,2,6,1,2,10,690.6220215699032
Random,2,6,1,2,11,690.6220215699032
Random,2,6,1,2,12,690.5017782107084
Random,2,6,1,2,13,690.5017782107084
Random,2,6,1,2,14,690.5017782107084
Random,2,6,1,2,15,690.5017782107084
Random,2,6,1,2,16,690.5017782107084
Random,2,6,1,2,17,690.5017782107084
Random,2,6,1,2,18,690.5017782107084
Random,2,6,1,2,19,690.5017782107084
Random,2,6,1,2,20,690.5017782107084
qLogEI,2,6,1,2,1,inf
qLogEI,2,6,1,2,2,inf
qLogEI,2,6,1,2,3,inf
qLogEI,2,6,1,2,4,inf
qLogEI,2,6,1,2,5,406.2433988235023
qLogEI,2,6,1,2,6,406.2433988235023
qLogEI,2,6,1,2,7,406.2433988235023
qLogEI,2,6,1,2,8,406.2433988235023
qLogEI,2,6,1,2,9,406.2433988235023
qLogEI,2,6,1,2,10,406.2433988235023
qLogEI,2,6,1,2,11,405.521720521464
qLogEI,2,6,1,2,12,405.521720521464
qLogEI,2,6,1,2,13,405.521720521464
qLogEI,2,6,1,2,14,405.521720521464
qLogEI,2,6,1,2,15,405.521720521464
qLogEI,2,6,1,2,16,405.521720521464
qLogEI,2,6,1,2,17,405.521720521464
qLogEI,2,6,1,2,18,405.44531160187057
qLogEI,2,6,1,2,19,405.44531160187057
qLogEI,2,6,1,2,20,405.44531160187057
RL,2,6,1,2,1,inf
RL,2,6,1,2,2,inf
RL,2,6,1,2,3,inf
RL,2,6,1,2,4,inf
RL,2,6,1,2,5,inf
RL,2,6,1,2,6,inf
RL,2,6,1,2,7,inf
RL,2,6,1,2,8,inf
RL,2,6,1,2,9,inf
RL,2,6,1,2,10,inf
RL,2,6,1,2,11,inf
RL,2,6,1,2,12,inf
RL,2,6,1,2,13,inf
RL,2,6,1,2,14,inf
RL,2,6,1,2,15,inf
RL,2,6,1,2,16,inf
RL,2,6,1,2,17,inf
RL,2,6,1,2,18,inf
RL,2,6,1,2,19,inf
RL,2,6,1,2,20,inf
Random,2,6,1,3,1,inf
Random,2,6,1,3,2,inf
Random,2,6,1,3,3,inf
Random,2,6,1,3,4,inf
Random,2,6,1,3,5,915.2597507774212
Random,2,6,1,3,6,915.2597507774212
Random,2,6,1,3,7,915.2597507774212
Random,2,6,1,3,8,915.2597507774212
Random,2,6,1,3,9,915.2597507774212
Random,2,6,1,3,10,915.2597507774212
Random,2,6,1,3,11,915.2597507774212
Random,2,6,1,3,12,915.2597507774212
Random,2,6,1,3,13,915.2597507774212
Random,2,6,1,3,14,915.2597507774212
Random,2,6,1,3,15,915.2597507774212
Random,2,6,1,3,16,915.2597507774212
Random,2,6,1,3,17,915.2597507774212
Random,2,6,1,3,18,915.2597507774212
Random,2,6,1,3,19,915.2597507774212
Random,2,6,1,3,20,915.2597507774212
qLogEI,2,6,1,3,1,inf
qLogEI,2,6,1,3,2,inf
qLogEI,2,6,1,3,3,inf
qLogEI,2,6,1,3,4,inf
qLogEI,2,6,1,3,5,inf
qLogEI,2,6,1,3,6,inf
qLogEI,2,6,1,3,7,inf
qLogEI,2,6,1,3,8,inf
qLogEI,2,6,1,3,9,inf
qLogEI,2,6,1,3,10,inf
qLogEI,2,6,1,3,11,inf
qLogEI,2,6,1,3,12,inf
qLogEI,2,6,1,3,13,inf
qLogEI,2,6,1,3,14,inf
qLogEI,2,6,1,3,15,inf
qLogEI,2,6,1,3,16,606.5873289882582
qLogEI,2,6,1,3,17,606.5873289882582
qLogEI,2,6,1,3,18,604.5114370736273
qLogEI,2,6,1,3,19,559.7344950571694
qLogEI,2,6,1,3,20,552.9566743590705
RL,2,6,1,3,1,inf
RL,2,6,1,3,2,inf
RL,2,6,1,3,3,inf
RL,2,6,1,3,4,inf
RL,2,6,1,3,5,inf
RL,2,6,1,3,6,inf
RL,2,6,1,3,7,inf
RL,2,6,1,3,8,inf
RL,2,6,1,3,9,inf
RL,2,6,1,3,10,inf
RL,2,6,1,3,11,inf
RL,2,6,1,3,12,inf
RL,2,6,1,3,13,inf
RL,2,6,1,3,14,inf
RL,2,6,1,3,15,inf
RL,2,6,1,3,16,inf
RL,2,6,1,3,17,inf
RL,2,6,1,3,18,inf
RL,2,6,1,3,19,inf
RL,2,6,1,3,20,inf
Random,2,6,1,4,1,999.331466176194
Random,2,6,1,4,2,413.4944354650017
Random,2,6,1,4,3,413.4944354650017
Random,2,6,1,4,4,413.4944354650017
Random,2,6,1,4,5,413.4944354650017
Random,2,6,1,4,6,413.4944354650017
Random,2,6,1,4,7,413.4944354650017
Random,2,6,1,4,8,413.4944354650017
Random,2,6,1,4,9,413.4944354650017
Random,2,6,1,4,10,413.4944354650017
Random,2,6,1,4,11,413.4944354650017
Random,2,6,1,4,12,413.4944354650017
Random,2,6,1,4,13,413.4944354650017
Random,2,6,1,4,14,413.4944354650017
Random,2,6,1,4,15,413.4944354650017
Random,2,6,1,4,16,413.4944354650017
Random,2,6,1,4,17,413.4944354650017
Random,2,6,1,4,18,413.4944354650017
Random,2,6,1,4,19,413.4944354650017
Random,2,6,1,4,20,413.4944354650017
qLogEI,2,6,1,4,1,999.331466176194
qLogEI,2,6,1,4,2,413.4944354650017
qLogEI,2,6,1,4,3,413.4944354650017
qLogEI,2,6,1,4,4,413.4944354650017
qLogEI,2,6,1,4,5,413.4944354650017
qLogEI,2,6,1,4,6,413.4944354650017
qLogEI,2,6,1,4,7,413.4944354650017
qLogEI,2,6,1,4,8,413.4944354650017
qLogEI,2,6,1,4,9,413.4944354650017
qLogEI,2,6,1,4,10,413.4944354650017
qLogEI,2,6,1,4,11,413.4944354650017
qLogEI,2,6,1,4,12,413.4944354650017
qLogEI,2,6,1,4,13,412.7643410142725
qLogEI,2,6,1,4,14,412.7643410142725
qLogEI,2,6,1,4,15,412.7299840313982
qLogEI,2,6,1,4,16,412.7299840313982
qLogEI,2,6,1,4,17,412.7299840313982
qLogEI,2,6,1,4,18,412.62313048985396
qLogEI,2,6,1,4,19,412.62313048985396
qLogEI,2,6,1,4,20,412.62313048985396
RL,2,6,1,4,1,999.331466176194
RL,2,6,1,4,2,413.4944354650017
RL,2,6,1,4,3,413.4944354650017
RL,2,6,1,4,4,413.4944354650017
RL,2,6,1,4,5,413.4944354650017
RL,2,6,1,4,6,413.4944354650017
RL,2,6,1,4,7,413.4944354650017
RL,2,6,1,4,8,413.4944354650017
RL,2,6,1,4,9,413.4944354650017
RL,2,6,1,4,10,413.4944354650017
RL,2,6,1,4,11,413.4944354650017
RL,2,6,1,4,12,413.4944354650017
RL,2,6,1,4,13,413.4944354650017
RL,2,6,1,4,14,413.4944354650017
RL,2,6,1,4,15,413.4944354650017
RL,2,6,1,4,16,413.4944354650017
RL,2,6,1,4,17,413.4944354650017
RL,2,6,1,4,18,413.4944354650017
RL,2,6,1,4,19,413.4944354650017
RL,2,6,1,4,20,413.4944354650017
Random,2,6,2,0,1,1378.0806984923302
Random,2,6,2,0,2,1378.0806984923302
Random,2,6,2,0,3,1378.0806984923302
Random,2,6,2,0,4,1378.0806984923302
Random,2,6,2,0,5,1378.0806984923302
Random,2,6,2,0,6,1378.0806984923302
Random,2,6,2,0,7,1378.0806984923302
Random,2,6,2,0,8,1378.0806984923302
Random,2,6,2,0,9,1378.0806984923302
Random,2,6,2,0,10,1378.0806984923302
Random,2,6,2,0,11,1378.0806984923302
Random,2,6,2,0,12,742.4638375185874
Random,2,6,2,0,13,742.4638375185874
Random,2,6,2,0,14,742.4638375185874
Random,2,6,2,0,15,742.4638375185874
Random,2,6,2,0,16,742.4638375185874
Random,2,6,2,0,17,742.4638375185874
Random,2,6,2,0,18,742.4638375185874
Random,2,6,2,0,19,742.4638375185874
Random,2,6,2,0,20,742.4638375185874
qLogEI,2,6,2,0,1,1378.0806984923302
qLogEI,2,6,2,0,2,1378.0806984923302
qLogEI,2,6,2,0,3,1378.0806984923302
qLogEI,2,6,2,0,4,1378.0806984923302
qLogEI,2,6,2,0,5,1378.0806984923302
qLogEI,2,6,2,0,6,1378.0806984923302
qLogEI,2,6,2,0,7,1348.3721976323855
qLogEI,2,6,2,0,8,1131.6310063700944
qLogEI,2,6,2,0,9,1060.5480392719605
qLogEI,2,6,2,0,10,1060.5480392719605
qLogEI,2,6,2,0,11,890.6767143996377
qLogEI,2,6,2,0,12,822.7907252964712
qLogEI,2,6,2,0,13,822.7907252964712
qLogEI,2,6,2,0,14,822.7907252964712
qLogEI,2,6,2,0,15,771.6894910310235
qLogEI,2,6,2,0,16,727.1123441076707
qLogEI,2,6,2,0,17,710.9395335385068
qLogEI,2,6,2,0,18,610.4558610540889
qLogEI,2,6,2,0,19,603.2844949338665
qLogEI,2,6,2,0,20,593.7615179837804
RL,2,6,2,0,1,1378.0806984923302
RL,2,6,2,0,2,1378.0806984923302
RL,2,6,2,0,3,1378.0806984923302
RL,2,6,2,0,4,1378.0806984923302
RL,2,6,2,0,5,1378.0806984923302
RL,2,6,2,0,6,1378.0806984923302
RL,2,6,2,0,7,1378.0806984923302
RL,2,6,2,0,8,1378.0806984923302
RL,2,6,2,0,9,1378.0806984923302
RL,2,6,2,0,10,1378.0806984923302
RL,2,6,2,0,11,1378.0806984923302
RL,2,6,2,0,12,1378.0806984923302
RL,2,6,2,0,13,1378.0806984923302
RL,2,6,2,0,14,1378.0806984923302
RL,2,6,2,0,15,1378.0806984923302
RL,2,6,2,0,16,1378.0806984923302
RL,2,6,2,0,17,1378.0806984923302
RL,2,6,2,0,18,1378.0806984923302
RL,2,6,2,0,19,1378.0806984923302
RL,2,6,2,0,20,1378.0806984923302
Random,2,6,2,1,1,inf
Random,2,6,2,1,2,inf
Random,2,6,2,1,3,1225.0436929333525
Random,2,6,2,1,4,1225.0436929333525
Random,2,6,2,1,5,1225.0436929333525
Random,2,6,2,1,6,1225.0436929333525
Random,2,6,2,1,7,1225.0436929333525
Random,2,6,2,1,8,1225.0436929333525
Random,2,6,2,1,9,969.3008421567417
Random,2,6,2,1,10,969.3008421567417
Random,2,6,2,1,11,969.3008421567417
Random,2,6,2,1,12,969.3008421567417
Random,2,6,2,1,13,969.3008421567417
Random,2,6,2,1,14,969.3008421567417
Random,2,6,2,1,15,969.3008421567417
Random,2,6,2,1,16,969.3008421567417
Random,2,6,2,1,17,969.3008421567417
Random,2,6,2,1,18,969.3008421567417
Random,2,6,2,1,19,969.3008421567417
Random,2,6,2,1,20,969.3008421567417
qLogEI,2,6,2,1,1,inf
qLogEI,2,6,2,1,2,inf
qLogEI,2,6,2,1,3,1225.0436929333525
qLogEI,2,6,2,1,4,1225.0436929333525
qLogEI,2,6,2,1,5,1225.0436929333525
qLogEI,2,6,2,1,6,1225.0436929333525
qLogEI,2,6,2,1,7,1225.0436929333525
qLogEI,2,6,2,1,8,1105.5649913992766
qLogEI,2,6,2,1,9,1092.87657492047
qLogEI,2,6,2,1,10,910.1866490663871
qLogEI,2,6,2,1,11,764.7831604421376
qLogEI,2,6,2,1,12,754.3313141378043
qLogEI,2,6,2,1,13,732.430098507545
qLogEI,2,6,2,1,14,636.3696366429599
qLogEI,2,6,2,1,15,631.1918041776023
qLogEI,2,6,2,1,16,628.0262842007394
qLogEI,2,6,2,1,17,628.0262842007394
qLogEI,2,6,2,1,18,628.0262842007394
qLogEI,2,6,2,1,19,622.2980005695143
qLogEI,2,6,2,1,20,609.0155079247891
RL,2,6,2,1,1,inf
RL,2,6,2,1,2,inf
RL,2,6,2,1,3,1225.0436929333525
RL,2,6,2,1,4,1225.0436929333525
RL,2,6,2,1,5,1225.0436929333525
RL,2,6,2,1,6,1225.0436929333525
RL,2,6,2,1,7,1225.0436929333525
RL,2,6,2,1,8,1225.0436929333525
RL,2,6,2,1,9,1225.0436929333525
RL,2,6,2,1,10,1225.0436929333525
RL,2,6,2,1,11,1225.0436929333525
RL,2,6,2,1,12,1225.0436929333525
RL,2,6,2,1,13,1225.0436929333525
RL,2,6,2,1,14,1225.0436929333525
RL,2,6,2,1,15,1225.0436929333525
RL,2,6,2,1,16,1225.0436929333525
RL,2,6,2,1,17,1225.0436929333525
RL,2,6,2,1,18,1225.0436929333525
RL,2,6,2,1,19,1225.0436929333525
RL,2,6,2,1,20,1225.0436929333525
Random,2,6,2,2,1,inf
Random,2,6,2,2,2,inf
Random,2,6,2,2,3,694.9618585510341
Random,2,6,2,2,4,694.9618585510341
Random,2,6,2,2,5,694.9618585510341
Random,2,6,2,2,6,694.9618585510341
Random,2,6,2,2,7,694.9618585510341
Random,2,6,2,2,8,694.9618585510341
Random,2,6,2,2,9,694.9618585510341
Random,2,6,2,2,10,694.9618585510341
Random,2,6,2,2,11,694.9618585510341
Random,2,6,2,2,12,694.9618585510341
Random,2,6,2,2,13,694.9618585510341
Random,2,6,2,2,14,694.9618585510341
Random,2,6,2,2,15,694.9618585510341
Random,2,6,2,2,16,694.9618585510341
Random,2,6,2,2,17,694.9618585510341
Random,2,6,2,2,18,694.9618585510341
Random,2,6,2,2,19,694.9618585510341
Random,2,6,2,2,20,694.9618585510341
qLogEI,2,6,2,2,1,inf
qLogEI,2,6,2,2,2,inf
qLogEI,2,6,2,2,3,694.9618585510341
qLogEI,2,6,2,2,4,694.9618585510341
qLogEI,2,6,2,2,5,694.9618585510341
qLogEI,2,6,2,2,6,688.6624872559458
qLogEI,2,6,2,2,7,653.038917536762
qLogEI,2,6,2,2,8,653.038917536762
qLogEI,2,6,2,2,9,631.8838467956541
qLogEI,2,6,2,2,10,631.8838467956541
qLogEI,2,6,2,2,11,631.8838467956541
qLogEI,2,6,2,2,12,631.8838467956541
qLogEI,2,6,2,2,13,631.8838467956541
qLogEI,2,6,2,2,14,613.3651325423244
qLogEI,2,6,2,2,15,613.3651325423244
qLogEI,2,6,2,2,16,596.3801558765504
qLogEI,2,6,2,2,17,587.2788065712839
qLogEI,2,6,2,2,18,587.2788065712839
qLogEI,2,6,2,2,19,580.7595844670229
qLogEI,2,6,2,2,20,580.7595844670229
RL,2,6,2,2,1,inf
RL,2,6,2,2,2,inf
RL,2,6,2,2,3,694.9618585510341
RL,2,6,2,2,4,694.9618585510341
RL,2,6,2,2,5,694.9618585510341
RL,2,6,2,2,6,694.9618585510341
RL,2,6,2,2,7,694.9618585510341
RL,2,6,2,2,8,694.9618585510341
RL,2,6,2,2,9,694.9618585510341
RL,2,6,2,2,10,694.9618585510341
RL,2,6,2,2,11,694.9618585510341
RL,2,6,2,2,12,694.9618585510341
RL,2,6,2,2,13,694.9618585510341
RL,2,6,2,2,14,694.9618585510341
RL,2,6,2,2,15,694.9618585510341
RL,2,6,2,2,16,694.9618585510341
RL,2,6,2,2,17,694.9618585510341
RL,2,6,2,2,18,694.9618585510341
RL,2,6,2,2,19,694.9618585510341
RL,2,6,2,2,20,694.9618585510341
Random,2,6,2,3,1,543.2766175741881
Random,2,6,2,3,2,543.2766175741881
Random,2,6,2,3,3,543.2766175741881
Random,2,6,2,3,4,543.2766175741881
Random,2,6,2,3,5,543.2766175741881
Random,2,6,2,3,6,543.2766175741881
Random,2,6,2,3,7,543.2766175741881
Random,2,6,2,3,8,543.2766175741881
Random,2,6,2,3,9,543.2766175741881
Random,2,6,2,3,10,543.2766175741881
Random,2,6,2,3,11,543.2766175741881
Random,2,6,2,3,12,543.2766175741881
Random,2,6,2,3,13,543.2766175741881
Random,2,6,2,3,14,543.2766175741881
Random,2,6,2,3,15,543.2766175741881
Random,2,6,2,3,16,543.2766175741881
Random,2,6,2,3,17,543.2766175741881
Random,2,6,2,3,18,543.2766175741881
Random,2,6,2,3,19,543.2766175741881
Random,2,6,2,3,20,543.2766175741881
qLogEI,2,6,2,3,1,543.2766175741881
qLogEI,2,6,2,3,2,543.2766175741881
qLogEI,2,6,2,3,3,543.2766175741881
qLogEI,2,6,2,3,4,543.2766175741881
qLogEI,2,6,2,3,5,543.2766175741881
qLogEI,2,6,2,3,6,543.2766175741881
qLogEI,2,6,2,3,7,543.2766175741881
qLogEI,2,6,2,3,8,543.2766175741881
qLogEI,2,6,2,3,9,543.2766175741881
qLogEI,2,6,2,3,10,543.2766175741881
qLogEI,2,6,2,3,11,541.6200036755783
qLogEI,2,6,2,3,12,541.6200036755783
qLogEI,2,6,2,3,13,541.6200036755783
qLogEI,2,6,2,3,14,539.5577913580131
qLogEI,2,6,2,3,15,538.406647574747
qLogEI,2,6,2,3,16,538.406647574747
qLogEI,2,6,2,3,17,538.406647574747
qLogEI,2,6,2,3,18,538.406647574747
qLogEI,2,6,2,3,19,538.406647574747
qLogEI,2,6,2,3,20,538.406647574747
RL,2,6,2,3,1,543.2766175741881
RL,2,6,2,3,2,543.2766175741881
RL,2,6,2,3,3,543.2766175741881
RL,2,6,2,3,4,543.2766175741881
RL,2,6,2,3,5,543.2766175741881
RL,2,6,2,3,6,543.2766175741881
RL,2,6,2,3,7,543.2766175741881
RL,2,6,2,3,8,543.2766175741881
RL,2,6,2,3,9,543.2766175741881
RL,2,6,2,3,10,543.2766175741881
RL,2,6,2,3,11,543.2766175741881
RL,2,6,2,3,12,543.2766175741881
RL,2,6,2,3,13,543.2766175741881
RL,2,6,2,3,14,543.2766175741881
RL,2,6,2,3,15,543.2766175741881
RL,2,6,2,3,16,543.2766175741881
RL,2,6,2,3,17,543.2766175741881
RL,2,6,2,3,18,543.2766175741881
RL,2,6,2,3,19,543.2766175741881
RL,2,6,2,3,20,543.2766175741881
Random,2,6,2,4,1,inf
Random,2,6,2,4,2,902.7869015642317
Random,2,6,2,4,3,902.7869015642317
Random,2,6,2,4,4,902.7869015642317
Random,2,6,2,4,5,902.7869015642317
Random,2,6,2,4,6,902.7869015642317
Random,2,6,2,4,7,902.7869015642317
Random,2,6,2,4,8,902.7869015642317
Random,2,6,2,4,9,902.7869015642317
Random,2,6,2,4,10,810.9510509271472
Random,2,6,2,4,11,810.9510509271472
Random,2,6,2,4,12,810.9510509271472
Random,2,6,2,4,13,810.9510509271472
Random,2,6,2,4,14,810.9510509271472
Random,2,6,2,4,15,810.9510509271472
Random,2,6,2,4,16,810.9510509271472
Random,2,6,2,4,17,810.9510509271472
Random,2,6,2,4,18,810.9510509271472
Random,2,6,2,4,19,810.9510509271472
Random,2,6,2,4,20,810.9510509271472
qLogEI,2,6,2,4,1,inf
qLogEI,2,6,2,4,2,902.7869015642317
qLogEI,2,6,2,4,3,902.7869015642317
qLogEI,2,6,2,4,4,902.7869015642317
qLogEI,2,6,2,4,5,902.7869015642317
qLogEI,2,6,2,4,6,902.7869015642317
qLogEI,2,6,2,4,7,902.7869015642317
qLogEI,2,6,2,4,8,635.745937531414
qLogEI,2,6,2,4,9,620.4274197277609
qLogEI,2,6,2,4,10,620.4274197277609
qLogEI,2,6,2,4,11,610.8378259279887
qLogEI,2,6,2,4,12,597.9584295329676
qLogEI,2,6,2,4,13,597.9584295329676
qLogEI,2,6,2,4,14,566.8535051309277
qLogEI,2,6,2,4,15,563.7287132509947
qLogEI,2,6,2,4,16,563.7287132509947
qLogEI,2,6,2,4,17,563.2465983828972
qLogEI,2,6,2,4,18,562.4021811306045
qLogEI,2,6,2,4,19,553.0820013785229
qLogEI,2,6,2,4,20,553.0820013785229
RL,2,6,2,4,1,inf
RL,2,6,2,4,2,902.7869015642317
RL,2,6,2,4,3,902.7869015642317
RL,2,6,2,4,4,902.7869015642317
RL,2,6,2,4,5,902.7869015642317
RL,2,6,2,4,6,902.7869015642317
RL,2,6,2,4,7,902.7869015642317
RL,2,6,2,4,8,902.7869015642317
RL,2,6,2,4,9,902.7869015642317
RL,2,6,2,4,10,902.7869015642317
RL,2,6,2,4,11,902.7869015642317
RL,2,6,2,4,12,902.7869015642317
RL,2,6,2,4,13,902.7869015642317
RL,2,6,2,4,14,902.7869015642317
RL,2,6,2,4,15,902.7869015642317
RL,2,6,2,4,16,902.7869015642317
RL,2,6,2,4,17,902.7869015642317
RL,2,6,2,4,18,902.7869015642317
RL,2,6,2,4,19,902.7869015642317
RL,2,6,2,4,20,902.7869015642317
Random,2,6,3,0,1,inf
Random,2,6,3,0,2,inf
Random,2,6,3,0,3,inf
Random,2,6,3,0,4,-9630.967190111829
Random,2,6,3,0,5,-9630.967190111829
Random,2,6,3,0,6,-9630.967190111829
Random,2,6,3,0,7,-9630.967190111829
Random,2,6,3,0,8,-9630.967190111829
Random,2,6,3,0,9,-9630.967190111829
Random,2,6,3,0,10,-9630.967190111829
Random,2,6,3,0,11,-9630.967190111829
Random,2,6,3,0,12,-9630.967190111829
Random,2,6,3,0,13,-9630.967190111829
Random,2,6,3,0,14,-9630.967190111829
Random,2,6,3,0,15,-9630.967190111829
Random,2,6,3,0,16,-9630.967190111829
Random,2,6,3,0,17,-9630.967190111829
Random,2,6,3,0,18,-9630.967190111829
Random,2,6,3,0,19,-9630.967190111829
Random,2,6,3,0,20,-9630.967190111829
qLogEI,2,6,3,0,1,inf
qLogEI,2,6,3,0,2,inf
qLogEI,2,6,3,0,3,inf
qLogEI,2,6,3,0,4,-9630.967190111829
qLogEI,2,6,3,0,5,-9630.967190111829
qLogEI,2,6,3,0,6,-9630.967190111829
qLogEI,2,6,3,0,7,-9728.987174630905
qLogEI,2,6,3,0,8,-9728.987174630905
qLogEI,2,6,3,0,9,-9728.987174630905
qLogEI,2,6,3,0,10,-9843.930937782141
qLogEI,2,6,3,0,11,-9847.15248619842
qLogEI,2,6,3,0,12,-9847.15248619842
qLogEI,2,6,3,0,13,-9852.700840797566
qLogEI,2,6,3,0,14,-9854.44759328362
qLogEI,2,6,3,0,15,-9854.44759328362
qLogEI,2,6,3,0,16,-9854.44759328362
qLogEI,2,6,3,0,17,-9877.307725138402
qLogEI,2,6,3,0,18,-9877.307725138402
qLogEI,2,6,3,0,19,-9877.307725138402
qLogEI,2,6,3,0,20,-9877.307725138402
RL,2,6,3,0,1,inf
RL,2,6,3,0,2,inf
RL,2,6,3,0,3,inf
RL,2,6,3,0,4,-9630.967190111829
RL,2,6,3,0,5,-9630.967190111829
RL,2,6,3,0,6,-9630.967190111829
RL,2,6,3,0,7,-9630.967190111829
RL,2,6,3,0,8,-9630.967190111829
RL,2,6,3,0,9,-9630.967190111829
RL,2,6,3,0,10,-9630.967190111829
RL,2,6,3,0,11,-9630.967190111829
RL,2,6,3,0,12,-9630.967190111829
RL,2,6,3,0,13,-9630.967190111829
RL,2,6,3,0,14,-9630.967190111829
RL,2,6,3,0,15,-9630.967190111829
RL,2,6,3,0,16,-9630.967190111829
RL,2,6,3,0,17,-9630.967190111829
RL,2,6,3,0,18,-9630.967190111829
RL,2,6,3,0,19,-9630.967190111829
RL,2,6,3,0,20,-9630.967190111829
Random,2,6,3,1,1,inf
Random,2,6,3,1,2,inf
Random,2,6,3,1,3,inf
Random,2,6,3,1,4,inf
Random,2,6,3,1,5,-9019.298880691838
Random,2,6,3,1,6,-9019.298880691838
Random,2,6,3,1,7,-9746.84372312828
Random,2,6,3,1,8,-9746.84372312828
Random,2,6,3,1,9,-9746.84372312828
Random,2,6,3,1,10,-9746.84372312828
Random,2,6,3,1,11,-9746.84372312828
Random,2,6,3,1,12,-9746.84372312828
Random,2,6,3,1,13,-9746.84372312828
Random,2,6,3,1,14,-9746.84372312828
Random,2,6,3,1,15,-9746.84372312828
Random,2,6,3,1,16,-9746.84372312828
Random,2,6,3,1,17,-9746.84372312828
Random,2,6,3,1,18,-9746.84372312828
Random,2,6,3,1,19,-9746.84372312828
Random,2,6,3,1,20,-9746.84372312828
qLogEI,2,6,3,1,1,inf
qLogEI,2,6,3,1,2,inf
qLogEI,2,6,3,1,3,inf
qLogEI,2,6,3,1,4,inf
qLogEI,2,6,3,1,5,inf
qLogEI,2,6,3,1,6,inf
qLogEI,2,6,3,1,7,inf
qLogEI,2,6,3,1,8,inf
qLogEI,2,6,3,1,9,inf
qLogEI,2,6,3,1,10,inf
qLogEI,2,6,3,1,11,inf
qLogEI,2,6,3,1,12,inf
qLogEI,2,6,3,1,13,inf
qLogEI,2,6,3,1,14,-9854.042379230921
qLogEI,2,6,3,1,15,-9854.042379230921
qLogEI,2,6,3,1,16,-9854.042379230921
qLogEI,2,6,3,1,17,-9854.042379230921
qLogEI,2,6,3,1,18,-9854.042379230921
qLogEI,2,6,3,1,19,-9854.042379230921
qLogEI,2,6,3,1,20,-9857.980944185325
RL,2,6,3,1,1,inf
RL,2,6,3,1,2,inf
RL,2,6,3,1,3,inf
RL,2,6,3,1,4,inf
RL,2,6,3,1,5,inf
RL,2,6,3,1,6,inf
RL,2,6,3,1,7,inf
RL,2,6,3,1,8,inf
RL,2,6,3,1,9,inf
RL,2,6,3,1,10,inf
RL,2,6,3,1,11,inf
RL,2,6,3,1,12,inf
RL,2,6,3,1,13,inf
RL,2,6,3,1,14,inf
RL,2,6,3,1,15,inf
RL,2,6,3,1,16,inf
RL,2,6,3,1,17,inf
RL,2,6,3,1,18,inf
RL,2,6,3,1,19,inf
RL,2,6,3,1,20,inf
Random,2,6,3,2,1,inf
Random,2,6,3,2,2,inf
Random,2,6,3,2,3,inf
Random,2,6,3,2,4,inf
Random,2,6,3,2,5,inf
Random,2,6,3,2,6,inf
Random,2,6,3,2,7,inf
Random,2,6,3,2,8,inf
Random,2,6,3,2,9,inf
Random,2,6,3,2,10,inf
Random,2,6,3,2,11,inf
Random,2,6,3,2,12,inf
Random,2,6,3,2,13,inf
Random,2,6,3,2,14,inf
Random,2,6,3,2,15,inf
Random,2,6,3,2,16,inf
Random,2,6,3,2,17,inf
Random,2,6,3,2,18,inf
Random,2,6,3,2,19,inf
Random,2,6,3,2,20,inf
qLogEI,2,6,3,2,1,inf
qLogEI,2,6,3,2,2,inf
qLogEI,2,6,3,2,3,inf
qLogEI,2,6,3,2,4,inf
qLogEI,2,6,3,2,5,-9582.5910679214
qLogEI,2,6,3,2,6,-9582.5910679214
qLogEI,2,6,3,2,7,-9582.5910679214
qLogEI,2,6,3,2,8,-9772.710769199837
qLogEI,2,6,3,2,9,-9772.710769199837
qLogEI,2,6,3,2,10,-9772.710769199837
qLogEI,2,6,3,2,11,-9772.710769199837
qLogEI,2,6,3,2,12,-9838.95911354814
qLogEI,2,6,3,2,13,-9838.95911354814
qLogEI,2,6,3,2,14,-9838.95911354814
qLogEI,2,6,3,2,15,-9860.656916494048
qLogEI,2,6,3,2,16,-9861.97586334278
qLogEI,2,6,3,2,17,-9862.525030044964
qLogEI,2,6,3,2,18,-9862.525030044964
qLogEI,2,6,3,2,19,-9863.779360755767
qLogEI,2,6,3,2,20,-9864.033477010229
RL,2,6,3,2,1,inf
RL,2,6,3,2,2,inf
RL,2,6,3,2,3,inf
RL,2,6,3,2,4,inf
RL,2,6,3,2,5,inf
RL,2,6,3,2,6,inf
RL,2,6,3,2,7,inf
RL,2,6,3,2,8,inf
RL,2,6,3,2,9,inf
RL,2,6,3,2,10,inf
RL,2,6,3,2,11,inf
RL,2,6,3,2,12,inf
RL,2,6,3,2,13,inf
RL,2,6,3,2,14,inf
RL,2,6,3,2,15,inf
RL,2,6,3,2,16,inf
RL,2,6,3,2,17,inf
RL,2,6,3,2,18,inf
RL,2,6,3,2,19,inf
RL,2,6,3,2,20,inf
Random,2,6,3,3,1,inf
Random,2,6,3,3,2,inf
Random,2,6,3,3,3,inf
Random,2,6,3,3,4,inf
Random,2,6,3,3,5,inf
Random,2,6,3,3,6,inf
Random,2,6,3,3,7,inf
Random,2,6,3,3,8,inf
Random,2,6,3,3,9,inf
Random,2,6,3,3,10,inf
Random,2,6,3,3,11,inf
Random,2,6,3,3,12,inf
Random,2,6,3,3,13,inf
Random,2,6,3,3,14,-9533.759544005015
Random,2,6,3,3,15,-9533.759544005015
Random,2,6,3,3,16,-9533.759544005015
Random,2,6,3,3,17,-9533.759544005015
Random,2,6,3,3,18,-9533.759544005015
Random,2,6,3,3,19,-9533.759544005015
Random,2,6,3,3,20,-9847.792957389072
qLogEI,2,6,3,3,1,inf
qLogEI,2,6,3,3,2,inf
qLogEI,2,6,3,3,3,inf
qLogEI,2,6,3,3,4,inf
qLogEI,2,6,3,3,5,inf
qLogEI,2,6,3,3,6,inf
qLogEI,2,6,3,3,7,inf
qLogEI,2,6,3,3,8,inf
qLogEI,2,6,3,3,9,inf
qLogEI,2,6,3,3,10,inf
qLogEI,2,6,3,3,11,inf
qLogEI,2,6,3,3,12,inf
qLogEI,2,6,3,3,13,inf
qLogEI,2,6,3,3,14,inf
qLogEI,2,6,3,3,15,inf
qLogEI,2,6,3,3,16,inf
qLogEI,2,6,3,3,17,-9877.674509360992
qLogEI,2,6,3,3,18,-9877.674509360992
qLogEI,2,6,3,3,19,-9877.674509360992
qLogEI,2,6,3,3,20,-9880.966306994804
RL,2,6,3,3,1,inf
RL,2,6,3,3,2,inf
RL,2,6,3,3,3,inf
RL,2,6,3,3,4,inf
RL,2,6,3,3,5,inf
RL,2,6,3,3,6,inf
RL,2,6,3,3,7,inf
RL,2,6,3,3,8,inf
RL,2,6,3,3,9,inf
RL,2,6,3,3,10,inf
RL,2,6,3,3,11,inf
RL,2,6,3,3,12,inf
RL,2,6,3,3,13,inf
RL,2,6,3,3,14,inf
RL,2,6,3,3,15,inf
RL,2,6,3,3,16,inf
RL,2,6,3,3,17,inf
RL,2,6,3,3,18,inf
RL,2,6,3,3,19,inf
RL,2,6,3,3,20,inf
Random,2,6,3,4,1,inf
Random,2,6,3,4,2,inf
Random,2,6,3,4,3,-9528.020599058158
Random,2,6,3,4,4,-9528.020599058158
Random,2,6,3,4,5,-9528.020599058158
Random,2,6,3,4,6,-9528.020599058158
Random,2,6,3,4,7,-9528.020599058158
Random,2,6,3,4,8,-9528.020599058158
Random,2,6,3,4,9,-9528.020599058158
Random,2,6,3,4,10,-9528.020599058158
Random,2,6,3,4,11,-9528.020599058158
Random,2,6,3,4,12,-9528.020599058158
Random,2,6,3,4,13,-9528.020599058158
Random,2,6,3,4,14,-9528.020599058158
Random,2,6,3,4,15,-9528.020599058158
Random,2,6,3,4,16,-9528.020599058158
Random,2,6,3,4,17,-9528.020599058158
Random,2,6,3,4,18,-9528.020599058158
Random,2,6,3,4,19,-9528.020599058158
Random,2,6,3,4,20,-9664.61995150882
qLogEI,2,6,3,4,1,inf
qLogEI,2,6,3,4,2,inf
qLogEI,2,6,3,4,3,-9528.020599058158
qLogEI,2,6,3,4,4,-9528.020599058158
qLogEI,2,6,3,4,5,-9528.020599058158
qLogEI,2,6,3,4,6,-9528.020599058158
qLogEI,2,6,3,4,7,-9528.020599058158
qLogEI,2,6,3,4,8,-9560.400655892496
qLogEI,2,6,3,4,9,-9568.04255631396
qLogEI,2,6,3,4,10,-9673.639088083677
qLogEI,2,6,3,4,11,-9837.143325586063
qLogEI,2,6,3,4,12,-9837.143325586063
qLogEI,2,6,3,4,13,-9837.143325586063
qLogEI,2,6,3,4,14,-9837.143325586063
qLogEI,2,6,3,4,15,-9837.143325586063
qLogEI,2,6,3,4,16,-9849.095219573313
qLogEI,2,6,3,4,17,-9864.503683966203
qLogEI,2,6,3,4,18,-9866.535780661681
qLogEI,2,6,3,4,19,-9866.535780661681
qLogEI,2,6,3,4,20,-9866.535780661681
RL,2,6,3,4,1,inf
RL,2,6,3,4,2,inf
RL,2,6,3,4,3,-9528.020599058158
RL,2,6,3,4,4,-9528.020599058158
RL,2,6,3,4,5,-9528.020599058158
RL,2,6,3,4,6,-9528.020599058158
RL,2,6,3,4,7,-9528.020599058158
RL,2,6,3,4,8,-9528.020599058158
RL,2,6,3,4,9,-9528.020599058158
RL,2,6,3,4,10,-9528.020599058158
RL,2,6,3,4,11,-9528.020599058158
RL,2,6,3,4,12,-9528.020599058158
RL,2,6,3,4,13,-9528.020599058158
RL,2,6,3,4,14,-9528.020599058158
RL,2,6,3,4,15,-9528.020599058158
RL,2,6,3,4,16,-9528.020599058158
RL,2,6,3,4,17,-9528.020599058158
RL,2,6,3,4,18,-9528.020599058158
RL,2,6,3,4,19,-9528.020599058158
RL,2,6,3,4,20,-9528.020599058158
Random,2,50,1,0,1,inf
Random,2,50,1,0,2,inf
Random,2,50,1,0,3,799.3514371598862
Random,2,50,1,0,4,799.3514371598862
Random,2,50,1,0,5,799.3514371598862
Random,2,50,1,0,6,494.8137032145776
Random,2,50,1,0,7,494.8137032145776
Random,2,50,1,0,8,494.8137032145776
Random,2,50,1,0,9,494.8137032145776
Random,2,50,1,0,10,494.8137032145776
Random,2,50,1,0,11,494.8137032145776
Random,2,50,1,0,12,494.8137032145776
Random,2,50,1,0,13,494.8137032145776
Random,2,50,1,0,14,493.7424187470792
Random,2,50,1,0,15,493.7424187470792
Random,2,50,1,0,16,493.7424187470792
Random,2,50,1,0,17,493.7424187470792
Random,2,50,1,0,18,493.7424187470792
Random,2,50,1,0,19,493.7424187470792
Random,2,50,1,0,20,493.7424187470792
qLogEI,2,50,1,0,1,inf
qLogEI,2,50,1,0,2,inf
qLogEI,2,50,1,0,3,799.3514371598862
qLogEI,2,50,1,0,4,799.3514371598862
qLogEI,2,50,1,0,5,799.3514371598862
qLogEI,2,50,1,0,6,799.3514371598862
qLogEI,2,50,1,0,7,799.3514371598862
qLogEI,2,50,1,0,8,336.3531735856118
qLogEI,2,50,1,0,9,336.3531735856118
qLogEI,2,50,1,0,10,336.3531735856118
qLogEI,2,50,1,0,11,336.3531735856118
qLogEI,2,50,1,0,12,336.3531735856118
qLogEI,2,50,1,0,13,336.3531735856118
qLogEI,2,50,1,0,14,336.3531735856118
qLogEI,2,50,1,0,15,336.3531735856118
qLogEI,2,50,1,0,16,336.3531735856118
qLogEI,2,50,1,0,17,336.3531735856118
qLogEI,2,50,1,0,18,336.3531735856118
qLogEI,2,50,1,0,19,336.3531735856118
qLogEI,2,50,1,0,20,336.3531735856118
RL,2,50,1,0,1,inf
RL,2,50,1,0,2,inf
RL,2,50,1,0,3,799.3514371598862
RL,2,50,1,0,4,799.3514371598862
RL,2,50,1,0,5,799.3514371598862
RL,2,50,1,0,6,799.3514371598862
RL,2,50,1,0,7,799.3514371598862
RL,2,50,1,0,8,799.3514371598862
RL,2,50,1,0,9,799.3514371598862
RL,2,50,1,0,10,799.3514371598862
RL,2,50,1,0,11,799.3514371598862
RL,2,50,1,0,12,799.3514371598862
RL,2,50,1,0,13,799.3514371598862
RL,2,50,1,0,14,799.3514371598862
RL,2,50,1,0,15,799.3514371598862
RL,2,50,1,0,16,799.3514371598862
RL,2,50,1,0,17,799.3514371598862
RL,2,50,1,0,18,799.3514371598862
RL,2,50,1,0,19,799.3514371598862
RL,2,50,1,0,20,799.3514371598862
Random,2,50,1,1,1,876.3589704399865
Random,2,50,1,1,2,876.3589704399865
Random,2,50,1,1,3,876.3589704399865
Random,2,50,1,1,4,655.3916856026017
Random,2,50,1,1,5,655.3916856026017
Random,2,50,1,1,6,427.5868102823219
Random,2,50,1,1,7,427.5868102823219
Random,2,50,1,1,8,427.5868102823219
Random,2,50,1,1,9,427.5868102823219
Random,2,50,1,1,10,166.19583632102146
Random,2,50,1,1,11,166.19583632102146
Random,2,50,1,1,12,166.19583632102146
Random,2,50,1,1,13,166.19583632102146
Random,2,50,1,1,14,166.19583632102146
Random,2,50,1,1,15,166.19583632102146
Random,2,50,1,1,16,166.19583632102146
Random,2,50,1,1,17,166.19583632102146
Random,2,50,1,1,18,166.19583632102146
Random,2,50,1,1,19,166.19583632102146
Random,2,50,1,1,20,166.19583632102146
qLogEI,2,50,1,1,1,876.3589704399865
qLogEI,2,50,1,1,2,876.3589704399865
qLogEI,2,50,1,1,3,876.3589704399865
qLogEI,2,50,1,1,4,655.3916856026017
qLogEI,2,50,1,1,5,655.3916856026017
qLogEI,2,50,1,1,6,655.3916856026017
qLogEI,2,50,1,1,7,655.3916856026017
qLogEI,2,50,1,1,8,655.3916856026017
qLogEI,2,50,1,1,9,655.3916856026017
qLogEI,2,50,1,1,10,655.3916856026017
qLogEI,2,50,1,1,11,655.3916856026017
qLogEI,2,50,1,1,12,135.72111836251426
qLogEI,2,50,1,1,13,135.72111836251426
qLogEI,2,50,1,1,14,135.72111836251426
qLogEI,2,50,1,1,15,135.72111836251426
qLogEI,2,50,1,1,16,135.72111836251426
qLogEI,2,50,1,1,17,135.72111836251426
qLogEI,2,50,1,1,18,135.72111836251426
qLogEI,2,50,1,1,19,135.72111836251426
qLogEI,2,50,1,1,20,135.72111836251426
RL,2,50,1,1,1,876.3589704399865
RL,2,50,1,1,2,876.3589704399865
RL,2,50,1,1,3,876.3589704399865
RL,2,50,1,1,4,655.3916856026017
RL,2,50,1,1,5,655.3916856026017
RL,2,50,1,1,6,655.3916856026017
RL,2,50,1,1,7,655.3916856026017
RL,2,50,1,1,8,655.3916856026017
RL,2,50,1,1,9,655.3916856026017
RL,2,50,1,1,10,655.3916856026017
RL,2,50,1,1,11,655.3916856026017
RL,2,50,1,1,12,655.3916856026017
RL,2,50,1,1,13,655.3916856026017
RL,2,50,1,1,14,655.3916856026017
RL,2,50,1,1,15,655.3916856026017
RL,2,50,1,1,16,655.3916856026017
RL,2,50,1,1,17,655.3916856026017
RL,2,50,1,1,18,655.3916856026017
RL,2,50,1,1,19,655.3916856026017
RL,2,50,1,1,20,655.3916856026017
Random,2,50,1,2,1,inf
Random,2,50,1,2,2,1013.2760417412868
Random,2,50,1,2,3,1013.2760417412868
Random,2,50,1,2,4,866.0082337652777
Random,2,50,1,2,5,866.0082337652777
Random,2,50,1,2,6,866.0082337652777
Random,2,50,1,2,7,206.37286387123157
Random,2,50,1,2,8,206.37286387123157
Random,2,50,1,2,9,132.0809747546461
Random,2,50,1,2,10,132.0809747546461
Random,2,50,1,2,11,132.0809747546461
Random,2,50,1,2,12,132.0809747546461
Random,2,50,1,2,13,132.0809747546461
Random,2,50,1,2,14,132.0809747546461
Random,2,50,1,2,15,132.0809747546461
Random,2,50,1,2,16,132.0809747546461
Random,2,50,1,2,17,132.0809747546461
Random,2,50,1,2,18,132.0809747546461
Random,2,50,1,2,19,132.0809747546461
Random,2,50,1,2,20,132.0809747546461
qLogEI,2,50,1,2,1,inf
qLogEI,2,50,1,2,2,1013.2760417412868
qLogEI,2,50,1,2,3,1013.2760417412868
qLogEI,2,50,1,2,4,866.0082337652777
qLogEI,2,50,1,2,5,866.0082337652777
qLogEI,2,50,1,2,6,866.0082337652777
qLogEI,2,50,1,2,7,866.0082337652777
qLogEI,2,50,1,2,8,866.0082337652777
qLogEI,2,50,1,2,9,866.0082337652777
qLogEI,2,50,1,2,10,866.0082337652777
qLogEI,2,50,1,2,11,866.0082337652777
qLogEI,2,50,1,2,12,866.0082337652777
qLogEI,2,50,1,2,13,866.0082337652777
qLogEI,2,50,1,2,14,314.58834623836043
qLogEI,2,50,1,2,15,314.58834623836043
qLogEI,2,50,1,2,16,314.58834623836043
qLogEI,2,50,1,2,17,314.58834623836043
qLogEI,2,50,1,2,18,314.58834623836043
qLogEI,2,50,1,2,19,314.58834623836043
qLogEI,2,50,1,2,20,314.58834623836043
RL,2,50,1,2,1,inf
RL,2,50,1,2,2,1013.2760417412868
RL,2,50,1,2,3,1013.2760417412868
RL,2,50,1,2,4,866.0082337652777
RL,2,50,1,2,5,866.0082337652777
RL,2,50,1,2,6,866.0082337652777
RL,2,50,1,2,7,866.0082337652777
RL,2,50,1,2,8,866.0082337652777
RL,2,50,1,2,9,866.0082337652777
RL,2,50,1,2,10,866.0082337652777
RL,2,50,1,2,11,866.0082337652777
RL,2,50,1,2,12,866.0082337652777
RL,2,50,1,2,13,866.0082337652777
RL,2,50,1,2,14,866.0082337652777
RL,2,50,1,2,15,866.0082337652777
RL,2,50,1,2,16,866.0082337652777
RL,2,50,1,2,17,866.0082337652777
RL,2,50,1,2,18,866.0082337652777
RL,2,50,1,2,19,866.0082337652777
RL,2,50,1,2,20,866.0082337652777
Random,2,50,1,3,1,284.21511665844156
Random,2,50,1,3,2,284.21511665844156
Random,2,50,1,3,3,284.21511665844156
Random,2,50,1,3,4,284.21511665844156
Random,2,50,1,3,5,284.21511665844156
Random,2,50,1,3,6,284.21511665844156
Random,2,50,1,3,7,284.21511665844156
Random,2,50,1,3,8,284.21511665844156
Random,2,50,1,3,9,284.21511665844156
Random,2,50,1,3,10,190.350646303926
Random,2,50,1,3,11,190.350646303926
Random,2,50,1,3,12,190.350646303926
Random,2,50,1,3,13,190.350646303926
Random,2,50,1,3,14,190.350646303926
Random,2,50,1,3,15,190.350646303926
Random,2,50,1,3,16,190.350646303926
Random,2,50,1,3,17,190.350646303926
Random,2,50,1,3,18,190.350646303926
Random,2,50,1,3,19,190.350646303926
Random,2,50,1,3,20,190.350646303926
qLogEI,2,50,1,3,1,284.21511665844156
qLogEI,2,50,1,3,2,284.21511665844156
qLogEI,2,50,1,3,3,284.21511665844156
qLogEI,2,50,1,3,4,284.21511665844156
qLogEI,2,50,1,3,5,284.21511665844156
qLogEI,2,50,1,3,6,284.21511665844156
qLogEI,2,50,1,3,7,284.21511665844156
qLogEI,2,50,1,3,8,284.21511665844156
qLogEI,2,50,1,3,9,284.21511665844156
qLogEI,2,50,1,3,10,284.21511665844156
qLogEI,2,50,1,3,11,284.21511665844156
qLogEI,2,50,1,3,12,284.21511665844156
qLogEI,2,50,1,3,13,284.21511665844156
qLogEI,2,50,1,3,14,284.21511665844156
qLogEI,2,50,1,3,15,284.21511665844156
qLogEI,2,50,1,3,16,284.21511665844156
qLogEI,2,50,1,3,17,284.21511665844156
qLogEI,2,50,1,3,18,284.21511665844156
qLogEI,2,50,1,3,19,241.67888521069682
qLogEI,2,50,1,3,20,241.67888521069682
RL,2,50,1,3,1,284.21511665844156
RL,2,50,1,3,2,284.21511665844156
RL,2,50,1,3,3,284.21511665844156
RL,2,50,1,3,4,284.21511665844156
RL,2,50,1,3,5,284.21511665844156
RL,2,50,1,3,6,284.21511665844156
RL,2,50,1,3,7,284.21511665844156
RL,2,50,1,3,8,284.21511665844156
RL,2,50,1,3,9,284.21511665844156
RL,2,50,1,3,10,284.21511665844156
RL,2,50,1,3,11,284.21511665844156
RL,2,50,1,3,12,284.21511665844156
RL,2,50,1,3,13,284.21511665844156
RL,2,50,1,3,14,284.21511665844156
RL,2,50,1,3,15,284.21511665844156
RL,2,50,1,3,16,284.21511665844156
RL,2,50,1,3,17,284.21511665844156
RL,2,50,1,3,18,284.21511665844156
RL,2,50,1,3,19,284.21511665844156
RL,2,50,1,3,20,284.21511665844156
Random,2,50,1,4,1,inf
Random,2,50,1,4,2,inf
Random,2,50,1,4,3,699.9407664688265
Random,2,50,1,4,4,559.6064985445274
Random,2,50,1,4,5,559.6064985445274
Random,2,50,1,4,6,559.6064985445274
Random,2,50,1,4,7,472.9805423545695
Random,2,50,1,4,8,430.61367328144513
Random,2,50,1,4,9,430.61367328144513
Random,2,50,1,4,10,430.61367328144513
Random,2,50,1,4,11,430.61367328144513
Random,2,50,1,4,12,430.61367328144513
Random,2,50,1,4,13,430.61367328144513
Random,2,50,1,4,14,129.98920041002154
Random,2,50,1,4,15,129.98920041002154
Random,2,50,1,4,16,129.98920041002154
Random,2,50,1,4,17,129.98920041002154
Random,2,50,1,4,18,129.98920041002154
Random,2,50,1,4,19,129.98920041002154
Random,2,50,1,4,20,129.98920041002154
qLogEI,2,50,1,4,1,inf
qLogEI,2,50,1,4,2,inf
qLogEI,2,50,1,4,3,699.9407664688265
qLogEI,2,50,1,4,4,559.6064985445274
qLogEI,2,50,1,4,5,559.6064985445274
qLogEI,2,50,1,4,6,559.6064985445274
qLogEI,2,50,1,4,7,559.6064985445274
qLogEI,2,50,1,4,8,559.6064985445274
qLogEI,2,50,1,4,9,61.009471137701006
qLogEI,2,50,1,4,10,61.009471137701006
qLogEI,2,50,1,4,11,61.009471137701006
qLogEI,2,50,1,4,12,61.009471137701006
qLogEI,2,50,1,4,13,61.009471137701006
qLogEI,2,50,1,4,14,61.009471137701006
qLogEI,2,50,1,4,15,61.009471137701006
qLogEI,2,50,1,4,16,61.009471137701006
qLogEI,2,50,1,4,17,61.009471137701006
qLogEI,2,50,1,4,18,61.009471137701006
qLogEI,2,50,1,4,19,61.009471137701006
qLogEI,2,50,1,4,20,61.009471137701006
RL,2,50,1,4,1,inf
RL,2,50,1,4,2,inf
RL,2,50,1,4,3,699.9407664688265
RL,2,50,1,4,4,559.6064985445274
RL,2,50,1,4,5,559.6064985445274
RL,2,50,1,4,6,559.6064985445274
RL,2,50,1,4,7,559.6064985445274
RL,2,50,1,4,8,559.6064985445274
RL,2,50,1,4,9,559.6064985445274
RL,2,50,1,4,10,559.6064985445274
RL,2,50,1,4,11,559.6064985445274
RL,2,50,1,4,12,559.6064985445274
RL,2,50,1,4,13,559.6064985445274
RL,2,50,1,4,14,559.6064985445274
RL,2,50,1,4,15,559.6064985445274
RL,2,50,1,4,16,559.6064985445274
RL,2,50,1,4,17,559.6064985445274
RL,2,50,1,4,18,559.6064985445274
RL,2,50,1,4,19,559.6064985445274
RL,2,50,1,4,20,559.6064985445274
Random,2,50,2,0,1,inf
Random,2,50,2,0,2,inf
Random,2,50,2,0,3,inf
Random,2,50,2,0,4,inf
Random,2,50,2,0,5,inf
Random,2,50,2,0,6,inf
Random,2,50,2,0,7,inf
Random,2,50,2,0,8,inf
Random,2,50,2,0,9,inf
Random,2,50,2,0,10,8886.431682531118
Random,2,50,2,0,11,8748.691754136544
Random,2,50,2,0,12,8748.691754136544
Random,2,50,2,0,13,8748.691754136544
Random,2,50,2,0,14,8748.691754136544
Random,2,50,2,0,15,8748.691754136544
Random,2,50,2,0,16,8748.691754136544
Random,2,50,2,0,17,8748.691754136544
Random,2,50,2,0,18,8748.691754136544
Random,2,50,2,0,19,8748.691754136544
Random,2,50,2,0,20,8748.691754136544
qLogEI,2,50,2,0,1,inf
qLogEI,2,50,2,0,2,inf
qLogEI,2,50,2,0,3,inf
qLogEI,2,50,2,0,4,inf
qLogEI,2,50,2,0,5,inf
qLogEI,2,50,2,0,6,8814.763893229054
qLogEI,2,50,2,0,7,8812.816211444851
qLogEI,2,50,2,0,8,8684.901600126994
qLogEI,2,50,2,0,9,8684.901600126994
qLogEI,2,50,2,0,10,8594.356618371588
qLogEI,2,50,2,0,11,8594.356618371588
qLogEI,2,50,2,0,12,8594.356618371588
qLogEI,2,50,2,0,13,8594.356618371588
qLogEI,2,50,2,0,14,8594.356618371588
qLogEI,2,50,2,0,15,8594.129671523215
qLogEI,2,50,2,0,16,8594.129671523215
qLogEI,2,50,2,0,17,8554.103702731138
qLogEI,2,50,2,0,18,8554.103702731138
qLogEI,2,50,2,0,19,8554.103702731138
qLogEI,2,50,2,0,20,8554.012921400661
RL,2,50,2,0,1,inf
RL,2,50,2,0,2,inf
RL,2,50,2,0,3,inf
RL,2,50,2,0,4,inf
RL,2,50,2,0,5,8765.420472337775
RL,2,50,2,0,6,8765.420472337775
RL,2,50,2,0,7,8765.420472337775
RL,2,50,2,0,8,8765.420472337775
RL,2,50,2,0,9,8765.420472337775
RL,2,50,2,0,10,8765.420472337775
RL,2,50,2,0,11,8765.420472337775
RL,2,50,2,0,12,8765.420472337775
RL,2,50,2,0,13,8765.420472337775
RL,2,50,2,0,14,8765.420472337775
RL,2,50,2,0,15,8765.420472337775
RL,2,50,2,0,16,8765.420472337775
RL,2,50,2,0,17,8765.420472337775
RL,2,50,2,0,18,8765.420472337775
RL,2,50,2,0,19,8765.420472337775
RL,2,50,2,0,20,8765.420472337775
Random,2,50,2,1,1,inf
Random,2,50,2,1,2,inf
Random,2,50,2,1,3,inf
Random,2,50,2,1,4,inf
Random,2,50,2,1,5,8998.262689886655
Random,2,50,2,1,6,8998.262689886655
Random,2,50,2,1,7,8998.262689886655
Random,2,50,2,1,8,8998.262689886655
Random,2,50,2,1,9,8998.262689886655
Random,2,50,2,1,10,8998.262689886655
Random,2,50,2,1,11,8998.262689886655
Random,2,50,2,1,12,8998.262689886655
Random,2,50,2,1,13,8998.262689886655
Random,2,50,2,1,14,8998.262689886655
Random,2,50,2,1,15,8998.262689886655
Random,2,50,2,1,16,8998.262689886655
Random,2,50,2,1,17,8998.262689886655
Random,2,50,2,1,18,8998.262689886655
Random,2,50,2,1,19,8998.262689886655
Random,2,50,2,1,20,8998.262689886655
qLogEI,2,50,2,1,1,inf
qLogEI,2,50,2,1,2,inf
qLogEI,2,50,2,1,3,inf
qLogEI,2,50,2,1,4,inf
qLogEI,2,50,2,1,5,inf
qLogEI,2,50,2,1,6,8853.985724975226
qLogEI,2,50,2,1,7,8762.774835631946
qLogEI,2,50,2,1,8,8762.774835631946
qLogEI,2,50,2,1,9,8762.774835631946
qLogEI,2,50,2,1,10,8762.774835631946
qLogEI,2,50,2,1,11,8568.50093273391
qLogEI,2,50,2,1,12,8567.838282271188
qLogEI,2,50,2,1,13,8567.838282271188
qLogEI,2,50,2,1,14,8567.838282271188
qLogEI,2,50,2,1,15,8567.838282271188
qLogEI,2,50,2,1,16,8564.818974636539
qLogEI,2,50,2,1,17,8563.94988048642
qLogEI,2,50,2,1,18,8563.94988048642
qLogEI,2,50,2,1,19,8563.94988048642
qLogEI,2,50,2,1,20,8563.946278217194
RL,2,50,2,1,1,inf
RL,2,50,2,1,2,inf
RL,2,50,2,1,3,inf
RL,2,50,2,1,4,inf
RL,2,50,2,1,5,8815.619343570006
RL,2,50,2,1,6,8815.619343570006
RL,2,50,2,1,7,8815.619343570006
RL,2,50,2,1,8,8815.619343570006
RL,2,50,2,1,9,8815.619343570006
RL,2,50,2,1,10,8815.619343570006
RL,2,50,2,1,11,8815.619343570006
RL,2,50,2,1,12,8815.619343570006
RL,2,50,2,1,13,8815.619343570006
RL,2,50,2,1,14,8815.619343570006
RL,2,50,2,1,15,8815.619343570006
RL,2,50,2,1,16,8815.619343570006
RL,2,50,2,1,17,8815.619343570006
RL,2,50,2,1,18,8815.619343570006
RL,2,50,2,1,19,8815.619343570006
RL,2,50,2,1,20,8815.619343570006
Random,2,50,2,2,1,inf
Random,2,50,2,2,2,inf
Random,2,50,2,2,3,inf
Random,2,50,2,2,4,8835.20851483428
Random,2,50,2,2,5,8835.20851483428
Random,2,50,2,2,6,8835.20851483428
Random,2,50,2,2,7,8835.20851483428
Random,2,50,2,2,8,8835.20851483428
Random,2,50,2,2,9,8835.20851483428
Random,2,50,2,2,10,8835.20851483428
Random,2,50,2,2,11,8835.20851483428
Random,2,50,2,2,12,8835.20851483428
Random,2,50,2,2,13,8835.20851483428
Random,2,50,2,2,14,8835.20851483428
Random,2,50,2,2,15,8835.20851483428
Random,2,50,2,2,16,8835.20851483428
Random,2,50,2,2,17,8835.20851483428
Random,2,50,2,2,18,8835.20851483428
Random,2,50,2,2,19,8835.20851483428
Random,2,50,2,2,20,8835.20851483428
qLogEI,2,50,2,2,1,inf
qLogEI,2,50,2,2,2,inf
qLogEI,2,50,2,2,3,inf
qLogEI,2,50,2,2,4,8835.20851483428
qLogEI,2,50,2,2,5,8634.525094165409
qLogEI,2,50,2,2,6,8614.600446883525
qLogEI,2,50,2,2,7,8601.663067022884
qLogEI,2,50,2,2,8,8601.663067022884
qLogEI,2,50,2,2,9,8601.663067022884
qLogEI,2,50,2,2,10,8601.663067022884
qLogEI,2,50,2,2,11,8574.206305367998
qLogEI,2,50,2,2,12,8574.10949394269
qLogEI,2,50,2,2,13,8574.10949394269
qLogEI,2,50,2,2,14,8574.10949394269
qLogEI,2,50,2,2,15,8574.10949394269
qLogEI,2,50,2,2,16,8573.940192676511
qLogEI,2,50,2,2,17,8573.901045568266
qLogEI,2,50,2,2,18,8573.901045568266
qLogEI,2,50,2,2,19,8573.900829850123
qLogEI,2,50,2,2,20,8573.900684843384
RL,2,50,2,2,1,inf
RL,2,50,2,2,2,inf
RL,2,50,2,2,3,inf
RL,2,50,2,2,4,8835.20851483428
RL,2,50,2,2,5,8835.20851483428
RL,2,50,2,2,6,8835.20851483428
RL,2,50,2,2,7,8835.20851483428
RL,2,50,2,2,8,8835.20851483428
RL,2,50,2,2,9,8835.20851483428
RL,2,50,2,2,10,8835.20851483428
RL,2,50,2,2,11,8835.20851483428
RL,2,50,2,2,12,8835.20851483428
RL,2,50,2,2,13,8835.20851483428
RL,2,50,2,2,14,8835.20851483428
RL,2,50,2,2,15,8835.20851483428
RL,2,50,2,2,16,8835.20851483428
RL,2,50,2,2,17,8835.20851483428
RL,2,50,2,2,18,8835.20851483428
RL,2,50,2,2,19,8835.20851483428
RL,2,50,2,2,20,8835.20851483428
Random,2,50,2,3,1,inf
Random,2,50,2,3,2,inf
Random,2,50,2,3,3,inf
Random,2,50,2,3,4,inf
Random,2,50,2,3,5,inf
Random,2,50,2,3,6,inf
Random,2,50,2,3,7,inf
Random,2,50,2,3,8,inf
Random,2,50,2,3,9,inf
Random,2,50,2,3,10,inf
Random,2,50,2,3,11,inf
Random,2,50,2,3,12,inf
Random,2,50,2,3,13,inf
Random,2,50,2,3,14,inf
Random,2,50,2,3,15,inf
Random,2,50,2,3,16,inf
Random,2,50,2,3,17,inf
Random,2,50,2,3,18,inf
Random,2,50,2,3,19,inf
Random,2,50,2,3,20,inf
qLogEI,2,50,2,3,1,inf
qLogEI,2,50,2,3,2,inf
qLogEI,2,50,2,3,3,inf
qLogEI,2,50,2,3,4,inf
qLogEI,2,50,2,3,5,inf
qLogEI,2,50,2,3,6,inf
qLogEI,2,50,2,3,7,inf
qLogEI,2,50,2,3,8,8811.165790743018
qLogEI,2,50,2,3,9,8811.165790743018
qLogEI,2,50,2,3,10,8811.165790743018
qLogEI,2,50,2,3,11,8811.165790743018
qLogEI,2,50,2,3,12,8756.75237526284
qLogEI,2,50,2,3,13,8600.227610009219
qLogEI,2,50,2,3,14,8600.227610009219
qLogEI,2,50,2,3,15,8600.227610009219
qLogEI,2,50,2,3,16,8600.227610009219
qLogEI,2,50,2,3,17,8587.371656214216
qLogEI,2,50,2,3,18,8587.371656214216
qLogEI,2,50,2,3,19,8568.600560915998
qLogEI,2,50,2,3,20,8568.600560915998
RL,2,50,2,3,1,inf
RL,2,50,2,3,2,inf
RL,2,50,2,3,3,inf
RL,2,50,2,3,4,inf
RL,2,50,2,3,5,inf
RL,2,50,2,3,6,8838.252103609682
RL,2,50,2,3,7,8838.252103609682
RL,2,50,2,3,8,8838.252103609682
RL,2,50,2,3,9,8838.252103609682
RL,2,50,2,3,10,8838.252103609682
RL,2,50,2,3,11,8838.252103609682
RL,2,50,2,3,12,8838.252103609682
RL,2,50,2,3,13,8838.252103609682
RL,2,50,2,3,14,8838.252103609682
RL,2,50,2,3,15,8838.252103609682
RL,2,50,2,3,16,8838.252103609682
RL,2,50,2,3,17,8838.252103609682
RL,2,50,2,3,18,8838.252103609682
RL,2,50,2,3,19,8838.252103609682
RL,2,50,2,3,20,8838.252103609682
Random,2,50,2,4,1,inf
Random,2,50,2,4,2,inf
Random,2,50,2,4,3,inf
Random,2,50,2,4,4,inf
Random,2,50,2,4,5,inf
Random,2,50,2,4,6,inf
Random,2,50,2,4,7,inf
Random,2,50,2,4,8,inf
Random,2,50,2,4,9,inf
Random,2,50,2,4,10,inf
Random,2,50,2,4,11,8691.181356974712
Random,2,50,2,4,12,8652.634353159492
Random,2,50,2,4,13,8652.634353159492
Random,2,50,2,4,14,8652.634353159492
Random,2,50,2,4,15,8652.634353159492
Random,2,50,2,4,16,8652.634353159492
Random,2,50,2,4,17,8652.634353159492
Random,2,50,2,4,18,8652.634353159492
Random,2,50,2,4,19,8652.634353159492
Random,2,50,2,4,20,8652.634353159492
qLogEI,2,50,2,4,1,inf
qLogEI,2,50,2,4,2,inf
qLogEI,2,50,2,4,3,inf
qLogEI,2,50,2,4,4,inf
qLogEI,2,50,2,4,5,8772.025728952518
qLogEI,2,50,2,4,6,8772.025728952518
qLogEI,2,50,2,4,7,8740.82006246923
qLogEI,2,50,2,4,8,8740.82006246923
qLogEI,2,50,2,4,9,8740.82006246923
qLogEI,2,50,2,4,10,8740.82006246923
qLogEI,2,50,2,4,11,8740.82006246923
qLogEI,2,50,2,4,12,8662.633748913393
qLogEI,2,50,2,4,13,8662.633748913393
qLogEI,2,50,2,4,14,8662.633748913393
qLogEI,2,50,2,4,15,8662.633748913393
qLogEI,2,50,2,4,16,8662.633748913393
qLogEI,2,50,2,4,17,8662.633748913393
qLogEI,2,50,2,4,18,8662.633748913393
qLogEI,2,50,2,4,19,8662.633748913393
qLogEI,2,50,2,4,20,8659.192338010425
RL,2,50,2,4,1,inf
RL,2,50,2,4,2,inf
RL,2,50,2,4,3,inf
RL,2,50,2,4,4,inf
RL,2,50,2,4,5,inf
RL,2,50,2,4,6,8884.938203876623
RL,2,50,2,4,7,8884.938203876623
RL,2,50,2,4,8,8884.938203876623
RL,2,50,2,4,9,8884.938203876623
RL,2,50,2,4,10,8884.938203876623
RL,2,50,2,4,11,8884.938203876623
RL,2,50,2,4,12,8884.938203876623
RL,2,50,2,4,13,8884.938203876623
RL,2,50,2,4,14,8884.938203876623
RL,2,50,2,4,15,8884.938203876623
RL,2,50,2,4,16,8884.938203876623
RL,2,50,2,4,17,8884.938203876623
RL,2,50,2,4,18,8884.938203876623
RL,2,50,2,4,19,8884.938203876623
RL,2,50,2,4,20,8884.938203876623
Random,2,50,3,0,1,inf
Random,2,50,3,0,2,inf
Random,2,50,3,0,3,inf
Random,2,50,3,0,4,inf
Random,2,50,3,0,5,inf
Random,2,50,3,0,6,inf
Random,2,50,3,0,7,inf
Random,2,50,3,0,8,inf
Random,2,50,3,0,9,inf
Random,2,50,3,0,10,700.5965878960203
Random,2,50,3,0,11,700.5965878960203
Random,2,50,3,0,12,700.5965878960203
Random,2,50,3,0,13,700.5965878960203
Random,2,50,3,0,14,700.5965878960203
Random,2,50,3,0,15,700.5965878960203
Random,2,50,3,0,16,700.5965878960203
Random,2,50,3,0,17,700.5965878960203
Random,2,50,3,0,18,700.5965878960203
Random,2,50,3,0,19,700.5965878960203
Random,2,50,3,0,20,657.5094577237819
qLogEI,2,50,3,0,1,inf
qLogEI,2,50,3,0,2,inf
qLogEI,2,50,3,0,3,inf
qLogEI,2,50,3,0,4,inf
qLogEI,2,50,3,0,5,451.1873513558066
qLogEI,2,50,3,0,6,451.1873513558066
qLogEI,2,50,3,0,7,451.1873513558066
qLogEI,2,50,3,0,8,451.1873513558066
qLogEI,2,50,3,0,9,451.1873513558066
qLogEI,2,50,3,0,10,182.11088198454917
qLogEI,2,50,3,0,11,182.11088198454917
qLogEI,2,50,3,0,12,182.11088198454917
qLogEI,2,50,3,0,13,182.11088198454917
qLogEI,2,50,3,0,14,182.11088198454917
qLogEI,2,50,3,0,15,182.11088198454917
qLogEI,2,50,3,0,16,182.11088198454917
qLogEI,2,50,3,0,17,182.11088198454917
qLogEI,2,50,3,0,18,182.11088198454917
qLogEI,2,50,3,0,19,176.11734816146267
qLogEI,2,50,3,0,20,176.11734816146267
RL,2,50,3,0,1,inf
RL,2,50,3,0,2,inf
RL,2,50,3,0,3,inf
RL,2,50,3,0,4,inf
RL,2,50,3,0,5,inf
RL,2,50,3,0,6,inf
RL,2,50,3,0,7,inf
RL,2,50,3,0,8,inf
RL,2,50,3,0,9,inf
RL,2,50,3,0,10,inf
RL,2,50,3,0,11,inf
RL,2,50,3,0,12,inf
RL,2,50,3,0,13,inf
RL,2,50,3,0,14,inf
RL,2,50,3,0,15,inf
RL,2,50,3,0,16,inf
RL,2,50,3,0,17,inf
RL,2,50,3,0,18,inf
RL,2,50,3,0,19,inf
RL,2,50,3,0,20,inf
Random,2,50,3,1,1,inf
Random,2,50,3,1,2,458.8079018534427
Random,2,50,3,1,3,458.8079018534427
Random,2,50,3,1,4,458.8079018534427
Random,2,50,3,1,5,458.8079018534427
Random,2,50,3,1,6,458.8079018534427
Random,2,50,3,1,7,458.8079018534427
Random,2,50,3,1,8,458.8079018534427
Random,2,50,3,1,9,458.8079018534427
Random,2,50,3,1,10,458.8079018534427
Random,2,50,3,1,11,458.8079018534427
Random,2,50,3,1,12,458.8079018534427
Random,2,50,3,1,13,458.8079018534427
Random,2,50,3,1,14,458.8079018534427
Random,2,50,3,1,15,458.8079018534427
Random,2,50,3,1,16,359.5641880196198
Random,2,50,3,1,17,359.5641880196198
Random,2,50,3,1,18,359.5641880196198
Random,2,50,3,1,19,359.5641880196198
Random,2,50,3,1,20,359.5641880196198
qLogEI,2,50,3,1,1,inf
qLogEI,2,50,3,1,2,458.8079018534427
qLogEI,2,50,3,1,3,458.8079018534427
qLogEI,2,50,3,1,4,458.8079018534427
qLogEI,2,50,3,1,5,458.8079018534427
qLogEI,2,50,3,1,6,458.8079018534427
qLogEI,2,50,3,1,7,458.8079018534427
qLogEI,2,50,3,1,8,458.8079018534427
qLogEI,2,50,3,1,9,458.8079018534427
qLogEI,2,50,3,1,10,458.8079018534427
qLogEI,2,50,3,1,11,458.8079018534427
qLogEI,2,50,3,1,12,458.8079018534427
qLogEI,2,50,3,1,13,458.8079018534427
qLogEI,2,50,3,1,14,458.8079018534427
qLogEI,2,50,3,1,15,458.8079018534427
qLogEI,2,50,3,1,16,458.8079018534427
qLogEI,2,50,3,1,17,458.8079018534427
qLogEI,2,50,3,1,18,458.8079018534427
qLogEI,2,50,3,1,19,458.8079018534427
qLogEI,2,50,3,1,20,458.8079018534427
RL,2,50,3,1,1,inf
RL,2,50,3,1,2,458.8079018534427
RL,2,50,3,1,3,458.8079018534427
RL,2,50,3,1,4,458.8079018534427
RL,2,50,3,1,5,458.8079018534427
RL,2,50,3,1,6,458.8079018534427
RL,2,50,3,1,7,458.8079018534427
RL,2,50,3,1,8,458.8079018534427
RL,2,50,3,1,9,458.8079018534427
RL,2,50,3,1,10,458.8079018534427
RL,2,50,3,1,11,458.8079018534427
RL,2,50,3,1,12,458.8079018534427
RL,2,50,3,1,13,458.8079018534427
RL,2,50,3,1,14,458.8079018534427
RL,2,50,3,1,15,458.8079018534427
RL,2,50,3,1,16,458.8079018534427
RL,2,50,3,1,17,458.8079018534427
RL,2,50,3,1,18,458.8079018534427
RL,2,50,3,1,19,458.8079018534427
RL,2,50,3,1,20,458.8079018534427
Random,2,50,3,2,1,inf
Random,2,50,3,2,2,inf
Random,2,50,3,2,3,inf
Random,2,50,3,2,4,627.0200498318243
Random,2,50,3,2,5,627.0200498318243
Random,2,50,3,2,6,627.0200498318243
Random,2,50,3,2,7,627.0200498318243
Random,2,50,3,2,8,247.12572070497617
Random,2,50,3,2,9,247.12572070497617
Random,2,50,3,2,10,247.12572070497617
Random,2,50,3,2,11,247.12572070497617
Random,2,50,3,2,12,247.12572070497617
Random,2,50,3,2,13,247.12572070497617
Random,2,50,3,2,14,247.12572070497617
Random,2,50,3,2,15,247.12572070497617
Random,2,50,3,2,16,247.12572070497617
Random,2,50,3,2,17,247.12572070497617
Random,2,50,3,2,18,247.12572070497617
Random,2,50,3,2,19,247.12572070497617
Random,2,50,3,2,20,247.12572070497617
qLogEI,2,50,3,2,1,inf
qLogEI,2,50,3,2,2,inf
qLogEI,2,50,3,2,3,inf
qLogEI,2,50,3,2,4,627.0200498318243
qLogEI,2,50,3,2,5,627.0200498318243
qLogEI,2,50,3,2,6,627.0200498318243
qLogEI,2,50,3,2,7,627.0200498318243
qLogEI,2,50,3,2,8,627.0200498318243
qLogEI,2,50,3,2,9,627.0200498318243
qLogEI,2,50,3,2,10,627.0200498318243
qLogEI,2,50,3,2,11,627.0200498318243
qLogEI,2,50,3,2,12,627.0200498318243
qLogEI,2,50,3,2,13,627.0200498318243
qLogEI,2,50,3,2,14,627.0200498318243
qLogEI,2,50,3,2,15,627.0200498318243
qLogEI,2,50,3,2,16,526.8535109907292
qLogEI,2,50,3,2,17,442.04035581067905
qLogEI,2,50,3,2,18,442.04035581067905
qLogEI,2,50,3,2,19,412.2566032321869
qLogEI,2,50,3,2,20,342.45773856356067
RL,2,50,3,2,1,inf
RL,2,50,3,2,2,inf
RL,2,50,3,2,3,inf
RL,2,50,3,2,4,627.0200498318243
RL,2,50,3,2,5,627.0200498318243
RL,2,50,3,2,6,627.0200498318243
RL,2,50,3,2,7,627.0200498318243
RL,2,50,3,2,8,627.0200498318243
RL,2,50,3,2,9,627.0200498318243
RL,2,50,3,2,10,627.0200498318243
RL,2,50,3,2,11,627.0200498318243
RL,2,50,3,2,12,627.0200498318243
RL,2,50,3,2,13,627.0200498318243
RL,2,50,3,2,14,627.0200498318243
RL,2,50,3,2,15,627.0200498318243
RL,2,50,3,2,16,627.0200498318243
RL,2,50,3,2,17,627.0200498318243
RL,2,50,3,2,18,627.0200498318243
RL,2,50,3,2,19,627.0200498318243
RL,2,50,3,2,20,627.0200498318243
Random,2,50,3,3,1,inf
Random,2,50,3,3,2,inf
Random,2,50,3,3,3,inf
Random,2,50,3,3,4,inf
Random,2,50,3,3,5,inf
Random,2,50,3,3,6,inf
Random,2,50,3,3,7,inf
Random,2,50,3,3,8,inf
Random,2,50,3,3,9,inf
Random,2,50,3,3,10,inf
Random,2,50,3,3,11,inf
Random,2,50,3,3,12,inf
Random,2,50,3,3,13,inf
Random,2,50,3,3,14,inf
Random,2,50,3,3,15,inf
Random,2,50,3,3,16,inf
Random,2,50,3,3,17,inf
Random,2,50,3,3,18,394.22402658173723
Random,2,50,3,3,19,394.22402658173723
Random,2,50,3,3,20,394.22402658173723
qLogEI,2,50,3,3,1,inf
qLogEI,2,50,3,3,2,inf
qLogEI,2,50,3,3,3,inf
qLogEI,2,50,3,3,4,inf
qLogEI,2,50,3,3,5,479.759212631678
qLogEI,2,50,3,3,6,336.9815052450442
qLogEI,2,50,3,3,7,336.9815052450442
qLogEI,2,50,3,3,8,336.9815052450442
qLogEI,2,50,3,3,9,336.9815052450442
qLogEI,2,50,3,3,10,336.9815052450442
qLogEI,2,50,3,3,11,336.9815052450442
qLogEI,2,50,3,3,12,336.9815052450442
qLogEI,2,50,3,3,13,336.9815052450442
qLogEI,2,50,3,3,14,336.9815052450442
qLogEI,2,50,3,3,15,336.9815052450442
qLogEI,2,50,3,3,16,336.9815052450442
qLogEI,2,50,3,3,17,336.9815052450442
qLogEI,2,50,3,3,18,336.9815052450442
qLogEI,2,50,3,3,19,336.9815052450442
qLogEI,2,50,3,3,20,336.9815052450442
RL,2,50,3,3,1,inf
RL,2,50,3,3,2,inf
RL,2,50,3,3,3,inf
RL,2,50,3,3,4,inf
RL,2,50,3,3,5,inf
RL,2,50,3,3,6,inf
RL,2,50,3,3,7,inf
RL,2,50,3,3,8,inf
RL,2,50,3,3,9,inf
RL,2,50,3,3,10,inf
RL,2,50,3,3,11,inf
RL,2,50,3,3,12,inf
RL,2,50,3,3,13,inf
RL,2,50,3,3,14,inf
RL,2,50,3,3,15,inf
RL,2,50,3,3,16,inf
RL,2,50,3,3,17,inf
RL,2,50,3,3,18,inf
RL,2,50,3,3,19,inf
RL,2,50,3,3,20,inf
Random,2,50,3,4,1,inf
Random,2,50,3,4,2,inf
Random,2,50,3,4,3,inf
Random,2,50,3,4,4,inf
Random,2,50,3,4,5,inf
Random,2,50,3,4,6,inf
Random,2,50,3,4,7,inf
Random,2,50,3,4,8,inf
Random,2,50,3,4,9,inf
Random,2,50,3,4,10,inf
Random,2,50,3,4,11,inf
Random,2,50,3,4,12,540.5219591072765
Random,2,50,3,4,13,324.46652152338777
Random,2,50,3,4,14,324.46652152338777
Random,2,50,3,4,15,324.46652152338777
Random,2,50,3,4,16,324.46652152338777
Random,2,50,3,4,17,324.46652152338777
Random,2,50,3,4,18,324.46652152338777
Random,2,50,3,4,19,324.46652152338777
Random,2,50,3,4,20,324.46652152338777
qLogEI,2,50,3,4,1,inf
qLogEI,2,50,3,4,2,inf
qLogEI,2,50,3,4,3,inf
qLogEI,2,50,3,4,4,inf
qLogEI,2,50,3,4,5,inf
qLogEI,2,50,3,4,6,inf
qLogEI,2,50,3,4,7,559.506346513693
qLogEI,2,50,3,4,8,260.2646446342822
qLogEI,2,50,3,4,9,260.2646446342822
qLogEI,2,50,3,4,10,260.2646446342822
qLogEI,2,50,3,4,11,260.2646446342822
qLogEI,2,50,3,4,12,260.2646446342822
qLogEI,2,50,3,4,13,260.2646446342822
qLogEI,2,50,3,4,14,260.2646446342822
qLogEI,2,50,3,4,15,260.2646446342822
qLogEI,2,50,3,4,16,260.2646446342822
qLogEI,2,50,3,4,17,260.2646446342822
qLogEI,2,50,3,4,18,260.2646446342822
qLogEI,2,50,3,4,19,260.2646446342822
qLogEI,2,50,3,4,20,260.2646446342822
RL,2,50,3,4,1,inf
RL,2,50,3,4,2,inf
RL,2,50,3,4,3,inf
RL,2,50,3,4,4,inf
RL,2,50,3,4,5,inf
RL,2,50,3,4,6,inf
RL,2,50,3,4,7,inf
RL,2,50,3,4,8,inf
RL,2,50,3,4,9,inf
RL,2,50,3,4,10,inf
RL,2,50,3,4,11,inf
RL,2,50,3,4,12,inf
RL,2,50,3,4,13,inf
RL,2,50,3,4,14,inf
RL,2,50,3,4,15,inf
RL,2,50,3,4,16,inf
RL,2,50,3,4,17,inf
RL,2,50,3,4,18,inf
RL,2,50,3,4,19,inf
RL,2,50,3,4,20,inf
Random,2,52,1,0,1,inf
Random,2,52,1,0,2,inf
Random,2,52,1,0,3,inf
Random,2,52,1,0,4,inf
Random,2,52,1,0,5,inf
Random,2,52,1,0,6,3027.203710059141
Random,2,52,1,0,7,3027.203710059141
Random,2,52,1,0,8,3027.203710059141
Random,2,52,1,0,9,3027.203710059141
Random,2,52,1,0,10,3027.203710059141
Random,2,52,1,0,11,3027.203710059141
Random,2,52,1,0,12,3027.203710059141
Random,2,52,1,0,13,3027.203710059141
Random,2,52,1,0,14,2645.5150045330956
Random,2,52,1,0,15,2645.5150045330956
Random,2,52,1,0,16,2645.5150045330956
Random,2,52,1,0,17,2645.5150045330956
Random,2,52,1,0,18,2645.5150045330956
Random,2,52,1,0,19,2645.5150045330956
Random,2,52,1,0,20,2645.5150045330956
qLogEI,2,52,1,0,1,inf
qLogEI,2,52,1,0,2,inf
qLogEI,2,52,1,0,3,inf
qLogEI,2,52,1,0,4,inf
qLogEI,2,52,1,0,5,inf
qLogEI,2,52,1,0,6,inf
qLogEI,2,52,1,0,7,inf
qLogEI,2,52,1,0,8,inf
qLogEI,2,52,1,0,9,inf
qLogEI,2,52,1,0,10,inf
qLogEI,2,52,1,0,11,inf
qLogEI,2,52,1,0,12,inf
qLogEI,2,52,1,0,13,2284.223475109972
qLogEI,2,52,1,0,14,2284.223475109972
qLogEI,2,52,1,0,15,2284.223475109972
qLogEI,2,52,1,0,16,2039.8098499917164
qLogEI,2,52,1,0,17,2039.8098499917164
qLogEI,2,52,1,0,18,2039.8098499917164
qLogEI,2,52,1,0,19,2039.8098499917164
qLogEI,2,52,1,0,20,2039.8098499917164
RL,2,52,1,0,1,inf
RL,2,52,1,0,2,inf
RL,2,52,1,0,3,inf
RL,2,52,1,0,4,inf
RL,2,52,1,0,5,11449.705901364563
RL,2,52,1,0,6,11449.705901364563
RL,2,52,1,0,7,10351.140143215165
RL,2,52,1,0,8,10351.140143215165
RL,2,52,1,0,9,7529.296014871229
RL,2,52,1,0,10,7529.296014871229
RL,2,52,1,0,11,7529.296014871229
RL,2,52,1,0,12,7529.296014871229
RL,2,52,1,0,13,7529.296014871229
RL,2,52,1,0,14,7529.296014871229
RL,2,52,1,0,15,7529.296014871229
RL,2,52,1,0,16,7529.296014871229
RL,2,52,1,0,17,7529.296014871229
RL,2,52,1,0,18,7529.296014871229
RL,2,52,1,0,19,6280.380855697113
RL,2,52,1,0,20,6280.380855697113
Random,2,52,1,1,1,inf
Random,2,52,1,1,2,inf
Random,2,52,1,1,3,inf
Random,2,52,1,1,4,inf
Random,2,52,1,1,5,inf
Random,2,52,1,1,6,2134.778090229137
Random,2,52,1,1,7,2086.9580698037407
Random,2,52,1,1,8,2086.9580698037407
Random,2,52,1,1,9,2086.9580698037407
Random,2,52,1,1,10,2086.9580698037407
Random,2,52,1,1,11,2086.9580698037407
Random,2,52,1,1,12,2086.9580698037407
Random,2,52,1,1,13,2086.9580698037407
Random,2,52,1,1,14,2086.9580698037407
Random,2,52,1,1,15,2086.9580698037407
Random,2,52,1,1,16,2086.9580698037407
Random,2,52,1,1,17,2086.9580698037407
Random,2,52,1,1,18,2086.9580698037407
Random,2,52,1,1,19,2086.9580698037407
Random,2,52,1,1,20,2086.9580698037407
qLogEI,2,52,1,1,1,inf
qLogEI,2,52,1,1,2,inf
qLogEI,2,52,1,1,3,inf
qLogEI,2,52,1,1,4,inf
qLogEI,2,52,1,1,5,3485.7425341585167
qLogEI,2,52,1,1,6,3485.7425341585167
qLogEI,2,52,1,1,7,3485.7425341585167
qLogEI,2,52,1,1,8,2569.577097783622
qLogEI,2,52,1,1,9,2509.0410952052052
qLogEI,2,52,1,1,10,2476.9258123095415
qLogEI,2,52,1,1,11,2301.62882594353
qLogEI,2,52,1,1,12,2054.7182134008517
qLogEI,2,52,1,1,13,2054.7182134008517
qLogEI,2,52,1,1,14,2054.7182134008517
qLogEI,2,52,1,1,15,2054.7182134008517
qLogEI,2,52,1,1,16,2054.7182134008517
qLogEI,2,52,1,1,17,2054.7182134008517
qLogEI,2,52,1,1,18,2054.7182134008517
qLogEI,2,52,1,1,19,2054.7182134008517
qLogEI,2,52,1,1,20,2054.7182134008517
RL,2,52,1,1,1,inf
RL,2,52,1,1,2,inf
RL,2,52,1,1,3,inf
RL,2,52,1,1,4,inf
RL,2,52,1,1,5,11502.908493694682
RL,2,52,1,1,6,10961.44769872418
RL,2,52,1,1,7,10961.44769872418
RL,2,52,1,1,8,10961.44769872418
RL,2,52,1,1,9,10961.44769872418
RL,2,52,1,1,10,10184.718714192491
RL,2,52,1,1,11,10184.718714192491
RL,2,52,1,1,12,10184.718714192491
RL,2,52,1,1,13,10184.718714192491
RL,2,52,1,1,14,10184.718714192491
RL,2,52,1,1,15,10184.718714192491
RL,2,52,1,1,16,10184.718714192491
RL,2,52,1,1,17,9688.991594705945
RL,2,52,1,1,18,9688.991594705945
RL,2,52,1,1,19,9688.991594705945
RL,2,52,1,1,20,9688.991594705945
Random,2,52,1,2,1,10476.174284912777
Random,2,52,1,2,2,10476.174284912777
Random,2,52,1,2,3,3260.4147138106987
Random,2,52,1,2,4,3260.4147138106987
Random,2,52,1,2,5,3260.4147138106987
Random,2,52,1,2,6,3260.4147138106987
Random,2,52,1,2,7,2500.7755206487923
Random,2,52,1,2,8,2500.7755206487923
Random,2,52,1,2,9,2500.7755206487923
Random,2,52,1,2,10,2500.7755206487923
Random,2,52,1,2,11,2500.7755206487923
Random,2,52,1,2,12,2500.7755206487923
Random,2,52,1,2,13,2500.7755206487923
Random,2,52,1,2,14,2500.7755206487923
Random,2,52,1,2,15,2500.7755206487923
Random,2,52,1,2,16,2500.7755206487923
Random,2,52,1,2,17,2500.7755206487923
Random,2,52,1,2,18,2500.7755206487923
Random,2,52,1,2,19,2500.7755206487923
Random,2,52,1,2,20,2500.7755206487923
qLogEI,2,52,1,2,1,10476.174284912777
qLogEI,2,52,1,2,2,10476.174284912777
qLogEI,2,52,1,2,3,3260.4147138106987
qLogEI,2,52,1,2,4,3260.4147138106987
qLogEI,2,52,1,2,5,2229.807959073677
qLogEI,2,52,1,2,6,2229.807959073677
qLogEI,2,52,1,2,7,2229.807959073677
qLogEI,2,52,1,2,8,2229.807959073677
qLogEI,2,52,1,2,9,2211.479680699536
qLogEI,2,52,1,2,10,2211.479680699536
qLogEI,2,52,1,2,11,2211.479680699536
qLogEI,2,52,1,2,12,1973.193962136254
qLogEI,2,52,1,2,13,1973.193962136254
qLogEI,2,52,1,2,14,1973.193962136254
qLogEI,2,52,1,2,15,1973.193962136254
qLogEI,2,52,1,2,16,1973.193962136254
qLogEI,2,52,1,2,17,1973.193962136254
qLogEI,2,52,1,2,18,1973.193962136254
qLogEI,2,52,1,2,19,1973.193962136254
qLogEI,2,52,1,2,20,1973.193962136254
RL,2,52,1,2,1,10476.174284912777
RL,2,52,1,2,2,10476.174284912777
RL,2,52,1,2,3,3260.4147138106987
RL,2,52,1,2,4,3260.4147138106987
RL,2,52,1,2,5,3260.4147138106987
RL,2,52,1,2,6,3260.4147138106987
RL,2,52,1,2,7,3260.4147138106987
RL,2,52,1,2,8,3260.4147138106987
RL,2,52,1,2,9,3260.4147138106987
RL,2,52,1,2,10,3260.4147138106987
RL,2,52,1,2,11,3260.4147138106987
RL,2,52,1,2,12,3260.4147138106987
RL,2,52,1,2,13,3260.4147138106987
RL,2,52,1,2,14,3260.4147138106987
RL,2,52,1,2,15,3260.4147138106987
RL,2,52,1,2,16,3260.4147138106987
RL,2,52,1,2,17,3260.4147138106987
RL,2,52,1,2,18,3260.4147138106987
RL,2,52,1,2,19,3260.4147138106987
RL,2,52,1,2,20,3260.4147138106987
Random,2,52,1,3,1,3652.7691660256346
Random,2,52,1,3,2,3652.7691660256346
Random,2,52,1,3,3,2724.3909338929966
Random,2,52,1,3,4,2724.3909338929966
Random,2,52,1,3,5,2724.3909338929966
Random,2,52,1,3,6,2724.3909338929966
Random,2,52,1,3,7,2724.3909338929966
Random,2,52,1,3,8,2724.3909338929966
Random,2,52,1,3,9,2724.3909338929966
Random,2,52,1,3,10,2724.3909338929966
Random,2,52,1,3,11,2724.3909338929966
Random,2,52,1,3,12,2724.3909338929966
Random,2,52,1,3,13,2724.3909338929966
Random,2,52,1,3,14,2724.3909338929966
Random,2,52,1,3,15,2724.3909338929966
Random,2,52,1,3,16,2724.3909338929966
Random,2,52,1,3,17,2258.3579005903107
Random,2,52,1,3,18,2258.3579005903107
Random,2,52,1,3,19,2258.3579005903107
Random,2,52,1,3,20,2258.3579005903107
qLogEI,2,52,1,3,1,3652.7691660256346
qLogEI,2,52,1,3,2,3652.7691660256346
qLogEI,2,52,1,3,3,2724.3909338929966
qLogEI,2,52,1,3,4,2724.3909338929966
qLogEI,2,52,1,3,5,2532.7845643495575
qLogEI,2,52,1,3,6,2480.7989919274332
qLogEI,2,52,1,3,7,2480.7989919274332
qLogEI,2,52,1,3,8,2480.7989919274332
qLogEI,2,52,1,3,9,2480.7989919274332
qLogEI,2,52,1,3,10,2480.7989919274332
qLogEI,2,52,1,3,11,2480.7989919274332
qLogEI,2,52,1,3,12,2480.7989919274332
qLogEI,2,52,1,3,13,2428.133933560576
qLogEI,2,52,1,3,14,2428.133933560576
qLogEI,2,52,1,3,15,2428.133933560576
qLogEI,2,52,1,3,16,2428.133933560576
qLogEI,2,52,1,3,17,2428.133933560576
qLogEI,2,52,1,3,18,2428.133933560576
qLogEI,2,52,1,3,19,2404.2723185147656
qLogEI,2,52,1,3,20,2404.2723185147656
RL,2,52,1,3,1,3652.7691660256346
RL,2,52,1,3,2,3652.7691660256346
RL,2,52,1,3,3,2724.3909338929966
RL,2,52,1,3,4,2724.3909338929966
RL,2,52,1,3,5,2724.3909338929966
RL,2,52,1,3,6,2724.3909338929966
RL,2,52,1,3,7,2724.3909338929966
RL,2,52,1,3,8,2724.3909338929966
RL,2,52,1,3,9,2724.3909338929966
RL,2,52,1,3,10,2724.3909338929966
RL,2,52,1,3,11,2724.3909338929966
RL,2,52,1,3,12,2724.3909338929966
RL,2,52,1,3,13,2724.3909338929966
RL,2,52,1,3,14,2724.3909338929966
RL,2,52,1,3,15,2724.3909338929966
RL,2,52,1,3,16,2724.3909338929966
RL,2,52,1,3,17,2724.3909338929966
RL,2,52,1,3,18,2724.3909338929966
RL,2,52,1,3,19,2724.3909338929966
RL,2,52,1,3,20,2724.3909338929966
Random,2,52,1,4,1,inf
Random,2,52,1,4,2,3197.809037593691
Random,2,52,1,4,3,3197.809037593691
Random,2,52,1,4,4,3036.5843624682784
Random,2,52,1,4,5,3036.5843624682784
Random,2,52,1,4,6,3036.5843624682784
Random,2,52,1,4,7,2207.6306520176463
Random,2,52,1,4,8,2207.6306520176463
Random,2,52,1,4,9,2207.6306520176463
Random,2,52,1,4,10,2207.6306520176463
Random,2,52,1,4,11,2207.6306520176463
Random,2,52,1,4,12,2207.6306520176463
Random,2,52,1,4,13,2207.6306520176463
Random,2,52,1,4,14,2207.6306520176463
Random,2,52,1,4,15,2207.6306520176463
Random,2,52,1,4,16,2207.6306520176463
Random,2,52,1,4,17,2207.6306520176463
Random,2,52,1,4,18,2207.6306520176463
Random,2,52,1,4,19,2207.6306520176463
Random,2,52,1,4,20,2207.6306520176463
qLogEI,2,52,1,4,1,inf
qLogEI,2,52,1,4,2,3197.809037593691
qLogEI,2,52,1,4,3,3197.809037593691
qLogEI,2,52,1,4,4,3036.5843624682784
qLogEI,2,52,1,4,5,3036.5843624682784
qLogEI,2,52,1,4,6,2459.146558314941
qLogEI,2,52,1,4,7,2231.6655930624124
qLogEI,2,52,1,4,8,2231.6655930624124
qLogEI,2,52,1,4,9,2231.6655930624124
qLogEI,2,52,1,4,10,2231.6655930624124
qLogEI,2,52,1,4,11,2231.6655930624124
qLogEI,2,52,1,4,12,2231.6655930624124
qLogEI,2,52,1,4,13,2231.6655930624124
qLogEI,2,52,1,4,14,2231.6655930624124
qLogEI,2,52,1,4,15,2221.091481117075
qLogEI,2,52,1,4,16,2221.091481117075
qLogEI,2,52,1,4,17,2221.091481117075
qLogEI,2,52,1,4,18,2221.091481117075
qLogEI,2,52,1,4,19,2208.260474597556
qLogEI,2,52,1,4,20,2208.260474597556
RL,2,52,1,4,1,inf
RL,2,52,1,4,2,3197.809037593691
RL,2,52,1,4,3,3197.809037593691
RL,2,52,1,4,4,3036.5843624682784
RL,2,52,1,4,5,3036.5843624682784
RL,2,52,1,4,6,3036.5843624682784
RL,2,52,1,4,7,3036.5843624682784
RL,2,52,1,4,8,3036.5843624682784
RL,2,52,1,4,9,3036.5843624682784
RL,2,52,1,4,10,3036.5843624682784
RL,2,52,1,4,11,3036.5843624682784
RL,2,52,1,4,12,3036.5843624682784
RL,2,52,1,4,13,3036.5843624682784
RL,2,52,1,4,14,3036.5843624682784
RL,2,52,1,4,15,3036.5843624682784
RL,2,52,1,4,16,3036.5843624682784
RL,2,52,1,4,17,3036.5843624682784
RL,2,52,1,4,18,3036.5843624682784
RL,2,52,1,4,19,3036.5843624682784
RL,2,52,1,4,20,3036.5843624682784
Random,2,52,2,0,1,inf
Random,2,52,2,0,2,inf
Random,2,52,2,0,3,inf
Random,2,52,2,0,4,inf
Random,2,52,2,0,5,inf
Random,2,52,2,0,6,inf
Random,2,52,2,0,7,inf
Random,2,52,2,0,8,inf
Random,2,52,2,0,9,inf
Random,2,52,2,0,10,inf
Random,2,52,2,0,11,inf
Random,2,52,2,0,12,inf
Random,2,52,2,0,13,inf
Random,2,52,2,0,14,inf
Random,2,52,2,0,15,inf
Random,2,52,2,0,16,inf
Random,2,52,2,0,17,inf
Random,2,52,2,0,18,inf
Random,2,52,2,0,19,inf
Random,2,52,2,0,20,inf
qLogEI,2,52,2,0,1,inf
qLogEI,2,52,2,0,2,inf
qLogEI,2,52,2,0,3,inf
qLogEI,2,52,2,0,4,inf
qLogEI,2,52,2,0,5,inf
qLogEI,2,52,2,0,6,inf
qLogEI,2,52,2,0,7,inf
qLogEI,2,52,2,0,8,inf
qLogEI,2,52,2,0,9,inf
qLogEI,2,52,2,0,10,inf
qLogEI,2,52,2,0,11,inf
qLogEI,2,52,2,0,12,inf
qLogEI,2,52,2,0,13,-381.0537265350125
qLogEI,2,52,2,0,14,-381.0537265350125
qLogEI,2,52,2,0,15,-381.0537265350125
qLogEI,2,52,2,0,16,-381.0537265350125
qLogEI,2,52,2,0,17,-381.0537265350125
qLogEI,2,52,2,0,18,-381.0537265350125
qLogEI,2,52,2,0,19,-381.0537265350125
qLogEI,2,52,2,0,20,-381.0537265350125
RL,2,52,2,0,1,inf
RL,2,52,2,0,2,inf
RL,2,52,2,0,3,inf
RL,2,52,2,0,4,inf
RL,2,52,2,0,5,-381.3956609103416
RL,2,52,2,0,6,-440.98342854608154
RL,2,52,2,0,7,-440.98342854608154
RL,2,52,2,0,8,-440.98342854608154
RL,2,52,2,0,9,-440.98342854608154
RL,2,52,2,0,10,-440.98342854608154
RL,2,52,2,0,11,-440.98342854608154
RL,2,52,2,0,12,-440.98342854608154
RL,2,52,2,0,13,-440.98342854608154
RL,2,52,2,0,14,-440.98342854608154
RL,2,52,2,0,15,-440.98342854608154
RL,2,52,2,0,16,-440.98342854608154
RL,2,52,2,0,17,-440.98342854608154
RL,2,52,2,0,18,-440.98342854608154
RL,2,52,2,0,19,-440.98342854608154
RL,2,52,2,0,20,-440.98342854608154
Random,2,52,2,1,1,inf
Random,2,52,2,1,2,inf
Random,2,52,2,1,3,inf
Random,2,52,2,1,4,inf
Random,2,52,2,1,5,inf
Random,2,52,2,1,6,inf
Random,2,52,2,1,7,inf
Random,2,52,2,1,8,inf
Random,2,52,2,1,9,inf
Random,2,52,2,1,10,inf
Random,2,52,2,1,11,inf
Random,2,52,2,1,12,inf
Random,2,52,2,1,13,inf
Random,2,52,2,1,14,inf
Random,2,52,2,1,15,inf
Random,2,52,2,1,16,inf
Random,2,52,2,1,17,inf
Random,2,52,2,1,18,inf
Random,2,52,2,1,19,inf
Random,2,52,2,1,20,inf
qLogEI,2,52,2,1,1,inf
qLogEI,2,52,2,1,2,inf
qLogEI,2,52,2,1,3,inf
qLogEI,2,52,2,1,4,inf
qLogEI,2,52,2,1,5,inf
qLogEI,2,52,2,1,6,inf
qLogEI,2,52,2,1,7,inf
qLogEI,2,52,2,1,8,-421.11407346117596
qLogEI,2,52,2,1,9,-421.11407346117596
qLogEI,2,52,2,1,10,-421.11407346117596
qLogEI,2,52,2,1,11,-421.11407346117596
qLogEI,2,52,2,1,12,-555.5844795134246
qLogEI,2,52,2,1,13,-555.5844795134246
qLogEI,2,52,2,1,14,-678.4013053183797
qLogEI,2,52,2,1,15,-678.4013053183797
qLogEI,2,52,2,1,16,-678.4013053183797
qLogEI,2,52,2,1,17,-678.4013053183797
qLogEI,2,52,2,1,18,-678.4013053183797
qLogEI,2,52,2,1,19,-678.4013053183797
qLogEI,2,52,2,1,20,-678.4013053183797
RL,2,52,2,1,1,inf
RL,2,52,2,1,2,inf
RL,2,52,2,1,3,inf
RL,2,52,2,1,4,inf
RL,2,52,2,1,5,-381.05840858952104
RL,2,52,2,1,6,-381.0805428032214
RL,2,52,2,1,7,-381.0805428032214
RL,2,52,2,1,8,-381.0805428032214
RL,2,52,2,1,9,-381.0805428032214
RL,2,52,2,1,10,-381.0805428032214
RL,2,52,2,1,11,-381.0805428032214
RL,2,52,2,1,12,-381.0805428032214
RL,2,52,2,1,13,-381.0805428032214
RL,2,52,2,1,14,-381.0805428032214
RL,2,52,2,1,15,-381.0805428032214
RL,2,52,2,1,16,-381.0805428032214
RL,2,52,2,1,17,-381.0805428032214
RL,2,52,2,1,18,-381.0805428032214
RL,2,52,2,1,19,-381.09676375562145
RL,2,52,2,1,20,-381.09676375562145
Random,2,52,2,2,1,inf
Random,2,52,2,2,2,inf
Random,2,52,2,2,3,inf
Random,2,52,2,2,4,inf
Random,2,52,2,2,5,-576.3718780154411
Random,2,52,2,2,6,-576.3718780154411
Random,2,52,2,2,7,-576.3718780154411
Random,2,52,2,2,8,-576.3718780154411
Random,2,52,2,2,9,-576.3718780154411
Random,2,52,2,2,10,-576.3718780154411
Random,2,52,2,2,11,-576.3718780154411
Random,2,52,2,2,12,-576.3718780154411
Random,2,52,2,2,13,-576.3718780154411
Random,2,52,2,2,14,-576.3718780154411
Random,2,52,2,2,15,-576.3718780154411
Random,2,52,2,2,16,-576.3718780154411
Random,2,52,2,2,17,-576.3718780154411
Random,2,52,2,2,18,-576.3718780154411
Random,2,52,2,2,19,-576.3718780154411
Random,2,52,2,2,20,-576.3718780154411
qLogEI,2,52,2,2,1,inf
qLogEI,2,52,2,2,2,inf
qLogEI,2,52,2,2,3,inf
qLogEI,2,52,2,2,4,inf
qLogEI,2,52,2,2,5,inf
qLogEI,2,52,2,2,6,inf
qLogEI,2,52,2,2,7,inf
qLogEI,2,52,2,2,8,inf
qLogEI,2,52,2,2,9,inf
qLogEI,2,52,2,2,10,inf
qLogEI,2,52,2,2,11,inf
qLogEI,2,52,2,2,12,inf
qLogEI,2,52,2,2,13,inf
qLogEI,2,52,2,2,14,-734.9331842579812
qLogEI,2,52,2,2,15,-751.8095494660844
qLogEI,2,52,2,2,16,-751.8095494660844
qLogEI,2,52,2,2,17,-751.8095494660844
qLogEI,2,52,2,2,18,-751.8095494660844
qLogEI,2,52,2,2,19,-751.8095494660844
qLogEI,2,52,2,2,20,-751.8095494660844
RL,2,52,2,2,1,inf
RL,2,52,2,2,2,inf
RL,2,52,2,2,3,inf
RL,2,52,2,2,4,inf
RL,2,52,2,2,5,-381.05368131936194
RL,2,52,2,2,6,-381.0537265350125
RL,2,52,2,2,7,-381.0537265350125
RL,2,52,2,2,8,-381.0537265350125
RL,2,52,2,2,9,-381.0537265350125
RL,2,52,2,2,10,-381.0557331425824
RL,2,52,2,2,11,-381.0557331425824
RL,2,52,2,2,12,-381.0557331425824
RL,2,52,2,2,13,-381.0557331425824
RL,2,52,2,2,14,-381.0557331425824
RL,2,52,2,2,15,-381.0557331425824
RL,2,52,2,2,16,-381.0557331425824
RL,2,52,2,2,17,-381.0557331425824
RL,2,52,2,2,18,-381.0557331425824
RL,2,52,2,2,19,-381.0557331425824
RL,2,52,2,2,20,-381.0557331425824
Random,2,52,2,3,1,inf
Random,2,52,2,3,2,inf
Random,2,52,2,3,3,inf
Random,2,52,2,3,4,inf
Random,2,52,2,3,5,-389.0386436060365
Random,2,52,2,3,6,-389.0386436060365
Random,2,52,2,3,7,-389.0386436060365
Random,2,52,2,3,8,-389.0386436060365
Random,2,52,2,3,9,-389.0386436060365
Random,2,52,2,3,10,-389.0386436060365
Random,2,52,2,3,11,-389.0386436060365
Random,2,52,2,3,12,-389.0386436060365
Random,2,52,2,3,13,-820.2039774845838
Random,2,52,2,3,14,-820.2039774845838
Random,2,52,2,3,15,-820.2039774845838
Random,2,52,2,3,16,-820.2039774845838
Random,2,52,2,3,17,-820.2039774845838
Random,2,52,2,3,18,-820.2039774845838
Random,2,52,2,3,19,-820.2039774845838
Random,2,52,2,3,20,-820.2039774845838
qLogEI,2,52,2,3,1,inf
qLogEI,2,52,2,3,2,inf
qLogEI,2,52,2,3,3,inf
qLogEI,2,52,2,3,4,inf
qLogEI,2,52,2,3,5,inf
qLogEI,2,52,2,3,6,inf
qLogEI,2,52,2,3,7,inf
qLogEI,2,52,2,3,8,inf
qLogEI,2,52,2,3,9,inf
qLogEI,2,52,2,3,10,inf
qLogEI,2,52,2,3,11,inf
qLogEI,2,52,2,3,12,inf
qLogEI,2,52,2,3,13,inf
qLogEI,2,52,2,3,14,inf
qLogEI,2,52,2,3,15,-416.22497706507613
qLogEI,2,52,2,3,16,-646.8706629692333
qLogEI,2,52,2,3,17,-646.8706629692333
qLogEI,2,52,2,3,18,-646.8706629692333
qLogEI,2,52,2,3,19,-646.8706629692333
qLogEI,2,52,2,3,20,-646.8706629692333
RL,2,52,2,3,1,inf
RL,2,52,2,3,2,inf
RL,2,52,2,3,3,inf
RL,2,52,2,3,4,inf
RL,2,52,2,3,5,-386.8674531257249
RL,2,52,2,3,6,-438.2962298636832
RL,2,52,2,3,7,-438.2962298636832
RL,2,52,2,3,8,-438.2962298636832
RL,2,52,2,3,9,-438.2962298636832
RL,2,52,2,3,10,-438.2962298636832
RL,2,52,2,3,11,-438.2962298636832
RL,2,52,2,3,12,-438.2962298636832
RL,2,52,2,3,13,-438.2962298636832
RL,2,52,2,3,14,-438.2962298636832
RL,2,52,2,3,15,-438.2962298636832
RL,2,52,2,3,16,-438.2962298636832
RL,2,52,2,3,17,-438.2962298636832
RL,2,52,2,3,18,-438.2962298636832
RL,2,52,2,3,19,-445.4619525016738
RL,2,52,2,3,20,-445.4619525016738
Random,2,52,2,4,1,-180.82752404803983
Random,2,52,2,4,2,-180.82752404803983
Random,2,52,2,4,3,-180.82752404803983
Random,2,52,2,4,4,-180.82752404803983
Random,2,52,2,4,5,-180.82752404803983
Random,2,52,2,4,6,-440.355857954459
Random,2,52,2,4,7,-440.355857954459
Random,2,52,2,4,8,-440.355857954459
Random,2,52,2,4,9,-440.355857954459
Random,2,52,2,4,10,-440.355857954459
Random,2,52,2,4,11,-440.355857954459
Random,2,52,2,4,12,-440.355857954459
Random,2,52,2,4,13,-440.355857954459
Random,2,52,2,4,14,-440.355857954459
Random,2,52,2,4,15,-440.355857954459
Random,2,52,2,4,16,-440.355857954459
Random,2,52,2,4,17,-440.355857954459
Random,2,52,2,4,18,-440.355857954459
Random,2,52,2,4,19,-440.355857954459
Random,2,52,2,4,20,-440.355857954459
qLogEI,2,52,2,4,1,-180.82752404803983
qLogEI,2,52,2,4,2,-180.82752404803983
qLogEI,2,52,2,4,3,-180.82752404803983
qLogEI,2,52,2,4,4,-180.82752404803983
qLogEI,2,52,2,4,5,-180.82752404803983
qLogEI,2,52,2,4,6,-180.82752404803983
qLogEI,2,52,2,4,7,-180.82752404803983
qLogEI,2,52,2,4,8,-380.2810725755485
qLogEI,2,52,2,4,9,-381.0537265350125
qLogEI,2,52,2,4,10,-381.0537265350125
qLogEI,2,52,2,4,11,-381.0537265350125
qLogEI,2,52,2,4,12,-381.0537265350125
qLogEI,2,52,2,4,13,-381.0537265350125
qLogEI,2,52,2,4,14,-437.9239470987113
qLogEI,2,52,2,4,15,-437.9239470987113
qLogEI,2,52,2,4,16,-437.9239470987113
qLogEI,2,52,2,4,17,-437.9239470987113
qLogEI,2,52,2,4,18,-523.0654001601072
qLogEI,2,52,2,4,19,-560.07364597373
qLogEI,2,52,2,4,20,-710.2574422520345
RL,2,52,2,4,1,-180.82752404803983
RL,2,52,2,4,2,-180.82752404803983
RL,2,52,2,4,3,-180.82752404803983
RL,2,52,2,4,4,-180.82752404803983
RL,2,52,2,4,5,-180.82752404803983
RL,2,52,2,4,6,-383.81923374620527
RL,2,52,2,4,7,-383.81923374620527
RL,2,52,2,4,8,-383.9844307429039
RL,2,52,2,4,9,-386.3872966539217
RL,2,52,2,4,10,-386.3872966539217
RL,2,52,2,4,11,-386.3872966539217
RL,2,52,2,4,12,-386.3872966539217
RL,2,52,2,4,13,-386.3872966539217
RL,2,52,2,4,14,-387.8498634651696
RL,2,52,2,4,15,-393.8207804876032
RL,2,52,2,4,16,-393.8207804876032
RL,2,52,2,4,17,-393.8207804876032
RL,2,52,2,4,18,-393.8207804876032
RL,2,52,2,4,19,-393.8207804876032
RL,2,52,2,4,20,-393.8207804876032
Random,2,52,3,0,1,inf
Random,2,52,3,0,2,inf
Random,2,52,3,0,3,inf
Random,2,52,3,0,4,inf
Random,2,52,3,0,5,inf
Random,2,52,3,0,6,inf
Random,2,52,3,0,7,inf
Random,2,52,3,0,8,inf
Random,2,52,3,0,9,inf
Random,2,52,3,0,10,inf
Random,2,52,3,0,11,inf
Random,2,52,3,0,12,inf
Random,2,52,3,0,13,inf
Random,2,52,3,0,14,inf
Random,2,52,3,0,15,inf
Random,2,52,3,0,16,inf
Random,2,52,3,0,17,inf
Random,2,52,3,0,18,inf
Random,2,52,3,0,19,inf
Random,2,52,3,0,20,inf
qLogEI,2,52,3,0,1,inf
qLogEI,2,52,3,0,2,inf
qLogEI,2,52,3,0,3,inf
qLogEI,2,52,3,0,4,inf
qLogEI,2,52,3,0,5,inf
qLogEI,2,52,3,0,6,inf
qLogEI,2,52,3,0,7,inf
qLogEI,2,52,3,0,8,inf
qLogEI,2,52,3,0,9,inf
qLogEI,2,52,3,0,10,inf
qLogEI,2,52,3,0,11,inf
qLogEI,2,52,3,0,12,inf
qLogEI,2,52,3,0,13,inf
qLogEI,2,52,3,0,14,inf
qLogEI,2,52,3,0,15,-295.60381587490735
qLogEI,2,52,3,0,16,-295.60381587490735
qLogEI,2,52,3,0,17,-295.60381587490735
qLogEI,2,52,3,0,18,-295.60381587490735
qLogEI,2,52,3,0,19,-295.60381587490735
qLogEI,2,52,3,0,20,-295.60381587490735
RL,2,52,3,0,1,inf
RL,2,52,3,0,2,inf
RL,2,52,3,0,3,inf
RL,2,52,3,0,4,inf
RL,2,52,3,0,5,inf
RL,2,52,3,0,6,inf
RL,2,52,3,0,7,inf
RL,2,52,3,0,8,inf
RL,2,52,3,0,9,inf
RL,2,52,3,0,10,inf
RL,2,52,3,0,11,inf
RL,2,52,3,0,12,inf
RL,2,52,3,0,13,inf
RL,2,52,3,0,14,inf
RL,2,52,3,0,15,inf
RL,2,52,3,0,16,inf
RL,2,52,3,0,17,inf
RL,2,52,3,0,18,inf
RL,2,52,3,0,19,inf
RL,2,52,3,0,20,inf
Random,2,52,3,1,1,inf
Random,2,52,3,1,2,inf
Random,2,52,3,1,3,inf
Random,2,52,3,1,4,inf
Random,2,52,3,1,5,inf
Random,2,52,3,1,6,inf
Random,2,52,3,1,7,inf
Random,2,52,3,1,8,167.55868150587872
Random,2,52,3,1,9,167.55868150587872
Random,2,52,3,1,10,-732.7894642587233
Random,2,52,3,1,11,-732.7894642587233
Random,2,52,3,1,12,-732.7894642587233
Random,2,52,3,1,13,-732.7894642587233
Random,2,52,3,1,14,-732.7894642587233
Random,2,52,3,1,15,-732.7894642587233
Random,2,52,3,1,16,-732.7894642587233
Random,2,52,3,1,17,-732.7894642587233
Random,2,52,3,1,18,-732.7894642587233
Random,2,52,3,1,19,-732.7894642587233
Random,2,52,3,1,20,-732.7894642587233
qLogEI,2,52,3,1,1,inf
qLogEI,2,52,3,1,2,inf
qLogEI,2,52,3,1,3,inf
qLogEI,2,52,3,1,4,inf
qLogEI,2,52,3,1,5,inf
qLogEI,2,52,3,1,6,inf
qLogEI,2,52,3,1,7,inf
qLogEI,2,52,3,1,8,inf
qLogEI,2,52,3,1,9,inf
qLogEI,2,52,3,1,10,inf
qLogEI,2,52,3,1,11,inf
qLogEI,2,52,3,1,12,inf
qLogEI,2,52,3,1,13,inf
qLogEI,2,52,3,1,14,inf
qLogEI,2,52,3,1,15,inf
qLogEI,2,52,3,1,16,inf
qLogEI,2,52,3,1,17,-55.74026037751352
qLogEI,2,52,3,1,18,-55.74026037751352
qLogEI,2,52,3,1,19,-55.74026037751352
qLogEI,2,52,3,1,20,-55.74026037751352
RL,2,52,3,1,1,inf
RL,2,52,3,1,2,inf
RL,2,52,3,1,3,inf
RL,2,52,3,1,4,inf
RL,2,52,3,1,5,inf
RL,2,52,3,1,6,inf
RL,2,52,3,1,7,inf
RL,2,52,3,1,8,inf
RL,2,52,3,1,9,inf
RL,2,52,3,1,10,inf
RL,2,52,3,1,11,inf
RL,2,52,3,1,12,inf
RL,2,52,3,1,13,inf
RL,2,52,3,1,14,inf
RL,2,52,3,1,15,inf
RL,2,52,3,1,16,inf
RL,2,52,3,1,17,inf
RL,2,52,3,1,18,inf
RL,2,52,3,1,19,inf
RL,2,52,3,1,20,inf
Random,2,52,3,2,1,inf
Random,2,52,3,2,2,inf
Random,2,52,3,2,3,inf
Random,2,52,3,2,4,inf
Random,2,52,3,2,5,inf
Random,2,52,3,2,6,inf
Random,2,52,3,2,7,inf
Random,2,52,3,2,8,inf
Random,2,52,3,2,9,inf
Random,2,52,3,2,10,inf
Random,2,52,3,2,11,inf
Random,2,52,3,2,12,inf
Random,2,52,3,2,13,inf
Random,2,52,3,2,14,inf
Random,2,52,3,2,15,inf
Random,2,52,3,2,16,inf
Random,2,52,3,2,17,inf
Random,2,52,3,2,18,inf
Random,2,52,3,2,19,inf
Random,2,52,3,2,20,inf
qLogEI,2,52,3,2,1,inf
qLogEI,2,52,3,2,2,inf
qLogEI,2,52,3,2,3,inf
qLogEI,2,52,3,2,4,inf
qLogEI,2,52,3,2,5,inf
qLogEI,2,52,3,2,6,inf
qLogEI,2,52,3,2,7,inf
qLogEI,2,52,3,2,8,inf
qLogEI,2,52,3,2,9,inf
qLogEI,2,52,3,2,10,inf
qLogEI,2,52,3,2,11,inf
qLogEI,2,52,3,2,12,inf
qLogEI,2,52,3,2,13,inf
qLogEI,2,52,3,2,14,-171.63865063741852
qLogEI,2,52,3,2,15,-171.63865063741852
qLogEI,2,52,3,2,16,-171.63865063741852
qLogEI,2,52,3,2,17,-171.63865063741852
qLogEI,2,52,3,2,18,-171.63865063741852
qLogEI,2,52,3,2,19,-171.63865063741852
qLogEI,2,52,3,2,20,-171.63865063741852
RL,2,52,3,2,1,inf
RL,2,52,3,2,2,inf
RL,2,52,3,2,3,inf
RL,2,52,3,2,4,inf
RL,2,52,3,2,5,inf
RL,2,52,3,2,6,inf
RL,2,52,3,2,7,inf
RL,2,52,3,2,8,inf
RL,2,52,3,2,9,inf
RL,2,52,3,2,10,inf
RL,2,52,3,2,11,inf
RL,2,52,3,2,12,inf
RL,2,52,3,2,13,inf
RL,2,52,3,2,14,inf
RL,2,52,3,2,15,inf
RL,2,52,3,2,16,inf
RL,2,52,3,2,17,inf
RL,2,52,3,2,18,inf
RL,2,52,3,2,19,inf
RL,2,52,3,2,20,inf
Random,2,52,3,3,1,inf
Random,2,52,3,3,2,inf
Random,2,52,3,3,3,inf
Random,2,52,3,3,4,inf
Random,2,52,3,3,5,inf
Random,2,52,3,3,6,-29.80829067730454
Random,2,52,3,3,7,-29.80829067730454
Random,2,52,3,3,8,-29.80829067730454
Random,2,52,3,3,9,-29.80829067730454
Random,2,52,3,3,10,-29.80829067730454
Random,2,52,3,3,11,-29.80829067730454
Random,2,52,3,3,12,-29.80829067730454
Random,2,52,3,3,13,-300.70894611209724
Random,2,52,3,3,14,-300.70894611209724
Random,2,52,3,3,15,-300.70894611209724
Random,2,52,3,3,16,-300.70894611209724
Random,2,52,3,3,17,-300.70894611209724
Random,2,52,3,3,18,-300.70894611209724
Random,2,52,3,3,19,-300.70894611209724
Random,2,52,3,3,20,-300.70894611209724
qLogEI,2,52,3,3,1,inf
qLogEI,2,52,3,3,2,inf
qLogEI,2,52,3,3,3,inf
qLogEI,2,52,3,3,4,inf
qLogEI,2,52,3,3,5,inf
qLogEI,2,52,3,3,6,inf
qLogEI,2,52,3,3,7,inf
qLogEI,2,52,3,3,8,inf
qLogEI,2,52,3,3,9,inf
qLogEI,2,52,3,3,10,inf
qLogEI,2,52,3,3,11,inf
qLogEI,2,52,3,3,12,inf
qLogEI,2,52,3,3,13,-102.91669495574496
qLogEI,2,52,3,3,14,-102.91669495574496
qLogEI,2,52,3,3,15,-102.91669495574496
qLogEI,2,52,3,3,16,-102.91669495574496
qLogEI,2,52,3,3,17,-102.91669495574496
qLogEI,2,52,3,3,18,-102.91669495574496
qLogEI,2,52,3,3,19,-102.91669495574496
qLogEI,2,52,3,3,20,-102.91669495574496
RL,2,52,3,3,1,inf
RL,2,52,3,3,2,inf
RL,2,52,3,3,3,inf
RL,2,52,3,3,4,inf
RL,2,52,3,3,5,inf
RL,2,52,3,3,6,inf
RL,2,52,3,3,7,inf
RL,2,52,3,3,8,inf
RL,2,52,3,3,9,inf
RL,2,52,3,3,10,inf
RL,2,52,3,3,11,inf
RL,2,52,3,3,12,inf
RL,2,52,3,3,13,inf
RL,2,52,3,3,14,inf
RL,2,52,3,3,15,inf
RL,2,52,3,3,16,inf
RL,2,52,3,3,17,inf
RL,2,52,3,3,18,inf
RL,2,52,3,3,19,inf
RL,2,52,3,3,20,inf
Random,2,52,3,4,1,inf
Random,2,52,3,4,2,inf
Random,2,52,3,4,3,inf
Random,2,52,3,4,4,inf
Random,2,52,3,4,5,inf
Random,2,52,3,4,6,inf
Random,2,52,3,4,7,inf
Random,2,52,3,4,8,inf
Random,2,52,3,4,9,inf
Random,2,52,3,4,10,inf
Random,2,52,3,4,11,inf
Random,2,52,3,4,12,inf
Random,2,52,3,4,13,inf
Random,2,52,3,4,14,inf
Random,2,52,3,4,15,inf
Random,2,52,3,4,16,inf
Random,2,52,3,4,17,inf
Random,2,52,3,4,18,inf
Random,2,52,3,4,19,inf
Random,2,52,3,4,20,inf
qLogEI,2,52,3,4,1,inf
qLogEI,2,52,3,4,2,inf
qLogEI,2,52,3,4,3,inf
qLogEI,2,52,3,4,4,inf
qLogEI,2,52,3,4,5,inf
qLogEI,2,52,3,4,6,inf
qLogEI,2,52,3,4,7,inf
qLogEI,2,52,3,4,8,inf
qLogEI,2,52,3,4,9,-204.54458176724458
qLogEI,2,52,3,4,10,-204.54458176724458
qLogEI,2,52,3,4,11,-204.54458176724458
qLogEI,2,52,3,4,12,-204.54458176724458
qLogEI,2,52,3,4,13,-204.54458176724458
qLogEI,2,52,3,4,14,-204.54458176724458
qLogEI,2,52,3,4,15,-448.4193274503575
qLogEI,2,52,3,4,16,-448.4193274503575
qLogEI,2,52,3,4,17,-448.4193274503575
qLogEI,2,52,3,4,18,-448.4193274503575
qLogEI,2,52,3,4,19,-448.4193274503575
qLogEI,2,52,3,4,20,-448.4193274503575
RL,2,52,3,4,1,inf
RL,2,52,3,4,2,inf
RL,2,52,3,4,3,inf
RL,2,52,3,4,4,inf
RL,2,52,3,4,5,inf
RL,2,52,3,4,6,inf
RL,2,52,3,4,7,inf
RL,2,52,3,4,8,inf
RL,2,52,3,4,9,inf
RL,2,52,3,4,10,inf
RL,2,52,3,4,11,inf
RL,2,52,3,4,12,inf
RL,2,52,3,4,13,inf
RL,2,52,3,4,14,inf
RL,2,52,3,4,15,inf
RL,2,52,3,4,16,inf
RL,2,52,3,4,17,inf
RL,2,52,3,4,18,inf
RL,2,52,3,4,19,inf
RL,2,52,3,4,20,inf
Random,2,54,1,0,1,inf
Random,2,54,1,0,2,inf
Random,2,54,1,0,3,inf
Random,2,54,1,0,4,inf
Random,2,54,1,0,5,inf
Random,2,54,1,0,6,inf
Random,2,54,1,0,7,inf
Random,2,54,1,0,8,inf
Random,2,54,1,0,9,inf
Random,2,54,1,0,10,inf
Random,2,54,1,0,11,inf
Random,2,54,1,0,12,10645.168437854829
Random,2,54,1,0,13,10645.168437854829
Random,2,54,1,0,14,10645.168437854829
Random,2,54,1,0,15,10645.168437854829
Random,2,54,1,0,16,10645.168437854829
Random,2,54,1,0,17,10645.168437854829
Random,2,54,1,0,18,10645.168437854829
Random,2,54,1,0,19,10645.168437854829
Random,2,54,1,0,20,10645.168437854829
qLogEI,2,54,1,0,1,inf
qLogEI,2,54,1,0,2,inf
qLogEI,2,54,1,0,3,inf
qLogEI,2,54,1,0,4,inf
qLogEI,2,54,1,0,5,inf
qLogEI,2,54,1,0,6,inf
qLogEI,2,54,1,0,7,inf
qLogEI,2,54,1,0,8,inf
qLogEI,2,54,1,0,9,inf
qLogEI,2,54,1,0,10,inf
qLogEI,2,54,1,0,11,inf
qLogEI,2,54,1,0,12,inf
qLogEI,2,54,1,0,13,inf
qLogEI,2,54,1,0,14,inf
qLogEI,2,54,1,0,15,inf
qLogEI,2,54,1,0,16,inf
qLogEI,2,54,1,0,17,inf
qLogEI,2,54,1,0,18,inf
qLogEI,2,54,1,0,19,inf
qLogEI,2,54,1,0,20,10982.869557274136
RL,2,54,1,0,1,inf
RL,2,54,1,0,2,inf
RL,2,54,1,0,3,inf
RL,2,54,1,0,4,inf
RL,2,54,1,0,5,inf
RL,2,54,1,0,6,inf
RL,2,54,1,0,7,inf
RL,2,54,1,0,8,inf
RL,2,54,1,0,9,inf
RL,2,54,1,0,10,inf
RL,2,54,1,0,11,inf
RL,2,54,1,0,12,inf
RL,2,54,1,0,13,inf
RL,2,54,1,0,14,inf
RL,2,54,1,0,15,inf
RL,2,54,1,0,16,inf
RL,2,54,1,0,17,inf
RL,2,54,1,0,18,inf
RL,2,54,1,0,19,inf
RL,2,54,1,0,20,inf
Random,2,54,1,1,1,inf
Random,2,54,1,1,2,inf
Random,2,54,1,1,3,inf
Random,2,54,1,1,4,inf
Random,2,54,1,1,5,inf
Random,2,54,1,1,6,inf
Random,2,54,1,1,7,inf
Random,2,54,1,1,8,inf
Random,2,54,1,1,9,inf
Random,2,54,1,1,10,inf
Random,2,54,1,1,11,inf
Random,2,54,1,1,12,inf
Random,2,54,1,1,13,inf
Random,2,54,1,1,14,inf
Random,2,54,1,1,15,inf
Random,2,54,1,1,16,inf
Random,2,54,1,1,17,inf
Random,2,54,1,1,18,inf
Random,2,54,1,1,19,inf
Random,2,54,1,1,20,inf
qLogEI,2,54,1,1,1,inf
qLogEI,2,54,1,1,2,inf
qLogEI,2,54,1,1,3,inf
qLogEI,2,54,1,1,4,inf
qLogEI,2,54,1,1,5,inf
qLogEI,2,54,1,1,6,inf
qLogEI,2,54,1,1,7,inf
qLogEI,2,54,1,1,8,inf
qLogEI,2,54,1,1,9,inf
qLogEI,2,54,1,1,10,inf
qLogEI,2,54,1,1,11,inf
qLogEI,2,54,1,1,12,inf
qLogEI,2,54,1,1,13,inf
qLogEI,2,54,1,1,14,inf
qLogEI,2,54,1,1,15,inf
qLogEI,2,54,1,1,16,inf
qLogEI,2,54,1,1,17,inf
qLogEI,2,54,1,1,18,inf
qLogEI,2,54,1,1,19,inf
qLogEI,2,54,1,1,20,inf
RL,2,54,1,1,1,inf
RL,2,54,1,1,2,inf
RL,2,54,1,1,3,inf
RL,2,54,1,1,4,inf
RL,2,54,1,1,5,inf
RL,2,54,1,1,6,inf
RL,2,54,1,1,7,inf
RL,2,54,1,1,8,inf
RL,2,54,1,1,9,inf
RL,2,54,1,1,10,inf
RL,2,54,1,1,11,inf
RL,2,54,1,1,12,inf
RL,2,54,1,1,13,inf
RL,2,54,1,1,14,inf
RL,2,54,1,1,15,inf
RL,2,54,1,1,16,inf
RL,2,54,1,1,17,inf
RL,2,54,1,1,18,inf
RL,2,54,1,1,19,inf
RL,2,54,1,1,20,inf
Random,2,54,1,2,1,inf
Random,2,54,1,2,2,inf
Random,2,54,1,2,3,inf
Random,2,54,1,2,4,inf
Random,2,54,1,2,5,inf
Random,2,54,1,2,6,inf
Random,2,54,1,2,7,inf
Random,2,54,1,2,8,inf
Random,2,54,1,2,9,inf
Random,2,54,1,2,10,inf
Random,2,54,1,2,11,inf
Random,2,54,1,2,12,inf
Random,2,54,1,2,13,inf
Random,2,54,1,2,14,inf
Random,2,54,1,2,15,inf
Random,2,54,1,2,16,inf
Random,2,54,1,2,17,inf
Random,2,54,1,2,18,inf
Random,2,54,1,2,19,inf
Random,2,54,1,2,20,inf
qLogEI,2,54,1,2,1,inf
qLogEI,2,54,1,2,2,inf
qLogEI,2,54,1,2,3,inf
qLogEI,2,54,1,2,4,inf
qLogEI,2,54,1,2,5,inf
qLogEI,2,54,1,2,6,10965.039044469537
qLogEI,2,54,1,2,7,10965.039044469537
qLogEI,2,54,1,2,8,10965.039044469537
qLogEI,2,54,1,2,9,10965.039044469537
qLogEI,2,54,1,2,10,10916.657397704841
qLogEI,2,54,1,2,11,10874.648006610485
qLogEI,2,54,1,2,12,10859.420644856227
qLogEI,2,54,1,2,13,10598.586911989907
qLogEI,2,54,1,2,14,10547.656854698318
qLogEI,2,54,1,2,15,10499.050484217918
qLogEI,2,54,1,2,16,10499.050484217918
qLogEI,2,54,1,2,17,10499.050484217918
qLogEI,2,54,1,2,18,10499.050484217918
qLogEI,2,54,1,2,19,10460.093365289886
qLogEI,2,54,1,2,20,10460.093365289886
RL,2,54,1,2,1,inf
RL,2,54,1,2,2,inf
RL,2,54,1,2,3,inf
RL,2,54,1,2,4,inf
RL,2,54,1,2,5,inf
RL,2,54,1,2,6,inf
RL,2,54,1,2,7,inf
RL,2,54,1,2,8,inf
RL,2,54,1,2,9,inf
RL,2,54,1,2,10,inf
RL,2,54,1,2,11,inf
RL,2,54,1,2,12,inf
RL,2,54,1,2,13,inf
RL,2,54,1,2,14,inf
RL,2,54,1,2,15,inf
RL,2,54,1,2,16,inf
RL,2,54,1,2,17,inf
RL,2,54,1,2,18,inf
RL,2,54,1,2,19,inf
RL,2,54,1,2,20,inf
Random,2,54,1,3,1,inf
Random,2,54,1,3,2,inf
Random,2,54,1,3,3,inf
Random,2,54,1,3,4,inf
Random,2,54,1,3,5,inf
Random,2,54,1,3,6,inf
Random,2,54,1,3,7,inf
Random,2,54,1,3,8,inf
Random,2,54,1,3,9,inf
Random,2,54,1,3,10,inf
Random,2,54,1,3,11,inf
Random,2,54,1,3,12,inf
Random,2,54,1,3,13,inf
Random,2,54,1,3,14,inf
Random,2,54,1,3,15,inf
Random,2,54,1,3,16,inf
Random,2,54,1,3,17,inf
Random,2,54,1,3,18,inf
Random,2,54,1,3,19,inf
Random,2,54,1,3,20,inf
qLogEI,2,54,1,3,1,inf
qLogEI,2,54,1,3,2,inf
qLogEI,2,54,1,3,3,inf
qLogEI,2,54,1,3,4,inf
qLogEI,2,54,1,3,5,inf
qLogEI,2,54,1,3,6,inf
qLogEI,2,54,1,3,7,inf
qLogEI,2,54,1,3,8,inf
qLogEI,2,54,1,3,9,inf
qLogEI,2,54,1,3,10,inf
qLogEI,2,54,1,3,11,inf
qLogEI,2,54,1,3,12,inf
qLogEI,2,54,1,3,13,inf
qLogEI,2,54,1,3,14,inf
qLogEI,2,54,1,3,15,inf
qLogEI,2,54,1,3,16,inf
qLogEI,2,54,1,3,17,inf
qLogEI,2,54,1,3,18,10978.098777944031
qLogEI,2,54,1,3,19,10978.098777944031
qLogEI,2,54,1,3,20,10978.098777944031
RL,2,54,1,3,1,inf
RL,2,54,1,3,2,inf
RL,2,54,1,3,3,inf
RL,2,54,1,3,4,inf
RL,2,54,1,3,5,inf
RL,2,54,1,3,6,inf
RL,2,54,1,3,7,inf
RL,2,54,1,3,8,inf
RL,2,54,1,3,9,inf
RL,2,54,1,3,10,inf
RL,2,54,1,3,11,inf
RL,2,54,1,3,12,inf
RL,2,54,1,3,13,inf
RL,2,54,1,3,14,inf
RL,2,54,1,3,15,inf
RL,2,54,1,3,16,inf
RL,2,54,1,3,17,inf
RL,2,54,1,3,18,inf
RL,2,54,1,3,19,inf
RL,2,54,1,3,20,inf
Random,2,54,1,4,1,inf
Random,2,54,1,4,2,inf
Random,2,54,1,4,3,inf
Random,2,54,1,4,4,inf
Random,2,54,1,4,5,inf
Random,2,54,1,4,6,inf
Random,2,54,1,4,7,inf
Random,2,54,1,4,8,inf
Random,2,54,1,4,9,inf
Random,2,54,1,4,10,inf
Random,2,54,1,4,11,inf
Random,2,54,1,4,12,inf
Random,2,54,1,4,13,inf
Random,2,54,1,4,14,inf
Random,2,54,1,4,15,inf
Random,2,54,1,4,16,inf
Random,2,54,1,4,17,inf
Random,2,54,1,4,18,inf
Random,2,54,1,4,19,inf
Random,2,54,1,4,20,inf
qLogEI,2,54,1,4,1,inf
qLogEI,2,54,1,4,2,inf
qLogEI,2,54,1,4,3,inf
qLogEI,2,54,1,4,4,inf
qLogEI,2,54,1,4,5,inf
qLogEI,2,54,1,4,6,inf
qLogEI,2,54,1,4,7,inf
qLogEI,2,54,1,4,8,inf
qLogEI,2,54,1,4,9,inf
qLogEI,2,54,1,4,10,10414.651767826997
qLogEI,2,54,1,4,11,10414.651767826997
qLogEI,2,54,1,4,12,10414.651767826997
qLogEI,2,54,1,4,13,10414.651767826997
qLogEI,2,54,1,4,14,10414.651767826997
qLogEI,2,54,1,4,15,10414.651767826997
qLogEI,2,54,1,4,16,10414.651767826997
qLogEI,2,54,1,4,17,10406.006059372447
qLogEI,2,54,1,4,18,10406.006059372447
qLogEI,2,54,1,4,19,10406.006059372447
qLogEI,2,54,1,4,20,10406.006059372447
RL,2,54,1,4,1,inf
RL,2,54,1,4,2,inf
RL,2,54,1,4,3,inf
RL,2,54,1,4,4,inf
RL,2,54,1,4,5,inf
RL,2,54,1,4,6,inf
RL,2,54,1,4,7,inf
RL,2,54,1,4,8,inf
RL,2,54,1,4,9,inf
RL,2,54,1,4,10,inf
RL,2,54,1,4,11,inf
RL,2,54,1,4,12,inf
RL,2,54,1,4,13,inf
RL,2,54,1,4,14,inf
RL,2,54,1,4,15,inf
RL,2,54,1,4,16,inf
RL,2,54,1,4,17,inf
RL,2,54,1,4,18,inf
RL,2,54,1,4,19,inf
RL,2,54,1,4,20,inf
Random,2,54,2,0,1,inf
Random,2,54,2,0,2,inf
Random,2,54,2,0,3,inf
Random,2,54,2,0,4,inf
Random,2,54,2,0,5,inf
Random,2,54,2,0,6,inf
Random,2,54,2,0,7,inf
Random,2,54,2,0,8,inf
Random,2,54,2,0,9,inf
Random,2,54,2,0,10,inf
Random,2,54,2,0,11,inf
Random,2,54,2,0,12,inf
Random,2,54,2,0,13,inf
Random,2,54,2,0,14,inf
Random,2,54,2,0,15,inf
Random,2,54,2,0,16,inf
Random,2,54,2,0,17,inf
Random,2,54,2,0,18,inf
Random,2,54,2,0,19,inf
Random,2,54,2,0,20,inf
qLogEI,2,54,2,0,1,inf
qLogEI,2,54,2,0,2,inf
qLogEI,2,54,2,0,3,inf
qLogEI,2,54,2,0,4,inf
qLogEI,2,54,2,0,5,inf
qLogEI,2,54,2,0,6,inf
qLogEI,2,54,2,0,7,inf
qLogEI,2,54,2,0,8,inf
qLogEI,2,54,2,0,9,inf
qLogEI,2,54,2,0,10,inf
qLogEI,2,54,2,0,11,inf
qLogEI,2,54,2,0,12,inf
qLogEI,2,54,2,0,13,inf
qLogEI,2,54,2,0,14,inf
qLogEI,2,54,2,0,15,inf
qLogEI,2,54,2,0,16,inf
qLogEI,2,54,2,0,17,inf
qLogEI,2,54,2,0,18,inf
qLogEI,2,54,2,0,19,inf
qLogEI,2,54,2,0,20,inf
RL,2,54,2,0,1,inf
RL,2,54,2,0,2,inf
RL,2,54,2,0,3,inf
RL,2,54,2,0,4,inf
RL,2,54,2,0,5,inf
RL,2,54,2,0,6,inf
RL,2,54,2,0,7,inf
RL,2,54,2,0,8,inf
RL,2,54,2,0,9,inf
RL,2,54,2,0,10,inf
RL,2,54,2,0,11,inf
RL,2,54,2,0,12,inf
RL,2,54,2,0,13,inf
RL,2,54,2,0,14,inf
RL,2,54,2,0,15,inf
RL,2,54,2,0,16,inf
RL,2,54,2,0,17,inf
RL,2,54,2,0,18,inf
RL,2,54,2,0,19,inf
RL,2,54,2,0,20,inf
Random,2,54,2,1,1,inf
Random,2,54,2,1,2,inf
Random,2,54,2,1,3,inf
Random,2,54,2,1,4,inf
Random,2,54,2,1,5,inf
Random,2,54,2,1,6,inf
Random,2,54,2,1,7,inf
Random,2,54,2,1,8,inf
Random,2,54,2,1,9,inf
Random,2,54,2,1,10,inf
Random,2,54,2,1,11,inf
Random,2,54,2,1,12,inf
Random,2,54,2,1,13,inf
Random,2,54,2,1,14,inf
Random,2,54,2,1,15,inf
Random,2,54,2,1,16,inf
Random,2,54,2,1,17,inf
Random,2,54,2,1,18,inf
Random,2,54,2,1,19,inf
Random,2,54,2,1,20,inf
qLogEI,2,54,2,1,1,inf
qLogEI,2,54,2,1,2,inf
qLogEI,2,54,2,1,3,inf
qLogEI,2,54,2,1,4,inf
qLogEI,2,54,2,1,5,inf
qLogEI,2,54,2,1,6,inf
qLogEI,2,54,2,1,7,inf
qLogEI,2,54,2,1,8,inf
qLogEI,2,54,2,1,9,inf
qLogEI,2,54,2,1,10,inf
qLogEI,2,54,2,1,11,inf
qLogEI,2,54,2,1,12,inf
qLogEI,2,54,2,1,13,inf
qLogEI,2,54,2,1,14,inf
qLogEI,2,54,2,1,15,inf
qLogEI,2,54,2,1,16,inf
qLogEI,2,54,2,1,17,inf
qLogEI,2,54,2,1,18,inf
qLogEI,2,54,2,1,19,inf
qLogEI,2,54,2,1,20,inf
RL,2,54,2,1,1,inf
RL,2,54,2,1,2,inf
RL,2,54,2,1,3,inf
RL,2,54,2,1,4,inf
RL,2,54,2,1,5,inf
RL,2,54,2,1,6,inf
RL,2,54,2,1,7,inf
RL,2,54,2,1,8,inf
RL,2,54,2,1,9,inf
RL,2,54,2,1,10,inf
RL,2,54,2,1,11,inf
RL,2,54,2,1,12,inf
RL,2,54,2,1,13,inf
RL,2,54,2,1,14,inf
RL,2,54,2,1,15,inf
RL,2,54,2,1,16,inf
RL,2,54,2,1,17,inf
RL,2,54,2,1,18,inf
RL,2,54,2,1,19,inf
RL,2,54,2,1,20,inf
Random,2,54,2,2,1,inf
Random,2,54,2,2,2,inf
Random,2,54,2,2,3,inf
Random,2,54,2,2,4,inf
Random,2,54,2,2,5,inf
Random,2,54,2,2,6,inf
Random,2,54,2,2,7,inf
Random,2,54,2,2,8,inf
Random,2,54,2,2,9,inf
Random,2,54,2,2,10,inf
Random,2,54,2,2,11,inf
Random,2,54,2,2,12,inf
Random,2,54,2,2,13,inf
Random,2,54,2,2,14,inf
Random,2,54,2,2,15,inf
Random,2,54,2,2,16,inf
Random,2,54,2,2,17,inf
Random,2,54,2,2,18,inf
Random,2,54,2,2,19,inf
Random,2,54,2,2,20,inf
qLogEI,2,54,2,2,1,inf
qLogEI,2,54,2,2,2,inf
qLogEI,2,54,2,2,3,inf
qLogEI,2,54,2,2,4,inf
qLogEI,2,54,2,2,5,inf
qLogEI,2,54,2,2,6,inf
qLogEI,2,54,2,2,7,inf
qLogEI,2,54,2,2,8,inf
qLogEI,2,54,2,2,9,inf
qLogEI,2,54,2,2,10,inf
qLogEI,2,54,2,2,11,inf
qLogEI,2,54,2,2,12,inf
qLogEI,2,54,2,2,13,inf
qLogEI,2,54,2,2,14,inf
qLogEI,2,54,2,2,15,inf
qLogEI,2,54,2,2,16,inf
qLogEI,2,54,2,2,17,inf
qLogEI,2,54,2,2,18,inf
qLogEI,2,54,2,2,19,inf
qLogEI,2,54,2,2,20,inf
RL,2,54,2,2,1,inf
RL,2,54,2,2,2,inf
RL,2,54,2,2,3,inf
RL,2,54,2,2,4,inf
RL,2,54,2,2,5,inf
RL,2,54,2,2,6,inf
RL,2,54,2,2,7,inf
RL,2,54,2,2,8,inf
RL,2,54,2,2,9,inf
RL,2,54,2,2,10,inf
RL,2,54,2,2,11,inf
RL,2,54,2,2,12,inf
RL,2,54,2,2,13,inf
RL,2,54,2,2,14,inf
RL,2,54,2,2,15,inf
RL,2,54,2,2,16,inf
RL,2,54,2,2,17,inf
RL,2,54,2,2,18,inf
RL,2,54,2,2,19,inf
RL,2,54,2,2,20,inf
Random,2,54,2,3,1,inf
Random,2,54,2,3,2,inf
Random,2,54,2,3,3,inf
Random,2,54,2,3,4,inf
Random,2,54,2,3,5,inf
Random,2,54,2,3,6,inf
Random,2,54,2,3,7,inf
Random,2,54,2,3,8,inf
Random,2,54,2,3,9,inf
Random,2,54,2,3,10,inf
Random,2,54,2,3,11,inf
Random,2,54,2,3,12,inf
Random,2,54,2,3,13,inf
Random,2,54,2,3,14,inf
Random,2,54,2,3,15,inf
Random,2,54,2,3,16,inf
Random,2,54,2,3,17,inf
Random,2,54,2,3,18,inf
Random,2,54,2,3,19,inf
Random,2,54,2,3,20,inf
qLogEI,2,54,2,3,1,inf
qLogEI,2,54,2,3,2,inf
qLogEI,2,54,2,3,3,inf
qLogEI,2,54,2,3,4,inf
qLogEI,2,54,2,3,5,inf
qLogEI,2,54,2,3,6,inf
qLogEI,2,54,2,3,7,inf
qLogEI,2,54,2,3,8,inf
qLogEI,2,54,2,3,9,inf
qLogEI,2,54,2,3,10,inf
qLogEI,2,54,2,3,11,inf
qLogEI,2,54,2,3,12,inf
qLogEI,2,54,2,3,13,inf
qLogEI,2,54,2,3,14,inf
qLogEI,2,54,2,3,15,inf
qLogEI,2,54,2,3,16,inf
qLogEI,2,54,2,3,17,426.23975805907946
qLogEI,2,54,2,3,18,426.23975805907946
qLogEI,2,54,2,3,19,426.23975805907946
qLogEI,2,54,2,3,20,426.23975805907946
RL,2,54,2,3,1,inf
RL,2,54,2,3,2,inf
RL,2,54,2,3,3,inf
RL,2,54,2,3,4,inf
RL,2,54,2,3,5,inf
RL,2,54,2,3,6,inf
RL,2,54,2,3,7,inf
RL,2,54,2,3,8,inf
RL,2,54,2,3,9,inf
RL,2,54,2,3,10,inf
RL,2,54,2,3,11,inf
RL,2,54,2,3,12,inf
RL,2,54,2,3,13,inf
RL,2,54,2,3,14,inf
RL,2,54,2,3,15,inf
RL,2,54,2,3,16,inf
RL,2,54,2,3,17,inf
RL,2,54,2,3,18,inf
RL,2,54,2,3,19,inf
RL,2,54,2,3,20,inf
Random,2,54,2,4,1,inf
Random,2,54,2,4,2,inf
Random,2,54,2,4,3,inf
Random,2,54,2,4,4,inf
Random,2,54,2,4,5,inf
Random,2,54,2,4,6,inf
Random,2,54,2,4,7,inf
Random,2,54,2,4,8,inf
Random,2,54,2,4,9,inf
Random,2,54,2,4,10,inf
Random,2,54,2,4,11,inf
Random,2,54,2,4,12,inf
Random,2,54,2,4,13,inf
Random,2,54,2,4,14,inf
Random,2,54,2,4,15,inf
Random,2,54,2,4,16,inf
Random,2,54,2,4,17,inf
Random,2,54,2,4,18,inf
Random,2,54,2,4,19,inf
Random,2,54,2,4,20,inf
qLogEI,2,54,2,4,1,inf
qLogEI,2,54,2,4,2,inf
qLogEI,2,54,2,4,3,inf
qLogEI,2,54,2,4,4,inf
qLogEI,2,54,2,4,5,inf
qLogEI,2,54,2,4,6,inf
qLogEI,2,54,2,4,7,inf
qLogEI,2,54,2,4,8,inf
qLogEI,2,54,2,4,9,inf
qLogEI,2,54,2,4,10,inf
qLogEI,2,54,2,4,11,inf
qLogEI,2,54,2,4,12,inf
qLogEI,2,54,2,4,13,inf
qLogEI,2,54,2,4,14,inf
qLogEI,2,54,2,4,15,inf
qLogEI,2,54,2,4,16,inf
qLogEI,2,54,2,4,17,inf
qLogEI,2,54,2,4,18,inf
qLogEI,2,54,2,4,19,inf
qLogEI,2,54,2,4,20,inf
RL,2,54,2,4,1,inf
RL,2,54,2,4,2,inf
RL,2,54,2,4,3,inf
RL,2,54,2,4,4,inf
RL,2,54,2,4,5,inf
RL,2,54,2,4,6,inf
RL,2,54,2,4,7,inf
RL,2,54,2,4,8,inf
RL,2,54,2,4,9,inf
RL,2,54,2,4,10,inf
RL,2,54,2,4,11,inf
RL,2,54,2,4,12,inf
RL,2,54,2,4,13,inf
RL,2,54,2,4,14,inf
RL,2,54,2,4,15,inf
RL,2,54,2,4,16,inf
RL,2,54,2,4,17,inf
RL,2,54,2,4,18,inf
RL,2,54,2,4,19,inf
RL,2,54,2,4,20,inf
Random,2,54,3,0,1,inf
Random,2,54,3,0,2,inf
Random,2,54,3,0,3,inf
Random,2,54,3,0,4,inf
Random,2,54,3,0,5,inf
Random,2,54,3,0,6,inf
Random,2,54,3,0,7,inf
Random,2,54,3,0,8,inf
Random,2,54,3,0,9,inf
Random,2,54,3,0,10,inf
Random,2,54,3,0,11,inf
Random,2,54,3,0,12,inf
Random,2,54,3,0,13,inf
Random,2,54,3,0,14,inf
Random,2,54,3,0,15,inf
Random,2,54,3,0,16,inf
Random,2,54,3,0,17,inf
Random,2,54,3,0,18,inf
Random,2,54,3,0,19,inf
Random,2,54,3,0,20,inf
qLogEI,2,54,3,0,1,inf
qLogEI,2,54,3,0,2,inf
qLogEI,2,54,3,0,3,inf
qLogEI,2,54,3,0,4,inf
qLogEI,2,54,3,0,5,inf
qLogEI,2,54,3,0,6,inf
qLogEI,2,54,3,0,7,inf
qLogEI,2,54,3,0,8,inf
qLogEI,2,54,3,0,9,inf
qLogEI,2,54,3,0,10,inf
qLogEI,2,54,3,0,11,inf
qLogEI,2,54,3,0,12,inf
qLogEI,2,54,3,0,13,inf
qLogEI,2,54,3,0,14,inf
qLogEI,2,54,3,0,15,inf
qLogEI,2,54,3,0,16,inf
qLogEI,2,54,3,0,17,inf
qLogEI,2,54,3,0,18,inf
qLogEI,2,54,3,0,19,inf
qLogEI,2,54,3,0,20,inf
RL,2,54,3,0,1,inf
RL,2,54,3,0,2,inf
RL,2,54,3,0,3,inf
RL,2,54,3,0,4,inf
RL,2,54,3,0,5,inf
RL,2,54,3,0,6,inf
RL,2,54,3,0,7,inf
RL,2,54,3,0,8,inf
RL,2,54,3,0,9,inf
RL,2,54,3,0,10,inf
RL,2,54,3,0,11,inf
RL,2,54,3,0,12,inf
RL,2,54,3,0,13,inf
RL,2,54,3,0,14,inf
RL,2,54,3,0,15,inf
RL,2,54,3,0,16,inf
RL,2,54,3,0,17,inf
RL,2,54,3,0,18,inf
RL,2,54,3,0,19,inf
RL,2,54,3,0,20,inf
Random,2,54,3,1,1,inf
Random,2,54,3,1,2,inf
Random,2,54,3,1,3,inf
Random,2,54,3,1,4,inf
Random,2,54,3,1,5,inf
Random,2,54,3,1,6,inf
Random,2,54,3,1,7,inf
Random,2,54,3,1,8,inf
Random,2,54,3,1,9,inf
Random,2,54,3,1,10,inf
Random,2,54,3,1,11,inf
Random,2,54,3,1,12,inf
Random,2,54,3,1,13,inf
Random,2,54,3,1,14,inf
Random,2,54,3,1,15,inf
Random,2,54,3,1,16,inf
Random,2,54,3,1,17,inf
Random,2,54,3,1,18,inf
Random,2,54,3,1,19,inf
Random,2,54,3,1,20,inf
qLogEI,2,54,3,1,1,inf
qLogEI,2,54,3,1,2,inf
qLogEI,2,54,3,1,3,inf
qLogEI,2,54,3,1,4,inf
qLogEI,2,54,3,1,5,inf
qLogEI,2,54,3,1,6,inf
qLogEI,2,54,3,1,7,inf
qLogEI,2,54,3,1,8,inf
qLogEI,2,54,3,1,9,inf
qLogEI,2,54,3,1,10,inf
qLogEI,2,54,3,1,11,inf
qLogEI,2,54,3,1,12,inf
qLogEI,2,54,3,1,13,inf
qLogEI,2,54,3,1,14,inf
qLogEI,2,54,3,1,15,inf
qLogEI,2,54,3,1,16,inf
qLogEI,2,54,3,1,17,inf
qLogEI,2,54,3,1,18,inf
qLogEI,2,54,3,1,19,inf
qLogEI,2,54,3,1,20,inf
RL,2,54,3,1,1,inf
RL,2,54,3,1,2,inf
RL,2,54,3,1,3,inf
RL,2,54,3,1,4,inf
RL,2,54,3,1,5,inf
RL,2,54,3,1,6,inf
RL,2,54,3,1,7,inf
RL,2,54,3,1,8,inf
RL,2,54,3,1,9,inf
RL,2,54,3,1,10,inf
RL,2,54,3,1,11,inf
RL,2,54,3,1,12,inf
RL,2,54,3,1,13,inf
RL,2,54,3,1,14,inf
RL,2,54,3,1,15,inf
RL,2,54,3,1,16,inf
RL,2,54,3,1,17,inf
RL,2,54,3,1,18,inf
RL,2,54,3,1,19,inf
RL,2,54,3,1,20,inf
Random,2,54,3,2,1,inf
Random,2,54,3,2,2,inf
Random,2,54,3,2,3,inf
Random,2,54,3,2,4,inf
Random,2,54,3,2,5,inf
Random,2,54,3,2,6,inf
Random,2,54,3,2,7,inf
Random,2,54,3,2,8,inf
Random,2,54,3,2,9,inf
Random,2,54,3,2,10,inf
Random,2,54,3,2,11,inf
Random,2,54,3,2,12,inf
Random,2,54,3,2,13,inf
Random,2,54,3,2,14,inf
Random,2,54,3,2,15,inf
Random,2,54,3,2,16,inf
Random,2,54,3,2,17,inf
Random,2,54,3,2,18,inf
Random,2,54,3,2,19,inf
Random,2,54,3,2,20,inf
qLogEI,2,54,3,2,1,inf
qLogEI,2,54,3,2,2,inf
qLogEI,2,54,3,2,3,inf
qLogEI,2,54,3,2,4,inf
qLogEI,2,54,3,2,5,inf
qLogEI,2,54,3,2,6,inf
qLogEI,2,54,3,2,7,inf
qLogEI,2,54,3,2,8,inf
qLogEI,2,54,3,2,9,inf
qLogEI,2,54,3,2,10,inf
qLogEI,2,54,3,2,11,inf
qLogEI,2,54,3,2,12,inf
qLogEI,2,54,3,2,13,inf
qLogEI,2,54,3,2,14,inf
qLogEI,2,54,3,2,15,inf
qLogEI,2,54,3,2,16,inf
qLogEI,2,54,3,2,17,inf
qLogEI,2,54,3,2,18,inf
qLogEI,2,54,3,2,19,inf
qLogEI,2,54,3,2,20,inf
RL,2,54,3,2,1,inf
RL,2,54,3,2,2,inf
RL,2,54,3,2,3,inf
RL,2,54,3,2,4,inf
RL,2,54,3,2,5,inf
RL,2,54,3,2,6,inf
RL,2,54,3,2,7,inf
RL,2,54,3,2,8,inf
RL,2,54,3,2,9,inf
RL,2,54,3,2,10,inf
RL,2,54,3,2,11,inf
RL,2,54,3,2,12,inf
RL,2,54,3,2,13,inf
RL,2,54,3,2,14,inf
RL,2,54,3,2,15,inf
RL,2,54,3,2,16,inf
RL,2,54,3,2,17,inf
RL,2,54,3,2,18,inf
RL,2,54,3,2,19,inf
RL,2,54,3,2,20,inf
Random,2,54,3,3,1,inf
Random,2,54,3,3,2,inf
Random,2,54,3,3,3,inf
Random,2,54,3,3,4,inf
Random,2,54,3,3,5,inf
Random,2,54,3,3,6,inf
Random,2,54,3,3,7,inf
Random,2,54,3,3,8,inf
Random,2,54,3,3,9,inf
Random,2,54,3,3,10,inf
Random,2,54,3,3,11,inf
Random,2,54,3,3,12,inf
Random,2,54,3,3,13,inf
Random,2,54,3,3,14,inf
Random,2,54,3,3,15,inf
Random,2,54,3,3,16,inf
Random,2,54,3,3,17,inf
Random,2,54,3,3,18,inf
Random,2,54,3,3,19,inf
Random,2,54,3,3,20,inf
qLogEI,2,54,3,3,1,inf
qLogEI,2,54,3,3,2,inf
qLogEI,2,54,3,3,3,inf
qLogEI,2,54,3,3,4,inf
qLogEI,2,54,3,3,5,inf
qLogEI,2,54,3,3,6,inf
qLogEI,2,54,3,3,7,inf
qLogEI,2,54,3,3,8,inf
qLogEI,2,54,3,3,9,inf
qLogEI,2,54,3,3,10,inf
qLogEI,2,54,3,3,11,inf
qLogEI,2,54,3,3,12,inf
qLogEI,2,54,3,3,13,inf
qLogEI,2,54,3,3,14,inf
qLogEI,2,54,3,3,15,inf
qLogEI,2,54,3,3,16,inf
qLogEI,2,54,3,3,17,inf
qLogEI,2,54,3,3,18,inf
qLogEI,2,54,3,3,19,inf
qLogEI,2,54,3,3,20,inf
RL,2,54,3,3,1,inf
RL,2,54,3,3,2,inf
RL,2,54,3,3,3,inf
RL,2,54,3,3,4,inf
RL,2,54,3,3,5,inf
RL,2,54,3,3,6,inf
RL,2,54,3,3,7,inf
RL,2,54,3,3,8,inf
RL,2,54,3,3,9,inf
RL,2,54,3,3,10,inf
RL,2,54,3,3,11,inf
RL,2,54,3,3,12,inf
RL,2,54,3,3,13,inf
RL,2,54,3,3,14,inf
RL,2,54,3,3,15,inf
RL,2,54,3,3,16,inf
RL,2,54,3,3,17,inf
RL,2,54,3,3,18,inf
RL,2,54,3,3,19,inf
RL,2,54,3,3,20,inf
Random,2,54,3,4,1,inf
Random,2,54,3,4,2,inf
Random,2,54,3,4,3,inf
Random,2,54,3,4,4,inf
Random,2,54,3,4,5,inf
Random,2,54,3,4,6,inf
Random,2,54,3,4,7,inf
Random,2,54,3,4,8,inf
Random,2,54,3,4,9,inf
Random,2,54,3,4,10,inf
Random,2,54,3,4,11,inf
Random,2,54,3,4,12,inf
Random,2,54,3,4,13,inf
Random,2,54,3,4,14,inf
Random,2,54,3,4,15,inf
Random,2,54,3,4,16,inf
Random,2,54,3,4,17,inf
Random,2,54,3,4,18,inf
Random,2,54,3,4,19,inf
Random,2,54,3,4,20,inf
qLogEI,2,54,3,4,1,inf
qLogEI,2,54,3,4,2,inf
qLogEI,2,54,3,4,3,inf
qLogEI,2,54,3,4,4,inf
qLogEI,2,54,3,4,5,inf
qLogEI,2,54,3,4,6,inf
qLogEI,2,54,3,4,7,inf
qLogEI,2,54,3,4,8,inf
qLogEI,2,54,3,4,9,inf
qLogEI,2,54,3,4,10,inf
qLogEI,2,54,3,4,11,inf
qLogEI,2,54,3,4,12,inf
qLogEI,2,54,3,4,13,inf
qLogEI,2,54,3,4,14,inf
qLogEI,2,54,3,4,15,inf
qLogEI,2,54,3,4,16,inf
qLogEI,2,54,3,4,17,inf
qLogEI,2,54,3,4,18,inf
qLogEI,2,54,3,4,19,inf
qLogEI,2,54,3,4,20,inf
RL,2,54,3,4,1,inf
RL,2,54,3,4,2,inf
RL,2,54,3,4,3,inf
RL,2,54,3,4,4,inf
RL,2,54,3,4,5,inf
RL,2,54,3,4,6,inf
RL,2,54,3,4,7,inf
RL,2,54,3,4,8,inf
RL,2,54,3,4,9,inf
RL,2,54,3,4,10,inf
RL,2,54,3,4,11,inf
RL,2,54,3,4,12,inf
RL,2,54,3,4,13,inf
RL,2,54,3,4,14,inf
RL,2,54,3,4,15,inf
RL,2,54,3,4,16,inf
RL,2,54,3,4,17,inf
RL,2,54,3,4,18,inf
RL,2,54,3,4,19,inf
RL,2,54,3,4,20,inf
Random,10,2,1,0,1,inf
Random,10,2,1,0,2,inf
Random,10,2,1,0,3,inf
Random,10,2,1,0,4,inf
Random,10,2,1,0,5,inf
Random,10,2,1,0,6,inf
Random,10,2,1,0,7,inf
Random,10,2,1,0,8,inf
Random,10,2,1,0,9,inf
Random,10,2,1,0,10,inf
Random,10,2,1,0,11,inf
Random,10,2,1,0,12,inf
Random,10,2,1,0,13,inf
Random,10,2,1,0,14,inf
Random,10,2,1,0,15,inf
Random,10,2,1,0,16,-330.99581010627134
Random,10,2,1,0,17,-330.99581010627134
Random,10,2,1,0,18,-330.99581010627134
Random,10,2,1,0,19,-330.99581010627134
Random,10,2,1,0,20,-330.99581010627134
Random,10,2,1,0,21,-330.99581010627134
Random,10,2,1,0,22,-330.99581010627134
Random,10,2,1,0,23,-330.99581010627134
Random,10,2,1,0,24,-330.99581010627134
Random,10,2,1,0,25,-330.99581010627134
Random,10,2,1,0,26,-330.99581010627134
Random,10,2,1,0,27,-330.99581010627134
Random,10,2,1,0,28,-330.99581010627134
Random,10,2,1,0,29,-330.99581010627134
Random,10,2,1,0,30,-330.99581010627134
Random,10,2,1,0,31,-330.99581010627134
Random,10,2,1,0,32,-330.99581010627134
Random,10,2,1,0,33,-330.99581010627134
Random,10,2,1,0,34,-330.99581010627134
Random,10,2,1,0,35,-330.99581010627134
Random,10,2,1,0,36,-330.99581010627134
Random,10,2,1,0,37,-330.99581010627134
Random,10,2,1,0,38,-330.99581010627134
Random,10,2,1,0,39,-330.99581010627134
Random,10,2,1,0,40,-330.99581010627134
Random,10,2,1,0,41,-330.99581010627134
Random,10,2,1,0,42,-330.99581010627134
Random,10,2,1,0,43,-330.99581010627134
Random,10,2,1,0,44,-330.99581010627134
Random,10,2,1,0,45,-330.99581010627134
Random,10,2,1,0,46,-330.99581010627134
Random,10,2,1,0,47,-330.99581010627134
Random,10,2,1,0,48,-330.99581010627134
Random,10,2,1,0,49,-330.99581010627134
Random,10,2,1,0,50,-330.99581010627134
Random,10,2,1,0,51,-744.386674695287
Random,10,2,1,0,52,-744.386674695287
Random,10,2,1,0,53,-744.386674695287
Random,10,2,1,0,54,-744.386674695287
Random,10,2,1,0,55,-744.386674695287
Random,10,2,1,0,56,-744.386674695287
Random,10,2,1,0,57,-744.386674695287
Random,10,2,1,0,58,-744.386674695287
Random,10,2,1,0,59,-744.386674695287
Random,10,2,1,0,60,-744.386674695287
Random,10,2,1,0,61,-744.386674695287
Random,10,2,1,0,62,-744.386674695287
Random,10,2,1,0,63,-744.386674695287
Random,10,2,1,0,64,-744.386674695287
Random,10,2,1,0,65,-744.386674695287
Random,10,2,1,0,66,-744.386674695287
Random,10,2,1,0,67,-744.386674695287
Random,10,2,1,0,68,-744.386674695287
Random,10,2,1,0,69,-744.386674695287
Random,10,2,1,0,70,-744.386674695287
Random,10,2,1,0,71,-744.386674695287
Random,10,2,1,0,72,-744.386674695287
Random,10,2,1,0,73,-744.386674695287
Random,10,2,1,0,74,-744.386674695287
Random,10,2,1,0,75,-744.386674695287
Random,10,2,1,0,76,-744.386674695287
Random,10,2,1,0,77,-744.386674695287
Random,10,2,1,0,78,-744.386674695287
Random,10,2,1,0,79,-744.386674695287
Random,10,2,1,0,80,-744.386674695287
Random,10,2,1,0,81,-744.386674695287
Random,10,2,1,0,82,-744.386674695287
Random,10,2,1,0,83,-744.386674695287
Random,10,2,1,0,84,-744.386674695287
Random,10,2,1,0,85,-744.386674695287
Random,10,2,1,0,86,-744.386674695287
Random,10,2,1,0,87,-744.386674695287
Random,10,2,1,0,88,-744.386674695287
Random,10,2,1,0,89,-744.386674695287
Random,10,2,1,0,90,-744.386674695287
Random,10,2,1,0,91,-872.495448054011
Random,10,2,1,0,92,-872.495448054011
Random,10,2,1,0,93,-872.495448054011
Random,10,2,1,0,94,-872.495448054011
Random,10,2,1,0,95,-872.495448054011
Random,10,2,1,0,96,-872.495448054011
Random,10,2,1,0,97,-872.495448054011
Random,10,2,1,0,98,-872.495448054011
Random,10,2,1,0,99,-872.495448054011
Random,10,2,1,0,100,-872.495448054011
qLogEI,10,2,1,0,1,inf
qLogEI,10,2,1,0,2,inf
qLogEI,10,2,1,0,3,inf
qLogEI,10,2,1,0,4,inf
qLogEI,10,2,1,0,5,inf
qLogEI,10,2,1,0,6,inf
qLogEI,10,2,1,0,7,inf
qLogEI,10,2,1,0,8,inf
qLogEI,10,2,1,0,9,inf
qLogEI,10,2,1,0,10,inf
qLogEI,10,2,1,0,11,inf
qLogEI,10,2,1,0,12,inf
qLogEI,10,2,1,0,13,inf
qLogEI,10,2,1,0,14,inf
qLogEI,10,2,1,0,15,inf
qLogEI,10,2,1,0,16,-330.99581010627134
qLogEI,10,2,1,0,17,-330.99581010627134
qLogEI,10,2,1,0,18,-330.99581010627134
qLogEI,10,2,1,0,19,-330.99581010627134
qLogEI,10,2,1,0,20,-330.99581010627134
qLogEI,10,2,1,0,21,-330.99581010627134
qLogEI,10,2,1,0,22,-330.99581010627134
qLogEI,10,2,1,0,23,-330.99581010627134
qLogEI,10,2,1,0,24,-330.99581010627134
qLogEI,10,2,1,0,25,-330.99581010627134
qLogEI,10,2,1,0,26,-330.99581010627134
qLogEI,10,2,1,0,27,-330.99581010627134
qLogEI,10,2,1,0,28,-330.99581010627134
qLogEI,10,2,1,0,29,-330.99581010627134
qLogEI,10,2,1,0,30,-330.99581010627134
qLogEI,10,2,1,0,31,-330.99581010627134
qLogEI,10,2,1,0,32,-330.99581010627134
qLogEI,10,2,1,0,33,-330.99581010627134
qLogEI,10,2,1,0,34,-330.99581010627134
qLogEI,10,2,1,0,35,-330.99581010627134
qLogEI,10,2,1,0,36,-330.99581010627134
qLogEI,10,2,1,0,37,-330.99581010627134
qLogEI,10,2,1,0,38,-330.99581010627134
qLogEI,10,2,1,0,39,-330.99581010627134
qLogEI,10,2,1,0,40,-330.99581010627134
qLogEI,10,2,1,0,41,-330.99581010627134
qLogEI,10,2,1,0,42,-330.99581010627134
qLogEI,10,2,1,0,43,-330.99581010627134
qLogEI,10,2,1,0,44,-330.99581010627134
qLogEI,10,2,1,0,45,-330.99581010627134
qLogEI,10,2,1,0,46,-1297.9498174134023
qLogEI,10,2,1,0,47,-1297.9498174134023
qLogEI,10,2,1,0,48,-1297.9498174134023
qLogEI,10,2,1,0,49,-1297.9498174134023
qLogEI,10,2,1,0,50,-1297.9498174134023
qLogEI,10,2,1,0,51,-1297.9498174134023
qLogEI,10,2,1,0,52,-1297.9498174134023
qLogEI,10,2,1,0,53,-1297.9498174134023
qLogEI,10,2,1,0,54,-1297.9498174134023
qLogEI,10,2,1,0,55,-1297.9498174134023
qLogEI,10,2,1,0,56,-1297.9498174134023
qLogEI,10,2,1,0,57,-1297.9498174134023
qLogEI,10,2,1,0,58,-1297.9498174134023
qLogEI,10,2,1,0,59,-1297.9498174134023
qLogEI,10,2,1,0,60,-1297.9498174134023
qLogEI,10,2,1,0,61,-1297.9498174134023
qLogEI,10,2,1,0,62,-1297.9498174134023
qLogEI,10,2,1,0,63,-1297.9498174134023
qLogEI,10,2,1,0,64,-1297.9498174134023
qLogEI,10,2,1,0,65,-1297.9498174134023
qLogEI,10,2,1,0,66,-1297.9498174134023
qLogEI,10,2,1,0,67,-1297.9498174134023
qLogEI,10,2,1,0,68,-1297.9498174134023
qLogEI,10,2,1,0,69,-1297.9498174134023
qLogEI,10,2,1,0,70,-1297.9498174134023
qLogEI,10,2,1,0,71,-1297.9498174134023
qLogEI,10,2,1,0,72,-1297.9498174134023
qLogEI,10,2,1,0,73,-1297.9498174134023
qLogEI,10,2,1,0,74,-1297.9498174134023
qLogEI,10,2,1,0,75,-1297.9498174134023
qLogEI,10,2,1,0,76,-1297.9498174134023
qLogEI,10,2,1,0,77,-1297.9498174134023
qLogEI,10,2,1,0,78,-1297.9498174134023
qLogEI,10,2,1,0,79,-1297.9498174134023
qLogEI,10,2,1,0,80,-1297.9498174134023
qLogEI,10,2,1,0,81,-1297.9498174134023
qLogEI,10,2,1,0,82,-1297.9498174134023
qLogEI,10,2,1,0,83,-1297.9498174134023
qLogEI,10,2,1,0,84,-1297.9498174134023
qLogEI,10,2,1,0,85,-1297.9498174134023
qLogEI,10,2,1,0,86,-1297.9498174134023
qLogEI,10,2,1,0,87,-1297.9498174134023
qLogEI,10,2,1,0,88,-1297.9498174134023
qLogEI,10,2,1,0,89,-1297.9498174134023
qLogEI,10,2,1,0,90,-1297.9498174134023
qLogEI,10,2,1,0,91,-1297.9498174134023
qLogEI,10,2,1,0,92,-1297.9498174134023
qLogEI,10,2,1,0,93,-1297.9498174134023
qLogEI,10,2,1,0,94,-1297.9498174134023
qLogEI,10,2,1,0,95,-1297.9498174134023
qLogEI,10,2,1,0,96,-1297.9498174134023
qLogEI,10,2,1,0,97,-1297.9498174134023
qLogEI,10,2,1,0,98,-1297.9498174134023
qLogEI,10,2,1,0,99,-1297.9498174134023
qLogEI,10,2,1,0,100,-1297.9498174134023
RL,10,2,1,0,1,inf
RL,10,2,1,0,2,inf
RL,10,2,1,0,3,inf
RL,10,2,1,0,4,inf
RL,10,2,1,0,5,inf
RL,10,2,1,0,6,inf
RL,10,2,1,0,7,inf
RL,10,2,1,0,8,inf
RL,10,2,1,0,9,inf
RL,10,2,1,0,10,inf
RL,10,2,1,0,11,inf
RL,10,2,1,0,12,inf
RL,10,2,1,0,13,inf
RL,10,2,1,0,14,inf
RL,10,2,1,0,15,inf
RL,10,2,1,0,16,-330.99581010627134
RL,10,2,1,0,17,-330.99581010627134
RL,10,2,1,0,18,-330.99581010627134
RL,10,2,1,0,19,-330.99581010627134
RL,10,2,1,0,20,-330.99581010627134
RL,10,2,1,0,21,-330.99581010627134
RL,10,2,1,0,22,-330.99581010627134
RL,10,2,1,0,23,-330.99581010627134
RL,10,2,1,0,24,-330.99581010627134
RL,10,2,1,0,25,-330.99581010627134
RL,10,2,1,0,26,-330.99581010627134
RL,10,2,1,0,27,-330.99581010627134
RL,10,2,1,0,28,-330.99581010627134
RL,10,2,1,0,29,-330.99581010627134
RL,10,2,1,0,30,-330.99581010627134
RL,10,2,1,0,31,-330.99581010627134
RL,10,2,1,0,32,-330.99581010627134
RL,10,2,1,0,33,-330.99581010627134
RL,10,2,1,0,34,-330.99581010627134
RL,10,2,1,0,35,-330.99581010627134
RL,10,2,1,0,36,-330.99581010627134
RL,10,2,1,0,37,-330.99581010627134
RL,10,2,1,0,38,-330.99581010627134
RL,10,2,1,0,39,-330.99581010627134
RL,10,2,1,0,40,-330.99581010627134
RL,10,2,1,0,41,-330.99581010627134
RL,10,2,1,0,42,-330.99581010627134
RL,10,2,1,0,43,-330.99581010627134
RL,10,2,1,0,44,-330.99581010627134
RL,10,2,1,0,45,-330.99581010627134
RL,10,2,1,0,46,-330.99581010627134
RL,10,2,1,0,47,-330.99581010627134
RL,10,2,1,0,48,-330.99581010627134
RL,10,2,1,0,49,-330.99581010627134
RL,10,2,1,0,50,-330.99581010627134
RL,10,2,1,0,51,-330.99581010627134
RL,10,2,1,0,52,-330.99581010627134
RL,10,2,1,0,53,-330.99581010627134
RL,10,2,1,0,54,-330.99581010627134
RL,10,2,1,0,55,-330.99581010627134
RL,10,2,1,0,56,-330.99581010627134
RL,10,2,1,0,57,-330.99581010627134
RL,10,2,1,0,58,-330.99581010627134
RL,10,2,1,0,59,-330.99581010627134
RL,10,2,1,0,60,-330.99581010627134
RL,10,2,1,0,61,-330.99581010627134
RL,10,2,1,0,62,-330.99581010627134
RL,10,2,1,0,63,-330.99581010627134
RL,10,2,1,0,64,-330.99581010627134
RL,10,2,1,0,65,-330.99581010627134
RL,10,2,1,0,66,-330.99581010627134
RL,10,2,1,0,67,-330.99581010627134
RL,10,2,1,0,68,-330.99581010627134
RL,10,2,1,0,69,-330.99581010627134
RL,10,2,1,0,70,-330.99581010627134
RL,10,2,1,0,71,-330.99581010627134
RL,10,2,1,0,72,-330.99581010627134
RL,10,2,1,0,73,-330.99581010627134
RL,10,2,1,0,74,-330.99581010627134
RL,10,2,1,0,75,-330.99581010627134
RL,10,2,1,0,76,-330.99581010627134
RL,10,2,1,0,77,-330.99581010627134
RL,10,2,1,0,78,-330.99581010627134
RL,10,2,1,0,79,-330.99581010627134
RL,10,2,1,0,80,-330.99581010627134
RL,10,2,1,0,81,-330.99581010627134
RL,10,2,1,0,82,-330.99581010627134
RL,10,2,1,0,83,-330.99581010627134
RL,10,2,1,0,84,-330.99581010627134
RL,10,2,1,0,85,-330.99581010627134
RL,10,2,1,0,86,-330.99581010627134
RL,10,2,1,0,87,-330.99581010627134
RL,10,2,1,0,88,-330.99581010627134
RL,10,2,1,0,89,-330.99581010627134
RL,10,2,1,0,90,-330.99581010627134
RL,10,2,1,0,91,-330.99581010627134
RL,10,2,1,0,92,-330.99581010627134
RL,10,2,1,0,93,-330.99581010627134
RL,10,2,1,0,94,-330.99581010627134
RL,10,2,1,0,95,-330.99581010627134
RL,10,2,1,0,96,-330.99581010627134
RL,10,2,1,0,97,-330.99581010627134
RL,10,2,1,0,98,-330.99581010627134
RL,10,2,1,0,99,-330.99581010627134
RL,10,2,1,0,100,-330.99581010627134
Random,10,2,1,1,1,inf
Random,10,2,1,1,2,inf
Random,10,2,1,1,3,inf
Random,10,2,1,1,4,inf
Random,10,2,1,1,5,inf
Random,10,2,1,1,6,inf
Random,10,2,1,1,7,inf
Random,10,2,1,1,8,inf
Random,10,2,1,1,9,inf
Random,10,2,1,1,10,inf
Random,10,2,1,1,11,inf
Random,10,2,1,1,12,inf
Random,10,2,1,1,13,inf
Random,10,2,1,1,14,inf
Random,10,2,1,1,15,inf
Random,10,2,1,1,16,inf
Random,10,2,1,1,17,inf
Random,10,2,1,1,18,inf
Random,10,2,1,1,19,inf
Random,10,2,1,1,20,inf
Random,10,2,1,1,21,inf
Random,10,2,1,1,22,inf
Random,10,2,1,1,23,-435.5779768192073
Random,10,2,1,1,24,-435.5779768192073
Random,10,2,1,1,25,-435.5779768192073
Random,10,2,1,1,26,-435.5779768192073
Random,10,2,1,1,27,-435.5779768192073
Random,10,2,1,1,28,-435.5779768192073
Random,10,2,1,1,29,-435.5779768192073
Random,10,2,1,1,30,-435.5779768192073
Random,10,2,1,1,31,-435.5779768192073
Random,10,2,1,1,32,-435.5779768192073
Random,10,2,1,1,33,-435.5779768192073
Random,10,2,1,1,34,-435.5779768192073
Random,10,2,1,1,35,-435.5779768192073
Random,10,2,1,1,36,-435.5779768192073
Random,10,2,1,1,37,-435.5779768192073
Random,10,2,1,1,38,-435.5779768192073
Random,10,2,1,1,39,-435.5779768192073
Random,10,2,1,1,40,-435.5779768192073
Random,10,2,1,1,41,-435.5779768192073
Random,10,2,1,1,42,-435.5779768192073
Random,10,2,1,1,43,-435.5779768192073
Random,10,2,1,1,44,-435.5779768192073
Random,10,2,1,1,45,-435.5779768192073
Random,10,2,1,1,46,-435.5779768192073
Random,10,2,1,1,47,-435.5779768192073
Random,10,2,1,1,48,-435.5779768192073
Random,10,2,1,1,49,-435.5779768192073
Random,10,2,1,1,50,-435.5779768192073
Random,10,2,1,1,51,-435.5779768192073
Random,10,2,1,1,52,-435.5779768192073
Random,10,2,1,1,53,-435.5779768192073
Random,10,2,1,1,54,-435.5779768192073
Random,10,2,1,1,55,-435.5779768192073
Random,10,2,1,1,56,-435.5779768192073
Random,10,2,1,1,57,-435.5779768192073
Random,10,2,1,1,58,-435.5779768192073
Random,10,2,1,1,59,-435.5779768192073
Random,10,2,1,1,60,-435.5779768192073
Random,10,2,1,1,61,-435.5779768192073
Random,10,2,1,1,62,-435.5779768192073
Random,10,2,1,1,63,-435.5779768192073
Random,10,2,1,1,64,-435.5779768192073
Random,10,2,1,1,65,-435.5779768192073
Random,10,2,1,1,66,-435.5779768192073
Random,10,2,1,1,67,-435.5779768192073
Random,10,2,1,1,68,-435.5779768192073
Random,10,2,1,1,69,-435.5779768192073
Random,10,2,1,1,70,-435.5779768192073
Random,10,2,1,1,71,-435.5779768192073
Random,10,2,1,1,72,-435.5779768192073
Random,10,2,1,1,73,-435.5779768192073
Random,10,2,1,1,74,-435.5779768192073
Random,10,2,1,1,75,-435.5779768192073
Random,10,2,1,1,76,-435.5779768192073
Random,10,2,1,1,77,-435.5779768192073
Random,10,2,1,1,78,-435.5779768192073
Random,10,2,1,1,79,-435.5779768192073
Random,10,2,1,1,80,-435.5779768192073
Random,10,2,1,1,81,-435.5779768192073
Random,10,2,1,1,82,-435.5779768192073
Random,10,2,1,1,83,-435.5779768192073
Random,10,2,1,1,84,-435.5779768192073
Random,10,2,1,1,85,-435.5779768192073
Random,10,2,1,1,86,-435.5779768192073
Random,10,2,1,1,87,-435.5779768192073
Random,10,2,1,1,88,-435.5779768192073
Random,10,2,1,1,89,-917.4980731074888
Random,10,2,1,1,90,-917.4980731074888
Random,10,2,1,1,91,-917.4980731074888
Random,10,2,1,1,92,-917.4980731074888
Random,10,2,1,1,93,-917.4980731074888
Random,10,2,1,1,94,-917.4980731074888
Random,10,2,1,1,95,-917.4980731074888
Random,10,2,1,1,96,-917.4980731074888
Random,10,2,1,1,97,-917.4980731074888
Random,10,2,1,1,98,-917.4980731074888
Random,10,2,1,1,99,-917.4980731074888
Random,10,2,1,1,100,-917.4980731074888
qLogEI,10,2,1,1,1,inf
qLogEI,10,2,1,1,2,inf
qLogEI,10,2,1,1,3,inf
qLogEI,10,2,1,1,4,inf
qLogEI,10,2,1,1,5,inf
qLogEI,10,2,1,1,6,inf
qLogEI,10,2,1,1,7,inf
qLogEI,10,2,1,1,8,inf
qLogEI,10,2,1,1,9,inf
qLogEI,10,2,1,1,10,inf
qLogEI,10,2,1,1,11,inf
qLogEI,10,2,1,1,12,inf
qLogEI,10,2,1,1,13,inf
qLogEI,10,2,1,1,14,inf
qLogEI,10,2,1,1,15,inf
qLogEI,10,2,1,1,16,inf
qLogEI,10,2,1,1,17,inf
qLogEI,10,2,1,1,18,inf
qLogEI,10,2,1,1,19,inf
qLogEI,10,2,1,1,20,inf
qLogEI,10,2,1,1,21,inf
qLogEI,10,2,1,1,22,inf
qLogEI,10,2,1,1,23,inf
qLogEI,10,2,1,1,24,inf
qLogEI,10,2,1,1,25,inf
qLogEI,10,2,1,1,26,inf
qLogEI,10,2,1,1,27,inf
qLogEI,10,2,1,1,28,inf
qLogEI,10,2,1,1,29,inf
qLogEI,10,2,1,1,30,inf
qLogEI,10,2,1,1,31,inf
qLogEI,10,2,1,1,32,inf
qLogEI,10,2,1,1,33,inf
qLogEI,10,2,1,1,34,inf
qLogEI,10,2,1,1,35,inf
qLogEI,10,2,1,1,36,inf
qLogEI,10,2,1,1,37,inf
qLogEI,10,2,1,1,38,inf
qLogEI,10,2,1,1,39,inf
qLogEI,10,2,1,1,40,inf
qLogEI,10,2,1,1,41,inf
qLogEI,10,2,1,1,42,inf
qLogEI,10,2,1,1,43,inf
qLogEI,10,2,1,1,44,inf
qLogEI,10,2,1,1,45,inf
qLogEI,10,2,1,1,46,inf
qLogEI,10,2,1,1,47,inf
qLogEI,10,2,1,1,48,inf
qLogEI,10,2,1,1,49,inf
qLogEI,10,2,1,1,50,inf
qLogEI,10,2,1,1,51,inf
qLogEI,10,2,1,1,52,inf
qLogEI,10,2,1,1,53,inf
qLogEI,10,2,1,1,54,inf
qLogEI,10,2,1,1,55,inf
qLogEI,10,2,1,1,56,inf
qLogEI,10,2,1,1,57,inf
qLogEI,10,2,1,1,58,inf
qLogEI,10,2,1,1,59,inf
qLogEI,10,2,1,1,60,inf
qLogEI,10,2,1,1,61,inf
qLogEI,10,2,1,1,62,inf
qLogEI,10,2,1,1,63,inf
qLogEI,10,2,1,1,64,inf
qLogEI,10,2,1,1,65,inf
qLogEI,10,2,1,1,66,inf
qLogEI,10,2,1,1,67,-1599.8442994767142
qLogEI,10,2,1,1,68,-1599.8442994767142
qLogEI,10,2,1,1,69,-1599.8442994767142
qLogEI,10,2,1,1,70,-1599.8442994767142
qLogEI,10,2,1,1,71,-1599.8442994767142
qLogEI,10,2,1,1,72,-1599.8442994767142
qLogEI,10,2,1,1,73,-1599.8442994767142
qLogEI,10,2,1,1,74,-1599.8442994767142
qLogEI,10,2,1,1,75,-1599.8442994767142
qLogEI,10,2,1,1,76,-1599.8442994767142
qLogEI,10,2,1,1,77,-1599.8442994767142
qLogEI,10,2,1,1,78,-1599.8442994767142
qLogEI,10,2,1,1,79,-1599.8442994767142
qLogEI,10,2,1,1,80,-1599.8442994767142
qLogEI,10,2,1,1,81,-1599.8442994767142
qLogEI,10,2,1,1,82,-1599.8442994767142
qLogEI,10,2,1,1,83,-1599.8442994767142
qLogEI,10,2,1,1,84,-1599.8442994767142
qLogEI,10,2,1,1,85,-1599.8442994767142
qLogEI,10,2,1,1,86,-1599.8442994767142
qLogEI,10,2,1,1,87,-1599.8442994767142
qLogEI,10,2,1,1,88,-1599.8442994767142
qLogEI,10,2,1,1,89,-1599.8442994767142
qLogEI,10,2,1,1,90,-1599.8442994767142
qLogEI,10,2,1,1,91,-1599.8442994767142
qLogEI,10,2,1,1,92,-1599.8442994767142
qLogEI,10,2,1,1,93,-1599.8442994767142
qLogEI,10,2,1,1,94,-1599.8442994767142
qLogEI,10,2,1,1,95,-1599.8442994767142
qLogEI,10,2,1,1,96,-1599.8442994767142
qLogEI,10,2,1,1,97,-1599.8442994767142
qLogEI,10,2,1,1,98,-1599.8442994767142
qLogEI,10,2,1,1,99,-1599.8442994767142
qLogEI,10,2,1,1,100,-1599.8442994767142
RL,10,2,1,1,1,inf
RL,10,2,1,1,2,inf
RL,10,2,1,1,3,inf
RL,10,2,1,1,4,inf
RL,10,2,1,1,5,inf
RL,10,2,1,1,6,inf
RL,10,2,1,1,7,inf
RL,10,2,1,1,8,inf
RL,10,2,1,1,9,inf
RL,10,2,1,1,10,inf
RL,10,2,1,1,11,inf
RL,10,2,1,1,12,inf
RL,10,2,1,1,13,inf
RL,10,2,1,1,14,inf
RL,10,2,1,1,15,inf
RL,10,2,1,1,16,inf
RL,10,2,1,1,17,inf
RL,10,2,1,1,18,inf
RL,10,2,1,1,19,inf
RL,10,2,1,1,20,inf
RL,10,2,1,1,21,inf
RL,10,2,1,1,22,inf
RL,10,2,1,1,23,inf
RL,10,2,1,1,24,inf
RL,10,2,1,1,25,inf
RL,10,2,1,1,26,inf
RL,10,2,1,1,27,inf
RL,10,2,1,1,28,inf
RL,10,2,1,1,29,inf
RL,10,2,1,1,30,inf
RL,10,2,1,1,31,inf
RL,10,2,1,1,32,inf
RL,10,2,1,1,33,inf
RL,10,2,1,1,34,inf
RL,10,2,1,1,35,inf
RL,10,2,1,1,36,inf
RL,10,2,1,1,37,inf
RL,10,2,1,1,38,inf
RL,10,2,1,1,39,inf
RL,10,2,1,1,40,inf
RL,10,2,1,1,41,inf
RL,10,2,1,1,42,inf
RL,10,2,1,1,43,inf
RL,10,2,1,1,44,inf
RL,10,2,1,1,45,inf
RL,10,2,1,1,46,inf
RL,10,2,1,1,47,inf
RL,10,2,1,1,48,inf
RL,10,2,1,1,49,inf
RL,10,2,1,1,50,inf
RL,10,2,1,1,51,inf
RL,10,2,1,1,52,inf
RL,10,2,1,1,53,inf
RL,10,2,1,1,54,inf
RL,10,2,1,1,55,inf
RL,10,2,1,1,56,inf
RL,10,2,1,1,57,inf
RL,10,2,1,1,58,inf
RL,10,2,1,1,59,inf
RL,10,2,1,1,60,inf
RL,10,2,1,1,61,inf
RL,10,2,1,1,62,inf
RL,10,2,1,1,63,inf
RL,10,2,1,1,64,inf
RL,10,2,1,1,65,inf
RL,10,2,1,1,66,inf
RL,10,2,1,1,67,inf
RL,10,2,1,1,68,inf
RL,10,2,1,1,69,inf
RL,10,2,1,1,70,inf
RL,10,2,1,1,71,inf
RL,10,2,1,1,72,inf
RL,10,2,1,1,73,inf
RL,10,2,1,1,74,inf
RL,10,2,1,1,75,inf
RL,10,2,1,1,76,inf
RL,10,2,1,1,77,inf
RL,10,2,1,1,78,inf
RL,10,2,1,1,79,inf
RL,10,2,1,1,80,inf
RL,10,2,1,1,81,inf
RL,10,2,1,1,82,inf
RL,10,2,1,1,83,inf
RL,10,2,1,1,84,inf
RL,10,2,1,1,85,inf
RL,10,2,1,1,86,inf
RL,10,2,1,1,87,inf
RL,10,2,1,1,88,inf
RL,10,2,1,1,89,inf
RL,10,2,1,1,90,inf
RL,10,2,1,1,91,inf
RL,10,2,1,1,92,inf
RL,10,2,1,1,93,inf
RL,10,2,1,1,94,inf
RL,10,2,1,1,95,inf
RL,10,2,1,1,96,inf
RL,10,2,1,1,97,inf
RL,10,2,1,1,98,inf
RL,10,2,1,1,99,inf
RL,10,2,1,1,100,inf
Random,10,2,1,2,1,inf
Random,10,2,1,2,2,inf
Random,10,2,1,2,3,inf
Random,10,2,1,2,4,inf
Random,10,2,1,2,5,inf
Random,10,2,1,2,6,inf
Random,10,2,1,2,7,inf
Random,10,2,1,2,8,-990.7343163328561
Random,10,2,1,2,9,-990.7343163328561
Random,10,2,1,2,10,-990.7343163328561
Random,10,2,1,2,11,-990.7343163328561
Random,10,2,1,2,12,-990.7343163328561
Random,10,2,1,2,13,-990.7343163328561
Random,10,2,1,2,14,-990.7343163328561
Random,10,2,1,2,15,-990.7343163328561
Random,10,2,1,2,16,-990.7343163328561
Random,10,2,1,2,17,-990.7343163328561
Random,10,2,1,2,18,-990.7343163328561
Random,10,2,1,2,19,-990.7343163328561
Random,10,2,1,2,20,-990.7343163328561
Random,10,2,1,2,21,-990.7343163328561
Random,10,2,1,2,22,-990.7343163328561
Random,10,2,1,2,23,-990.7343163328561
Random,10,2,1,2,24,-990.7343163328561
Random,10,2,1,2,25,-990.7343163328561
Random,10,2,1,2,26,-990.7343163328561
Random,10,2,1,2,27,-990.7343163328561
Random,10,2,1,2,28,-1317.7090610685175
Random,10,2,1,2,29,-1317.7090610685175
Random,10,2,1,2,30,-1317.7090610685175
Random,10,2,1,2,31,-1317.7090610685175
Random,10,2,1,2,32,-1317.7090610685175
Random,10,2,1,2,33,-1317.7090610685175
Random,10,2,1,2,34,-1317.7090610685175
Random,10,2,1,2,35,-1317.7090610685175
Random,10,2,1,2,36,-1317.7090610685175
Random,10,2,1,2,37,-1317.7090610685175
Random,10,2,1,2,38,-1317.7090610685175
Random,10,2,1,2,39,-1317.7090610685175
Random,10,2,1,2,40,-1317.7090610685175
Random,10,2,1,2,41,-1317.7090610685175
Random,10,2,1,2,42,-1317.7090610685175
Random,10,2,1,2,43,-1317.7090610685175
Random,10,2,1,2,44,-1317.7090610685175
Random,10,2,1,2,45,-1317.7090610685175
Random,10,2,1,2,46,-1317.7090610685175
Random,10,2,1,2,47,-1317.7090610685175
Random,10,2,1,2,48,-1317.7090610685175
Random,10,2,1,2,49,-1317.7090610685175
Random,10,2,1,2,50,-1317.7090610685175
Random,10,2,1,2,51,-1317.7090610685175
Random,10,2,1,2,52,-1317.7090610685175
Random,10,2,1,2,53,-1317.7090610685175
Random,10,2,1,2,54,-1317.7090610685175
Random,10,2,1,2,55,-1317.7090610685175
Random,10,2,1,2,56,-1317.7090610685175
Random,10,2,1,2,57,-1317.7090610685175
Random,10,2,1,2,58,-1317.7090610685175
Random,10,2,1,2,59,-1317.7090610685175
Random,10,2,1,2,60,-1317.7090610685175
Random,10,2,1,2,61,-1317.7090610685175
Random,10,2,1,2,62,-1317.7090610685175
Random,10,2,1,2,63,-1317.7090610685175
Random,10,2,1,2,64,-1317.7090610685175
Random,10,2,1,2,65,-1317.7090610685175
Random,10,2,1,2,66,-1317.7090610685175
Random,10,2,1,2,67,-1317.7090610685175
Random,10,2,1,2,68,-1317.7090610685175
Random,10,2,1,2,69,-1317.7090610685175
Random,10,2,1,2,70,-1317.7090610685175
Random,10,2,1,2,71,-1317.7090610685175
Random,10,2,1,2,72,-1317.7090610685175
Random,10,2,1,2,73,-1317.7090610685175
Random,10,2,1,2,74,-1317.7090610685175
Random,10,2,1,2,75,-1317.7090610685175
Random,10,2,1,2,76,-1317.7090610685175
Random,10,2,1,2,77,-1317.7090610685175
Random,10,2,1,2,78,-1317.7090610685175
Random,10,2,1,2,79,-1317.7090610685175
Random,10,2,1,2,80,-1317.7090610685175
Random,10,2,1,2,81,-1317.7090610685175
Random,10,2,1,2,82,-1317.7090610685175
Random,10,2,1,2,83,-1317.7090610685175
Random,10,2,1,2,84,-1317.7090610685175
Random,10,2,1,2,85,-1317.7090610685175
Random,10,2,1,2,86,-1317.7090610685175
Random,10,2,1,2,87,-1317.7090610685175
Random,10,2,1,2,88,-1317.7090610685175
Random,10,2,1,2,89,-1317.7090610685175
Random,10,2,1,2,90,-1317.7090610685175
Random,10,2,1,2,91,-1317.7090610685175
Random,10,2,1,2,92,-1317.7090610685175
Random,10,2,1,2,93,-1317.7090610685175
Random,10,2,1,2,94,-1317.7090610685175
Random,10,2,1,2,95,-1317.7090610685175
Random,10,2,1,2,96,-1317.7090610685175
Random,10,2,1,2,97,-1317.7090610685175
Random,10,2,1,2,98,-1317.7090610685175
Random,10,2,1,2,99,-1317.7090610685175
Random,10,2,1,2,100,-1317.7090610685175
qLogEI,10,2,1,2,1,inf
qLogEI,10,2,1,2,2,inf
qLogEI,10,2,1,2,3,inf
qLogEI,10,2,1,2,4,inf
qLogEI,10,2,1,2,5,inf
qLogEI,10,2,1,2,6,inf
qLogEI,10,2,1,2,7,inf
qLogEI,10,2,1,2,8,-990.7343163328561
qLogEI,10,2,1,2,9,-990.7343163328561
qLogEI,10,2,1,2,10,-990.7343163328561
qLogEI,10,2,1,2,11,-990.7343163328561
qLogEI,10,2,1,2,12,-990.7343163328561
qLogEI,10,2,1,2,13,-990.7343163328561
qLogEI,10,2,1,2,14,-990.7343163328561
qLogEI,10,2,1,2,15,-990.7343163328561
qLogEI,10,2,1,2,16,-990.7343163328561
qLogEI,10,2,1,2,17,-990.7343163328561
qLogEI,10,2,1,2,18,-990.7343163328561
qLogEI,10,2,1,2,19,-990.7343163328561
qLogEI,10,2,1,2,20,-990.7343163328561
qLogEI,10,2,1,2,21,-990.7343163328561
qLogEI,10,2,1,2,22,-990.7343163328561
qLogEI,10,2,1,2,23,-990.7343163328561
qLogEI,10,2,1,2,24,-990.7343163328561
qLogEI,10,2,1,2,25,-990.7343163328561
qLogEI,10,2,1,2,26,-990.7343163328561
qLogEI,10,2,1,2,27,-990.7343163328561
qLogEI,10,2,1,2,28,-990.7343163328561
qLogEI,10,2,1,2,29,-990.7343163328561
qLogEI,10,2,1,2,30,-990.7343163328561
qLogEI,10,2,1,2,31,-990.7343163328561
qLogEI,10,2,1,2,32,-990.7343163328561
qLogEI,10,2,1,2,33,-990.7343163328561
qLogEI,10,2,1,2,34,-990.7343163328561
qLogEI,10,2,1,2,35,-990.7343163328561
qLogEI,10,2,1,2,36,-990.7343163328561
qLogEI,10,2,1,2,37,-990.7343163328561
qLogEI,10,2,1,2,38,-990.7343163328561
qLogEI,10,2,1,2,39,-990.7343163328561
qLogEI,10,2,1,2,40,-990.7343163328561
qLogEI,10,2,1,2,41,-990.7343163328561
qLogEI,10,2,1,2,42,-990.7343163328561
qLogEI,10,2,1,2,43,-990.7343163328561
qLogEI,10,2,1,2,44,-990.7343163328561
qLogEI,10,2,1,2,45,-990.7343163328561
qLogEI,10,2,1,2,46,-990.7343163328561
qLogEI,10,2,1,2,47,-990.7343163328561
qLogEI,10,2,1,2,48,-990.7343163328561
qLogEI,10,2,1,2,49,-990.7343163328561
qLogEI,10,2,1,2,50,-990.7343163328561
qLogEI,10,2,1,2,51,-1694.313532982452
qLogEI,10,2,1,2,52,-1694.313532982452
qLogEI,10,2,1,2,53,-1694.313532982452
qLogEI,10,2,1,2,54,-1694.313532982452
qLogEI,10,2,1,2,55,-1694.313532982452
qLogEI,10,2,1,2,56,-1694.313532982452
qLogEI,10,2,1,2,57,-1694.313532982452
qLogEI,10,2,1,2,58,-1694.313532982452
qLogEI,10,2,1,2,59,-1694.313532982452
qLogEI,10,2,1,2,60,-1694.313532982452
qLogEI,10,2,1,2,61,-1694.313532982452
qLogEI,10,2,1,2,62,-1694.313532982452
qLogEI,10,2,1,2,63,-1694.313532982452
qLogEI,10,2,1,2,64,-1694.313532982452
qLogEI,10,2,1,2,65,-1694.313532982452
qLogEI,10,2,1,2,66,-1694.313532982452
qLogEI,10,2,1,2,67,-1694.313532982452
qLogEI,10,2,1,2,68,-1694.313532982452
qLogEI,10,2,1,2,69,-1694.313532982452
qLogEI,10,2,1,2,70,-1694.313532982452
qLogEI,10,2,1,2,71,-1694.313532982452
qLogEI,10,2,1,2,72,-1694.313532982452
qLogEI,10,2,1,2,73,-1694.313532982452
qLogEI,10,2,1,2,74,-1694.313532982452
qLogEI,10,2,1,2,75,-1694.313532982452
qLogEI,10,2,1,2,76,-1694.313532982452
qLogEI,10,2,1,2,77,-1694.313532982452
qLogEI,10,2,1,2,78,-1694.313532982452
qLogEI,10,2,1,2,79,-1694.313532982452
qLogEI,10,2,1,2,80,-1694.313532982452
qLogEI,10,2,1,2,81,-1694.313532982452
qLogEI,10,2,1,2,82,-1694.313532982452
qLogEI,10,2,1,2,83,-1694.313532982452
qLogEI,10,2,1,2,84,-1694.313532982452
qLogEI,10,2,1,2,85,-1694.313532982452
qLogEI,10,2,1,2,86,-1694.313532982452
qLogEI,10,2,1,2,87,-1694.313532982452
qLogEI,10,2,1,2,88,-1694.313532982452
qLogEI,10,2,1,2,89,-1694.313532982452
qLogEI,10,2,1,2,90,-1694.313532982452
qLogEI,10,2,1,2,91,-1694.313532982452
qLogEI,10,2,1,2,92,-1694.313532982452
qLogEI,10,2,1,2,93,-1694.313532982452
qLogEI,10,2,1,2,94,-1694.313532982452
qLogEI,10,2,1,2,95,-1694.313532982452
qLogEI,10,2,1,2,96,-1694.313532982452
qLogEI,10,2,1,2,97,-1694.313532982452
qLogEI,10,2,1,2,98,-1694.313532982452
qLogEI,10,2,1,2,99,-1694.313532982452
qLogEI,10,2,1,2,100,-1694.313532982452
RL,10,2,1,2,1,inf
RL,10,2,1,2,2,inf
RL,10,2,1,2,3,inf
RL,10,2,1,2,4,inf
RL,10,2,1,2,5,inf
RL,10,2,1,2,6,inf
RL,10,2,1,2,7,inf
RL,10,2,1,2,8,-990.7343163328561
RL,10,2,1,2,9,-990.7343163328561
RL,10,2,1,2,10,-990.7343163328561
RL,10,2,1,2,11,-990.7343163328561
RL,10,2,1,2,12,-990.7343163328561
RL,10,2,1,2,13,-990.7343163328561
RL,10,2,1,2,14,-990.7343163328561
RL,10,2,1,2,15,-990.7343163328561
RL,10,2,1,2,16,-990.7343163328561
RL,10,2,1,2,17,-990.7343163328561
RL,10,2,1,2,18,-990.7343163328561
RL,10,2,1,2,19,-990.7343163328561
RL,10,2,1,2,20,-990.7343163328561
RL,10,2,1,2,21,-990.7343163328561
RL,10,2,1,2,22,-990.7343163328561
RL,10,2,1,2,23,-990.7343163328561
RL,10,2,1,2,24,-990.7343163328561
RL,10,2,1,2,25,-990.7343163328561
RL,10,2,1,2,26,-990.7343163328561
RL,10,2,1,2,27,-990.7343163328561
RL,10,2,1,2,28,-990.7343163328561
RL,10,2,1,2,29,-990.7343163328561
RL,10,2,1,2,30,-990.7343163328561
RL,10,2,1,2,31,-990.7343163328561
RL,10,2,1,2,32,-990.7343163328561
RL,10,2,1,2,33,-990.7343163328561
RL,10,2,1,2,34,-990.7343163328561
RL,10,2,1,2,35,-990.7343163328561
RL,10,2,1,2,36,-990.7343163328561
RL,10,2,1,2,37,-990.7343163328561
RL,10,2,1,2,38,-990.7343163328561
RL,10,2,1,2,39,-990.7343163328561
RL,10,2,1,2,40,-990.7343163328561
RL,10,2,1,2,41,-990.7343163328561
RL,10,2,1,2,42,-990.7343163328561
RL,10,2,1,2,43,-990.7343163328561
RL,10,2,1,2,44,-990.7343163328561
RL,10,2,1,2,45,-990.7343163328561
RL,10,2,1,2,46,-990.7343163328561
RL,10,2,1,2,47,-990.7343163328561
RL,10,2,1,2,48,-990.7343163328561
RL,10,2,1,2,49,-990.7343163328561
RL,10,2,1,2,50,-990.7343163328561
RL,10,2,1,2,51,-990.7343163328561
RL,10,2,1,2,52,-990.7343163328561
RL,10,2,1,2,53,-990.7343163328561
RL,10,2,1,2,54,-990.7343163328561
RL,10,2,1,2,55,-990.7343163328561
RL,10,2,1,2,56,-990.7343163328561
RL,10,2,1,2,57,-990.7343163328561
RL,10,2,1,2,58,-990.7343163328561
RL,10,2,1,2,59,-990.7343163328561
RL,10,2,1,2,60,-990.7343163328561
RL,10,2,1,2,61,-990.7343163328561
RL,10,2,1,2,62,-990.7343163328561
RL,10,2,1,2,63,-990.7343163328561
RL,10,2,1,2,64,-990.7343163328561
RL,10,2,1,2,65,-990.7343163328561
RL,10,2,1,2,66,-990.7343163328561
RL,10,2,1,2,67,-990.7343163328561
RL,10,2,1,2,68,-990.7343163328561
RL,10,2,1,2,69,-990.7343163328561
RL,10,2,1,2,70,-990.7343163328561
RL,10,2,1,2,71,-990.7343163328561
RL,10,2,1,2,72,-990.7343163328561
RL,10,2,1,2,73,-990.7343163328561
RL,10,2,1,2,74,-990.7343163328561
RL,10,2,1,2,75,-990.7343163328561
RL,10,2,1,2,76,-990.7343163328561
RL,10,2,1,2,77,-990.7343163328561
RL,10,2,1,2,78,-990.7343163328561
RL,10,2,1,2,79,-990.7343163328561
RL,10,2,1,2,80,-990.7343163328561
RL,10,2,1,2,81,-990.7343163328561
RL,10,2,1,2,82,-990.7343163328561
RL,10,2,1,2,83,-990.7343163328561
RL,10,2,1,2,84,-990.7343163328561
RL,10,2,1,2,85,-990.7343163328561
RL,10,2,1,2,86,-990.7343163328561
RL,10,2,1,2,87,-990.7343163328561
RL,10,2,1,2,88,-990.7343163328561
RL,10,2,1,2,89,-990.7343163328561
RL,10,2,1,2,90,-990.7343163328561
RL,10,2,1,2,91,-990.7343163328561
RL,10,2,1,2,92,-990.7343163328561
RL,10,2,1,2,93,-990.7343163328561
RL,10,2,1,2,94,-990.7343163328561
RL,10,2,1,2,95,-990.7343163328561
RL,10,2,1,2,96,-990.7343163328561
RL,10,2,1,2,97,-990.7343163328561
RL,10,2,1,2,98,-990.7343163328561
RL,10,2,1,2,99,-990.7343163328561
RL,10,2,1,2,100,-990.7343163328561
Random,10,2,1,3,1,inf
Random,10,2,1,3,2,inf
Random,10,2,1,3,3,inf
Random,10,2,1,3,4,inf
Random,10,2,1,3,5,inf
Random,10,2,1,3,6,-465.66309781992743
Random,10,2,1,3,7,-465.66309781992743
Random,10,2,1,3,8,-465.66309781992743
Random,10,2,1,3,9,-465.66309781992743
Random,10,2,1,3,10,-465.66309781992743
Random,10,2,1,3,11,-465.66309781992743
Random,10,2,1,3,12,-465.66309781992743
Random,10,2,1,3,13,-465.66309781992743
Random,10,2,1,3,14,-465.66309781992743
Random,10,2,1,3,15,-465.66309781992743
Random,10,2,1,3,16,-465.66309781992743
Random,10,2,1,3,17,-465.66309781992743
Random,10,2,1,3,18,-465.66309781992743
Random,10,2,1,3,19,-465.66309781992743
Random,10,2,1,3,20,-465.66309781992743
Random,10,2,1,3,21,-465.66309781992743
Random,10,2,1,3,22,-465.66309781992743
Random,10,2,1,3,23,-465.66309781992743
Random,10,2,1,3,24,-465.66309781992743
Random,10,2,1,3,25,-465.66309781992743
Random,10,2,1,3,26,-465.66309781992743
Random,10,2,1,3,27,-465.66309781992743
Random,10,2,1,3,28,-465.66309781992743
Random,10,2,1,3,29,-465.66309781992743
Random,10,2,1,3,30,-465.66309781992743
Random,10,2,1,3,31,-465.66309781992743
Random,10,2,1,3,32,-465.66309781992743
Random,10,2,1,3,33,-465.66309781992743
Random,10,2,1,3,34,-465.66309781992743
Random,10,2,1,3,35,-465.66309781992743
Random,10,2,1,3,36,-465.66309781992743
Random,10,2,1,3,37,-465.66309781992743
Random,10,2,1,3,38,-465.66309781992743
Random,10,2,1,3,39,-465.66309781992743
Random,10,2,1,3,40,-465.66309781992743
Random,10,2,1,3,41,-465.66309781992743
Random,10,2,1,3,42,-465.66309781992743
Random,10,2,1,3,43,-465.66309781992743
Random,10,2,1,3,44,-465.66309781992743
Random,10,2,1,3,45,-465.66309781992743
Random,10,2,1,3,46,-465.66309781992743
Random,10,2,1,3,47,-465.66309781992743
Random,10,2,1,3,48,-465.66309781992743
Random,10,2,1,3,49,-465.66309781992743
Random,10,2,1,3,50,-465.66309781992743
Random,10,2,1,3,51,-465.66309781992743
Random,10,2,1,3,52,-465.66309781992743
Random,10,2,1,3,53,-465.66309781992743
Random,10,2,1,3,54,-465.66309781992743
Random,10,2,1,3,55,-465.66309781992743
Random,10,2,1,3,56,-465.66309781992743
Random,10,2,1,3,57,-465.66309781992743
Random,10,2,1,3,58,-465.66309781992743
Random,10,2,1,3,59,-465.66309781992743
Random,10,2,1,3,60,-465.66309781992743
Random,10,2,1,3,61,-465.66309781992743
Random,10,2,1,3,62,-465.66309781992743
Random,10,2,1,3,63,-465.66309781992743
Random,10,2,1,3,64,-465.66309781992743
Random,10,2,1,3,65,-465.66309781992743
Random,10,2,1,3,66,-465.66309781992743
Random,10,2,1,3,67,-465.66309781992743
Random,10,2,1,3,68,-465.66309781992743
Random,10,2,1,3,69,-465.66309781992743
Random,10,2,1,3,70,-465.66309781992743
Random,10,2,1,3,71,-465.66309781992743
Random,10,2,1,3,72,-465.66309781992743
Random,10,2,1,3,73,-465.66309781992743
Random,10,2,1,3,74,-465.66309781992743
Random,10,2,1,3,75,-465.66309781992743
Random,10,2,1,3,76,-465.66309781992743
Random,10,2,1,3,77,-465.66309781992743
Random,10,2,1,3,78,-465.66309781992743
Random,10,2,1,3,79,-465.66309781992743
Random,10,2,1,3,80,-465.66309781992743
Random,10,2,1,3,81,-465.66309781992743
Random,10,2,1,3,82,-465.66309781992743
Random,10,2,1,3,83,-465.66309781992743
Random,10,2,1,3,84,-465.66309781992743
Random,10,2,1,3,85,-465.66309781992743
Random,10,2,1,3,86,-465.66309781992743
Random,10,2,1,3,87,-465.66309781992743
Random,10,2,1,3,88,-465.66309781992743
Random,10,2,1,3,89,-465.66309781992743
Random,10,2,1,3,90,-465.66309781992743
Random,10,2,1,3,91,-465.66309781992743
Random,10,2,1,3,92,-465.66309781992743
Random,10,2,1,3,93,-465.66309781992743
Random,10,2,1,3,94,-465.66309781992743
Random,10,2,1,3,95,-465.66309781992743
Random,10,2,1,3,96,-465.66309781992743
Random,10,2,1,3,97,-465.66309781992743
Random,10,2,1,3,98,-465.66309781992743
Random,10,2,1,3,99,-465.66309781992743
Random,10,2,1,3,100,-465.66309781992743
qLogEI,10,2,1,3,1,inf
qLogEI,10,2,1,3,2,inf
qLogEI,10,2,1,3,3,inf
qLogEI,10,2,1,3,4,inf
qLogEI,10,2,1,3,5,inf
qLogEI,10,2,1,3,6,-465.66309781992743
qLogEI,10,2,1,3,7,-465.66309781992743
qLogEI,10,2,1,3,8,-465.66309781992743
qLogEI,10,2,1,3,9,-465.66309781992743
qLogEI,10,2,1,3,10,-465.66309781992743
qLogEI,10,2,1,3,11,-465.66309781992743
qLogEI,10,2,1,3,12,-465.66309781992743
qLogEI,10,2,1,3,13,-465.66309781992743
qLogEI,10,2,1,3,14,-465.66309781992743
qLogEI,10,2,1,3,15,-465.66309781992743
qLogEI,10,2,1,3,16,-465.66309781992743
qLogEI,10,2,1,3,17,-465.66309781992743
qLogEI,10,2,1,3,18,-465.66309781992743
qLogEI,10,2,1,3,19,-465.66309781992743
qLogEI,10,2,1,3,20,-465.66309781992743
qLogEI,10,2,1,3,21,-465.66309781992743
qLogEI,10,2,1,3,22,-465.66309781992743
qLogEI,10,2,1,3,23,-465.66309781992743
qLogEI,10,2,1,3,24,-465.66309781992743
qLogEI,10,2,1,3,25,-465.66309781992743
qLogEI,10,2,1,3,26,-465.66309781992743
qLogEI,10,2,1,3,27,-465.66309781992743
qLogEI,10,2,1,3,28,-465.66309781992743
qLogEI,10,2,1,3,29,-465.66309781992743
qLogEI,10,2,1,3,30,-465.66309781992743
qLogEI,10,2,1,3,31,-465.66309781992743
qLogEI,10,2,1,3,32,-465.66309781992743
qLogEI,10,2,1,3,33,-465.66309781992743
qLogEI,10,2,1,3,34,-465.66309781992743
qLogEI,10,2,1,3,35,-465.66309781992743
qLogEI,10,2,1,3,36,-465.66309781992743
qLogEI,10,2,1,3,37,-465.66309781992743
qLogEI,10,2,1,3,38,-465.66309781992743
qLogEI,10,2,1,3,39,-465.66309781992743
qLogEI,10,2,1,3,40,-465.66309781992743
qLogEI,10,2,1,3,41,-465.66309781992743
qLogEI,10,2,1,3,42,-465.66309781992743
qLogEI,10,2,1,3,43,-465.66309781992743
qLogEI,10,2,1,3,44,-1418.8620413560373
qLogEI,10,2,1,3,45,-1418.8620413560373
qLogEI,10,2,1,3,46,-1418.8620413560373
qLogEI,10,2,1,3,47,-1418.8620413560373
qLogEI,10,2,1,3,48,-1418.8620413560373
qLogEI,10,2,1,3,49,-1418.8620413560373
qLogEI,10,2,1,3,50,-1418.8620413560373
qLogEI,10,2,1,3,51,-1418.8620413560373
qLogEI,10,2,1,3,52,-1418.8620413560373
qLogEI,10,2,1,3,53,-1418.8620413560373
qLogEI,10,2,1,3,54,-1418.8620413560373
qLogEI,10,2,1,3,55,-1418.8620413560373
qLogEI,10,2,1,3,56,-1418.8620413560373
qLogEI,10,2,1,3,57,-1418.8620413560373
qLogEI,10,2,1,3,58,-1418.8620413560373
qLogEI,10,2,1,3,59,-1418.8620413560373
qLogEI,10,2,1,3,60,-1418.8620413560373
qLogEI,10,2,1,3,61,-1418.8620413560373
qLogEI,10,2,1,3,62,-1418.8620413560373
qLogEI,10,2,1,3,63,-1418.8620413560373
qLogEI,10,2,1,3,64,-1418.8620413560373
qLogEI,10,2,1,3,65,-1418.8620413560373
qLogEI,10,2,1,3,66,-1418.8620413560373
qLogEI,10,2,1,3,67,-1418.8620413560373
qLogEI,10,2,1,3,68,-1418.8620413560373
qLogEI,10,2,1,3,69,-1418.8620413560373
qLogEI,10,2,1,3,70,-1418.8620413560373
qLogEI,10,2,1,3,71,-1418.8620413560373
qLogEI,10,2,1,3,72,-1418.8620413560373
qLogEI,10,2,1,3,73,-1418.8620413560373
qLogEI,10,2,1,3,74,-1418.8620413560373
qLogEI,10,2,1,3,75,-1418.8620413560373
qLogEI,10,2,1,3,76,-1418.8620413560373
qLogEI,10,2,1,3,77,-1418.8620413560373
qLogEI,10,2,1,3,78,-1418.8620413560373
qLogEI,10,2,1,3,79,-1418.8620413560373
qLogEI,10,2,1,3,80,-1418.8620413560373
qLogEI,10,2,1,3,81,-1418.8620413560373
qLogEI,10,2,1,3,82,-1418.8620413560373
qLogEI,10,2,1,3,83,-1418.8620413560373
qLogEI,10,2,1,3,84,-1418.8620413560373
qLogEI,10,2,1,3,85,-1418.8620413560373
qLogEI,10,2,1,3,86,-1418.8620413560373
qLogEI,10,2,1,3,87,-1418.8620413560373
qLogEI,10,2,1,3,88,-1418.8620413560373
qLogEI,10,2,1,3,89,-1418.8620413560373
qLogEI,10,2,1,3,90,-1418.8620413560373
qLogEI,10,2,1,3,91,-1418.8620413560373
qLogEI,10,2,1,3,92,-1418.8620413560373
qLogEI,10,2,1,3,93,-1418.8620413560373
qLogEI,10,2,1,3,94,-1418.8620413560373
qLogEI,10,2,1,3,95,-1418.8620413560373
qLogEI,10,2,1,3,96,-1418.8620413560373
qLogEI,10,2,1,3,97,-1418.8620413560373
qLogEI,10,2,1,3,98,-1418.8620413560373
qLogEI,10,2,1,3,99,-1418.8620413560373
qLogEI,10,2,1,3,100,-1418.8620413560373
RL,10,2,1,3,1,inf
RL,10,2,1,3,2,inf
RL,10,2,1,3,3,inf
RL,10,2,1,3,4,inf
RL,10,2,1,3,5,inf
RL,10,2,1,3,6,-465.66309781992743
RL,10,2,1,3,7,-465.66309781992743
RL,10,2,1,3,8,-465.66309781992743
RL,10,2,1,3,9,-465.66309781992743
RL,10,2,1,3,10,-465.66309781992743
RL,10,2,1,3,11,-465.66309781992743
RL,10,2,1,3,12,-465.66309781992743
RL,10,2,1,3,13,-465.66309781992743
RL,10,2,1,3,14,-465.66309781992743
RL,10,2,1,3,15,-465.66309781992743
RL,10,2,1,3,16,-465.66309781992743
RL,10,2,1,3,17,-465.66309781992743
RL,10,2,1,3,18,-465.66309781992743
RL,10,2,1,3,19,-465.66309781992743
RL,10,2,1,3,20,-465.66309781992743
RL,10,2,1,3,21,-465.66309781992743
RL,10,2,1,3,22,-465.66309781992743
RL,10,2,1,3,23,-465.66309781992743
RL,10,2,1,3,24,-465.66309781992743
RL,10,2,1,3,25,-465.66309781992743
RL,10,2,1,3,26,-465.66309781992743
RL,10,2,1,3,27,-465.66309781992743
RL,10,2,1,3,28,-465.66309781992743
RL,10,2,1,3,29,-465.66309781992743
RL,10,2,1,3,30,-465.66309781992743
RL,10,2,1,3,31,-465.66309781992743
RL,10,2,1,3,32,-465.66309781992743
RL,10,2,1,3,33,-465.66309781992743
RL,10,2,1,3,34,-465.66309781992743
RL,10,2,1,3,35,-465.66309781992743
RL,10,2,1,3,36,-465.66309781992743
RL,10,2,1,3,37,-465.66309781992743
RL,10,2,1,3,38,-465.66309781992743
RL,10,2,1,3,39,-465.66309781992743
RL,10,2,1,3,40,-465.66309781992743
RL,10,2,1,3,41,-465.66309781992743
RL,10,2,1,3,42,-465.66309781992743
RL,10,2,1,3,43,-465.66309781992743
RL,10,2,1,3,44,-465.66309781992743
RL,10,2,1,3,45,-465.66309781992743
RL,10,2,1,3,46,-465.66309781992743
RL,10,2,1,3,47,-465.66309781992743
RL,10,2,1,3,48,-465.66309781992743
RL,10,2,1,3,49,-465.66309781992743
RL,10,2,1,3,50,-465.66309781992743
RL,10,2,1,3,51,-465.66309781992743
RL,10,2,1,3,52,-465.66309781992743
RL,10,2,1,3,53,-465.66309781992743
RL,10,2,1,3,54,-465.66309781992743
RL,10,2,1,3,55,-465.66309781992743
RL,10,2,1,3,56,-465.66309781992743
RL,10,2,1,3,57,-465.66309781992743
RL,10,2,1,3,58,-465.66309781992743
RL,10,2,1,3,59,-465.66309781992743
RL,10,2,1,3,60,-465.66309781992743
RL,10,2,1,3,61,-465.66309781992743
RL,10,2,1,3,62,-465.66309781992743
RL,10,2,1,3,63,-465.66309781992743
RL,10,2,1,3,64,-465.66309781992743
RL,10,2,1,3,65,-465.66309781992743
RL,10,2,1,3,66,-465.66309781992743
RL,10,2,1,3,67,-465.66309781992743
RL,10,2,1,3,68,-465.66309781992743
RL,10,2,1,3,69,-465.66309781992743
RL,10,2,1,3,70,-465.66309781992743
RL,10,2,1,3,71,-465.66309781992743
RL,10,2,1,3,72,-465.66309781992743
RL,10,2,1,3,73,-465.66309781992743
RL,10,2,1,3,74,-465.66309781992743
RL,10,2,1,3,75,-465.66309781992743
RL,10,2,1,3,76,-465.66309781992743
RL,10,2,1,3,77,-465.66309781992743
RL,10,2,1,3,78,-465.66309781992743
RL,10,2,1,3,79,-465.66309781992743
RL,10,2,1,3,80,-465.66309781992743
RL,10,2,1,3,81,-465.66309781992743
RL,10,2,1,3,82,-465.66309781992743
RL,10,2,1,3,83,-465.66309781992743
RL,10,2,1,3,84,-465.66309781992743
RL,10,2,1,3,85,-465.66309781992743
RL,10,2,1,3,86,-465.66309781992743
RL,10,2,1,3,87,-465.66309781992743
RL,10,2,1,3,88,-465.66309781992743
RL,10,2,1,3,89,-465.66309781992743
RL,10,2,1,3,90,-465.66309781992743
RL,10,2,1,3,91,-465.66309781992743
RL,10,2,1,3,92,-465.66309781992743
RL,10,2,1,3,93,-465.66309781992743
RL,10,2,1,3,94,-465.66309781992743
RL,10,2,1,3,95,-465.66309781992743
RL,10,2,1,3,96,-465.66309781992743
RL,10,2,1,3,97,-465.66309781992743
RL,10,2,1,3,98,-465.66309781992743
RL,10,2,1,3,99,-465.66309781992743
RL,10,2,1,3,100,-465.66309781992743
Random,10,2,1,4,1,-570.1492847065092
Random,10,2,1,4,2,-570.1492847065092
Random,10,2,1,4,3,-570.1492847065092
Random,10,2,1,4,4,-570.1492847065092
Random,10,2,1,4,5,-570.1492847065092
Random,10,2,1,4,6,-570.1492847065092
Random,10,2,1,4,7,-570.1492847065092
Random,10,2,1,4,8,-570.1492847065092
Random,10,2,1,4,9,-570.1492847065092
Random,10,2,1,4,10,-570.1492847065092
Random,10,2,1,4,11,-570.1492847065092
Random,10,2,1,4,12,-570.1492847065092
Random,10,2,1,4,13,-570.1492847065092
Random,10,2,1,4,14,-570.1492847065092
Random,10,2,1,4,15,-570.1492847065092
Random,10,2,1,4,16,-570.1492847065092
Random,10,2,1,4,17,-570.1492847065092
Random,10,2,1,4,18,-570.1492847065092
Random,10,2,1,4,19,-570.1492847065092
Random,10,2,1,4,20,-570.1492847065092
Random,10,2,1,4,21,-570.1492847065092
Random,10,2,1,4,22,-570.1492847065092
Random,10,2,1,4,23,-570.1492847065092
Random,10,2,1,4,24,-570.1492847065092
Random,10,2,1,4,25,-570.1492847065092
Random,10,2,1,4,26,-570.1492847065092
Random,10,2,1,4,27,-570.1492847065092
Random,10,2,1,4,28,-570.1492847065092
Random,10,2,1,4,29,-570.1492847065092
Random,10,2,1,4,30,-570.1492847065092
Random,10,2,1,4,31,-570.1492847065092
Random,10,2,1,4,32,-570.1492847065092
Random,10,2,1,4,33,-570.1492847065092
Random,10,2,1,4,34,-570.1492847065092
Random,10,2,1,4,35,-570.1492847065092
Random,10,2,1,4,36,-570.1492847065092
Random,10,2,1,4,37,-570.1492847065092
Random,10,2,1,4,38,-570.1492847065092
Random,10,2,1,4,39,-570.1492847065092
Random,10,2,1,4,40,-570.1492847065092
Random,10,2,1,4,41,-570.1492847065092
Random,10,2,1,4,42,-570.1492847065092
Random,10,2,1,4,43,-570.1492847065092
Random,10,2,1,4,44,-570.1492847065092
Random,10,2,1,4,45,-570.1492847065092
Random,10,2,1,4,46,-570.1492847065092
Random,10,2,1,4,47,-570.1492847065092
Random,10,2,1,4,48,-570.1492847065092
Random,10,2,1,4,49,-570.1492847065092
Random,10,2,1,4,50,-570.1492847065092
Random,10,2,1,4,51,-570.1492847065092
Random,10,2,1,4,52,-570.1492847065092
Random,10,2,1,4,53,-570.1492847065092
Random,10,2,1,4,54,-570.1492847065092
Random,10,2,1,4,55,-570.1492847065092
Random,10,2,1,4,56,-570.1492847065092
Random,10,2,1,4,57,-570.1492847065092
Random,10,2,1,4,58,-570.1492847065092
Random,10,2,1,4,59,-570.1492847065092
Random,10,2,1,4,60,-570.1492847065092
Random,10,2,1,4,61,-570.1492847065092
Random,10,2,1,4,62,-570.1492847065092
Random,10,2,1,4,63,-570.1492847065092
Random,10,2,1,4,64,-570.1492847065092
Random,10,2,1,4,65,-570.1492847065092
Random,10,2,1,4,66,-570.1492847065092
Random,10,2,1,4,67,-570.1492847065092
Random,10,2,1,4,68,-570.1492847065092
Random,10,2,1,4,69,-570.1492847065092
Random,10,2,1,4,70,-570.1492847065092
Random,10,2,1,4,71,-570.1492847065092
Random,10,2,1,4,72,-570.1492847065092
Random,10,2,1,4,73,-570.1492847065092
Random,10,2,1,4,74,-570.1492847065092
Random,10,2,1,4,75,-570.1492847065092
Random,10,2,1,4,76,-570.1492847065092
Random,10,2,1,4,77,-570.1492847065092
Random,10,2,1,4,78,-570.1492847065092
Random,10,2,1,4,79,-570.1492847065092
Random,10,2,1,4,80,-570.1492847065092
Random,10,2,1,4,81,-570.1492847065092
Random,10,2,1,4,82,-570.1492847065092
Random,10,2,1,4,83,-570.1492847065092
Random,10,2,1,4,84,-570.1492847065092
Random,10,2,1,4,85,-570.1492847065092
Random,10,2,1,4,86,-570.1492847065092
Random,10,2,1,4,87,-570.1492847065092
Random,10,2,1,4,88,-570.1492847065092
Random,10,2,1,4,89,-570.1492847065092
Random,10,2,1,4,90,-570.1492847065092
Random,10,2,1,4,91,-570.1492847065092
Random,10,2,1,4,92,-570.1492847065092
Random,10,2,1,4,93,-570.1492847065092
Random,10,2,1,4,94,-570.1492847065092
Random,10,2,1,4,95,-570.1492847065092
Random,10,2,1,4,96,-570.1492847065092
Random,10,2,1,4,97,-570.1492847065092
Random,10,2,1,4,98,-570.1492847065092
Random,10,2,1,4,99,-570.1492847065092
Random,10,2,1,4,100,-570.1492847065092
qLogEI,10,2,1,4,1,-570.1492847065092
qLogEI,10,2,1,4,2,-570.1492847065092
qLogEI,10,2,1,4,3,-570.1492847065092
qLogEI,10,2,1,4,4,-570.1492847065092
qLogEI,10,2,1,4,5,-570.1492847065092
qLogEI,10,2,1,4,6,-570.1492847065092
qLogEI,10,2,1,4,7,-570.1492847065092
qLogEI,10,2,1,4,8,-570.1492847065092
qLogEI,10,2,1,4,9,-570.1492847065092
qLogEI,10,2,1,4,10,-570.1492847065092
qLogEI,10,2,1,4,11,-570.1492847065092
qLogEI,10,2,1,4,12,-570.1492847065092
qLogEI,10,2,1,4,13,-570.1492847065092
qLogEI,10,2,1,4,14,-570.1492847065092
qLogEI,10,2,1,4,15,-570.1492847065092
qLogEI,10,2,1,4,16,-570.1492847065092
qLogEI,10,2,1,4,17,-570.1492847065092
qLogEI,10,2,1,4,18,-570.1492847065092
qLogEI,10,2,1,4,19,-570.1492847065092
qLogEI,10,2,1,4,20,-570.1492847065092
qLogEI,10,2,1,4,21,-570.1492847065092
qLogEI,10,2,1,4,22,-570.1492847065092
qLogEI,10,2,1,4,23,-570.1492847065092
qLogEI,10,2,1,4,24,-570.1492847065092
qLogEI,10,2,1,4,25,-570.1492847065092
qLogEI,10,2,1,4,26,-570.1492847065092
qLogEI,10,2,1,4,27,-570.1492847065092
qLogEI,10,2,1,4,28,-570.1492847065092
qLogEI,10,2,1,4,29,-570.1492847065092
qLogEI,10,2,1,4,30,-570.1492847065092
qLogEI,10,2,1,4,31,-570.1492847065092
qLogEI,10,2,1,4,32,-570.1492847065092
qLogEI,10,2,1,4,33,-570.1492847065092
qLogEI,10,2,1,4,34,-570.1492847065092
qLogEI,10,2,1,4,35,-570.1492847065092
qLogEI,10,2,1,4,36,-570.1492847065092
qLogEI,10,2,1,4,37,-570.1492847065092
qLogEI,10,2,1,4,38,-570.1492847065092
qLogEI,10,2,1,4,39,-570.1492847065092
qLogEI,10,2,1,4,40,-570.1492847065092
qLogEI,10,2,1,4,41,-570.1492847065092
qLogEI,10,2,1,4,42,-570.1492847065092
qLogEI,10,2,1,4,43,-570.1492847065092
qLogEI,10,2,1,4,44,-570.1492847065092
qLogEI,10,2,1,4,45,-1419.9448972412358
qLogEI,10,2,1,4,46,-1419.9448972412358
qLogEI,10,2,1,4,47,-1419.9448972412358
qLogEI,10,2,1,4,48,-1419.9448972412358
qLogEI,10,2,1,4,49,-1419.9448972412358
qLogEI,10,2,1,4,50,-1419.9448972412358
qLogEI,10,2,1,4,51,-1419.9448972412358
qLogEI,10,2,1,4,52,-1419.9448972412358
qLogEI,10,2,1,4,53,-1419.9448972412358
qLogEI,10,2,1,4,54,-1419.9448972412358
qLogEI,10,2,1,4,55,-1419.9448972412358
qLogEI,10,2,1,4,56,-1419.9448972412358
qLogEI,10,2,1,4,57,-1419.9448972412358
qLogEI,10,2,1,4,58,-1419.9448972412358
qLogEI,10,2,1,4,59,-1419.9448972412358
qLogEI,10,2,1,4,60,-1419.9448972412358
qLogEI,10,2,1,4,61,-1419.9448972412358
qLogEI,10,2,1,4,62,-1419.9448972412358
qLogEI,10,2,1,4,63,-1419.9448972412358
qLogEI,10,2,1,4,64,-1419.9448972412358
qLogEI,10,2,1,4,65,-1419.9448972412358
qLogEI,10,2,1,4,66,-1419.9448972412358
qLogEI,10,2,1,4,67,-1419.9448972412358
qLogEI,10,2,1,4,68,-1419.9448972412358
qLogEI,10,2,1,4,69,-1419.9448972412358
qLogEI,10,2,1,4,70,-1419.9448972412358
qLogEI,10,2,1,4,71,-1419.9448972412358
qLogEI,10,2,1,4,72,-1419.9448972412358
qLogEI,10,2,1,4,73,-1419.9448972412358
qLogEI,10,2,1,4,74,-1419.9448972412358
qLogEI,10,2,1,4,75,-1419.9448972412358
qLogEI,10,2,1,4,76,-1419.9448972412358
qLogEI,10,2,1,4,77,-1419.9448972412358
qLogEI,10,2,1,4,78,-1419.9448972412358
qLogEI,10,2,1,4,79,-1419.9448972412358
qLogEI,10,2,1,4,80,-1419.9448972412358
qLogEI,10,2,1,4,81,-1419.9448972412358
qLogEI,10,2,1,4,82,-1419.9448972412358
qLogEI,10,2,1,4,83,-1419.9448972412358
qLogEI,10,2,1,4,84,-1419.9448972412358
qLogEI,10,2,1,4,85,-1419.9448972412358
qLogEI,10,2,1,4,86,-1419.9448972412358
qLogEI,10,2,1,4,87,-1419.9448972412358
qLogEI,10,2,1,4,88,-1419.9448972412358
qLogEI,10,2,1,4,89,-1419.9448972412358
qLogEI,10,2,1,4,90,-1419.9448972412358
qLogEI,10,2,1,4,91,-1419.9448972412358
qLogEI,10,2,1,4,92,-1419.9448972412358
qLogEI,10,2,1,4,93,-1419.9448972412358
qLogEI,10,2,1,4,94,-1419.9448972412358
qLogEI,10,2,1,4,95,-1419.9448972412358
qLogEI,10,2,1,4,96,-1419.9448972412358
qLogEI,10,2,1,4,97,-1419.9448972412358
qLogEI,10,2,1,4,98,-1419.9448972412358
qLogEI,10,2,1,4,99,-1419.9448972412358
qLogEI,10,2,1,4,100,-1419.9448972412358
RL,10,2,1,4,1,-570.1492847065092
RL,10,2,1,4,2,-570.1492847065092
RL,10,2,1,4,3,-570.1492847065092
RL,10,2,1,4,4,-570.1492847065092
RL,10,2,1,4,5,-570.1492847065092
RL,10,2,1,4,6,-570.1492847065092
RL,10,2,1,4,7,-570.1492847065092
RL,10,2,1,4,8,-570.1492847065092
RL,10,2,1,4,9,-570.1492847065092
RL,10,2,1,4,10,-570.1492847065092
RL,10,2,1,4,11,-570.1492847065092
RL,10,2,1,4,12,-570.1492847065092
RL,10,2,1,4,13,-570.1492847065092
RL,10,2,1,4,14,-570.1492847065092
RL,10,2,1,4,15,-570.1492847065092
RL,10,2,1,4,16,-570.1492847065092
RL,10,2,1,4,17,-570.1492847065092
RL,10,2,1,4,18,-570.1492847065092
RL,10,2,1,4,19,-570.1492847065092
RL,10,2,1,4,20,-570.1492847065092
RL,10,2,1,4,21,-570.1492847065092
RL,10,2,1,4,22,-570.1492847065092
RL,10,2,1,4,23,-570.1492847065092
RL,10,2,1,4,24,-570.1492847065092
RL,10,2,1,4,25,-570.1492847065092
RL,10,2,1,4,26,-570.1492847065092
RL,10,2,1,4,27,-570.1492847065092
RL,10,2,1,4,28,-570.1492847065092
RL,10,2,1,4,29,-570.1492847065092
RL,10,2,1,4,30,-570.1492847065092
RL,10,2,1,4,31,-570.1492847065092
RL,10,2,1,4,32,-570.1492847065092
RL,10,2,1,4,33,-570.1492847065092
RL,10,2,1,4,34,-570.1492847065092
RL,10,2,1,4,35,-570.1492847065092
RL,10,2,1,4,36,-570.1492847065092
RL,10,2,1,4,37,-570.1492847065092
RL,10,2,1,4,38,-570.1492847065092
RL,10,2,1,4,39,-570.1492847065092
RL,10,2,1,4,40,-570.1492847065092
RL,10,2,1,4,41,-570.1492847065092
RL,10,2,1,4,42,-570.1492847065092
RL,10,2,1,4,43,-570.1492847065092
RL,10,2,1,4,44,-570.1492847065092
RL,10,2,1,4,45,-570.1492847065092
RL,10,2,1,4,46,-570.1492847065092
RL,10,2,1,4,47,-570.1492847065092
RL,10,2,1,4,48,-570.1492847065092
RL,10,2,1,4,49,-570.1492847065092
RL,10,2,1,4,50,-570.1492847065092
RL,10,2,1,4,51,-570.1492847065092
RL,10,2,1,4,52,-570.1492847065092
RL,10,2,1,4,53,-570.1492847065092
RL,10,2,1,4,54,-570.1492847065092
RL,10,2,1,4,55,-570.1492847065092
RL,10,2,1,4,56,-570.1492847065092
RL,10,2,1,4,57,-570.1492847065092
RL,10,2,1,4,58,-570.1492847065092
RL,10,2,1,4,59,-570.1492847065092
RL,10,2,1,4,60,-570.1492847065092
RL,10,2,1,4,61,-570.1492847065092
RL,10,2,1,4,62,-570.1492847065092
RL,10,2,1,4,63,-570.1492847065092
RL,10,2,1,4,64,-570.1492847065092
RL,10,2,1,4,65,-570.1492847065092
RL,10,2,1,4,66,-570.1492847065092
RL,10,2,1,4,67,-570.1492847065092
RL,10,2,1,4,68,-570.1492847065092
RL,10,2,1,4,69,-570.1492847065092
RL,10,2,1,4,70,-570.1492847065092
RL,10,2,1,4,71,-570.1492847065092
RL,10,2,1,4,72,-570.1492847065092
RL,10,2,1,4,73,-570.1492847065092
RL,10,2,1,4,74,-570.1492847065092
RL,10,2,1,4,75,-570.1492847065092
RL,10,2,1,4,76,-570.1492847065092
RL,10,2,1,4,77,-570.1492847065092
RL,10,2,1,4,78,-570.1492847065092
RL,10,2,1,4,79,-570.1492847065092
RL,10,2,1,4,80,-570.1492847065092
RL,10,2,1,4,81,-570.1492847065092
RL,10,2,1,4,82,-570.1492847065092
RL,10,2,1,4,83,-570.1492847065092
RL,10,2,1,4,84,-570.1492847065092
RL,10,2,1,4,85,-570.1492847065092
RL,10,2,1,4,86,-570.1492847065092
RL,10,2,1,4,87,-570.1492847065092
RL,10,2,1,4,88,-570.1492847065092
RL,10,2,1,4,89,-570.1492847065092
RL,10,2,1,4,90,-570.1492847065092
RL,10,2,1,4,91,-570.1492847065092
RL,10,2,1,4,92,-570.1492847065092
RL,10,2,1,4,93,-570.1492847065092
RL,10,2,1,4,94,-570.1492847065092
RL,10,2,1,4,95,-570.1492847065092
RL,10,2,1,4,96,-570.1492847065092
RL,10,2,1,4,97,-570.1492847065092
RL,10,2,1,4,98,-570.1492847065092
RL,10,2,1,4,99,-570.1492847065092
RL,10,2,1,4,100,-570.1492847065092
Random,10,2,2,0,1,inf
Random,10,2,2,0,2,inf
Random,10,2,2,0,3,inf
Random,10,2,2,0,4,inf
Random,10,2,2,0,5,inf
Random,10,2,2,0,6,inf
Random,10,2,2,0,7,inf
Random,10,2,2,0,8,inf
Random,10,2,2,0,9,inf
Random,10,2,2,0,10,inf
Random,10,2,2,0,11,inf
Random,10,2,2,0,12,inf
Random,10,2,2,0,13,inf
Random,10,2,2,0,14,inf
Random,10,2,2,0,15,inf
Random,10,2,2,0,16,inf
Random,10,2,2,0,17,inf
Random,10,2,2,0,18,inf
Random,10,2,2,0,19,inf
Random,10,2,2,0,20,inf
Random,10,2,2,0,21,inf
Random,10,2,2,0,22,inf
Random,10,2,2,0,23,inf
Random,10,2,2,0,24,inf
Random,10,2,2,0,25,inf
Random,10,2,2,0,26,838.4302298090427
Random,10,2,2,0,27,838.4302298090427
Random,10,2,2,0,28,838.4302298090427
Random,10,2,2,0,29,643.2130342099058
Random,10,2,2,0,30,643.2130342099058
Random,10,2,2,0,31,643.2130342099058
Random,10,2,2,0,32,643.2130342099058
Random,10,2,2,0,33,643.2130342099058
Random,10,2,2,0,34,643.2130342099058
Random,10,2,2,0,35,643.2130342099058
Random,10,2,2,0,36,643.2130342099058
Random,10,2,2,0,37,643.2130342099058
Random,10,2,2,0,38,643.2130342099058
Random,10,2,2,0,39,643.2130342099058
Random,10,2,2,0,40,643.2130342099058
Random,10,2,2,0,41,643.2130342099058
Random,10,2,2,0,42,643.2130342099058
Random,10,2,2,0,43,643.2130342099058
Random,10,2,2,0,44,643.2130342099058
Random,10,2,2,0,45,643.2130342099058
Random,10,2,2,0,46,643.2130342099058
Random,10,2,2,0,47,643.2130342099058
Random,10,2,2,0,48,643.2130342099058
Random,10,2,2,0,49,643.2130342099058
Random,10,2,2,0,50,643.2130342099058
Random,10,2,2,0,51,643.2130342099058
Random,10,2,2,0,52,643.2130342099058
Random,10,2,2,0,53,643.2130342099058
Random,10,2,2,0,54,643.2130342099058
Random,10,2,2,0,55,643.2130342099058
Random,10,2,2,0,56,643.2130342099058
Random,10,2,2,0,57,643.2130342099058
Random,10,2,2,0,58,643.2130342099058
Random,10,2,2,0,59,643.2130342099058
Random,10,2,2,0,60,643.2130342099058
Random,10,2,2,0,61,643.2130342099058
Random,10,2,2,0,62,643.2130342099058
Random,10,2,2,0,63,643.2130342099058
Random,10,2,2,0,64,643.2130342099058
Random,10,2,2,0,65,643.2130342099058
Random,10,2,2,0,66,643.2130342099058
Random,10,2,2,0,67,643.2130342099058
Random,10,2,2,0,68,643.2130342099058
Random,10,2,2,0,69,643.2130342099058
Random,10,2,2,0,70,643.2130342099058
Random,10,2,2,0,71,643.2130342099058
Random,10,2,2,0,72,643.2130342099058
Random,10,2,2,0,73,643.2130342099058
Random,10,2,2,0,74,643.2130342099058
Random,10,2,2,0,75,643.2130342099058
Random,10,2,2,0,76,643.2130342099058
Random,10,2,2,0,77,643.2130342099058
Random,10,2,2,0,78,643.2130342099058
Random,10,2,2,0,79,643.2130342099058
Random,10,2,2,0,80,643.2130342099058
Random,10,2,2,0,81,643.2130342099058
Random,10,2,2,0,82,643.2130342099058
Random,10,2,2,0,83,643.2130342099058
Random,10,2,2,0,84,643.2130342099058
Random,10,2,2,0,85,643.2130342099058
Random,10,2,2,0,86,643.2130342099058
Random,10,2,2,0,87,643.2130342099058
Random,10,2,2,0,88,643.2130342099058
Random,10,2,2,0,89,643.2130342099058
Random,10,2,2,0,90,643.2130342099058
Random,10,2,2,0,91,643.2130342099058
Random,10,2,2,0,92,643.2130342099058
Random,10,2,2,0,93,643.2130342099058
Random,10,2,2,0,94,643.2130342099058
Random,10,2,2,0,95,643.2130342099058
Random,10,2,2,0,96,643.2130342099058
Random,10,2,2,0,97,643.2130342099058
Random,10,2,2,0,98,643.2130342099058
Random,10,2,2,0,99,643.2130342099058
Random,10,2,2,0,100,643.2130342099058
qLogEI,10,2,2,0,1,inf
qLogEI,10,2,2,0,2,inf
qLogEI,10,2,2,0,3,inf
qLogEI,10,2,2,0,4,inf
qLogEI,10,2,2,0,5,inf
qLogEI,10,2,2,0,6,inf
qLogEI,10,2,2,0,7,inf
qLogEI,10,2,2,0,8,inf
qLogEI,10,2,2,0,9,inf
qLogEI,10,2,2,0,10,inf
qLogEI,10,2,2,0,11,inf
qLogEI,10,2,2,0,12,inf
qLogEI,10,2,2,0,13,inf
qLogEI,10,2,2,0,14,inf
qLogEI,10,2,2,0,15,inf
qLogEI,10,2,2,0,16,inf
qLogEI,10,2,2,0,17,inf
qLogEI,10,2,2,0,18,inf
qLogEI,10,2,2,0,19,inf
qLogEI,10,2,2,0,20,inf
qLogEI,10,2,2,0,21,inf
qLogEI,10,2,2,0,22,inf
qLogEI,10,2,2,0,23,inf
qLogEI,10,2,2,0,24,inf
qLogEI,10,2,2,0,25,inf
qLogEI,10,2,2,0,26,inf
qLogEI,10,2,2,0,27,inf
qLogEI,10,2,2,0,28,inf
qLogEI,10,2,2,0,29,inf
qLogEI,10,2,2,0,30,inf
qLogEI,10,2,2,0,31,inf
qLogEI,10,2,2,0,32,inf
qLogEI,10,2,2,0,33,inf
qLogEI,10,2,2,0,34,inf
qLogEI,10,2,2,0,35,inf
qLogEI,10,2,2,0,36,inf
qLogEI,10,2,2,0,37,inf
qLogEI,10,2,2,0,38,inf
qLogEI,10,2,2,0,39,inf
qLogEI,10,2,2,0,40,inf
qLogEI,10,2,2,0,41,inf
qLogEI,10,2,2,0,42,inf
qLogEI,10,2,2,0,43,inf
qLogEI,10,2,2,0,44,inf
qLogEI,10,2,2,0,45,inf
qLogEI,10,2,2,0,46,inf
qLogEI,10,2,2,0,47,inf
qLogEI,10,2,2,0,48,inf
qLogEI,10,2,2,0,49,inf
qLogEI,10,2,2,0,50,inf
qLogEI,10,2,2,0,51,inf
qLogEI,10,2,2,0,52,inf
qLogEI,10,2,2,0,53,inf
qLogEI,10,2,2,0,54,inf
qLogEI,10,2,2,0,55,inf
qLogEI,10,2,2,0,56,inf
qLogEI,10,2,2,0,57,inf
qLogEI,10,2,2,0,58,inf
qLogEI,10,2,2,0,59,inf
qLogEI,10,2,2,0,60,inf
qLogEI,10,2,2,0,61,inf
qLogEI,10,2,2,0,62,inf
qLogEI,10,2,2,0,63,inf
qLogEI,10,2,2,0,64,inf
qLogEI,10,2,2,0,65,inf
qLogEI,10,2,2,0,66,inf
qLogEI,10,2,2,0,67,inf
qLogEI,10,2,2,0,68,inf
qLogEI,10,2,2,0,69,inf
qLogEI,10,2,2,0,70,inf
qLogEI,10,2,2,0,71,inf
qLogEI,10,2,2,0,72,inf
qLogEI,10,2,2,0,73,inf
qLogEI,10,2,2,0,74,inf
qLogEI,10,2,2,0,75,inf
qLogEI,10,2,2,0,76,inf
qLogEI,10,2,2,0,77,inf
qLogEI,10,2,2,0,78,inf
qLogEI,10,2,2,0,79,inf
qLogEI,10,2,2,0,80,inf
qLogEI,10,2,2,0,81,inf
qLogEI,10,2,2,0,82,inf
qLogEI,10,2,2,0,83,inf
qLogEI,10,2,2,0,84,-75.80388295291897
qLogEI,10,2,2,0,85,-75.80388295291897
qLogEI,10,2,2,0,86,-75.80388295291897
qLogEI,10,2,2,0,87,-75.80388295291897
qLogEI,10,2,2,0,88,-75.80388295291897
qLogEI,10,2,2,0,89,-75.80388295291897
qLogEI,10,2,2,0,90,-75.80388295291897
qLogEI,10,2,2,0,91,-75.80388295291897
qLogEI,10,2,2,0,92,-75.80388295291897
qLogEI,10,2,2,0,93,-75.80388295291897
qLogEI,10,2,2,0,94,-75.80388295291897
qLogEI,10,2,2,0,95,-75.80388295291897
qLogEI,10,2,2,0,96,-75.80388295291897
qLogEI,10,2,2,0,97,-75.80388295291897
qLogEI,10,2,2,0,98,-75.80388295291897
qLogEI,10,2,2,0,99,-75.80388295291897
qLogEI,10,2,2,0,100,-75.80388295291897
RL,10,2,2,0,1,inf
RL,10,2,2,0,2,inf
RL,10,2,2,0,3,inf
RL,10,2,2,0,4,inf
RL,10,2,2,0,5,inf
RL,10,2,2,0,6,inf
RL,10,2,2,0,7,inf
RL,10,2,2,0,8,inf
RL,10,2,2,0,9,inf
RL,10,2,2,0,10,inf
RL,10,2,2,0,11,inf
RL,10,2,2,0,12,inf
RL,10,2,2,0,13,inf
RL,10,2,2,0,14,inf
RL,10,2,2,0,15,inf
RL,10,2,2,0,16,inf
RL,10,2,2,0,17,inf
RL,10,2,2,0,18,inf
RL,10,2,2,0,19,inf
RL,10,2,2,0,20,inf
RL,10,2,2,0,21,inf
RL,10,2,2,0,22,inf
RL,10,2,2,0,23,inf
RL,10,2,2,0,24,inf
RL,10,2,2,0,25,inf
RL,10,2,2,0,26,inf
RL,10,2,2,0,27,inf
RL,10,2,2,0,28,inf
RL,10,2,2,0,29,inf
RL,10,2,2,0,30,inf
RL,10,2,2,0,31,inf
RL,10,2,2,0,32,inf
RL,10,2,2,0,33,inf
RL,10,2,2,0,34,inf
RL,10,2,2,0,35,inf
RL,10,2,2,0,36,inf
RL,10,2,2,0,37,inf
RL,10,2,2,0,38,inf
RL,10,2,2,0,39,inf
RL,10,2,2,0,40,inf
RL,10,2,2,0,41,inf
RL,10,2,2,0,42,inf
RL,10,2,2,0,43,inf
RL,10,2,2,0,44,inf
RL,10,2,2,0,45,inf
RL,10,2,2,0,46,inf
RL,10,2,2,0,47,inf
RL,10,2,2,0,48,inf
RL,10,2,2,0,49,inf
RL,10,2,2,0,50,inf
RL,10,2,2,0,51,inf
RL,10,2,2,0,52,inf
RL,10,2,2,0,53,inf
RL,10,2,2,0,54,inf
RL,10,2,2,0,55,inf
RL,10,2,2,0,56,inf
RL,10,2,2,0,57,inf
RL,10,2,2,0,58,inf
RL,10,2,2,0,59,inf
RL,10,2,2,0,60,inf
RL,10,2,2,0,61,inf
RL,10,2,2,0,62,inf
RL,10,2,2,0,63,inf
RL,10,2,2,0,64,inf
RL,10,2,2,0,65,inf
RL,10,2,2,0,66,inf
RL,10,2,2,0,67,inf
RL,10,2,2,0,68,inf
RL,10,2,2,0,69,inf
RL,10,2,2,0,70,inf
RL,10,2,2,0,71,inf
RL,10,2,2,0,72,inf
RL,10,2,2,0,73,inf
RL,10,2,2,0,74,inf
RL,10,2,2,0,75,inf
RL,10,2,2,0,76,inf
RL,10,2,2,0,77,inf
RL,10,2,2,0,78,inf
RL,10,2,2,0,79,inf
RL,10,2,2,0,80,inf
RL,10,2,2,0,81,inf
RL,10,2,2,0,82,inf
RL,10,2,2,0,83,inf
RL,10,2,2,0,84,inf
RL,10,2,2,0,85,inf
RL,10,2,2,0,86,inf
RL,10,2,2,0,87,inf
RL,10,2,2,0,88,inf
RL,10,2,2,0,89,inf
RL,10,2,2,0,90,inf
RL,10,2,2,0,91,inf
RL,10,2,2,0,92,inf
RL,10,2,2,0,93,inf
RL,10,2,2,0,94,inf
RL,10,2,2,0,95,inf
RL,10,2,2,0,96,inf
RL,10,2,2,0,97,inf
RL,10,2,2,0,98,inf
RL,10,2,2,0,99,inf
RL,10,2,2,0,100,inf
Random,10,2,2,1,1,inf
Random,10,2,2,1,2,inf
Random,10,2,2,1,3,inf
Random,10,2,2,1,4,inf
Random,10,2,2,1,5,inf
Random,10,2,2,1,6,inf
Random,10,2,2,1,7,inf
Random,10,2,2,1,8,inf
Random,10,2,2,1,9,inf
Random,10,2,2,1,10,inf
Random,10,2,2,1,11,inf
Random,10,2,2,1,12,inf
Random,10,2,2,1,13,inf
Random,10,2,2,1,14,inf
Random,10,2,2,1,15,inf
Random,10,2,2,1,16,inf
Random,10,2,2,1,17,inf
Random,10,2,2,1,18,inf
Random,10,2,2,1,19,inf
Random,10,2,2,1,20,inf
Random,10,2,2,1,21,inf
Random,10,2,2,1,22,inf
Random,10,2,2,1,23,inf
Random,10,2,2,1,24,inf
Random,10,2,2,1,25,inf
Random,10,2,2,1,26,inf
Random,10,2,2,1,27,inf
Random,10,2,2,1,28,inf
Random,10,2,2,1,29,inf
Random,10,2,2,1,30,inf
Random,10,2,2,1,31,inf
Random,10,2,2,1,32,inf
Random,10,2,2,1,33,inf
Random,10,2,2,1,34,inf
Random,10,2,2,1,35,inf
Random,10,2,2,1,36,inf
Random,10,2,2,1,37,inf
Random,10,2,2,1,38,inf
Random,10,2,2,1,39,inf
Random,10,2,2,1,40,inf
Random,10,2,2,1,41,inf
Random,10,2,2,1,42,inf
Random,10,2,2,1,43,inf
Random,10,2,2,1,44,inf
Random,10,2,2,1,45,inf
Random,10,2,2,1,46,inf
Random,10,2,2,1,47,inf
Random,10,2,2,1,48,inf
Random,10,2,2,1,49,inf
Random,10,2,2,1,50,inf
Random,10,2,2,1,51,inf
Random,10,2,2,1,52,inf
Random,10,2,2,1,53,inf
Random,10,2,2,1,54,inf
Random,10,2,2,1,55,inf
Random,10,2,2,1,56,inf
Random,10,2,2,1,57,inf
Random,10,2,2,1,58,inf
Random,10,2,2,1,59,inf
Random,10,2,2,1,60,inf
Random,10,2,2,1,61,inf
Random,10,2,2,1,62,inf
Random,10,2,2,1,63,inf
Random,10,2,2,1,64,inf
Random,10,2,2,1,65,inf
Random,10,2,2,1,66,inf
Random,10,2,2,1,67,inf
Random,10,2,2,1,68,inf
Random,10,2,2,1,69,inf
Random,10,2,2,1,70,inf
Random,10,2,2,1,71,inf
Random,10,2,2,1,72,inf
Random,10,2,2,1,73,inf
Random,10,2,2,1,74,inf
Random,10,2,2,1,75,inf
Random,10,2,2,1,76,inf
Random,10,2,2,1,77,inf
Random,10,2,2,1,78,inf
Random,10,2,2,1,79,inf
Random,10,2,2,1,80,inf
Random,10,2,2,1,81,inf
Random,10,2,2,1,82,inf
Random,10,2,2,1,83,inf
Random,10,2,2,1,84,inf
Random,10,2,2,1,85,inf
Random,10,2,2,1,86,inf
Random,10,2,2,1,87,inf
Random,10,2,2,1,88,inf
Random,10,2,2,1,89,inf
Random,10,2,2,1,90,inf
Random,10,2,2,1,91,inf
Random,10,2,2,1,92,inf
Random,10,2,2,1,93,inf
Random,10,2,2,1,94,inf
Random,10,2,2,1,95,inf
Random,10,2,2,1,96,inf
Random,10,2,2,1,97,inf
Random,10,2,2,1,98,inf
Random,10,2,2,1,99,inf
Random,10,2,2,1,100,inf
qLogEI,10,2,2,1,1,inf
qLogEI,10,2,2,1,2,inf
qLogEI,10,2,2,1,3,inf
qLogEI,10,2,2,1,4,inf
qLogEI,10,2,2,1,5,inf
qLogEI,10,2,2,1,6,inf
qLogEI,10,2,2,1,7,inf
qLogEI,10,2,2,1,8,inf
qLogEI,10,2,2,1,9,inf
qLogEI,10,2,2,1,10,inf
qLogEI,10,2,2,1,11,inf
qLogEI,10,2,2,1,12,inf
qLogEI,10,2,2,1,13,inf
qLogEI,10,2,2,1,14,inf
qLogEI,10,2,2,1,15,inf
qLogEI,10,2,2,1,16,inf
qLogEI,10,2,2,1,17,inf
qLogEI,10,2,2,1,18,inf
qLogEI,10,2,2,1,19,inf
qLogEI,10,2,2,1,20,inf
qLogEI,10,2,2,1,21,inf
qLogEI,10,2,2,1,22,inf
qLogEI,10,2,2,1,23,inf
qLogEI,10,2,2,1,24,inf
qLogEI,10,2,2,1,25,inf
qLogEI,10,2,2,1,26,inf
qLogEI,10,2,2,1,27,inf
qLogEI,10,2,2,1,28,inf
qLogEI,10,2,2,1,29,inf
qLogEI,10,2,2,1,30,inf
qLogEI,10,2,2,1,31,inf
qLogEI,10,2,2,1,32,inf
qLogEI,10,2,2,1,33,inf
qLogEI,10,2,2,1,34,inf
qLogEI,10,2,2,1,35,inf
qLogEI,10,2,2,1,36,inf
qLogEI,10,2,2,1,37,inf
qLogEI,10,2,2,1,38,inf
qLogEI,10,2,2,1,39,inf
qLogEI,10,2,2,1,40,inf
qLogEI,10,2,2,1,41,inf
qLogEI,10,2,2,1,42,inf
qLogEI,10,2,2,1,43,inf
qLogEI,10,2,2,1,44,inf
qLogEI,10,2,2,1,45,inf
qLogEI,10,2,2,1,46,inf
qLogEI,10,2,2,1,47,inf
qLogEI,10,2,2,1,48,inf
qLogEI,10,2,2,1,49,inf
qLogEI,10,2,2,1,50,inf
qLogEI,10,2,2,1,51,inf
qLogEI,10,2,2,1,52,inf
qLogEI,10,2,2,1,53,inf
qLogEI,10,2,2,1,54,inf
qLogEI,10,2,2,1,55,inf
qLogEI,10,2,2,1,56,inf
qLogEI,10,2,2,1,57,inf
qLogEI,10,2,2,1,58,inf
qLogEI,10,2,2,1,59,inf
qLogEI,10,2,2,1,60,inf
qLogEI,10,2,2,1,61,inf
qLogEI,10,2,2,1,62,inf
qLogEI,10,2,2,1,63,inf
qLogEI,10,2,2,1,64,inf
qLogEI,10,2,2,1,65,inf
qLogEI,10,2,2,1,66,inf
qLogEI,10,2,2,1,67,inf
qLogEI,10,2,2,1,68,inf
qLogEI,10,2,2,1,69,inf
qLogEI,10,2,2,1,70,inf
qLogEI,10,2,2,1,71,inf
qLogEI,10,2,2,1,72,inf
qLogEI,10,2,2,1,73,inf
qLogEI,10,2,2,1,74,inf
qLogEI,10,2,2,1,75,inf
qLogEI,10,2,2,1,76,inf
qLogEI,10,2,2,1,77,inf
qLogEI,10,2,2,1,78,inf
qLogEI,10,2,2,1,79,inf
qLogEI,10,2,2,1,80,inf
qLogEI,10,2,2,1,81,inf
qLogEI,10,2,2,1,82,inf
qLogEI,10,2,2,1,83,inf
qLogEI,10,2,2,1,84,inf
qLogEI,10,2,2,1,85,inf
qLogEI,10,2,2,1,86,inf
qLogEI,10,2,2,1,87,inf
qLogEI,10,2,2,1,88,inf
qLogEI,10,2,2,1,89,inf
qLogEI,10,2,2,1,90,inf
qLogEI,10,2,2,1,91,inf
qLogEI,10,2,2,1,92,inf
qLogEI,10,2,2,1,93,inf
qLogEI,10,2,2,1,94,inf
qLogEI,10,2,2,1,95,inf
qLogEI,10,2,2,1,96,inf
qLogEI,10,2,2,1,97,inf
qLogEI,10,2,2,1,98,inf
qLogEI,10,2,2,1,99,inf
qLogEI,10,2,2,1,100,inf
RL,10,2,2,1,1,inf
RL,10,2,2,1,2,inf
RL,10,2,2,1,3,inf
RL,10,2,2,1,4,inf
RL,10,2,2,1,5,inf
RL,10,2,2,1,6,inf
RL,10,2,2,1,7,inf
RL,10,2,2,1,8,inf
RL,10,2,2,1,9,inf
RL,10,2,2,1,10,inf
RL,10,2,2,1,11,inf
RL,10,2,2,1,12,inf
RL,10,2,2,1,13,inf
RL,10,2,2,1,14,inf
RL,10,2,2,1,15,inf
RL,10,2,2,1,16,inf
RL,10,2,2,1,17,inf
RL,10,2,2,1,18,inf
RL,10,2,2,1,19,inf
RL,10,2,2,1,20,inf
RL,10,2,2,1,21,inf
RL,10,2,2,1,22,inf
RL,10,2,2,1,23,inf
RL,10,2,2,1,24,inf
RL,10,2,2,1,25,inf
RL,10,2,2,1,26,inf
RL,10,2,2,1,27,inf
RL,10,2,2,1,28,inf
RL,10,2,2,1,29,inf
RL,10,2,2,1,30,inf
RL,10,2,2,1,31,inf
RL,10,2,2,1,32,inf
RL,10,2,2,1,33,inf
RL,10,2,2,1,34,inf
RL,10,2,2,1,35,inf
RL,10,2,2,1,36,inf
RL,10,2,2,1,37,inf
RL,10,2,2,1,38,inf
RL,10,2,2,1,39,inf
RL,10,2,2,1,40,inf
RL,10,2,2,1,41,inf
RL,10,2,2,1,42,inf
RL,10,2,2,1,43,inf
RL,10,2,2,1,44,inf
RL,10,2,2,1,45,inf
RL,10,2,2,1,46,inf
RL,10,2,2,1,47,inf
RL,10,2,2,1,48,inf
RL,10,2,2,1,49,inf
RL,10,2,2,1,50,inf
RL,10,2,2,1,51,inf
RL,10,2,2,1,52,inf
RL,10,2,2,1,53,inf
RL,10,2,2,1,54,inf
RL,10,2,2,1,55,inf
RL,10,2,2,1,56,inf
RL,10,2,2,1,57,inf
RL,10,2,2,1,58,inf
RL,10,2,2,1,59,inf
RL,10,2,2,1,60,inf
RL,10,2,2,1,61,inf
RL,10,2,2,1,62,inf
RL,10,2,2,1,63,inf
RL,10,2,2,1,64,inf
RL,10,2,2,1,65,inf
RL,10,2,2,1,66,inf
RL,10,2,2,1,67,inf
RL,10,2,2,1,68,inf
RL,10,2,2,1,69,inf
RL,10,2,2,1,70,inf
RL,10,2,2,1,71,inf
RL,10,2,2,1,72,inf
RL,10,2,2,1,73,inf
RL,10,2,2,1,74,inf
RL,10,2,2,1,75,inf
RL,10,2,2,1,76,inf
RL,10,2,2,1,77,inf
RL,10,2,2,1,78,inf
RL,10,2,2,1,79,inf
RL,10,2,2,1,80,inf
RL,10,2,2,1,81,inf
RL,10,2,2,1,82,inf
RL,10,2,2,1,83,inf
RL,10,2,2,1,84,inf
RL,10,2,2,1,85,inf
RL,10,2,2,1,86,inf
RL,10,2,2,1,87,inf
RL,10,2,2,1,88,inf
RL,10,2,2,1,89,inf
RL,10,2,2,1,90,inf
RL,10,2,2,1,91,inf
RL,10,2,2,1,92,inf
RL,10,2,2,1,93,inf
RL,10,2,2,1,94,inf
RL,10,2,2,1,95,inf
RL,10,2,2,1,96,inf
RL,10,2,2,1,97,inf
RL,10,2,2,1,98,inf
RL,10,2,2,1,99,inf
RL,10,2,2,1,100,inf
Random,10,2,2,2,1,790.4101432023654
Random,10,2,2,2,2,790.4101432023654
Random,10,2,2,2,3,790.4101432023654
Random,10,2,2,2,4,790.4101432023654
Random,10,2,2,2,5,790.4101432023654
Random,10,2,2,2,6,790.4101432023654
Random,10,2,2,2,7,790.4101432023654
Random,10,2,2,2,8,790.4101432023654
Random,10,2,2,2,9,790.4101432023654
Random,10,2,2,2,10,790.4101432023654
Random,10,2,2,2,11,790.4101432023654
Random,10,2,2,2,12,790.4101432023654
Random,10,2,2,2,13,790.4101432023654
Random,10,2,2,2,14,790.4101432023654
Random,10,2,2,2,15,790.4101432023654
Random,10,2,2,2,16,790.4101432023654
Random,10,2,2,2,17,790.4101432023654
Random,10,2,2,2,18,790.4101432023654
Random,10,2,2,2,19,790.4101432023654
Random,10,2,2,2,20,790.4101432023654
Random,10,2,2,2,21,790.4101432023654
Random,10,2,2,2,22,790.4101432023654
Random,10,2,2,2,23,790.4101432023654
Random,10,2,2,2,24,790.4101432023654
Random,10,2,2,2,25,790.4101432023654
Random,10,2,2,2,26,790.4101432023654
Random,10,2,2,2,27,790.4101432023654
Random,10,2,2,2,28,790.4101432023654
Random,10,2,2,2,29,790.4101432023654
Random,10,2,2,2,30,790.4101432023654
Random,10,2,2,2,31,790.4101432023654
Random,10,2,2,2,32,790.4101432023654
Random,10,2,2,2,33,790.4101432023654
Random,10,2,2,2,34,790.4101432023654
Random,10,2,2,2,35,790.4101432023654
Random,10,2,2,2,36,790.4101432023654
Random,10,2,2,2,37,790.4101432023654
Random,10,2,2,2,38,790.4101432023654
Random,10,2,2,2,39,790.4101432023654
Random,10,2,2,2,40,790.4101432023654
Random,10,2,2,2,41,790.4101432023654
Random,10,2,2,2,42,790.4101432023654
Random,10,2,2,2,43,790.4101432023654
Random,10,2,2,2,44,790.4101432023654
Random,10,2,2,2,45,790.4101432023654
Random,10,2,2,2,46,790.4101432023654
Random,10,2,2,2,47,790.4101432023654
Random,10,2,2,2,48,790.4101432023654
Random,10,2,2,2,49,790.4101432023654
Random,10,2,2,2,50,790.4101432023654
Random,10,2,2,2,51,790.4101432023654
Random,10,2,2,2,52,790.4101432023654
Random,10,2,2,2,53,790.4101432023654
Random,10,2,2,2,54,790.4101432023654
Random,10,2,2,2,55,790.4101432023654
Random,10,2,2,2,56,790.4101432023654
Random,10,2,2,2,57,790.4101432023654
Random,10,2,2,2,58,790.4101432023654
Random,10,2,2,2,59,790.4101432023654
Random,10,2,2,2,60,790.4101432023654
Random,10,2,2,2,61,790.4101432023654
Random,10,2,2,2,62,790.4101432023654
Random,10,2,2,2,63,790.4101432023654
Random,10,2,2,2,64,790.4101432023654
Random,10,2,2,2,65,790.4101432023654
Random,10,2,2,2,66,790.4101432023654
Random,10,2,2,2,67,790.4101432023654
Random,10,2,2,2,68,790.4101432023654
Random,10,2,2,2,69,790.4101432023654
Random,10,2,2,2,70,790.4101432023654
Random,10,2,2,2,71,790.4101432023654
Random,10,2,2,2,72,790.4101432023654
Random,10,2,2,2,73,790.4101432023654
Random,10,2,2,2,74,790.4101432023654
Random,10,2,2,2,75,790.4101432023654
Random,10,2,2,2,76,790.4101432023654
Random,10,2,2,2,77,790.4101432023654
Random,10,2,2,2,78,790.4101432023654
Random,10,2,2,2,79,790.4101432023654
Random,10,2,2,2,80,790.4101432023654
Random,10,2,2,2,81,596.1498646729353
Random,10,2,2,2,82,596.1498646729353
Random,10,2,2,2,83,596.1498646729353
Random,10,2,2,2,84,596.1498646729353
Random,10,2,2,2,85,596.1498646729353
Random,10,2,2,2,86,596.1498646729353
Random,10,2,2,2,87,596.1498646729353
Random,10,2,2,2,88,596.1498646729353
Random,10,2,2,2,89,576.919230566215
Random,10,2,2,2,90,576.919230566215
Random,10,2,2,2,91,576.919230566215
Random,10,2,2,2,92,576.919230566215
Random,10,2,2,2,93,576.919230566215
Random,10,2,2,2,94,576.919230566215
Random,10,2,2,2,95,576.919230566215
Random,10,2,2,2,96,576.919230566215
Random,10,2,2,2,97,576.919230566215
Random,10,2,2,2,98,576.919230566215
Random,10,2,2,2,99,576.919230566215
Random,10,2,2,2,100,576.919230566215
qLogEI,10,2,2,2,1,790.4101432023654
qLogEI,10,2,2,2,2,790.4101432023654
qLogEI,10,2,2,2,3,790.4101432023654
qLogEI,10,2,2,2,4,790.4101432023654
qLogEI,10,2,2,2,5,790.4101432023654
qLogEI,10,2,2,2,6,790.4101432023654
qLogEI,10,2,2,2,7,790.4101432023654
qLogEI,10,2,2,2,8,790.4101432023654
qLogEI,10,2,2,2,9,790.4101432023654
qLogEI,10,2,2,2,10,790.4101432023654
qLogEI,10,2,2,2,11,790.4101432023654
qLogEI,10,2,2,2,12,790.4101432023654
qLogEI,10,2,2,2,13,790.4101432023654
qLogEI,10,2,2,2,14,790.4101432023654
qLogEI,10,2,2,2,15,790.4101432023654
qLogEI,10,2,2,2,16,790.4101432023654
qLogEI,10,2,2,2,17,790.4101432023654
qLogEI,10,2,2,2,18,790.4101432023654
qLogEI,10,2,2,2,19,790.4101432023654
qLogEI,10,2,2,2,20,790.4101432023654
qLogEI,10,2,2,2,21,790.4101432023654
qLogEI,10,2,2,2,22,790.4101432023654
qLogEI,10,2,2,2,23,790.4101432023654
qLogEI,10,2,2,2,24,790.4101432023654
qLogEI,10,2,2,2,25,790.4101432023654
qLogEI,10,2,2,2,26,790.4101432023654
qLogEI,10,2,2,2,27,790.4101432023654
qLogEI,10,2,2,2,28,790.4101432023654
qLogEI,10,2,2,2,29,790.4101432023654
qLogEI,10,2,2,2,30,790.4101432023654
qLogEI,10,2,2,2,31,790.4101432023654
qLogEI,10,2,2,2,32,790.4101432023654
qLogEI,10,2,2,2,33,790.4101432023654
qLogEI,10,2,2,2,34,790.4101432023654
qLogEI,10,2,2,2,35,790.4101432023654
qLogEI,10,2,2,2,36,790.4101432023654
qLogEI,10,2,2,2,37,790.4101432023654
qLogEI,10,2,2,2,38,790.4101432023654
qLogEI,10,2,2,2,39,790.4101432023654
qLogEI,10,2,2,2,40,790.4101432023654
qLogEI,10,2,2,2,41,790.4101432023654
qLogEI,10,2,2,2,42,790.4101432023654
qLogEI,10,2,2,2,43,790.4101432023654
qLogEI,10,2,2,2,44,790.4101432023654
qLogEI,10,2,2,2,45,790.4101432023654
qLogEI,10,2,2,2,46,790.4101432023654
qLogEI,10,2,2,2,47,790.4101432023654
qLogEI,10,2,2,2,48,790.4101432023654
qLogEI,10,2,2,2,49,790.4101432023654
qLogEI,10,2,2,2,50,790.4101432023654
qLogEI,10,2,2,2,51,790.4101432023654
qLogEI,10,2,2,2,52,790.4101432023654
qLogEI,10,2,2,2,53,790.4101432023654
qLogEI,10,2,2,2,54,-222.93440901294986
qLogEI,10,2,2,2,55,-222.93440901294986
qLogEI,10,2,2,2,56,-222.93440901294986
qLogEI,10,2,2,2,57,-222.93440901294986
qLogEI,10,2,2,2,58,-222.93440901294986
qLogEI,10,2,2,2,59,-222.93440901294986
qLogEI,10,2,2,2,60,-244.89964886397146
qLogEI,10,2,2,2,61,-244.89964886397146
qLogEI,10,2,2,2,62,-244.89964886397146
qLogEI,10,2,2,2,63,-244.89964886397146
qLogEI,10,2,2,2,64,-244.89964886397146
qLogEI,10,2,2,2,65,-244.89964886397146
qLogEI,10,2,2,2,66,-244.89964886397146
qLogEI,10,2,2,2,67,-244.89964886397146
qLogEI,10,2,2,2,68,-244.89964886397146
qLogEI,10,2,2,2,69,-244.89964886397146
qLogEI,10,2,2,2,70,-244.89964886397146
qLogEI,10,2,2,2,71,-244.89964886397146
qLogEI,10,2,2,2,72,-244.89964886397146
qLogEI,10,2,2,2,73,-244.89964886397146
qLogEI,10,2,2,2,74,-244.89964886397146
qLogEI,10,2,2,2,75,-244.89964886397146
qLogEI,10,2,2,2,76,-244.89964886397146
qLogEI,10,2,2,2,77,-244.89964886397146
qLogEI,10,2,2,2,78,-244.89964886397146
qLogEI,10,2,2,2,79,-244.89964886397146
qLogEI,10,2,2,2,80,-244.89964886397146
qLogEI,10,2,2,2,81,-244.89964886397146
qLogEI,10,2,2,2,82,-244.89964886397146
qLogEI,10,2,2,2,83,-244.89964886397146
qLogEI,10,2,2,2,84,-244.89964886397146
qLogEI,10,2,2,2,85,-244.89964886397146
qLogEI,10,2,2,2,86,-244.89964886397146
qLogEI,10,2,2,2,87,-244.89964886397146
qLogEI,10,2,2,2,88,-244.89964886397146
qLogEI,10,2,2,2,89,-244.89964886397146
qLogEI,10,2,2,2,90,-244.89964886397146
qLogEI,10,2,2,2,91,-244.89964886397146
qLogEI,10,2,2,2,92,-244.89964886397146
qLogEI,10,2,2,2,93,-244.89964886397146
qLogEI,10,2,2,2,94,-244.89964886397146
qLogEI,10,2,2,2,95,-244.89964886397146
qLogEI,10,2,2,2,96,-244.89964886397146
qLogEI,10,2,2,2,97,-244.89964886397146
qLogEI,10,2,2,2,98,-244.89964886397146
qLogEI,10,2,2,2,99,-244.89964886397146
qLogEI,10,2,2,2,100,-244.89964886397146
RL,10,2,2,2,1,790.4101432023654
RL,10,2,2,2,2,790.4101432023654
RL,10,2,2,2,3,790.4101432023654
RL,10,2,2,2,4,790.4101432023654
RL,10,2,2,2,5,790.4101432023654
RL,10,2,2,2,6,790.4101432023654
RL,10,2,2,2,7,790.4101432023654
RL,10,2,2,2,8,790.4101432023654
RL,10,2,2,2,9,790.4101432023654
RL,10,2,2,2,10,790.4101432023654
RL,10,2,2,2,11,790.4101432023654
RL,10,2,2,2,12,790.4101432023654
RL,10,2,2,2,13,790.4101432023654
RL,10,2,2,2,14,790.4101432023654
RL,10,2,2,2,15,790.4101432023654
RL,10,2,2,2,16,790.4101432023654
RL,10,2,2,2,17,790.4101432023654
RL,10,2,2,2,18,790.4101432023654
RL,10,2,2,2,19,790.4101432023654
RL,10,2,2,2,20,790.4101432023654
RL,10,2,2,2,21,790.4101432023654
RL,10,2,2,2,22,790.4101432023654
RL,10,2,2,2,23,790.4101432023654
RL,10,2,2,2,24,790.4101432023654
RL,10,2,2,2,25,790.4101432023654
RL,10,2,2,2,26,790.4101432023654
RL,10,2,2,2,27,790.4101432023654
RL,10,2,2,2,28,790.4101432023654
RL,10,2,2,2,29,790.4101432023654
RL,10,2,2,2,30,790.4101432023654
RL,10,2,2,2,31,790.4101432023654
RL,10,2,2,2,32,790.4101432023654
RL,10,2,2,2,33,790.4101432023654
RL,10,2,2,2,34,790.4101432023654
RL,10,2,2,2,35,790.4101432023654
RL,10,2,2,2,36,790.4101432023654
RL,10,2,2,2,37,790.4101432023654
RL,10,2,2,2,38,790.4101432023654
RL,10,2,2,2,39,790.4101432023654
RL,10,2,2,2,40,790.4101432023654
RL,10,2,2,2,41,790.4101432023654
RL,10,2,2,2,42,790.4101432023654
RL,10,2,2,2,43,790.4101432023654
RL,10,2,2,2,44,790.4101432023654
RL,10,2,2,2,45,790.4101432023654
RL,10,2,2,2,46,790.4101432023654
RL,10,2,2,2,47,790.4101432023654
RL,10,2,2,2,48,790.4101432023654
RL,10,2,2,2,49,790.4101432023654
RL,10,2,2,2,50,790.4101432023654
RL,10,2,2,2,51,790.4101432023654
RL,10,2,2,2,52,790.4101432023654
RL,10,2,2,2,53,790.4101432023654
RL,10,2,2,2,54,790.4101432023654
RL,10,2,2,2,55,790.4101432023654
RL,10,2,2,2,56,790.4101432023654
RL,10,2,2,2,57,790.4101432023654
RL,10,2,2,2,58,790.4101432023654
RL,10,2,2,2,59,790.4101432023654
RL,10,2,2,2,60,790.4101432023654
RL,10,2,2,2,61,790.4101432023654
RL,10,2,2,2,62,790.4101432023654
RL,10,2,2,2,63,790.4101432023654
RL,10,2,2,2,64,790.4101432023654
RL,10,2,2,2,65,790.4101432023654
RL,10,2,2,2,66,790.4101432023654
RL,10,2,2,2,67,790.4101432023654
RL,10,2,2,2,68,790.4101432023654
RL,10,2,2,2,69,790.4101432023654
RL,10,2,2,2,70,790.4101432023654
RL,10,2,2,2,71,790.4101432023654
RL,10,2,2,2,72,790.4101432023654
RL,10,2,2,2,73,790.4101432023654
RL,10,2,2,2,74,790.4101432023654
RL,10,2,2,2,75,790.4101432023654
RL,10,2,2,2,76,790.4101432023654
RL,10,2,2,2,77,790.4101432023654
RL,10,2,2,2,78,790.4101432023654
RL,10,2,2,2,79,790.4101432023654
RL,10,2,2,2,80,790.4101432023654
RL,10,2,2,2,81,790.4101432023654
RL,10,2,2,2,82,790.4101432023654
RL,10,2,2,2,83,790.4101432023654
RL,10,2,2,2,84,790.4101432023654
RL,10,2,2,2,85,790.4101432023654
RL,10,2,2,2,86,790.4101432023654
RL,10,2,2,2,87,790.4101432023654
RL,10,2,2,2,88,790.4101432023654
RL,10,2,2,2,89,790.4101432023654
RL,10,2,2,2,90,790.4101432023654
RL,10,2,2,2,91,790.4101432023654
RL,10,2,2,2,92,790.4101432023654
RL,10,2,2,2,93,790.4101432023654
RL,10,2,2,2,94,790.4101432023654
RL,10,2,2,2,95,790.4101432023654
RL,10,2,2,2,96,790.4101432023654
RL,10,2,2,2,97,790.4101432023654
RL,10,2,2,2,98,790.4101432023654
RL,10,2,2,2,99,790.4101432023654
RL,10,2,2,2,100,790.4101432023654
Random,10,2,2,3,1,inf
Random,10,2,2,3,2,inf
Random,10,2,2,3,3,inf
Random,10,2,2,3,4,inf
Random,10,2,2,3,5,inf
Random,10,2,2,3,6,inf
Random,10,2,2,3,7,inf
Random,10,2,2,3,8,inf
Random,10,2,2,3,9,inf
Random,10,2,2,3,10,inf
Random,10,2,2,3,11,inf
Random,10,2,2,3,12,inf
Random,10,2,2,3,13,inf
Random,10,2,2,3,14,inf
Random,10,2,2,3,15,inf
Random,10,2,2,3,16,inf
Random,10,2,2,3,17,inf
Random,10,2,2,3,18,inf
Random,10,2,2,3,19,inf
Random,10,2,2,3,20,inf
Random,10,2,2,3,21,inf
Random,10,2,2,3,22,inf
Random,10,2,2,3,23,inf
Random,10,2,2,3,24,inf
Random,10,2,2,3,25,inf
Random,10,2,2,3,26,inf
Random,10,2,2,3,27,inf
Random,10,2,2,3,28,inf
Random,10,2,2,3,29,inf
Random,10,2,2,3,30,inf
Random,10,2,2,3,31,inf
Random,10,2,2,3,32,inf
Random,10,2,2,3,33,inf
Random,10,2,2,3,34,inf
Random,10,2,2,3,35,inf
Random,10,2,2,3,36,inf
Random,10,2,2,3,37,inf
Random,10,2,2,3,38,inf
Random,10,2,2,3,39,inf
Random,10,2,2,3,40,inf
Random,10,2,2,3,41,inf
Random,10,2,2,3,42,inf
Random,10,2,2,3,43,inf
Random,10,2,2,3,44,inf
Random,10,2,2,3,45,inf
Random,10,2,2,3,46,inf
Random,10,2,2,3,47,inf
Random,10,2,2,3,48,inf
Random,10,2,2,3,49,inf
Random,10,2,2,3,50,inf
Random,10,2,2,3,51,inf
Random,10,2,2,3,52,inf
Random,10,2,2,3,53,inf
Random,10,2,2,3,54,inf
Random,10,2,2,3,55,inf
Random,10,2,2,3,56,inf
Random,10,2,2,3,57,inf
Random,10,2,2,3,58,inf
Random,10,2,2,3,59,inf
Random,10,2,2,3,60,inf
Random,10,2,2,3,61,inf
Random,10,2,2,3,62,inf
Random,10,2,2,3,63,inf
Random,10,2,2,3,64,inf
Random,10,2,2,3,65,inf
Random,10,2,2,3,66,inf
Random,10,2,2,3,67,inf
Random,10,2,2,3,68,inf
Random,10,2,2,3,69,inf
Random,10,2,2,3,70,inf
Random,10,2,2,3,71,inf
Random,10,2,2,3,72,inf
Random,10,2,2,3,73,inf
Random,10,2,2,3,74,inf
Random,10,2,2,3,75,inf
Random,10,2,2,3,76,inf
Random,10,2,2,3,77,inf
Random,10,2,2,3,78,inf
Random,10,2,2,3,79,inf
Random,10,2,2,3,80,inf
Random,10,2,2,3,81,inf
Random,10,2,2,3,82,inf
Random,10,2,2,3,83,inf
Random,10,2,2,3,84,inf
Random,10,2,2,3,85,inf
Random,10,2,2,3,86,inf
Random,10,2,2,3,87,inf
Random,10,2,2,3,88,inf
Random,10,2,2,3,89,inf
Random,10,2,2,3,90,inf
Random,10,2,2,3,91,inf
Random,10,2,2,3,92,inf
Random,10,2,2,3,93,inf
Random,10,2,2,3,94,inf
Random,10,2,2,3,95,inf
Random,10,2,2,3,96,inf
Random,10,2,2,3,97,inf
Random,10,2,2,3,98,inf
Random,10,2,2,3,99,inf
Random,10,2,2,3,100,inf
qLogEI,10,2,2,3,1,inf
qLogEI,10,2,2,3,2,inf
qLogEI,10,2,2,3,3,inf
qLogEI,10,2,2,3,4,inf
qLogEI,10,2,2,3,5,inf
qLogEI,10,2,2,3,6,inf
qLogEI,10,2,2,3,7,inf
qLogEI,10,2,2,3,8,inf
qLogEI,10,2,2,3,9,inf
qLogEI,10,2,2,3,10,inf
qLogEI,10,2,2,3,11,inf
qLogEI,10,2,2,3,12,inf
qLogEI,10,2,2,3,13,inf
qLogEI,10,2,2,3,14,inf
qLogEI,10,2,2,3,15,inf
qLogEI,10,2,2,3,16,inf
qLogEI,10,2,2,3,17,inf
qLogEI,10,2,2,3,18,inf
qLogEI,10,2,2,3,19,inf
qLogEI,10,2,2,3,20,inf
qLogEI,10,2,2,3,21,inf
qLogEI,10,2,2,3,22,inf
qLogEI,10,2,2,3,23,inf
qLogEI,10,2,2,3,24,inf
qLogEI,10,2,2,3,25,inf
qLogEI,10,2,2,3,26,inf
qLogEI,10,2,2,3,27,inf
qLogEI,10,2,2,3,28,inf
qLogEI,10,2,2,3,29,inf
qLogEI,10,2,2,3,30,inf
qLogEI,10,2,2,3,31,inf
qLogEI,10,2,2,3,32,inf
qLogEI,10,2,2,3,33,inf
qLogEI,10,2,2,3,34,inf
qLogEI,10,2,2,3,35,inf
qLogEI,10,2,2,3,36,inf
qLogEI,10,2,2,3,37,inf
qLogEI,10,2,2,3,38,inf
qLogEI,10,2,2,3,39,inf
qLogEI,10,2,2,3,40,inf
qLogEI,10,2,2,3,41,inf
qLogEI,10,2,2,3,42,inf
qLogEI,10,2,2,3,43,inf
qLogEI,10,2,2,3,44,inf
qLogEI,10,2,2,3,45,inf
qLogEI,10,2,2,3,46,inf
qLogEI,10,2,2,3,47,inf
qLogEI,10,2,2,3,48,inf
qLogEI,10,2,2,3,49,inf
qLogEI,10,2,2,3,50,inf
qLogEI,10,2,2,3,51,inf
qLogEI,10,2,2,3,52,inf
qLogEI,10,2,2,3,53,inf
qLogEI,10,2,2,3,54,inf
qLogEI,10,2,2,3,55,inf
qLogEI,10,2,2,3,56,inf
qLogEI,10,2,2,3,57,inf
qLogEI,10,2,2,3,58,inf
qLogEI,10,2,2,3,59,inf
qLogEI,10,2,2,3,60,inf
qLogEI,10,2,2,3,61,inf
qLogEI,10,2,2,3,62,inf
qLogEI,10,2,2,3,63,inf
qLogEI,10,2,2,3,64,inf
qLogEI,10,2,2,3,65,inf
qLogEI,10,2,2,3,66,inf
qLogEI,10,2,2,3,67,inf
qLogEI,10,2,2,3,68,inf
qLogEI,10,2,2,3,69,inf
qLogEI,10,2,2,3,70,inf
qLogEI,10,2,2,3,71,inf
qLogEI,10,2,2,3,72,inf
qLogEI,10,2,2,3,73,inf
qLogEI,10,2,2,3,74,inf
qLogEI,10,2,2,3,75,inf
qLogEI,10,2,2,3,76,inf
qLogEI,10,2,2,3,77,inf
qLogEI,10,2,2,3,78,inf
qLogEI,10,2,2,3,79,inf
qLogEI,10,2,2,3,80,inf
qLogEI,10,2,2,3,81,inf
qLogEI,10,2,2,3,82,inf
qLogEI,10,2,2,3,83,inf
qLogEI,10,2,2,3,84,inf
qLogEI,10,2,2,3,85,inf
qLogEI,10,2,2,3,86,inf
qLogEI,10,2,2,3,87,inf
qLogEI,10,2,2,3,88,inf
qLogEI,10,2,2,3,89,-25.317134127909497
qLogEI,10,2,2,3,90,-25.317134127909497
qLogEI,10,2,2,3,91,-25.317134127909497
qLogEI,10,2,2,3,92,-25.317134127909497
qLogEI,10,2,2,3,93,-25.317134127909497
qLogEI,10,2,2,3,94,-227.93977303358474
qLogEI,10,2,2,3,95,-227.93977303358474
qLogEI,10,2,2,3,96,-227.93977303358474
qLogEI,10,2,2,3,97,-227.93977303358474
qLogEI,10,2,2,3,98,-227.93977303358474
qLogEI,10,2,2,3,99,-227.93977303358474
qLogEI,10,2,2,3,100,-227.93977303358474
RL,10,2,2,3,1,inf
RL,10,2,2,3,2,inf
RL,10,2,2,3,3,inf
RL,10,2,2,3,4,inf
RL,10,2,2,3,5,inf
RL,10,2,2,3,6,inf
RL,10,2,2,3,7,inf
RL,10,2,2,3,8,inf
RL,10,2,2,3,9,inf
RL,10,2,2,3,10,inf
RL,10,2,2,3,11,inf
RL,10,2,2,3,12,inf
RL,10,2,2,3,13,inf
RL,10,2,2,3,14,inf
RL,10,2,2,3,15,inf
RL,10,2,2,3,16,inf
RL,10,2,2,3,17,inf
RL,10,2,2,3,18,inf
RL,10,2,2,3,19,inf
RL,10,2,2,3,20,inf
RL,10,2,2,3,21,inf
RL,10,2,2,3,22,inf
RL,10,2,2,3,23,inf
RL,10,2,2,3,24,inf
RL,10,2,2,3,25,inf
RL,10,2,2,3,26,inf
RL,10,2,2,3,27,inf
RL,10,2,2,3,28,inf
RL,10,2,2,3,29,inf
RL,10,2,2,3,30,inf
RL,10,2,2,3,31,inf
RL,10,2,2,3,32,inf
RL,10,2,2,3,33,inf
RL,10,2,2,3,34,inf
RL,10,2,2,3,35,inf
RL,10,2,2,3,36,inf
RL,10,2,2,3,37,inf
RL,10,2,2,3,38,inf
RL,10,2,2,3,39,inf
RL,10,2,2,3,40,inf
RL,10,2,2,3,41,inf
RL,10,2,2,3,42,inf
RL,10,2,2,3,43,inf
RL,10,2,2,3,44,inf
RL,10,2,2,3,45,inf
RL,10,2,2,3,46,inf
RL,10,2,2,3,47,inf
RL,10,2,2,3,48,inf
RL,10,2,2,3,49,inf
RL,10,2,2,3,50,inf
RL,10,2,2,3,51,inf
RL,10,2,2,3,52,inf
RL,10,2,2,3,53,inf
RL,10,2,2,3,54,inf
RL,10,2,2,3,55,inf
RL,10,2,2,3,56,inf
RL,10,2,2,3,57,inf
RL,10,2,2,3,58,inf
RL,10,2,2,3,59,inf
RL,10,2,2,3,60,inf
RL,10,2,2,3,61,inf
RL,10,2,2,3,62,inf
RL,10,2,2,3,63,inf
RL,10,2,2,3,64,inf
RL,10,2,2,3,65,inf
RL,10,2,2,3,66,inf
RL,10,2,2,3,67,inf
RL,10,2,2,3,68,inf
RL,10,2,2,3,69,inf
RL,10,2,2,3,70,inf
RL,10,2,2,3,71,inf
RL,10,2,2,3,72,inf
RL,10,2,2,3,73,inf
RL,10,2,2,3,74,inf
RL,10,2,2,3,75,inf
RL,10,2,2,3,76,inf
RL,10,2,2,3,77,inf
RL,10,2,2,3,78,inf
RL,10,2,2,3,79,inf
RL,10,2,2,3,80,inf
RL,10,2,2,3,81,inf
RL,10,2,2,3,82,inf
RL,10,2,2,3,83,inf
RL,10,2,2,3,84,inf
RL,10,2,2,3,85,inf
RL,10,2,2,3,86,inf
RL,10,2,2,3,87,inf
RL,10,2,2,3,88,inf
RL,10,2,2,3,89,inf
RL,10,2,2,3,90,inf
RL,10,2,2,3,91,inf
RL,10,2,2,3,92,inf
RL,10,2,2,3,93,inf
RL,10,2,2,3,94,inf
RL,10,2,2,3,95,inf
RL,10,2,2,3,96,inf
RL,10,2,2,3,97,inf
RL,10,2,2,3,98,inf
RL,10,2,2,3,99,inf
RL,10,2,2,3,100,inf
Random,10,2,2,4,1,inf
Random,10,2,2,4,2,inf
Random,10,2,2,4,3,inf
Random,10,2,2,4,4,inf
Random,10,2,2,4,5,inf
Random,10,2,2,4,6,inf
Random,10,2,2,4,7,inf
Random,10,2,2,4,8,inf
Random,10,2,2,4,9,inf
Random,10,2,2,4,10,inf
Random,10,2,2,4,11,inf
Random,10,2,2,4,12,inf
Random,10,2,2,4,13,inf
Random,10,2,2,4,14,inf
Random,10,2,2,4,15,inf
Random,10,2,2,4,16,inf
Random,10,2,2,4,17,inf
Random,10,2,2,4,18,inf
Random,10,2,2,4,19,inf
Random,10,2,2,4,20,586.1677105463281
Random,10,2,2,4,21,586.1677105463281
Random,10,2,2,4,22,586.1677105463281
Random,10,2,2,4,23,586.1677105463281
Random,10,2,2,4,24,586.1677105463281
Random,10,2,2,4,25,586.1677105463281
Random,10,2,2,4,26,586.1677105463281
Random,10,2,2,4,27,586.1677105463281
Random,10,2,2,4,28,586.1677105463281
Random,10,2,2,4,29,586.1677105463281
Random,10,2,2,4,30,586.1677105463281
Random,10,2,2,4,31,586.1677105463281
Random,10,2,2,4,32,586.1677105463281
Random,10,2,2,4,33,586.1677105463281
Random,10,2,2,4,34,586.1677105463281
Random,10,2,2,4,35,586.1677105463281
Random,10,2,2,4,36,586.1677105463281
Random,10,2,2,4,37,586.1677105463281
Random,10,2,2,4,38,586.1677105463281
Random,10,2,2,4,39,586.1677105463281
Random,10,2,2,4,40,586.1677105463281
Random,10,2,2,4,41,586.1677105463281
Random,10,2,2,4,42,586.1677105463281
Random,10,2,2,4,43,586.1677105463281
Random,10,2,2,4,44,586.1677105463281
Random,10,2,2,4,45,586.1677105463281
Random,10,2,2,4,46,586.1677105463281
Random,10,2,2,4,47,586.1677105463281
Random,10,2,2,4,48,586.1677105463281
Random,10,2,2,4,49,586.1677105463281
Random,10,2,2,4,50,586.1677105463281
Random,10,2,2,4,51,586.1677105463281
Random,10,2,2,4,52,586.1677105463281
Random,10,2,2,4,53,586.1677105463281
Random,10,2,2,4,54,586.1677105463281
Random,10,2,2,4,55,586.1677105463281
Random,10,2,2,4,56,586.1677105463281
Random,10,2,2,4,57,586.1677105463281
Random,10,2,2,4,58,586.1677105463281
Random,10,2,2,4,59,586.1677105463281
Random,10,2,2,4,60,586.1677105463281
Random,10,2,2,4,61,586.1677105463281
Random,10,2,2,4,62,586.1677105463281
Random,10,2,2,4,63,586.1677105463281
Random,10,2,2,4,64,586.1677105463281
Random,10,2,2,4,65,586.1677105463281
Random,10,2,2,4,66,586.1677105463281
Random,10,2,2,4,67,586.1677105463281
Random,10,2,2,4,68,586.1677105463281
Random,10,2,2,4,69,586.1677105463281
Random,10,2,2,4,70,586.1677105463281
Random,10,2,2,4,71,586.1677105463281
Random,10,2,2,4,72,586.1677105463281
Random,10,2,2,4,73,586.1677105463281
Random,10,2,2,4,74,586.1677105463281
Random,10,2,2,4,75,586.1677105463281
Random,10,2,2,4,76,586.1677105463281
Random,10,2,2,4,77,586.1677105463281
Random,10,2,2,4,78,586.1677105463281
Random,10,2,2,4,79,586.1677105463281
Random,10,2,2,4,80,586.1677105463281
Random,10,2,2,4,81,586.1677105463281
Random,10,2,2,4,82,586.1677105463281
Random,10,2,2,4,83,586.1677105463281
Random,10,2,2,4,84,586.1677105463281
Random,10,2,2,4,85,586.1677105463281
Random,10,2,2,4,86,586.1677105463281
Random,10,2,2,4,87,586.1677105463281
Random,10,2,2,4,88,586.1677105463281
Random,10,2,2,4,89,586.1677105463281
Random,10,2,2,4,90,586.1677105463281
Random,10,2,2,4,91,586.1677105463281
Random,10,2,2,4,92,586.1677105463281
Random,10,2,2,4,93,586.1677105463281
Random,10,2,2,4,94,586.1677105463281
Random,10,2,2,4,95,586.1677105463281
Random,10,2,2,4,96,586.1677105463281
Random,10,2,2,4,97,586.1677105463281
Random,10,2,2,4,98,586.1677105463281
Random,10,2,2,4,99,586.1677105463281
Random,10,2,2,4,100,586.1677105463281
qLogEI,10,2,2,4,1,inf
qLogEI,10,2,2,4,2,inf
qLogEI,10,2,2,4,3,inf
qLogEI,10,2,2,4,4,inf
qLogEI,10,2,2,4,5,inf
qLogEI,10,2,2,4,6,inf
qLogEI,10,2,2,4,7,inf
qLogEI,10,2,2,4,8,inf
qLogEI,10,2,2,4,9,inf
qLogEI,10,2,2,4,10,inf
qLogEI,10,2,2,4,11,inf
qLogEI,10,2,2,4,12,inf
qLogEI,10,2,2,4,13,inf
qLogEI,10,2,2,4,14,inf
qLogEI,10,2,2,4,15,inf
qLogEI,10,2,2,4,16,inf
qLogEI,10,2,2,4,17,inf
qLogEI,10,2,2,4,18,inf
qLogEI,10,2,2,4,19,inf
qLogEI,10,2,2,4,20,586.1677105463281
qLogEI,10,2,2,4,21,586.1677105463281
qLogEI,10,2,2,4,22,586.1677105463281
qLogEI,10,2,2,4,23,586.1677105463281
qLogEI,10,2,2,4,24,586.1677105463281
qLogEI,10,2,2,4,25,586.1677105463281
qLogEI,10,2,2,4,26,586.1677105463281
qLogEI,10,2,2,4,27,586.1677105463281
qLogEI,10,2,2,4,28,586.1677105463281
qLogEI,10,2,2,4,29,586.1677105463281
qLogEI,10,2,2,4,30,586.1677105463281
qLogEI,10,2,2,4,31,586.1677105463281
qLogEI,10,2,2,4,32,586.1677105463281
qLogEI,10,2,2,4,33,586.1677105463281
qLogEI,10,2,2,4,34,586.1677105463281
qLogEI,10,2,2,4,35,586.1677105463281
qLogEI,10,2,2,4,36,586.1677105463281
qLogEI,10,2,2,4,37,586.1677105463281
qLogEI,10,2,2,4,38,586.1677105463281
qLogEI,10,2,2,4,39,586.1677105463281
qLogEI,10,2,2,4,40,586.1677105463281
qLogEI,10,2,2,4,41,586.1677105463281
qLogEI,10,2,2,4,42,586.1677105463281
qLogEI,10,2,2,4,43,586.1677105463281
qLogEI,10,2,2,4,44,586.1677105463281
qLogEI,10,2,2,4,45,586.1677105463281
qLogEI,10,2,2,4,46,586.1677105463281
qLogEI,10,2,2,4,47,586.1677105463281
qLogEI,10,2,2,4,48,586.1677105463281
qLogEI,10,2,2,4,49,586.1677105463281
qLogEI,10,2,2,4,50,586.1677105463281
qLogEI,10,2,2,4,51,586.1677105463281
qLogEI,10,2,2,4,52,586.1677105463281
qLogEI,10,2,2,4,53,586.1677105463281
qLogEI,10,2,2,4,54,586.1677105463281
qLogEI,10,2,2,4,55,586.1677105463281
qLogEI,10,2,2,4,56,586.1677105463281
qLogEI,10,2,2,4,57,586.1677105463281
qLogEI,10,2,2,4,58,586.1677105463281
qLogEI,10,2,2,4,59,586.1677105463281
qLogEI,10,2,2,4,60,586.1677105463281
qLogEI,10,2,2,4,61,-228.09975172438655
qLogEI,10,2,2,4,62,-228.09975172438655
qLogEI,10,2,2,4,63,-228.09975172438655
qLogEI,10,2,2,4,64,-228.09975172438655
qLogEI,10,2,2,4,65,-228.09975172438655
qLogEI,10,2,2,4,66,-228.09975172438655
qLogEI,10,2,2,4,67,-228.09975172438655
qLogEI,10,2,2,4,68,-228.09975172438655
qLogEI,10,2,2,4,69,-228.09975172438655
qLogEI,10,2,2,4,70,-228.09975172438655
qLogEI,10,2,2,4,71,-228.09975172438655
qLogEI,10,2,2,4,72,-228.09975172438655
qLogEI,10,2,2,4,73,-228.09975172438655
qLogEI,10,2,2,4,74,-228.09975172438655
qLogEI,10,2,2,4,75,-228.09975172438655
qLogEI,10,2,2,4,76,-228.09975172438655
qLogEI,10,2,2,4,77,-228.09975172438655
qLogEI,10,2,2,4,78,-228.09975172438655
qLogEI,10,2,2,4,79,-228.09975172438655
qLogEI,10,2,2,4,80,-228.09975172438655
qLogEI,10,2,2,4,81,-228.09975172438655
qLogEI,10,2,2,4,82,-228.09975172438655
qLogEI,10,2,2,4,83,-228.09975172438655
qLogEI,10,2,2,4,84,-228.09975172438655
qLogEI,10,2,2,4,85,-228.09975172438655
qLogEI,10,2,2,4,86,-228.09975172438655
qLogEI,10,2,2,4,87,-228.09975172438655
qLogEI,10,2,2,4,88,-228.09975172438655
qLogEI,10,2,2,4,89,-228.09975172438655
qLogEI,10,2,2,4,90,-228.09975172438655
qLogEI,10,2,2,4,91,-228.09975172438655
qLogEI,10,2,2,4,92,-228.09975172438655
qLogEI,10,2,2,4,93,-228.09975172438655
qLogEI,10,2,2,4,94,-228.09975172438655
qLogEI,10,2,2,4,95,-228.09975172438655
qLogEI,10,2,2,4,96,-228.09975172438655
qLogEI,10,2,2,4,97,-228.09975172438655
qLogEI,10,2,2,4,98,-228.09975172438655
qLogEI,10,2,2,4,99,-228.09975172438655
qLogEI,10,2,2,4,100,-228.09975172438655
RL,10,2,2,4,1,inf
RL,10,2,2,4,2,inf
RL,10,2,2,4,3,inf
RL,10,2,2,4,4,inf
RL,10,2,2,4,5,inf
RL,10,2,2,4,6,inf
RL,10,2,2,4,7,inf
RL,10,2,2,4,8,inf
RL,10,2,2,4,9,inf
RL,10,2,2,4,10,inf
RL,10,2,2,4,11,inf
RL,10,2,2,4,12,inf
RL,10,2,2,4,13,inf
RL,10,2,2,4,14,inf
RL,10,2,2,4,15,inf
RL,10,2,2,4,16,inf
RL,10,2,2,4,17,inf
RL,10,2,2,4,18,inf
RL,10,2,2,4,19,inf
RL,10,2,2,4,20,586.1677105463281
RL,10,2,2,4,21,586.1677105463281
RL,10,2,2,4,22,586.1677105463281
RL,10,2,2,4,23,586.1677105463281
RL,10,2,2,4,24,586.1677105463281
RL,10,2,2,4,25,586.1677105463281
RL,10,2,2,4,26,586.1677105463281
RL,10,2,2,4,27,586.1677105463281
RL,10,2,2,4,28,586.1677105463281
RL,10,2,2,4,29,586.1677105463281
RL,10,2,2,4,30,586.1677105463281
RL,10,2,2,4,31,586.1677105463281
RL,10,2,2,4,32,586.1677105463281
RL,10,2,2,4,33,586.1677105463281
RL,10,2,2,4,34,586.1677105463281
RL,10,2,2,4,35,586.1677105463281
RL,10,2,2,4,36,586.1677105463281
RL,10,2,2,4,37,586.1677105463281
RL,10,2,2,4,38,586.1677105463281
RL,10,2,2,4,39,586.1677105463281
RL,10,2,2,4,40,586.1677105463281
RL,10,2,2,4,41,586.1677105463281
RL,10,2,2,4,42,586.1677105463281
RL,10,2,2,4,43,586.1677105463281
RL,10,2,2,4,44,586.1677105463281
RL,10,2,2,4,45,586.1677105463281
RL,10,2,2,4,46,586.1677105463281
RL,10,2,2,4,47,586.1677105463281
RL,10,2,2,4,48,586.1677105463281
RL,10,2,2,4,49,586.1677105463281
RL,10,2,2,4,50,586.1677105463281
RL,10,2,2,4,51,586.1677105463281
RL,10,2,2,4,52,586.1677105463281
RL,10,2,2,4,53,586.1677105463281
RL,10,2,2,4,54,586.1677105463281
RL,10,2,2,4,55,586.1677105463281
RL,10,2,2,4,56,586.1677105463281
RL,10,2,2,4,57,586.1677105463281
RL,10,2,2,4,58,586.1677105463281
RL,10,2,2,4,59,586.1677105463281
RL,10,2,2,4,60,586.1677105463281
RL,10,2,2,4,61,586.1677105463281
RL,10,2,2,4,62,586.1677105463281
RL,10,2,2,4,63,586.1677105463281
RL,10,2,2,4,64,586.1677105463281
RL,10,2,2,4,65,586.1677105463281
RL,10,2,2,4,66,586.1677105463281
RL,10,2,2,4,67,586.1677105463281
RL,10,2,2,4,68,586.1677105463281
RL,10,2,2,4,69,586.1677105463281
RL,10,2,2,4,70,586.1677105463281
RL,10,2,2,4,71,586.1677105463281
RL,10,2,2,4,72,586.1677105463281
RL,10,2,2,4,73,586.1677105463281
RL,10,2,2,4,74,586.1677105463281
RL,10,2,2,4,75,586.1677105463281
RL,10,2,2,4,76,586.1677105463281
RL,10,2,2,4,77,586.1677105463281
RL,10,2,2,4,78,586.1677105463281
RL,10,2,2,4,79,586.1677105463281
RL,10,2,2,4,80,586.1677105463281
RL,10,2,2,4,81,586.1677105463281
RL,10,2,2,4,82,586.1677105463281
RL,10,2,2,4,83,586.1677105463281
RL,10,2,2,4,84,586.1677105463281
RL,10,2,2,4,85,586.1677105463281
RL,10,2,2,4,86,586.1677105463281
RL,10,2,2,4,87,586.1677105463281
RL,10,2,2,4,88,586.1677105463281
RL,10,2,2,4,89,586.1677105463281
RL,10,2,2,4,90,586.1677105463281
RL,10,2,2,4,91,586.1677105463281
RL,10,2,2,4,92,586.1677105463281
RL,10,2,2,4,93,586.1677105463281
RL,10,2,2,4,94,586.1677105463281
RL,10,2,2,4,95,586.1677105463281
RL,10,2,2,4,96,586.1677105463281
RL,10,2,2,4,97,586.1677105463281
RL,10,2,2,4,98,586.1677105463281
RL,10,2,2,4,99,586.1677105463281
RL,10,2,2,4,100,586.1677105463281
Random,10,2,3,0,1,1709.547164083051
Random,10,2,3,0,2,1709.547164083051
Random,10,2,3,0,3,1709.547164083051
Random,10,2,3,0,4,1709.547164083051
Random,10,2,3,0,5,1709.547164083051
Random,10,2,3,0,6,1709.547164083051
Random,10,2,3,0,7,1709.547164083051
Random,10,2,3,0,8,1709.547164083051
Random,10,2,3,0,9,1709.547164083051
Random,10,2,3,0,10,1709.547164083051
Random,10,2,3,0,11,1709.547164083051
Random,10,2,3,0,12,1709.547164083051
Random,10,2,3,0,13,1709.547164083051
Random,10,2,3,0,14,1709.547164083051
Random,10,2,3,0,15,1709.547164083051
Random,10,2,3,0,16,1709.547164083051
Random,10,2,3,0,17,1709.547164083051
Random,10,2,3,0,18,1709.547164083051
Random,10,2,3,0,19,1709.547164083051
Random,10,2,3,0,20,1709.547164083051
Random,10,2,3,0,21,1709.547164083051
Random,10,2,3,0,22,1709.547164083051
Random,10,2,3,0,23,1709.547164083051
Random,10,2,3,0,24,1709.547164083051
Random,10,2,3,0,25,1709.547164083051
Random,10,2,3,0,26,1709.547164083051
Random,10,2,3,0,27,1709.547164083051
Random,10,2,3,0,28,1709.547164083051
Random,10,2,3,0,29,1709.547164083051
Random,10,2,3,0,30,1709.547164083051
Random,10,2,3,0,31,1709.547164083051
Random,10,2,3,0,32,1709.547164083051
Random,10,2,3,0,33,1709.547164083051
Random,10,2,3,0,34,1709.547164083051
Random,10,2,3,0,35,1709.547164083051
Random,10,2,3,0,36,1709.547164083051
Random,10,2,3,0,37,1709.547164083051
Random,10,2,3,0,38,1709.547164083051
Random,10,2,3,0,39,1709.547164083051
Random,10,2,3,0,40,1709.547164083051
Random,10,2,3,0,41,1709.547164083051
Random,10,2,3,0,42,1709.547164083051
Random,10,2,3,0,43,1709.547164083051
Random,10,2,3,0,44,1709.547164083051
Random,10,2,3,0,45,1709.547164083051
Random,10,2,3,0,46,1709.547164083051
Random,10,2,3,0,47,1709.547164083051
Random,10,2,3,0,48,1709.547164083051
Random,10,2,3,0,49,1709.547164083051
Random,10,2,3,0,50,1709.547164083051
Random,10,2,3,0,51,1709.547164083051
Random,10,2,3,0,52,1709.547164083051
Random,10,2,3,0,53,1709.547164083051
Random,10,2,3,0,54,1709.547164083051
Random,10,2,3,0,55,1709.547164083051
Random,10,2,3,0,56,1709.547164083051
Random,10,2,3,0,57,1709.547164083051
Random,10,2,3,0,58,1709.547164083051
Random,10,2,3,0,59,1709.547164083051
Random,10,2,3,0,60,1709.547164083051
Random,10,2,3,0,61,1709.547164083051
Random,10,2,3,0,62,1709.547164083051
Random,10,2,3,0,63,1709.547164083051
Random,10,2,3,0,64,1709.547164083051
Random,10,2,3,0,65,1709.547164083051
Random,10,2,3,0,66,1709.547164083051
Random,10,2,3,0,67,1709.547164083051
Random,10,2,3,0,68,1709.547164083051
Random,10,2,3,0,69,1709.547164083051
Random,10,2,3,0,70,1709.547164083051
Random,10,2,3,0,71,1709.547164083051
Random,10,2,3,0,72,1709.547164083051
Random,10,2,3,0,73,1709.547164083051
Random,10,2,3,0,74,1709.547164083051
Random,10,2,3,0,75,1709.547164083051
Random,10,2,3,0,76,1709.547164083051
Random,10,2,3,0,77,1709.547164083051
Random,10,2,3,0,78,1709.547164083051
Random,10,2,3,0,79,1709.547164083051
Random,10,2,3,0,80,1709.547164083051
Random,10,2,3,0,81,1709.547164083051
Random,10,2,3,0,82,1709.547164083051
Random,10,2,3,0,83,1709.547164083051
Random,10,2,3,0,84,1709.547164083051
Random,10,2,3,0,85,1709.547164083051
Random,10,2,3,0,86,1709.547164083051
Random,10,2,3,0,87,1709.547164083051
Random,10,2,3,0,88,1709.547164083051
Random,10,2,3,0,89,1709.547164083051
Random,10,2,3,0,90,1709.547164083051
Random,10,2,3,0,91,1709.547164083051
Random,10,2,3,0,92,1709.547164083051
Random,10,2,3,0,93,1709.547164083051
Random,10,2,3,0,94,1709.547164083051
Random,10,2,3,0,95,1709.547164083051
Random,10,2,3,0,96,1709.547164083051
Random,10,2,3,0,97,1709.547164083051
Random,10,2,3,0,98,1709.547164083051
Random,10,2,3,0,99,1709.547164083051
Random,10,2,3,0,100,1709.547164083051
qLogEI,10,2,3,0,1,1709.547164083051
qLogEI,10,2,3,0,2,1709.547164083051
qLogEI,10,2,3,0,3,1709.547164083051
qLogEI,10,2,3,0,4,1709.547164083051
qLogEI,10,2,3,0,5,1709.547164083051
qLogEI,10,2,3,0,6,1709.547164083051
qLogEI,10,2,3,0,7,1709.547164083051
qLogEI,10,2,3,0,8,1709.547164083051
qLogEI,10,2,3,0,9,1709.547164083051
qLogEI,10,2,3,0,10,1709.547164083051
qLogEI,10,2,3,0,11,1709.547164083051
qLogEI,10,2,3,0,12,1709.547164083051
qLogEI,10,2,3,0,13,1709.547164083051
qLogEI,10,2,3,0,14,1709.547164083051
qLogEI,10,2,3,0,15,1709.547164083051
qLogEI,10,2,3,0,16,1709.547164083051
qLogEI,10,2,3,0,17,1709.547164083051
qLogEI,10,2,3,0,18,1709.547164083051
qLogEI,10,2,3,0,19,1709.547164083051
qLogEI,10,2,3,0,20,1709.547164083051
qLogEI,10,2,3,0,21,1709.547164083051
qLogEI,10,2,3,0,22,1709.547164083051
qLogEI,10,2,3,0,23,1709.547164083051
qLogEI,10,2,3,0,24,1709.547164083051
qLogEI,10,2,3,0,25,1709.547164083051
qLogEI,10,2,3,0,26,1709.547164083051
qLogEI,10,2,3,0,27,1709.547164083051
qLogEI,10,2,3,0,28,1709.547164083051
qLogEI,10,2,3,0,29,1709.547164083051
qLogEI,10,2,3,0,30,1709.547164083051
qLogEI,10,2,3,0,31,1709.547164083051
qLogEI,10,2,3,0,32,1709.547164083051
qLogEI,10,2,3,0,33,1709.547164083051
qLogEI,10,2,3,0,34,1709.547164083051
qLogEI,10,2,3,0,35,1709.547164083051
qLogEI,10,2,3,0,36,1709.547164083051
qLogEI,10,2,3,0,37,1709.547164083051
qLogEI,10,2,3,0,38,1709.547164083051
qLogEI,10,2,3,0,39,1709.547164083051
qLogEI,10,2,3,0,40,1709.547164083051
qLogEI,10,2,3,0,41,1709.547164083051
qLogEI,10,2,3,0,42,1709.547164083051
qLogEI,10,2,3,0,43,1709.547164083051
qLogEI,10,2,3,0,44,1709.547164083051
qLogEI,10,2,3,0,45,1709.547164083051
qLogEI,10,2,3,0,46,1709.547164083051
qLogEI,10,2,3,0,47,1709.547164083051
qLogEI,10,2,3,0,48,1709.547164083051
qLogEI,10,2,3,0,49,1709.547164083051
qLogEI,10,2,3,0,50,1709.547164083051
qLogEI,10,2,3,0,51,1709.547164083051
qLogEI,10,2,3,0,52,1709.547164083051
qLogEI,10,2,3,0,53,1709.547164083051
qLogEI,10,2,3,0,54,1709.547164083051
qLogEI,10,2,3,0,55,1709.547164083051
qLogEI,10,2,3,0,56,1709.547164083051
qLogEI,10,2,3,0,57,1709.547164083051
qLogEI,10,2,3,0,58,1709.547164083051
qLogEI,10,2,3,0,59,1709.547164083051
qLogEI,10,2,3,0,60,1709.547164083051
qLogEI,10,2,3,0,61,1709.547164083051
qLogEI,10,2,3,0,62,1709.547164083051
qLogEI,10,2,3,0,63,1709.547164083051
qLogEI,10,2,3,0,64,1709.547164083051
qLogEI,10,2,3,0,65,1709.547164083051
qLogEI,10,2,3,0,66,1709.547164083051
qLogEI,10,2,3,0,67,1709.547164083051
qLogEI,10,2,3,0,68,1709.547164083051
qLogEI,10,2,3,0,69,1709.547164083051
qLogEI,10,2,3,0,70,1709.547164083051
qLogEI,10,2,3,0,71,1709.547164083051
qLogEI,10,2,3,0,72,1709.547164083051
qLogEI,10,2,3,0,73,1709.547164083051
qLogEI,10,2,3,0,74,1709.547164083051
qLogEI,10,2,3,0,75,1709.547164083051
qLogEI,10,2,3,0,76,1709.547164083051
qLogEI,10,2,3,0,77,1709.547164083051
qLogEI,10,2,3,0,78,1709.547164083051
qLogEI,10,2,3,0,79,1709.547164083051
qLogEI,10,2,3,0,80,1709.547164083051
qLogEI,10,2,3,0,81,1709.547164083051
qLogEI,10,2,3,0,82,1709.547164083051
qLogEI,10,2,3,0,83,1709.547164083051
qLogEI,10,2,3,0,84,1709.547164083051
qLogEI,10,2,3,0,85,1709.547164083051
qLogEI,10,2,3,0,86,1709.547164083051
qLogEI,10,2,3,0,87,1709.547164083051
qLogEI,10,2,3,0,88,1709.547164083051
qLogEI,10,2,3,0,89,1709.547164083051
qLogEI,10,2,3,0,90,1709.547164083051
qLogEI,10,2,3,0,91,1709.547164083051
qLogEI,10,2,3,0,92,1709.547164083051
qLogEI,10,2,3,0,93,1709.547164083051
qLogEI,10,2,3,0,94,1709.547164083051
qLogEI,10,2,3,0,95,1709.547164083051
qLogEI,10,2,3,0,96,1709.547164083051
qLogEI,10,2,3,0,97,1709.547164083051
qLogEI,10,2,3,0,98,1709.547164083051
qLogEI,10,2,3,0,99,1709.547164083051
qLogEI,10,2,3,0,100,1709.547164083051
RL,10,2,3,0,1,1709.547164083051
RL,10,2,3,0,2,1709.547164083051
RL,10,2,3,0,3,1709.547164083051
RL,10,2,3,0,4,1709.547164083051
RL,10,2,3,0,5,1709.547164083051
RL,10,2,3,0,6,1709.547164083051
RL,10,2,3,0,7,1709.547164083051
RL,10,2,3,0,8,1709.547164083051
RL,10,2,3,0,9,1709.547164083051
RL,10,2,3,0,10,1709.547164083051
RL,10,2,3,0,11,1709.547164083051
RL,10,2,3,0,12,1709.547164083051
RL,10,2,3,0,13,1709.547164083051
RL,10,2,3,0,14,1709.547164083051
RL,10,2,3,0,15,1709.547164083051
RL,10,2,3,0,16,1709.547164083051
RL,10,2,3,0,17,1709.547164083051
RL,10,2,3,0,18,1709.547164083051
RL,10,2,3,0,19,1709.547164083051
RL,10,2,3,0,20,1709.547164083051
RL,10,2,3,0,21,1709.547164083051
RL,10,2,3,0,22,1709.547164083051
RL,10,2,3,0,23,1709.547164083051
RL,10,2,3,0,24,1709.547164083051
RL,10,2,3,0,25,1709.547164083051
RL,10,2,3,0,26,1709.547164083051
RL,10,2,3,0,27,1709.547164083051
RL,10,2,3,0,28,1709.547164083051
RL,10,2,3,0,29,1709.547164083051
RL,10,2,3,0,30,1709.547164083051
RL,10,2,3,0,31,1709.547164083051
RL,10,2,3,0,32,1709.547164083051
RL,10,2,3,0,33,1709.547164083051
RL,10,2,3,0,34,1709.547164083051
RL,10,2,3,0,35,1709.547164083051
RL,10,2,3,0,36,1709.547164083051
RL,10,2,3,0,37,1709.547164083051
RL,10,2,3,0,38,1709.547164083051
RL,10,2,3,0,39,1709.547164083051
RL,10,2,3,0,40,1709.547164083051
RL,10,2,3,0,41,1709.547164083051
RL,10,2,3,0,42,1709.547164083051
RL,10,2,3,0,43,1709.547164083051
RL,10,2,3,0,44,1709.547164083051
RL,10,2,3,0,45,1709.547164083051
RL,10,2,3,0,46,1709.547164083051
RL,10,2,3,0,47,1709.547164083051
RL,10,2,3,0,48,1709.547164083051
RL,10,2,3,0,49,1709.547164083051
RL,10,2,3,0,50,1709.547164083051
RL,10,2,3,0,51,1709.547164083051
RL,10,2,3,0,52,1709.547164083051
RL,10,2,3,0,53,1709.547164083051
RL,10,2,3,0,54,1709.547164083051
RL,10,2,3,0,55,1709.547164083051
RL,10,2,3,0,56,1709.547164083051
RL,10,2,3,0,57,1709.547164083051
RL,10,2,3,0,58,1709.547164083051
RL,10,2,3,0,59,1709.547164083051
RL,10,2,3,0,60,1709.547164083051
RL,10,2,3,0,61,1709.547164083051
RL,10,2,3,0,62,1709.547164083051
RL,10,2,3,0,63,1709.547164083051
RL,10,2,3,0,64,1709.547164083051
RL,10,2,3,0,65,1709.547164083051
RL,10,2,3,0,66,1709.547164083051
RL,10,2,3,0,67,1709.547164083051
RL,10,2,3,0,68,1709.547164083051
RL,10,2,3,0,69,1709.547164083051
RL,10,2,3,0,70,1709.547164083051
RL,10,2,3,0,71,1709.547164083051
RL,10,2,3,0,72,1709.547164083051
RL,10,2,3,0,73,1709.547164083051
RL,10,2,3,0,74,1709.547164083051
RL,10,2,3,0,75,1709.547164083051
RL,10,2,3,0,76,1709.547164083051
RL,10,2,3,0,77,1709.547164083051
RL,10,2,3,0,78,1709.547164083051
RL,10,2,3,0,79,1709.547164083051
RL,10,2,3,0,80,1709.547164083051
RL,10,2,3,0,81,1709.547164083051
RL,10,2,3,0,82,1709.547164083051
RL,10,2,3,0,83,1709.547164083051
RL,10,2,3,0,84,1709.547164083051
RL,10,2,3,0,85,1709.547164083051
RL,10,2,3,0,86,1709.547164083051
RL,10,2,3,0,87,1709.547164083051
RL,10,2,3,0,88,1709.547164083051
RL,10,2,3,0,89,1709.547164083051
RL,10,2,3,0,90,1709.547164083051
RL,10,2,3,0,91,1709.547164083051
RL,10,2,3,0,92,1709.547164083051
RL,10,2,3,0,93,1709.547164083051
RL,10,2,3,0,94,1709.547164083051
RL,10,2,3,0,95,1709.547164083051
RL,10,2,3,0,96,1709.547164083051
RL,10,2,3,0,97,1709.547164083051
RL,10,2,3,0,98,1709.547164083051
RL,10,2,3,0,99,1709.547164083051
RL,10,2,3,0,100,1709.547164083051
Random,10,2,3,1,1,inf
Random,10,2,3,1,2,inf
Random,10,2,3,1,3,inf
Random,10,2,3,1,4,inf
Random,10,2,3,1,5,inf
Random,10,2,3,1,6,inf
Random,10,2,3,1,7,inf
Random,10,2,3,1,8,inf
Random,10,2,3,1,9,inf
Random,10,2,3,1,10,inf
Random,10,2,3,1,11,inf
Random,10,2,3,1,12,inf
Random,10,2,3,1,13,inf
Random,10,2,3,1,14,inf
Random,10,2,3,1,15,inf
Random,10,2,3,1,16,inf
Random,10,2,3,1,17,inf
Random,10,2,3,1,18,inf
Random,10,2,3,1,19,inf
Random,10,2,3,1,20,inf
Random,10,2,3,1,21,inf
Random,10,2,3,1,22,inf
Random,10,2,3,1,23,inf
Random,10,2,3,1,24,inf
Random,10,2,3,1,25,inf
Random,10,2,3,1,26,inf
Random,10,2,3,1,27,1684.6367186971866
Random,10,2,3,1,28,1684.6367186971866
Random,10,2,3,1,29,1684.6367186971866
Random,10,2,3,1,30,1684.6367186971866
Random,10,2,3,1,31,1684.6367186971866
Random,10,2,3,1,32,1684.6367186971866
Random,10,2,3,1,33,1684.6367186971866
Random,10,2,3,1,34,1684.6367186971866
Random,10,2,3,1,35,1684.6367186971866
Random,10,2,3,1,36,1684.6367186971866
Random,10,2,3,1,37,1684.6367186971866
Random,10,2,3,1,38,1684.6367186971866
Random,10,2,3,1,39,1684.6367186971866
Random,10,2,3,1,40,1684.6367186971866
Random,10,2,3,1,41,1684.6367186971866
Random,10,2,3,1,42,1684.6367186971866
Random,10,2,3,1,43,1684.6367186971866
Random,10,2,3,1,44,1684.6367186971866
Random,10,2,3,1,45,1684.6367186971866
Random,10,2,3,1,46,1684.6367186971866
Random,10,2,3,1,47,1684.6367186971866
Random,10,2,3,1,48,1684.6367186971866
Random,10,2,3,1,49,1684.6367186971866
Random,10,2,3,1,50,1684.6367186971866
Random,10,2,3,1,51,1684.6367186971866
Random,10,2,3,1,52,1684.6367186971866
Random,10,2,3,1,53,1684.6367186971866
Random,10,2,3,1,54,1684.6367186971866
Random,10,2,3,1,55,1684.6367186971866
Random,10,2,3,1,56,1684.6367186971866
Random,10,2,3,1,57,1684.6367186971866
Random,10,2,3,1,58,1684.6367186971866
Random,10,2,3,1,59,1684.6367186971866
Random,10,2,3,1,60,1684.6367186971866
Random,10,2,3,1,61,1684.6367186971866
Random,10,2,3,1,62,1684.6367186971866
Random,10,2,3,1,63,1684.6367186971866
Random,10,2,3,1,64,1684.6367186971866
Random,10,2,3,1,65,1684.6367186971866
Random,10,2,3,1,66,1684.6367186971866
Random,10,2,3,1,67,1684.6367186971866
Random,10,2,3,1,68,1684.6367186971866
Random,10,2,3,1,69,1684.6367186971866
Random,10,2,3,1,70,1684.6367186971866
Random,10,2,3,1,71,1684.6367186971866
Random,10,2,3,1,72,1004.8580745790458
Random,10,2,3,1,73,1004.8580745790458
Random,10,2,3,1,74,1004.8580745790458
Random,10,2,3,1,75,1004.8580745790458
Random,10,2,3,1,76,1004.8580745790458
Random,10,2,3,1,77,1004.8580745790458
Random,10,2,3,1,78,1004.8580745790458
Random,10,2,3,1,79,1004.8580745790458
Random,10,2,3,1,80,1004.8580745790458
Random,10,2,3,1,81,1004.8580745790458
Random,10,2,3,1,82,1004.8580745790458
Random,10,2,3,1,83,1004.8580745790458
Random,10,2,3,1,84,1004.8580745790458
Random,10,2,3,1,85,1004.8580745790458
Random,10,2,3,1,86,1004.8580745790458
Random,10,2,3,1,87,1004.8580745790458
Random,10,2,3,1,88,1004.8580745790458
Random,10,2,3,1,89,1004.8580745790458
Random,10,2,3,1,90,1004.8580745790458
Random,10,2,3,1,91,1004.8580745790458
Random,10,2,3,1,92,1004.8580745790458
Random,10,2,3,1,93,1004.8580745790458
Random,10,2,3,1,94,1004.8580745790458
Random,10,2,3,1,95,1004.8580745790458
Random,10,2,3,1,96,1004.8580745790458
Random,10,2,3,1,97,1004.8580745790458
Random,10,2,3,1,98,1004.8580745790458
Random,10,2,3,1,99,1004.8580745790458
Random,10,2,3,1,100,1004.8580745790458
qLogEI,10,2,3,1,1,inf
qLogEI,10,2,3,1,2,inf
qLogEI,10,2,3,1,3,inf
qLogEI,10,2,3,1,4,inf
qLogEI,10,2,3,1,5,inf
qLogEI,10,2,3,1,6,inf
qLogEI,10,2,3,1,7,inf
qLogEI,10,2,3,1,8,inf
qLogEI,10,2,3,1,9,inf
qLogEI,10,2,3,1,10,inf
qLogEI,10,2,3,1,11,inf
qLogEI,10,2,3,1,12,inf
qLogEI,10,2,3,1,13,inf
qLogEI,10,2,3,1,14,inf
qLogEI,10,2,3,1,15,inf
qLogEI,10,2,3,1,16,inf
qLogEI,10,2,3,1,17,inf
qLogEI,10,2,3,1,18,inf
qLogEI,10,2,3,1,19,inf
qLogEI,10,2,3,1,20,inf
qLogEI,10,2,3,1,21,inf
qLogEI,10,2,3,1,22,inf
qLogEI,10,2,3,1,23,inf
qLogEI,10,2,3,1,24,inf
qLogEI,10,2,3,1,25,inf
qLogEI,10,2,3,1,26,inf
qLogEI,10,2,3,1,27,inf
qLogEI,10,2,3,1,28,inf
qLogEI,10,2,3,1,29,inf
qLogEI,10,2,3,1,30,inf
qLogEI,10,2,3,1,31,inf
qLogEI,10,2,3,1,32,inf
qLogEI,10,2,3,1,33,inf
qLogEI,10,2,3,1,34,inf
qLogEI,10,2,3,1,35,inf
qLogEI,10,2,3,1,36,inf
qLogEI,10,2,3,1,37,inf
qLogEI,10,2,3,1,38,inf
qLogEI,10,2,3,1,39,inf
qLogEI,10,2,3,1,40,inf
qLogEI,10,2,3,1,41,inf
qLogEI,10,2,3,1,42,inf
qLogEI,10,2,3,1,43,inf
qLogEI,10,2,3,1,44,inf
qLogEI,10,2,3,1,45,inf
qLogEI,10,2,3,1,46,inf
qLogEI,10,2,3,1,47,inf
qLogEI,10,2,3,1,48,inf
qLogEI,10,2,3,1,49,inf
qLogEI,10,2,3,1,50,inf
qLogEI,10,2,3,1,51,inf
qLogEI,10,2,3,1,52,inf
qLogEI,10,2,3,1,53,inf
qLogEI,10,2,3,1,54,inf
qLogEI,10,2,3,1,55,inf
qLogEI,10,2,3,1,56,inf
qLogEI,10,2,3,1,57,inf
qLogEI,10,2,3,1,58,inf
qLogEI,10,2,3,1,59,inf
qLogEI,10,2,3,1,60,inf
qLogEI,10,2,3,1,61,inf
qLogEI,10,2,3,1,62,inf
qLogEI,10,2,3,1,63,inf
qLogEI,10,2,3,1,64,inf
qLogEI,10,2,3,1,65,inf
qLogEI,10,2,3,1,66,inf
qLogEI,10,2,3,1,67,inf
qLogEI,10,2,3,1,68,inf
qLogEI,10,2,3,1,69,inf
qLogEI,10,2,3,1,70,inf
qLogEI,10,2,3,1,71,inf
qLogEI,10,2,3,1,72,inf
qLogEI,10,2,3,1,73,inf
qLogEI,10,2,3,1,74,inf
qLogEI,10,2,3,1,75,inf
qLogEI,10,2,3,1,76,inf
qLogEI,10,2,3,1,77,inf
qLogEI,10,2,3,1,78,inf
qLogEI,10,2,3,1,79,inf
qLogEI,10,2,3,1,80,inf
qLogEI,10,2,3,1,81,inf
qLogEI,10,2,3,1,82,inf
qLogEI,10,2,3,1,83,inf
qLogEI,10,2,3,1,84,inf
qLogEI,10,2,3,1,85,inf
qLogEI,10,2,3,1,86,inf
qLogEI,10,2,3,1,87,inf
qLogEI,10,2,3,1,88,inf
qLogEI,10,2,3,1,89,inf
qLogEI,10,2,3,1,90,inf
qLogEI,10,2,3,1,91,inf
qLogEI,10,2,3,1,92,inf
qLogEI,10,2,3,1,93,inf
qLogEI,10,2,3,1,94,inf
qLogEI,10,2,3,1,95,inf
qLogEI,10,2,3,1,96,inf
qLogEI,10,2,3,1,97,inf
qLogEI,10,2,3,1,98,inf
qLogEI,10,2,3,1,99,inf
qLogEI,10,2,3,1,100,inf
RL,10,2,3,1,1,inf
RL,10,2,3,1,2,inf
RL,10,2,3,1,3,inf
RL,10,2,3,1,4,inf
RL,10,2,3,1,5,inf
RL,10,2,3,1,6,inf
RL,10,2,3,1,7,inf
RL,10,2,3,1,8,inf
RL,10,2,3,1,9,inf
RL,10,2,3,1,10,inf
RL,10,2,3,1,11,inf
RL,10,2,3,1,12,inf
RL,10,2,3,1,13,inf
RL,10,2,3,1,14,inf
RL,10,2,3,1,15,inf
RL,10,2,3,1,16,inf
RL,10,2,3,1,17,inf
RL,10,2,3,1,18,inf
RL,10,2,3,1,19,inf
RL,10,2,3,1,20,inf
RL,10,2,3,1,21,inf
RL,10,2,3,1,22,inf
RL,10,2,3,1,23,inf
RL,10,2,3,1,24,inf
RL,10,2,3,1,25,inf
RL,10,2,3,1,26,inf
RL,10,2,3,1,27,inf
RL,10,2,3,1,28,inf
RL,10,2,3,1,29,inf
RL,10,2,3,1,30,inf
RL,10,2,3,1,31,inf
RL,10,2,3,1,32,inf
RL,10,2,3,1,33,inf
RL,10,2,3,1,34,inf
RL,10,2,3,1,35,inf
RL,10,2,3,1,36,inf
RL,10,2,3,1,37,inf
RL,10,2,3,1,38,inf
RL,10,2,3,1,39,inf
RL,10,2,3,1,40,inf
RL,10,2,3,1,41,inf
RL,10,2,3,1,42,inf
RL,10,2,3,1,43,inf
RL,10,2,3,1,44,inf
RL,10,2,3,1,45,inf
RL,10,2,3,1,46,inf
RL,10,2,3,1,47,inf
RL,10,2,3,1,48,inf
RL,10,2,3,1,49,inf
RL,10,2,3,1,50,inf
RL,10,2,3,1,51,inf
RL,10,2,3,1,52,inf
RL,10,2,3,1,53,inf
RL,10,2,3,1,54,inf
RL,10,2,3,1,55,inf
RL,10,2,3,1,56,inf
RL,10,2,3,1,57,inf
RL,10,2,3,1,58,inf
RL,10,2,3,1,59,inf
RL,10,2,3,1,60,inf
RL,10,2,3,1,61,inf
RL,10,2,3,1,62,inf
RL,10,2,3,1,63,inf
RL,10,2,3,1,64,inf
RL,10,2,3,1,65,inf
RL,10,2,3,1,66,inf
RL,10,2,3,1,67,inf
RL,10,2,3,1,68,inf
RL,10,2,3,1,69,inf
RL,10,2,3,1,70,inf
RL,10,2,3,1,71,inf
RL,10,2,3,1,72,inf
RL,10,2,3,1,73,inf
RL,10,2,3,1,74,inf
RL,10,2,3,1,75,inf
RL,10,2,3,1,76,inf
RL,10,2,3,1,77,inf
RL,10,2,3,1,78,inf
RL,10,2,3,1,79,inf
RL,10,2,3,1,80,inf
RL,10,2,3,1,81,inf
RL,10,2,3,1,82,inf
RL,10,2,3,1,83,inf
RL,10,2,3,1,84,inf
RL,10,2,3,1,85,inf
RL,10,2,3,1,86,inf
RL,10,2,3,1,87,inf
RL,10,2,3,1,88,inf
RL,10,2,3,1,89,inf
RL,10,2,3,1,90,inf
RL,10,2,3,1,91,inf
RL,10,2,3,1,92,inf
RL,10,2,3,1,93,inf
RL,10,2,3,1,94,inf
RL,10,2,3,1,95,inf
RL,10,2,3,1,96,inf
RL,10,2,3,1,97,inf
RL,10,2,3,1,98,inf
RL,10,2,3,1,99,inf
RL,10,2,3,1,100,inf
Random,10,2,3,2,1,2119.144865334256
Random,10,2,3,2,2,2119.144865334256
Random,10,2,3,2,3,2119.144865334256
Random,10,2,3,2,4,2119.144865334256
Random,10,2,3,2,5,2119.144865334256
Random,10,2,3,2,6,2119.144865334256
Random,10,2,3,2,7,2119.144865334256
Random,10,2,3,2,8,2119.144865334256
Random,10,2,3,2,9,2119.144865334256
Random,10,2,3,2,10,2119.144865334256
Random,10,2,3,2,11,2119.144865334256
Random,10,2,3,2,12,2119.144865334256
Random,10,2,3,2,13,2119.144865334256
Random,10,2,3,2,14,2119.144865334256
Random,10,2,3,2,15,2119.144865334256
Random,10,2,3,2,16,2119.144865334256
Random,10,2,3,2,17,2119.144865334256
Random,10,2,3,2,18,2119.144865334256
Random,10,2,3,2,19,2119.144865334256
Random,10,2,3,2,20,2119.144865334256
Random,10,2,3,2,21,2119.144865334256
Random,10,2,3,2,22,1542.8585962616694
Random,10,2,3,2,23,1542.8585962616694
Random,10,2,3,2,24,1542.8585962616694
Random,10,2,3,2,25,1542.8585962616694
Random,10,2,3,2,26,1542.8585962616694
Random,10,2,3,2,27,1542.8585962616694
Random,10,2,3,2,28,1542.8585962616694
Random,10,2,3,2,29,1542.8585962616694
Random,10,2,3,2,30,1542.8585962616694
Random,10,2,3,2,31,1542.8585962616694
Random,10,2,3,2,32,1542.8585962616694
Random,10,2,3,2,33,1542.8585962616694
Random,10,2,3,2,34,1542.8585962616694
Random,10,2,3,2,35,1542.8585962616694
Random,10,2,3,2,36,1542.8585962616694
Random,10,2,3,2,37,1542.8585962616694
Random,10,2,3,2,38,1542.8585962616694
Random,10,2,3,2,39,1542.8585962616694
Random,10,2,3,2,40,1542.8585962616694
Random,10,2,3,2,41,955.8440563944829
Random,10,2,3,2,42,955.8440563944829
Random,10,2,3,2,43,955.8440563944829
Random,10,2,3,2,44,955.8440563944829
Random,10,2,3,2,45,955.8440563944829
Random,10,2,3,2,46,955.8440563944829
Random,10,2,3,2,47,955.8440563944829
Random,10,2,3,2,48,955.8440563944829
Random,10,2,3,2,49,955.8440563944829
Random,10,2,3,2,50,955.8440563944829
Random,10,2,3,2,51,955.8440563944829
Random,10,2,3,2,52,955.8440563944829
Random,10,2,3,2,53,955.8440563944829
Random,10,2,3,2,54,955.8440563944829
Random,10,2,3,2,55,955.8440563944829
Random,10,2,3,2,56,955.8440563944829
Random,10,2,3,2,57,955.8440563944829
Random,10,2,3,2,58,955.8440563944829
Random,10,2,3,2,59,955.8440563944829
Random,10,2,3,2,60,955.8440563944829
Random,10,2,3,2,61,955.8440563944829
Random,10,2,3,2,62,955.8440563944829
Random,10,2,3,2,63,955.8440563944829
Random,10,2,3,2,64,955.8440563944829
Random,10,2,3,2,65,955.8440563944829
Random,10,2,3,2,66,955.8440563944829
Random,10,2,3,2,67,955.8440563944829
Random,10,2,3,2,68,955.8440563944829
Random,10,2,3,2,69,955.8440563944829
Random,10,2,3,2,70,955.8440563944829
Random,10,2,3,2,71,955.8440563944829
Random,10,2,3,2,72,955.8440563944829
Random,10,2,3,2,73,955.8440563944829
Random,10,2,3,2,74,955.8440563944829
Random,10,2,3,2,75,955.8440563944829
Random,10,2,3,2,76,955.8440563944829
Random,10,2,3,2,77,955.8440563944829
Random,10,2,3,2,78,955.8440563944829
Random,10,2,3,2,79,955.8440563944829
Random,10,2,3,2,80,955.8440563944829
Random,10,2,3,2,81,955.8440563944829
Random,10,2,3,2,82,955.8440563944829
Random,10,2,3,2,83,955.8440563944829
Random,10,2,3,2,84,955.8440563944829
Random,10,2,3,2,85,955.8440563944829
Random,10,2,3,2,86,955.8440563944829
Random,10,2,3,2,87,955.8440563944829
Random,10,2,3,2,88,955.8440563944829
Random,10,2,3,2,89,955.8440563944829
Random,10,2,3,2,90,955.8440563944829
Random,10,2,3,2,91,955.8440563944829
Random,10,2,3,2,92,955.8440563944829
Random,10,2,3,2,93,955.8440563944829
Random,10,2,3,2,94,955.8440563944829
Random,10,2,3,2,95,955.8440563944829
Random,10,2,3,2,96,955.8440563944829
Random,10,2,3,2,97,955.8440563944829
Random,10,2,3,2,98,955.8440563944829
Random,10,2,3,2,99,955.8440563944829
Random,10,2,3,2,100,955.8440563944829
qLogEI,10,2,3,2,1,2119.144865334256
qLogEI,10,2,3,2,2,2119.144865334256
qLogEI,10,2,3,2,3,2119.144865334256
qLogEI,10,2,3,2,4,2119.144865334256
qLogEI,10,2,3,2,5,2119.144865334256
qLogEI,10,2,3,2,6,2119.144865334256
qLogEI,10,2,3,2,7,2119.144865334256
qLogEI,10,2,3,2,8,2119.144865334256
qLogEI,10,2,3,2,9,2119.144865334256
qLogEI,10,2,3,2,10,2119.144865334256
qLogEI,10,2,3,2,11,2119.144865334256
qLogEI,10,2,3,2,12,2119.144865334256
qLogEI,10,2,3,2,13,2119.144865334256
qLogEI,10,2,3,2,14,2119.144865334256
qLogEI,10,2,3,2,15,2119.144865334256
qLogEI,10,2,3,2,16,2119.144865334256
qLogEI,10,2,3,2,17,2119.144865334256
qLogEI,10,2,3,2,18,2119.144865334256
qLogEI,10,2,3,2,19,2119.144865334256
qLogEI,10,2,3,2,20,2119.144865334256
qLogEI,10,2,3,2,21,2119.144865334256
qLogEI,10,2,3,2,22,2119.144865334256
qLogEI,10,2,3,2,23,2119.144865334256
qLogEI,10,2,3,2,24,2119.144865334256
qLogEI,10,2,3,2,25,2119.144865334256
qLogEI,10,2,3,2,26,2119.144865334256
qLogEI,10,2,3,2,27,2119.144865334256
qLogEI,10,2,3,2,28,2119.144865334256
qLogEI,10,2,3,2,29,2119.144865334256
qLogEI,10,2,3,2,30,2119.144865334256
qLogEI,10,2,3,2,31,2119.144865334256
qLogEI,10,2,3,2,32,2119.144865334256
qLogEI,10,2,3,2,33,2119.144865334256
qLogEI,10,2,3,2,34,2119.144865334256
qLogEI,10,2,3,2,35,2119.144865334256
qLogEI,10,2,3,2,36,2119.144865334256
qLogEI,10,2,3,2,37,2119.144865334256
qLogEI,10,2,3,2,38,2119.144865334256
qLogEI,10,2,3,2,39,2119.144865334256
qLogEI,10,2,3,2,40,2119.144865334256
qLogEI,10,2,3,2,41,2119.144865334256
qLogEI,10,2,3,2,42,2119.144865334256
qLogEI,10,2,3,2,43,2119.144865334256
qLogEI,10,2,3,2,44,2119.144865334256
qLogEI,10,2,3,2,45,2119.144865334256
qLogEI,10,2,3,2,46,2119.144865334256
qLogEI,10,2,3,2,47,2119.144865334256
qLogEI,10,2,3,2,48,2119.144865334256
qLogEI,10,2,3,2,49,2119.144865334256
qLogEI,10,2,3,2,50,2119.144865334256
qLogEI,10,2,3,2,51,2119.144865334256
qLogEI,10,2,3,2,52,2119.144865334256
qLogEI,10,2,3,2,53,2119.144865334256
qLogEI,10,2,3,2,54,2119.144865334256
qLogEI,10,2,3,2,55,2119.144865334256
qLogEI,10,2,3,2,56,2119.144865334256
qLogEI,10,2,3,2,57,2119.144865334256
qLogEI,10,2,3,2,58,2119.144865334256
qLogEI,10,2,3,2,59,2119.144865334256
qLogEI,10,2,3,2,60,2119.144865334256
qLogEI,10,2,3,2,61,2119.144865334256
qLogEI,10,2,3,2,62,2119.144865334256
qLogEI,10,2,3,2,63,2119.144865334256
qLogEI,10,2,3,2,64,2119.144865334256
qLogEI,10,2,3,2,65,2119.144865334256
qLogEI,10,2,3,2,66,2119.144865334256
qLogEI,10,2,3,2,67,2119.144865334256
qLogEI,10,2,3,2,68,2119.144865334256
qLogEI,10,2,3,2,69,2119.144865334256
qLogEI,10,2,3,2,70,2119.144865334256
qLogEI,10,2,3,2,71,2119.144865334256
qLogEI,10,2,3,2,72,2119.144865334256
qLogEI,10,2,3,2,73,2119.144865334256
qLogEI,10,2,3,2,74,2119.144865334256
qLogEI,10,2,3,2,75,2119.144865334256
qLogEI,10,2,3,2,76,2119.144865334256
qLogEI,10,2,3,2,77,2119.144865334256
qLogEI,10,2,3,2,78,2119.144865334256
qLogEI,10,2,3,2,79,2119.144865334256
qLogEI,10,2,3,2,80,2119.144865334256
qLogEI,10,2,3,2,81,2119.144865334256
qLogEI,10,2,3,2,82,2119.144865334256
qLogEI,10,2,3,2,83,2119.144865334256
qLogEI,10,2,3,2,84,2119.144865334256
qLogEI,10,2,3,2,85,2119.144865334256
qLogEI,10,2,3,2,86,2119.144865334256
qLogEI,10,2,3,2,87,2119.144865334256
qLogEI,10,2,3,2,88,2119.144865334256
qLogEI,10,2,3,2,89,2119.144865334256
qLogEI,10,2,3,2,90,2119.144865334256
qLogEI,10,2,3,2,91,2119.144865334256
qLogEI,10,2,3,2,92,2119.144865334256
qLogEI,10,2,3,2,93,2119.144865334256
qLogEI,10,2,3,2,94,2119.144865334256
qLogEI,10,2,3,2,95,2119.144865334256
qLogEI,10,2,3,2,96,2119.144865334256
qLogEI,10,2,3,2,97,2119.144865334256
qLogEI,10,2,3,2,98,2119.144865334256
qLogEI,10,2,3,2,99,2119.144865334256
qLogEI,10,2,3,2,100,2119.144865334256
RL,10,2,3,2,1,2119.144865334256
RL,10,2,3,2,2,2119.144865334256
RL,10,2,3,2,3,2119.144865334256
RL,10,2,3,2,4,2119.144865334256
RL,10,2,3,2,5,2119.144865334256
RL,10,2,3,2,6,2119.144865334256
RL,10,2,3,2,7,2119.144865334256
RL,10,2,3,2,8,2119.144865334256
RL,10,2,3,2,9,2119.144865334256
RL,10,2,3,2,10,2119.144865334256
RL,10,2,3,2,11,2119.144865334256
RL,10,2,3,2,12,2119.144865334256
RL,10,2,3,2,13,2119.144865334256
RL,10,2,3,2,14,2119.144865334256
RL,10,2,3,2,15,2119.144865334256
RL,10,2,3,2,16,2119.144865334256
RL,10,2,3,2,17,2119.144865334256
RL,10,2,3,2,18,2119.144865334256
RL,10,2,3,2,19,2119.144865334256
RL,10,2,3,2,20,2119.144865334256
RL,10,2,3,2,21,2119.144865334256
RL,10,2,3,2,22,2119.144865334256
RL,10,2,3,2,23,2119.144865334256
RL,10,2,3,2,24,2119.144865334256
RL,10,2,3,2,25,2119.144865334256
RL,10,2,3,2,26,2119.144865334256
RL,10,2,3,2,27,2119.144865334256
RL,10,2,3,2,28,2119.144865334256
RL,10,2,3,2,29,2119.144865334256
RL,10,2,3,2,30,2119.144865334256
RL,10,2,3,2,31,2119.144865334256
RL,10,2,3,2,32,2119.144865334256
RL,10,2,3,2,33,2119.144865334256
RL,10,2,3,2,34,2119.144865334256
RL,10,2,3,2,35,2119.144865334256
RL,10,2,3,2,36,2119.144865334256
RL,10,2,3,2,37,2119.144865334256
RL,10,2,3,2,38,2119.144865334256
RL,10,2,3,2,39,2119.144865334256
RL,10,2,3,2,40,2119.144865334256
RL,10,2,3,2,41,2119.144865334256
RL,10,2,3,2,42,2119.144865334256
RL,10,2,3,2,43,2119.144865334256
RL,10,2,3,2,44,2119.144865334256
RL,10,2,3,2,45,2119.144865334256
RL,10,2,3,2,46,2119.144865334256
RL,10,2,3,2,47,2119.144865334256
RL,10,2,3,2,48,2119.144865334256
RL,10,2,3,2,49,2119.144865334256
RL,10,2,3,2,50,2119.144865334256
RL,10,2,3,2,51,2119.144865334256
RL,10,2,3,2,52,2119.144865334256
RL,10,2,3,2,53,2119.144865334256
RL,10,2,3,2,54,2119.144865334256
RL,10,2,3,2,55,2119.144865334256
RL,10,2,3,2,56,2119.144865334256
RL,10,2,3,2,57,2119.144865334256
RL,10,2,3,2,58,2119.144865334256
RL,10,2,3,2,59,2119.144865334256
RL,10,2,3,2,60,2119.144865334256
RL,10,2,3,2,61,2119.144865334256
RL,10,2,3,2,62,2119.144865334256
RL,10,2,3,2,63,2119.144865334256
RL,10,2,3,2,64,2119.144865334256
RL,10,2,3,2,65,2119.144865334256
RL,10,2,3,2,66,2119.144865334256
RL,10,2,3,2,67,2119.144865334256
RL,10,2,3,2,68,2119.144865334256
RL,10,2,3,2,69,2119.144865334256
RL,10,2,3,2,70,2119.144865334256
RL,10,2,3,2,71,2119.144865334256
RL,10,2,3,2,72,2119.144865334256
RL,10,2,3,2,73,2119.144865334256
RL,10,2,3,2,74,2119.144865334256
RL,10,2,3,2,75,2119.144865334256
RL,10,2,3,2,76,2119.144865334256
RL,10,2,3,2,77,2119.144865334256
RL,10,2,3,2,78,2119.144865334256
RL,10,2,3,2,79,2119.144865334256
RL,10,2,3,2,80,2119.144865334256
RL,10,2,3,2,81,2119.144865334256
RL,10,2,3,2,82,2119.144865334256
RL,10,2,3,2,83,2119.144865334256
RL,10,2,3,2,84,2119.144865334256
RL,10,2,3,2,85,2119.144865334256
RL,10,2,3,2,86,2119.144865334256
RL,10,2,3,2,87,2119.144865334256
RL,10,2,3,2,88,2119.144865334256
RL,10,2,3,2,89,2119.144865334256
RL,10,2,3,2,90,2119.144865334256
RL,10,2,3,2,91,2119.144865334256
RL,10,2,3,2,92,2119.144865334256
RL,10,2,3,2,93,2119.144865334256
RL,10,2,3,2,94,2119.144865334256
RL,10,2,3,2,95,2119.144865334256
RL,10,2,3,2,96,2119.144865334256
RL,10,2,3,2,97,2119.144865334256
RL,10,2,3,2,98,2119.144865334256
RL,10,2,3,2,99,2119.144865334256
RL,10,2,3,2,100,2119.144865334256
Random,10,2,3,3,1,inf
Random,10,2,3,3,2,inf
Random,10,2,3,3,3,inf
Random,10,2,3,3,4,inf
Random,10,2,3,3,5,inf
Random,10,2,3,3,6,inf
Random,10,2,3,3,7,inf
Random,10,2,3,3,8,inf
Random,10,2,3,3,9,inf
Random,10,2,3,3,10,inf
Random,10,2,3,3,11,inf
Random,10,2,3,3,12,inf
Random,10,2,3,3,13,2012.444647898551
Random,10,2,3,3,14,2012.444647898551
Random,10,2,3,3,15,2012.444647898551
Random,10,2,3,3,16,2012.444647898551
Random,10,2,3,3,17,2012.444647898551
Random,10,2,3,3,18,2012.444647898551
Random,10,2,3,3,19,2012.444647898551
Random,10,2,3,3,20,2012.444647898551
Random,10,2,3,3,21,2012.444647898551
Random,10,2,3,3,22,2012.444647898551
Random,10,2,3,3,23,2012.444647898551
Random,10,2,3,3,24,2012.444647898551
Random,10,2,3,3,25,2012.444647898551
Random,10,2,3,3,26,1298.1957277792453
Random,10,2,3,3,27,1298.1957277792453
Random,10,2,3,3,28,1298.1957277792453
Random,10,2,3,3,29,1298.1957277792453
Random,10,2,3,3,30,1298.1957277792453
Random,10,2,3,3,31,1298.1957277792453
Random,10,2,3,3,32,1298.1957277792453
Random,10,2,3,3,33,1298.1957277792453
Random,10,2,3,3,34,1298.1957277792453
Random,10,2,3,3,35,1298.1957277792453
Random,10,2,3,3,36,1298.1957277792453
Random,10,2,3,3,37,1298.1957277792453
Random,10,2,3,3,38,1298.1957277792453
Random,10,2,3,3,39,1298.1957277792453
Random,10,2,3,3,40,1298.1957277792453
Random,10,2,3,3,41,1298.1957277792453
Random,10,2,3,3,42,1298.1957277792453
Random,10,2,3,3,43,1298.1957277792453
Random,10,2,3,3,44,1298.1957277792453
Random,10,2,3,3,45,1298.1957277792453
Random,10,2,3,3,46,1298.1957277792453
Random,10,2,3,3,47,1298.1957277792453
Random,10,2,3,3,48,1298.1957277792453
Random,10,2,3,3,49,1298.1957277792453
Random,10,2,3,3,50,1298.1957277792453
Random,10,2,3,3,51,1298.1957277792453
Random,10,2,3,3,52,1298.1957277792453
Random,10,2,3,3,53,1298.1957277792453
Random,10,2,3,3,54,1298.1957277792453
Random,10,2,3,3,55,1298.1957277792453
Random,10,2,3,3,56,1298.1957277792453
Random,10,2,3,3,57,1298.1957277792453
Random,10,2,3,3,58,1298.1957277792453
Random,10,2,3,3,59,1298.1957277792453
Random,10,2,3,3,60,1298.1957277792453
Random,10,2,3,3,61,1298.1957277792453
Random,10,2,3,3,62,1298.1957277792453
Random,10,2,3,3,63,1298.1957277792453
Random,10,2,3,3,64,1298.1957277792453
Random,10,2,3,3,65,1298.1957277792453
Random,10,2,3,3,66,1298.1957277792453
Random,10,2,3,3,67,1298.1957277792453
Random,10,2,3,3,68,1298.1957277792453
Random,10,2,3,3,69,1298.1957277792453
Random,10,2,3,3,70,1298.1957277792453
Random,10,2,3,3,71,1298.1957277792453
Random,10,2,3,3,72,1298.1957277792453
Random,10,2,3,3,73,1298.1957277792453
Random,10,2,3,3,74,1298.1957277792453
Random,10,2,3,3,75,1298.1957277792453
Random,10,2,3,3,76,1298.1957277792453
Random,10,2,3,3,77,1298.1957277792453
Random,10,2,3,3,78,1298.1957277792453
Random,10,2,3,3,79,1298.1957277792453
Random,10,2,3,3,80,1298.1957277792453
Random,10,2,3,3,81,1298.1957277792453
Random,10,2,3,3,82,1298.1957277792453
Random,10,2,3,3,83,1298.1957277792453
Random,10,2,3,3,84,1298.1957277792453
Random,10,2,3,3,85,1298.1957277792453
Random,10,2,3,3,86,1298.1957277792453
Random,10,2,3,3,87,1298.1957277792453
Random,10,2,3,3,88,1298.1957277792453
Random,10,2,3,3,89,1298.1957277792453
Random,10,2,3,3,90,1298.1957277792453
Random,10,2,3,3,91,1298.1957277792453
Random,10,2,3,3,92,1298.1957277792453
Random,10,2,3,3,93,1298.1957277792453
Random,10,2,3,3,94,1298.1957277792453
Random,10,2,3,3,95,1298.1957277792453
Random,10,2,3,3,96,1298.1957277792453
Random,10,2,3,3,97,1298.1957277792453
Random,10,2,3,3,98,1298.1957277792453
Random,10,2,3,3,99,1298.1957277792453
Random,10,2,3,3,100,1298.1957277792453
qLogEI,10,2,3,3,1,inf
qLogEI,10,2,3,3,2,inf
qLogEI,10,2,3,3,3,inf
qLogEI,10,2,3,3,4,inf
qLogEI,10,2,3,3,5,inf
qLogEI,10,2,3,3,6,inf
qLogEI,10,2,3,3,7,inf
qLogEI,10,2,3,3,8,inf
qLogEI,10,2,3,3,9,inf
qLogEI,10,2,3,3,10,inf
qLogEI,10,2,3,3,11,inf
qLogEI,10,2,3,3,12,inf
qLogEI,10,2,3,3,13,2012.444647898551
qLogEI,10,2,3,3,14,2012.444647898551
qLogEI,10,2,3,3,15,2012.444647898551
qLogEI,10,2,3,3,16,2012.444647898551
qLogEI,10,2,3,3,17,2012.444647898551
qLogEI,10,2,3,3,18,2012.444647898551
qLogEI,10,2,3,3,19,2012.444647898551
qLogEI,10,2,3,3,20,2012.444647898551
qLogEI,10,2,3,3,21,2012.444647898551
qLogEI,10,2,3,3,22,2012.444647898551
qLogEI,10,2,3,3,23,2012.444647898551
qLogEI,10,2,3,3,24,2012.444647898551
qLogEI,10,2,3,3,25,2012.444647898551
qLogEI,10,2,3,3,26,2012.444647898551
qLogEI,10,2,3,3,27,2012.444647898551
qLogEI,10,2,3,3,28,2012.444647898551
qLogEI,10,2,3,3,29,2012.444647898551
qLogEI,10,2,3,3,30,2012.444647898551
qLogEI,10,2,3,3,31,2012.444647898551
qLogEI,10,2,3,3,32,2012.444647898551
qLogEI,10,2,3,3,33,2012.444647898551
qLogEI,10,2,3,3,34,2012.444647898551
qLogEI,10,2,3,3,35,2012.444647898551
qLogEI,10,2,3,3,36,2012.444647898551
qLogEI,10,2,3,3,37,2012.444647898551
qLogEI,10,2,3,3,38,2012.444647898551
qLogEI,10,2,3,3,39,2012.444647898551
qLogEI,10,2,3,3,40,2012.444647898551
qLogEI,10,2,3,3,41,2012.444647898551
qLogEI,10,2,3,3,42,2012.444647898551
qLogEI,10,2,3,3,43,2012.444647898551
qLogEI,10,2,3,3,44,2012.444647898551
qLogEI,10,2,3,3,45,2012.444647898551
qLogEI,10,2,3,3,46,2012.444647898551
qLogEI,10,2,3,3,47,2012.444647898551
qLogEI,10,2,3,3,48,2012.444647898551
qLogEI,10,2,3,3,49,2012.444647898551
qLogEI,10,2,3,3,50,2012.444647898551
qLogEI,10,2,3,3,51,2012.444647898551
qLogEI,10,2,3,3,52,2012.444647898551
qLogEI,10,2,3,3,53,2012.444647898551
qLogEI,10,2,3,3,54,2012.444647898551
qLogEI,10,2,3,3,55,2012.444647898551
qLogEI,10,2,3,3,56,2012.444647898551
qLogEI,10,2,3,3,57,2012.444647898551
qLogEI,10,2,3,3,58,2012.444647898551
qLogEI,10,2,3,3,59,2012.444647898551
qLogEI,10,2,3,3,60,2012.444647898551
qLogEI,10,2,3,3,61,2012.444647898551
qLogEI,10,2,3,3,62,2012.444647898551
qLogEI,10,2,3,3,63,2012.444647898551
qLogEI,10,2,3,3,64,2012.444647898551
qLogEI,10,2,3,3,65,2012.444647898551
qLogEI,10,2,3,3,66,2012.444647898551
qLogEI,10,2,3,3,67,2012.444647898551
qLogEI,10,2,3,3,68,2012.444647898551
qLogEI,10,2,3,3,69,2012.444647898551
qLogEI,10,2,3,3,70,2012.444647898551
qLogEI,10,2,3,3,71,2012.444647898551
qLogEI,10,2,3,3,72,2012.444647898551
qLogEI,10,2,3,3,73,2012.444647898551
qLogEI,10,2,3,3,74,2012.444647898551
qLogEI,10,2,3,3,75,2012.444647898551
qLogEI,10,2,3,3,76,2012.444647898551
qLogEI,10,2,3,3,77,2012.444647898551
qLogEI,10,2,3,3,78,2012.444647898551
qLogEI,10,2,3,3,79,2012.444647898551
qLogEI,10,2,3,3,80,2012.444647898551
qLogEI,10,2,3,3,81,2012.444647898551
qLogEI,10,2,3,3,82,2012.444647898551
qLogEI,10,2,3,3,83,2012.444647898551
qLogEI,10,2,3,3,84,2012.444647898551
qLogEI,10,2,3,3,85,2012.444647898551
qLogEI,10,2,3,3,86,2012.444647898551
qLogEI,10,2,3,3,87,2012.444647898551
qLogEI,10,2,3,3,88,2012.444647898551
qLogEI,10,2,3,3,89,2012.444647898551
qLogEI,10,2,3,3,90,2012.444647898551
qLogEI,10,2,3,3,91,2012.444647898551
qLogEI,10,2,3,3,92,2012.444647898551
qLogEI,10,2,3,3,93,2012.444647898551
qLogEI,10,2,3,3,94,2012.444647898551
qLogEI,10,2,3,3,95,2012.444647898551
qLogEI,10,2,3,3,96,2012.444647898551
qLogEI,10,2,3,3,97,2012.444647898551
qLogEI,10,2,3,3,98,2012.444647898551
qLogEI,10,2,3,3,99,2012.444647898551
qLogEI,10,2,3,3,100,2012.444647898551
RL,10,2,3,3,1,inf
RL,10,2,3,3,2,inf
RL,10,2,3,3,3,inf
RL,10,2,3,3,4,inf
RL,10,2,3,3,5,inf
RL,10,2,3,3,6,inf
RL,10,2,3,3,7,inf
RL,10,2,3,3,8,inf
RL,10,2,3,3,9,inf
RL,10,2,3,3,10,inf
RL,10,2,3,3,11,inf
RL,10,2,3,3,12,inf
RL,10,2,3,3,13,2012.444647898551
RL,10,2,3,3,14,2012.444647898551
RL,10,2,3,3,15,2012.444647898551
RL,10,2,3,3,16,2012.444647898551
RL,10,2,3,3,17,2012.444647898551
RL,10,2,3,3,18,2012.444647898551
RL,10,2,3,3,19,2012.444647898551
RL,10,2,3,3,20,2012.444647898551
RL,10,2,3,3,21,2012.444647898551
RL,10,2,3,3,22,2012.444647898551
RL,10,2,3,3,23,2012.444647898551
RL,10,2,3,3,24,2012.444647898551
RL,10,2,3,3,25,2012.444647898551
RL,10,2,3,3,26,2012.444647898551
RL,10,2,3,3,27,2012.444647898551
RL,10,2,3,3,28,2012.444647898551
RL,10,2,3,3,29,2012.444647898551
RL,10,2,3,3,30,2012.444647898551
RL,10,2,3,3,31,2012.444647898551
RL,10,2,3,3,32,2012.444647898551
RL,10,2,3,3,33,2012.444647898551
RL,10,2,3,3,34,2012.444647898551
RL,10,2,3,3,35,2012.444647898551
RL,10,2,3,3,36,2012.444647898551
RL,10,2,3,3,37,2012.444647898551
RL,10,2,3,3,38,2012.444647898551
RL,10,2,3,3,39,2012.444647898551
RL,10,2,3,3,40,2012.444647898551
RL,10,2,3,3,41,2012.444647898551
RL,10,2,3,3,42,2012.444647898551
RL,10,2,3,3,43,2012.444647898551
RL,10,2,3,3,44,2012.444647898551
RL,10,2,3,3,45,2012.444647898551
RL,10,2,3,3,46,2012.444647898551
RL,10,2,3,3,47,2012.444647898551
RL,10,2,3,3,48,2012.444647898551
RL,10,2,3,3,49,2012.444647898551
RL,10,2,3,3,50,2012.444647898551
RL,10,2,3,3,51,2012.444647898551
RL,10,2,3,3,52,2012.444647898551
RL,10,2,3,3,53,2012.444647898551
RL,10,2,3,3,54,2012.444647898551
RL,10,2,3,3,55,2012.444647898551
RL,10,2,3,3,56,2012.444647898551
RL,10,2,3,3,57,2012.444647898551
RL,10,2,3,3,58,2012.444647898551
RL,10,2,3,3,59,2012.444647898551
RL,10,2,3,3,60,2012.444647898551
RL,10,2,3,3,61,2012.444647898551
RL,10,2,3,3,62,2012.444647898551
RL,10,2,3,3,63,2012.444647898551
RL,10,2,3,3,64,2012.444647898551
RL,10,2,3,3,65,2012.444647898551
RL,10,2,3,3,66,2012.444647898551
RL,10,2,3,3,67,2012.444647898551
RL,10,2,3,3,68,2012.444647898551
RL,10,2,3,3,69,2012.444647898551
RL,10,2,3,3,70,2012.444647898551
RL,10,2,3,3,71,2012.444647898551
RL,10,2,3,3,72,2012.444647898551
RL,10,2,3,3,73,2012.444647898551
RL,10,2,3,3,74,2012.444647898551
RL,10,2,3,3,75,2012.444647898551
RL,10,2,3,3,76,2012.444647898551
RL,10,2,3,3,77,2012.444647898551
RL,10,2,3,3,78,2012.444647898551
RL,10,2,3,3,79,2012.444647898551
RL,10,2,3,3,80,2012.444647898551
RL,10,2,3,3,81,2012.444647898551
RL,10,2,3,3,82,2012.444647898551
RL,10,2,3,3,83,2012.444647898551
RL,10,2,3,3,84,2012.444647898551
RL,10,2,3,3,85,2012.444647898551
RL,10,2,3,3,86,2012.444647898551
RL,10,2,3,3,87,2012.444647898551
RL,10,2,3,3,88,2012.444647898551
RL,10,2,3,3,89,2012.444647898551
RL,10,2,3,3,90,2012.444647898551
RL,10,2,3,3,91,2012.444647898551
RL,10,2,3,3,92,2012.444647898551
RL,10,2,3,3,93,2012.444647898551
RL,10,2,3,3,94,2012.444647898551
RL,10,2,3,3,95,2012.444647898551
RL,10,2,3,3,96,2012.444647898551
RL,10,2,3,3,97,2012.444647898551
RL,10,2,3,3,98,2012.444647898551
RL,10,2,3,3,99,2012.444647898551
RL,10,2,3,3,100,2012.444647898551
Random,10,2,3,4,1,inf
Random,10,2,3,4,2,inf
Random,10,2,3,4,3,inf
Random,10,2,3,4,4,inf
Random,10,2,3,4,5,inf
Random,10,2,3,4,6,inf
Random,10,2,3,4,7,inf
Random,10,2,3,4,8,inf
Random,10,2,3,4,9,inf
Random,10,2,3,4,10,inf
Random,10,2,3,4,11,inf
Random,10,2,3,4,12,inf
Random,10,2,3,4,13,inf
Random,10,2,3,4,14,inf
Random,10,2,3,4,15,inf
Random,10,2,3,4,16,inf
Random,10,2,3,4,17,inf
Random,10,2,3,4,18,inf
Random,10,2,3,4,19,inf
Random,10,2,3,4,20,inf
Random,10,2,3,4,21,inf
Random,10,2,3,4,22,inf
Random,10,2,3,4,23,inf
Random,10,2,3,4,24,inf
Random,10,2,3,4,25,inf
Random,10,2,3,4,26,inf
Random,10,2,3,4,27,inf
Random,10,2,3,4,28,inf
Random,10,2,3,4,29,inf
Random,10,2,3,4,30,inf
Random,10,2,3,4,31,inf
Random,10,2,3,4,32,inf
Random,10,2,3,4,33,inf
Random,10,2,3,4,34,inf
Random,10,2,3,4,35,inf
Random,10,2,3,4,36,inf
Random,10,2,3,4,37,inf
Random,10,2,3,4,38,inf
Random,10,2,3,4,39,inf
Random,10,2,3,4,40,inf
Random,10,2,3,4,41,inf
Random,10,2,3,4,42,inf
Random,10,2,3,4,43,inf
Random,10,2,3,4,44,inf
Random,10,2,3,4,45,inf
Random,10,2,3,4,46,inf
Random,10,2,3,4,47,inf
Random,10,2,3,4,48,inf
Random,10,2,3,4,49,inf
Random,10,2,3,4,50,1170.8465471366671
Random,10,2,3,4,51,1170.8465471366671
Random,10,2,3,4,52,1170.8465471366671
Random,10,2,3,4,53,1170.8465471366671
Random,10,2,3,4,54,1170.8465471366671
Random,10,2,3,4,55,1170.8465471366671
Random,10,2,3,4,56,1170.8465471366671
Random,10,2,3,4,57,1170.8465471366671
Random,10,2,3,4,58,1170.8465471366671
Random,10,2,3,4,59,1170.8465471366671
Random,10,2,3,4,60,1170.8465471366671
Random,10,2,3,4,61,1170.8465471366671
Random,10,2,3,4,62,1170.8465471366671
Random,10,2,3,4,63,1170.8465471366671
Random,10,2,3,4,64,1170.8465471366671
Random,10,2,3,4,65,1170.8465471366671
Random,10,2,3,4,66,1170.8465471366671
Random,10,2,3,4,67,1170.8465471366671
Random,10,2,3,4,68,1170.8465471366671
Random,10,2,3,4,69,1170.8465471366671
Random,10,2,3,4,70,1170.8465471366671
Random,10,2,3,4,71,1170.8465471366671
Random,10,2,3,4,72,1170.8465471366671
Random,10,2,3,4,73,1170.8465471366671
Random,10,2,3,4,74,1170.8465471366671
Random,10,2,3,4,75,1170.8465471366671
Random,10,2,3,4,76,1170.8465471366671
Random,10,2,3,4,77,1170.8465471366671
Random,10,2,3,4,78,1170.8465471366671
Random,10,2,3,4,79,1170.8465471366671
Random,10,2,3,4,80,1170.8465471366671
Random,10,2,3,4,81,1170.8465471366671
Random,10,2,3,4,82,1170.8465471366671
Random,10,2,3,4,83,1135.7255933270808
Random,10,2,3,4,84,1135.7255933270808
Random,10,2,3,4,85,1135.7255933270808
Random,10,2,3,4,86,1135.7255933270808
Random,10,2,3,4,87,1135.7255933270808
Random,10,2,3,4,88,1135.7255933270808
Random,10,2,3,4,89,1135.7255933270808
Random,10,2,3,4,90,1135.7255933270808
Random,10,2,3,4,91,1135.7255933270808
Random,10,2,3,4,92,1135.7255933270808
Random,10,2,3,4,93,1135.7255933270808
Random,10,2,3,4,94,1135.7255933270808
Random,10,2,3,4,95,1135.7255933270808
Random,10,2,3,4,96,1135.7255933270808
Random,10,2,3,4,97,1135.7255933270808
Random,10,2,3,4,98,1135.7255933270808
Random,10,2,3,4,99,1135.7255933270808
Random,10,2,3,4,100,1135.7255933270808
qLogEI,10,2,3,4,1,inf
qLogEI,10,2,3,4,2,inf
qLogEI,10,2,3,4,3,inf
qLogEI,10,2,3,4,4,inf
qLogEI,10,2,3,4,5,inf
qLogEI,10,2,3,4,6,inf
qLogEI,10,2,3,4,7,inf
qLogEI,10,2,3,4,8,inf
qLogEI,10,2,3,4,9,inf
qLogEI,10,2,3,4,10,inf
qLogEI,10,2,3,4,11,inf
qLogEI,10,2,3,4,12,inf
qLogEI,10,2,3,4,13,inf
qLogEI,10,2,3,4,14,inf
qLogEI,10,2,3,4,15,inf
qLogEI,10,2,3,4,16,inf
qLogEI,10,2,3,4,17,inf
qLogEI,10,2,3,4,18,inf
qLogEI,10,2,3,4,19,inf
qLogEI,10,2,3,4,20,inf
qLogEI,10,2,3,4,21,inf
qLogEI,10,2,3,4,22,inf
qLogEI,10,2,3,4,23,inf
qLogEI,10,2,3,4,24,inf
qLogEI,10,2,3,4,25,inf
qLogEI,10,2,3,4,26,inf
qLogEI,10,2,3,4,27,inf
qLogEI,10,2,3,4,28,inf
qLogEI,10,2,3,4,29,inf
qLogEI,10,2,3,4,30,inf
qLogEI,10,2,3,4,31,inf
qLogEI,10,2,3,4,32,inf
qLogEI,10,2,3,4,33,inf
qLogEI,10,2,3,4,34,inf
qLogEI,10,2,3,4,35,inf
qLogEI,10,2,3,4,36,inf
qLogEI,10,2,3,4,37,inf
qLogEI,10,2,3,4,38,inf
qLogEI,10,2,3,4,39,inf
qLogEI,10,2,3,4,40,inf
qLogEI,10,2,3,4,41,inf
qLogEI,10,2,3,4,42,inf
qLogEI,10,2,3,4,43,inf
qLogEI,10,2,3,4,44,inf
qLogEI,10,2,3,4,45,inf
qLogEI,10,2,3,4,46,inf
qLogEI,10,2,3,4,47,inf
qLogEI,10,2,3,4,48,inf
qLogEI,10,2,3,4,49,inf
qLogEI,10,2,3,4,50,inf
qLogEI,10,2,3,4,51,inf
qLogEI,10,2,3,4,52,inf
qLogEI,10,2,3,4,53,inf
qLogEI,10,2,3,4,54,inf
qLogEI,10,2,3,4,55,inf
qLogEI,10,2,3,4,56,inf
qLogEI,10,2,3,4,57,inf
qLogEI,10,2,3,4,58,inf
qLogEI,10,2,3,4,59,inf
qLogEI,10,2,3,4,60,inf
qLogEI,10,2,3,4,61,inf
qLogEI,10,2,3,4,62,inf
qLogEI,10,2,3,4,63,inf
qLogEI,10,2,3,4,64,inf
qLogEI,10,2,3,4,65,inf
qLogEI,10,2,3,4,66,inf
qLogEI,10,2,3,4,67,inf
qLogEI,10,2,3,4,68,inf
qLogEI,10,2,3,4,69,inf
qLogEI,10,2,3,4,70,inf
qLogEI,10,2,3,4,71,inf
qLogEI,10,2,3,4,72,inf
qLogEI,10,2,3,4,73,inf
qLogEI,10,2,3,4,74,inf
qLogEI,10,2,3,4,75,inf
qLogEI,10,2,3,4,76,inf
qLogEI,10,2,3,4,77,inf
qLogEI,10,2,3,4,78,inf
qLogEI,10,2,3,4,79,inf
qLogEI,10,2,3,4,80,inf
qLogEI,10,2,3,4,81,inf
qLogEI,10,2,3,4,82,inf
qLogEI,10,2,3,4,83,inf
qLogEI,10,2,3,4,84,inf
qLogEI,10,2,3,4,85,inf
qLogEI,10,2,3,4,86,inf
qLogEI,10,2,3,4,87,inf
qLogEI,10,2,3,4,88,inf
qLogEI,10,2,3,4,89,inf
qLogEI,10,2,3,4,90,inf
qLogEI,10,2,3,4,91,inf
qLogEI,10,2,3,4,92,inf
qLogEI,10,2,3,4,93,inf
qLogEI,10,2,3,4,94,inf
qLogEI,10,2,3,4,95,inf
qLogEI,10,2,3,4,96,inf
qLogEI,10,2,3,4,97,inf
qLogEI,10,2,3,4,98,inf
qLogEI,10,2,3,4,99,inf
qLogEI,10,2,3,4,100,inf
RL,10,2,3,4,1,inf
RL,10,2,3,4,2,inf
RL,10,2,3,4,3,inf
RL,10,2,3,4,4,inf
RL,10,2,3,4,5,inf
RL,10,2,3,4,6,inf
RL,10,2,3,4,7,inf
RL,10,2,3,4,8,inf
RL,10,2,3,4,9,inf
RL,10,2,3,4,10,inf
RL,10,2,3,4,11,inf
RL,10,2,3,4,12,inf
RL,10,2,3,4,13,inf
RL,10,2,3,4,14,inf
RL,10,2,3,4,15,inf
RL,10,2,3,4,16,inf
RL,10,2,3,4,17,inf
RL,10,2,3,4,18,inf
RL,10,2,3,4,19,inf
RL,10,2,3,4,20,inf
RL,10,2,3,4,21,inf
RL,10,2,3,4,22,inf
RL,10,2,3,4,23,inf
RL,10,2,3,4,24,inf
RL,10,2,3,4,25,inf
RL,10,2,3,4,26,inf
RL,10,2,3,4,27,inf
RL,10,2,3,4,28,inf
RL,10,2,3,4,29,inf
RL,10,2,3,4,30,inf
RL,10,2,3,4,31,inf
RL,10,2,3,4,32,inf
RL,10,2,3,4,33,inf
RL,10,2,3,4,34,inf
RL,10,2,3,4,35,inf
RL,10,2,3,4,36,inf
RL,10,2,3,4,37,inf
RL,10,2,3,4,38,inf
RL,10,2,3,4,39,inf
RL,10,2,3,4,40,inf
RL,10,2,3,4,41,inf
RL,10,2,3,4,42,inf
RL,10,2,3,4,43,inf
RL,10,2,3,4,44,inf
RL,10,2,3,4,45,inf
RL,10,2,3,4,46,inf
RL,10,2,3,4,47,inf
RL,10,2,3,4,48,inf
RL,10,2,3,4,49,inf
RL,10,2,3,4,50,inf
RL,10,2,3,4,51,inf
RL,10,2,3,4,52,inf
RL,10,2,3,4,53,inf
RL,10,2,3,4,54,inf
RL,10,2,3,4,55,inf
RL,10,2,3,4,56,inf
RL,10,2,3,4,57,inf
RL,10,2,3,4,58,inf
RL,10,2,3,4,59,inf
RL,10,2,3,4,60,inf
RL,10,2,3,4,61,inf
RL,10,2,3,4,62,inf
RL,10,2,3,4,63,inf
RL,10,2,3,4,64,inf
RL,10,2,3,4,65,inf
RL,10,2,3,4,66,inf
RL,10,2,3,4,67,inf
RL,10,2,3,4,68,inf
RL,10,2,3,4,69,inf
RL,10,2,3,4,70,inf
RL,10,2,3,4,71,inf
RL,10,2,3,4,72,inf
RL,10,2,3,4,73,inf
RL,10,2,3,4,74,inf
RL,10,2,3,4,75,inf
RL,10,2,3,4,76,inf
RL,10,2,3,4,77,inf
RL,10,2,3,4,78,inf
RL,10,2,3,4,79,inf
RL,10,2,3,4,80,inf
RL,10,2,3,4,81,inf
RL,10,2,3,4,82,inf
RL,10,2,3,4,83,inf
RL,10,2,3,4,84,inf
RL,10,2,3,4,85,inf
RL,10,2,3,4,86,inf
RL,10,2,3,4,87,inf
RL,10,2,3,4,88,inf
RL,10,2,3,4,89,inf
RL,10,2,3,4,90,inf
RL,10,2,3,4,91,inf
RL,10,2,3,4,92,inf
RL,10,2,3,4,93,inf
RL,10,2,3,4,94,inf
RL,10,2,3,4,95,inf
RL,10,2,3,4,96,inf
RL,10,2,3,4,97,inf
RL,10,2,3,4,98,inf
RL,10,2,3,4,99,inf
RL,10,2,3,4,100,inf
Random,10,4,1,0,1,inf
Random,10,4,1,0,2,inf
Random,10,4,1,0,3,inf
Random,10,4,1,0,4,inf
Random,10,4,1,0,5,inf
Random,10,4,1,0,6,inf
Random,10,4,1,0,7,inf
Random,10,4,1,0,8,inf
Random,10,4,1,0,9,inf
Random,10,4,1,0,10,inf
Random,10,4,1,0,11,inf
Random,10,4,1,0,12,inf
Random,10,4,1,0,13,inf
Random,10,4,1,0,14,inf
Random,10,4,1,0,15,inf
Random,10,4,1,0,16,inf
Random,10,4,1,0,17,inf
Random,10,4,1,0,18,inf
Random,10,4,1,0,19,inf
Random,10,4,1,0,20,inf
Random,10,4,1,0,21,inf
Random,10,4,1,0,22,inf
Random,10,4,1,0,23,inf
Random,10,4,1,0,24,inf
Random,10,4,1,0,25,inf
Random,10,4,1,0,26,inf
Random,10,4,1,0,27,inf
Random,10,4,1,0,28,inf
Random,10,4,1,0,29,inf
Random,10,4,1,0,30,inf
Random,10,4,1,0,31,inf
Random,10,4,1,0,32,inf
Random,10,4,1,0,33,inf
Random,10,4,1,0,34,inf
Random,10,4,1,0,35,inf
Random,10,4,1,0,36,inf
Random,10,4,1,0,37,inf
Random,10,4,1,0,38,inf
Random,10,4,1,0,39,inf
Random,10,4,1,0,40,inf
Random,10,4,1,0,41,inf
Random,10,4,1,0,42,inf
Random,10,4,1,0,43,inf
Random,10,4,1,0,44,inf
Random,10,4,1,0,45,inf
Random,10,4,1,0,46,inf
Random,10,4,1,0,47,inf
Random,10,4,1,0,48,inf
Random,10,4,1,0,49,inf
Random,10,4,1,0,50,inf
Random,10,4,1,0,51,inf
Random,10,4,1,0,52,inf
Random,10,4,1,0,53,inf
Random,10,4,1,0,54,inf
Random,10,4,1,0,55,inf
Random,10,4,1,0,56,inf
Random,10,4,1,0,57,inf
Random,10,4,1,0,58,inf
Random,10,4,1,0,59,inf
Random,10,4,1,0,60,inf
Random,10,4,1,0,61,inf
Random,10,4,1,0,62,inf
Random,10,4,1,0,63,inf
Random,10,4,1,0,64,inf
Random,10,4,1,0,65,inf
Random,10,4,1,0,66,inf
Random,10,4,1,0,67,inf
Random,10,4,1,0,68,inf
Random,10,4,1,0,69,inf
Random,10,4,1,0,70,inf
Random,10,4,1,0,71,inf
Random,10,4,1,0,72,inf
Random,10,4,1,0,73,inf
Random,10,4,1,0,74,inf
Random,10,4,1,0,75,inf
Random,10,4,1,0,76,inf
Random,10,4,1,0,77,inf
Random,10,4,1,0,78,inf
Random,10,4,1,0,79,inf
Random,10,4,1,0,80,inf
Random,10,4,1,0,81,inf
Random,10,4,1,0,82,inf
Random,10,4,1,0,83,inf
Random,10,4,1,0,84,inf
Random,10,4,1,0,85,inf
Random,10,4,1,0,86,inf
Random,10,4,1,0,87,inf
Random,10,4,1,0,88,inf
Random,10,4,1,0,89,inf
Random,10,4,1,0,90,inf
Random,10,4,1,0,91,inf
Random,10,4,1,0,92,inf
Random,10,4,1,0,93,inf
Random,10,4,1,0,94,inf
Random,10,4,1,0,95,inf
Random,10,4,1,0,96,inf
Random,10,4,1,0,97,inf
Random,10,4,1,0,98,inf
Random,10,4,1,0,99,inf
Random,10,4,1,0,100,inf
qLogEI,10,4,1,0,1,inf
qLogEI,10,4,1,0,2,inf
qLogEI,10,4,1,0,3,inf
qLogEI,10,4,1,0,4,inf
qLogEI,10,4,1,0,5,inf
qLogEI,10,4,1,0,6,inf
qLogEI,10,4,1,0,7,inf
qLogEI,10,4,1,0,8,inf
qLogEI,10,4,1,0,9,inf
qLogEI,10,4,1,0,10,inf
qLogEI,10,4,1,0,11,inf
qLogEI,10,4,1,0,12,inf
qLogEI,10,4,1,0,13,inf
qLogEI,10,4,1,0,14,inf
qLogEI,10,4,1,0,15,inf
qLogEI,10,4,1,0,16,inf
qLogEI,10,4,1,0,17,inf
qLogEI,10,4,1,0,18,inf
qLogEI,10,4,1,0,19,inf
qLogEI,10,4,1,0,20,inf
qLogEI,10,4,1,0,21,inf
qLogEI,10,4,1,0,22,inf
qLogEI,10,4,1,0,23,inf
qLogEI,10,4,1,0,24,inf
qLogEI,10,4,1,0,25,inf
qLogEI,10,4,1,0,26,inf
qLogEI,10,4,1,0,27,inf
qLogEI,10,4,1,0,28,inf
qLogEI,10,4,1,0,29,inf
qLogEI,10,4,1,0,30,inf
qLogEI,10,4,1,0,31,inf
qLogEI,10,4,1,0,32,inf
qLogEI,10,4,1,0,33,inf
qLogEI,10,4,1,0,34,inf
qLogEI,10,4,1,0,35,inf
qLogEI,10,4,1,0,36,inf
qLogEI,10,4,1,0,37,inf
qLogEI,10,4,1,0,38,inf
qLogEI,10,4,1,0,39,inf
qLogEI,10,4,1,0,40,inf
qLogEI,10,4,1,0,41,inf
qLogEI,10,4,1,0,42,inf
qLogEI,10,4,1,0,43,inf
qLogEI,10,4,1,0,44,inf
qLogEI,10,4,1,0,45,inf
qLogEI,10,4,1,0,46,inf
qLogEI,10,4,1,0,47,inf
qLogEI,10,4,1,0,48,inf
qLogEI,10,4,1,0,49,inf
qLogEI,10,4,1,0,50,inf
qLogEI,10,4,1,0,51,inf
qLogEI,10,4,1,0,52,inf
qLogEI,10,4,1,0,53,inf
qLogEI,10,4,1,0,54,inf
qLogEI,10,4,1,0,55,inf
qLogEI,10,4,1,0,56,inf
qLogEI,10,4,1,0,57,inf
qLogEI,10,4,1,0,58,inf
qLogEI,10,4,1,0,59,inf
qLogEI,10,4,1,0,60,inf
qLogEI,10,4,1,0,61,inf
qLogEI,10,4,1,0,62,inf
qLogEI,10,4,1,0,63,inf
qLogEI,10,4,1,0,64,inf
qLogEI,10,4,1,0,65,inf
qLogEI,10,4,1,0,66,inf
qLogEI,10,4,1,0,67,inf
qLogEI,10,4,1,0,68,inf
qLogEI,10,4,1,0,69,inf
qLogEI,10,4,1,0,70,inf
qLogEI,10,4,1,0,71,inf
qLogEI,10,4,1,0,72,inf
qLogEI,10,4,1,0,73,inf
qLogEI,10,4,1,0,74,inf
qLogEI,10,4,1,0,75,inf
qLogEI,10,4,1,0,76,inf
qLogEI,10,4,1,0,77,inf
qLogEI,10,4,1,0,78,inf
qLogEI,10,4,1,0,79,inf
qLogEI,10,4,1,0,80,inf
qLogEI,10,4,1,0,81,inf
qLogEI,10,4,1,0,82,inf
qLogEI,10,4,1,0,83,inf
qLogEI,10,4,1,0,84,inf
qLogEI,10,4,1,0,85,inf
qLogEI,10,4,1,0,86,inf
qLogEI,10,4,1,0,87,inf
qLogEI,10,4,1,0,88,inf
qLogEI,10,4,1,0,89,inf
qLogEI,10,4,1,0,90,inf
qLogEI,10,4,1,0,91,inf
qLogEI,10,4,1,0,92,inf
qLogEI,10,4,1,0,93,inf
qLogEI,10,4,1,0,94,inf
qLogEI,10,4,1,0,95,inf
qLogEI,10,4,1,0,96,inf
qLogEI,10,4,1,0,97,inf
qLogEI,10,4,1,0,98,inf
qLogEI,10,4,1,0,99,inf
qLogEI,10,4,1,0,100,inf
RL,10,4,1,0,1,inf
RL,10,4,1,0,2,inf
RL,10,4,1,0,3,inf
RL,10,4,1,0,4,inf
RL,10,4,1,0,5,inf
RL,10,4,1,0,6,inf
RL,10,4,1,0,7,inf
RL,10,4,1,0,8,inf
RL,10,4,1,0,9,inf
RL,10,4,1,0,10,inf
RL,10,4,1,0,11,inf
RL,10,4,1,0,12,inf
RL,10,4,1,0,13,inf
RL,10,4,1,0,14,inf
RL,10,4,1,0,15,inf
RL,10,4,1,0,16,inf
RL,10,4,1,0,17,inf
RL,10,4,1,0,18,inf
RL,10,4,1,0,19,inf
RL,10,4,1,0,20,inf
RL,10,4,1,0,21,inf
RL,10,4,1,0,22,inf
RL,10,4,1,0,23,inf
RL,10,4,1,0,24,inf
RL,10,4,1,0,25,inf
RL,10,4,1,0,26,inf
RL,10,4,1,0,27,inf
RL,10,4,1,0,28,inf
RL,10,4,1,0,29,inf
RL,10,4,1,0,30,inf
RL,10,4,1,0,31,inf
RL,10,4,1,0,32,inf
RL,10,4,1,0,33,inf
RL,10,4,1,0,34,inf
RL,10,4,1,0,35,inf
RL,10,4,1,0,36,inf
RL,10,4,1,0,37,inf
RL,10,4,1,0,38,inf
RL,10,4,1,0,39,inf
RL,10,4,1,0,40,inf
RL,10,4,1,0,41,inf
RL,10,4,1,0,42,inf
RL,10,4,1,0,43,inf
RL,10,4,1,0,44,inf
RL,10,4,1,0,45,inf
RL,10,4,1,0,46,inf
RL,10,4,1,0,47,inf
RL,10,4,1,0,48,inf
RL,10,4,1,0,49,inf
RL,10,4,1,0,50,inf
RL,10,4,1,0,51,inf
RL,10,4,1,0,52,inf
RL,10,4,1,0,53,inf
RL,10,4,1,0,54,inf
RL,10,4,1,0,55,inf
RL,10,4,1,0,56,inf
RL,10,4,1,0,57,inf
RL,10,4,1,0,58,inf
RL,10,4,1,0,59,inf
RL,10,4,1,0,60,inf
RL,10,4,1,0,61,inf
RL,10,4,1,0,62,inf
RL,10,4,1,0,63,inf
RL,10,4,1,0,64,inf
RL,10,4,1,0,65,inf
RL,10,4,1,0,66,inf
RL,10,4,1,0,67,inf
RL,10,4,1,0,68,inf
RL,10,4,1,0,69,inf
RL,10,4,1,0,70,inf
RL,10,4,1,0,71,inf
RL,10,4,1,0,72,inf
RL,10,4,1,0,73,inf
RL,10,4,1,0,74,inf
RL,10,4,1,0,75,inf
RL,10,4,1,0,76,inf
RL,10,4,1,0,77,inf
RL,10,4,1,0,78,inf
RL,10,4,1,0,79,inf
RL,10,4,1,0,80,inf
RL,10,4,1,0,81,inf
RL,10,4,1,0,82,inf
RL,10,4,1,0,83,inf
RL,10,4,1,0,84,inf
RL,10,4,1,0,85,inf
RL,10,4,1,0,86,inf
RL,10,4,1,0,87,inf
RL,10,4,1,0,88,inf
RL,10,4,1,0,89,inf
RL,10,4,1,0,90,inf
RL,10,4,1,0,91,inf
RL,10,4,1,0,92,inf
RL,10,4,1,0,93,inf
RL,10,4,1,0,94,inf
RL,10,4,1,0,95,inf
RL,10,4,1,0,96,inf
RL,10,4,1,0,97,inf
RL,10,4,1,0,98,inf
RL,10,4,1,0,99,inf
RL,10,4,1,0,100,inf
Random,10,4,1,1,1,inf
Random,10,4,1,1,2,inf
Random,10,4,1,1,3,inf
Random,10,4,1,1,4,inf
Random,10,4,1,1,5,inf
Random,10,4,1,1,6,inf
Random,10,4,1,1,7,inf
Random,10,4,1,1,8,inf
Random,10,4,1,1,9,inf
Random,10,4,1,1,10,inf
Random,10,4,1,1,11,inf
Random,10,4,1,1,12,inf
Random,10,4,1,1,13,inf
Random,10,4,1,1,14,inf
Random,10,4,1,1,15,inf
Random,10,4,1,1,16,inf
Random,10,4,1,1,17,inf
Random,10,4,1,1,18,inf
Random,10,4,1,1,19,inf
Random,10,4,1,1,20,inf
Random,10,4,1,1,21,inf
Random,10,4,1,1,22,inf
Random,10,4,1,1,23,inf
Random,10,4,1,1,24,inf
Random,10,4,1,1,25,inf
Random,10,4,1,1,26,inf
Random,10,4,1,1,27,inf
Random,10,4,1,1,28,inf
Random,10,4,1,1,29,inf
Random,10,4,1,1,30,inf
Random,10,4,1,1,31,inf
Random,10,4,1,1,32,inf
Random,10,4,1,1,33,inf
Random,10,4,1,1,34,inf
Random,10,4,1,1,35,inf
Random,10,4,1,1,36,inf
Random,10,4,1,1,37,inf
Random,10,4,1,1,38,inf
Random,10,4,1,1,39,inf
Random,10,4,1,1,40,inf
Random,10,4,1,1,41,inf
Random,10,4,1,1,42,inf
Random,10,4,1,1,43,inf
Random,10,4,1,1,44,inf
Random,10,4,1,1,45,inf
Random,10,4,1,1,46,inf
Random,10,4,1,1,47,inf
Random,10,4,1,1,48,inf
Random,10,4,1,1,49,inf
Random,10,4,1,1,50,inf
Random,10,4,1,1,51,inf
Random,10,4,1,1,52,inf
Random,10,4,1,1,53,inf
Random,10,4,1,1,54,inf
Random,10,4,1,1,55,inf
Random,10,4,1,1,56,inf
Random,10,4,1,1,57,inf
Random,10,4,1,1,58,inf
Random,10,4,1,1,59,inf
Random,10,4,1,1,60,inf
Random,10,4,1,1,61,inf
Random,10,4,1,1,62,inf
Random,10,4,1,1,63,inf
Random,10,4,1,1,64,inf
Random,10,4,1,1,65,inf
Random,10,4,1,1,66,inf
Random,10,4,1,1,67,inf
Random,10,4,1,1,68,inf
Random,10,4,1,1,69,inf
Random,10,4,1,1,70,inf
Random,10,4,1,1,71,inf
Random,10,4,1,1,72,inf
Random,10,4,1,1,73,inf
Random,10,4,1,1,74,inf
Random,10,4,1,1,75,inf
Random,10,4,1,1,76,inf
Random,10,4,1,1,77,inf
Random,10,4,1,1,78,inf
Random,10,4,1,1,79,inf
Random,10,4,1,1,80,inf
Random,10,4,1,1,81,inf
Random,10,4,1,1,82,inf
Random,10,4,1,1,83,inf
Random,10,4,1,1,84,inf
Random,10,4,1,1,85,inf
Random,10,4,1,1,86,inf
Random,10,4,1,1,87,inf
Random,10,4,1,1,88,inf
Random,10,4,1,1,89,inf
Random,10,4,1,1,90,inf
Random,10,4,1,1,91,inf
Random,10,4,1,1,92,inf
Random,10,4,1,1,93,inf
Random,10,4,1,1,94,inf
Random,10,4,1,1,95,inf
Random,10,4,1,1,96,inf
Random,10,4,1,1,97,inf
Random,10,4,1,1,98,inf
Random,10,4,1,1,99,inf
Random,10,4,1,1,100,inf
qLogEI,10,4,1,1,1,inf
qLogEI,10,4,1,1,2,inf
qLogEI,10,4,1,1,3,inf
qLogEI,10,4,1,1,4,inf
qLogEI,10,4,1,1,5,inf
qLogEI,10,4,1,1,6,inf
qLogEI,10,4,1,1,7,inf
qLogEI,10,4,1,1,8,inf
qLogEI,10,4,1,1,9,inf
qLogEI,10,4,1,1,10,inf
qLogEI,10,4,1,1,11,inf
qLogEI,10,4,1,1,12,inf
qLogEI,10,4,1,1,13,inf
qLogEI,10,4,1,1,14,inf
qLogEI,10,4,1,1,15,inf
qLogEI,10,4,1,1,16,inf
qLogEI,10,4,1,1,17,inf
qLogEI,10,4,1,1,18,inf
qLogEI,10,4,1,1,19,inf
qLogEI,10,4,1,1,20,inf
qLogEI,10,4,1,1,21,inf
qLogEI,10,4,1,1,22,inf
qLogEI,10,4,1,1,23,inf
qLogEI,10,4,1,1,24,inf
qLogEI,10,4,1,1,25,inf
qLogEI,10,4,1,1,26,inf
qLogEI,10,4,1,1,27,inf
qLogEI,10,4,1,1,28,inf
qLogEI,10,4,1,1,29,inf
qLogEI,10,4,1,1,30,inf
qLogEI,10,4,1,1,31,inf
qLogEI,10,4,1,1,32,inf
qLogEI,10,4,1,1,33,inf
qLogEI,10,4,1,1,34,inf
qLogEI,10,4,1,1,35,inf
qLogEI,10,4,1,1,36,inf
qLogEI,10,4,1,1,37,inf
qLogEI,10,4,1,1,38,inf
qLogEI,10,4,1,1,39,inf
qLogEI,10,4,1,1,40,inf
qLogEI,10,4,1,1,41,inf
qLogEI,10,4,1,1,42,inf
qLogEI,10,4,1,1,43,inf
qLogEI,10,4,1,1,44,inf
qLogEI,10,4,1,1,45,inf
qLogEI,10,4,1,1,46,inf
qLogEI,10,4,1,1,47,inf
qLogEI,10,4,1,1,48,inf
qLogEI,10,4,1,1,49,inf
qLogEI,10,4,1,1,50,inf
qLogEI,10,4,1,1,51,inf
qLogEI,10,4,1,1,52,inf
qLogEI,10,4,1,1,53,inf
qLogEI,10,4,1,1,54,inf
qLogEI,10,4,1,1,55,inf
qLogEI,10,4,1,1,56,inf
qLogEI,10,4,1,1,57,inf
qLogEI,10,4,1,1,58,inf
qLogEI,10,4,1,1,59,inf
qLogEI,10,4,1,1,60,inf
qLogEI,10,4,1,1,61,inf
qLogEI,10,4,1,1,62,inf
qLogEI,10,4,1,1,63,inf
qLogEI,10,4,1,1,64,inf
qLogEI,10,4,1,1,65,inf
qLogEI,10,4,1,1,66,inf
qLogEI,10,4,1,1,67,inf
qLogEI,10,4,1,1,68,inf
qLogEI,10,4,1,1,69,inf
qLogEI,10,4,1,1,70,inf
qLogEI,10,4,1,1,71,inf
qLogEI,10,4,1,1,72,inf
qLogEI,10,4,1,1,73,inf
qLogEI,10,4,1,1,74,inf
qLogEI,10,4,1,1,75,inf
qLogEI,10,4,1,1,76,inf
qLogEI,10,4,1,1,77,inf
qLogEI,10,4,1,1,78,inf
qLogEI,10,4,1,1,79,inf
qLogEI,10,4,1,1,80,inf
qLogEI,10,4,1,1,81,inf
qLogEI,10,4,1,1,82,inf
qLogEI,10,4,1,1,83,inf
qLogEI,10,4,1,1,84,inf
qLogEI,10,4,1,1,85,inf
qLogEI,10,4,1,1,86,inf
qLogEI,10,4,1,1,87,inf
qLogEI,10,4,1,1,88,inf
qLogEI,10,4,1,1,89,inf
qLogEI,10,4,1,1,90,inf
qLogEI,10,4,1,1,91,inf
qLogEI,10,4,1,1,92,inf
qLogEI,10,4,1,1,93,inf
qLogEI,10,4,1,1,94,inf
qLogEI,10,4,1,1,95,inf
qLogEI,10,4,1,1,96,inf
qLogEI,10,4,1,1,97,inf
qLogEI,10,4,1,1,98,inf
qLogEI,10,4,1,1,99,inf
qLogEI,10,4,1,1,100,inf
RL,10,4,1,1,1,inf
RL,10,4,1,1,2,inf
RL,10,4,1,1,3,inf
RL,10,4,1,1,4,inf
RL,10,4,1,1,5,inf
RL,10,4,1,1,6,inf
RL,10,4,1,1,7,inf
RL,10,4,1,1,8,inf
RL,10,4,1,1,9,inf
RL,10,4,1,1,10,inf
RL,10,4,1,1,11,inf
RL,10,4,1,1,12,inf
RL,10,4,1,1,13,inf
RL,10,4,1,1,14,inf
RL,10,4,1,1,15,inf
RL,10,4,1,1,16,inf
RL,10,4,1,1,17,inf
RL,10,4,1,1,18,inf
RL,10,4,1,1,19,inf
RL,10,4,1,1,20,inf
RL,10,4,1,1,21,inf
RL,10,4,1,1,22,inf
RL,10,4,1,1,23,inf
RL,10,4,1,1,24,inf
RL,10,4,1,1,25,inf
RL,10,4,1,1,26,inf
RL,10,4,1,1,27,inf
RL,10,4,1,1,28,inf
RL,10,4,1,1,29,inf
RL,10,4,1,1,30,inf
RL,10,4,1,1,31,inf
RL,10,4,1,1,32,inf
RL,10,4,1,1,33,inf
RL,10,4,1,1,34,inf
RL,10,4,1,1,35,inf
RL,10,4,1,1,36,inf
RL,10,4,1,1,37,inf
RL,10,4,1,1,38,inf
RL,10,4,1,1,39,inf
RL,10,4,1,1,40,inf
RL,10,4,1,1,41,inf
RL,10,4,1,1,42,inf
RL,10,4,1,1,43,inf
RL,10,4,1,1,44,inf
RL,10,4,1,1,45,inf
RL,10,4,1,1,46,inf
RL,10,4,1,1,47,inf
RL,10,4,1,1,48,inf
RL,10,4,1,1,49,inf
RL,10,4,1,1,50,inf
RL,10,4,1,1,51,inf
RL,10,4,1,1,52,inf
RL,10,4,1,1,53,inf
RL,10,4,1,1,54,inf
RL,10,4,1,1,55,inf
RL,10,4,1,1,56,inf
RL,10,4,1,1,57,inf
RL,10,4,1,1,58,inf
RL,10,4,1,1,59,inf
RL,10,4,1,1,60,inf
RL,10,4,1,1,61,inf
RL,10,4,1,1,62,inf
RL,10,4,1,1,63,inf
RL,10,4,1,1,64,inf
RL,10,4,1,1,65,inf
RL,10,4,1,1,66,inf
RL,10,4,1,1,67,inf
RL,10,4,1,1,68,inf
RL,10,4,1,1,69,inf
RL,10,4,1,1,70,inf
RL,10,4,1,1,71,inf
RL,10,4,1,1,72,inf
RL,10,4,1,1,73,inf
RL,10,4,1,1,74,inf
RL,10,4,1,1,75,inf
RL,10,4,1,1,76,inf
RL,10,4,1,1,77,inf
RL,10,4,1,1,78,inf
RL,10,4,1,1,79,inf
RL,10,4,1,1,80,inf
RL,10,4,1,1,81,inf
RL,10,4,1,1,82,inf
RL,10,4,1,1,83,inf
RL,10,4,1,1,84,inf
RL,10,4,1,1,85,inf
RL,10,4,1,1,86,inf
RL,10,4,1,1,87,inf
RL,10,4,1,1,88,inf
RL,10,4,1,1,89,inf
RL,10,4,1,1,90,inf
RL,10,4,1,1,91,inf
RL,10,4,1,1,92,inf
RL,10,4,1,1,93,inf
RL,10,4,1,1,94,inf
RL,10,4,1,1,95,inf
RL,10,4,1,1,96,inf
RL,10,4,1,1,97,inf
RL,10,4,1,1,98,inf
RL,10,4,1,1,99,inf
RL,10,4,1,1,100,inf
Random,10,4,1,2,1,inf
Random,10,4,1,2,2,inf
Random,10,4,1,2,3,inf
Random,10,4,1,2,4,inf
Random,10,4,1,2,5,inf
Random,10,4,1,2,6,inf
Random,10,4,1,2,7,inf
Random,10,4,1,2,8,inf
Random,10,4,1,2,9,inf
Random,10,4,1,2,10,inf
Random,10,4,1,2,11,inf
Random,10,4,1,2,12,inf
Random,10,4,1,2,13,inf
Random,10,4,1,2,14,inf
Random,10,4,1,2,15,inf
Random,10,4,1,2,16,inf
Random,10,4,1,2,17,inf
Random,10,4,1,2,18,inf
Random,10,4,1,2,19,inf
Random,10,4,1,2,20,inf
Random,10,4,1,2,21,inf
Random,10,4,1,2,22,inf
Random,10,4,1,2,23,inf
Random,10,4,1,2,24,inf
Random,10,4,1,2,25,inf
Random,10,4,1,2,26,inf
Random,10,4,1,2,27,inf
Random,10,4,1,2,28,inf
Random,10,4,1,2,29,inf
Random,10,4,1,2,30,inf
Random,10,4,1,2,31,inf
Random,10,4,1,2,32,inf
Random,10,4,1,2,33,inf
Random,10,4,1,2,34,inf
Random,10,4,1,2,35,inf
Random,10,4,1,2,36,inf
Random,10,4,1,2,37,inf
Random,10,4,1,2,38,inf
Random,10,4,1,2,39,inf
Random,10,4,1,2,40,inf
Random,10,4,1,2,41,inf
Random,10,4,1,2,42,inf
Random,10,4,1,2,43,inf
Random,10,4,1,2,44,inf
Random,10,4,1,2,45,inf
Random,10,4,1,2,46,inf
Random,10,4,1,2,47,inf
Random,10,4,1,2,48,inf
Random,10,4,1,2,49,inf
Random,10,4,1,2,50,inf
Random,10,4,1,2,51,inf
Random,10,4,1,2,52,inf
Random,10,4,1,2,53,inf
Random,10,4,1,2,54,inf
Random,10,4,1,2,55,inf
Random,10,4,1,2,56,inf
Random,10,4,1,2,57,inf
Random,10,4,1,2,58,inf
Random,10,4,1,2,59,inf
Random,10,4,1,2,60,inf
Random,10,4,1,2,61,inf
Random,10,4,1,2,62,inf
Random,10,4,1,2,63,inf
Random,10,4,1,2,64,inf
Random,10,4,1,2,65,inf
Random,10,4,1,2,66,inf
Random,10,4,1,2,67,inf
Random,10,4,1,2,68,inf
Random,10,4,1,2,69,inf
Random,10,4,1,2,70,inf
Random,10,4,1,2,71,inf
Random,10,4,1,2,72,inf
Random,10,4,1,2,73,inf
Random,10,4,1,2,74,inf
Random,10,4,1,2,75,inf
Random,10,4,1,2,76,inf
Random,10,4,1,2,77,inf
Random,10,4,1,2,78,inf
Random,10,4,1,2,79,inf
Random,10,4,1,2,80,inf
Random,10,4,1,2,81,inf
Random,10,4,1,2,82,inf
Random,10,4,1,2,83,inf
Random,10,4,1,2,84,inf
Random,10,4,1,2,85,inf
Random,10,4,1,2,86,inf
Random,10,4,1,2,87,inf
Random,10,4,1,2,88,inf
Random,10,4,1,2,89,inf
Random,10,4,1,2,90,inf
Random,10,4,1,2,91,inf
Random,10,4,1,2,92,inf
Random,10,4,1,2,93,inf
Random,10,4,1,2,94,inf
Random,10,4,1,2,95,inf
Random,10,4,1,2,96,inf
Random,10,4,1,2,97,inf
Random,10,4,1,2,98,inf
Random,10,4,1,2,99,inf
Random,10,4,1,2,100,inf
qLogEI,10,4,1,2,1,inf
qLogEI,10,4,1,2,2,inf
qLogEI,10,4,1,2,3,inf
qLogEI,10,4,1,2,4,inf
qLogEI,10,4,1,2,5,inf
qLogEI,10,4,1,2,6,inf
qLogEI,10,4,1,2,7,inf
qLogEI,10,4,1,2,8,inf
qLogEI,10,4,1,2,9,inf
qLogEI,10,4,1,2,10,inf
qLogEI,10,4,1,2,11,inf
qLogEI,10,4,1,2,12,inf
qLogEI,10,4,1,2,13,inf
qLogEI,10,4,1,2,14,inf
qLogEI,10,4,1,2,15,inf
qLogEI,10,4,1,2,16,inf
qLogEI,10,4,1,2,17,inf
qLogEI,10,4,1,2,18,inf
qLogEI,10,4,1,2,19,inf
qLogEI,10,4,1,2,20,inf
qLogEI,10,4,1,2,21,inf
qLogEI,10,4,1,2,22,inf
qLogEI,10,4,1,2,23,inf
qLogEI,10,4,1,2,24,inf
qLogEI,10,4,1,2,25,inf
qLogEI,10,4,1,2,26,inf
qLogEI,10,4,1,2,27,inf
qLogEI,10,4,1,2,28,inf
qLogEI,10,4,1,2,29,inf
qLogEI,10,4,1,2,30,inf
qLogEI,10,4,1,2,31,inf
qLogEI,10,4,1,2,32,inf
qLogEI,10,4,1,2,33,inf
qLogEI,10,4,1,2,34,inf
qLogEI,10,4,1,2,35,inf
qLogEI,10,4,1,2,36,inf
qLogEI,10,4,1,2,37,inf
qLogEI,10,4,1,2,38,inf
qLogEI,10,4,1,2,39,inf
qLogEI,10,4,1,2,40,inf
qLogEI,10,4,1,2,41,inf
qLogEI,10,4,1,2,42,inf
qLogEI,10,4,1,2,43,inf
qLogEI,10,4,1,2,44,inf
qLogEI,10,4,1,2,45,inf
qLogEI,10,4,1,2,46,inf
qLogEI,10,4,1,2,47,inf
qLogEI,10,4,1,2,48,inf
qLogEI,10,4,1,2,49,inf
qLogEI,10,4,1,2,50,inf
qLogEI,10,4,1,2,51,inf
qLogEI,10,4,1,2,52,inf
qLogEI,10,4,1,2,53,inf
qLogEI,10,4,1,2,54,inf
qLogEI,10,4,1,2,55,inf
qLogEI,10,4,1,2,56,inf
qLogEI,10,4,1,2,57,inf
qLogEI,10,4,1,2,58,inf
qLogEI,10,4,1,2,59,inf
qLogEI,10,4,1,2,60,inf
qLogEI,10,4,1,2,61,inf
qLogEI,10,4,1,2,62,inf
qLogEI,10,4,1,2,63,inf
qLogEI,10,4,1,2,64,inf
qLogEI,10,4,1,2,65,inf
qLogEI,10,4,1,2,66,inf
qLogEI,10,4,1,2,67,inf
qLogEI,10,4,1,2,68,inf
qLogEI,10,4,1,2,69,inf
qLogEI,10,4,1,2,70,inf
qLogEI,10,4,1,2,71,inf
qLogEI,10,4,1,2,72,inf
qLogEI,10,4,1,2,73,inf
qLogEI,10,4,1,2,74,inf
qLogEI,10,4,1,2,75,inf
qLogEI,10,4,1,2,76,inf
qLogEI,10,4,1,2,77,inf
qLogEI,10,4,1,2,78,inf
qLogEI,10,4,1,2,79,inf
qLogEI,10,4,1,2,80,inf
qLogEI,10,4,1,2,81,inf
qLogEI,10,4,1,2,82,inf
qLogEI,10,4,1,2,83,inf
qLogEI,10,4,1,2,84,inf
qLogEI,10,4,1,2,85,inf
qLogEI,10,4,1,2,86,inf
qLogEI,10,4,1,2,87,inf
qLogEI,10,4,1,2,88,inf
qLogEI,10,4,1,2,89,inf
qLogEI,10,4,1,2,90,inf
qLogEI,10,4,1,2,91,inf
qLogEI,10,4,1,2,92,inf
qLogEI,10,4,1,2,93,inf
qLogEI,10,4,1,2,94,inf
qLogEI,10,4,1,2,95,inf
qLogEI,10,4,1,2,96,inf
qLogEI,10,4,1,2,97,inf
qLogEI,10,4,1,2,98,inf
qLogEI,10,4,1,2,99,inf
qLogEI,10,4,1,2,100,inf
RL,10,4,1,2,1,inf
RL,10,4,1,2,2,inf
RL,10,4,1,2,3,inf
RL,10,4,1,2,4,inf
RL,10,4,1,2,5,inf
RL,10,4,1,2,6,inf
RL,10,4,1,2,7,inf
RL,10,4,1,2,8,inf
RL,10,4,1,2,9,inf
RL,10,4,1,2,10,inf
RL,10,4,1,2,11,inf
RL,10,4,1,2,12,inf
RL,10,4,1,2,13,inf
RL,10,4,1,2,14,inf
RL,10,4,1,2,15,inf
RL,10,4,1,2,16,inf
RL,10,4,1,2,17,inf
RL,10,4,1,2,18,inf
RL,10,4,1,2,19,inf
RL,10,4,1,2,20,inf
RL,10,4,1,2,21,inf
RL,10,4,1,2,22,inf
RL,10,4,1,2,23,inf
RL,10,4,1,2,24,inf
RL,10,4,1,2,25,inf
RL,10,4,1,2,26,inf
RL,10,4,1,2,27,inf
RL,10,4,1,2,28,inf
RL,10,4,1,2,29,inf
RL,10,4,1,2,30,inf
RL,10,4,1,2,31,inf
RL,10,4,1,2,32,inf
RL,10,4,1,2,33,inf
RL,10,4,1,2,34,inf
RL,10,4,1,2,35,inf
RL,10,4,1,2,36,inf
RL,10,4,1,2,37,inf
RL,10,4,1,2,38,inf
RL,10,4,1,2,39,inf
RL,10,4,1,2,40,inf
RL,10,4,1,2,41,inf
RL,10,4,1,2,42,inf
RL,10,4,1,2,43,inf
RL,10,4,1,2,44,inf
RL,10,4,1,2,45,inf
RL,10,4,1,2,46,inf
RL,10,4,1,2,47,inf
RL,10,4,1,2,48,inf
RL,10,4,1,2,49,inf
RL,10,4,1,2,50,inf
RL,10,4,1,2,51,inf
RL,10,4,1,2,52,inf
RL,10,4,1,2,53,inf
RL,10,4,1,2,54,inf
RL,10,4,1,2,55,inf
RL,10,4,1,2,56,inf
RL,10,4,1,2,57,inf
RL,10,4,1,2,58,inf
RL,10,4,1,2,59,inf
RL,10,4,1,2,60,inf
RL,10,4,1,2,61,inf
RL,10,4,1,2,62,inf
RL,10,4,1,2,63,inf
RL,10,4,1,2,64,inf
RL,10,4,1,2,65,inf
RL,10,4,1,2,66,inf
RL,10,4,1,2,67,inf
RL,10,4,1,2,68,inf
RL,10,4,1,2,69,inf
RL,10,4,1,2,70,inf
RL,10,4,1,2,71,inf
RL,10,4,1,2,72,inf
RL,10,4,1,2,73,inf
RL,10,4,1,2,74,inf
RL,10,4,1,2,75,inf
RL,10,4,1,2,76,inf
RL,10,4,1,2,77,inf
RL,10,4,1,2,78,inf
RL,10,4,1,2,79,inf
RL,10,4,1,2,80,inf
RL,10,4,1,2,81,inf
RL,10,4,1,2,82,inf
RL,10,4,1,2,83,inf
RL,10,4,1,2,84,inf
RL,10,4,1,2,85,inf
RL,10,4,1,2,86,inf
RL,10,4,1,2,87,inf
RL,10,4,1,2,88,inf
RL,10,4,1,2,89,inf
RL,10,4,1,2,90,inf
RL,10,4,1,2,91,inf
RL,10,4,1,2,92,inf
RL,10,4,1,2,93,inf
RL,10,4,1,2,94,inf
RL,10,4,1,2,95,inf
RL,10,4,1,2,96,inf
RL,10,4,1,2,97,inf
RL,10,4,1,2,98,inf
RL,10,4,1,2,99,inf
RL,10,4,1,2,100,inf
Random,10,4,1,3,1,inf
Random,10,4,1,3,2,inf
Random,10,4,1,3,3,inf
Random,10,4,1,3,4,inf
Random,10,4,1,3,5,inf
Random,10,4,1,3,6,inf
Random,10,4,1,3,7,inf
Random,10,4,1,3,8,inf
Random,10,4,1,3,9,inf
Random,10,4,1,3,10,inf
Random,10,4,1,3,11,inf
Random,10,4,1,3,12,inf
Random,10,4,1,3,13,inf
Random,10,4,1,3,14,inf
Random,10,4,1,3,15,inf
Random,10,4,1,3,16,inf
Random,10,4,1,3,17,inf
Random,10,4,1,3,18,inf
Random,10,4,1,3,19,inf
Random,10,4,1,3,20,inf
Random,10,4,1,3,21,inf
Random,10,4,1,3,22,inf
Random,10,4,1,3,23,inf
Random,10,4,1,3,24,inf
Random,10,4,1,3,25,inf
Random,10,4,1,3,26,inf
Random,10,4,1,3,27,inf
Random,10,4,1,3,28,inf
Random,10,4,1,3,29,inf
Random,10,4,1,3,30,inf
Random,10,4,1,3,31,inf
Random,10,4,1,3,32,inf
Random,10,4,1,3,33,inf
Random,10,4,1,3,34,inf
Random,10,4,1,3,35,inf
Random,10,4,1,3,36,inf
Random,10,4,1,3,37,inf
Random,10,4,1,3,38,inf
Random,10,4,1,3,39,inf
Random,10,4,1,3,40,inf
Random,10,4,1,3,41,inf
Random,10,4,1,3,42,inf
Random,10,4,1,3,43,inf
Random,10,4,1,3,44,inf
Random,10,4,1,3,45,inf
Random,10,4,1,3,46,inf
Random,10,4,1,3,47,inf
Random,10,4,1,3,48,inf
Random,10,4,1,3,49,inf
Random,10,4,1,3,50,inf
Random,10,4,1,3,51,inf
Random,10,4,1,3,52,inf
Random,10,4,1,3,53,inf
Random,10,4,1,3,54,inf
Random,10,4,1,3,55,inf
Random,10,4,1,3,56,inf
Random,10,4,1,3,57,inf
Random,10,4,1,3,58,inf
Random,10,4,1,3,59,inf
Random,10,4,1,3,60,inf
Random,10,4,1,3,61,inf
Random,10,4,1,3,62,inf
Random,10,4,1,3,63,inf
Random,10,4,1,3,64,inf
Random,10,4,1,3,65,inf
Random,10,4,1,3,66,inf
Random,10,4,1,3,67,inf
Random,10,4,1,3,68,inf
Random,10,4,1,3,69,inf
Random,10,4,1,3,70,inf
Random,10,4,1,3,71,inf
Random,10,4,1,3,72,inf
Random,10,4,1,3,73,inf
Random,10,4,1,3,74,inf
Random,10,4,1,3,75,inf
Random,10,4,1,3,76,inf
Random,10,4,1,3,77,inf
Random,10,4,1,3,78,inf
Random,10,4,1,3,79,inf
Random,10,4,1,3,80,inf
Random,10,4,1,3,81,inf
Random,10,4,1,3,82,inf
Random,10,4,1,3,83,inf
Random,10,4,1,3,84,inf
Random,10,4,1,3,85,inf
Random,10,4,1,3,86,inf
Random,10,4,1,3,87,inf
Random,10,4,1,3,88,inf
Random,10,4,1,3,89,inf
Random,10,4,1,3,90,inf
Random,10,4,1,3,91,inf
Random,10,4,1,3,92,inf
Random,10,4,1,3,93,inf
Random,10,4,1,3,94,inf
Random,10,4,1,3,95,inf
Random,10,4,1,3,96,inf
Random,10,4,1,3,97,inf
Random,10,4,1,3,98,inf
Random,10,4,1,3,99,inf
Random,10,4,1,3,100,inf
qLogEI,10,4,1,3,1,inf
qLogEI,10,4,1,3,2,inf
qLogEI,10,4,1,3,3,inf
qLogEI,10,4,1,3,4,inf
qLogEI,10,4,1,3,5,inf
qLogEI,10,4,1,3,6,inf
qLogEI,10,4,1,3,7,inf
qLogEI,10,4,1,3,8,inf
qLogEI,10,4,1,3,9,inf
qLogEI,10,4,1,3,10,inf
qLogEI,10,4,1,3,11,inf
qLogEI,10,4,1,3,12,inf
qLogEI,10,4,1,3,13,inf
qLogEI,10,4,1,3,14,inf
qLogEI,10,4,1,3,15,inf
qLogEI,10,4,1,3,16,inf
qLogEI,10,4,1,3,17,inf
qLogEI,10,4,1,3,18,inf
qLogEI,10,4,1,3,19,inf
qLogEI,10,4,1,3,20,inf
qLogEI,10,4,1,3,21,inf
qLogEI,10,4,1,3,22,inf
qLogEI,10,4,1,3,23,inf
qLogEI,10,4,1,3,24,inf
qLogEI,10,4,1,3,25,inf
qLogEI,10,4,1,3,26,inf
qLogEI,10,4,1,3,27,inf
qLogEI,10,4,1,3,28,inf
qLogEI,10,4,1,3,29,inf
qLogEI,10,4,1,3,30,inf
qLogEI,10,4,1,3,31,inf
qLogEI,10,4,1,3,32,inf
qLogEI,10,4,1,3,33,inf
qLogEI,10,4,1,3,34,inf
qLogEI,10,4,1,3,35,inf
qLogEI,10,4,1,3,36,inf
qLogEI,10,4,1,3,37,inf
qLogEI,10,4,1,3,38,inf
qLogEI,10,4,1,3,39,inf
qLogEI,10,4,1,3,40,inf
qLogEI,10,4,1,3,41,inf
qLogEI,10,4,1,3,42,inf
qLogEI,10,4,1,3,43,inf
qLogEI,10,4,1,3,44,inf
qLogEI,10,4,1,3,45,inf
qLogEI,10,4,1,3,46,inf
qLogEI,10,4,1,3,47,inf
qLogEI,10,4,1,3,48,inf
qLogEI,10,4,1,3,49,inf
qLogEI,10,4,1,3,50,inf
qLogEI,10,4,1,3,51,inf
qLogEI,10,4,1,3,52,inf
qLogEI,10,4,1,3,53,inf
qLogEI,10,4,1,3,54,inf
qLogEI,10,4,1,3,55,inf
qLogEI,10,4,1,3,56,inf
qLogEI,10,4,1,3,57,inf
qLogEI,10,4,1,3,58,inf
qLogEI,10,4,1,3,59,inf
qLogEI,10,4,1,3,60,inf
qLogEI,10,4,1,3,61,inf
qLogEI,10,4,1,3,62,inf
qLogEI,10,4,1,3,63,inf
qLogEI,10,4,1,3,64,inf
qLogEI,10,4,1,3,65,inf
qLogEI,10,4,1,3,66,inf
qLogEI,10,4,1,3,67,inf
qLogEI,10,4,1,3,68,inf
qLogEI,10,4,1,3,69,inf
qLogEI,10,4,1,3,70,inf
qLogEI,10,4,1,3,71,inf
qLogEI,10,4,1,3,72,inf
qLogEI,10,4,1,3,73,inf
qLogEI,10,4,1,3,74,inf
qLogEI,10,4,1,3,75,inf
qLogEI,10,4,1,3,76,inf
qLogEI,10,4,1,3,77,inf
qLogEI,10,4,1,3,78,inf
qLogEI,10,4,1,3,79,inf
qLogEI,10,4,1,3,80,inf
qLogEI,10,4,1,3,81,inf
qLogEI,10,4,1,3,82,inf
qLogEI,10,4,1,3,83,inf
qLogEI,10,4,1,3,84,inf
qLogEI,10,4,1,3,85,inf
qLogEI,10,4,1,3,86,inf
qLogEI,10,4,1,3,87,inf
qLogEI,10,4,1,3,88,inf
qLogEI,10,4,1,3,89,inf
qLogEI,10,4,1,3,90,inf
qLogEI,10,4,1,3,91,inf
qLogEI,10,4,1,3,92,inf
qLogEI,10,4,1,3,93,inf
qLogEI,10,4,1,3,94,inf
qLogEI,10,4,1,3,95,inf
qLogEI,10,4,1,3,96,inf
qLogEI,10,4,1,3,97,inf
qLogEI,10,4,1,3,98,inf
qLogEI,10,4,1,3,99,inf
qLogEI,10,4,1,3,100,inf
RL,10,4,1,3,1,inf
RL,10,4,1,3,2,inf
RL,10,4,1,3,3,inf
RL,10,4,1,3,4,inf
RL,10,4,1,3,5,inf
RL,10,4,1,3,6,inf
RL,10,4,1,3,7,inf
RL,10,4,1,3,8,inf
RL,10,4,1,3,9,inf
RL,10,4,1,3,10,inf
RL,10,4,1,3,11,inf
RL,10,4,1,3,12,inf
RL,10,4,1,3,13,inf
RL,10,4,1,3,14,inf
RL,10,4,1,3,15,inf
RL,10,4,1,3,16,inf
RL,10,4,1,3,17,inf
RL,10,4,1,3,18,inf
RL,10,4,1,3,19,inf
RL,10,4,1,3,20,inf
RL,10,4,1,3,21,inf
RL,10,4,1,3,22,inf
RL,10,4,1,3,23,inf
RL,10,4,1,3,24,inf
RL,10,4,1,3,25,inf
RL,10,4,1,3,26,inf
RL,10,4,1,3,27,inf
RL,10,4,1,3,28,inf
RL,10,4,1,3,29,inf
RL,10,4,1,3,30,inf
RL,10,4,1,3,31,inf
RL,10,4,1,3,32,inf
RL,10,4,1,3,33,inf
RL,10,4,1,3,34,inf
RL,10,4,1,3,35,inf
RL,10,4,1,3,36,inf
RL,10,4,1,3,37,inf
RL,10,4,1,3,38,inf
RL,10,4,1,3,39,inf
RL,10,4,1,3,40,inf
RL,10,4,1,3,41,inf
RL,10,4,1,3,42,inf
RL,10,4,1,3,43,inf
RL,10,4,1,3,44,inf
RL,10,4,1,3,45,inf
RL,10,4,1,3,46,inf
RL,10,4,1,3,47,inf
RL,10,4,1,3,48,inf
RL,10,4,1,3,49,inf
RL,10,4,1,3,50,inf
RL,10,4,1,3,51,inf
RL,10,4,1,3,52,inf
RL,10,4,1,3,53,inf
RL,10,4,1,3,54,inf
RL,10,4,1,3,55,inf
RL,10,4,1,3,56,inf
RL,10,4,1,3,57,inf
RL,10,4,1,3,58,inf
RL,10,4,1,3,59,inf
RL,10,4,1,3,60,inf
RL,10,4,1,3,61,inf
RL,10,4,1,3,62,inf
RL,10,4,1,3,63,inf
RL,10,4,1,3,64,inf
RL,10,4,1,3,65,inf
RL,10,4,1,3,66,inf
RL,10,4,1,3,67,inf
RL,10,4,1,3,68,inf
RL,10,4,1,3,69,inf
RL,10,4,1,3,70,inf
RL,10,4,1,3,71,inf
RL,10,4,1,3,72,inf
RL,10,4,1,3,73,inf
RL,10,4,1,3,74,inf
RL,10,4,1,3,75,inf
RL,10,4,1,3,76,inf
RL,10,4,1,3,77,inf
RL,10,4,1,3,78,inf
RL,10,4,1,3,79,inf
RL,10,4,1,3,80,inf
RL,10,4,1,3,81,inf
RL,10,4,1,3,82,inf
RL,10,4,1,3,83,inf
RL,10,4,1,3,84,inf
RL,10,4,1,3,85,inf
RL,10,4,1,3,86,inf
RL,10,4,1,3,87,inf
RL,10,4,1,3,88,inf
RL,10,4,1,3,89,inf
RL,10,4,1,3,90,inf
RL,10,4,1,3,91,inf
RL,10,4,1,3,92,inf
RL,10,4,1,3,93,inf
RL,10,4,1,3,94,inf
RL,10,4,1,3,95,inf
RL,10,4,1,3,96,inf
RL,10,4,1,3,97,inf
RL,10,4,1,3,98,inf
RL,10,4,1,3,99,inf
RL,10,4,1,3,100,inf
Random,10,4,1,4,1,inf
Random,10,4,1,4,2,inf
Random,10,4,1,4,3,inf
Random,10,4,1,4,4,inf
Random,10,4,1,4,5,inf
Random,10,4,1,4,6,inf
Random,10,4,1,4,7,inf
Random,10,4,1,4,8,inf
Random,10,4,1,4,9,inf
Random,10,4,1,4,10,inf
Random,10,4,1,4,11,inf
Random,10,4,1,4,12,inf
Random,10,4,1,4,13,inf
Random,10,4,1,4,14,inf
Random,10,4,1,4,15,inf
Random,10,4,1,4,16,inf
Random,10,4,1,4,17,inf
Random,10,4,1,4,18,inf
Random,10,4,1,4,19,inf
Random,10,4,1,4,20,inf
Random,10,4,1,4,21,inf
Random,10,4,1,4,22,inf
Random,10,4,1,4,23,inf
Random,10,4,1,4,24,inf
Random,10,4,1,4,25,inf
Random,10,4,1,4,26,inf
Random,10,4,1,4,27,inf
Random,10,4,1,4,28,inf
Random,10,4,1,4,29,inf
Random,10,4,1,4,30,inf
Random,10,4,1,4,31,inf
Random,10,4,1,4,32,inf
Random,10,4,1,4,33,inf
Random,10,4,1,4,34,inf
Random,10,4,1,4,35,inf
Random,10,4,1,4,36,inf
Random,10,4,1,4,37,inf
Random,10,4,1,4,38,inf
Random,10,4,1,4,39,inf
Random,10,4,1,4,40,inf
Random,10,4,1,4,41,inf
Random,10,4,1,4,42,inf
Random,10,4,1,4,43,inf
Random,10,4,1,4,44,inf
Random,10,4,1,4,45,inf
Random,10,4,1,4,46,inf
Random,10,4,1,4,47,inf
Random,10,4,1,4,48,inf
Random,10,4,1,4,49,inf
Random,10,4,1,4,50,inf
Random,10,4,1,4,51,inf
Random,10,4,1,4,52,inf
Random,10,4,1,4,53,inf
Random,10,4,1,4,54,inf
Random,10,4,1,4,55,inf
Random,10,4,1,4,56,inf
Random,10,4,1,4,57,inf
Random,10,4,1,4,58,inf
Random,10,4,1,4,59,inf
Random,10,4,1,4,60,inf
Random,10,4,1,4,61,inf
Random,10,4,1,4,62,inf
Random,10,4,1,4,63,inf
Random,10,4,1,4,64,inf
Random,10,4,1,4,65,inf
Random,10,4,1,4,66,inf
Random,10,4,1,4,67,inf
Random,10,4,1,4,68,inf
Random,10,4,1,4,69,inf
Random,10,4,1,4,70,inf
Random,10,4,1,4,71,inf
Random,10,4,1,4,72,inf
Random,10,4,1,4,73,inf
Random,10,4,1,4,74,inf
Random,10,4,1,4,75,inf
Random,10,4,1,4,76,inf
Random,10,4,1,4,77,inf
Random,10,4,1,4,78,inf
Random,10,4,1,4,79,inf
Random,10,4,1,4,80,inf
Random,10,4,1,4,81,inf
Random,10,4,1,4,82,inf
Random,10,4,1,4,83,inf
Random,10,4,1,4,84,inf
Random,10,4,1,4,85,inf
Random,10,4,1,4,86,inf
Random,10,4,1,4,87,inf
Random,10,4,1,4,88,inf
Random,10,4,1,4,89,inf
Random,10,4,1,4,90,inf
Random,10,4,1,4,91,inf
Random,10,4,1,4,92,inf
Random,10,4,1,4,93,inf
Random,10,4,1,4,94,inf
Random,10,4,1,4,95,inf
Random,10,4,1,4,96,inf
Random,10,4,1,4,97,inf
Random,10,4,1,4,98,inf
Random,10,4,1,4,99,inf
Random,10,4,1,4,100,inf
qLogEI,10,4,1,4,1,inf
qLogEI,10,4,1,4,2,inf
qLogEI,10,4,1,4,3,inf
qLogEI,10,4,1,4,4,inf
qLogEI,10,4,1,4,5,inf
qLogEI,10,4,1,4,6,inf
qLogEI,10,4,1,4,7,inf
qLogEI,10,4,1,4,8,inf
qLogEI,10,4,1,4,9,inf
qLogEI,10,4,1,4,10,inf
qLogEI,10,4,1,4,11,inf
qLogEI,10,4,1,4,12,inf
qLogEI,10,4,1,4,13,inf
qLogEI,10,4,1,4,14,inf
qLogEI,10,4,1,4,15,inf
qLogEI,10,4,1,4,16,inf
qLogEI,10,4,1,4,17,inf
qLogEI,10,4,1,4,18,inf
qLogEI,10,4,1,4,19,inf
qLogEI,10,4,1,4,20,inf
qLogEI,10,4,1,4,21,inf
qLogEI,10,4,1,4,22,inf
qLogEI,10,4,1,4,23,inf
qLogEI,10,4,1,4,24,inf
qLogEI,10,4,1,4,25,inf
qLogEI,10,4,1,4,26,inf
qLogEI,10,4,1,4,27,inf
qLogEI,10,4,1,4,28,inf
qLogEI,10,4,1,4,29,inf
qLogEI,10,4,1,4,30,inf
qLogEI,10,4,1,4,31,inf
qLogEI,10,4,1,4,32,inf
qLogEI,10,4,1,4,33,inf
qLogEI,10,4,1,4,34,inf
qLogEI,10,4,1,4,35,inf
qLogEI,10,4,1,4,36,inf
qLogEI,10,4,1,4,37,inf
qLogEI,10,4,1,4,38,inf
qLogEI,10,4,1,4,39,inf
qLogEI,10,4,1,4,40,inf
qLogEI,10,4,1,4,41,inf
qLogEI,10,4,1,4,42,inf
qLogEI,10,4,1,4,43,inf
qLogEI,10,4,1,4,44,inf
qLogEI,10,4,1,4,45,inf
qLogEI,10,4,1,4,46,inf
qLogEI,10,4,1,4,47,inf
qLogEI,10,4,1,4,48,inf
qLogEI,10,4,1,4,49,inf
qLogEI,10,4,1,4,50,inf
qLogEI,10,4,1,4,51,inf
qLogEI,10,4,1,4,52,inf
qLogEI,10,4,1,4,53,inf
qLogEI,10,4,1,4,54,inf
qLogEI,10,4,1,4,55,inf
qLogEI,10,4,1,4,56,inf
qLogEI,10,4,1,4,57,inf
qLogEI,10,4,1,4,58,inf
qLogEI,10,4,1,4,59,inf
qLogEI,10,4,1,4,60,inf
qLogEI,10,4,1,4,61,inf
qLogEI,10,4,1,4,62,inf
qLogEI,10,4,1,4,63,inf
qLogEI,10,4,1,4,64,inf
qLogEI,10,4,1,4,65,inf
qLogEI,10,4,1,4,66,inf
qLogEI,10,4,1,4,67,inf
qLogEI,10,4,1,4,68,inf
qLogEI,10,4,1,4,69,inf
qLogEI,10,4,1,4,70,inf
qLogEI,10,4,1,4,71,inf
qLogEI,10,4,1,4,72,inf
qLogEI,10,4,1,4,73,inf
qLogEI,10,4,1,4,74,inf
qLogEI,10,4,1,4,75,inf
qLogEI,10,4,1,4,76,inf
qLogEI,10,4,1,4,77,inf
qLogEI,10,4,1,4,78,inf
qLogEI,10,4,1,4,79,inf
qLogEI,10,4,1,4,80,inf
qLogEI,10,4,1,4,81,inf
qLogEI,10,4,1,4,82,inf
qLogEI,10,4,1,4,83,inf
qLogEI,10,4,1,4,84,inf
qLogEI,10,4,1,4,85,inf
qLogEI,10,4,1,4,86,inf
qLogEI,10,4,1,4,87,inf
qLogEI,10,4,1,4,88,inf
qLogEI,10,4,1,4,89,inf
qLogEI,10,4,1,4,90,inf
qLogEI,10,4,1,4,91,inf
qLogEI,10,4,1,4,92,inf
qLogEI,10,4,1,4,93,inf
qLogEI,10,4,1,4,94,inf
qLogEI,10,4,1,4,95,inf
qLogEI,10,4,1,4,96,inf
qLogEI,10,4,1,4,97,inf
qLogEI,10,4,1,4,98,inf
qLogEI,10,4,1,4,99,inf
qLogEI,10,4,1,4,100,inf
RL,10,4,1,4,1,inf
RL,10,4,1,4,2,inf
RL,10,4,1,4,3,inf
RL,10,4,1,4,4,inf
RL,10,4,1,4,5,inf
RL,10,4,1,4,6,inf
RL,10,4,1,4,7,inf
RL,10,4,1,4,8,inf
RL,10,4,1,4,9,inf
RL,10,4,1,4,10,inf
RL,10,4,1,4,11,inf
RL,10,4,1,4,12,inf
RL,10,4,1,4,13,inf
RL,10,4,1,4,14,inf
RL,10,4,1,4,15,inf
RL,10,4,1,4,16,inf
RL,10,4,1,4,17,inf
RL,10,4,1,4,18,inf
RL,10,4,1,4,19,inf
RL,10,4,1,4,20,inf
RL,10,4,1,4,21,inf
RL,10,4,1,4,22,inf
RL,10,4,1,4,23,inf
RL,10,4,1,4,24,inf
RL,10,4,1,4,25,inf
RL,10,4,1,4,26,inf
RL,10,4,1,4,27,inf
RL,10,4,1,4,28,inf
RL,10,4,1,4,29,inf
RL,10,4,1,4,30,inf
RL,10,4,1,4,31,inf
RL,10,4,1,4,32,inf
RL,10,4,1,4,33,inf
RL,10,4,1,4,34,inf
RL,10,4,1,4,35,inf
RL,10,4,1,4,36,inf
RL,10,4,1,4,37,inf
RL,10,4,1,4,38,inf
RL,10,4,1,4,39,inf
RL,10,4,1,4,40,inf
RL,10,4,1,4,41,inf
RL,10,4,1,4,42,inf
RL,10,4,1,4,43,inf
RL,10,4,1,4,44,inf
RL,10,4,1,4,45,inf
RL,10,4,1,4,46,inf
RL,10,4,1,4,47,inf
RL,10,4,1,4,48,inf
RL,10,4,1,4,49,inf
RL,10,4,1,4,50,inf
RL,10,4,1,4,51,inf
RL,10,4,1,4,52,inf
RL,10,4,1,4,53,inf
RL,10,4,1,4,54,inf
RL,10,4,1,4,55,inf
RL,10,4,1,4,56,inf
RL,10,4,1,4,57,inf
RL,10,4,1,4,58,inf
RL,10,4,1,4,59,inf
RL,10,4,1,4,60,inf
RL,10,4,1,4,61,inf
RL,10,4,1,4,62,inf
RL,10,4,1,4,63,inf
RL,10,4,1,4,64,inf
RL,10,4,1,4,65,inf
RL,10,4,1,4,66,inf
RL,10,4,1,4,67,inf
RL,10,4,1,4,68,inf
RL,10,4,1,4,69,inf
RL,10,4,1,4,70,inf
RL,10,4,1,4,71,inf
RL,10,4,1,4,72,inf
RL,10,4,1,4,73,inf
RL,10,4,1,4,74,inf
RL,10,4,1,4,75,inf
RL,10,4,1,4,76,inf
RL,10,4,1,4,77,inf
RL,10,4,1,4,78,inf
RL,10,4,1,4,79,inf
RL,10,4,1,4,80,inf
RL,10,4,1,4,81,inf
RL,10,4,1,4,82,inf
RL,10,4,1,4,83,inf
RL,10,4,1,4,84,inf
RL,10,4,1,4,85,inf
RL,10,4,1,4,86,inf
RL,10,4,1,4,87,inf
RL,10,4,1,4,88,inf
RL,10,4,1,4,89,inf
RL,10,4,1,4,90,inf
RL,10,4,1,4,91,inf
RL,10,4,1,4,92,inf
RL,10,4,1,4,93,inf
RL,10,4,1,4,94,inf
RL,10,4,1,4,95,inf
RL,10,4,1,4,96,inf
RL,10,4,1,4,97,inf
RL,10,4,1,4,98,inf
RL,10,4,1,4,99,inf
RL,10,4,1,4,100,inf
Random,10,4,2,0,1,inf
Random,10,4,2,0,2,inf
Random,10,4,2,0,3,inf
Random,10,4,2,0,4,inf
Random,10,4,2,0,5,inf
Random,10,4,2,0,6,inf
Random,10,4,2,0,7,inf
Random,10,4,2,0,8,inf
Random,10,4,2,0,9,inf
Random,10,4,2,0,10,inf
Random,10,4,2,0,11,inf
Random,10,4,2,0,12,inf
Random,10,4,2,0,13,inf
Random,10,4,2,0,14,inf
Random,10,4,2,0,15,inf
Random,10,4,2,0,16,inf
Random,10,4,2,0,17,inf
Random,10,4,2,0,18,inf
Random,10,4,2,0,19,inf
Random,10,4,2,0,20,inf
Random,10,4,2,0,21,inf
Random,10,4,2,0,22,inf
Random,10,4,2,0,23,inf
Random,10,4,2,0,24,inf
Random,10,4,2,0,25,inf
Random,10,4,2,0,26,inf
Random,10,4,2,0,27,inf
Random,10,4,2,0,28,inf
Random,10,4,2,0,29,inf
Random,10,4,2,0,30,inf
Random,10,4,2,0,31,inf
Random,10,4,2,0,32,inf
Random,10,4,2,0,33,inf
Random,10,4,2,0,34,inf
Random,10,4,2,0,35,inf
Random,10,4,2,0,36,inf
Random,10,4,2,0,37,inf
Random,10,4,2,0,38,inf
Random,10,4,2,0,39,inf
Random,10,4,2,0,40,inf
Random,10,4,2,0,41,inf
Random,10,4,2,0,42,inf
Random,10,4,2,0,43,inf
Random,10,4,2,0,44,inf
Random,10,4,2,0,45,inf
Random,10,4,2,0,46,inf
Random,10,4,2,0,47,inf
Random,10,4,2,0,48,inf
Random,10,4,2,0,49,inf
Random,10,4,2,0,50,inf
Random,10,4,2,0,51,inf
Random,10,4,2,0,52,inf
Random,10,4,2,0,53,inf
Random,10,4,2,0,54,inf
Random,10,4,2,0,55,inf
Random,10,4,2,0,56,inf
Random,10,4,2,0,57,inf
Random,10,4,2,0,58,inf
Random,10,4,2,0,59,inf
Random,10,4,2,0,60,inf
Random,10,4,2,0,61,inf
Random,10,4,2,0,62,inf
Random,10,4,2,0,63,inf
Random,10,4,2,0,64,inf
Random,10,4,2,0,65,inf
Random,10,4,2,0,66,inf
Random,10,4,2,0,67,inf
Random,10,4,2,0,68,inf
Random,10,4,2,0,69,inf
Random,10,4,2,0,70,inf
Random,10,4,2,0,71,inf
Random,10,4,2,0,72,inf
Random,10,4,2,0,73,inf
Random,10,4,2,0,74,inf
Random,10,4,2,0,75,inf
Random,10,4,2,0,76,inf
Random,10,4,2,0,77,inf
Random,10,4,2,0,78,inf
Random,10,4,2,0,79,inf
Random,10,4,2,0,80,inf
Random,10,4,2,0,81,inf
Random,10,4,2,0,82,inf
Random,10,4,2,0,83,inf
Random,10,4,2,0,84,inf
Random,10,4,2,0,85,inf
Random,10,4,2,0,86,inf
Random,10,4,2,0,87,inf
Random,10,4,2,0,88,inf
Random,10,4,2,0,89,inf
Random,10,4,2,0,90,inf
Random,10,4,2,0,91,inf
Random,10,4,2,0,92,inf
Random,10,4,2,0,93,inf
Random,10,4,2,0,94,inf
Random,10,4,2,0,95,inf
Random,10,4,2,0,96,inf
Random,10,4,2,0,97,inf
Random,10,4,2,0,98,inf
Random,10,4,2,0,99,inf
Random,10,4,2,0,100,inf
qLogEI,10,4,2,0,1,inf
qLogEI,10,4,2,0,2,inf
qLogEI,10,4,2,0,3,inf
qLogEI,10,4,2,0,4,inf
qLogEI,10,4,2,0,5,inf
qLogEI,10,4,2,0,6,inf
qLogEI,10,4,2,0,7,inf
qLogEI,10,4,2,0,8,inf
qLogEI,10,4,2,0,9,inf
qLogEI,10,4,2,0,10,inf
qLogEI,10,4,2,0,11,inf
qLogEI,10,4,2,0,12,inf
qLogEI,10,4,2,0,13,inf
qLogEI,10,4,2,0,14,inf
qLogEI,10,4,2,0,15,inf
qLogEI,10,4,2,0,16,inf
qLogEI,10,4,2,0,17,inf
qLogEI,10,4,2,0,18,inf
qLogEI,10,4,2,0,19,inf
qLogEI,10,4,2,0,20,inf
qLogEI,10,4,2,0,21,inf
qLogEI,10,4,2,0,22,inf
qLogEI,10,4,2,0,23,inf
qLogEI,10,4,2,0,24,inf
qLogEI,10,4,2,0,25,inf
qLogEI,10,4,2,0,26,inf
qLogEI,10,4,2,0,27,inf
qLogEI,10,4,2,0,28,inf
qLogEI,10,4,2,0,29,inf
qLogEI,10,4,2,0,30,inf
qLogEI,10,4,2,0,31,inf
qLogEI,10,4,2,0,32,inf
qLogEI,10,4,2,0,33,inf
qLogEI,10,4,2,0,34,inf
qLogEI,10,4,2,0,35,inf
qLogEI,10,4,2,0,36,inf
qLogEI,10,4,2,0,37,inf
qLogEI,10,4,2,0,38,inf
qLogEI,10,4,2,0,39,inf
qLogEI,10,4,2,0,40,inf
qLogEI,10,4,2,0,41,inf
qLogEI,10,4,2,0,42,inf
qLogEI,10,4,2,0,43,inf
qLogEI,10,4,2,0,44,inf
qLogEI,10,4,2,0,45,inf
qLogEI,10,4,2,0,46,inf
qLogEI,10,4,2,0,47,inf
qLogEI,10,4,2,0,48,inf
qLogEI,10,4,2,0,49,inf
qLogEI,10,4,2,0,50,inf
qLogEI,10,4,2,0,51,inf
qLogEI,10,4,2,0,52,inf
qLogEI,10,4,2,0,53,inf
qLogEI,10,4,2,0,54,inf
qLogEI,10,4,2,0,55,inf
qLogEI,10,4,2,0,56,inf
qLogEI,10,4,2,0,57,inf
qLogEI,10,4,2,0,58,inf
qLogEI,10,4,2,0,59,inf
qLogEI,10,4,2,0,60,inf
qLogEI,10,4,2,0,61,inf
qLogEI,10,4,2,0,62,inf
qLogEI,10,4,2,0,63,inf
qLogEI,10,4,2,0,64,inf
qLogEI,10,4,2,0,65,inf
qLogEI,10,4,2,0,66,inf
qLogEI,10,4,2,0,67,inf
qLogEI,10,4,2,0,68,inf
qLogEI,10,4,2,0,69,inf
qLogEI,10,4,2,0,70,inf
qLogEI,10,4,2,0,71,inf
qLogEI,10,4,2,0,72,inf
qLogEI,10,4,2,0,73,inf
qLogEI,10,4,2,0,74,inf
qLogEI,10,4,2,0,75,inf
qLogEI,10,4,2,0,76,inf
qLogEI,10,4,2,0,77,inf
qLogEI,10,4,2,0,78,inf
qLogEI,10,4,2,0,79,inf
qLogEI,10,4,2,0,80,inf
qLogEI,10,4,2,0,81,inf
qLogEI,10,4,2,0,82,inf
qLogEI,10,4,2,0,83,inf
qLogEI,10,4,2,0,84,inf
qLogEI,10,4,2,0,85,inf
qLogEI,10,4,2,0,86,inf
qLogEI,10,4,2,0,87,inf
qLogEI,10,4,2,0,88,inf
qLogEI,10,4,2,0,89,inf
qLogEI,10,4,2,0,90,inf
qLogEI,10,4,2,0,91,inf
qLogEI,10,4,2,0,92,inf
qLogEI,10,4,2,0,93,inf
qLogEI,10,4,2,0,94,inf
qLogEI,10,4,2,0,95,inf
qLogEI,10,4,2,0,96,inf
qLogEI,10,4,2,0,97,inf
qLogEI,10,4,2,0,98,inf
qLogEI,10,4,2,0,99,inf
qLogEI,10,4,2,0,100,inf
RL,10,4,2,0,1,inf
RL,10,4,2,0,2,inf
RL,10,4,2,0,3,inf
RL,10,4,2,0,4,inf
RL,10,4,2,0,5,inf
RL,10,4,2,0,6,inf
RL,10,4,2,0,7,inf
RL,10,4,2,0,8,inf
RL,10,4,2,0,9,inf
RL,10,4,2,0,10,inf
RL,10,4,2,0,11,inf
RL,10,4,2,0,12,inf
RL,10,4,2,0,13,inf
RL,10,4,2,0,14,inf
RL,10,4,2,0,15,inf
RL,10,4,2,0,16,inf
RL,10,4,2,0,17,inf
RL,10,4,2,0,18,inf
RL,10,4,2,0,19,inf
RL,10,4,2,0,20,inf
RL,10,4,2,0,21,inf
RL,10,4,2,0,22,inf
RL,10,4,2,0,23,inf
RL,10,4,2,0,24,inf
RL,10,4,2,0,25,inf
RL,10,4,2,0,26,inf
RL,10,4,2,0,27,inf
RL,10,4,2,0,28,inf
RL,10,4,2,0,29,inf
RL,10,4,2,0,30,inf
RL,10,4,2,0,31,inf
RL,10,4,2,0,32,inf
RL,10,4,2,0,33,inf
RL,10,4,2,0,34,inf
RL,10,4,2,0,35,inf
RL,10,4,2,0,36,inf
RL,10,4,2,0,37,inf
RL,10,4,2,0,38,inf
RL,10,4,2,0,39,inf
RL,10,4,2,0,40,inf
RL,10,4,2,0,41,inf
RL,10,4,2,0,42,inf
RL,10,4,2,0,43,inf
RL,10,4,2,0,44,inf
RL,10,4,2,0,45,inf
RL,10,4,2,0,46,inf
RL,10,4,2,0,47,inf
RL,10,4,2,0,48,inf
RL,10,4,2,0,49,inf
RL,10,4,2,0,50,inf
RL,10,4,2,0,51,inf
RL,10,4,2,0,52,inf
RL,10,4,2,0,53,inf
RL,10,4,2,0,54,inf
RL,10,4,2,0,55,inf
RL,10,4,2,0,56,inf
RL,10,4,2,0,57,inf
RL,10,4,2,0,58,inf
RL,10,4,2,0,59,inf
RL,10,4,2,0,60,inf
RL,10,4,2,0,61,inf
RL,10,4,2,0,62,inf
RL,10,4,2,0,63,inf
RL,10,4,2,0,64,inf
RL,10,4,2,0,65,inf
RL,10,4,2,0,66,inf
RL,10,4,2,0,67,inf
RL,10,4,2,0,68,inf
RL,10,4,2,0,69,inf
RL,10,4,2,0,70,inf
RL,10,4,2,0,71,inf
RL,10,4,2,0,72,inf
RL,10,4,2,0,73,inf
RL,10,4,2,0,74,inf
RL,10,4,2,0,75,inf
RL,10,4,2,0,76,inf
RL,10,4,2,0,77,inf
RL,10,4,2,0,78,inf
RL,10,4,2,0,79,inf
RL,10,4,2,0,80,inf
RL,10,4,2,0,81,inf
RL,10,4,2,0,82,inf
RL,10,4,2,0,83,inf
RL,10,4,2,0,84,inf
RL,10,4,2,0,85,inf
RL,10,4,2,0,86,inf
RL,10,4,2,0,87,inf
RL,10,4,2,0,88,inf
RL,10,4,2,0,89,inf
RL,10,4,2,0,90,inf
RL,10,4,2,0,91,inf
RL,10,4,2,0,92,inf
RL,10,4,2,0,93,inf
RL,10,4,2,0,94,inf
RL,10,4,2,0,95,inf
RL,10,4,2,0,96,inf
RL,10,4,2,0,97,inf
RL,10,4,2,0,98,inf
RL,10,4,2,0,99,inf
RL,10,4,2,0,100,inf
Random,10,4,2,1,1,inf
Random,10,4,2,1,2,inf
Random,10,4,2,1,3,inf
Random,10,4,2,1,4,inf
Random,10,4,2,1,5,inf
Random,10,4,2,1,6,inf
Random,10,4,2,1,7,inf
Random,10,4,2,1,8,inf
Random,10,4,2,1,9,inf
Random,10,4,2,1,10,inf
Random,10,4,2,1,11,inf
Random,10,4,2,1,12,inf
Random,10,4,2,1,13,inf
Random,10,4,2,1,14,inf
Random,10,4,2,1,15,inf
Random,10,4,2,1,16,inf
Random,10,4,2,1,17,inf
Random,10,4,2,1,18,inf
Random,10,4,2,1,19,inf
Random,10,4,2,1,20,inf
Random,10,4,2,1,21,inf
Random,10,4,2,1,22,inf
Random,10,4,2,1,23,inf
Random,10,4,2,1,24,inf
Random,10,4,2,1,25,inf
Random,10,4,2,1,26,inf
Random,10,4,2,1,27,inf
Random,10,4,2,1,28,inf
Random,10,4,2,1,29,inf
Random,10,4,2,1,30,inf
Random,10,4,2,1,31,inf
Random,10,4,2,1,32,inf
Random,10,4,2,1,33,inf
Random,10,4,2,1,34,inf
Random,10,4,2,1,35,inf
Random,10,4,2,1,36,inf
Random,10,4,2,1,37,inf
Random,10,4,2,1,38,inf
Random,10,4,2,1,39,inf
Random,10,4,2,1,40,inf
Random,10,4,2,1,41,inf
Random,10,4,2,1,42,inf
Random,10,4,2,1,43,inf
Random,10,4,2,1,44,inf
Random,10,4,2,1,45,inf
Random,10,4,2,1,46,inf
Random,10,4,2,1,47,inf
Random,10,4,2,1,48,inf
Random,10,4,2,1,49,inf
Random,10,4,2,1,50,inf
Random,10,4,2,1,51,inf
Random,10,4,2,1,52,inf
Random,10,4,2,1,53,inf
Random,10,4,2,1,54,inf
Random,10,4,2,1,55,inf
Random,10,4,2,1,56,inf
Random,10,4,2,1,57,inf
Random,10,4,2,1,58,inf
Random,10,4,2,1,59,inf
Random,10,4,2,1,60,inf
Random,10,4,2,1,61,inf
Random,10,4,2,1,62,inf
Random,10,4,2,1,63,inf
Random,10,4,2,1,64,inf
Random,10,4,2,1,65,inf
Random,10,4,2,1,66,inf
Random,10,4,2,1,67,inf
Random,10,4,2,1,68,inf
Random,10,4,2,1,69,inf
Random,10,4,2,1,70,inf
Random,10,4,2,1,71,inf
Random,10,4,2,1,72,inf
Random,10,4,2,1,73,inf
Random,10,4,2,1,74,inf
Random,10,4,2,1,75,inf
Random,10,4,2,1,76,inf
Random,10,4,2,1,77,inf
Random,10,4,2,1,78,inf
Random,10,4,2,1,79,inf
Random,10,4,2,1,80,inf
Random,10,4,2,1,81,inf
Random,10,4,2,1,82,inf
Random,10,4,2,1,83,inf
Random,10,4,2,1,84,inf
Random,10,4,2,1,85,inf
Random,10,4,2,1,86,inf
Random,10,4,2,1,87,inf
Random,10,4,2,1,88,inf
Random,10,4,2,1,89,inf
Random,10,4,2,1,90,inf
Random,10,4,2,1,91,inf
Random,10,4,2,1,92,inf
Random,10,4,2,1,93,inf
Random,10,4,2,1,94,inf
Random,10,4,2,1,95,inf
Random,10,4,2,1,96,inf
Random,10,4,2,1,97,inf
Random,10,4,2,1,98,inf
Random,10,4,2,1,99,inf
Random,10,4,2,1,100,inf
qLogEI,10,4,2,1,1,inf
qLogEI,10,4,2,1,2,inf
qLogEI,10,4,2,1,3,inf
qLogEI,10,4,2,1,4,inf
qLogEI,10,4,2,1,5,inf
qLogEI,10,4,2,1,6,inf
qLogEI,10,4,2,1,7,inf
qLogEI,10,4,2,1,8,inf
qLogEI,10,4,2,1,9,inf
qLogEI,10,4,2,1,10,inf
qLogEI,10,4,2,1,11,inf
qLogEI,10,4,2,1,12,inf
qLogEI,10,4,2,1,13,inf
qLogEI,10,4,2,1,14,inf
qLogEI,10,4,2,1,15,inf
qLogEI,10,4,2,1,16,inf
qLogEI,10,4,2,1,17,inf
qLogEI,10,4,2,1,18,inf
qLogEI,10,4,2,1,19,inf
qLogEI,10,4,2,1,20,inf
qLogEI,10,4,2,1,21,inf
qLogEI,10,4,2,1,22,inf
qLogEI,10,4,2,1,23,inf
qLogEI,10,4,2,1,24,inf
qLogEI,10,4,2,1,25,inf
qLogEI,10,4,2,1,26,inf
qLogEI,10,4,2,1,27,inf
qLogEI,10,4,2,1,28,inf
qLogEI,10,4,2,1,29,inf
qLogEI,10,4,2,1,30,inf
qLogEI,10,4,2,1,31,inf
qLogEI,10,4,2,1,32,inf
qLogEI,10,4,2,1,33,inf
qLogEI,10,4,2,1,34,inf
qLogEI,10,4,2,1,35,inf
qLogEI,10,4,2,1,36,inf
qLogEI,10,4,2,1,37,inf
qLogEI,10,4,2,1,38,inf
qLogEI,10,4,2,1,39,inf
qLogEI,10,4,2,1,40,inf
qLogEI,10,4,2,1,41,inf
qLogEI,10,4,2,1,42,inf
qLogEI,10,4,2,1,43,inf
qLogEI,10,4,2,1,44,inf
qLogEI,10,4,2,1,45,inf
qLogEI,10,4,2,1,46,inf
qLogEI,10,4,2,1,47,inf
qLogEI,10,4,2,1,48,inf
qLogEI,10,4,2,1,49,inf
qLogEI,10,4,2,1,50,inf
qLogEI,10,4,2,1,51,inf
qLogEI,10,4,2,1,52,inf
qLogEI,10,4,2,1,53,inf
qLogEI,10,4,2,1,54,inf
qLogEI,10,4,2,1,55,inf
qLogEI,10,4,2,1,56,inf
qLogEI,10,4,2,1,57,inf
qLogEI,10,4,2,1,58,inf
qLogEI,10,4,2,1,59,inf
qLogEI,10,4,2,1,60,inf
qLogEI,10,4,2,1,61,inf
qLogEI,10,4,2,1,62,inf
qLogEI,10,4,2,1,63,inf
qLogEI,10,4,2,1,64,inf
qLogEI,10,4,2,1,65,inf
qLogEI,10,4,2,1,66,inf
qLogEI,10,4,2,1,67,inf
qLogEI,10,4,2,1,68,inf
qLogEI,10,4,2,1,69,inf
qLogEI,10,4,2,1,70,inf
qLogEI,10,4,2,1,71,inf
qLogEI,10,4,2,1,72,inf
qLogEI,10,4,2,1,73,inf
qLogEI,10,4,2,1,74,inf
qLogEI,10,4,2,1,75,inf
qLogEI,10,4,2,1,76,inf
qLogEI,10,4,2,1,77,inf
qLogEI,10,4,2,1,78,inf
qLogEI,10,4,2,1,79,inf
qLogEI,10,4,2,1,80,inf
qLogEI,10,4,2,1,81,inf
qLogEI,10,4,2,1,82,inf
qLogEI,10,4,2,1,83,inf
qLogEI,10,4,2,1,84,inf
qLogEI,10,4,2,1,85,inf
qLogEI,10,4,2,1,86,inf
qLogEI,10,4,2,1,87,inf
qLogEI,10,4,2,1,88,inf
qLogEI,10,4,2,1,89,inf
qLogEI,10,4,2,1,90,inf
qLogEI,10,4,2,1,91,inf
qLogEI,10,4,2,1,92,inf
qLogEI,10,4,2,1,93,inf
qLogEI,10,4,2,1,94,inf
qLogEI,10,4,2,1,95,inf
qLogEI,10,4,2,1,96,inf
qLogEI,10,4,2,1,97,inf
qLogEI,10,4,2,1,98,inf
qLogEI,10,4,2,1,99,inf
qLogEI,10,4,2,1,100,inf
RL,10,4,2,1,1,inf
RL,10,4,2,1,2,inf
RL,10,4,2,1,3,inf
RL,10,4,2,1,4,inf
RL,10,4,2,1,5,inf
RL,10,4,2,1,6,inf
RL,10,4,2,1,7,inf
RL,10,4,2,1,8,inf
RL,10,4,2,1,9,inf
RL,10,4,2,1,10,inf
RL,10,4,2,1,11,inf
RL,10,4,2,1,12,inf
RL,10,4,2,1,13,inf
RL,10,4,2,1,14,inf
RL,10,4,2,1,15,inf
RL,10,4,2,1,16,inf
RL,10,4,2,1,17,inf
RL,10,4,2,1,18,inf
RL,10,4,2,1,19,inf
RL,10,4,2,1,20,inf
RL,10,4,2,1,21,inf
RL,10,4,2,1,22,inf
RL,10,4,2,1,23,inf
RL,10,4,2,1,24,inf
RL,10,4,2,1,25,inf
RL,10,4,2,1,26,inf
RL,10,4,2,1,27,inf
RL,10,4,2,1,28,inf
RL,10,4,2,1,29,inf
RL,10,4,2,1,30,inf
RL,10,4,2,1,31,inf
RL,10,4,2,1,32,inf
RL,10,4,2,1,33,inf
RL,10,4,2,1,34,inf
RL,10,4,2,1,35,inf
RL,10,4,2,1,36,inf
RL,10,4,2,1,37,inf
RL,10,4,2,1,38,inf
RL,10,4,2,1,39,inf
RL,10,4,2,1,40,inf
RL,10,4,2,1,41,inf
RL,10,4,2,1,42,inf
RL,10,4,2,1,43,inf
RL,10,4,2,1,44,inf
RL,10,4,2,1,45,inf
RL,10,4,2,1,46,inf
RL,10,4,2,1,47,inf
RL,10,4,2,1,48,inf
RL,10,4,2,1,49,inf
RL,10,4,2,1,50,inf
RL,10,4,2,1,51,inf
RL,10,4,2,1,52,inf
RL,10,4,2,1,53,inf
RL,10,4,2,1,54,inf
RL,10,4,2,1,55,inf
RL,10,4,2,1,56,inf
RL,10,4,2,1,57,inf
RL,10,4,2,1,58,inf
RL,10,4,2,1,59,inf
RL,10,4,2,1,60,inf
RL,10,4,2,1,61,inf
RL,10,4,2,1,62,inf
RL,10,4,2,1,63,inf
RL,10,4,2,1,64,inf
RL,10,4,2,1,65,inf
RL,10,4,2,1,66,inf
RL,10,4,2,1,67,inf
RL,10,4,2,1,68,inf
RL,10,4,2,1,69,inf
RL,10,4,2,1,70,inf
RL,10,4,2,1,71,inf
RL,10,4,2,1,72,inf
RL,10,4,2,1,73,inf
RL,10,4,2,1,74,inf
RL,10,4,2,1,75,inf
RL,10,4,2,1,76,inf
RL,10,4,2,1,77,inf
RL,10,4,2,1,78,inf
RL,10,4,2,1,79,inf
RL,10,4,2,1,80,inf
RL,10,4,2,1,81,inf
RL,10,4,2,1,82,inf
RL,10,4,2,1,83,inf
RL,10,4,2,1,84,inf
RL,10,4,2,1,85,inf
RL,10,4,2,1,86,inf
RL,10,4,2,1,87,inf
RL,10,4,2,1,88,inf
RL,10,4,2,1,89,inf
RL,10,4,2,1,90,inf
RL,10,4,2,1,91,inf
RL,10,4,2,1,92,inf
RL,10,4,2,1,93,inf
RL,10,4,2,1,94,inf
RL,10,4,2,1,95,inf
RL,10,4,2,1,96,inf
RL,10,4,2,1,97,inf
RL,10,4,2,1,98,inf
RL,10,4,2,1,99,inf
RL,10,4,2,1,100,inf
Random,10,4,2,2,1,inf
Random,10,4,2,2,2,inf
Random,10,4,2,2,3,inf
Random,10,4,2,2,4,inf
Random,10,4,2,2,5,inf
Random,10,4,2,2,6,inf
Random,10,4,2,2,7,inf
Random,10,4,2,2,8,inf
Random,10,4,2,2,9,inf
Random,10,4,2,2,10,inf
Random,10,4,2,2,11,inf
Random,10,4,2,2,12,inf
Random,10,4,2,2,13,inf
Random,10,4,2,2,14,inf
Random,10,4,2,2,15,inf
Random,10,4,2,2,16,inf
Random,10,4,2,2,17,inf
Random,10,4,2,2,18,inf
Random,10,4,2,2,19,inf
Random,10,4,2,2,20,inf
Random,10,4,2,2,21,inf
Random,10,4,2,2,22,inf
Random,10,4,2,2,23,inf
Random,10,4,2,2,24,inf
Random,10,4,2,2,25,inf
Random,10,4,2,2,26,inf
Random,10,4,2,2,27,inf
Random,10,4,2,2,28,inf
Random,10,4,2,2,29,inf
Random,10,4,2,2,30,inf
Random,10,4,2,2,31,inf
Random,10,4,2,2,32,inf
Random,10,4,2,2,33,inf
Random,10,4,2,2,34,inf
Random,10,4,2,2,35,inf
Random,10,4,2,2,36,inf
Random,10,4,2,2,37,inf
Random,10,4,2,2,38,inf
Random,10,4,2,2,39,inf
Random,10,4,2,2,40,inf
Random,10,4,2,2,41,inf
Random,10,4,2,2,42,inf
Random,10,4,2,2,43,inf
Random,10,4,2,2,44,inf
Random,10,4,2,2,45,inf
Random,10,4,2,2,46,inf
Random,10,4,2,2,47,inf
Random,10,4,2,2,48,inf
Random,10,4,2,2,49,inf
Random,10,4,2,2,50,inf
Random,10,4,2,2,51,inf
Random,10,4,2,2,52,inf
Random,10,4,2,2,53,inf
Random,10,4,2,2,54,inf
Random,10,4,2,2,55,inf
Random,10,4,2,2,56,inf
Random,10,4,2,2,57,inf
Random,10,4,2,2,58,inf
Random,10,4,2,2,59,inf
Random,10,4,2,2,60,inf
Random,10,4,2,2,61,inf
Random,10,4,2,2,62,inf
Random,10,4,2,2,63,inf
Random,10,4,2,2,64,inf
Random,10,4,2,2,65,inf
Random,10,4,2,2,66,inf
Random,10,4,2,2,67,inf
Random,10,4,2,2,68,inf
Random,10,4,2,2,69,inf
Random,10,4,2,2,70,inf
Random,10,4,2,2,71,inf
Random,10,4,2,2,72,inf
Random,10,4,2,2,73,inf
Random,10,4,2,2,74,inf
Random,10,4,2,2,75,inf
Random,10,4,2,2,76,inf
Random,10,4,2,2,77,inf
Random,10,4,2,2,78,inf
Random,10,4,2,2,79,inf
Random,10,4,2,2,80,inf
Random,10,4,2,2,81,inf
Random,10,4,2,2,82,inf
Random,10,4,2,2,83,inf
Random,10,4,2,2,84,inf
Random,10,4,2,2,85,inf
Random,10,4,2,2,86,inf
Random,10,4,2,2,87,inf
Random,10,4,2,2,88,inf
Random,10,4,2,2,89,inf
Random,10,4,2,2,90,inf
Random,10,4,2,2,91,inf
Random,10,4,2,2,92,inf
Random,10,4,2,2,93,inf
Random,10,4,2,2,94,inf
Random,10,4,2,2,95,inf
Random,10,4,2,2,96,inf
Random,10,4,2,2,97,inf
Random,10,4,2,2,98,inf
Random,10,4,2,2,99,inf
Random,10,4,2,2,100,inf
qLogEI,10,4,2,2,1,inf
qLogEI,10,4,2,2,2,inf
qLogEI,10,4,2,2,3,inf
qLogEI,10,4,2,2,4,inf
qLogEI,10,4,2,2,5,inf
qLogEI,10,4,2,2,6,inf
qLogEI,10,4,2,2,7,inf
qLogEI,10,4,2,2,8,inf
qLogEI,10,4,2,2,9,inf
qLogEI,10,4,2,2,10,inf
qLogEI,10,4,2,2,11,inf
qLogEI,10,4,2,2,12,inf
qLogEI,10,4,2,2,13,inf
qLogEI,10,4,2,2,14,inf
qLogEI,10,4,2,2,15,inf
qLogEI,10,4,2,2,16,inf
qLogEI,10,4,2,2,17,inf
qLogEI,10,4,2,2,18,inf
qLogEI,10,4,2,2,19,inf
qLogEI,10,4,2,2,20,inf
qLogEI,10,4,2,2,21,inf
qLogEI,10,4,2,2,22,inf
qLogEI,10,4,2,2,23,inf
qLogEI,10,4,2,2,24,inf
qLogEI,10,4,2,2,25,inf
qLogEI,10,4,2,2,26,inf
qLogEI,10,4,2,2,27,inf
qLogEI,10,4,2,2,28,inf
qLogEI,10,4,2,2,29,inf
qLogEI,10,4,2,2,30,inf
qLogEI,10,4,2,2,31,inf
qLogEI,10,4,2,2,32,inf
qLogEI,10,4,2,2,33,inf
qLogEI,10,4,2,2,34,inf
qLogEI,10,4,2,2,35,inf
qLogEI,10,4,2,2,36,inf
qLogEI,10,4,2,2,37,inf
qLogEI,10,4,2,2,38,inf
qLogEI,10,4,2,2,39,inf
qLogEI,10,4,2,2,40,inf
qLogEI,10,4,2,2,41,inf
qLogEI,10,4,2,2,42,inf
qLogEI,10,4,2,2,43,inf
qLogEI,10,4,2,2,44,inf
qLogEI,10,4,2,2,45,inf
qLogEI,10,4,2,2,46,inf
qLogEI,10,4,2,2,47,inf
qLogEI,10,4,2,2,48,inf
qLogEI,10,4,2,2,49,inf
qLogEI,10,4,2,2,50,inf
qLogEI,10,4,2,2,51,inf
qLogEI,10,4,2,2,52,inf
qLogEI,10,4,2,2,53,inf
qLogEI,10,4,2,2,54,inf
qLogEI,10,4,2,2,55,inf
qLogEI,10,4,2,2,56,inf
qLogEI,10,4,2,2,57,inf
qLogEI,10,4,2,2,58,inf
qLogEI,10,4,2,2,59,inf
qLogEI,10,4,2,2,60,inf
qLogEI,10,4,2,2,61,inf
qLogEI,10,4,2,2,62,inf
qLogEI,10,4,2,2,63,inf
qLogEI,10,4,2,2,64,inf
qLogEI,10,4,2,2,65,inf
qLogEI,10,4,2,2,66,inf
qLogEI,10,4,2,2,67,inf
qLogEI,10,4,2,2,68,inf
qLogEI,10,4,2,2,69,inf
qLogEI,10,4,2,2,70,inf
qLogEI,10,4,2,2,71,inf
qLogEI,10,4,2,2,72,inf
qLogEI,10,4,2,2,73,inf
qLogEI,10,4,2,2,74,inf
qLogEI,10,4,2,2,75,inf
qLogEI,10,4,2,2,76,inf
qLogEI,10,4,2,2,77,inf
qLogEI,10,4,2,2,78,inf
qLogEI,10,4,2,2,79,inf
qLogEI,10,4,2,2,80,inf
qLogEI,10,4,2,2,81,inf
qLogEI,10,4,2,2,82,inf
qLogEI,10,4,2,2,83,inf
qLogEI,10,4,2,2,84,inf
qLogEI,10,4,2,2,85,inf
qLogEI,10,4,2,2,86,inf
qLogEI,10,4,2,2,87,inf
qLogEI,10,4,2,2,88,inf
qLogEI,10,4,2,2,89,inf
qLogEI,10,4,2,2,90,inf
qLogEI,10,4,2,2,91,inf
qLogEI,10,4,2,2,92,inf
qLogEI,10,4,2,2,93,inf
qLogEI,10,4,2,2,94,inf
qLogEI,10,4,2,2,95,inf
qLogEI,10,4,2,2,96,inf
qLogEI,10,4,2,2,97,inf
qLogEI,10,4,2,2,98,inf
qLogEI,10,4,2,2,99,inf
qLogEI,10,4,2,2,100,inf
RL,10,4,2,2,1,inf
RL,10,4,2,2,2,inf
RL,10,4,2,2,3,inf
RL,10,4,2,2,4,inf
RL,10,4,2,2,5,inf
RL,10,4,2,2,6,inf
RL,10,4,2,2,7,inf
RL,10,4,2,2,8,inf
RL,10,4,2,2,9,inf
RL,10,4,2,2,10,inf
RL,10,4,2,2,11,inf
RL,10,4,2,2,12,inf
RL,10,4,2,2,13,inf
RL,10,4,2,2,14,inf
RL,10,4,2,2,15,inf
RL,10,4,2,2,16,inf
RL,10,4,2,2,17,inf
RL,10,4,2,2,18,inf
RL,10,4,2,2,19,inf
RL,10,4,2,2,20,inf
RL,10,4,2,2,21,inf
RL,10,4,2,2,22,inf
RL,10,4,2,2,23,inf
RL,10,4,2,2,24,inf
RL,10,4,2,2,25,inf
RL,10,4,2,2,26,inf
RL,10,4,2,2,27,inf
RL,10,4,2,2,28,inf
RL,10,4,2,2,29,inf
RL,10,4,2,2,30,inf
RL,10,4,2,2,31,inf
RL,10,4,2,2,32,inf
RL,10,4,2,2,33,inf
RL,10,4,2,2,34,inf
RL,10,4,2,2,35,inf
RL,10,4,2,2,36,inf
RL,10,4,2,2,37,inf
RL,10,4,2,2,38,inf
RL,10,4,2,2,39,inf
RL,10,4,2,2,40,inf
RL,10,4,2,2,41,inf
RL,10,4,2,2,42,inf
RL,10,4,2,2,43,inf
RL,10,4,2,2,44,inf
RL,10,4,2,2,45,inf
RL,10,4,2,2,46,inf
RL,10,4,2,2,47,inf
RL,10,4,2,2,48,inf
RL,10,4,2,2,49,inf
RL,10,4,2,2,50,inf
RL,10,4,2,2,51,inf
RL,10,4,2,2,52,inf
RL,10,4,2,2,53,inf
RL,10,4,2,2,54,inf
RL,10,4,2,2,55,inf
RL,10,4,2,2,56,inf
RL,10,4,2,2,57,inf
RL,10,4,2,2,58,inf
RL,10,4,2,2,59,inf
RL,10,4,2,2,60,inf
RL,10,4,2,2,61,inf
RL,10,4,2,2,62,inf
RL,10,4,2,2,63,inf
RL,10,4,2,2,64,inf
RL,10,4,2,2,65,inf
RL,10,4,2,2,66,inf
RL,10,4,2,2,67,inf
RL,10,4,2,2,68,inf
RL,10,4,2,2,69,inf
RL,10,4,2,2,70,inf
RL,10,4,2,2,71,inf
RL,10,4,2,2,72,inf
RL,10,4,2,2,73,inf
RL,10,4,2,2,74,inf
RL,10,4,2,2,75,inf
RL,10,4,2,2,76,inf
RL,10,4,2,2,77,inf
RL,10,4,2,2,78,inf
RL,10,4,2,2,79,inf
RL,10,4,2,2,80,inf
RL,10,4,2,2,81,inf
RL,10,4,2,2,82,inf
RL,10,4,2,2,83,inf
RL,10,4,2,2,84,inf
RL,10,4,2,2,85,inf
RL,10,4,2,2,86,inf
RL,10,4,2,2,87,inf
RL,10,4,2,2,88,inf
RL,10,4,2,2,89,inf
RL,10,4,2,2,90,inf
RL,10,4,2,2,91,inf
RL,10,4,2,2,92,inf
RL,10,4,2,2,93,inf
RL,10,4,2,2,94,inf
RL,10,4,2,2,95,inf
RL,10,4,2,2,96,inf
RL,10,4,2,2,97,inf
RL,10,4,2,2,98,inf
RL,10,4,2,2,99,inf
RL,10,4,2,2,100,inf
Random,10,4,2,3,1,inf
Random,10,4,2,3,2,inf
Random,10,4,2,3,3,inf
Random,10,4,2,3,4,inf
Random,10,4,2,3,5,inf
Random,10,4,2,3,6,inf
Random,10,4,2,3,7,inf
Random,10,4,2,3,8,inf
Random,10,4,2,3,9,inf
Random,10,4,2,3,10,inf
Random,10,4,2,3,11,inf
Random,10,4,2,3,12,inf
Random,10,4,2,3,13,inf
Random,10,4,2,3,14,inf
Random,10,4,2,3,15,inf
Random,10,4,2,3,16,inf
Random,10,4,2,3,17,inf
Random,10,4,2,3,18,inf
Random,10,4,2,3,19,inf
Random,10,4,2,3,20,inf
Random,10,4,2,3,21,inf
Random,10,4,2,3,22,inf
Random,10,4,2,3,23,inf
Random,10,4,2,3,24,inf
Random,10,4,2,3,25,inf
Random,10,4,2,3,26,inf
Random,10,4,2,3,27,inf
Random,10,4,2,3,28,inf
Random,10,4,2,3,29,inf
Random,10,4,2,3,30,inf
Random,10,4,2,3,31,inf
Random,10,4,2,3,32,inf
Random,10,4,2,3,33,inf
Random,10,4,2,3,34,inf
Random,10,4,2,3,35,inf
Random,10,4,2,3,36,inf
Random,10,4,2,3,37,inf
Random,10,4,2,3,38,inf
Random,10,4,2,3,39,inf
Random,10,4,2,3,40,inf
Random,10,4,2,3,41,inf
Random,10,4,2,3,42,inf
Random,10,4,2,3,43,inf
Random,10,4,2,3,44,inf
Random,10,4,2,3,45,inf
Random,10,4,2,3,46,inf
Random,10,4,2,3,47,inf
Random,10,4,2,3,48,inf
Random,10,4,2,3,49,inf
Random,10,4,2,3,50,inf
Random,10,4,2,3,51,inf
Random,10,4,2,3,52,inf
Random,10,4,2,3,53,inf
Random,10,4,2,3,54,inf
Random,10,4,2,3,55,inf
Random,10,4,2,3,56,inf
Random,10,4,2,3,57,inf
Random,10,4,2,3,58,inf
Random,10,4,2,3,59,inf
Random,10,4,2,3,60,inf
Random,10,4,2,3,61,inf
Random,10,4,2,3,62,inf
Random,10,4,2,3,63,inf
Random,10,4,2,3,64,inf
Random,10,4,2,3,65,inf
Random,10,4,2,3,66,inf
Random,10,4,2,3,67,inf
Random,10,4,2,3,68,inf
Random,10,4,2,3,69,inf
Random,10,4,2,3,70,inf
Random,10,4,2,3,71,inf
Random,10,4,2,3,72,inf
Random,10,4,2,3,73,inf
Random,10,4,2,3,74,inf
Random,10,4,2,3,75,inf
Random,10,4,2,3,76,inf
Random,10,4,2,3,77,inf
Random,10,4,2,3,78,inf
Random,10,4,2,3,79,inf
Random,10,4,2,3,80,inf
Random,10,4,2,3,81,inf
Random,10,4,2,3,82,inf
Random,10,4,2,3,83,inf
Random,10,4,2,3,84,inf
Random,10,4,2,3,85,inf
Random,10,4,2,3,86,inf
Random,10,4,2,3,87,inf
Random,10,4,2,3,88,inf
Random,10,4,2,3,89,inf
Random,10,4,2,3,90,inf
Random,10,4,2,3,91,inf
Random,10,4,2,3,92,inf
Random,10,4,2,3,93,inf
Random,10,4,2,3,94,inf
Random,10,4,2,3,95,inf
Random,10,4,2,3,96,inf
Random,10,4,2,3,97,inf
Random,10,4,2,3,98,inf
Random,10,4,2,3,99,inf
Random,10,4,2,3,100,inf
qLogEI,10,4,2,3,1,inf
qLogEI,10,4,2,3,2,inf
qLogEI,10,4,2,3,3,inf
qLogEI,10,4,2,3,4,inf
qLogEI,10,4,2,3,5,inf
qLogEI,10,4,2,3,6,inf
qLogEI,10,4,2,3,7,inf
qLogEI,10,4,2,3,8,inf
qLogEI,10,4,2,3,9,inf
qLogEI,10,4,2,3,10,inf
qLogEI,10,4,2,3,11,inf
qLogEI,10,4,2,3,12,inf
qLogEI,10,4,2,3,13,inf
qLogEI,10,4,2,3,14,inf
qLogEI,10,4,2,3,15,inf
qLogEI,10,4,2,3,16,inf
qLogEI,10,4,2,3,17,inf
qLogEI,10,4,2,3,18,inf
qLogEI,10,4,2,3,19,inf
qLogEI,10,4,2,3,20,inf
qLogEI,10,4,2,3,21,inf
qLogEI,10,4,2,3,22,inf
qLogEI,10,4,2,3,23,inf
qLogEI,10,4,2,3,24,inf
qLogEI,10,4,2,3,25,inf
qLogEI,10,4,2,3,26,inf
qLogEI,10,4,2,3,27,inf
qLogEI,10,4,2,3,28,inf
qLogEI,10,4,2,3,29,inf
qLogEI,10,4,2,3,30,inf
qLogEI,10,4,2,3,31,inf
qLogEI,10,4,2,3,32,inf
qLogEI,10,4,2,3,33,inf
qLogEI,10,4,2,3,34,inf
qLogEI,10,4,2,3,35,inf
qLogEI,10,4,2,3,36,inf
qLogEI,10,4,2,3,37,inf
qLogEI,10,4,2,3,38,inf
qLogEI,10,4,2,3,39,inf
qLogEI,10,4,2,3,40,inf
qLogEI,10,4,2,3,41,inf
qLogEI,10,4,2,3,42,inf
qLogEI,10,4,2,3,43,inf
qLogEI,10,4,2,3,44,inf
qLogEI,10,4,2,3,45,inf
qLogEI,10,4,2,3,46,inf
qLogEI,10,4,2,3,47,inf
qLogEI,10,4,2,3,48,inf
qLogEI,10,4,2,3,49,inf
qLogEI,10,4,2,3,50,inf
qLogEI,10,4,2,3,51,inf
qLogEI,10,4,2,3,52,inf
qLogEI,10,4,2,3,53,inf
qLogEI,10,4,2,3,54,inf
qLogEI,10,4,2,3,55,inf
qLogEI,10,4,2,3,56,inf
qLogEI,10,4,2,3,57,inf
qLogEI,10,4,2,3,58,inf
qLogEI,10,4,2,3,59,inf
qLogEI,10,4,2,3,60,inf
qLogEI,10,4,2,3,61,inf
qLogEI,10,4,2,3,62,inf
qLogEI,10,4,2,3,63,inf
qLogEI,10,4,2,3,64,inf
qLogEI,10,4,2,3,65,inf
qLogEI,10,4,2,3,66,inf
qLogEI,10,4,2,3,67,inf
qLogEI,10,4,2,3,68,inf
qLogEI,10,4,2,3,69,inf
qLogEI,10,4,2,3,70,inf
qLogEI,10,4,2,3,71,inf
qLogEI,10,4,2,3,72,inf
qLogEI,10,4,2,3,73,inf
qLogEI,10,4,2,3,74,inf
qLogEI,10,4,2,3,75,inf
qLogEI,10,4,2,3,76,inf
qLogEI,10,4,2,3,77,inf
qLogEI,10,4,2,3,78,inf
qLogEI,10,4,2,3,79,inf
qLogEI,10,4,2,3,80,inf
qLogEI,10,4,2,3,81,inf
qLogEI,10,4,2,3,82,inf
qLogEI,10,4,2,3,83,inf
qLogEI,10,4,2,3,84,inf
qLogEI,10,4,2,3,85,inf
qLogEI,10,4,2,3,86,inf
qLogEI,10,4,2,3,87,inf
qLogEI,10,4,2,3,88,inf
qLogEI,10,4,2,3,89,inf
qLogEI,10,4,2,3,90,inf
qLogEI,10,4,2,3,91,inf
qLogEI,10,4,2,3,92,inf
qLogEI,10,4,2,3,93,inf
qLogEI,10,4,2,3,94,inf
qLogEI,10,4,2,3,95,inf
qLogEI,10,4,2,3,96,inf
qLogEI,10,4,2,3,97,inf
qLogEI,10,4,2,3,98,inf
qLogEI,10,4,2,3,99,inf
qLogEI,10,4,2,3,100,inf
RL,10,4,2,3,1,inf
RL,10,4,2,3,2,inf
RL,10,4,2,3,3,inf
RL,10,4,2,3,4,inf
RL,10,4,2,3,5,inf
RL,10,4,2,3,6,inf
RL,10,4,2,3,7,inf
RL,10,4,2,3,8,inf
RL,10,4,2,3,9,inf
RL,10,4,2,3,10,inf
RL,10,4,2,3,11,inf
RL,10,4,2,3,12,inf
RL,10,4,2,3,13,inf
RL,10,4,2,3,14,inf
RL,10,4,2,3,15,inf
RL,10,4,2,3,16,inf
RL,10,4,2,3,17,inf
RL,10,4,2,3,18,inf
RL,10,4,2,3,19,inf
RL,10,4,2,3,20,inf
RL,10,4,2,3,21,inf
RL,10,4,2,3,22,inf
RL,10,4,2,3,23,inf
RL,10,4,2,3,24,inf
RL,10,4,2,3,25,inf
RL,10,4,2,3,26,inf
RL,10,4,2,3,27,inf
RL,10,4,2,3,28,inf
RL,10,4,2,3,29,inf
RL,10,4,2,3,30,inf
RL,10,4,2,3,31,inf
RL,10,4,2,3,32,inf
RL,10,4,2,3,33,inf
RL,10,4,2,3,34,inf
RL,10,4,2,3,35,inf
RL,10,4,2,3,36,inf
RL,10,4,2,3,37,inf
RL,10,4,2,3,38,inf
RL,10,4,2,3,39,inf
RL,10,4,2,3,40,inf
RL,10,4,2,3,41,inf
RL,10,4,2,3,42,inf
RL,10,4,2,3,43,inf
RL,10,4,2,3,44,inf
RL,10,4,2,3,45,inf
RL,10,4,2,3,46,inf
RL,10,4,2,3,47,inf
RL,10,4,2,3,48,inf
RL,10,4,2,3,49,inf
RL,10,4,2,3,50,inf
RL,10,4,2,3,51,inf
RL,10,4,2,3,52,inf
RL,10,4,2,3,53,inf
RL,10,4,2,3,54,inf
RL,10,4,2,3,55,inf
RL,10,4,2,3,56,inf
RL,10,4,2,3,57,inf
RL,10,4,2,3,58,inf
RL,10,4,2,3,59,inf
RL,10,4,2,3,60,inf
RL,10,4,2,3,61,inf
RL,10,4,2,3,62,inf
RL,10,4,2,3,63,inf
RL,10,4,2,3,64,inf
RL,10,4,2,3,65,inf
RL,10,4,2,3,66,inf
RL,10,4,2,3,67,inf
RL,10,4,2,3,68,inf
RL,10,4,2,3,69,inf
RL,10,4,2,3,70,inf
RL,10,4,2,3,71,inf
RL,10,4,2,3,72,inf
RL,10,4,2,3,73,inf
RL,10,4,2,3,74,inf
RL,10,4,2,3,75,inf
RL,10,4,2,3,76,inf
RL,10,4,2,3,77,inf
RL,10,4,2,3,78,inf
RL,10,4,2,3,79,inf
RL,10,4,2,3,80,inf
RL,10,4,2,3,81,inf
RL,10,4,2,3,82,inf
RL,10,4,2,3,83,inf
RL,10,4,2,3,84,inf
RL,10,4,2,3,85,inf
RL,10,4,2,3,86,inf
RL,10,4,2,3,87,inf
RL,10,4,2,3,88,inf
RL,10,4,2,3,89,inf
RL,10,4,2,3,90,inf
RL,10,4,2,3,91,inf
RL,10,4,2,3,92,inf
RL,10,4,2,3,93,inf
RL,10,4,2,3,94,inf
RL,10,4,2,3,95,inf
RL,10,4,2,3,96,inf
RL,10,4,2,3,97,inf
RL,10,4,2,3,98,inf
RL,10,4,2,3,99,inf
RL,10,4,2,3,100,inf
Random,10,4,2,4,1,inf
Random,10,4,2,4,2,inf
Random,10,4,2,4,3,inf
Random,10,4,2,4,4,inf
Random,10,4,2,4,5,inf
Random,10,4,2,4,6,inf
Random,10,4,2,4,7,inf
Random,10,4,2,4,8,inf
Random,10,4,2,4,9,inf
Random,10,4,2,4,10,inf
Random,10,4,2,4,11,inf
Random,10,4,2,4,12,inf
Random,10,4,2,4,13,inf
Random,10,4,2,4,14,inf
Random,10,4,2,4,15,inf
Random,10,4,2,4,16,inf
Random,10,4,2,4,17,inf
Random,10,4,2,4,18,inf
Random,10,4,2,4,19,inf
Random,10,4,2,4,20,inf
Random,10,4,2,4,21,inf
Random,10,4,2,4,22,inf
Random,10,4,2,4,23,inf
Random,10,4,2,4,24,inf
Random,10,4,2,4,25,inf
Random,10,4,2,4,26,inf
Random,10,4,2,4,27,inf
Random,10,4,2,4,28,inf
Random,10,4,2,4,29,inf
Random,10,4,2,4,30,inf
Random,10,4,2,4,31,inf
Random,10,4,2,4,32,inf
Random,10,4,2,4,33,inf
Random,10,4,2,4,34,inf
Random,10,4,2,4,35,inf
Random,10,4,2,4,36,inf
Random,10,4,2,4,37,inf
Random,10,4,2,4,38,inf
Random,10,4,2,4,39,inf
Random,10,4,2,4,40,inf
Random,10,4,2,4,41,inf
Random,10,4,2,4,42,inf
Random,10,4,2,4,43,inf
Random,10,4,2,4,44,inf
Random,10,4,2,4,45,inf
Random,10,4,2,4,46,inf
Random,10,4,2,4,47,inf
Random,10,4,2,4,48,inf
Random,10,4,2,4,49,inf
Random,10,4,2,4,50,inf
Random,10,4,2,4,51,inf
Random,10,4,2,4,52,inf
Random,10,4,2,4,53,inf
Random,10,4,2,4,54,inf
Random,10,4,2,4,55,inf
Random,10,4,2,4,56,inf
Random,10,4,2,4,57,inf
Random,10,4,2,4,58,inf
Random,10,4,2,4,59,inf
Random,10,4,2,4,60,inf
Random,10,4,2,4,61,inf
Random,10,4,2,4,62,inf
Random,10,4,2,4,63,inf
Random,10,4,2,4,64,inf
Random,10,4,2,4,65,inf
Random,10,4,2,4,66,inf
Random,10,4,2,4,67,inf
Random,10,4,2,4,68,inf
Random,10,4,2,4,69,inf
Random,10,4,2,4,70,inf
Random,10,4,2,4,71,inf
Random,10,4,2,4,72,inf
Random,10,4,2,4,73,inf
Random,10,4,2,4,74,inf
Random,10,4,2,4,75,inf
Random,10,4,2,4,76,inf
Random,10,4,2,4,77,inf
Random,10,4,2,4,78,inf
Random,10,4,2,4,79,inf
Random,10,4,2,4,80,inf
Random,10,4,2,4,81,inf
Random,10,4,2,4,82,inf
Random,10,4,2,4,83,inf
Random,10,4,2,4,84,inf
Random,10,4,2,4,85,inf
Random,10,4,2,4,86,inf
Random,10,4,2,4,87,inf
Random,10,4,2,4,88,inf
Random,10,4,2,4,89,inf
Random,10,4,2,4,90,inf
Random,10,4,2,4,91,inf
Random,10,4,2,4,92,inf
Random,10,4,2,4,93,inf
Random,10,4,2,4,94,inf
Random,10,4,2,4,95,inf
Random,10,4,2,4,96,inf
Random,10,4,2,4,97,inf
Random,10,4,2,4,98,inf
Random,10,4,2,4,99,inf
Random,10,4,2,4,100,inf
qLogEI,10,4,2,4,1,inf
qLogEI,10,4,2,4,2,inf
qLogEI,10,4,2,4,3,inf
qLogEI,10,4,2,4,4,inf
qLogEI,10,4,2,4,5,inf
qLogEI,10,4,2,4,6,inf
qLogEI,10,4,2,4,7,inf
qLogEI,10,4,2,4,8,inf
qLogEI,10,4,2,4,9,inf
qLogEI,10,4,2,4,10,inf
qLogEI,10,4,2,4,11,inf
qLogEI,10,4,2,4,12,inf
qLogEI,10,4,2,4,13,inf
qLogEI,10,4,2,4,14,inf
qLogEI,10,4,2,4,15,inf
qLogEI,10,4,2,4,16,inf
qLogEI,10,4,2,4,17,inf
qLogEI,10,4,2,4,18,inf
qLogEI,10,4,2,4,19,inf
qLogEI,10,4,2,4,20,inf
qLogEI,10,4,2,4,21,inf
qLogEI,10,4,2,4,22,inf
qLogEI,10,4,2,4,23,inf
qLogEI,10,4,2,4,24,inf
qLogEI,10,4,2,4,25,inf
qLogEI,10,4,2,4,26,inf
qLogEI,10,4,2,4,27,inf
qLogEI,10,4,2,4,28,inf
qLogEI,10,4,2,4,29,inf
qLogEI,10,4,2,4,30,inf
qLogEI,10,4,2,4,31,inf
qLogEI,10,4,2,4,32,inf
qLogEI,10,4,2,4,33,inf
qLogEI,10,4,2,4,34,inf
qLogEI,10,4,2,4,35,inf
qLogEI,10,4,2,4,36,inf
qLogEI,10,4,2,4,37,inf
qLogEI,10,4,2,4,38,inf
qLogEI,10,4,2,4,39,inf
qLogEI,10,4,2,4,40,inf
qLogEI,10,4,2,4,41,inf
qLogEI,10,4,2,4,42,inf
qLogEI,10,4,2,4,43,inf
qLogEI,10,4,2,4,44,inf
qLogEI,10,4,2,4,45,inf
qLogEI,10,4,2,4,46,inf
qLogEI,10,4,2,4,47,inf
qLogEI,10,4,2,4,48,inf
qLogEI,10,4,2,4,49,inf
qLogEI,10,4,2,4,50,inf
qLogEI,10,4,2,4,51,inf
qLogEI,10,4,2,4,52,inf
qLogEI,10,4,2,4,53,inf
qLogEI,10,4,2,4,54,inf
qLogEI,10,4,2,4,55,inf
qLogEI,10,4,2,4,56,inf
qLogEI,10,4,2,4,57,inf
qLogEI,10,4,2,4,58,inf
qLogEI,10,4,2,4,59,inf
qLogEI,10,4,2,4,60,inf
qLogEI,10,4,2,4,61,inf
qLogEI,10,4,2,4,62,inf
qLogEI,10,4,2,4,63,inf
qLogEI,10,4,2,4,64,inf
qLogEI,10,4,2,4,65,inf
qLogEI,10,4,2,4,66,inf
qLogEI,10,4,2,4,67,inf
qLogEI,10,4,2,4,68,inf
qLogEI,10,4,2,4,69,inf
qLogEI,10,4,2,4,70,inf
qLogEI,10,4,2,4,71,inf
qLogEI,10,4,2,4,72,inf
qLogEI,10,4,2,4,73,inf
qLogEI,10,4,2,4,74,inf
qLogEI,10,4,2,4,75,inf
qLogEI,10,4,2,4,76,inf
qLogEI,10,4,2,4,77,inf
qLogEI,10,4,2,4,78,inf
qLogEI,10,4,2,4,79,inf
qLogEI,10,4,2,4,80,inf
qLogEI,10,4,2,4,81,inf
qLogEI,10,4,2,4,82,inf
qLogEI,10,4,2,4,83,inf
qLogEI,10,4,2,4,84,inf
qLogEI,10,4,2,4,85,inf
qLogEI,10,4,2,4,86,inf
qLogEI,10,4,2,4,87,inf
qLogEI,10,4,2,4,88,inf
qLogEI,10,4,2,4,89,inf
qLogEI,10,4,2,4,90,inf
qLogEI,10,4,2,4,91,inf
qLogEI,10,4,2,4,92,inf
qLogEI,10,4,2,4,93,inf
qLogEI,10,4,2,4,94,inf
qLogEI,10,4,2,4,95,inf
qLogEI,10,4,2,4,96,inf
qLogEI,10,4,2,4,97,inf
qLogEI,10,4,2,4,98,inf
qLogEI,10,4,2,4,99,inf
qLogEI,10,4,2,4,100,inf
RL,10,4,2,4,1,inf
RL,10,4,2,4,2,inf
RL,10,4,2,4,3,inf
RL,10,4,2,4,4,inf
RL,10,4,2,4,5,inf
RL,10,4,2,4,6,inf
RL,10,4,2,4,7,inf
RL,10,4,2,4,8,inf
RL,10,4,2,4,9,inf
RL,10,4,2,4,10,inf
RL,10,4,2,4,11,inf
RL,10,4,2,4,12,inf
RL,10,4,2,4,13,inf
RL,10,4,2,4,14,inf
RL,10,4,2,4,15,inf
RL,10,4,2,4,16,inf
RL,10,4,2,4,17,inf
RL,10,4,2,4,18,inf
RL,10,4,2,4,19,inf
RL,10,4,2,4,20,inf
RL,10,4,2,4,21,inf
RL,10,4,2,4,22,inf
RL,10,4,2,4,23,inf
RL,10,4,2,4,24,inf
RL,10,4,2,4,25,inf
RL,10,4,2,4,26,inf
RL,10,4,2,4,27,inf
RL,10,4,2,4,28,inf
RL,10,4,2,4,29,inf
RL,10,4,2,4,30,inf
RL,10,4,2,4,31,inf
RL,10,4,2,4,32,inf
RL,10,4,2,4,33,inf
RL,10,4,2,4,34,inf
RL,10,4,2,4,35,inf
RL,10,4,2,4,36,inf
RL,10,4,2,4,37,inf
RL,10,4,2,4,38,inf
RL,10,4,2,4,39,inf
RL,10,4,2,4,40,inf
RL,10,4,2,4,41,inf
RL,10,4,2,4,42,inf
RL,10,4,2,4,43,inf
RL,10,4,2,4,44,inf
RL,10,4,2,4,45,inf
RL,10,4,2,4,46,inf
RL,10,4,2,4,47,inf
RL,10,4,2,4,48,inf
RL,10,4,2,4,49,inf
RL,10,4,2,4,50,inf
RL,10,4,2,4,51,inf
RL,10,4,2,4,52,inf
RL,10,4,2,4,53,inf
RL,10,4,2,4,54,inf
RL,10,4,2,4,55,inf
RL,10,4,2,4,56,inf
RL,10,4,2,4,57,inf
RL,10,4,2,4,58,inf
RL,10,4,2,4,59,inf
RL,10,4,2,4,60,inf
RL,10,4,2,4,61,inf
RL,10,4,2,4,62,inf
RL,10,4,2,4,63,inf
RL,10,4,2,4,64,inf
RL,10,4,2,4,65,inf
RL,10,4,2,4,66,inf
RL,10,4,2,4,67,inf
RL,10,4,2,4,68,inf
RL,10,4,2,4,69,inf
RL,10,4,2,4,70,inf
RL,10,4,2,4,71,inf
RL,10,4,2,4,72,inf
RL,10,4,2,4,73,inf
RL,10,4,2,4,74,inf
RL,10,4,2,4,75,inf
RL,10,4,2,4,76,inf
RL,10,4,2,4,77,inf
RL,10,4,2,4,78,inf
RL,10,4,2,4,79,inf
RL,10,4,2,4,80,inf
RL,10,4,2,4,81,inf
RL,10,4,2,4,82,inf
RL,10,4,2,4,83,inf
RL,10,4,2,4,84,inf
RL,10,4,2,4,85,inf
RL,10,4,2,4,86,inf
RL,10,4,2,4,87,inf
RL,10,4,2,4,88,inf
RL,10,4,2,4,89,inf
RL,10,4,2,4,90,inf
RL,10,4,2,4,91,inf
RL,10,4,2,4,92,inf
RL,10,4,2,4,93,inf
RL,10,4,2,4,94,inf
RL,10,4,2,4,95,inf
RL,10,4,2,4,96,inf
RL,10,4,2,4,97,inf
RL,10,4,2,4,98,inf
RL,10,4,2,4,99,inf
RL,10,4,2,4,100,inf
Random,10,4,3,0,1,inf
Random,10,4,3,0,2,inf
Random,10,4,3,0,3,inf
Random,10,4,3,0,4,inf
Random,10,4,3,0,5,inf
Random,10,4,3,0,6,inf
Random,10,4,3,0,7,inf
Random,10,4,3,0,8,inf
Random,10,4,3,0,9,inf
Random,10,4,3,0,10,inf
Random,10,4,3,0,11,inf
Random,10,4,3,0,12,inf
Random,10,4,3,0,13,inf
Random,10,4,3,0,14,inf
Random,10,4,3,0,15,inf
Random,10,4,3,0,16,inf
Random,10,4,3,0,17,inf
Random,10,4,3,0,18,inf
Random,10,4,3,0,19,inf
Random,10,4,3,0,20,inf
Random,10,4,3,0,21,inf
Random,10,4,3,0,22,inf
Random,10,4,3,0,23,inf
Random,10,4,3,0,24,inf
Random,10,4,3,0,25,inf
Random,10,4,3,0,26,inf
Random,10,4,3,0,27,inf
Random,10,4,3,0,28,inf
Random,10,4,3,0,29,inf
Random,10,4,3,0,30,inf
Random,10,4,3,0,31,inf
Random,10,4,3,0,32,inf
Random,10,4,3,0,33,inf
Random,10,4,3,0,34,inf
Random,10,4,3,0,35,inf
Random,10,4,3,0,36,inf
Random,10,4,3,0,37,inf
Random,10,4,3,0,38,inf
Random,10,4,3,0,39,inf
Random,10,4,3,0,40,inf
Random,10,4,3,0,41,inf
Random,10,4,3,0,42,inf
Random,10,4,3,0,43,inf
Random,10,4,3,0,44,inf
Random,10,4,3,0,45,inf
Random,10,4,3,0,46,inf
Random,10,4,3,0,47,inf
Random,10,4,3,0,48,inf
Random,10,4,3,0,49,inf
Random,10,4,3,0,50,inf
Random,10,4,3,0,51,inf
Random,10,4,3,0,52,inf
Random,10,4,3,0,53,inf
Random,10,4,3,0,54,inf
Random,10,4,3,0,55,inf
Random,10,4,3,0,56,inf
Random,10,4,3,0,57,inf
Random,10,4,3,0,58,inf
Random,10,4,3,0,59,inf
Random,10,4,3,0,60,inf
Random,10,4,3,0,61,inf
Random,10,4,3,0,62,inf
Random,10,4,3,0,63,inf
Random,10,4,3,0,64,inf
Random,10,4,3,0,65,inf
Random,10,4,3,0,66,inf
Random,10,4,3,0,67,inf
Random,10,4,3,0,68,inf
Random,10,4,3,0,69,inf
Random,10,4,3,0,70,inf
Random,10,4,3,0,71,inf
Random,10,4,3,0,72,inf
Random,10,4,3,0,73,inf
Random,10,4,3,0,74,inf
Random,10,4,3,0,75,inf
Random,10,4,3,0,76,inf
Random,10,4,3,0,77,inf
Random,10,4,3,0,78,inf
Random,10,4,3,0,79,inf
Random,10,4,3,0,80,inf
Random,10,4,3,0,81,inf
Random,10,4,3,0,82,inf
Random,10,4,3,0,83,inf
Random,10,4,3,0,84,inf
Random,10,4,3,0,85,inf
Random,10,4,3,0,86,inf
Random,10,4,3,0,87,inf
Random,10,4,3,0,88,inf
Random,10,4,3,0,89,inf
Random,10,4,3,0,90,inf
Random,10,4,3,0,91,inf
Random,10,4,3,0,92,inf
Random,10,4,3,0,93,inf
Random,10,4,3,0,94,inf
Random,10,4,3,0,95,inf
Random,10,4,3,0,96,inf
Random,10,4,3,0,97,inf
Random,10,4,3,0,98,inf
Random,10,4,3,0,99,inf
Random,10,4,3,0,100,inf
qLogEI,10,4,3,0,1,inf
qLogEI,10,4,3,0,2,inf
qLogEI,10,4,3,0,3,inf
qLogEI,10,4,3,0,4,inf
qLogEI,10,4,3,0,5,inf
qLogEI,10,4,3,0,6,inf
qLogEI,10,4,3,0,7,inf
qLogEI,10,4,3,0,8,inf
qLogEI,10,4,3,0,9,inf
qLogEI,10,4,3,0,10,inf
qLogEI,10,4,3,0,11,inf
qLogEI,10,4,3,0,12,inf
qLogEI,10,4,3,0,13,inf
qLogEI,10,4,3,0,14,inf
qLogEI,10,4,3,0,15,inf
qLogEI,10,4,3,0,16,inf
qLogEI,10,4,3,0,17,inf
qLogEI,10,4,3,0,18,inf
qLogEI,10,4,3,0,19,inf
qLogEI,10,4,3,0,20,inf
qLogEI,10,4,3,0,21,inf
qLogEI,10,4,3,0,22,inf
qLogEI,10,4,3,0,23,inf
qLogEI,10,4,3,0,24,inf
qLogEI,10,4,3,0,25,inf
qLogEI,10,4,3,0,26,inf
qLogEI,10,4,3,0,27,inf
qLogEI,10,4,3,0,28,inf
qLogEI,10,4,3,0,29,inf
qLogEI,10,4,3,0,30,inf
qLogEI,10,4,3,0,31,inf
qLogEI,10,4,3,0,32,inf
qLogEI,10,4,3,0,33,inf
qLogEI,10,4,3,0,34,inf
qLogEI,10,4,3,0,35,inf
qLogEI,10,4,3,0,36,inf
qLogEI,10,4,3,0,37,inf
qLogEI,10,4,3,0,38,inf
qLogEI,10,4,3,0,39,inf
qLogEI,10,4,3,0,40,inf
qLogEI,10,4,3,0,41,inf
qLogEI,10,4,3,0,42,inf
qLogEI,10,4,3,0,43,inf
qLogEI,10,4,3,0,44,inf
qLogEI,10,4,3,0,45,inf
qLogEI,10,4,3,0,46,inf
qLogEI,10,4,3,0,47,inf
qLogEI,10,4,3,0,48,inf
qLogEI,10,4,3,0,49,inf
qLogEI,10,4,3,0,50,inf
qLogEI,10,4,3,0,51,inf
qLogEI,10,4,3,0,52,inf
qLogEI,10,4,3,0,53,inf
qLogEI,10,4,3,0,54,inf
qLogEI,10,4,3,0,55,inf
qLogEI,10,4,3,0,56,inf
qLogEI,10,4,3,0,57,inf
qLogEI,10,4,3,0,58,inf
qLogEI,10,4,3,0,59,inf
qLogEI,10,4,3,0,60,inf
qLogEI,10,4,3,0,61,inf
qLogEI,10,4,3,0,62,inf
qLogEI,10,4,3,0,63,inf
qLogEI,10,4,3,0,64,inf
qLogEI,10,4,3,0,65,inf
qLogEI,10,4,3,0,66,inf
qLogEI,10,4,3,0,67,inf
qLogEI,10,4,3,0,68,inf
qLogEI,10,4,3,0,69,inf
qLogEI,10,4,3,0,70,inf
qLogEI,10,4,3,0,71,inf
qLogEI,10,4,3,0,72,inf
qLogEI,10,4,3,0,73,inf
qLogEI,10,4,3,0,74,inf
qLogEI,10,4,3,0,75,inf
qLogEI,10,4,3,0,76,inf
qLogEI,10,4,3,0,77,inf
qLogEI,10,4,3,0,78,inf
qLogEI,10,4,3,0,79,inf
qLogEI,10,4,3,0,80,inf
qLogEI,10,4,3,0,81,inf
qLogEI,10,4,3,0,82,inf
qLogEI,10,4,3,0,83,inf
qLogEI,10,4,3,0,84,inf
qLogEI,10,4,3,0,85,inf
qLogEI,10,4,3,0,86,inf
qLogEI,10,4,3,0,87,inf
qLogEI,10,4,3,0,88,inf
qLogEI,10,4,3,0,89,inf
qLogEI,10,4,3,0,90,inf
qLogEI,10,4,3,0,91,inf
qLogEI,10,4,3,0,92,inf
qLogEI,10,4,3,0,93,inf
qLogEI,10,4,3,0,94,inf
qLogEI,10,4,3,0,95,inf
qLogEI,10,4,3,0,96,inf
qLogEI,10,4,3,0,97,inf
qLogEI,10,4,3,0,98,inf
qLogEI,10,4,3,0,99,inf
qLogEI,10,4,3,0,100,inf
RL,10,4,3,0,1,inf
RL,10,4,3,0,2,inf
RL,10,4,3,0,3,inf
RL,10,4,3,0,4,inf
RL,10,4,3,0,5,inf
RL,10,4,3,0,6,inf
RL,10,4,3,0,7,inf
RL,10,4,3,0,8,inf
RL,10,4,3,0,9,inf
RL,10,4,3,0,10,inf
RL,10,4,3,0,11,inf
RL,10,4,3,0,12,inf
RL,10,4,3,0,13,inf
RL,10,4,3,0,14,inf
RL,10,4,3,0,15,inf
RL,10,4,3,0,16,inf
RL,10,4,3,0,17,inf
RL,10,4,3,0,18,inf
RL,10,4,3,0,19,inf
RL,10,4,3,0,20,inf
RL,10,4,3,0,21,inf
RL,10,4,3,0,22,inf
RL,10,4,3,0,23,inf
RL,10,4,3,0,24,inf
RL,10,4,3,0,25,inf
RL,10,4,3,0,26,inf
RL,10,4,3,0,27,inf
RL,10,4,3,0,28,inf
RL,10,4,3,0,29,inf
RL,10,4,3,0,30,inf
RL,10,4,3,0,31,inf
RL,10,4,3,0,32,inf
RL,10,4,3,0,33,inf
RL,10,4,3,0,34,inf
RL,10,4,3,0,35,inf
RL,10,4,3,0,36,inf
RL,10,4,3,0,37,inf
RL,10,4,3,0,38,inf
RL,10,4,3,0,39,inf
RL,10,4,3,0,40,inf
RL,10,4,3,0,41,inf
RL,10,4,3,0,42,inf
RL,10,4,3,0,43,inf
RL,10,4,3,0,44,inf
RL,10,4,3,0,45,inf
RL,10,4,3,0,46,inf
RL,10,4,3,0,47,inf
RL,10,4,3,0,48,inf
RL,10,4,3,0,49,inf
RL,10,4,3,0,50,inf
RL,10,4,3,0,51,inf
RL,10,4,3,0,52,inf
RL,10,4,3,0,53,inf
RL,10,4,3,0,54,inf
RL,10,4,3,0,55,inf
RL,10,4,3,0,56,inf
RL,10,4,3,0,57,inf
RL,10,4,3,0,58,inf
RL,10,4,3,0,59,inf
RL,10,4,3,0,60,inf
RL,10,4,3,0,61,inf
RL,10,4,3,0,62,inf
RL,10,4,3,0,63,inf
RL,10,4,3,0,64,inf
RL,10,4,3,0,65,inf
RL,10,4,3,0,66,inf
RL,10,4,3,0,67,inf
RL,10,4,3,0,68,inf
RL,10,4,3,0,69,inf
RL,10,4,3,0,70,inf
RL,10,4,3,0,71,inf
RL,10,4,3,0,72,inf
RL,10,4,3,0,73,inf
RL,10,4,3,0,74,inf
RL,10,4,3,0,75,inf
RL,10,4,3,0,76,inf
RL,10,4,3,0,77,inf
RL,10,4,3,0,78,inf
RL,10,4,3,0,79,inf
RL,10,4,3,0,80,inf
RL,10,4,3,0,81,inf
RL,10,4,3,0,82,inf
RL,10,4,3,0,83,inf
RL,10,4,3,0,84,inf
RL,10,4,3,0,85,inf
RL,10,4,3,0,86,inf
RL,10,4,3,0,87,inf
RL,10,4,3,0,88,inf
RL,10,4,3,0,89,inf
RL,10,4,3,0,90,inf
RL,10,4,3,0,91,inf
RL,10,4,3,0,92,inf
RL,10,4,3,0,93,inf
RL,10,4,3,0,94,inf
RL,10,4,3,0,95,inf
RL,10,4,3,0,96,inf
RL,10,4,3,0,97,inf
RL,10,4,3,0,98,inf
RL,10,4,3,0,99,inf
RL,10,4,3,0,100,inf
Random,10,4,3,1,1,inf
Random,10,4,3,1,2,inf
Random,10,4,3,1,3,inf
Random,10,4,3,1,4,inf
Random,10,4,3,1,5,inf
Random,10,4,3,1,6,inf
Random,10,4,3,1,7,inf
Random,10,4,3,1,8,inf
Random,10,4,3,1,9,inf
Random,10,4,3,1,10,inf
Random,10,4,3,1,11,inf
Random,10,4,3,1,12,inf
Random,10,4,3,1,13,inf
Random,10,4,3,1,14,inf
Random,10,4,3,1,15,inf
Random,10,4,3,1,16,inf
Random,10,4,3,1,17,inf
Random,10,4,3,1,18,inf
Random,10,4,3,1,19,inf
Random,10,4,3,1,20,inf
Random,10,4,3,1,21,inf
Random,10,4,3,1,22,inf
Random,10,4,3,1,23,inf
Random,10,4,3,1,24,inf
Random,10,4,3,1,25,inf
Random,10,4,3,1,26,inf
Random,10,4,3,1,27,inf
Random,10,4,3,1,28,inf
Random,10,4,3,1,29,inf
Random,10,4,3,1,30,inf
Random,10,4,3,1,31,inf
Random,10,4,3,1,32,inf
Random,10,4,3,1,33,inf
Random,10,4,3,1,34,inf
Random,10,4,3,1,35,inf
Random,10,4,3,1,36,inf
Random,10,4,3,1,37,inf
Random,10,4,3,1,38,inf
Random,10,4,3,1,39,inf
Random,10,4,3,1,40,inf
Random,10,4,3,1,41,inf
Random,10,4,3,1,42,inf
Random,10,4,3,1,43,inf
Random,10,4,3,1,44,inf
Random,10,4,3,1,45,inf
Random,10,4,3,1,46,inf
Random,10,4,3,1,47,inf
Random,10,4,3,1,48,inf
Random,10,4,3,1,49,inf
Random,10,4,3,1,50,inf
Random,10,4,3,1,51,inf
Random,10,4,3,1,52,inf
Random,10,4,3,1,53,inf
Random,10,4,3,1,54,inf
Random,10,4,3,1,55,inf
Random,10,4,3,1,56,inf
Random,10,4,3,1,57,inf
Random,10,4,3,1,58,inf
Random,10,4,3,1,59,inf
Random,10,4,3,1,60,inf
Random,10,4,3,1,61,inf
Random,10,4,3,1,62,inf
Random,10,4,3,1,63,inf
Random,10,4,3,1,64,inf
Random,10,4,3,1,65,inf
Random,10,4,3,1,66,inf
Random,10,4,3,1,67,inf
Random,10,4,3,1,68,inf
Random,10,4,3,1,69,inf
Random,10,4,3,1,70,inf
Random,10,4,3,1,71,inf
Random,10,4,3,1,72,inf
Random,10,4,3,1,73,inf
Random,10,4,3,1,74,inf
Random,10,4,3,1,75,inf
Random,10,4,3,1,76,inf
Random,10,4,3,1,77,inf
Random,10,4,3,1,78,inf
Random,10,4,3,1,79,inf
Random,10,4,3,1,80,inf
Random,10,4,3,1,81,inf
Random,10,4,3,1,82,inf
Random,10,4,3,1,83,inf
Random,10,4,3,1,84,inf
Random,10,4,3,1,85,inf
Random,10,4,3,1,86,inf
Random,10,4,3,1,87,inf
Random,10,4,3,1,88,inf
Random,10,4,3,1,89,inf
Random,10,4,3,1,90,inf
Random,10,4,3,1,91,inf
Random,10,4,3,1,92,inf
Random,10,4,3,1,93,inf
Random,10,4,3,1,94,inf
Random,10,4,3,1,95,inf
Random,10,4,3,1,96,inf
Random,10,4,3,1,97,inf
Random,10,4,3,1,98,inf
Random,10,4,3,1,99,inf
Random,10,4,3,1,100,inf
qLogEI,10,4,3,1,1,inf
qLogEI,10,4,3,1,2,inf
qLogEI,10,4,3,1,3,inf
qLogEI,10,4,3,1,4,inf
qLogEI,10,4,3,1,5,inf
qLogEI,10,4,3,1,6,inf
qLogEI,10,4,3,1,7,inf
qLogEI,10,4,3,1,8,inf
qLogEI,10,4,3,1,9,inf
qLogEI,10,4,3,1,10,inf
qLogEI,10,4,3,1,11,inf
qLogEI,10,4,3,1,12,inf
qLogEI,10,4,3,1,13,inf
qLogEI,10,4,3,1,14,inf
qLogEI,10,4,3,1,15,inf
qLogEI,10,4,3,1,16,inf
qLogEI,10,4,3,1,17,inf
qLogEI,10,4,3,1,18,inf
qLogEI,10,4,3,1,19,inf
qLogEI,10,4,3,1,20,inf
qLogEI,10,4,3,1,21,inf
qLogEI,10,4,3,1,22,inf
qLogEI,10,4,3,1,23,inf
qLogEI,10,4,3,1,24,inf
qLogEI,10,4,3,1,25,inf
qLogEI,10,4,3,1,26,inf
qLogEI,10,4,3,1,27,inf
qLogEI,10,4,3,1,28,inf
qLogEI,10,4,3,1,29,inf
qLogEI,10,4,3,1,30,inf
qLogEI,10,4,3,1,31,inf
qLogEI,10,4,3,1,32,inf
qLogEI,10,4,3,1,33,inf
qLogEI,10,4,3,1,34,inf
qLogEI,10,4,3,1,35,inf
qLogEI,10,4,3,1,36,inf
qLogEI,10,4,3,1,37,inf
qLogEI,10,4,3,1,38,inf
qLogEI,10,4,3,1,39,inf
qLogEI,10,4,3,1,40,inf
qLogEI,10,4,3,1,41,inf
qLogEI,10,4,3,1,42,inf
qLogEI,10,4,3,1,43,inf
qLogEI,10,4,3,1,44,inf
qLogEI,10,4,3,1,45,inf
qLogEI,10,4,3,1,46,inf
qLogEI,10,4,3,1,47,inf
qLogEI,10,4,3,1,48,inf
qLogEI,10,4,3,1,49,inf
qLogEI,10,4,3,1,50,inf
qLogEI,10,4,3,1,51,inf
qLogEI,10,4,3,1,52,inf
qLogEI,10,4,3,1,53,inf
qLogEI,10,4,3,1,54,inf
qLogEI,10,4,3,1,55,inf
qLogEI,10,4,3,1,56,inf
qLogEI,10,4,3,1,57,inf
qLogEI,10,4,3,1,58,inf
qLogEI,10,4,3,1,59,inf
qLogEI,10,4,3,1,60,inf
qLogEI,10,4,3,1,61,inf
qLogEI,10,4,3,1,62,inf
qLogEI,10,4,3,1,63,inf
qLogEI,10,4,3,1,64,inf
qLogEI,10,4,3,1,65,inf
qLogEI,10,4,3,1,66,inf
qLogEI,10,4,3,1,67,inf
qLogEI,10,4,3,1,68,inf
qLogEI,10,4,3,1,69,inf
qLogEI,10,4,3,1,70,inf
qLogEI,10,4,3,1,71,inf
qLogEI,10,4,3,1,72,inf
qLogEI,10,4,3,1,73,inf
qLogEI,10,4,3,1,74,inf
qLogEI,10,4,3,1,75,inf
qLogEI,10,4,3,1,76,inf
qLogEI,10,4,3,1,77,inf
qLogEI,10,4,3,1,78,inf
qLogEI,10,4,3,1,79,inf
qLogEI,10,4,3,1,80,inf
qLogEI,10,4,3,1,81,inf
qLogEI,10,4,3,1,82,inf
qLogEI,10,4,3,1,83,inf
qLogEI,10,4,3,1,84,inf
qLogEI,10,4,3,1,85,inf
qLogEI,10,4,3,1,86,inf
qLogEI,10,4,3,1,87,inf
qLogEI,10,4,3,1,88,inf
qLogEI,10,4,3,1,89,inf
qLogEI,10,4,3,1,90,inf
qLogEI,10,4,3,1,91,inf
qLogEI,10,4,3,1,92,inf
qLogEI,10,4,3,1,93,inf
qLogEI,10,4,3,1,94,inf
qLogEI,10,4,3,1,95,inf
qLogEI,10,4,3,1,96,inf
qLogEI,10,4,3,1,97,inf
qLogEI,10,4,3,1,98,inf
qLogEI,10,4,3,1,99,inf
qLogEI,10,4,3,1,100,inf
RL,10,4,3,1,1,inf
RL,10,4,3,1,2,inf
RL,10,4,3,1,3,inf
RL,10,4,3,1,4,inf
RL,10,4,3,1,5,inf
RL,10,4,3,1,6,inf
RL,10,4,3,1,7,inf
RL,10,4,3,1,8,inf
RL,10,4,3,1,9,inf
RL,10,4,3,1,10,inf
RL,10,4,3,1,11,inf
RL,10,4,3,1,12,inf
RL,10,4,3,1,13,inf
RL,10,4,3,1,14,inf
RL,10,4,3,1,15,inf
RL,10,4,3,1,16,inf
RL,10,4,3,1,17,inf
RL,10,4,3,1,18,inf
RL,10,4,3,1,19,inf
RL,10,4,3,1,20,inf
RL,10,4,3,1,21,inf
RL,10,4,3,1,22,inf
RL,10,4,3,1,23,inf
RL,10,4,3,1,24,inf
RL,10,4,3,1,25,inf
RL,10,4,3,1,26,inf
RL,10,4,3,1,27,inf
RL,10,4,3,1,28,inf
RL,10,4,3,1,29,inf
RL,10,4,3,1,30,inf
RL,10,4,3,1,31,inf
RL,10,4,3,1,32,inf
RL,10,4,3,1,33,inf
RL,10,4,3,1,34,inf
RL,10,4,3,1,35,inf
RL,10,4,3,1,36,inf
RL,10,4,3,1,37,inf
RL,10,4,3,1,38,inf
RL,10,4,3,1,39,inf
RL,10,4,3,1,40,inf
RL,10,4,3,1,41,inf
RL,10,4,3,1,42,inf
RL,10,4,3,1,43,inf
RL,10,4,3,1,44,inf
RL,10,4,3,1,45,inf
RL,10,4,3,1,46,inf
RL,10,4,3,1,47,inf
RL,10,4,3,1,48,inf
RL,10,4,3,1,49,inf
RL,10,4,3,1,50,inf
RL,10,4,3,1,51,inf
RL,10,4,3,1,52,inf
RL,10,4,3,1,53,inf
RL,10,4,3,1,54,inf
RL,10,4,3,1,55,inf
RL,10,4,3,1,56,inf
RL,10,4,3,1,57,inf
RL,10,4,3,1,58,inf
RL,10,4,3,1,59,inf
RL,10,4,3,1,60,inf
RL,10,4,3,1,61,inf
RL,10,4,3,1,62,inf
RL,10,4,3,1,63,inf
RL,10,4,3,1,64,inf
RL,10,4,3,1,65,inf
RL,10,4,3,1,66,inf
RL,10,4,3,1,67,inf
RL,10,4,3,1,68,inf
RL,10,4,3,1,69,inf
RL,10,4,3,1,70,inf
RL,10,4,3,1,71,inf
RL,10,4,3,1,72,inf
RL,10,4,3,1,73,inf
RL,10,4,3,1,74,inf
RL,10,4,3,1,75,inf
RL,10,4,3,1,76,inf
RL,10,4,3,1,77,inf
RL,10,4,3,1,78,inf
RL,10,4,3,1,79,inf
RL,10,4,3,1,80,inf
RL,10,4,3,1,81,inf
RL,10,4,3,1,82,inf
RL,10,4,3,1,83,inf
RL,10,4,3,1,84,inf
RL,10,4,3,1,85,inf
RL,10,4,3,1,86,inf
RL,10,4,3,1,87,inf
RL,10,4,3,1,88,inf
RL,10,4,3,1,89,inf
RL,10,4,3,1,90,inf
RL,10,4,3,1,91,inf
RL,10,4,3,1,92,inf
RL,10,4,3,1,93,inf
RL,10,4,3,1,94,inf
RL,10,4,3,1,95,inf
RL,10,4,3,1,96,inf
RL,10,4,3,1,97,inf
RL,10,4,3,1,98,inf
RL,10,4,3,1,99,inf
RL,10,4,3,1,100,inf
Random,10,4,3,2,1,inf
Random,10,4,3,2,2,inf
Random,10,4,3,2,3,inf
Random,10,4,3,2,4,inf
Random,10,4,3,2,5,inf
Random,10,4,3,2,6,inf
Random,10,4,3,2,7,inf
Random,10,4,3,2,8,inf
Random,10,4,3,2,9,inf
Random,10,4,3,2,10,inf
Random,10,4,3,2,11,inf
Random,10,4,3,2,12,inf
Random,10,4,3,2,13,inf
Random,10,4,3,2,14,inf
Random,10,4,3,2,15,inf
Random,10,4,3,2,16,inf
Random,10,4,3,2,17,inf
Random,10,4,3,2,18,inf
Random,10,4,3,2,19,inf
Random,10,4,3,2,20,inf
Random,10,4,3,2,21,inf
Random,10,4,3,2,22,inf
Random,10,4,3,2,23,inf
Random,10,4,3,2,24,inf
Random,10,4,3,2,25,inf
Random,10,4,3,2,26,inf
Random,10,4,3,2,27,inf
Random,10,4,3,2,28,inf
Random,10,4,3,2,29,inf
Random,10,4,3,2,30,inf
Random,10,4,3,2,31,inf
Random,10,4,3,2,32,inf
Random,10,4,3,2,33,inf
Random,10,4,3,2,34,inf
Random,10,4,3,2,35,inf
Random,10,4,3,2,36,inf
Random,10,4,3,2,37,inf
Random,10,4,3,2,38,inf
Random,10,4,3,2,39,inf
Random,10,4,3,2,40,inf
Random,10,4,3,2,41,inf
Random,10,4,3,2,42,inf
Random,10,4,3,2,43,inf
Random,10,4,3,2,44,inf
Random,10,4,3,2,45,inf
Random,10,4,3,2,46,inf
Random,10,4,3,2,47,inf
Random,10,4,3,2,48,inf
Random,10,4,3,2,49,inf
Random,10,4,3,2,50,inf
Random,10,4,3,2,51,inf
Random,10,4,3,2,52,inf
Random,10,4,3,2,53,inf
Random,10,4,3,2,54,inf
Random,10,4,3,2,55,inf
Random,10,4,3,2,56,inf
Random,10,4,3,2,57,inf
Random,10,4,3,2,58,inf
Random,10,4,3,2,59,inf
Random,10,4,3,2,60,inf
Random,10,4,3,2,61,inf
Random,10,4,3,2,62,inf
Random,10,4,3,2,63,inf
Random,10,4,3,2,64,inf
Random,10,4,3,2,65,inf
Random,10,4,3,2,66,inf
Random,10,4,3,2,67,inf
Random,10,4,3,2,68,inf
Random,10,4,3,2,69,inf
Random,10,4,3,2,70,inf
Random,10,4,3,2,71,inf
Random,10,4,3,2,72,inf
Random,10,4,3,2,73,inf
Random,10,4,3,2,74,inf
Random,10,4,3,2,75,inf
Random,10,4,3,2,76,inf
Random,10,4,3,2,77,inf
Random,10,4,3,2,78,inf
Random,10,4,3,2,79,inf
Random,10,4,3,2,80,inf
Random,10,4,3,2,81,inf
Random,10,4,3,2,82,inf
Random,10,4,3,2,83,inf
Random,10,4,3,2,84,inf
Random,10,4,3,2,85,inf
Random,10,4,3,2,86,inf
Random,10,4,3,2,87,inf
Random,10,4,3,2,88,inf
Random,10,4,3,2,89,inf
Random,10,4,3,2,90,inf
Random,10,4,3,2,91,inf
Random,10,4,3,2,92,inf
Random,10,4,3,2,93,inf
Random,10,4,3,2,94,inf
Random,10,4,3,2,95,inf
Random,10,4,3,2,96,inf
Random,10,4,3,2,97,inf
Random,10,4,3,2,98,inf
Random,10,4,3,2,99,inf
Random,10,4,3,2,100,inf
qLogEI,10,4,3,2,1,inf
qLogEI,10,4,3,2,2,inf
qLogEI,10,4,3,2,3,inf
qLogEI,10,4,3,2,4,inf
qLogEI,10,4,3,2,5,inf
qLogEI,10,4,3,2,6,inf
qLogEI,10,4,3,2,7,inf
qLogEI,10,4,3,2,8,inf
qLogEI,10,4,3,2,9,inf
qLogEI,10,4,3,2,10,inf
qLogEI,10,4,3,2,11,inf
qLogEI,10,4,3,2,12,inf
qLogEI,10,4,3,2,13,inf
qLogEI,10,4,3,2,14,inf
qLogEI,10,4,3,2,15,inf
qLogEI,10,4,3,2,16,inf
qLogEI,10,4,3,2,17,inf
qLogEI,10,4,3,2,18,inf
qLogEI,10,4,3,2,19,inf
qLogEI,10,4,3,2,20,inf
qLogEI,10,4,3,2,21,inf
qLogEI,10,4,3,2,22,inf
qLogEI,10,4,3,2,23,inf
qLogEI,10,4,3,2,24,inf
qLogEI,10,4,3,2,25,inf
qLogEI,10,4,3,2,26,inf
qLogEI,10,4,3,2,27,inf
qLogEI,10,4,3,2,28,inf
qLogEI,10,4,3,2,29,inf
qLogEI,10,4,3,2,30,inf
qLogEI,10,4,3,2,31,inf
qLogEI,10,4,3,2,32,inf
qLogEI,10,4,3,2,33,inf
qLogEI,10,4,3,2,34,inf
qLogEI,10,4,3,2,35,inf
qLogEI,10,4,3,2,36,inf
qLogEI,10,4,3,2,37,inf
qLogEI,10,4,3,2,38,inf
qLogEI,10,4,3,2,39,inf
qLogEI,10,4,3,2,40,inf
qLogEI,10,4,3,2,41,inf
qLogEI,10,4,3,2,42,inf
qLogEI,10,4,3,2,43,inf
qLogEI,10,4,3,2,44,inf
qLogEI,10,4,3,2,45,inf
qLogEI,10,4,3,2,46,inf
qLogEI,10,4,3,2,47,inf
qLogEI,10,4,3,2,48,inf
qLogEI,10,4,3,2,49,inf
qLogEI,10,4,3,2,50,inf
qLogEI,10,4,3,2,51,inf
qLogEI,10,4,3,2,52,inf
qLogEI,10,4,3,2,53,inf
qLogEI,10,4,3,2,54,inf
qLogEI,10,4,3,2,55,inf
qLogEI,10,4,3,2,56,inf
qLogEI,10,4,3,2,57,inf
qLogEI,10,4,3,2,58,inf
qLogEI,10,4,3,2,59,inf
qLogEI,10,4,3,2,60,inf
qLogEI,10,4,3,2,61,inf
qLogEI,10,4,3,2,62,inf
qLogEI,10,4,3,2,63,inf
qLogEI,10,4,3,2,64,inf
qLogEI,10,4,3,2,65,inf
qLogEI,10,4,3,2,66,inf
qLogEI,10,4,3,2,67,inf
qLogEI,10,4,3,2,68,inf
qLogEI,10,4,3,2,69,inf
qLogEI,10,4,3,2,70,inf
qLogEI,10,4,3,2,71,inf
qLogEI,10,4,3,2,72,inf
qLogEI,10,4,3,2,73,inf
qLogEI,10,4,3,2,74,inf
qLogEI,10,4,3,2,75,inf
qLogEI,10,4,3,2,76,inf
qLogEI,10,4,3,2,77,inf
qLogEI,10,4,3,2,78,inf
qLogEI,10,4,3,2,79,inf
qLogEI,10,4,3,2,80,inf
qLogEI,10,4,3,2,81,inf
qLogEI,10,4,3,2,82,inf
qLogEI,10,4,3,2,83,inf
qLogEI,10,4,3,2,84,inf
qLogEI,10,4,3,2,85,inf
qLogEI,10,4,3,2,86,inf
qLogEI,10,4,3,2,87,inf
qLogEI,10,4,3,2,88,inf
qLogEI,10,4,3,2,89,inf
qLogEI,10,4,3,2,90,inf
qLogEI,10,4,3,2,91,inf
qLogEI,10,4,3,2,92,inf
qLogEI,10,4,3,2,93,inf
qLogEI,10,4,3,2,94,inf
qLogEI,10,4,3,2,95,inf
qLogEI,10,4,3,2,96,inf
qLogEI,10,4,3,2,97,inf
qLogEI,10,4,3,2,98,inf
qLogEI,10,4,3,2,99,inf
qLogEI,10,4,3,2,100,inf
RL,10,4,3,2,1,inf
RL,10,4,3,2,2,inf
RL,10,4,3,2,3,inf
RL,10,4,3,2,4,inf
RL,10,4,3,2,5,inf
RL,10,4,3,2,6,inf
RL,10,4,3,2,7,inf
RL,10,4,3,2,8,inf
RL,10,4,3,2,9,inf
RL,10,4,3,2,10,inf
RL,10,4,3,2,11,inf
RL,10,4,3,2,12,inf
RL,10,4,3,2,13,inf
RL,10,4,3,2,14,inf
RL,10,4,3,2,15,inf
RL,10,4,3,2,16,inf
RL,10,4,3,2,17,inf
RL,10,4,3,2,18,inf
RL,10,4,3,2,19,inf
RL,10,4,3,2,20,inf
RL,10,4,3,2,21,inf
RL,10,4,3,2,22,inf
RL,10,4,3,2,23,inf
RL,10,4,3,2,24,inf
RL,10,4,3,2,25,inf
RL,10,4,3,2,26,inf
RL,10,4,3,2,27,inf
RL,10,4,3,2,28,inf
RL,10,4,3,2,29,inf
RL,10,4,3,2,30,inf
RL,10,4,3,2,31,inf
RL,10,4,3,2,32,inf
RL,10,4,3,2,33,inf
RL,10,4,3,2,34,inf
RL,10,4,3,2,35,inf
RL,10,4,3,2,36,inf
RL,10,4,3,2,37,inf
RL,10,4,3,2,38,inf
RL,10,4,3,2,39,inf
RL,10,4,3,2,40,inf
RL,10,4,3,2,41,inf
RL,10,4,3,2,42,inf
RL,10,4,3,2,43,inf
RL,10,4,3,2,44,inf
RL,10,4,3,2,45,inf
RL,10,4,3,2,46,inf
RL,10,4,3,2,47,inf
RL,10,4,3,2,48,inf
RL,10,4,3,2,49,inf
RL,10,4,3,2,50,inf
RL,10,4,3,2,51,inf
RL,10,4,3,2,52,inf
RL,10,4,3,2,53,inf
RL,10,4,3,2,54,inf
RL,10,4,3,2,55,inf
RL,10,4,3,2,56,inf
RL,10,4,3,2,57,inf
RL,10,4,3,2,58,inf
RL,10,4,3,2,59,inf
RL,10,4,3,2,60,inf
RL,10,4,3,2,61,inf
RL,10,4,3,2,62,inf
RL,10,4,3,2,63,inf
RL,10,4,3,2,64,inf
RL,10,4,3,2,65,inf
RL,10,4,3,2,66,inf
RL,10,4,3,2,67,inf
RL,10,4,3,2,68,inf
RL,10,4,3,2,69,inf
RL,10,4,3,2,70,inf
RL,10,4,3,2,71,inf
RL,10,4,3,2,72,inf
RL,10,4,3,2,73,inf
RL,10,4,3,2,74,inf
RL,10,4,3,2,75,inf
RL,10,4,3,2,76,inf
RL,10,4,3,2,77,inf
RL,10,4,3,2,78,inf
RL,10,4,3,2,79,inf
RL,10,4,3,2,80,inf
RL,10,4,3,2,81,inf
RL,10,4,3,2,82,inf
RL,10,4,3,2,83,inf
RL,10,4,3,2,84,inf
RL,10,4,3,2,85,inf
RL,10,4,3,2,86,inf
RL,10,4,3,2,87,inf
RL,10,4,3,2,88,inf
RL,10,4,3,2,89,inf
RL,10,4,3,2,90,inf
RL,10,4,3,2,91,inf
RL,10,4,3,2,92,inf
RL,10,4,3,2,93,inf
RL,10,4,3,2,94,inf
RL,10,4,3,2,95,inf
RL,10,4,3,2,96,inf
RL,10,4,3,2,97,inf
RL,10,4,3,2,98,inf
RL,10,4,3,2,99,inf
RL,10,4,3,2,100,inf
Random,10,4,3,3,1,inf
Random,10,4,3,3,2,inf
Random,10,4,3,3,3,inf
Random,10,4,3,3,4,inf
Random,10,4,3,3,5,inf
Random,10,4,3,3,6,inf
Random,10,4,3,3,7,inf
Random,10,4,3,3,8,inf
Random,10,4,3,3,9,inf
Random,10,4,3,3,10,inf
Random,10,4,3,3,11,inf
Random,10,4,3,3,12,inf
Random,10,4,3,3,13,inf
Random,10,4,3,3,14,inf
Random,10,4,3,3,15,inf
Random,10,4,3,3,16,inf
Random,10,4,3,3,17,inf
Random,10,4,3,3,18,inf
Random,10,4,3,3,19,inf
Random,10,4,3,3,20,inf
Random,10,4,3,3,21,inf
Random,10,4,3,3,22,inf
Random,10,4,3,3,23,inf
Random,10,4,3,3,24,inf
Random,10,4,3,3,25,inf
Random,10,4,3,3,26,inf
Random,10,4,3,3,27,inf
Random,10,4,3,3,28,inf
Random,10,4,3,3,29,inf
Random,10,4,3,3,30,inf
Random,10,4,3,3,31,inf
Random,10,4,3,3,32,inf
Random,10,4,3,3,33,inf
Random,10,4,3,3,34,inf
Random,10,4,3,3,35,inf
Random,10,4,3,3,36,inf
Random,10,4,3,3,37,inf
Random,10,4,3,3,38,inf
Random,10,4,3,3,39,inf
Random,10,4,3,3,40,inf
Random,10,4,3,3,41,inf
Random,10,4,3,3,42,inf
Random,10,4,3,3,43,inf
Random,10,4,3,3,44,inf
Random,10,4,3,3,45,inf
Random,10,4,3,3,46,inf
Random,10,4,3,3,47,inf
Random,10,4,3,3,48,inf
Random,10,4,3,3,49,inf
Random,10,4,3,3,50,inf
Random,10,4,3,3,51,inf
Random,10,4,3,3,52,inf
Random,10,4,3,3,53,inf
Random,10,4,3,3,54,inf
Random,10,4,3,3,55,inf
Random,10,4,3,3,56,inf
Random,10,4,3,3,57,inf
Random,10,4,3,3,58,inf
Random,10,4,3,3,59,inf
Random,10,4,3,3,60,inf
Random,10,4,3,3,61,inf
Random,10,4,3,3,62,inf
Random,10,4,3,3,63,inf
Random,10,4,3,3,64,inf
Random,10,4,3,3,65,inf
Random,10,4,3,3,66,inf
Random,10,4,3,3,67,inf
Random,10,4,3,3,68,inf
Random,10,4,3,3,69,inf
Random,10,4,3,3,70,inf
Random,10,4,3,3,71,inf
Random,10,4,3,3,72,inf
Random,10,4,3,3,73,inf
Random,10,4,3,3,74,inf
Random,10,4,3,3,75,inf
Random,10,4,3,3,76,inf
Random,10,4,3,3,77,inf
Random,10,4,3,3,78,inf
Random,10,4,3,3,79,inf
Random,10,4,3,3,80,inf
Random,10,4,3,3,81,inf
Random,10,4,3,3,82,inf
Random,10,4,3,3,83,inf
Random,10,4,3,3,84,inf
Random,10,4,3,3,85,inf
Random,10,4,3,3,86,inf
Random,10,4,3,3,87,inf
Random,10,4,3,3,88,inf
Random,10,4,3,3,89,inf
Random,10,4,3,3,90,inf
Random,10,4,3,3,91,inf
Random,10,4,3,3,92,inf
Random,10,4,3,3,93,inf
Random,10,4,3,3,94,inf
Random,10,4,3,3,95,inf
Random,10,4,3,3,96,inf
Random,10,4,3,3,97,inf
Random,10,4,3,3,98,inf
Random,10,4,3,3,99,inf
Random,10,4,3,3,100,inf
qLogEI,10,4,3,3,1,inf
qLogEI,10,4,3,3,2,inf
qLogEI,10,4,3,3,3,inf
qLogEI,10,4,3,3,4,inf
qLogEI,10,4,3,3,5,inf
qLogEI,10,4,3,3,6,inf
qLogEI,10,4,3,3,7,inf
qLogEI,10,4,3,3,8,inf
qLogEI,10,4,3,3,9,inf
qLogEI,10,4,3,3,10,inf
qLogEI,10,4,3,3,11,inf
qLogEI,10,4,3,3,12,inf
qLogEI,10,4,3,3,13,inf
qLogEI,10,4,3,3,14,inf
qLogEI,10,4,3,3,15,inf
qLogEI,10,4,3,3,16,inf
qLogEI,10,4,3,3,17,inf
qLogEI,10,4,3,3,18,inf
qLogEI,10,4,3,3,19,inf
qLogEI,10,4,3,3,20,inf
qLogEI,10,4,3,3,21,inf
qLogEI,10,4,3,3,22,inf
qLogEI,10,4,3,3,23,inf
qLogEI,10,4,3,3,24,inf
qLogEI,10,4,3,3,25,inf
qLogEI,10,4,3,3,26,inf
qLogEI,10,4,3,3,27,inf
qLogEI,10,4,3,3,28,inf
qLogEI,10,4,3,3,29,inf
qLogEI,10,4,3,3,30,inf
qLogEI,10,4,3,3,31,inf
qLogEI,10,4,3,3,32,inf
qLogEI,10,4,3,3,33,inf
qLogEI,10,4,3,3,34,inf
qLogEI,10,4,3,3,35,inf
qLogEI,10,4,3,3,36,inf
qLogEI,10,4,3,3,37,inf
qLogEI,10,4,3,3,38,inf
qLogEI,10,4,3,3,39,inf
qLogEI,10,4,3,3,40,inf
qLogEI,10,4,3,3,41,inf
qLogEI,10,4,3,3,42,inf
qLogEI,10,4,3,3,43,inf
qLogEI,10,4,3,3,44,inf
qLogEI,10,4,3,3,45,inf
qLogEI,10,4,3,3,46,inf
qLogEI,10,4,3,3,47,inf
qLogEI,10,4,3,3,48,inf
qLogEI,10,4,3,3,49,inf
qLogEI,10,4,3,3,50,inf
qLogEI,10,4,3,3,51,inf
qLogEI,10,4,3,3,52,inf
qLogEI,10,4,3,3,53,inf
qLogEI,10,4,3,3,54,inf
qLogEI,10,4,3,3,55,inf
qLogEI,10,4,3,3,56,inf
qLogEI,10,4,3,3,57,inf
qLogEI,10,4,3,3,58,inf
qLogEI,10,4,3,3,59,inf
qLogEI,10,4,3,3,60,inf
qLogEI,10,4,3,3,61,inf
qLogEI,10,4,3,3,62,inf
qLogEI,10,4,3,3,63,inf
qLogEI,10,4,3,3,64,inf
qLogEI,10,4,3,3,65,inf
qLogEI,10,4,3,3,66,inf
qLogEI,10,4,3,3,67,inf
qLogEI,10,4,3,3,68,inf
qLogEI,10,4,3,3,69,inf
qLogEI,10,4,3,3,70,inf
qLogEI,10,4,3,3,71,inf
qLogEI,10,4,3,3,72,inf
qLogEI,10,4,3,3,73,inf
qLogEI,10,4,3,3,74,inf
qLogEI,10,4,3,3,75,inf
qLogEI,10,4,3,3,76,inf
qLogEI,10,4,3,3,77,inf
qLogEI,10,4,3,3,78,inf
qLogEI,10,4,3,3,79,inf
qLogEI,10,4,3,3,80,inf
qLogEI,10,4,3,3,81,inf
qLogEI,10,4,3,3,82,inf
qLogEI,10,4,3,3,83,inf
qLogEI,10,4,3,3,84,inf
qLogEI,10,4,3,3,85,inf
qLogEI,10,4,3,3,86,inf
qLogEI,10,4,3,3,87,inf
qLogEI,10,4,3,3,88,inf
qLogEI,10,4,3,3,89,inf
qLogEI,10,4,3,3,90,inf
qLogEI,10,4,3,3,91,inf
qLogEI,10,4,3,3,92,inf
qLogEI,10,4,3,3,93,inf
qLogEI,10,4,3,3,94,inf
qLogEI,10,4,3,3,95,inf
qLogEI,10,4,3,3,96,inf
qLogEI,10,4,3,3,97,inf
qLogEI,10,4,3,3,98,inf
qLogEI,10,4,3,3,99,inf
qLogEI,10,4,3,3,100,inf
RL,10,4,3,3,1,inf
RL,10,4,3,3,2,inf
RL,10,4,3,3,3,inf
RL,10,4,3,3,4,inf
RL,10,4,3,3,5,inf
RL,10,4,3,3,6,inf
RL,10,4,3,3,7,inf
RL,10,4,3,3,8,inf
RL,10,4,3,3,9,inf
RL,10,4,3,3,10,inf
RL,10,4,3,3,11,inf
RL,10,4,3,3,12,inf
RL,10,4,3,3,13,inf
RL,10,4,3,3,14,inf
RL,10,4,3,3,15,inf
RL,10,4,3,3,16,inf
RL,10,4,3,3,17,inf
RL,10,4,3,3,18,inf
RL,10,4,3,3,19,inf
RL,10,4,3,3,20,inf
RL,10,4,3,3,21,inf
RL,10,4,3,3,22,inf
RL,10,4,3,3,23,inf
RL,10,4,3,3,24,inf
RL,10,4,3,3,25,inf
RL,10,4,3,3,26,inf
RL,10,4,3,3,27,inf
RL,10,4,3,3,28,inf
RL,10,4,3,3,29,inf
RL,10,4,3,3,30,inf
RL,10,4,3,3,31,inf
RL,10,4,3,3,32,inf
RL,10,4,3,3,33,inf
RL,10,4,3,3,34,inf
RL,10,4,3,3,35,inf
RL,10,4,3,3,36,inf
RL,10,4,3,3,37,inf
RL,10,4,3,3,38,inf
RL,10,4,3,3,39,inf
RL,10,4,3,3,40,inf
RL,10,4,3,3,41,inf
RL,10,4,3,3,42,inf
RL,10,4,3,3,43,inf
RL,10,4,3,3,44,inf
RL,10,4,3,3,45,inf
RL,10,4,3,3,46,inf
RL,10,4,3,3,47,inf
RL,10,4,3,3,48,inf
RL,10,4,3,3,49,inf
RL,10,4,3,3,50,inf
RL,10,4,3,3,51,inf
RL,10,4,3,3,52,inf
RL,10,4,3,3,53,inf
RL,10,4,3,3,54,inf
RL,10,4,3,3,55,inf
RL,10,4,3,3,56,inf
RL,10,4,3,3,57,inf
RL,10,4,3,3,58,inf
RL,10,4,3,3,59,inf
RL,10,4,3,3,60,inf
RL,10,4,3,3,61,inf
RL,10,4,3,3,62,inf
RL,10,4,3,3,63,inf
RL,10,4,3,3,64,inf
RL,10,4,3,3,65,inf
RL,10,4,3,3,66,inf
RL,10,4,3,3,67,inf
RL,10,4,3,3,68,inf
RL,10,4,3,3,69,inf
RL,10,4,3,3,70,inf
RL,10,4,3,3,71,inf
RL,10,4,3,3,72,inf
RL,10,4,3,3,73,inf
RL,10,4,3,3,74,inf
RL,10,4,3,3,75,inf
RL,10,4,3,3,76,inf
RL,10,4,3,3,77,inf
RL,10,4,3,3,78,inf
RL,10,4,3,3,79,inf
RL,10,4,3,3,80,inf
RL,10,4,3,3,81,inf
RL,10,4,3,3,82,inf
RL,10,4,3,3,83,inf
RL,10,4,3,3,84,inf
RL,10,4,3,3,85,inf
RL,10,4,3,3,86,inf
RL,10,4,3,3,87,inf
RL,10,4,3,3,88,inf
RL,10,4,3,3,89,inf
RL,10,4,3,3,90,inf
RL,10,4,3,3,91,inf
RL,10,4,3,3,92,inf
RL,10,4,3,3,93,inf
RL,10,4,3,3,94,inf
RL,10,4,3,3,95,inf
RL,10,4,3,3,96,inf
RL,10,4,3,3,97,inf
RL,10,4,3,3,98,inf
RL,10,4,3,3,99,inf
RL,10,4,3,3,100,inf
Random,10,4,3,4,1,inf
Random,10,4,3,4,2,inf
Random,10,4,3,4,3,inf
Random,10,4,3,4,4,inf
Random,10,4,3,4,5,inf
Random,10,4,3,4,6,inf
Random,10,4,3,4,7,inf
Random,10,4,3,4,8,inf
Random,10,4,3,4,9,inf
Random,10,4,3,4,10,inf
Random,10,4,3,4,11,inf
Random,10,4,3,4,12,inf
Random,10,4,3,4,13,inf
Random,10,4,3,4,14,inf
Random,10,4,3,4,15,inf
Random,10,4,3,4,16,inf
Random,10,4,3,4,17,inf
Random,10,4,3,4,18,inf
Random,10,4,3,4,19,inf
Random,10,4,3,4,20,inf
Random,10,4,3,4,21,inf
Random,10,4,3,4,22,inf
Random,10,4,3,4,23,inf
Random,10,4,3,4,24,inf
Random,10,4,3,4,25,inf
Random,10,4,3,4,26,inf
Random,10,4,3,4,27,inf
Random,10,4,3,4,28,inf
Random,10,4,3,4,29,inf
Random,10,4,3,4,30,inf
Random,10,4,3,4,31,inf
Random,10,4,3,4,32,inf
Random,10,4,3,4,33,inf
Random,10,4,3,4,34,inf
Random,10,4,3,4,35,inf
Random,10,4,3,4,36,inf
Random,10,4,3,4,37,inf
Random,10,4,3,4,38,inf
Random,10,4,3,4,39,inf
Random,10,4,3,4,40,inf
Random,10,4,3,4,41,inf
Random,10,4,3,4,42,inf
Random,10,4,3,4,43,inf
Random,10,4,3,4,44,inf
Random,10,4,3,4,45,inf
Random,10,4,3,4,46,inf
Random,10,4,3,4,47,inf
Random,10,4,3,4,48,inf
Random,10,4,3,4,49,inf
Random,10,4,3,4,50,inf
Random,10,4,3,4,51,inf
Random,10,4,3,4,52,inf
Random,10,4,3,4,53,inf
Random,10,4,3,4,54,inf
Random,10,4,3,4,55,inf
Random,10,4,3,4,56,inf
Random,10,4,3,4,57,inf
Random,10,4,3,4,58,inf
Random,10,4,3,4,59,inf
Random,10,4,3,4,60,inf
Random,10,4,3,4,61,inf
Random,10,4,3,4,62,inf
Random,10,4,3,4,63,inf
Random,10,4,3,4,64,inf
Random,10,4,3,4,65,inf
Random,10,4,3,4,66,inf
Random,10,4,3,4,67,inf
Random,10,4,3,4,68,inf
Random,10,4,3,4,69,inf
Random,10,4,3,4,70,inf
Random,10,4,3,4,71,inf
Random,10,4,3,4,72,inf
Random,10,4,3,4,73,inf
Random,10,4,3,4,74,inf
Random,10,4,3,4,75,inf
Random,10,4,3,4,76,inf
Random,10,4,3,4,77,inf
Random,10,4,3,4,78,inf
Random,10,4,3,4,79,inf
Random,10,4,3,4,80,inf
Random,10,4,3,4,81,inf
Random,10,4,3,4,82,inf
Random,10,4,3,4,83,inf
Random,10,4,3,4,84,inf
Random,10,4,3,4,85,inf
Random,10,4,3,4,86,inf
Random,10,4,3,4,87,inf
Random,10,4,3,4,88,inf
Random,10,4,3,4,89,inf
Random,10,4,3,4,90,inf
Random,10,4,3,4,91,inf
Random,10,4,3,4,92,inf
Random,10,4,3,4,93,inf
Random,10,4,3,4,94,inf
Random,10,4,3,4,95,inf
Random,10,4,3,4,96,inf
Random,10,4,3,4,97,inf
Random,10,4,3,4,98,inf
Random,10,4,3,4,99,inf
Random,10,4,3,4,100,inf
qLogEI,10,4,3,4,1,inf
qLogEI,10,4,3,4,2,inf
qLogEI,10,4,3,4,3,inf
qLogEI,10,4,3,4,4,inf
qLogEI,10,4,3,4,5,inf
qLogEI,10,4,3,4,6,inf
qLogEI,10,4,3,4,7,inf
qLogEI,10,4,3,4,8,inf
qLogEI,10,4,3,4,9,inf
qLogEI,10,4,3,4,10,inf
qLogEI,10,4,3,4,11,inf
qLogEI,10,4,3,4,12,inf
qLogEI,10,4,3,4,13,inf
qLogEI,10,4,3,4,14,inf
qLogEI,10,4,3,4,15,inf
qLogEI,10,4,3,4,16,inf
qLogEI,10,4,3,4,17,inf
qLogEI,10,4,3,4,18,inf
qLogEI,10,4,3,4,19,inf
qLogEI,10,4,3,4,20,inf
qLogEI,10,4,3,4,21,inf
qLogEI,10,4,3,4,22,inf
qLogEI,10,4,3,4,23,inf
qLogEI,10,4,3,4,24,inf
qLogEI,10,4,3,4,25,inf
qLogEI,10,4,3,4,26,inf
qLogEI,10,4,3,4,27,inf
qLogEI,10,4,3,4,28,inf
qLogEI,10,4,3,4,29,inf
qLogEI,10,4,3,4,30,inf
qLogEI,10,4,3,4,31,inf
qLogEI,10,4,3,4,32,inf
qLogEI,10,4,3,4,33,inf
qLogEI,10,4,3,4,34,inf
qLogEI,10,4,3,4,35,inf
qLogEI,10,4,3,4,36,inf
qLogEI,10,4,3,4,37,inf
qLogEI,10,4,3,4,38,inf
qLogEI,10,4,3,4,39,inf
qLogEI,10,4,3,4,40,inf
qLogEI,10,4,3,4,41,inf
qLogEI,10,4,3,4,42,inf
qLogEI,10,4,3,4,43,inf
qLogEI,10,4,3,4,44,inf
qLogEI,10,4,3,4,45,inf
qLogEI,10,4,3,4,46,inf
qLogEI,10,4,3,4,47,inf
qLogEI,10,4,3,4,48,inf
qLogEI,10,4,3,4,49,inf
qLogEI,10,4,3,4,50,inf
qLogEI,10,4,3,4,51,inf
qLogEI,10,4,3,4,52,inf
qLogEI,10,4,3,4,53,inf
qLogEI,10,4,3,4,54,inf
qLogEI,10,4,3,4,55,inf
qLogEI,10,4,3,4,56,inf
qLogEI,10,4,3,4,57,inf
qLogEI,10,4,3,4,58,inf
qLogEI,10,4,3,4,59,inf
qLogEI,10,4,3,4,60,inf
qLogEI,10,4,3,4,61,inf
qLogEI,10,4,3,4,62,inf
qLogEI,10,4,3,4,63,inf
qLogEI,10,4,3,4,64,inf
qLogEI,10,4,3,4,65,inf
qLogEI,10,4,3,4,66,inf
qLogEI,10,4,3,4,67,inf
qLogEI,10,4,3,4,68,inf
qLogEI,10,4,3,4,69,inf
qLogEI,10,4,3,4,70,inf
qLogEI,10,4,3,4,71,inf
qLogEI,10,4,3,4,72,inf
qLogEI,10,4,3,4,73,inf
qLogEI,10,4,3,4,74,inf
qLogEI,10,4,3,4,75,inf
qLogEI,10,4,3,4,76,inf
qLogEI,10,4,3,4,77,inf
qLogEI,10,4,3,4,78,inf
qLogEI,10,4,3,4,79,inf
qLogEI,10,4,3,4,80,inf
qLogEI,10,4,3,4,81,inf
qLogEI,10,4,3,4,82,inf
qLogEI,10,4,3,4,83,inf
qLogEI,10,4,3,4,84,inf
qLogEI,10,4,3,4,85,inf
qLogEI,10,4,3,4,86,inf
qLogEI,10,4,3,4,87,inf
qLogEI,10,4,3,4,88,inf
qLogEI,10,4,3,4,89,inf
qLogEI,10,4,3,4,90,inf
qLogEI,10,4,3,4,91,inf
qLogEI,10,4,3,4,92,inf
qLogEI,10,4,3,4,93,inf
qLogEI,10,4,3,4,94,inf
qLogEI,10,4,3,4,95,inf
qLogEI,10,4,3,4,96,inf
qLogEI,10,4,3,4,97,inf
qLogEI,10,4,3,4,98,inf
qLogEI,10,4,3,4,99,inf
qLogEI,10,4,3,4,100,inf
RL,10,4,3,4,1,inf
RL,10,4,3,4,2,inf
RL,10,4,3,4,3,inf
RL,10,4,3,4,4,inf
RL,10,4,3,4,5,inf
RL,10,4,3,4,6,inf
RL,10,4,3,4,7,inf
RL,10,4,3,4,8,inf
RL,10,4,3,4,9,inf
RL,10,4,3,4,10,inf
RL,10,4,3,4,11,inf
RL,10,4,3,4,12,inf
RL,10,4,3,4,13,inf
RL,10,4,3,4,14,inf
RL,10,4,3,4,15,inf
RL,10,4,3,4,16,inf
RL,10,4,3,4,17,inf
RL,10,4,3,4,18,inf
RL,10,4,3,4,19,inf
RL,10,4,3,4,20,inf
RL,10,4,3,4,21,inf
RL,10,4,3,4,22,inf
RL,10,4,3,4,23,inf
RL,10,4,3,4,24,inf
RL,10,4,3,4,25,inf
RL,10,4,3,4,26,inf
RL,10,4,3,4,27,inf
RL,10,4,3,4,28,inf
RL,10,4,3,4,29,inf
RL,10,4,3,4,30,inf
RL,10,4,3,4,31,inf
RL,10,4,3,4,32,inf
RL,10,4,3,4,33,inf
RL,10,4,3,4,34,inf
RL,10,4,3,4,35,inf
RL,10,4,3,4,36,inf
RL,10,4,3,4,37,inf
RL,10,4,3,4,38,inf
RL,10,4,3,4,39,inf
RL,10,4,3,4,40,inf
RL,10,4,3,4,41,inf
RL,10,4,3,4,42,inf
RL,10,4,3,4,43,inf
RL,10,4,3,4,44,inf
RL,10,4,3,4,45,inf
RL,10,4,3,4,46,inf
RL,10,4,3,4,47,inf
RL,10,4,3,4,48,inf
RL,10,4,3,4,49,inf
RL,10,4,3,4,50,inf
RL,10,4,3,4,51,inf
RL,10,4,3,4,52,inf
RL,10,4,3,4,53,inf
RL,10,4,3,4,54,inf
RL,10,4,3,4,55,inf
RL,10,4,3,4,56,inf
RL,10,4,3,4,57,inf
RL,10,4,3,4,58,inf
RL,10,4,3,4,59,inf
RL,10,4,3,4,60,inf
RL,10,4,3,4,61,inf
RL,10,4,3,4,62,inf
RL,10,4,3,4,63,inf
RL,10,4,3,4,64,inf
RL,10,4,3,4,65,inf
RL,10,4,3,4,66,inf
RL,10,4,3,4,67,inf
RL,10,4,3,4,68,inf
RL,10,4,3,4,69,inf
RL,10,4,3,4,70,inf
RL,10,4,3,4,71,inf
RL,10,4,3,4,72,inf
RL,10,4,3,4,73,inf
RL,10,4,3,4,74,inf
RL,10,4,3,4,75,inf
RL,10,4,3,4,76,inf
RL,10,4,3,4,77,inf
RL,10,4,3,4,78,inf
RL,10,4,3,4,79,inf
RL,10,4,3,4,80,inf
RL,10,4,3,4,81,inf
RL,10,4,3,4,82,inf
RL,10,4,3,4,83,inf
RL,10,4,3,4,84,inf
RL,10,4,3,4,85,inf
RL,10,4,3,4,86,inf
RL,10,4,3,4,87,inf
RL,10,4,3,4,88,inf
RL,10,4,3,4,89,inf
RL,10,4,3,4,90,inf
RL,10,4,3,4,91,inf
RL,10,4,3,4,92,inf
RL,10,4,3,4,93,inf
RL,10,4,3,4,94,inf
RL,10,4,3,4,95,inf
RL,10,4,3,4,96,inf
RL,10,4,3,4,97,inf
RL,10,4,3,4,98,inf
RL,10,4,3,4,99,inf
RL,10,4,3,4,100,inf
Random,10,6,1,0,1,inf
Random,10,6,1,0,2,inf
Random,10,6,1,0,3,inf
Random,10,6,1,0,4,inf
Random,10,6,1,0,5,inf
Random,10,6,1,0,6,inf
Random,10,6,1,0,7,inf
Random,10,6,1,0,8,inf
Random,10,6,1,0,9,inf
Random,10,6,1,0,10,inf
Random,10,6,1,0,11,inf
Random,10,6,1,0,12,inf
Random,10,6,1,0,13,inf
Random,10,6,1,0,14,inf
Random,10,6,1,0,15,inf
Random,10,6,1,0,16,inf
Random,10,6,1,0,17,inf
Random,10,6,1,0,18,inf
Random,10,6,1,0,19,inf
Random,10,6,1,0,20,inf
Random,10,6,1,0,21,inf
Random,10,6,1,0,22,inf
Random,10,6,1,0,23,inf
Random,10,6,1,0,24,inf
Random,10,6,1,0,25,inf
Random,10,6,1,0,26,inf
Random,10,6,1,0,27,inf
Random,10,6,1,0,28,inf
Random,10,6,1,0,29,inf
Random,10,6,1,0,30,inf
Random,10,6,1,0,31,inf
Random,10,6,1,0,32,inf
Random,10,6,1,0,33,inf
Random,10,6,1,0,34,inf
Random,10,6,1,0,35,inf
Random,10,6,1,0,36,inf
Random,10,6,1,0,37,inf
Random,10,6,1,0,38,inf
Random,10,6,1,0,39,inf
Random,10,6,1,0,40,inf
Random,10,6,1,0,41,inf
Random,10,6,1,0,42,inf
Random,10,6,1,0,43,inf
Random,10,6,1,0,44,inf
Random,10,6,1,0,45,inf
Random,10,6,1,0,46,inf
Random,10,6,1,0,47,inf
Random,10,6,1,0,48,inf
Random,10,6,1,0,49,inf
Random,10,6,1,0,50,inf
Random,10,6,1,0,51,inf
Random,10,6,1,0,52,inf
Random,10,6,1,0,53,inf
Random,10,6,1,0,54,inf
Random,10,6,1,0,55,inf
Random,10,6,1,0,56,inf
Random,10,6,1,0,57,inf
Random,10,6,1,0,58,inf
Random,10,6,1,0,59,inf
Random,10,6,1,0,60,inf
Random,10,6,1,0,61,inf
Random,10,6,1,0,62,inf
Random,10,6,1,0,63,inf
Random,10,6,1,0,64,inf
Random,10,6,1,0,65,inf
Random,10,6,1,0,66,inf
Random,10,6,1,0,67,inf
Random,10,6,1,0,68,inf
Random,10,6,1,0,69,inf
Random,10,6,1,0,70,inf
Random,10,6,1,0,71,inf
Random,10,6,1,0,72,inf
Random,10,6,1,0,73,inf
Random,10,6,1,0,74,inf
Random,10,6,1,0,75,inf
Random,10,6,1,0,76,inf
Random,10,6,1,0,77,inf
Random,10,6,1,0,78,inf
Random,10,6,1,0,79,inf
Random,10,6,1,0,80,inf
Random,10,6,1,0,81,inf
Random,10,6,1,0,82,inf
Random,10,6,1,0,83,inf
Random,10,6,1,0,84,inf
Random,10,6,1,0,85,inf
Random,10,6,1,0,86,inf
Random,10,6,1,0,87,inf
Random,10,6,1,0,88,inf
Random,10,6,1,0,89,inf
Random,10,6,1,0,90,inf
Random,10,6,1,0,91,inf
Random,10,6,1,0,92,inf
Random,10,6,1,0,93,inf
Random,10,6,1,0,94,inf
Random,10,6,1,0,95,inf
Random,10,6,1,0,96,inf
Random,10,6,1,0,97,inf
Random,10,6,1,0,98,inf
Random,10,6,1,0,99,inf
Random,10,6,1,0,100,inf
qLogEI,10,6,1,0,1,inf
qLogEI,10,6,1,0,2,inf
qLogEI,10,6,1,0,3,inf
qLogEI,10,6,1,0,4,inf
qLogEI,10,6,1,0,5,inf
qLogEI,10,6,1,0,6,inf
qLogEI,10,6,1,0,7,inf
qLogEI,10,6,1,0,8,inf
qLogEI,10,6,1,0,9,inf
qLogEI,10,6,1,0,10,inf
qLogEI,10,6,1,0,11,inf
qLogEI,10,6,1,0,12,inf
qLogEI,10,6,1,0,13,inf
qLogEI,10,6,1,0,14,inf
qLogEI,10,6,1,0,15,inf
qLogEI,10,6,1,0,16,inf
qLogEI,10,6,1,0,17,inf
qLogEI,10,6,1,0,18,inf
qLogEI,10,6,1,0,19,inf
qLogEI,10,6,1,0,20,inf
qLogEI,10,6,1,0,21,inf
qLogEI,10,6,1,0,22,inf
qLogEI,10,6,1,0,23,inf
qLogEI,10,6,1,0,24,inf
qLogEI,10,6,1,0,25,inf
qLogEI,10,6,1,0,26,inf
qLogEI,10,6,1,0,27,inf
qLogEI,10,6,1,0,28,inf
qLogEI,10,6,1,0,29,inf
qLogEI,10,6,1,0,30,inf
qLogEI,10,6,1,0,31,inf
qLogEI,10,6,1,0,32,inf
qLogEI,10,6,1,0,33,inf
qLogEI,10,6,1,0,34,inf
qLogEI,10,6,1,0,35,inf
qLogEI,10,6,1,0,36,inf
qLogEI,10,6,1,0,37,inf
qLogEI,10,6,1,0,38,inf
qLogEI,10,6,1,0,39,inf
qLogEI,10,6,1,0,40,inf
qLogEI,10,6,1,0,41,inf
qLogEI,10,6,1,0,42,inf
qLogEI,10,6,1,0,43,inf
qLogEI,10,6,1,0,44,inf
qLogEI,10,6,1,0,45,inf
qLogEI,10,6,1,0,46,inf
qLogEI,10,6,1,0,47,inf
qLogEI,10,6,1,0,48,inf
qLogEI,10,6,1,0,49,inf
qLogEI,10,6,1,0,50,inf
qLogEI,10,6,1,0,51,inf
qLogEI,10,6,1,0,52,inf
qLogEI,10,6,1,0,53,inf
qLogEI,10,6,1,0,54,inf
qLogEI,10,6,1,0,55,inf
qLogEI,10,6,1,0,56,inf
qLogEI,10,6,1,0,57,inf
qLogEI,10,6,1,0,58,inf
qLogEI,10,6,1,0,59,inf
qLogEI,10,6,1,0,60,inf
qLogEI,10,6,1,0,61,inf
qLogEI,10,6,1,0,62,inf
qLogEI,10,6,1,0,63,inf
qLogEI,10,6,1,0,64,inf
qLogEI,10,6,1,0,65,inf
qLogEI,10,6,1,0,66,inf
qLogEI,10,6,1,0,67,inf
qLogEI,10,6,1,0,68,inf
qLogEI,10,6,1,0,69,inf
qLogEI,10,6,1,0,70,inf
qLogEI,10,6,1,0,71,inf
qLogEI,10,6,1,0,72,inf
qLogEI,10,6,1,0,73,inf
qLogEI,10,6,1,0,74,inf
qLogEI,10,6,1,0,75,inf
qLogEI,10,6,1,0,76,inf
qLogEI,10,6,1,0,77,inf
qLogEI,10,6,1,0,78,inf
qLogEI,10,6,1,0,79,inf
qLogEI,10,6,1,0,80,inf
qLogEI,10,6,1,0,81,inf
qLogEI,10,6,1,0,82,inf
qLogEI,10,6,1,0,83,inf
qLogEI,10,6,1,0,84,inf
qLogEI,10,6,1,0,85,inf
qLogEI,10,6,1,0,86,inf
qLogEI,10,6,1,0,87,inf
qLogEI,10,6,1,0,88,inf
qLogEI,10,6,1,0,89,inf
qLogEI,10,6,1,0,90,inf
qLogEI,10,6,1,0,91,inf
qLogEI,10,6,1,0,92,inf
qLogEI,10,6,1,0,93,inf
qLogEI,10,6,1,0,94,inf
qLogEI,10,6,1,0,95,inf
qLogEI,10,6,1,0,96,inf
qLogEI,10,6,1,0,97,inf
qLogEI,10,6,1,0,98,inf
qLogEI,10,6,1,0,99,inf
qLogEI,10,6,1,0,100,inf
RL,10,6,1,0,1,inf
RL,10,6,1,0,2,inf
RL,10,6,1,0,3,inf
RL,10,6,1,0,4,inf
RL,10,6,1,0,5,inf
RL,10,6,1,0,6,inf
RL,10,6,1,0,7,inf
RL,10,6,1,0,8,inf
RL,10,6,1,0,9,inf
RL,10,6,1,0,10,inf
RL,10,6,1,0,11,inf
RL,10,6,1,0,12,inf
RL,10,6,1,0,13,inf
RL,10,6,1,0,14,inf
RL,10,6,1,0,15,inf
RL,10,6,1,0,16,inf
RL,10,6,1,0,17,inf
RL,10,6,1,0,18,inf
RL,10,6,1,0,19,inf
RL,10,6,1,0,20,inf
RL,10,6,1,0,21,inf
RL,10,6,1,0,22,inf
RL,10,6,1,0,23,inf
RL,10,6,1,0,24,inf
RL,10,6,1,0,25,inf
RL,10,6,1,0,26,inf
RL,10,6,1,0,27,inf
RL,10,6,1,0,28,inf
RL,10,6,1,0,29,inf
RL,10,6,1,0,30,inf
RL,10,6,1,0,31,inf
RL,10,6,1,0,32,inf
RL,10,6,1,0,33,inf
RL,10,6,1,0,34,inf
RL,10,6,1,0,35,inf
RL,10,6,1,0,36,inf
RL,10,6,1,0,37,inf
RL,10,6,1,0,38,inf
RL,10,6,1,0,39,inf
RL,10,6,1,0,40,inf
RL,10,6,1,0,41,inf
RL,10,6,1,0,42,inf
RL,10,6,1,0,43,inf
RL,10,6,1,0,44,inf
RL,10,6,1,0,45,inf
RL,10,6,1,0,46,inf
RL,10,6,1,0,47,inf
RL,10,6,1,0,48,inf
RL,10,6,1,0,49,inf
RL,10,6,1,0,50,inf
RL,10,6,1,0,51,inf
RL,10,6,1,0,52,inf
RL,10,6,1,0,53,inf
RL,10,6,1,0,54,inf
RL,10,6,1,0,55,inf
RL,10,6,1,0,56,inf
RL,10,6,1,0,57,inf
RL,10,6,1,0,58,inf
RL,10,6,1,0,59,inf
RL,10,6,1,0,60,inf
RL,10,6,1,0,61,inf
RL,10,6,1,0,62,inf
RL,10,6,1,0,63,inf
RL,10,6,1,0,64,inf
RL,10,6,1,0,65,inf
RL,10,6,1,0,66,inf
RL,10,6,1,0,67,inf
RL,10,6,1,0,68,inf
RL,10,6,1,0,69,inf
RL,10,6,1,0,70,inf
RL,10,6,1,0,71,inf
RL,10,6,1,0,72,inf
RL,10,6,1,0,73,inf
RL,10,6,1,0,74,inf
RL,10,6,1,0,75,inf
RL,10,6,1,0,76,inf
RL,10,6,1,0,77,inf
RL,10,6,1,0,78,inf
RL,10,6,1,0,79,inf
RL,10,6,1,0,80,inf
RL,10,6,1,0,81,inf
RL,10,6,1,0,82,inf
RL,10,6,1,0,83,inf
RL,10,6,1,0,84,inf
RL,10,6,1,0,85,inf
RL,10,6,1,0,86,inf
RL,10,6,1,0,87,inf
RL,10,6,1,0,88,inf
RL,10,6,1,0,89,inf
RL,10,6,1,0,90,inf
RL,10,6,1,0,91,inf
RL,10,6,1,0,92,inf
RL,10,6,1,0,93,inf
RL,10,6,1,0,94,inf
RL,10,6,1,0,95,inf
RL,10,6,1,0,96,inf
RL,10,6,1,0,97,inf
RL,10,6,1,0,98,inf
RL,10,6,1,0,99,inf
RL,10,6,1,0,100,inf
Random,10,6,1,1,1,inf
Random,10,6,1,1,2,inf
Random,10,6,1,1,3,inf
Random,10,6,1,1,4,inf
Random,10,6,1,1,5,inf
Random,10,6,1,1,6,inf
Random,10,6,1,1,7,inf
Random,10,6,1,1,8,inf
Random,10,6,1,1,9,inf
Random,10,6,1,1,10,inf
Random,10,6,1,1,11,inf
Random,10,6,1,1,12,inf
Random,10,6,1,1,13,inf
Random,10,6,1,1,14,inf
Random,10,6,1,1,15,inf
Random,10,6,1,1,16,inf
Random,10,6,1,1,17,inf
Random,10,6,1,1,18,inf
Random,10,6,1,1,19,inf
Random,10,6,1,1,20,inf
Random,10,6,1,1,21,inf
Random,10,6,1,1,22,inf
Random,10,6,1,1,23,inf
Random,10,6,1,1,24,inf
Random,10,6,1,1,25,inf
Random,10,6,1,1,26,inf
Random,10,6,1,1,27,inf
Random,10,6,1,1,28,inf
Random,10,6,1,1,29,inf
Random,10,6,1,1,30,inf
Random,10,6,1,1,31,inf
Random,10,6,1,1,32,inf
Random,10,6,1,1,33,inf
Random,10,6,1,1,34,inf
Random,10,6,1,1,35,inf
Random,10,6,1,1,36,inf
Random,10,6,1,1,37,inf
Random,10,6,1,1,38,inf
Random,10,6,1,1,39,inf
Random,10,6,1,1,40,inf
Random,10,6,1,1,41,inf
Random,10,6,1,1,42,inf
Random,10,6,1,1,43,inf
Random,10,6,1,1,44,inf
Random,10,6,1,1,45,inf
Random,10,6,1,1,46,inf
Random,10,6,1,1,47,inf
Random,10,6,1,1,48,inf
Random,10,6,1,1,49,inf
Random,10,6,1,1,50,inf
Random,10,6,1,1,51,inf
Random,10,6,1,1,52,inf
Random,10,6,1,1,53,inf
Random,10,6,1,1,54,inf
Random,10,6,1,1,55,inf
Random,10,6,1,1,56,inf
Random,10,6,1,1,57,inf
Random,10,6,1,1,58,inf
Random,10,6,1,1,59,inf
Random,10,6,1,1,60,inf
Random,10,6,1,1,61,inf
Random,10,6,1,1,62,inf
Random,10,6,1,1,63,inf
Random,10,6,1,1,64,inf
Random,10,6,1,1,65,inf
Random,10,6,1,1,66,inf
Random,10,6,1,1,67,inf
Random,10,6,1,1,68,inf
Random,10,6,1,1,69,inf
Random,10,6,1,1,70,inf
Random,10,6,1,1,71,inf
Random,10,6,1,1,72,inf
Random,10,6,1,1,73,inf
Random,10,6,1,1,74,inf
Random,10,6,1,1,75,inf
Random,10,6,1,1,76,inf
Random,10,6,1,1,77,inf
Random,10,6,1,1,78,inf
Random,10,6,1,1,79,inf
Random,10,6,1,1,80,inf
Random,10,6,1,1,81,inf
Random,10,6,1,1,82,inf
Random,10,6,1,1,83,inf
Random,10,6,1,1,84,inf
Random,10,6,1,1,85,inf
Random,10,6,1,1,86,inf
Random,10,6,1,1,87,inf
Random,10,6,1,1,88,inf
Random,10,6,1,1,89,inf
Random,10,6,1,1,90,inf
Random,10,6,1,1,91,inf
Random,10,6,1,1,92,inf
Random,10,6,1,1,93,inf
Random,10,6,1,1,94,inf
Random,10,6,1,1,95,inf
Random,10,6,1,1,96,inf
Random,10,6,1,1,97,inf
Random,10,6,1,1,98,inf
Random,10,6,1,1,99,inf
Random,10,6,1,1,100,inf
qLogEI,10,6,1,1,1,inf
qLogEI,10,6,1,1,2,inf
qLogEI,10,6,1,1,3,inf
qLogEI,10,6,1,1,4,inf
qLogEI,10,6,1,1,5,inf
qLogEI,10,6,1,1,6,inf
qLogEI,10,6,1,1,7,inf
qLogEI,10,6,1,1,8,inf
qLogEI,10,6,1,1,9,inf
qLogEI,10,6,1,1,10,inf
qLogEI,10,6,1,1,11,inf
qLogEI,10,6,1,1,12,inf
qLogEI,10,6,1,1,13,inf
qLogEI,10,6,1,1,14,inf
qLogEI,10,6,1,1,15,inf
qLogEI,10,6,1,1,16,inf
qLogEI,10,6,1,1,17,inf
qLogEI,10,6,1,1,18,inf
qLogEI,10,6,1,1,19,inf
qLogEI,10,6,1,1,20,inf
qLogEI,10,6,1,1,21,inf
qLogEI,10,6,1,1,22,inf
qLogEI,10,6,1,1,23,inf
qLogEI,10,6,1,1,24,inf
qLogEI,10,6,1,1,25,inf
qLogEI,10,6,1,1,26,inf
qLogEI,10,6,1,1,27,inf
qLogEI,10,6,1,1,28,inf
qLogEI,10,6,1,1,29,inf
qLogEI,10,6,1,1,30,inf
qLogEI,10,6,1,1,31,inf
qLogEI,10,6,1,1,32,inf
qLogEI,10,6,1,1,33,inf
qLogEI,10,6,1,1,34,inf
qLogEI,10,6,1,1,35,inf
qLogEI,10,6,1,1,36,inf
qLogEI,10,6,1,1,37,inf
qLogEI,10,6,1,1,38,inf
qLogEI,10,6,1,1,39,inf
qLogEI,10,6,1,1,40,inf
qLogEI,10,6,1,1,41,inf
qLogEI,10,6,1,1,42,inf
qLogEI,10,6,1,1,43,inf
qLogEI,10,6,1,1,44,inf
qLogEI,10,6,1,1,45,inf
qLogEI,10,6,1,1,46,inf
qLogEI,10,6,1,1,47,inf
qLogEI,10,6,1,1,48,inf
qLogEI,10,6,1,1,49,inf
qLogEI,10,6,1,1,50,inf
qLogEI,10,6,1,1,51,inf
qLogEI,10,6,1,1,52,inf
qLogEI,10,6,1,1,53,inf
qLogEI,10,6,1,1,54,inf
qLogEI,10,6,1,1,55,inf
qLogEI,10,6,1,1,56,inf
qLogEI,10,6,1,1,57,inf
qLogEI,10,6,1,1,58,inf
qLogEI,10,6,1,1,59,inf
qLogEI,10,6,1,1,60,inf
qLogEI,10,6,1,1,61,inf
qLogEI,10,6,1,1,62,inf
qLogEI,10,6,1,1,63,inf
qLogEI,10,6,1,1,64,inf
qLogEI,10,6,1,1,65,inf
qLogEI,10,6,1,1,66,inf
qLogEI,10,6,1,1,67,inf
qLogEI,10,6,1,1,68,inf
qLogEI,10,6,1,1,69,inf
qLogEI,10,6,1,1,70,inf
qLogEI,10,6,1,1,71,inf
qLogEI,10,6,1,1,72,inf
qLogEI,10,6,1,1,73,inf
qLogEI,10,6,1,1,74,inf
qLogEI,10,6,1,1,75,inf
qLogEI,10,6,1,1,76,inf
qLogEI,10,6,1,1,77,inf
qLogEI,10,6,1,1,78,inf
qLogEI,10,6,1,1,79,inf
qLogEI,10,6,1,1,80,inf
qLogEI,10,6,1,1,81,inf
qLogEI,10,6,1,1,82,inf
qLogEI,10,6,1,1,83,inf
qLogEI,10,6,1,1,84,inf
qLogEI,10,6,1,1,85,inf
qLogEI,10,6,1,1,86,inf
qLogEI,10,6,1,1,87,inf
qLogEI,10,6,1,1,88,inf
qLogEI,10,6,1,1,89,inf
qLogEI,10,6,1,1,90,inf
qLogEI,10,6,1,1,91,inf
qLogEI,10,6,1,1,92,inf
qLogEI,10,6,1,1,93,inf
qLogEI,10,6,1,1,94,inf
qLogEI,10,6,1,1,95,inf
qLogEI,10,6,1,1,96,inf
qLogEI,10,6,1,1,97,inf
qLogEI,10,6,1,1,98,inf
qLogEI,10,6,1,1,99,inf
qLogEI,10,6,1,1,100,inf
RL,10,6,1,1,1,inf
RL,10,6,1,1,2,inf
RL,10,6,1,1,3,inf
RL,10,6,1,1,4,inf
RL,10,6,1,1,5,inf
RL,10,6,1,1,6,inf
RL,10,6,1,1,7,inf
RL,10,6,1,1,8,inf
RL,10,6,1,1,9,inf
RL,10,6,1,1,10,inf
RL,10,6,1,1,11,inf
RL,10,6,1,1,12,inf
RL,10,6,1,1,13,inf
RL,10,6,1,1,14,inf
RL,10,6,1,1,15,inf
RL,10,6,1,1,16,inf
RL,10,6,1,1,17,inf
RL,10,6,1,1,18,inf
RL,10,6,1,1,19,inf
RL,10,6,1,1,20,inf
RL,10,6,1,1,21,inf
RL,10,6,1,1,22,inf
RL,10,6,1,1,23,inf
RL,10,6,1,1,24,inf
RL,10,6,1,1,25,inf
RL,10,6,1,1,26,inf
RL,10,6,1,1,27,inf
RL,10,6,1,1,28,inf
RL,10,6,1,1,29,inf
RL,10,6,1,1,30,inf
RL,10,6,1,1,31,inf
RL,10,6,1,1,32,inf
RL,10,6,1,1,33,inf
RL,10,6,1,1,34,inf
RL,10,6,1,1,35,inf
RL,10,6,1,1,36,inf
RL,10,6,1,1,37,inf
RL,10,6,1,1,38,inf
RL,10,6,1,1,39,inf
RL,10,6,1,1,40,inf
RL,10,6,1,1,41,inf
RL,10,6,1,1,42,inf
RL,10,6,1,1,43,inf
RL,10,6,1,1,44,inf
RL,10,6,1,1,45,inf
RL,10,6,1,1,46,inf
RL,10,6,1,1,47,inf
RL,10,6,1,1,48,inf
RL,10,6,1,1,49,inf
RL,10,6,1,1,50,inf
RL,10,6,1,1,51,inf
RL,10,6,1,1,52,inf
RL,10,6,1,1,53,inf
RL,10,6,1,1,54,inf
RL,10,6,1,1,55,inf
RL,10,6,1,1,56,inf
RL,10,6,1,1,57,inf
RL,10,6,1,1,58,inf
RL,10,6,1,1,59,inf
RL,10,6,1,1,60,inf
RL,10,6,1,1,61,inf
RL,10,6,1,1,62,inf
RL,10,6,1,1,63,inf
RL,10,6,1,1,64,inf
RL,10,6,1,1,65,inf
RL,10,6,1,1,66,inf
RL,10,6,1,1,67,inf
RL,10,6,1,1,68,inf
RL,10,6,1,1,69,inf
RL,10,6,1,1,70,inf
RL,10,6,1,1,71,inf
RL,10,6,1,1,72,inf
RL,10,6,1,1,73,inf
RL,10,6,1,1,74,inf
RL,10,6,1,1,75,inf
RL,10,6,1,1,76,inf
RL,10,6,1,1,77,inf
RL,10,6,1,1,78,inf
RL,10,6,1,1,79,inf
RL,10,6,1,1,80,inf
RL,10,6,1,1,81,inf
RL,10,6,1,1,82,inf
RL,10,6,1,1,83,inf
RL,10,6,1,1,84,inf
RL,10,6,1,1,85,inf
RL,10,6,1,1,86,inf
RL,10,6,1,1,87,inf
RL,10,6,1,1,88,inf
RL,10,6,1,1,89,inf
RL,10,6,1,1,90,inf
RL,10,6,1,1,91,inf
RL,10,6,1,1,92,inf
RL,10,6,1,1,93,inf
RL,10,6,1,1,94,inf
RL,10,6,1,1,95,inf
RL,10,6,1,1,96,inf
RL,10,6,1,1,97,inf
RL,10,6,1,1,98,inf
RL,10,6,1,1,99,inf
RL,10,6,1,1,100,inf
Random,10,6,1,2,1,inf
Random,10,6,1,2,2,inf
Random,10,6,1,2,3,inf
Random,10,6,1,2,4,inf
Random,10,6,1,2,5,inf
Random,10,6,1,2,6,inf
Random,10,6,1,2,7,inf
Random,10,6,1,2,8,inf
Random,10,6,1,2,9,inf
Random,10,6,1,2,10,inf
Random,10,6,1,2,11,inf
Random,10,6,1,2,12,inf
Random,10,6,1,2,13,inf
Random,10,6,1,2,14,inf
Random,10,6,1,2,15,inf
Random,10,6,1,2,16,inf
Random,10,6,1,2,17,inf
Random,10,6,1,2,18,inf
Random,10,6,1,2,19,inf
Random,10,6,1,2,20,inf
Random,10,6,1,2,21,inf
Random,10,6,1,2,22,inf
Random,10,6,1,2,23,inf
Random,10,6,1,2,24,inf
Random,10,6,1,2,25,inf
Random,10,6,1,2,26,inf
Random,10,6,1,2,27,inf
Random,10,6,1,2,28,inf
Random,10,6,1,2,29,inf
Random,10,6,1,2,30,inf
Random,10,6,1,2,31,inf
Random,10,6,1,2,32,inf
Random,10,6,1,2,33,inf
Random,10,6,1,2,34,inf
Random,10,6,1,2,35,inf
Random,10,6,1,2,36,inf
Random,10,6,1,2,37,inf
Random,10,6,1,2,38,inf
Random,10,6,1,2,39,inf
Random,10,6,1,2,40,inf
Random,10,6,1,2,41,inf
Random,10,6,1,2,42,inf
Random,10,6,1,2,43,inf
Random,10,6,1,2,44,inf
Random,10,6,1,2,45,inf
Random,10,6,1,2,46,inf
Random,10,6,1,2,47,inf
Random,10,6,1,2,48,inf
Random,10,6,1,2,49,inf
Random,10,6,1,2,50,inf
Random,10,6,1,2,51,inf
Random,10,6,1,2,52,inf
Random,10,6,1,2,53,inf
Random,10,6,1,2,54,inf
Random,10,6,1,2,55,inf
Random,10,6,1,2,56,inf
Random,10,6,1,2,57,inf
Random,10,6,1,2,58,inf
Random,10,6,1,2,59,inf
Random,10,6,1,2,60,inf
Random,10,6,1,2,61,inf
Random,10,6,1,2,62,inf
Random,10,6,1,2,63,inf
Random,10,6,1,2,64,inf
Random,10,6,1,2,65,inf
Random,10,6,1,2,66,inf
Random,10,6,1,2,67,inf
Random,10,6,1,2,68,inf
Random,10,6,1,2,69,inf
Random,10,6,1,2,70,inf
Random,10,6,1,2,71,inf
Random,10,6,1,2,72,inf
Random,10,6,1,2,73,inf
Random,10,6,1,2,74,inf
Random,10,6,1,2,75,inf
Random,10,6,1,2,76,inf
Random,10,6,1,2,77,inf
Random,10,6,1,2,78,inf
Random,10,6,1,2,79,inf
Random,10,6,1,2,80,inf
Random,10,6,1,2,81,inf
Random,10,6,1,2,82,inf
Random,10,6,1,2,83,inf
Random,10,6,1,2,84,inf
Random,10,6,1,2,85,inf
Random,10,6,1,2,86,inf
Random,10,6,1,2,87,inf
Random,10,6,1,2,88,inf
Random,10,6,1,2,89,inf
Random,10,6,1,2,90,inf
Random,10,6,1,2,91,inf
Random,10,6,1,2,92,inf
Random,10,6,1,2,93,inf
Random,10,6,1,2,94,inf
Random,10,6,1,2,95,inf
Random,10,6,1,2,96,inf
Random,10,6,1,2,97,inf
Random,10,6,1,2,98,inf
Random,10,6,1,2,99,inf
Random,10,6,1,2,100,inf
qLogEI,10,6,1,2,1,inf
qLogEI,10,6,1,2,2,inf
qLogEI,10,6,1,2,3,inf
qLogEI,10,6,1,2,4,inf
qLogEI,10,6,1,2,5,inf
qLogEI,10,6,1,2,6,inf
qLogEI,10,6,1,2,7,inf
qLogEI,10,6,1,2,8,inf
qLogEI,10,6,1,2,9,inf
qLogEI,10,6,1,2,10,inf
qLogEI,10,6,1,2,11,inf
qLogEI,10,6,1,2,12,inf
qLogEI,10,6,1,2,13,inf
qLogEI,10,6,1,2,14,inf
qLogEI,10,6,1,2,15,inf
qLogEI,10,6,1,2,16,inf
qLogEI,10,6,1,2,17,inf
qLogEI,10,6,1,2,18,inf
qLogEI,10,6,1,2,19,inf
qLogEI,10,6,1,2,20,inf
qLogEI,10,6,1,2,21,inf
qLogEI,10,6,1,2,22,inf
qLogEI,10,6,1,2,23,inf
qLogEI,10,6,1,2,24,inf
qLogEI,10,6,1,2,25,inf
qLogEI,10,6,1,2,26,inf
qLogEI,10,6,1,2,27,inf
qLogEI,10,6,1,2,28,inf
qLogEI,10,6,1,2,29,inf
qLogEI,10,6,1,2,30,inf
qLogEI,10,6,1,2,31,inf
qLogEI,10,6,1,2,32,inf
qLogEI,10,6,1,2,33,inf
qLogEI,10,6,1,2,34,inf
qLogEI,10,6,1,2,35,inf
qLogEI,10,6,1,2,36,inf
qLogEI,10,6,1,2,37,inf
qLogEI,10,6,1,2,38,inf
qLogEI,10,6,1,2,39,inf
qLogEI,10,6,1,2,40,inf
qLogEI,10,6,1,2,41,inf
qLogEI,10,6,1,2,42,inf
qLogEI,10,6,1,2,43,inf
qLogEI,10,6,1,2,44,inf
qLogEI,10,6,1,2,45,inf
qLogEI,10,6,1,2,46,inf
qLogEI,10,6,1,2,47,inf
qLogEI,10,6,1,2,48,inf
qLogEI,10,6,1,2,49,inf
qLogEI,10,6,1,2,50,inf
qLogEI,10,6,1,2,51,inf
qLogEI,10,6,1,2,52,inf
qLogEI,10,6,1,2,53,inf
qLogEI,10,6,1,2,54,inf
qLogEI,10,6,1,2,55,inf
qLogEI,10,6,1,2,56,inf
qLogEI,10,6,1,2,57,inf
qLogEI,10,6,1,2,58,inf
qLogEI,10,6,1,2,59,inf
qLogEI,10,6,1,2,60,inf
qLogEI,10,6,1,2,61,inf
qLogEI,10,6,1,2,62,inf
qLogEI,10,6,1,2,63,inf
qLogEI,10,6,1,2,64,inf
qLogEI,10,6,1,2,65,inf
qLogEI,10,6,1,2,66,inf
qLogEI,10,6,1,2,67,inf
qLogEI,10,6,1,2,68,inf
qLogEI,10,6,1,2,69,inf
qLogEI,10,6,1,2,70,inf
qLogEI,10,6,1,2,71,inf
qLogEI,10,6,1,2,72,inf
qLogEI,10,6,1,2,73,inf
qLogEI,10,6,1,2,74,inf
qLogEI,10,6,1,2,75,inf
qLogEI,10,6,1,2,76,inf
qLogEI,10,6,1,2,77,inf
qLogEI,10,6,1,2,78,inf
qLogEI,10,6,1,2,79,inf
qLogEI,10,6,1,2,80,inf
qLogEI,10,6,1,2,81,inf
qLogEI,10,6,1,2,82,inf
qLogEI,10,6,1,2,83,inf
qLogEI,10,6,1,2,84,inf
qLogEI,10,6,1,2,85,inf
qLogEI,10,6,1,2,86,inf
qLogEI,10,6,1,2,87,inf
qLogEI,10,6,1,2,88,inf
qLogEI,10,6,1,2,89,inf
qLogEI,10,6,1,2,90,inf
qLogEI,10,6,1,2,91,inf
qLogEI,10,6,1,2,92,inf
qLogEI,10,6,1,2,93,inf
qLogEI,10,6,1,2,94,inf
qLogEI,10,6,1,2,95,inf
qLogEI,10,6,1,2,96,inf
qLogEI,10,6,1,2,97,inf
qLogEI,10,6,1,2,98,inf
qLogEI,10,6,1,2,99,inf
qLogEI,10,6,1,2,100,inf
RL,10,6,1,2,1,inf
RL,10,6,1,2,2,inf
RL,10,6,1,2,3,inf
RL,10,6,1,2,4,inf
RL,10,6,1,2,5,inf
RL,10,6,1,2,6,inf
RL,10,6,1,2,7,inf
RL,10,6,1,2,8,inf
RL,10,6,1,2,9,inf
RL,10,6,1,2,10,inf
RL,10,6,1,2,11,inf
RL,10,6,1,2,12,inf
RL,10,6,1,2,13,inf
RL,10,6,1,2,14,inf
RL,10,6,1,2,15,inf
RL,10,6,1,2,16,inf
RL,10,6,1,2,17,inf
RL,10,6,1,2,18,inf
RL,10,6,1,2,19,inf
RL,10,6,1,2,20,inf
RL,10,6,1,2,21,inf
RL,10,6,1,2,22,inf
RL,10,6,1,2,23,inf
RL,10,6,1,2,24,inf
RL,10,6,1,2,25,inf
RL,10,6,1,2,26,inf
RL,10,6,1,2,27,inf
RL,10,6,1,2,28,inf
RL,10,6,1,2,29,inf
RL,10,6,1,2,30,inf
RL,10,6,1,2,31,inf
RL,10,6,1,2,32,inf
RL,10,6,1,2,33,inf
RL,10,6,1,2,34,inf
RL,10,6,1,2,35,inf
RL,10,6,1,2,36,inf
RL,10,6,1,2,37,inf
RL,10,6,1,2,38,inf
RL,10,6,1,2,39,inf
RL,10,6,1,2,40,inf
RL,10,6,1,2,41,inf
RL,10,6,1,2,42,inf
RL,10,6,1,2,43,inf
RL,10,6,1,2,44,inf
RL,10,6,1,2,45,inf
RL,10,6,1,2,46,inf
RL,10,6,1,2,47,inf
RL,10,6,1,2,48,inf
RL,10,6,1,2,49,inf
RL,10,6,1,2,50,inf
RL,10,6,1,2,51,inf
RL,10,6,1,2,52,inf
RL,10,6,1,2,53,inf
RL,10,6,1,2,54,inf
RL,10,6,1,2,55,inf
RL,10,6,1,2,56,inf
RL,10,6,1,2,57,inf
RL,10,6,1,2,58,inf
RL,10,6,1,2,59,inf
RL,10,6,1,2,60,inf
RL,10,6,1,2,61,inf
RL,10,6,1,2,62,inf
RL,10,6,1,2,63,inf
RL,10,6,1,2,64,inf
RL,10,6,1,2,65,inf
RL,10,6,1,2,66,inf
RL,10,6,1,2,67,inf
RL,10,6,1,2,68,inf
RL,10,6,1,2,69,inf
RL,10,6,1,2,70,inf
RL,10,6,1,2,71,inf
RL,10,6,1,2,72,inf
RL,10,6,1,2,73,inf
RL,10,6,1,2,74,inf
RL,10,6,1,2,75,inf
RL,10,6,1,2,76,inf
RL,10,6,1,2,77,inf
RL,10,6,1,2,78,inf
RL,10,6,1,2,79,inf
RL,10,6,1,2,80,inf
RL,10,6,1,2,81,inf
RL,10,6,1,2,82,inf
RL,10,6,1,2,83,inf
RL,10,6,1,2,84,inf
RL,10,6,1,2,85,inf
RL,10,6,1,2,86,inf
RL,10,6,1,2,87,inf
RL,10,6,1,2,88,inf
RL,10,6,1,2,89,inf
RL,10,6,1,2,90,inf
RL,10,6,1,2,91,inf
RL,10,6,1,2,92,inf
RL,10,6,1,2,93,inf
RL,10,6,1,2,94,inf
RL,10,6,1,2,95,inf
RL,10,6,1,2,96,inf
RL,10,6,1,2,97,inf
RL,10,6,1,2,98,inf
RL,10,6,1,2,99,inf
RL,10,6,1,2,100,inf
Random,10,6,1,3,1,inf
Random,10,6,1,3,2,inf
Random,10,6,1,3,3,inf
Random,10,6,1,3,4,inf
Random,10,6,1,3,5,inf
Random,10,6,1,3,6,inf
Random,10,6,1,3,7,inf
Random,10,6,1,3,8,inf
Random,10,6,1,3,9,inf
Random,10,6,1,3,10,inf
Random,10,6,1,3,11,inf
Random,10,6,1,3,12,inf
Random,10,6,1,3,13,inf
Random,10,6,1,3,14,inf
Random,10,6,1,3,15,inf
Random,10,6,1,3,16,inf
Random,10,6,1,3,17,inf
Random,10,6,1,3,18,inf
Random,10,6,1,3,19,inf
Random,10,6,1,3,20,inf
Random,10,6,1,3,21,inf
Random,10,6,1,3,22,inf
Random,10,6,1,3,23,inf
Random,10,6,1,3,24,inf
Random,10,6,1,3,25,inf
Random,10,6,1,3,26,inf
Random,10,6,1,3,27,inf
Random,10,6,1,3,28,inf
Random,10,6,1,3,29,inf
Random,10,6,1,3,30,inf
Random,10,6,1,3,31,inf
Random,10,6,1,3,32,inf
Random,10,6,1,3,33,inf
Random,10,6,1,3,34,inf
Random,10,6,1,3,35,inf
Random,10,6,1,3,36,inf
Random,10,6,1,3,37,inf
Random,10,6,1,3,38,inf
Random,10,6,1,3,39,inf
Random,10,6,1,3,40,inf
Random,10,6,1,3,41,inf
Random,10,6,1,3,42,inf
Random,10,6,1,3,43,inf
Random,10,6,1,3,44,inf
Random,10,6,1,3,45,inf
Random,10,6,1,3,46,inf
Random,10,6,1,3,47,inf
Random,10,6,1,3,48,inf
Random,10,6,1,3,49,inf
Random,10,6,1,3,50,inf
Random,10,6,1,3,51,inf
Random,10,6,1,3,52,inf
Random,10,6,1,3,53,inf
Random,10,6,1,3,54,inf
Random,10,6,1,3,55,inf
Random,10,6,1,3,56,inf
Random,10,6,1,3,57,inf
Random,10,6,1,3,58,inf
Random,10,6,1,3,59,inf
Random,10,6,1,3,60,inf
Random,10,6,1,3,61,inf
Random,10,6,1,3,62,inf
Random,10,6,1,3,63,inf
Random,10,6,1,3,64,inf
Random,10,6,1,3,65,inf
Random,10,6,1,3,66,inf
Random,10,6,1,3,67,inf
Random,10,6,1,3,68,inf
Random,10,6,1,3,69,inf
Random,10,6,1,3,70,inf
Random,10,6,1,3,71,inf
Random,10,6,1,3,72,inf
Random,10,6,1,3,73,inf
Random,10,6,1,3,74,inf
Random,10,6,1,3,75,inf
Random,10,6,1,3,76,inf
Random,10,6,1,3,77,inf
Random,10,6,1,3,78,inf
Random,10,6,1,3,79,inf
Random,10,6,1,3,80,inf
Random,10,6,1,3,81,inf
Random,10,6,1,3,82,inf
Random,10,6,1,3,83,inf
Random,10,6,1,3,84,inf
Random,10,6,1,3,85,inf
Random,10,6,1,3,86,inf
Random,10,6,1,3,87,inf
Random,10,6,1,3,88,inf
Random,10,6,1,3,89,inf
Random,10,6,1,3,90,inf
Random,10,6,1,3,91,inf
Random,10,6,1,3,92,inf
Random,10,6,1,3,93,inf
Random,10,6,1,3,94,inf
Random,10,6,1,3,95,inf
Random,10,6,1,3,96,inf
Random,10,6,1,3,97,inf
Random,10,6,1,3,98,inf
Random,10,6,1,3,99,inf
Random,10,6,1,3,100,inf
qLogEI,10,6,1,3,1,inf
qLogEI,10,6,1,3,2,inf
qLogEI,10,6,1,3,3,inf
qLogEI,10,6,1,3,4,inf
qLogEI,10,6,1,3,5,inf
qLogEI,10,6,1,3,6,inf
qLogEI,10,6,1,3,7,inf
qLogEI,10,6,1,3,8,inf
qLogEI,10,6,1,3,9,inf
qLogEI,10,6,1,3,10,inf
qLogEI,10,6,1,3,11,inf
qLogEI,10,6,1,3,12,inf
qLogEI,10,6,1,3,13,inf
qLogEI,10,6,1,3,14,inf
qLogEI,10,6,1,3,15,inf
qLogEI,10,6,1,3,16,inf
qLogEI,10,6,1,3,17,inf
qLogEI,10,6,1,3,18,inf
qLogEI,10,6,1,3,19,inf
qLogEI,10,6,1,3,20,inf
qLogEI,10,6,1,3,21,inf
qLogEI,10,6,1,3,22,inf
qLogEI,10,6,1,3,23,inf
qLogEI,10,6,1,3,24,inf
qLogEI,10,6,1,3,25,inf
qLogEI,10,6,1,3,26,inf
qLogEI,10,6,1,3,27,inf
qLogEI,10,6,1,3,28,inf
qLogEI,10,6,1,3,29,inf
qLogEI,10,6,1,3,30,inf
qLogEI,10,6,1,3,31,inf
qLogEI,10,6,1,3,32,inf
qLogEI,10,6,1,3,33,inf
qLogEI,10,6,1,3,34,inf
qLogEI,10,6,1,3,35,inf
qLogEI,10,6,1,3,36,inf
qLogEI,10,6,1,3,37,inf
qLogEI,10,6,1,3,38,inf
qLogEI,10,6,1,3,39,inf
qLogEI,10,6,1,3,40,inf
qLogEI,10,6,1,3,41,inf
qLogEI,10,6,1,3,42,inf
qLogEI,10,6,1,3,43,inf
qLogEI,10,6,1,3,44,inf
qLogEI,10,6,1,3,45,inf
qLogEI,10,6,1,3,46,inf
qLogEI,10,6,1,3,47,inf
qLogEI,10,6,1,3,48,inf
qLogEI,10,6,1,3,49,inf
qLogEI,10,6,1,3,50,inf
qLogEI,10,6,1,3,51,inf
qLogEI,10,6,1,3,52,inf
qLogEI,10,6,1,3,53,inf
qLogEI,10,6,1,3,54,inf
qLogEI,10,6,1,3,55,inf
qLogEI,10,6,1,3,56,inf
qLogEI,10,6,1,3,57,inf
qLogEI,10,6,1,3,58,inf
qLogEI,10,6,1,3,59,inf
qLogEI,10,6,1,3,60,inf
qLogEI,10,6,1,3,61,inf
qLogEI,10,6,1,3,62,inf
qLogEI,10,6,1,3,63,inf
qLogEI,10,6,1,3,64,inf
qLogEI,10,6,1,3,65,inf
qLogEI,10,6,1,3,66,inf
qLogEI,10,6,1,3,67,inf
qLogEI,10,6,1,3,68,inf
qLogEI,10,6,1,3,69,inf
qLogEI,10,6,1,3,70,inf
qLogEI,10,6,1,3,71,inf
qLogEI,10,6,1,3,72,inf
qLogEI,10,6,1,3,73,inf
qLogEI,10,6,1,3,74,inf
qLogEI,10,6,1,3,75,inf
qLogEI,10,6,1,3,76,inf
qLogEI,10,6,1,3,77,inf
qLogEI,10,6,1,3,78,inf
qLogEI,10,6,1,3,79,inf
qLogEI,10,6,1,3,80,inf
qLogEI,10,6,1,3,81,inf
qLogEI,10,6,1,3,82,inf
qLogEI,10,6,1,3,83,inf
qLogEI,10,6,1,3,84,inf
qLogEI,10,6,1,3,85,inf
qLogEI,10,6,1,3,86,inf
qLogEI,10,6,1,3,87,inf
qLogEI,10,6,1,3,88,inf
qLogEI,10,6,1,3,89,inf
qLogEI,10,6,1,3,90,inf
qLogEI,10,6,1,3,91,inf
qLogEI,10,6,1,3,92,inf
qLogEI,10,6,1,3,93,inf
qLogEI,10,6,1,3,94,inf
qLogEI,10,6,1,3,95,inf
qLogEI,10,6,1,3,96,inf
qLogEI,10,6,1,3,97,inf
qLogEI,10,6,1,3,98,inf
qLogEI,10,6,1,3,99,inf
qLogEI,10,6,1,3,100,inf
RL,10,6,1,3,1,inf
RL,10,6,1,3,2,inf
RL,10,6,1,3,3,inf
RL,10,6,1,3,4,inf
RL,10,6,1,3,5,inf
RL,10,6,1,3,6,inf
RL,10,6,1,3,7,inf
RL,10,6,1,3,8,inf
RL,10,6,1,3,9,inf
RL,10,6,1,3,10,inf
RL,10,6,1,3,11,inf
RL,10,6,1,3,12,inf
RL,10,6,1,3,13,inf
RL,10,6,1,3,14,inf
RL,10,6,1,3,15,inf
RL,10,6,1,3,16,inf
RL,10,6,1,3,17,inf
RL,10,6,1,3,18,inf
RL,10,6,1,3,19,inf
RL,10,6,1,3,20,inf
RL,10,6,1,3,21,inf
RL,10,6,1,3,22,inf
RL,10,6,1,3,23,inf
RL,10,6,1,3,24,inf
RL,10,6,1,3,25,inf
RL,10,6,1,3,26,inf
RL,10,6,1,3,27,inf
RL,10,6,1,3,28,inf
RL,10,6,1,3,29,inf
RL,10,6,1,3,30,inf
RL,10,6,1,3,31,inf
RL,10,6,1,3,32,inf
RL,10,6,1,3,33,inf
RL,10,6,1,3,34,inf
RL,10,6,1,3,35,inf
RL,10,6,1,3,36,inf
RL,10,6,1,3,37,inf
RL,10,6,1,3,38,inf
RL,10,6,1,3,39,inf
RL,10,6,1,3,40,inf
RL,10,6,1,3,41,inf
RL,10,6,1,3,42,inf
RL,10,6,1,3,43,inf
RL,10,6,1,3,44,inf
RL,10,6,1,3,45,inf
RL,10,6,1,3,46,inf
RL,10,6,1,3,47,inf
RL,10,6,1,3,48,inf
RL,10,6,1,3,49,inf
RL,10,6,1,3,50,inf
RL,10,6,1,3,51,inf
RL,10,6,1,3,52,inf
RL,10,6,1,3,53,inf
RL,10,6,1,3,54,inf
RL,10,6,1,3,55,inf
RL,10,6,1,3,56,inf
RL,10,6,1,3,57,inf
RL,10,6,1,3,58,inf
RL,10,6,1,3,59,inf
RL,10,6,1,3,60,inf
RL,10,6,1,3,61,inf
RL,10,6,1,3,62,inf
RL,10,6,1,3,63,inf
RL,10,6,1,3,64,inf
RL,10,6,1,3,65,inf
RL,10,6,1,3,66,inf
RL,10,6,1,3,67,inf
RL,10,6,1,3,68,inf
RL,10,6,1,3,69,inf
RL,10,6,1,3,70,inf
RL,10,6,1,3,71,inf
RL,10,6,1,3,72,inf
RL,10,6,1,3,73,inf
RL,10,6,1,3,74,inf
RL,10,6,1,3,75,inf
RL,10,6,1,3,76,inf
RL,10,6,1,3,77,inf
RL,10,6,1,3,78,inf
RL,10,6,1,3,79,inf
RL,10,6,1,3,80,inf
RL,10,6,1,3,81,inf
RL,10,6,1,3,82,inf
RL,10,6,1,3,83,inf
RL,10,6,1,3,84,inf
RL,10,6,1,3,85,inf
RL,10,6,1,3,86,inf
RL,10,6,1,3,87,inf
RL,10,6,1,3,88,inf
RL,10,6,1,3,89,inf
RL,10,6,1,3,90,inf
RL,10,6,1,3,91,inf
RL,10,6,1,3,92,inf
RL,10,6,1,3,93,inf
RL,10,6,1,3,94,inf
RL,10,6,1,3,95,inf
RL,10,6,1,3,96,inf
RL,10,6,1,3,97,inf
RL,10,6,1,3,98,inf
RL,10,6,1,3,99,inf
RL,10,6,1,3,100,inf
Random,10,6,1,4,1,inf
Random,10,6,1,4,2,inf
Random,10,6,1,4,3,inf
Random,10,6,1,4,4,inf
Random,10,6,1,4,5,inf
Random,10,6,1,4,6,inf
Random,10,6,1,4,7,inf
Random,10,6,1,4,8,inf
Random,10,6,1,4,9,inf
Random,10,6,1,4,10,inf
Random,10,6,1,4,11,inf
Random,10,6,1,4,12,inf
Random,10,6,1,4,13,inf
Random,10,6,1,4,14,inf
Random,10,6,1,4,15,inf
Random,10,6,1,4,16,inf
Random,10,6,1,4,17,inf
Random,10,6,1,4,18,inf
Random,10,6,1,4,19,inf
Random,10,6,1,4,20,inf
Random,10,6,1,4,21,inf
Random,10,6,1,4,22,inf
Random,10,6,1,4,23,inf
Random,10,6,1,4,24,inf
Random,10,6,1,4,25,inf
Random,10,6,1,4,26,inf
Random,10,6,1,4,27,inf
Random,10,6,1,4,28,inf
Random,10,6,1,4,29,inf
Random,10,6,1,4,30,inf
Random,10,6,1,4,31,inf
Random,10,6,1,4,32,inf
Random,10,6,1,4,33,inf
Random,10,6,1,4,34,inf
Random,10,6,1,4,35,inf
Random,10,6,1,4,36,inf
Random,10,6,1,4,37,inf
Random,10,6,1,4,38,inf
Random,10,6,1,4,39,inf
Random,10,6,1,4,40,inf
Random,10,6,1,4,41,inf
Random,10,6,1,4,42,inf
Random,10,6,1,4,43,inf
Random,10,6,1,4,44,inf
Random,10,6,1,4,45,inf
Random,10,6,1,4,46,inf
Random,10,6,1,4,47,inf
Random,10,6,1,4,48,inf
Random,10,6,1,4,49,inf
Random,10,6,1,4,50,inf
Random,10,6,1,4,51,inf
Random,10,6,1,4,52,inf
Random,10,6,1,4,53,inf
Random,10,6,1,4,54,inf
Random,10,6,1,4,55,inf
Random,10,6,1,4,56,inf
Random,10,6,1,4,57,inf
Random,10,6,1,4,58,inf
Random,10,6,1,4,59,inf
Random,10,6,1,4,60,inf
Random,10,6,1,4,61,inf
Random,10,6,1,4,62,inf
Random,10,6,1,4,63,inf
Random,10,6,1,4,64,inf
Random,10,6,1,4,65,inf
Random,10,6,1,4,66,inf
Random,10,6,1,4,67,inf
Random,10,6,1,4,68,inf
Random,10,6,1,4,69,inf
Random,10,6,1,4,70,inf
Random,10,6,1,4,71,inf
Random,10,6,1,4,72,inf
Random,10,6,1,4,73,inf
Random,10,6,1,4,74,inf
Random,10,6,1,4,75,inf
Random,10,6,1,4,76,inf
Random,10,6,1,4,77,inf
Random,10,6,1,4,78,inf
Random,10,6,1,4,79,inf
Random,10,6,1,4,80,inf
Random,10,6,1,4,81,inf
Random,10,6,1,4,82,inf
Random,10,6,1,4,83,inf
Random,10,6,1,4,84,inf
Random,10,6,1,4,85,inf
Random,10,6,1,4,86,inf
Random,10,6,1,4,87,inf
Random,10,6,1,4,88,inf
Random,10,6,1,4,89,inf
Random,10,6,1,4,90,inf
Random,10,6,1,4,91,inf
Random,10,6,1,4,92,inf
Random,10,6,1,4,93,inf
Random,10,6,1,4,94,inf
Random,10,6,1,4,95,inf
Random,10,6,1,4,96,inf
Random,10,6,1,4,97,inf
Random,10,6,1,4,98,inf
Random,10,6,1,4,99,inf
Random,10,6,1,4,100,inf
qLogEI,10,6,1,4,1,inf
qLogEI,10,6,1,4,2,inf
qLogEI,10,6,1,4,3,inf
qLogEI,10,6,1,4,4,inf
qLogEI,10,6,1,4,5,inf
qLogEI,10,6,1,4,6,inf
qLogEI,10,6,1,4,7,inf
qLogEI,10,6,1,4,8,inf
qLogEI,10,6,1,4,9,inf
qLogEI,10,6,1,4,10,inf
qLogEI,10,6,1,4,11,inf
qLogEI,10,6,1,4,12,inf
qLogEI,10,6,1,4,13,inf
qLogEI,10,6,1,4,14,inf
qLogEI,10,6,1,4,15,inf
qLogEI,10,6,1,4,16,inf
qLogEI,10,6,1,4,17,inf
qLogEI,10,6,1,4,18,inf
qLogEI,10,6,1,4,19,inf
qLogEI,10,6,1,4,20,inf
qLogEI,10,6,1,4,21,inf
qLogEI,10,6,1,4,22,inf
qLogEI,10,6,1,4,23,inf
qLogEI,10,6,1,4,24,inf
qLogEI,10,6,1,4,25,inf
qLogEI,10,6,1,4,26,inf
qLogEI,10,6,1,4,27,inf
qLogEI,10,6,1,4,28,inf
qLogEI,10,6,1,4,29,inf
qLogEI,10,6,1,4,30,inf
qLogEI,10,6,1,4,31,inf
qLogEI,10,6,1,4,32,inf
qLogEI,10,6,1,4,33,inf
qLogEI,10,6,1,4,34,inf
qLogEI,10,6,1,4,35,inf
qLogEI,10,6,1,4,36,inf
qLogEI,10,6,1,4,37,inf
qLogEI,10,6,1,4,38,inf
qLogEI,10,6,1,4,39,inf
qLogEI,10,6,1,4,40,inf
qLogEI,10,6,1,4,41,inf
qLogEI,10,6,1,4,42,inf
qLogEI,10,6,1,4,43,inf
qLogEI,10,6,1,4,44,inf
qLogEI,10,6,1,4,45,inf
qLogEI,10,6,1,4,46,inf
qLogEI,10,6,1,4,47,inf
qLogEI,10,6,1,4,48,inf
qLogEI,10,6,1,4,49,inf
qLogEI,10,6,1,4,50,inf
qLogEI,10,6,1,4,51,inf
qLogEI,10,6,1,4,52,inf
qLogEI,10,6,1,4,53,inf
qLogEI,10,6,1,4,54,inf
qLogEI,10,6,1,4,55,inf
qLogEI,10,6,1,4,56,inf
qLogEI,10,6,1,4,57,inf
qLogEI,10,6,1,4,58,inf
qLogEI,10,6,1,4,59,inf
qLogEI,10,6,1,4,60,inf
qLogEI,10,6,1,4,61,inf
qLogEI,10,6,1,4,62,inf
qLogEI,10,6,1,4,63,inf
qLogEI,10,6,1,4,64,inf
qLogEI,10,6,1,4,65,inf
qLogEI,10,6,1,4,66,inf
qLogEI,10,6,1,4,67,inf
qLogEI,10,6,1,4,68,inf
qLogEI,10,6,1,4,69,inf
qLogEI,10,6,1,4,70,inf
qLogEI,10,6,1,4,71,inf
qLogEI,10,6,1,4,72,inf
qLogEI,10,6,1,4,73,inf
qLogEI,10,6,1,4,74,inf
qLogEI,10,6,1,4,75,inf
qLogEI,10,6,1,4,76,inf
qLogEI,10,6,1,4,77,inf
qLogEI,10,6,1,4,78,inf
qLogEI,10,6,1,4,79,inf
qLogEI,10,6,1,4,80,inf
qLogEI,10,6,1,4,81,inf
qLogEI,10,6,1,4,82,inf
qLogEI,10,6,1,4,83,inf
qLogEI,10,6,1,4,84,inf
qLogEI,10,6,1,4,85,inf
qLogEI,10,6,1,4,86,inf
qLogEI,10,6,1,4,87,inf
qLogEI,10,6,1,4,88,inf
qLogEI,10,6,1,4,89,inf
qLogEI,10,6,1,4,90,inf
qLogEI,10,6,1,4,91,inf
qLogEI,10,6,1,4,92,inf
qLogEI,10,6,1,4,93,inf
qLogEI,10,6,1,4,94,inf
qLogEI,10,6,1,4,95,inf
qLogEI,10,6,1,4,96,inf
qLogEI,10,6,1,4,97,inf
qLogEI,10,6,1,4,98,inf
qLogEI,10,6,1,4,99,inf
qLogEI,10,6,1,4,100,inf
RL,10,6,1,4,1,inf
RL,10,6,1,4,2,inf
RL,10,6,1,4,3,inf
RL,10,6,1,4,4,inf
RL,10,6,1,4,5,inf
RL,10,6,1,4,6,inf
RL,10,6,1,4,7,inf
RL,10,6,1,4,8,inf
RL,10,6,1,4,9,inf
RL,10,6,1,4,10,inf
RL,10,6,1,4,11,inf
RL,10,6,1,4,12,inf
RL,10,6,1,4,13,inf
RL,10,6,1,4,14,inf
RL,10,6,1,4,15,inf
RL,10,6,1,4,16,inf
RL,10,6,1,4,17,inf
RL,10,6,1,4,18,inf
RL,10,6,1,4,19,inf
RL,10,6,1,4,20,inf
RL,10,6,1,4,21,inf
RL,10,6,1,4,22,inf
RL,10,6,1,4,23,inf
RL,10,6,1,4,24,inf
RL,10,6,1,4,25,inf
RL,10,6,1,4,26,inf
RL,10,6,1,4,27,inf
RL,10,6,1,4,28,inf
RL,10,6,1,4,29,inf
RL,10,6,1,4,30,inf
RL,10,6,1,4,31,inf
RL,10,6,1,4,32,inf
RL,10,6,1,4,33,inf
RL,10,6,1,4,34,inf
RL,10,6,1,4,35,inf
RL,10,6,1,4,36,inf
RL,10,6,1,4,37,inf
RL,10,6,1,4,38,inf
RL,10,6,1,4,39,inf
RL,10,6,1,4,40,inf
RL,10,6,1,4,41,inf
RL,10,6,1,4,42,inf
RL,10,6,1,4,43,inf
RL,10,6,1,4,44,inf
RL,10,6,1,4,45,inf
RL,10,6,1,4,46,inf
RL,10,6,1,4,47,inf
RL,10,6,1,4,48,inf
RL,10,6,1,4,49,inf
RL,10,6,1,4,50,inf
RL,10,6,1,4,51,inf
RL,10,6,1,4,52,inf
RL,10,6,1,4,53,inf
RL,10,6,1,4,54,inf
RL,10,6,1,4,55,inf
RL,10,6,1,4,56,inf
RL,10,6,1,4,57,inf
RL,10,6,1,4,58,inf
RL,10,6,1,4,59,inf
RL,10,6,1,4,60,inf
RL,10,6,1,4,61,inf
RL,10,6,1,4,62,inf
RL,10,6,1,4,63,inf
RL,10,6,1,4,64,inf
RL,10,6,1,4,65,inf
RL,10,6,1,4,66,inf
RL,10,6,1,4,67,inf
RL,10,6,1,4,68,inf
RL,10,6,1,4,69,inf
RL,10,6,1,4,70,inf
RL,10,6,1,4,71,inf
RL,10,6,1,4,72,inf
RL,10,6,1,4,73,inf
RL,10,6,1,4,74,inf
RL,10,6,1,4,75,inf
RL,10,6,1,4,76,inf
RL,10,6,1,4,77,inf
RL,10,6,1,4,78,inf
RL,10,6,1,4,79,inf
RL,10,6,1,4,80,inf
RL,10,6,1,4,81,inf
RL,10,6,1,4,82,inf
RL,10,6,1,4,83,inf
RL,10,6,1,4,84,inf
RL,10,6,1,4,85,inf
RL,10,6,1,4,86,inf
RL,10,6,1,4,87,inf
RL,10,6,1,4,88,inf
RL,10,6,1,4,89,inf
RL,10,6,1,4,90,inf
RL,10,6,1,4,91,inf
RL,10,6,1,4,92,inf
RL,10,6,1,4,93,inf
RL,10,6,1,4,94,inf
RL,10,6,1,4,95,inf
RL,10,6,1,4,96,inf
RL,10,6,1,4,97,inf
RL,10,6,1,4,98,inf
RL,10,6,1,4,99,inf
RL,10,6,1,4,100,inf
Random,10,6,2,0,1,inf
Random,10,6,2,0,2,inf
Random,10,6,2,0,3,inf
Random,10,6,2,0,4,inf
Random,10,6,2,0,5,inf
Random,10,6,2,0,6,inf
Random,10,6,2,0,7,inf
Random,10,6,2,0,8,inf
Random,10,6,2,0,9,inf
Random,10,6,2,0,10,inf
Random,10,6,2,0,11,inf
Random,10,6,2,0,12,inf
Random,10,6,2,0,13,inf
Random,10,6,2,0,14,inf
Random,10,6,2,0,15,inf
Random,10,6,2,0,16,inf
Random,10,6,2,0,17,inf
Random,10,6,2,0,18,inf
Random,10,6,2,0,19,inf
Random,10,6,2,0,20,inf
Random,10,6,2,0,21,inf
Random,10,6,2,0,22,inf
Random,10,6,2,0,23,inf
Random,10,6,2,0,24,inf
Random,10,6,2,0,25,inf
Random,10,6,2,0,26,inf
Random,10,6,2,0,27,inf
Random,10,6,2,0,28,inf
Random,10,6,2,0,29,inf
Random,10,6,2,0,30,inf
Random,10,6,2,0,31,inf
Random,10,6,2,0,32,inf
Random,10,6,2,0,33,inf
Random,10,6,2,0,34,inf
Random,10,6,2,0,35,inf
Random,10,6,2,0,36,inf
Random,10,6,2,0,37,inf
Random,10,6,2,0,38,inf
Random,10,6,2,0,39,inf
Random,10,6,2,0,40,inf
Random,10,6,2,0,41,inf
Random,10,6,2,0,42,inf
Random,10,6,2,0,43,inf
Random,10,6,2,0,44,inf
Random,10,6,2,0,45,inf
Random,10,6,2,0,46,inf
Random,10,6,2,0,47,inf
Random,10,6,2,0,48,inf
Random,10,6,2,0,49,inf
Random,10,6,2,0,50,inf
Random,10,6,2,0,51,inf
Random,10,6,2,0,52,inf
Random,10,6,2,0,53,inf
Random,10,6,2,0,54,inf
Random,10,6,2,0,55,inf
Random,10,6,2,0,56,inf
Random,10,6,2,0,57,inf
Random,10,6,2,0,58,inf
Random,10,6,2,0,59,inf
Random,10,6,2,0,60,inf
Random,10,6,2,0,61,inf
Random,10,6,2,0,62,inf
Random,10,6,2,0,63,inf
Random,10,6,2,0,64,inf
Random,10,6,2,0,65,inf
Random,10,6,2,0,66,inf
Random,10,6,2,0,67,inf
Random,10,6,2,0,68,inf
Random,10,6,2,0,69,inf
Random,10,6,2,0,70,inf
Random,10,6,2,0,71,inf
Random,10,6,2,0,72,inf
Random,10,6,2,0,73,inf
Random,10,6,2,0,74,inf
Random,10,6,2,0,75,inf
Random,10,6,2,0,76,inf
Random,10,6,2,0,77,inf
Random,10,6,2,0,78,inf
Random,10,6,2,0,79,inf
Random,10,6,2,0,80,inf
Random,10,6,2,0,81,inf
Random,10,6,2,0,82,inf
Random,10,6,2,0,83,inf
Random,10,6,2,0,84,inf
Random,10,6,2,0,85,inf
Random,10,6,2,0,86,inf
Random,10,6,2,0,87,inf
Random,10,6,2,0,88,inf
Random,10,6,2,0,89,inf
Random,10,6,2,0,90,inf
Random,10,6,2,0,91,inf
Random,10,6,2,0,92,inf
Random,10,6,2,0,93,inf
Random,10,6,2,0,94,inf
Random,10,6,2,0,95,inf
Random,10,6,2,0,96,inf
Random,10,6,2,0,97,inf
Random,10,6,2,0,98,inf
Random,10,6,2,0,99,inf
Random,10,6,2,0,100,inf
qLogEI,10,6,2,0,1,inf
qLogEI,10,6,2,0,2,inf
qLogEI,10,6,2,0,3,inf
qLogEI,10,6,2,0,4,inf
qLogEI,10,6,2,0,5,inf
qLogEI,10,6,2,0,6,inf
qLogEI,10,6,2,0,7,inf
qLogEI,10,6,2,0,8,inf
qLogEI,10,6,2,0,9,inf
qLogEI,10,6,2,0,10,inf
qLogEI,10,6,2,0,11,inf
qLogEI,10,6,2,0,12,inf
qLogEI,10,6,2,0,13,inf
qLogEI,10,6,2,0,14,inf
qLogEI,10,6,2,0,15,inf
qLogEI,10,6,2,0,16,inf
qLogEI,10,6,2,0,17,inf
qLogEI,10,6,2,0,18,inf
qLogEI,10,6,2,0,19,inf
qLogEI,10,6,2,0,20,inf
qLogEI,10,6,2,0,21,inf
qLogEI,10,6,2,0,22,inf
qLogEI,10,6,2,0,23,inf
qLogEI,10,6,2,0,24,inf
qLogEI,10,6,2,0,25,inf
qLogEI,10,6,2,0,26,inf
qLogEI,10,6,2,0,27,inf
qLogEI,10,6,2,0,28,inf
qLogEI,10,6,2,0,29,inf
qLogEI,10,6,2,0,30,inf
qLogEI,10,6,2,0,31,inf
qLogEI,10,6,2,0,32,inf
qLogEI,10,6,2,0,33,inf
qLogEI,10,6,2,0,34,inf
qLogEI,10,6,2,0,35,inf
qLogEI,10,6,2,0,36,inf
qLogEI,10,6,2,0,37,inf
qLogEI,10,6,2,0,38,inf
qLogEI,10,6,2,0,39,inf
qLogEI,10,6,2,0,40,inf
qLogEI,10,6,2,0,41,inf
qLogEI,10,6,2,0,42,inf
qLogEI,10,6,2,0,43,inf
qLogEI,10,6,2,0,44,inf
qLogEI,10,6,2,0,45,inf
qLogEI,10,6,2,0,46,inf
qLogEI,10,6,2,0,47,inf
qLogEI,10,6,2,0,48,inf
qLogEI,10,6,2,0,49,inf
qLogEI,10,6,2,0,50,inf
qLogEI,10,6,2,0,51,inf
qLogEI,10,6,2,0,52,inf
qLogEI,10,6,2,0,53,inf
qLogEI,10,6,2,0,54,inf
qLogEI,10,6,2,0,55,inf
qLogEI,10,6,2,0,56,inf
qLogEI,10,6,2,0,57,inf
qLogEI,10,6,2,0,58,inf
qLogEI,10,6,2,0,59,inf
qLogEI,10,6,2,0,60,inf
qLogEI,10,6,2,0,61,inf
qLogEI,10,6,2,0,62,inf
qLogEI,10,6,2,0,63,inf
qLogEI,10,6,2,0,64,inf
qLogEI,10,6,2,0,65,inf
qLogEI,10,6,2,0,66,inf
qLogEI,10,6,2,0,67,inf
qLogEI,10,6,2,0,68,inf
qLogEI,10,6,2,0,69,inf
qLogEI,10,6,2,0,70,inf
qLogEI,10,6,2,0,71,inf
qLogEI,10,6,2,0,72,inf
qLogEI,10,6,2,0,73,inf
qLogEI,10,6,2,0,74,inf
qLogEI,10,6,2,0,75,inf
qLogEI,10,6,2,0,76,inf
qLogEI,10,6,2,0,77,inf
qLogEI,10,6,2,0,78,inf
qLogEI,10,6,2,0,79,inf
qLogEI,10,6,2,0,80,inf
qLogEI,10,6,2,0,81,inf
qLogEI,10,6,2,0,82,inf
qLogEI,10,6,2,0,83,inf
qLogEI,10,6,2,0,84,inf
qLogEI,10,6,2,0,85,inf
qLogEI,10,6,2,0,86,inf
qLogEI,10,6,2,0,87,inf
qLogEI,10,6,2,0,88,inf
qLogEI,10,6,2,0,89,inf
qLogEI,10,6,2,0,90,inf
qLogEI,10,6,2,0,91,inf
qLogEI,10,6,2,0,92,inf
qLogEI,10,6,2,0,93,inf
qLogEI,10,6,2,0,94,inf
qLogEI,10,6,2,0,95,inf
qLogEI,10,6,2,0,96,inf
qLogEI,10,6,2,0,97,inf
qLogEI,10,6,2,0,98,inf
qLogEI,10,6,2,0,99,inf
qLogEI,10,6,2,0,100,inf
RL,10,6,2,0,1,inf
RL,10,6,2,0,2,inf
RL,10,6,2,0,3,inf
RL,10,6,2,0,4,inf
RL,10,6,2,0,5,inf
RL,10,6,2,0,6,inf
RL,10,6,2,0,7,inf
RL,10,6,2,0,8,inf
RL,10,6,2,0,9,inf
RL,10,6,2,0,10,inf
RL,10,6,2,0,11,inf
RL,10,6,2,0,12,inf
RL,10,6,2,0,13,inf
RL,10,6,2,0,14,inf
RL,10,6,2,0,15,inf
RL,10,6,2,0,16,inf
RL,10,6,2,0,17,inf
RL,10,6,2,0,18,inf
RL,10,6,2,0,19,inf
RL,10,6,2,0,20,inf
RL,10,6,2,0,21,inf
RL,10,6,2,0,22,inf
RL,10,6,2,0,23,inf
RL,10,6,2,0,24,inf
RL,10,6,2,0,25,inf
RL,10,6,2,0,26,inf
RL,10,6,2,0,27,inf
RL,10,6,2,0,28,inf
RL,10,6,2,0,29,inf
RL,10,6,2,0,30,inf
RL,10,6,2,0,31,inf
RL,10,6,2,0,32,inf
RL,10,6,2,0,33,inf
RL,10,6,2,0,34,inf
RL,10,6,2,0,35,inf
RL,10,6,2,0,36,inf
RL,10,6,2,0,37,inf
RL,10,6,2,0,38,inf
RL,10,6,2,0,39,inf
RL,10,6,2,0,40,inf
RL,10,6,2,0,41,inf
RL,10,6,2,0,42,inf
RL,10,6,2,0,43,inf
RL,10,6,2,0,44,inf
RL,10,6,2,0,45,inf
RL,10,6,2,0,46,inf
RL,10,6,2,0,47,inf
RL,10,6,2,0,48,inf
RL,10,6,2,0,49,inf
RL,10,6,2,0,50,inf
RL,10,6,2,0,51,inf
RL,10,6,2,0,52,inf
RL,10,6,2,0,53,inf
RL,10,6,2,0,54,inf
RL,10,6,2,0,55,inf
RL,10,6,2,0,56,inf
RL,10,6,2,0,57,inf
RL,10,6,2,0,58,inf
RL,10,6,2,0,59,inf
RL,10,6,2,0,60,inf
RL,10,6,2,0,61,inf
RL,10,6,2,0,62,inf
RL,10,6,2,0,63,inf
RL,10,6,2,0,64,inf
RL,10,6,2,0,65,inf
RL,10,6,2,0,66,inf
RL,10,6,2,0,67,inf
RL,10,6,2,0,68,inf
RL,10,6,2,0,69,inf
RL,10,6,2,0,70,inf
RL,10,6,2,0,71,inf
RL,10,6,2,0,72,inf
RL,10,6,2,0,73,inf
RL,10,6,2,0,74,inf
RL,10,6,2,0,75,inf
RL,10,6,2,0,76,inf
RL,10,6,2,0,77,inf
RL,10,6,2,0,78,inf
RL,10,6,2,0,79,inf
RL,10,6,2,0,80,inf
RL,10,6,2,0,81,inf
RL,10,6,2,0,82,inf
RL,10,6,2,0,83,inf
RL,10,6,2,0,84,inf
RL,10,6,2,0,85,inf
RL,10,6,2,0,86,inf
RL,10,6,2,0,87,inf
RL,10,6,2,0,88,inf
RL,10,6,2,0,89,inf
RL,10,6,2,0,90,inf
RL,10,6,2,0,91,inf
RL,10,6,2,0,92,inf
RL,10,6,2,0,93,inf
RL,10,6,2,0,94,inf
RL,10,6,2,0,95,inf
RL,10,6,2,0,96,inf
RL,10,6,2,0,97,inf
RL,10,6,2,0,98,inf
RL,10,6,2,0,99,inf
RL,10,6,2,0,100,inf
Random,10,6,2,1,1,inf
Random,10,6,2,1,2,inf
Random,10,6,2,1,3,inf
Random,10,6,2,1,4,inf
Random,10,6,2,1,5,inf
Random,10,6,2,1,6,inf
Random,10,6,2,1,7,inf
Random,10,6,2,1,8,inf
Random,10,6,2,1,9,inf
Random,10,6,2,1,10,inf
Random,10,6,2,1,11,inf
Random,10,6,2,1,12,inf
Random,10,6,2,1,13,inf
Random,10,6,2,1,14,inf
Random,10,6,2,1,15,inf
Random,10,6,2,1,16,inf
Random,10,6,2,1,17,inf
Random,10,6,2,1,18,inf
Random,10,6,2,1,19,inf
Random,10,6,2,1,20,inf
Random,10,6,2,1,21,inf
Random,10,6,2,1,22,inf
Random,10,6,2,1,23,inf
Random,10,6,2,1,24,inf
Random,10,6,2,1,25,inf
Random,10,6,2,1,26,inf
Random,10,6,2,1,27,inf
Random,10,6,2,1,28,inf
Random,10,6,2,1,29,inf
Random,10,6,2,1,30,inf
Random,10,6,2,1,31,inf
Random,10,6,2,1,32,inf
Random,10,6,2,1,33,inf
Random,10,6,2,1,34,inf
Random,10,6,2,1,35,inf
Random,10,6,2,1,36,inf
Random,10,6,2,1,37,inf
Random,10,6,2,1,38,inf
Random,10,6,2,1,39,inf
Random,10,6,2,1,40,inf
Random,10,6,2,1,41,inf
Random,10,6,2,1,42,inf
Random,10,6,2,1,43,inf
Random,10,6,2,1,44,inf
Random,10,6,2,1,45,inf
Random,10,6,2,1,46,inf
Random,10,6,2,1,47,inf
Random,10,6,2,1,48,inf
Random,10,6,2,1,49,inf
Random,10,6,2,1,50,inf
Random,10,6,2,1,51,inf
Random,10,6,2,1,52,inf
Random,10,6,2,1,53,inf
Random,10,6,2,1,54,inf
Random,10,6,2,1,55,inf
Random,10,6,2,1,56,inf
Random,10,6,2,1,57,inf
Random,10,6,2,1,58,inf
Random,10,6,2,1,59,inf
Random,10,6,2,1,60,inf
Random,10,6,2,1,61,inf
Random,10,6,2,1,62,inf
Random,10,6,2,1,63,inf
Random,10,6,2,1,64,inf
Random,10,6,2,1,65,inf
Random,10,6,2,1,66,inf
Random,10,6,2,1,67,inf
Random,10,6,2,1,68,inf
Random,10,6,2,1,69,inf
Random,10,6,2,1,70,inf
Random,10,6,2,1,71,inf
Random,10,6,2,1,72,inf
Random,10,6,2,1,73,inf
Random,10,6,2,1,74,inf
Random,10,6,2,1,75,inf
Random,10,6,2,1,76,inf
Random,10,6,2,1,77,inf
Random,10,6,2,1,78,inf
Random,10,6,2,1,79,inf
Random,10,6,2,1,80,inf
Random,10,6,2,1,81,inf
Random,10,6,2,1,82,inf
Random,10,6,2,1,83,inf
Random,10,6,2,1,84,inf
Random,10,6,2,1,85,inf
Random,10,6,2,1,86,inf
Random,10,6,2,1,87,inf
Random,10,6,2,1,88,inf
Random,10,6,2,1,89,inf
Random,10,6,2,1,90,inf
Random,10,6,2,1,91,inf
Random,10,6,2,1,92,inf
Random,10,6,2,1,93,inf
Random,10,6,2,1,94,inf
Random,10,6,2,1,95,inf
Random,10,6,2,1,96,inf
Random,10,6,2,1,97,inf
Random,10,6,2,1,98,inf
Random,10,6,2,1,99,inf
Random,10,6,2,1,100,inf
qLogEI,10,6,2,1,1,inf
qLogEI,10,6,2,1,2,inf
qLogEI,10,6,2,1,3,inf
qLogEI,10,6,2,1,4,inf
qLogEI,10,6,2,1,5,inf
qLogEI,10,6,2,1,6,inf
qLogEI,10,6,2,1,7,inf
qLogEI,10,6,2,1,8,inf
qLogEI,10,6,2,1,9,inf
qLogEI,10,6,2,1,10,inf
qLogEI,10,6,2,1,11,inf
qLogEI,10,6,2,1,12,inf
qLogEI,10,6,2,1,13,inf
qLogEI,10,6,2,1,14,inf
qLogEI,10,6,2,1,15,inf
qLogEI,10,6,2,1,16,inf
qLogEI,10,6,2,1,17,inf
qLogEI,10,6,2,1,18,inf
qLogEI,10,6,2,1,19,inf
qLogEI,10,6,2,1,20,inf
qLogEI,10,6,2,1,21,inf
qLogEI,10,6,2,1,22,inf
qLogEI,10,6,2,1,23,inf
qLogEI,10,6,2,1,24,inf
qLogEI,10,6,2,1,25,inf
qLogEI,10,6,2,1,26,inf
qLogEI,10,6,2,1,27,inf
qLogEI,10,6,2,1,28,inf
qLogEI,10,6,2,1,29,inf
qLogEI,10,6,2,1,30,inf
qLogEI,10,6,2,1,31,inf
qLogEI,10,6,2,1,32,inf
qLogEI,10,6,2,1,33,inf
qLogEI,10,6,2,1,34,inf
qLogEI,10,6,2,1,35,inf
qLogEI,10,6,2,1,36,inf
qLogEI,10,6,2,1,37,inf
qLogEI,10,6,2,1,38,inf
qLogEI,10,6,2,1,39,inf
qLogEI,10,6,2,1,40,inf
qLogEI,10,6,2,1,41,inf
qLogEI,10,6,2,1,42,inf
qLogEI,10,6,2,1,43,inf
qLogEI,10,6,2,1,44,inf
qLogEI,10,6,2,1,45,inf
qLogEI,10,6,2,1,46,inf
qLogEI,10,6,2,1,47,inf
qLogEI,10,6,2,1,48,inf
qLogEI,10,6,2,1,49,inf
qLogEI,10,6,2,1,50,inf
qLogEI,10,6,2,1,51,inf
qLogEI,10,6,2,1,52,inf
qLogEI,10,6,2,1,53,inf
qLogEI,10,6,2,1,54,inf
qLogEI,10,6,2,1,55,inf
qLogEI,10,6,2,1,56,inf
qLogEI,10,6,2,1,57,inf
qLogEI,10,6,2,1,58,inf
qLogEI,10,6,2,1,59,inf
qLogEI,10,6,2,1,60,inf
qLogEI,10,6,2,1,61,inf
qLogEI,10,6,2,1,62,inf
qLogEI,10,6,2,1,63,inf
qLogEI,10,6,2,1,64,inf
qLogEI,10,6,2,1,65,inf
qLogEI,10,6,2,1,66,inf
qLogEI,10,6,2,1,67,inf
qLogEI,10,6,2,1,68,inf
qLogEI,10,6,2,1,69,inf
qLogEI,10,6,2,1,70,inf
qLogEI,10,6,2,1,71,inf
qLogEI,10,6,2,1,72,inf
qLogEI,10,6,2,1,73,inf
qLogEI,10,6,2,1,74,inf
qLogEI,10,6,2,1,75,inf
qLogEI,10,6,2,1,76,inf
qLogEI,10,6,2,1,77,inf
qLogEI,10,6,2,1,78,inf
qLogEI,10,6,2,1,79,inf
qLogEI,10,6,2,1,80,inf
qLogEI,10,6,2,1,81,inf
qLogEI,10,6,2,1,82,inf
qLogEI,10,6,2,1,83,inf
qLogEI,10,6,2,1,84,inf
qLogEI,10,6,2,1,85,inf
qLogEI,10,6,2,1,86,inf
qLogEI,10,6,2,1,87,inf
qLogEI,10,6,2,1,88,inf
qLogEI,10,6,2,1,89,inf
qLogEI,10,6,2,1,90,inf
qLogEI,10,6,2,1,91,inf
qLogEI,10,6,2,1,92,inf
qLogEI,10,6,2,1,93,inf
qLogEI,10,6,2,1,94,inf
qLogEI,10,6,2,1,95,inf
qLogEI,10,6,2,1,96,inf
qLogEI,10,6,2,1,97,inf
qLogEI,10,6,2,1,98,inf
qLogEI,10,6,2,1,99,inf
qLogEI,10,6,2,1,100,inf
RL,10,6,2,1,1,inf
RL,10,6,2,1,2,inf
RL,10,6,2,1,3,inf
RL,10,6,2,1,4,inf
RL,10,6,2,1,5,inf
RL,10,6,2,1,6,inf
RL,10,6,2,1,7,inf
RL,10,6,2,1,8,inf
RL,10,6,2,1,9,inf
RL,10,6,2,1,10,inf
RL,10,6,2,1,11,inf
RL,10,6,2,1,12,inf
RL,10,6,2,1,13,inf
RL,10,6,2,1,14,inf
RL,10,6,2,1,15,inf
RL,10,6,2,1,16,inf
RL,10,6,2,1,17,inf
RL,10,6,2,1,18,inf
RL,10,6,2,1,19,inf
RL,10,6,2,1,20,inf
RL,10,6,2,1,21,inf
RL,10,6,2,1,22,inf
RL,10,6,2,1,23,inf
RL,10,6,2,1,24,inf
RL,10,6,2,1,25,inf
RL,10,6,2,1,26,inf
RL,10,6,2,1,27,inf
RL,10,6,2,1,28,inf
RL,10,6,2,1,29,inf
RL,10,6,2,1,30,inf
RL,10,6,2,1,31,inf
RL,10,6,2,1,32,inf
RL,10,6,2,1,33,inf
RL,10,6,2,1,34,inf
RL,10,6,2,1,35,inf
RL,10,6,2,1,36,inf
RL,10,6,2,1,37,inf
RL,10,6,2,1,38,inf
RL,10,6,2,1,39,inf
RL,10,6,2,1,40,inf
RL,10,6,2,1,41,inf
RL,10,6,2,1,42,inf
RL,10,6,2,1,43,inf
RL,10,6,2,1,44,inf
RL,10,6,2,1,45,inf
RL,10,6,2,1,46,inf
RL,10,6,2,1,47,inf
RL,10,6,2,1,48,inf
RL,10,6,2,1,49,inf
RL,10,6,2,1,50,inf
RL,10,6,2,1,51,inf
RL,10,6,2,1,52,inf
RL,10,6,2,1,53,inf
RL,10,6,2,1,54,inf
RL,10,6,2,1,55,inf
RL,10,6,2,1,56,inf
RL,10,6,2,1,57,inf
RL,10,6,2,1,58,inf
RL,10,6,2,1,59,inf
RL,10,6,2,1,60,inf
RL,10,6,2,1,61,inf
RL,10,6,2,1,62,inf
RL,10,6,2,1,63,inf
RL,10,6,2,1,64,inf
RL,10,6,2,1,65,inf
RL,10,6,2,1,66,inf
RL,10,6,2,1,67,inf
RL,10,6,2,1,68,inf
RL,10,6,2,1,69,inf
RL,10,6,2,1,70,inf
RL,10,6,2,1,71,inf
RL,10,6,2,1,72,inf
RL,10,6,2,1,73,inf
RL,10,6,2,1,74,inf
RL,10,6,2,1,75,inf
RL,10,6,2,1,76,inf
RL,10,6,2,1,77,inf
RL,10,6,2,1,78,inf
RL,10,6,2,1,79,inf
RL,10,6,2,1,80,inf
RL,10,6,2,1,81,inf
RL,10,6,2,1,82,inf
RL,10,6,2,1,83,inf
RL,10,6,2,1,84,inf
RL,10,6,2,1,85,inf
RL,10,6,2,1,86,inf
RL,10,6,2,1,87,inf
RL,10,6,2,1,88,inf
RL,10,6,2,1,89,inf
RL,10,6,2,1,90,inf
RL,10,6,2,1,91,inf
RL,10,6,2,1,92,inf
RL,10,6,2,1,93,inf
RL,10,6,2,1,94,inf
RL,10,6,2,1,95,inf
RL,10,6,2,1,96,inf
RL,10,6,2,1,97,inf
RL,10,6,2,1,98,inf
RL,10,6,2,1,99,inf
RL,10,6,2,1,100,inf
Random,10,6,2,2,1,inf
Random,10,6,2,2,2,inf
Random,10,6,2,2,3,inf
Random,10,6,2,2,4,inf
Random,10,6,2,2,5,inf
Random,10,6,2,2,6,inf
Random,10,6,2,2,7,inf
Random,10,6,2,2,8,inf
Random,10,6,2,2,9,inf
Random,10,6,2,2,10,inf
Random,10,6,2,2,11,inf
Random,10,6,2,2,12,inf
Random,10,6,2,2,13,inf
Random,10,6,2,2,14,inf
Random,10,6,2,2,15,inf
Random,10,6,2,2,16,inf
Random,10,6,2,2,17,inf
Random,10,6,2,2,18,inf
Random,10,6,2,2,19,inf
Random,10,6,2,2,20,inf
Random,10,6,2,2,21,inf
Random,10,6,2,2,22,inf
Random,10,6,2,2,23,inf
Random,10,6,2,2,24,inf
Random,10,6,2,2,25,inf
Random,10,6,2,2,26,inf
Random,10,6,2,2,27,inf
Random,10,6,2,2,28,inf
Random,10,6,2,2,29,inf
Random,10,6,2,2,30,inf
Random,10,6,2,2,31,inf
Random,10,6,2,2,32,inf
Random,10,6,2,2,33,inf
Random,10,6,2,2,34,inf
Random,10,6,2,2,35,inf
Random,10,6,2,2,36,inf
Random,10,6,2,2,37,inf
Random,10,6,2,2,38,inf
Random,10,6,2,2,39,inf
Random,10,6,2,2,40,inf
Random,10,6,2,2,41,inf
Random,10,6,2,2,42,inf
Random,10,6,2,2,43,inf
Random,10,6,2,2,44,inf
Random,10,6,2,2,45,inf
Random,10,6,2,2,46,inf
Random,10,6,2,2,47,inf
Random,10,6,2,2,48,inf
Random,10,6,2,2,49,inf
Random,10,6,2,2,50,inf
Random,10,6,2,2,51,inf
Random,10,6,2,2,52,inf
Random,10,6,2,2,53,inf
Random,10,6,2,2,54,inf
Random,10,6,2,2,55,inf
Random,10,6,2,2,56,inf
Random,10,6,2,2,57,inf
Random,10,6,2,2,58,inf
Random,10,6,2,2,59,inf
Random,10,6,2,2,60,inf
Random,10,6,2,2,61,inf
Random,10,6,2,2,62,inf
Random,10,6,2,2,63,inf
Random,10,6,2,2,64,inf
Random,10,6,2,2,65,inf
Random,10,6,2,2,66,inf
Random,10,6,2,2,67,inf
Random,10,6,2,2,68,inf
Random,10,6,2,2,69,inf
Random,10,6,2,2,70,inf
Random,10,6,2,2,71,inf
Random,10,6,2,2,72,inf
Random,10,6,2,2,73,inf
Random,10,6,2,2,74,inf
Random,10,6,2,2,75,inf
Random,10,6,2,2,76,inf
Random,10,6,2,2,77,inf
Random,10,6,2,2,78,inf
Random,10,6,2,2,79,inf
Random,10,6,2,2,80,inf
Random,10,6,2,2,81,inf
Random,10,6,2,2,82,inf
Random,10,6,2,2,83,inf
Random,10,6,2,2,84,inf
Random,10,6,2,2,85,inf
Random,10,6,2,2,86,inf
Random,10,6,2,2,87,inf
Random,10,6,2,2,88,inf
Random,10,6,2,2,89,inf
Random,10,6,2,2,90,inf
Random,10,6,2,2,91,inf
Random,10,6,2,2,92,inf
Random,10,6,2,2,93,inf
Random,10,6,2,2,94,inf
Random,10,6,2,2,95,inf
Random,10,6,2,2,96,inf
Random,10,6,2,2,97,inf
Random,10,6,2,2,98,inf
Random,10,6,2,2,99,inf
Random,10,6,2,2,100,inf
qLogEI,10,6,2,2,1,inf
qLogEI,10,6,2,2,2,inf
qLogEI,10,6,2,2,3,inf
qLogEI,10,6,2,2,4,inf
qLogEI,10,6,2,2,5,inf
qLogEI,10,6,2,2,6,inf
qLogEI,10,6,2,2,7,inf
qLogEI,10,6,2,2,8,inf
qLogEI,10,6,2,2,9,inf
qLogEI,10,6,2,2,10,inf
qLogEI,10,6,2,2,11,inf
qLogEI,10,6,2,2,12,inf
qLogEI,10,6,2,2,13,inf
qLogEI,10,6,2,2,14,inf
qLogEI,10,6,2,2,15,inf
qLogEI,10,6,2,2,16,inf
qLogEI,10,6,2,2,17,inf
qLogEI,10,6,2,2,18,inf
qLogEI,10,6,2,2,19,inf
qLogEI,10,6,2,2,20,inf
qLogEI,10,6,2,2,21,inf
qLogEI,10,6,2,2,22,inf
qLogEI,10,6,2,2,23,inf
qLogEI,10,6,2,2,24,inf
qLogEI,10,6,2,2,25,inf
qLogEI,10,6,2,2,26,inf
qLogEI,10,6,2,2,27,inf
qLogEI,10,6,2,2,28,inf
qLogEI,10,6,2,2,29,inf
qLogEI,10,6,2,2,30,inf
qLogEI,10,6,2,2,31,inf
qLogEI,10,6,2,2,32,inf
qLogEI,10,6,2,2,33,inf
qLogEI,10,6,2,2,34,inf
qLogEI,10,6,2,2,35,inf
qLogEI,10,6,2,2,36,inf
qLogEI,10,6,2,2,37,inf
qLogEI,10,6,2,2,38,inf
qLogEI,10,6,2,2,39,inf
qLogEI,10,6,2,2,40,inf
qLogEI,10,6,2,2,41,inf
qLogEI,10,6,2,2,42,inf
qLogEI,10,6,2,2,43,inf
qLogEI,10,6,2,2,44,inf
qLogEI,10,6,2,2,45,inf
qLogEI,10,6,2,2,46,inf
qLogEI,10,6,2,2,47,inf
qLogEI,10,6,2,2,48,inf
qLogEI,10,6,2,2,49,inf
qLogEI,10,6,2,2,50,inf
qLogEI,10,6,2,2,51,inf
qLogEI,10,6,2,2,52,inf
qLogEI,10,6,2,2,53,inf
qLogEI,10,6,2,2,54,inf
qLogEI,10,6,2,2,55,inf
qLogEI,10,6,2,2,56,inf
qLogEI,10,6,2,2,57,inf
qLogEI,10,6,2,2,58,inf
qLogEI,10,6,2,2,59,inf
qLogEI,10,6,2,2,60,inf
qLogEI,10,6,2,2,61,inf
qLogEI,10,6,2,2,62,inf
qLogEI,10,6,2,2,63,inf
qLogEI,10,6,2,2,64,inf
qLogEI,10,6,2,2,65,inf
qLogEI,10,6,2,2,66,inf
qLogEI,10,6,2,2,67,inf
qLogEI,10,6,2,2,68,inf
qLogEI,10,6,2,2,69,inf
qLogEI,10,6,2,2,70,inf
qLogEI,10,6,2,2,71,inf
qLogEI,10,6,2,2,72,inf
qLogEI,10,6,2,2,73,inf
qLogEI,10,6,2,2,74,inf
qLogEI,10,6,2,2,75,inf
qLogEI,10,6,2,2,76,inf
qLogEI,10,6,2,2,77,inf
qLogEI,10,6,2,2,78,inf
qLogEI,10,6,2,2,79,inf
qLogEI,10,6,2,2,80,inf
qLogEI,10,6,2,2,81,inf
qLogEI,10,6,2,2,82,inf
qLogEI,10,6,2,2,83,inf
qLogEI,10,6,2,2,84,inf
qLogEI,10,6,2,2,85,inf
qLogEI,10,6,2,2,86,inf
qLogEI,10,6,2,2,87,inf
qLogEI,10,6,2,2,88,inf
qLogEI,10,6,2,2,89,inf
qLogEI,10,6,2,2,90,inf
qLogEI,10,6,2,2,91,inf
qLogEI,10,6,2,2,92,inf
qLogEI,10,6,2,2,93,inf
qLogEI,10,6,2,2,94,inf
qLogEI,10,6,2,2,95,inf
qLogEI,10,6,2,2,96,inf
qLogEI,10,6,2,2,97,inf
qLogEI,10,6,2,2,98,inf
qLogEI,10,6,2,2,99,inf
qLogEI,10,6,2,2,100,inf
RL,10,6,2,2,1,inf
RL,10,6,2,2,2,inf
RL,10,6,2,2,3,inf
RL,10,6,2,2,4,inf
RL,10,6,2,2,5,inf
RL,10,6,2,2,6,inf
RL,10,6,2,2,7,inf
RL,10,6,2,2,8,inf
RL,10,6,2,2,9,inf
RL,10,6,2,2,10,inf
RL,10,6,2,2,11,inf
RL,10,6,2,2,12,inf
RL,10,6,2,2,13,inf
RL,10,6,2,2,14,inf
RL,10,6,2,2,15,inf
RL,10,6,2,2,16,inf
RL,10,6,2,2,17,inf
RL,10,6,2,2,18,inf
RL,10,6,2,2,19,inf
RL,10,6,2,2,20,inf
RL,10,6,2,2,21,inf
RL,10,6,2,2,22,inf
RL,10,6,2,2,23,inf
RL,10,6,2,2,24,inf
RL,10,6,2,2,25,inf
RL,10,6,2,2,26,inf
RL,10,6,2,2,27,inf
RL,10,6,2,2,28,inf
RL,10,6,2,2,29,inf
RL,10,6,2,2,30,inf
RL,10,6,2,2,31,inf
RL,10,6,2,2,32,inf
RL,10,6,2,2,33,inf
RL,10,6,2,2,34,inf
RL,10,6,2,2,35,inf
RL,10,6,2,2,36,inf
RL,10,6,2,2,37,inf
RL,10,6,2,2,38,inf
RL,10,6,2,2,39,inf
RL,10,6,2,2,40,inf
RL,10,6,2,2,41,inf
RL,10,6,2,2,42,inf
RL,10,6,2,2,43,inf
RL,10,6,2,2,44,inf
RL,10,6,2,2,45,inf
RL,10,6,2,2,46,inf
RL,10,6,2,2,47,inf
RL,10,6,2,2,48,inf
RL,10,6,2,2,49,inf
RL,10,6,2,2,50,inf
RL,10,6,2,2,51,inf
RL,10,6,2,2,52,inf
RL,10,6,2,2,53,inf
RL,10,6,2,2,54,inf
RL,10,6,2,2,55,inf
RL,10,6,2,2,56,inf
RL,10,6,2,2,57,inf
RL,10,6,2,2,58,inf
RL,10,6,2,2,59,inf
RL,10,6,2,2,60,inf
RL,10,6,2,2,61,inf
RL,10,6,2,2,62,inf
RL,10,6,2,2,63,inf
RL,10,6,2,2,64,inf
RL,10,6,2,2,65,inf
RL,10,6,2,2,66,inf
RL,10,6,2,2,67,inf
RL,10,6,2,2,68,inf
RL,10,6,2,2,69,inf
RL,10,6,2,2,70,inf
RL,10,6,2,2,71,inf
RL,10,6,2,2,72,inf
RL,10,6,2,2,73,inf
RL,10,6,2,2,74,inf
RL,10,6,2,2,75,inf
RL,10,6,2,2,76,inf
RL,10,6,2,2,77,inf
RL,10,6,2,2,78,inf
RL,10,6,2,2,79,inf
RL,10,6,2,2,80,inf
RL,10,6,2,2,81,inf
RL,10,6,2,2,82,inf
RL,10,6,2,2,83,inf
RL,10,6,2,2,84,inf
RL,10,6,2,2,85,inf
RL,10,6,2,2,86,inf
RL,10,6,2,2,87,inf
RL,10,6,2,2,88,inf
RL,10,6,2,2,89,inf
RL,10,6,2,2,90,inf
RL,10,6,2,2,91,inf
RL,10,6,2,2,92,inf
RL,10,6,2,2,93,inf
RL,10,6,2,2,94,inf
RL,10,6,2,2,95,inf
RL,10,6,2,2,96,inf
RL,10,6,2,2,97,inf
RL,10,6,2,2,98,inf
RL,10,6,2,2,99,inf
RL,10,6,2,2,100,inf
Random,10,6,2,3,1,inf
Random,10,6,2,3,2,inf
Random,10,6,2,3,3,inf
Random,10,6,2,3,4,inf
Random,10,6,2,3,5,inf
Random,10,6,2,3,6,inf
Random,10,6,2,3,7,inf
Random,10,6,2,3,8,inf
Random,10,6,2,3,9,inf
Random,10,6,2,3,10,inf
Random,10,6,2,3,11,inf
Random,10,6,2,3,12,inf
Random,10,6,2,3,13,inf
Random,10,6,2,3,14,inf
Random,10,6,2,3,15,inf
Random,10,6,2,3,16,inf
Random,10,6,2,3,17,inf
Random,10,6,2,3,18,inf
Random,10,6,2,3,19,inf
Random,10,6,2,3,20,inf
Random,10,6,2,3,21,inf
Random,10,6,2,3,22,inf
Random,10,6,2,3,23,inf
Random,10,6,2,3,24,inf
Random,10,6,2,3,25,inf
Random,10,6,2,3,26,inf
Random,10,6,2,3,27,inf
Random,10,6,2,3,28,inf
Random,10,6,2,3,29,inf
Random,10,6,2,3,30,inf
Random,10,6,2,3,31,inf
Random,10,6,2,3,32,inf
Random,10,6,2,3,33,inf
Random,10,6,2,3,34,inf
Random,10,6,2,3,35,inf
Random,10,6,2,3,36,inf
Random,10,6,2,3,37,inf
Random,10,6,2,3,38,inf
Random,10,6,2,3,39,inf
Random,10,6,2,3,40,inf
Random,10,6,2,3,41,inf
Random,10,6,2,3,42,inf
Random,10,6,2,3,43,inf
Random,10,6,2,3,44,inf
Random,10,6,2,3,45,inf
Random,10,6,2,3,46,inf
Random,10,6,2,3,47,inf
Random,10,6,2,3,48,inf
Random,10,6,2,3,49,inf
Random,10,6,2,3,50,inf
Random,10,6,2,3,51,inf
Random,10,6,2,3,52,inf
Random,10,6,2,3,53,inf
Random,10,6,2,3,54,inf
Random,10,6,2,3,55,inf
Random,10,6,2,3,56,inf
Random,10,6,2,3,57,inf
Random,10,6,2,3,58,inf
Random,10,6,2,3,59,inf
Random,10,6,2,3,60,inf
Random,10,6,2,3,61,inf
Random,10,6,2,3,62,inf
Random,10,6,2,3,63,inf
Random,10,6,2,3,64,inf
Random,10,6,2,3,65,inf
Random,10,6,2,3,66,inf
Random,10,6,2,3,67,inf
Random,10,6,2,3,68,inf
Random,10,6,2,3,69,inf
Random,10,6,2,3,70,inf
Random,10,6,2,3,71,inf
Random,10,6,2,3,72,inf
Random,10,6,2,3,73,inf
Random,10,6,2,3,74,inf
Random,10,6,2,3,75,inf
Random,10,6,2,3,76,inf
Random,10,6,2,3,77,inf
Random,10,6,2,3,78,inf
Random,10,6,2,3,79,inf
Random,10,6,2,3,80,inf
Random,10,6,2,3,81,inf
Random,10,6,2,3,82,inf
Random,10,6,2,3,83,inf
Random,10,6,2,3,84,inf
Random,10,6,2,3,85,inf
Random,10,6,2,3,86,inf
Random,10,6,2,3,87,inf
Random,10,6,2,3,88,inf
Random,10,6,2,3,89,inf
Random,10,6,2,3,90,inf
Random,10,6,2,3,91,inf
Random,10,6,2,3,92,inf
Random,10,6,2,3,93,inf
Random,10,6,2,3,94,inf
Random,10,6,2,3,95,inf
Random,10,6,2,3,96,inf
Random,10,6,2,3,97,inf
Random,10,6,2,3,98,inf
Random,10,6,2,3,99,inf
Random,10,6,2,3,100,inf
qLogEI,10,6,2,3,1,inf
qLogEI,10,6,2,3,2,inf
qLogEI,10,6,2,3,3,inf
qLogEI,10,6,2,3,4,inf
qLogEI,10,6,2,3,5,inf
qLogEI,10,6,2,3,6,inf
qLogEI,10,6,2,3,7,inf
qLogEI,10,6,2,3,8,inf
qLogEI,10,6,2,3,9,inf
qLogEI,10,6,2,3,10,inf
qLogEI,10,6,2,3,11,inf
qLogEI,10,6,2,3,12,inf
qLogEI,10,6,2,3,13,inf
qLogEI,10,6,2,3,14,inf
qLogEI,10,6,2,3,15,inf
qLogEI,10,6,2,3,16,inf
qLogEI,10,6,2,3,17,inf
qLogEI,10,6,2,3,18,inf
qLogEI,10,6,2,3,19,inf
qLogEI,10,6,2,3,20,inf
qLogEI,10,6,2,3,21,inf
qLogEI,10,6,2,3,22,inf
qLogEI,10,6,2,3,23,inf
qLogEI,10,6,2,3,24,inf
qLogEI,10,6,2,3,25,inf
qLogEI,10,6,2,3,26,inf
qLogEI,10,6,2,3,27,inf
qLogEI,10,6,2,3,28,inf
qLogEI,10,6,2,3,29,inf
qLogEI,10,6,2,3,30,inf
qLogEI,10,6,2,3,31,inf
qLogEI,10,6,2,3,32,inf
qLogEI,10,6,2,3,33,inf
qLogEI,10,6,2,3,34,inf
qLogEI,10,6,2,3,35,inf
qLogEI,10,6,2,3,36,inf
qLogEI,10,6,2,3,37,inf
qLogEI,10,6,2,3,38,inf
qLogEI,10,6,2,3,39,inf
qLogEI,10,6,2,3,40,inf
qLogEI,10,6,2,3,41,inf
qLogEI,10,6,2,3,42,inf
qLogEI,10,6,2,3,43,inf
qLogEI,10,6,2,3,44,inf
qLogEI,10,6,2,3,45,inf
qLogEI,10,6,2,3,46,inf
qLogEI,10,6,2,3,47,inf
qLogEI,10,6,2,3,48,inf
qLogEI,10,6,2,3,49,inf
qLogEI,10,6,2,3,50,inf
qLogEI,10,6,2,3,51,inf
qLogEI,10,6,2,3,52,inf
qLogEI,10,6,2,3,53,inf
qLogEI,10,6,2,3,54,inf
qLogEI,10,6,2,3,55,inf
qLogEI,10,6,2,3,56,inf
qLogEI,10,6,2,3,57,inf
qLogEI,10,6,2,3,58,inf
qLogEI,10,6,2,3,59,inf
qLogEI,10,6,2,3,60,inf
qLogEI,10,6,2,3,61,inf
qLogEI,10,6,2,3,62,inf
qLogEI,10,6,2,3,63,inf
qLogEI,10,6,2,3,64,inf
qLogEI,10,6,2,3,65,inf
qLogEI,10,6,2,3,66,inf
qLogEI,10,6,2,3,67,inf
qLogEI,10,6,2,3,68,inf
qLogEI,10,6,2,3,69,inf
qLogEI,10,6,2,3,70,inf
qLogEI,10,6,2,3,71,inf
qLogEI,10,6,2,3,72,inf
qLogEI,10,6,2,3,73,inf
qLogEI,10,6,2,3,74,inf
qLogEI,10,6,2,3,75,inf
qLogEI,10,6,2,3,76,inf
qLogEI,10,6,2,3,77,inf
qLogEI,10,6,2,3,78,inf
qLogEI,10,6,2,3,79,inf
qLogEI,10,6,2,3,80,inf
qLogEI,10,6,2,3,81,inf
qLogEI,10,6,2,3,82,inf
qLogEI,10,6,2,3,83,inf
qLogEI,10,6,2,3,84,inf
qLogEI,10,6,2,3,85,inf
qLogEI,10,6,2,3,86,inf
qLogEI,10,6,2,3,87,inf
qLogEI,10,6,2,3,88,inf
qLogEI,10,6,2,3,89,inf
qLogEI,10,6,2,3,90,inf
qLogEI,10,6,2,3,91,inf
qLogEI,10,6,2,3,92,inf
qLogEI,10,6,2,3,93,inf
qLogEI,10,6,2,3,94,inf
qLogEI,10,6,2,3,95,inf
qLogEI,10,6,2,3,96,inf
qLogEI,10,6,2,3,97,inf
qLogEI,10,6,2,3,98,inf
qLogEI,10,6,2,3,99,inf
qLogEI,10,6,2,3,100,inf
RL,10,6,2,3,1,inf
RL,10,6,2,3,2,inf
RL,10,6,2,3,3,inf
RL,10,6,2,3,4,inf
RL,10,6,2,3,5,inf
RL,10,6,2,3,6,inf
RL,10,6,2,3,7,inf
RL,10,6,2,3,8,inf
RL,10,6,2,3,9,inf
RL,10,6,2,3,10,inf
RL,10,6,2,3,11,inf
RL,10,6,2,3,12,inf
RL,10,6,2,3,13,inf
RL,10,6,2,3,14,inf
RL,10,6,2,3,15,inf
RL,10,6,2,3,16,inf
RL,10,6,2,3,17,inf
RL,10,6,2,3,18,inf
RL,10,6,2,3,19,inf
RL,10,6,2,3,20,inf
RL,10,6,2,3,21,inf
RL,10,6,2,3,22,inf
RL,10,6,2,3,23,inf
RL,10,6,2,3,24,inf
RL,10,6,2,3,25,inf
RL,10,6,2,3,26,inf
RL,10,6,2,3,27,inf
RL,10,6,2,3,28,inf
RL,10,6,2,3,29,inf
RL,10,6,2,3,30,inf
RL,10,6,2,3,31,inf
RL,10,6,2,3,32,inf
RL,10,6,2,3,33,inf
RL,10,6,2,3,34,inf
RL,10,6,2,3,35,inf
RL,10,6,2,3,36,inf
RL,10,6,2,3,37,inf
RL,10,6,2,3,38,inf
RL,10,6,2,3,39,inf
RL,10,6,2,3,40,inf
RL,10,6,2,3,41,inf
RL,10,6,2,3,42,inf
RL,10,6,2,3,43,inf
RL,10,6,2,3,44,inf
RL,10,6,2,3,45,inf
RL,10,6,2,3,46,inf
RL,10,6,2,3,47,inf
RL,10,6,2,3,48,inf
RL,10,6,2,3,49,inf
RL,10,6,2,3,50,inf
RL,10,6,2,3,51,inf
RL,10,6,2,3,52,inf
RL,10,6,2,3,53,inf
RL,10,6,2,3,54,inf
RL,10,6,2,3,55,inf
RL,10,6,2,3,56,inf
RL,10,6,2,3,57,inf
RL,10,6,2,3,58,inf
RL,10,6,2,3,59,inf
RL,10,6,2,3,60,inf
RL,10,6,2,3,61,inf
RL,10,6,2,3,62,inf
RL,10,6,2,3,63,inf
RL,10,6,2,3,64,inf
RL,10,6,2,3,65,inf
RL,10,6,2,3,66,inf
RL,10,6,2,3,67,inf
RL,10,6,2,3,68,inf
RL,10,6,2,3,69,inf
RL,10,6,2,3,70,inf
RL,10,6,2,3,71,inf
RL,10,6,2,3,72,inf
RL,10,6,2,3,73,inf
RL,10,6,2,3,74,inf
RL,10,6,2,3,75,inf
RL,10,6,2,3,76,inf
RL,10,6,2,3,77,inf
RL,10,6,2,3,78,inf
RL,10,6,2,3,79,inf
RL,10,6,2,3,80,inf
RL,10,6,2,3,81,inf
RL,10,6,2,3,82,inf
RL,10,6,2,3,83,inf
RL,10,6,2,3,84,inf
RL,10,6,2,3,85,inf
RL,10,6,2,3,86,inf
RL,10,6,2,3,87,inf
RL,10,6,2,3,88,inf
RL,10,6,2,3,89,inf
RL,10,6,2,3,90,inf
RL,10,6,2,3,91,inf
RL,10,6,2,3,92,inf
RL,10,6,2,3,93,inf
RL,10,6,2,3,94,inf
RL,10,6,2,3,95,inf
RL,10,6,2,3,96,inf
RL,10,6,2,3,97,inf
RL,10,6,2,3,98,inf
RL,10,6,2,3,99,inf
RL,10,6,2,3,100,inf
Random,10,6,2,4,1,inf
Random,10,6,2,4,2,inf
Random,10,6,2,4,3,inf
Random,10,6,2,4,4,inf
Random,10,6,2,4,5,inf
Random,10,6,2,4,6,inf
Random,10,6,2,4,7,inf
Random,10,6,2,4,8,inf
Random,10,6,2,4,9,inf
Random,10,6,2,4,10,inf
Random,10,6,2,4,11,inf
Random,10,6,2,4,12,inf
Random,10,6,2,4,13,inf
Random,10,6,2,4,14,inf
Random,10,6,2,4,15,inf
Random,10,6,2,4,16,inf
Random,10,6,2,4,17,inf
Random,10,6,2,4,18,inf
Random,10,6,2,4,19,inf
Random,10,6,2,4,20,inf
Random,10,6,2,4,21,inf
Random,10,6,2,4,22,inf
Random,10,6,2,4,23,inf
Random,10,6,2,4,24,inf
Random,10,6,2,4,25,inf
Random,10,6,2,4,26,inf
Random,10,6,2,4,27,inf
Random,10,6,2,4,28,inf
Random,10,6,2,4,29,inf
Random,10,6,2,4,30,inf
Random,10,6,2,4,31,inf
Random,10,6,2,4,32,inf
Random,10,6,2,4,33,inf
Random,10,6,2,4,34,inf
Random,10,6,2,4,35,inf
Random,10,6,2,4,36,inf
Random,10,6,2,4,37,inf
Random,10,6,2,4,38,inf
Random,10,6,2,4,39,inf
Random,10,6,2,4,40,inf
Random,10,6,2,4,41,inf
Random,10,6,2,4,42,inf
Random,10,6,2,4,43,inf
Random,10,6,2,4,44,inf
Random,10,6,2,4,45,inf
Random,10,6,2,4,46,inf
Random,10,6,2,4,47,inf
Random,10,6,2,4,48,inf
Random,10,6,2,4,49,inf
Random,10,6,2,4,50,inf
Random,10,6,2,4,51,inf
Random,10,6,2,4,52,inf
Random,10,6,2,4,53,inf
Random,10,6,2,4,54,inf
Random,10,6,2,4,55,inf
Random,10,6,2,4,56,inf
Random,10,6,2,4,57,inf
Random,10,6,2,4,58,inf
Random,10,6,2,4,59,inf
Random,10,6,2,4,60,inf
Random,10,6,2,4,61,inf
Random,10,6,2,4,62,inf
Random,10,6,2,4,63,inf
Random,10,6,2,4,64,inf
Random,10,6,2,4,65,inf
Random,10,6,2,4,66,inf
Random,10,6,2,4,67,inf
Random,10,6,2,4,68,inf
Random,10,6,2,4,69,inf
Random,10,6,2,4,70,inf
Random,10,6,2,4,71,inf
Random,10,6,2,4,72,inf
Random,10,6,2,4,73,inf
Random,10,6,2,4,74,inf
Random,10,6,2,4,75,inf
Random,10,6,2,4,76,inf
Random,10,6,2,4,77,inf
Random,10,6,2,4,78,inf
Random,10,6,2,4,79,inf
Random,10,6,2,4,80,inf
Random,10,6,2,4,81,inf
Random,10,6,2,4,82,inf
Random,10,6,2,4,83,inf
Random,10,6,2,4,84,inf
Random,10,6,2,4,85,inf
Random,10,6,2,4,86,inf
Random,10,6,2,4,87,inf
Random,10,6,2,4,88,inf
Random,10,6,2,4,89,inf
Random,10,6,2,4,90,inf
Random,10,6,2,4,91,inf
Random,10,6,2,4,92,inf
Random,10,6,2,4,93,inf
Random,10,6,2,4,94,inf
Random,10,6,2,4,95,inf
Random,10,6,2,4,96,inf
Random,10,6,2,4,97,inf
Random,10,6,2,4,98,inf
Random,10,6,2,4,99,inf
Random,10,6,2,4,100,inf
qLogEI,10,6,2,4,1,inf
qLogEI,10,6,2,4,2,inf
qLogEI,10,6,2,4,3,inf
qLogEI,10,6,2,4,4,inf
qLogEI,10,6,2,4,5,inf
qLogEI,10,6,2,4,6,inf
qLogEI,10,6,2,4,7,inf
qLogEI,10,6,2,4,8,inf
qLogEI,10,6,2,4,9,inf
qLogEI,10,6,2,4,10,inf
qLogEI,10,6,2,4,11,inf
qLogEI,10,6,2,4,12,inf
qLogEI,10,6,2,4,13,inf
qLogEI,10,6,2,4,14,inf
qLogEI,10,6,2,4,15,inf
qLogEI,10,6,2,4,16,inf
qLogEI,10,6,2,4,17,inf
qLogEI,10,6,2,4,18,inf
qLogEI,10,6,2,4,19,inf
qLogEI,10,6,2,4,20,inf
qLogEI,10,6,2,4,21,inf
qLogEI,10,6,2,4,22,inf
qLogEI,10,6,2,4,23,inf
qLogEI,10,6,2,4,24,inf
qLogEI,10,6,2,4,25,inf
qLogEI,10,6,2,4,26,inf
qLogEI,10,6,2,4,27,inf
qLogEI,10,6,2,4,28,inf
qLogEI,10,6,2,4,29,inf
qLogEI,10,6,2,4,30,inf
qLogEI,10,6,2,4,31,inf
qLogEI,10,6,2,4,32,inf
qLogEI,10,6,2,4,33,inf
qLogEI,10,6,2,4,34,inf
qLogEI,10,6,2,4,35,inf
qLogEI,10,6,2,4,36,inf
qLogEI,10,6,2,4,37,inf
qLogEI,10,6,2,4,38,inf
qLogEI,10,6,2,4,39,inf
qLogEI,10,6,2,4,40,inf
qLogEI,10,6,2,4,41,inf
qLogEI,10,6,2,4,42,inf
qLogEI,10,6,2,4,43,inf
qLogEI,10,6,2,4,44,inf
qLogEI,10,6,2,4,45,inf
qLogEI,10,6,2,4,46,inf
qLogEI,10,6,2,4,47,inf
qLogEI,10,6,2,4,48,inf
qLogEI,10,6,2,4,49,inf
qLogEI,10,6,2,4,50,inf
qLogEI,10,6,2,4,51,inf
qLogEI,10,6,2,4,52,inf
qLogEI,10,6,2,4,53,inf
qLogEI,10,6,2,4,54,inf
qLogEI,10,6,2,4,55,inf
qLogEI,10,6,2,4,56,inf
qLogEI,10,6,2,4,57,inf
qLogEI,10,6,2,4,58,inf
qLogEI,10,6,2,4,59,inf
qLogEI,10,6,2,4,60,inf
qLogEI,10,6,2,4,61,inf
qLogEI,10,6,2,4,62,inf
qLogEI,10,6,2,4,63,inf
qLogEI,10,6,2,4,64,inf
qLogEI,10,6,2,4,65,inf
qLogEI,10,6,2,4,66,inf
qLogEI,10,6,2,4,67,inf
qLogEI,10,6,2,4,68,inf
qLogEI,10,6,2,4,69,inf
qLogEI,10,6,2,4,70,inf
qLogEI,10,6,2,4,71,inf
qLogEI,10,6,2,4,72,inf
qLogEI,10,6,2,4,73,inf
qLogEI,10,6,2,4,74,inf
qLogEI,10,6,2,4,75,inf
qLogEI,10,6,2,4,76,inf
qLogEI,10,6,2,4,77,inf
qLogEI,10,6,2,4,78,inf
qLogEI,10,6,2,4,79,inf
qLogEI,10,6,2,4,80,inf
qLogEI,10,6,2,4,81,inf
qLogEI,10,6,2,4,82,inf
qLogEI,10,6,2,4,83,inf
qLogEI,10,6,2,4,84,inf
qLogEI,10,6,2,4,85,inf
qLogEI,10,6,2,4,86,inf
qLogEI,10,6,2,4,87,inf
qLogEI,10,6,2,4,88,inf
qLogEI,10,6,2,4,89,inf
qLogEI,10,6,2,4,90,inf
qLogEI,10,6,2,4,91,inf
qLogEI,10,6,2,4,92,inf
qLogEI,10,6,2,4,93,inf
qLogEI,10,6,2,4,94,inf
qLogEI,10,6,2,4,95,inf
qLogEI,10,6,2,4,96,inf
qLogEI,10,6,2,4,97,inf
qLogEI,10,6,2,4,98,inf
qLogEI,10,6,2,4,99,inf
qLogEI,10,6,2,4,100,inf
RL,10,6,2,4,1,inf
RL,10,6,2,4,2,inf
RL,10,6,2,4,3,inf
RL,10,6,2,4,4,inf
RL,10,6,2,4,5,inf
RL,10,6,2,4,6,inf
RL,10,6,2,4,7,inf
RL,10,6,2,4,8,inf
RL,10,6,2,4,9,inf
RL,10,6,2,4,10,inf
RL,10,6,2,4,11,inf
RL,10,6,2,4,12,inf
RL,10,6,2,4,13,inf
RL,10,6,2,4,14,inf
RL,10,6,2,4,15,inf
RL,10,6,2,4,16,inf
RL,10,6,2,4,17,inf
RL,10,6,2,4,18,inf
RL,10,6,2,4,19,inf
RL,10,6,2,4,20,inf
RL,10,6,2,4,21,inf
RL,10,6,2,4,22,inf
RL,10,6,2,4,23,inf
RL,10,6,2,4,24,inf
RL,10,6,2,4,25,inf
RL,10,6,2,4,26,inf
RL,10,6,2,4,27,inf
RL,10,6,2,4,28,inf
RL,10,6,2,4,29,inf
RL,10,6,2,4,30,inf
RL,10,6,2,4,31,inf
RL,10,6,2,4,32,inf
RL,10,6,2,4,33,inf
RL,10,6,2,4,34,inf
RL,10,6,2,4,35,inf
RL,10,6,2,4,36,inf
RL,10,6,2,4,37,inf
RL,10,6,2,4,38,inf
RL,10,6,2,4,39,inf
RL,10,6,2,4,40,inf
RL,10,6,2,4,41,inf
RL,10,6,2,4,42,inf
RL,10,6,2,4,43,inf
RL,10,6,2,4,44,inf
RL,10,6,2,4,45,inf
RL,10,6,2,4,46,inf
RL,10,6,2,4,47,inf
RL,10,6,2,4,48,inf
RL,10,6,2,4,49,inf
RL,10,6,2,4,50,inf
RL,10,6,2,4,51,inf
RL,10,6,2,4,52,inf
RL,10,6,2,4,53,inf
RL,10,6,2,4,54,inf
RL,10,6,2,4,55,inf
RL,10,6,2,4,56,inf
RL,10,6,2,4,57,inf
RL,10,6,2,4,58,inf
RL,10,6,2,4,59,inf
RL,10,6,2,4,60,inf
RL,10,6,2,4,61,inf
RL,10,6,2,4,62,inf
RL,10,6,2,4,63,inf
RL,10,6,2,4,64,inf
RL,10,6,2,4,65,inf
RL,10,6,2,4,66,inf
RL,10,6,2,4,67,inf
RL,10,6,2,4,68,inf
RL,10,6,2,4,69,inf
RL,10,6,2,4,70,inf
RL,10,6,2,4,71,inf
RL,10,6,2,4,72,inf
RL,10,6,2,4,73,inf
RL,10,6,2,4,74,inf
RL,10,6,2,4,75,inf
RL,10,6,2,4,76,inf
RL,10,6,2,4,77,inf
RL,10,6,2,4,78,inf
RL,10,6,2,4,79,inf
RL,10,6,2,4,80,inf
RL,10,6,2,4,81,inf
RL,10,6,2,4,82,inf
RL,10,6,2,4,83,inf
RL,10,6,2,4,84,inf
RL,10,6,2,4,85,inf
RL,10,6,2,4,86,inf
RL,10,6,2,4,87,inf
RL,10,6,2,4,88,inf
RL,10,6,2,4,89,inf
RL,10,6,2,4,90,inf
RL,10,6,2,4,91,inf
RL,10,6,2,4,92,inf
RL,10,6,2,4,93,inf
RL,10,6,2,4,94,inf
RL,10,6,2,4,95,inf
RL,10,6,2,4,96,inf
RL,10,6,2,4,97,inf
RL,10,6,2,4,98,inf
RL,10,6,2,4,99,inf
RL,10,6,2,4,100,inf
Random,10,6,3,0,1,inf
Random,10,6,3,0,2,inf
Random,10,6,3,0,3,inf
Random,10,6,3,0,4,inf
Random,10,6,3,0,5,inf
Random,10,6,3,0,6,inf
Random,10,6,3,0,7,inf
Random,10,6,3,0,8,inf
Random,10,6,3,0,9,inf
Random,10,6,3,0,10,inf
Random,10,6,3,0,11,inf
Random,10,6,3,0,12,inf
Random,10,6,3,0,13,inf
Random,10,6,3,0,14,inf
Random,10,6,3,0,15,inf
Random,10,6,3,0,16,inf
Random,10,6,3,0,17,inf
Random,10,6,3,0,18,inf
Random,10,6,3,0,19,inf
Random,10,6,3,0,20,inf
Random,10,6,3,0,21,inf
Random,10,6,3,0,22,inf
Random,10,6,3,0,23,inf
Random,10,6,3,0,24,inf
Random,10,6,3,0,25,inf
Random,10,6,3,0,26,inf
Random,10,6,3,0,27,inf
Random,10,6,3,0,28,inf
Random,10,6,3,0,29,inf
Random,10,6,3,0,30,inf
Random,10,6,3,0,31,inf
Random,10,6,3,0,32,inf
Random,10,6,3,0,33,inf
Random,10,6,3,0,34,inf
Random,10,6,3,0,35,inf
Random,10,6,3,0,36,inf
Random,10,6,3,0,37,inf
Random,10,6,3,0,38,inf
Random,10,6,3,0,39,inf
Random,10,6,3,0,40,inf
Random,10,6,3,0,41,inf
Random,10,6,3,0,42,inf
Random,10,6,3,0,43,inf
Random,10,6,3,0,44,inf
Random,10,6,3,0,45,inf
Random,10,6,3,0,46,inf
Random,10,6,3,0,47,inf
Random,10,6,3,0,48,inf
Random,10,6,3,0,49,inf
Random,10,6,3,0,50,inf
Random,10,6,3,0,51,inf
Random,10,6,3,0,52,inf
Random,10,6,3,0,53,inf
Random,10,6,3,0,54,inf
Random,10,6,3,0,55,inf
Random,10,6,3,0,56,inf
Random,10,6,3,0,57,inf
Random,10,6,3,0,58,inf
Random,10,6,3,0,59,inf
Random,10,6,3,0,60,inf
Random,10,6,3,0,61,inf
Random,10,6,3,0,62,inf
Random,10,6,3,0,63,inf
Random,10,6,3,0,64,inf
Random,10,6,3,0,65,inf
Random,10,6,3,0,66,inf
Random,10,6,3,0,67,inf
Random,10,6,3,0,68,inf
Random,10,6,3,0,69,inf
Random,10,6,3,0,70,inf
Random,10,6,3,0,71,inf
Random,10,6,3,0,72,inf
Random,10,6,3,0,73,inf
Random,10,6,3,0,74,inf
Random,10,6,3,0,75,inf
Random,10,6,3,0,76,inf
Random,10,6,3,0,77,inf
Random,10,6,3,0,78,inf
Random,10,6,3,0,79,inf
Random,10,6,3,0,80,inf
Random,10,6,3,0,81,inf
Random,10,6,3,0,82,inf
Random,10,6,3,0,83,inf
Random,10,6,3,0,84,inf
Random,10,6,3,0,85,inf
Random,10,6,3,0,86,inf
Random,10,6,3,0,87,inf
Random,10,6,3,0,88,inf
Random,10,6,3,0,89,inf
Random,10,6,3,0,90,inf
Random,10,6,3,0,91,inf
Random,10,6,3,0,92,inf
Random,10,6,3,0,93,inf
Random,10,6,3,0,94,inf
Random,10,6,3,0,95,inf
Random,10,6,3,0,96,inf
Random,10,6,3,0,97,inf
Random,10,6,3,0,98,inf
Random,10,6,3,0,99,inf
Random,10,6,3,0,100,inf
qLogEI,10,6,3,0,1,inf
qLogEI,10,6,3,0,2,inf
qLogEI,10,6,3,0,3,inf
qLogEI,10,6,3,0,4,inf
qLogEI,10,6,3,0,5,inf
qLogEI,10,6,3,0,6,inf
qLogEI,10,6,3,0,7,inf
qLogEI,10,6,3,0,8,inf
qLogEI,10,6,3,0,9,inf
qLogEI,10,6,3,0,10,inf
qLogEI,10,6,3,0,11,inf
qLogEI,10,6,3,0,12,inf
qLogEI,10,6,3,0,13,inf
qLogEI,10,6,3,0,14,inf
qLogEI,10,6,3,0,15,inf
qLogEI,10,6,3,0,16,inf
qLogEI,10,6,3,0,17,inf
qLogEI,10,6,3,0,18,inf
qLogEI,10,6,3,0,19,inf
qLogEI,10,6,3,0,20,inf
qLogEI,10,6,3,0,21,inf
qLogEI,10,6,3,0,22,inf
qLogEI,10,6,3,0,23,inf
qLogEI,10,6,3,0,24,inf
qLogEI,10,6,3,0,25,inf
qLogEI,10,6,3,0,26,inf
qLogEI,10,6,3,0,27,inf
qLogEI,10,6,3,0,28,inf
qLogEI,10,6,3,0,29,inf
qLogEI,10,6,3,0,30,inf
qLogEI,10,6,3,0,31,inf
qLogEI,10,6,3,0,32,inf
qLogEI,10,6,3,0,33,inf
qLogEI,10,6,3,0,34,inf
qLogEI,10,6,3,0,35,inf
qLogEI,10,6,3,0,36,inf
qLogEI,10,6,3,0,37,inf
qLogEI,10,6,3,0,38,inf
qLogEI,10,6,3,0,39,inf
qLogEI,10,6,3,0,40,inf
qLogEI,10,6,3,0,41,inf
qLogEI,10,6,3,0,42,inf
qLogEI,10,6,3,0,43,inf
qLogEI,10,6,3,0,44,inf
qLogEI,10,6,3,0,45,inf
qLogEI,10,6,3,0,46,inf
qLogEI,10,6,3,0,47,inf
qLogEI,10,6,3,0,48,inf
qLogEI,10,6,3,0,49,inf
qLogEI,10,6,3,0,50,inf
qLogEI,10,6,3,0,51,inf
qLogEI,10,6,3,0,52,inf
qLogEI,10,6,3,0,53,inf
qLogEI,10,6,3,0,54,inf
qLogEI,10,6,3,0,55,inf
qLogEI,10,6,3,0,56,inf
qLogEI,10,6,3,0,57,inf
qLogEI,10,6,3,0,58,inf
qLogEI,10,6,3,0,59,inf
qLogEI,10,6,3,0,60,inf
qLogEI,10,6,3,0,61,inf
qLogEI,10,6,3,0,62,inf
qLogEI,10,6,3,0,63,inf
qLogEI,10,6,3,0,64,inf
qLogEI,10,6,3,0,65,inf
qLogEI,10,6,3,0,66,inf
qLogEI,10,6,3,0,67,inf
qLogEI,10,6,3,0,68,inf
qLogEI,10,6,3,0,69,inf
qLogEI,10,6,3,0,70,inf
qLogEI,10,6,3,0,71,inf
qLogEI,10,6,3,0,72,inf
qLogEI,10,6,3,0,73,inf
qLogEI,10,6,3,0,74,inf
qLogEI,10,6,3,0,75,inf
qLogEI,10,6,3,0,76,inf
qLogEI,10,6,3,0,77,inf
qLogEI,10,6,3,0,78,inf
qLogEI,10,6,3,0,79,inf
qLogEI,10,6,3,0,80,inf
qLogEI,10,6,3,0,81,inf
qLogEI,10,6,3,0,82,inf
qLogEI,10,6,3,0,83,inf
qLogEI,10,6,3,0,84,inf
qLogEI,10,6,3,0,85,inf
qLogEI,10,6,3,0,86,inf
qLogEI,10,6,3,0,87,inf
qLogEI,10,6,3,0,88,inf
qLogEI,10,6,3,0,89,inf
qLogEI,10,6,3,0,90,inf
qLogEI,10,6,3,0,91,inf
qLogEI,10,6,3,0,92,inf
qLogEI,10,6,3,0,93,inf
qLogEI,10,6,3,0,94,inf
qLogEI,10,6,3,0,95,inf
qLogEI,10,6,3,0,96,inf
qLogEI,10,6,3,0,97,inf
qLogEI,10,6,3,0,98,inf
qLogEI,10,6,3,0,99,inf
qLogEI,10,6,3,0,100,inf
RL,10,6,3,0,1,inf
RL,10,6,3,0,2,inf
RL,10,6,3,0,3,inf
RL,10,6,3,0,4,inf
RL,10,6,3,0,5,inf
RL,10,6,3,0,6,inf
RL,10,6,3,0,7,inf
RL,10,6,3,0,8,inf
RL,10,6,3,0,9,inf
RL,10,6,3,0,10,inf
RL,10,6,3,0,11,inf
RL,10,6,3,0,12,inf
RL,10,6,3,0,13,inf
RL,10,6,3,0,14,inf
RL,10,6,3,0,15,inf
RL,10,6,3,0,16,inf
RL,10,6,3,0,17,inf
RL,10,6,3,0,18,inf
RL,10,6,3,0,19,inf
RL,10,6,3,0,20,inf
RL,10,6,3,0,21,inf
RL,10,6,3,0,22,inf
RL,10,6,3,0,23,inf
RL,10,6,3,0,24,inf
RL,10,6,3,0,25,inf
RL,10,6,3,0,26,inf
RL,10,6,3,0,27,inf
RL,10,6,3,0,28,inf
RL,10,6,3,0,29,inf
RL,10,6,3,0,30,inf
RL,10,6,3,0,31,inf
RL,10,6,3,0,32,inf
RL,10,6,3,0,33,inf
RL,10,6,3,0,34,inf
RL,10,6,3,0,35,inf
RL,10,6,3,0,36,inf
RL,10,6,3,0,37,inf
RL,10,6,3,0,38,inf
RL,10,6,3,0,39,inf
RL,10,6,3,0,40,inf
RL,10,6,3,0,41,inf
RL,10,6,3,0,42,inf
RL,10,6,3,0,43,inf
RL,10,6,3,0,44,inf
RL,10,6,3,0,45,inf
RL,10,6,3,0,46,inf
RL,10,6,3,0,47,inf
RL,10,6,3,0,48,inf
RL,10,6,3,0,49,inf
RL,10,6,3,0,50,inf
RL,10,6,3,0,51,inf
RL,10,6,3,0,52,inf
RL,10,6,3,0,53,inf
RL,10,6,3,0,54,inf
RL,10,6,3,0,55,inf
RL,10,6,3,0,56,inf
RL,10,6,3,0,57,inf
RL,10,6,3,0,58,inf
RL,10,6,3,0,59,inf
RL,10,6,3,0,60,inf
RL,10,6,3,0,61,inf
RL,10,6,3,0,62,inf
RL,10,6,3,0,63,inf
RL,10,6,3,0,64,inf
RL,10,6,3,0,65,inf
RL,10,6,3,0,66,inf
RL,10,6,3,0,67,inf
RL,10,6,3,0,68,inf
RL,10,6,3,0,69,inf
RL,10,6,3,0,70,inf
RL,10,6,3,0,71,inf
RL,10,6,3,0,72,inf
RL,10,6,3,0,73,inf
RL,10,6,3,0,74,inf
RL,10,6,3,0,75,inf
RL,10,6,3,0,76,inf
RL,10,6,3,0,77,inf
RL,10,6,3,0,78,inf
RL,10,6,3,0,79,inf
RL,10,6,3,0,80,inf
RL,10,6,3,0,81,inf
RL,10,6,3,0,82,inf
RL,10,6,3,0,83,inf
RL,10,6,3,0,84,inf
RL,10,6,3,0,85,inf
RL,10,6,3,0,86,inf
RL,10,6,3,0,87,inf
RL,10,6,3,0,88,inf
RL,10,6,3,0,89,inf
RL,10,6,3,0,90,inf
RL,10,6,3,0,91,inf
RL,10,6,3,0,92,inf
RL,10,6,3,0,93,inf
RL,10,6,3,0,94,inf
RL,10,6,3,0,95,inf
RL,10,6,3,0,96,inf
RL,10,6,3,0,97,inf
RL,10,6,3,0,98,inf
RL,10,6,3,0,99,inf
RL,10,6,3,0,100,inf
Random,10,6,3,1,1,inf
Random,10,6,3,1,2,inf
Random,10,6,3,1,3,inf
Random,10,6,3,1,4,inf
Random,10,6,3,1,5,inf
Random,10,6,3,1,6,inf
Random,10,6,3,1,7,inf
Random,10,6,3,1,8,inf
Random,10,6,3,1,9,inf
Random,10,6,3,1,10,inf
Random,10,6,3,1,11,inf
Random,10,6,3,1,12,inf
Random,10,6,3,1,13,inf
Random,10,6,3,1,14,inf
Random,10,6,3,1,15,inf
Random,10,6,3,1,16,inf
Random,10,6,3,1,17,inf
Random,10,6,3,1,18,inf
Random,10,6,3,1,19,inf
Random,10,6,3,1,20,inf
Random,10,6,3,1,21,inf
Random,10,6,3,1,22,inf
Random,10,6,3,1,23,inf
Random,10,6,3,1,24,inf
Random,10,6,3,1,25,inf
Random,10,6,3,1,26,inf
Random,10,6,3,1,27,inf
Random,10,6,3,1,28,inf
Random,10,6,3,1,29,inf
Random,10,6,3,1,30,inf
Random,10,6,3,1,31,inf
Random,10,6,3,1,32,inf
Random,10,6,3,1,33,inf
Random,10,6,3,1,34,inf
Random,10,6,3,1,35,inf
Random,10,6,3,1,36,inf
Random,10,6,3,1,37,inf
Random,10,6,3,1,38,inf
Random,10,6,3,1,39,inf
Random,10,6,3,1,40,inf
Random,10,6,3,1,41,inf
Random,10,6,3,1,42,inf
Random,10,6,3,1,43,inf
Random,10,6,3,1,44,inf
Random,10,6,3,1,45,inf
Random,10,6,3,1,46,inf
Random,10,6,3,1,47,inf
Random,10,6,3,1,48,inf
Random,10,6,3,1,49,inf
Random,10,6,3,1,50,inf
Random,10,6,3,1,51,inf
Random,10,6,3,1,52,inf
Random,10,6,3,1,53,inf
Random,10,6,3,1,54,inf
Random,10,6,3,1,55,inf
Random,10,6,3,1,56,inf
Random,10,6,3,1,57,inf
Random,10,6,3,1,58,inf
Random,10,6,3,1,59,inf
Random,10,6,3,1,60,inf
Random,10,6,3,1,61,inf
Random,10,6,3,1,62,inf
Random,10,6,3,1,63,inf
Random,10,6,3,1,64,inf
Random,10,6,3,1,65,inf
Random,10,6,3,1,66,inf
Random,10,6,3,1,67,inf
Random,10,6,3,1,68,inf
Random,10,6,3,1,69,inf
Random,10,6,3,1,70,inf
Random,10,6,3,1,71,inf
Random,10,6,3,1,72,inf
Random,10,6,3,1,73,inf
Random,10,6,3,1,74,inf
Random,10,6,3,1,75,inf
Random,10,6,3,1,76,inf
Random,10,6,3,1,77,inf
Random,10,6,3,1,78,inf
Random,10,6,3,1,79,inf
Random,10,6,3,1,80,inf
Random,10,6,3,1,81,inf
Random,10,6,3,1,82,inf
Random,10,6,3,1,83,inf
Random,10,6,3,1,84,inf
Random,10,6,3,1,85,inf
Random,10,6,3,1,86,inf
Random,10,6,3,1,87,inf
Random,10,6,3,1,88,inf
Random,10,6,3,1,89,inf
Random,10,6,3,1,90,inf
Random,10,6,3,1,91,inf
Random,10,6,3,1,92,inf
Random,10,6,3,1,93,inf
Random,10,6,3,1,94,inf
Random,10,6,3,1,95,inf
Random,10,6,3,1,96,inf
Random,10,6,3,1,97,inf
Random,10,6,3,1,98,inf
Random,10,6,3,1,99,inf
Random,10,6,3,1,100,inf
qLogEI,10,6,3,1,1,inf
qLogEI,10,6,3,1,2,inf
qLogEI,10,6,3,1,3,inf
qLogEI,10,6,3,1,4,inf
qLogEI,10,6,3,1,5,inf
qLogEI,10,6,3,1,6,inf
qLogEI,10,6,3,1,7,inf
qLogEI,10,6,3,1,8,inf
qLogEI,10,6,3,1,9,inf
qLogEI,10,6,3,1,10,inf
qLogEI,10,6,3,1,11,inf
qLogEI,10,6,3,1,12,inf
qLogEI,10,6,3,1,13,inf
qLogEI,10,6,3,1,14,inf
qLogEI,10,6,3,1,15,inf
qLogEI,10,6,3,1,16,inf
qLogEI,10,6,3,1,17,inf
qLogEI,10,6,3,1,18,inf
qLogEI,10,6,3,1,19,inf
qLogEI,10,6,3,1,20,inf
qLogEI,10,6,3,1,21,inf
qLogEI,10,6,3,1,22,inf
qLogEI,10,6,3,1,23,inf
qLogEI,10,6,3,1,24,inf
qLogEI,10,6,3,1,25,inf
qLogEI,10,6,3,1,26,inf
qLogEI,10,6,3,1,27,inf
qLogEI,10,6,3,1,28,inf
qLogEI,10,6,3,1,29,inf
qLogEI,10,6,3,1,30,inf
qLogEI,10,6,3,1,31,inf
qLogEI,10,6,3,1,32,inf
qLogEI,10,6,3,1,33,inf
qLogEI,10,6,3,1,34,inf
qLogEI,10,6,3,1,35,inf
qLogEI,10,6,3,1,36,inf
qLogEI,10,6,3,1,37,inf
qLogEI,10,6,3,1,38,inf
qLogEI,10,6,3,1,39,inf
qLogEI,10,6,3,1,40,inf
qLogEI,10,6,3,1,41,inf
qLogEI,10,6,3,1,42,inf
qLogEI,10,6,3,1,43,inf
qLogEI,10,6,3,1,44,inf
qLogEI,10,6,3,1,45,inf
qLogEI,10,6,3,1,46,inf
qLogEI,10,6,3,1,47,inf
qLogEI,10,6,3,1,48,inf
qLogEI,10,6,3,1,49,inf
qLogEI,10,6,3,1,50,inf
qLogEI,10,6,3,1,51,inf
qLogEI,10,6,3,1,52,inf
qLogEI,10,6,3,1,53,inf
qLogEI,10,6,3,1,54,inf
qLogEI,10,6,3,1,55,inf
qLogEI,10,6,3,1,56,inf
qLogEI,10,6,3,1,57,inf
qLogEI,10,6,3,1,58,inf
qLogEI,10,6,3,1,59,inf
qLogEI,10,6,3,1,60,inf
qLogEI,10,6,3,1,61,inf
qLogEI,10,6,3,1,62,inf
qLogEI,10,6,3,1,63,inf
qLogEI,10,6,3,1,64,inf
qLogEI,10,6,3,1,65,inf
qLogEI,10,6,3,1,66,inf
qLogEI,10,6,3,1,67,inf
qLogEI,10,6,3,1,68,inf
qLogEI,10,6,3,1,69,inf
qLogEI,10,6,3,1,70,inf
qLogEI,10,6,3,1,71,inf
qLogEI,10,6,3,1,72,inf
qLogEI,10,6,3,1,73,inf
qLogEI,10,6,3,1,74,inf
qLogEI,10,6,3,1,75,inf
qLogEI,10,6,3,1,76,inf
qLogEI,10,6,3,1,77,inf
qLogEI,10,6,3,1,78,inf
qLogEI,10,6,3,1,79,inf
qLogEI,10,6,3,1,80,inf
qLogEI,10,6,3,1,81,inf
qLogEI,10,6,3,1,82,inf
qLogEI,10,6,3,1,83,inf
qLogEI,10,6,3,1,84,inf
qLogEI,10,6,3,1,85,inf
qLogEI,10,6,3,1,86,inf
qLogEI,10,6,3,1,87,inf
qLogEI,10,6,3,1,88,inf
qLogEI,10,6,3,1,89,inf
qLogEI,10,6,3,1,90,inf
qLogEI,10,6,3,1,91,inf
qLogEI,10,6,3,1,92,inf
qLogEI,10,6,3,1,93,inf
qLogEI,10,6,3,1,94,inf
qLogEI,10,6,3,1,95,inf
qLogEI,10,6,3,1,96,inf
qLogEI,10,6,3,1,97,inf
qLogEI,10,6,3,1,98,inf
qLogEI,10,6,3,1,99,inf
qLogEI,10,6,3,1,100,inf
RL,10,6,3,1,1,inf
RL,10,6,3,1,2,inf
RL,10,6,3,1,3,inf
RL,10,6,3,1,4,inf
RL,10,6,3,1,5,inf
RL,10,6,3,1,6,inf
RL,10,6,3,1,7,inf
RL,10,6,3,1,8,inf
RL,10,6,3,1,9,inf
RL,10,6,3,1,10,inf
RL,10,6,3,1,11,inf
RL,10,6,3,1,12,inf
RL,10,6,3,1,13,inf
RL,10,6,3,1,14,inf
RL,10,6,3,1,15,inf
RL,10,6,3,1,16,inf
RL,10,6,3,1,17,inf
RL,10,6,3,1,18,inf
RL,10,6,3,1,19,inf
RL,10,6,3,1,20,inf
RL,10,6,3,1,21,inf
RL,10,6,3,1,22,inf
RL,10,6,3,1,23,inf
RL,10,6,3,1,24,inf
RL,10,6,3,1,25,inf
RL,10,6,3,1,26,inf
RL,10,6,3,1,27,inf
RL,10,6,3,1,28,inf
RL,10,6,3,1,29,inf
RL,10,6,3,1,30,inf
RL,10,6,3,1,31,inf
RL,10,6,3,1,32,inf
RL,10,6,3,1,33,inf
RL,10,6,3,1,34,inf
RL,10,6,3,1,35,inf
RL,10,6,3,1,36,inf
RL,10,6,3,1,37,inf
RL,10,6,3,1,38,inf
RL,10,6,3,1,39,inf
RL,10,6,3,1,40,inf
RL,10,6,3,1,41,inf
RL,10,6,3,1,42,inf
RL,10,6,3,1,43,inf
RL,10,6,3,1,44,inf
RL,10,6,3,1,45,inf
RL,10,6,3,1,46,inf
RL,10,6,3,1,47,inf
RL,10,6,3,1,48,inf
RL,10,6,3,1,49,inf
RL,10,6,3,1,50,inf
RL,10,6,3,1,51,inf
RL,10,6,3,1,52,inf
RL,10,6,3,1,53,inf
RL,10,6,3,1,54,inf
RL,10,6,3,1,55,inf
RL,10,6,3,1,56,inf
RL,10,6,3,1,57,inf
RL,10,6,3,1,58,inf
RL,10,6,3,1,59,inf
RL,10,6,3,1,60,inf
RL,10,6,3,1,61,inf
RL,10,6,3,1,62,inf
RL,10,6,3,1,63,inf
RL,10,6,3,1,64,inf
RL,10,6,3,1,65,inf
RL,10,6,3,1,66,inf
RL,10,6,3,1,67,inf
RL,10,6,3,1,68,inf
RL,10,6,3,1,69,inf
RL,10,6,3,1,70,inf
RL,10,6,3,1,71,inf
RL,10,6,3,1,72,inf
RL,10,6,3,1,73,inf
RL,10,6,3,1,74,inf
RL,10,6,3,1,75,inf
RL,10,6,3,1,76,inf
RL,10,6,3,1,77,inf
RL,10,6,3,1,78,inf
RL,10,6,3,1,79,inf
RL,10,6,3,1,80,inf
RL,10,6,3,1,81,inf
RL,10,6,3,1,82,inf
RL,10,6,3,1,83,inf
RL,10,6,3,1,84,inf
RL,10,6,3,1,85,inf
RL,10,6,3,1,86,inf
RL,10,6,3,1,87,inf
RL,10,6,3,1,88,inf
RL,10,6,3,1,89,inf
RL,10,6,3,1,90,inf
RL,10,6,3,1,91,inf
RL,10,6,3,1,92,inf
RL,10,6,3,1,93,inf
RL,10,6,3,1,94,inf
RL,10,6,3,1,95,inf
RL,10,6,3,1,96,inf
RL,10,6,3,1,97,inf
RL,10,6,3,1,98,inf
RL,10,6,3,1,99,inf
RL,10,6,3,1,100,inf
Random,10,6,3,2,1,inf
Random,10,6,3,2,2,inf
Random,10,6,3,2,3,inf
Random,10,6,3,2,4,inf
Random,10,6,3,2,5,inf
Random,10,6,3,2,6,inf
Random,10,6,3,2,7,inf
Random,10,6,3,2,8,inf
Random,10,6,3,2,9,inf
Random,10,6,3,2,10,inf
Random,10,6,3,2,11,inf
Random,10,6,3,2,12,inf
Random,10,6,3,2,13,inf
Random,10,6,3,2,14,inf
Random,10,6,3,2,15,inf
Random,10,6,3,2,16,inf
Random,10,6,3,2,17,inf
Random,10,6,3,2,18,inf
Random,10,6,3,2,19,inf
Random,10,6,3,2,20,inf
Random,10,6,3,2,21,inf
Random,10,6,3,2,22,inf
Random,10,6,3,2,23,inf
Random,10,6,3,2,24,inf
Random,10,6,3,2,25,inf
Random,10,6,3,2,26,inf
Random,10,6,3,2,27,inf
Random,10,6,3,2,28,inf
Random,10,6,3,2,29,inf
Random,10,6,3,2,30,inf
Random,10,6,3,2,31,inf
Random,10,6,3,2,32,inf
Random,10,6,3,2,33,inf
Random,10,6,3,2,34,inf
Random,10,6,3,2,35,inf
Random,10,6,3,2,36,inf
Random,10,6,3,2,37,inf
Random,10,6,3,2,38,inf
Random,10,6,3,2,39,inf
Random,10,6,3,2,40,inf
Random,10,6,3,2,41,inf
Random,10,6,3,2,42,inf
Random,10,6,3,2,43,inf
Random,10,6,3,2,44,inf
Random,10,6,3,2,45,inf
Random,10,6,3,2,46,inf
Random,10,6,3,2,47,inf
Random,10,6,3,2,48,inf
Random,10,6,3,2,49,inf
Random,10,6,3,2,50,inf
Random,10,6,3,2,51,inf
Random,10,6,3,2,52,inf
Random,10,6,3,2,53,inf
Random,10,6,3,2,54,inf
Random,10,6,3,2,55,inf
Random,10,6,3,2,56,inf
Random,10,6,3,2,57,inf
Random,10,6,3,2,58,inf
Random,10,6,3,2,59,inf
Random,10,6,3,2,60,inf
Random,10,6,3,2,61,inf
Random,10,6,3,2,62,inf
Random,10,6,3,2,63,inf
Random,10,6,3,2,64,inf
Random,10,6,3,2,65,inf
Random,10,6,3,2,66,inf
Random,10,6,3,2,67,inf
Random,10,6,3,2,68,inf
Random,10,6,3,2,69,inf
Random,10,6,3,2,70,inf
Random,10,6,3,2,71,inf
Random,10,6,3,2,72,inf
Random,10,6,3,2,73,inf
Random,10,6,3,2,74,inf
Random,10,6,3,2,75,inf
Random,10,6,3,2,76,inf
Random,10,6,3,2,77,inf
Random,10,6,3,2,78,inf
Random,10,6,3,2,79,inf
Random,10,6,3,2,80,inf
Random,10,6,3,2,81,inf
Random,10,6,3,2,82,inf
Random,10,6,3,2,83,inf
Random,10,6,3,2,84,inf
Random,10,6,3,2,85,inf
Random,10,6,3,2,86,inf
Random,10,6,3,2,87,inf
Random,10,6,3,2,88,inf
Random,10,6,3,2,89,inf
Random,10,6,3,2,90,inf
Random,10,6,3,2,91,inf
Random,10,6,3,2,92,inf
Random,10,6,3,2,93,inf
Random,10,6,3,2,94,inf
Random,10,6,3,2,95,inf
Random,10,6,3,2,96,inf
Random,10,6,3,2,97,inf
Random,10,6,3,2,98,inf
Random,10,6,3,2,99,inf
Random,10,6,3,2,100,inf
qLogEI,10,6,3,2,1,inf
qLogEI,10,6,3,2,2,inf
qLogEI,10,6,3,2,3,inf
qLogEI,10,6,3,2,4,inf
qLogEI,10,6,3,2,5,inf
qLogEI,10,6,3,2,6,inf
qLogEI,10,6,3,2,7,inf
qLogEI,10,6,3,2,8,inf
qLogEI,10,6,3,2,9,inf
qLogEI,10,6,3,2,10,inf
qLogEI,10,6,3,2,11,inf
qLogEI,10,6,3,2,12,inf
qLogEI,10,6,3,2,13,inf
qLogEI,10,6,3,2,14,inf
qLogEI,10,6,3,2,15,inf
qLogEI,10,6,3,2,16,inf
qLogEI,10,6,3,2,17,inf
qLogEI,10,6,3,2,18,inf
qLogEI,10,6,3,2,19,inf
qLogEI,10,6,3,2,20,inf
qLogEI,10,6,3,2,21,inf
qLogEI,10,6,3,2,22,inf
qLogEI,10,6,3,2,23,inf
qLogEI,10,6,3,2,24,inf
qLogEI,10,6,3,2,25,inf
qLogEI,10,6,3,2,26,inf
qLogEI,10,6,3,2,27,inf
qLogEI,10,6,3,2,28,inf
qLogEI,10,6,3,2,29,inf
qLogEI,10,6,3,2,30,inf
qLogEI,10,6,3,2,31,inf
qLogEI,10,6,3,2,32,inf
qLogEI,10,6,3,2,33,inf
qLogEI,10,6,3,2,34,inf
qLogEI,10,6,3,2,35,inf
qLogEI,10,6,3,2,36,inf
qLogEI,10,6,3,2,37,inf
qLogEI,10,6,3,2,38,inf
qLogEI,10,6,3,2,39,inf
qLogEI,10,6,3,2,40,inf
qLogEI,10,6,3,2,41,inf
qLogEI,10,6,3,2,42,inf
qLogEI,10,6,3,2,43,inf
qLogEI,10,6,3,2,44,inf
qLogEI,10,6,3,2,45,inf
qLogEI,10,6,3,2,46,inf
qLogEI,10,6,3,2,47,inf
qLogEI,10,6,3,2,48,inf
qLogEI,10,6,3,2,49,inf
qLogEI,10,6,3,2,50,inf
qLogEI,10,6,3,2,51,inf
qLogEI,10,6,3,2,52,inf
qLogEI,10,6,3,2,53,inf
qLogEI,10,6,3,2,54,inf
qLogEI,10,6,3,2,55,inf
qLogEI,10,6,3,2,56,inf
qLogEI,10,6,3,2,57,inf
qLogEI,10,6,3,2,58,inf
qLogEI,10,6,3,2,59,inf
qLogEI,10,6,3,2,60,inf
qLogEI,10,6,3,2,61,inf
qLogEI,10,6,3,2,62,inf
qLogEI,10,6,3,2,63,inf
qLogEI,10,6,3,2,64,inf
qLogEI,10,6,3,2,65,inf
qLogEI,10,6,3,2,66,inf
qLogEI,10,6,3,2,67,inf
qLogEI,10,6,3,2,68,inf
qLogEI,10,6,3,2,69,inf
qLogEI,10,6,3,2,70,inf
qLogEI,10,6,3,2,71,inf
qLogEI,10,6,3,2,72,inf
qLogEI,10,6,3,2,73,inf
qLogEI,10,6,3,2,74,inf
qLogEI,10,6,3,2,75,inf
qLogEI,10,6,3,2,76,inf
qLogEI,10,6,3,2,77,inf
qLogEI,10,6,3,2,78,inf
qLogEI,10,6,3,2,79,inf
qLogEI,10,6,3,2,80,inf
qLogEI,10,6,3,2,81,inf
qLogEI,10,6,3,2,82,inf
qLogEI,10,6,3,2,83,inf
qLogEI,10,6,3,2,84,inf
qLogEI,10,6,3,2,85,inf
qLogEI,10,6,3,2,86,inf
qLogEI,10,6,3,2,87,inf
qLogEI,10,6,3,2,88,inf
qLogEI,10,6,3,2,89,inf
qLogEI,10,6,3,2,90,inf
qLogEI,10,6,3,2,91,inf
qLogEI,10,6,3,2,92,inf
qLogEI,10,6,3,2,93,inf
qLogEI,10,6,3,2,94,inf
qLogEI,10,6,3,2,95,inf
qLogEI,10,6,3,2,96,inf
qLogEI,10,6,3,2,97,inf
qLogEI,10,6,3,2,98,inf
qLogEI,10,6,3,2,99,inf
qLogEI,10,6,3,2,100,inf
RL,10,6,3,2,1,inf
RL,10,6,3,2,2,inf
RL,10,6,3,2,3,inf
RL,10,6,3,2,4,inf
RL,10,6,3,2,5,inf
RL,10,6,3,2,6,inf
RL,10,6,3,2,7,inf
RL,10,6,3,2,8,inf
RL,10,6,3,2,9,inf
RL,10,6,3,2,10,inf
RL,10,6,3,2,11,inf
RL,10,6,3,2,12,inf
RL,10,6,3,2,13,inf
RL,10,6,3,2,14,inf
RL,10,6,3,2,15,inf
RL,10,6,3,2,16,inf
RL,10,6,3,2,17,inf
RL,10,6,3,2,18,inf
RL,10,6,3,2,19,inf
RL,10,6,3,2,20,inf
RL,10,6,3,2,21,inf
RL,10,6,3,2,22,inf
RL,10,6,3,2,23,inf
RL,10,6,3,2,24,inf
RL,10,6,3,2,25,inf
RL,10,6,3,2,26,inf
RL,10,6,3,2,27,inf
RL,10,6,3,2,28,inf
RL,10,6,3,2,29,inf
RL,10,6,3,2,30,inf
RL,10,6,3,2,31,inf
RL,10,6,3,2,32,inf
RL,10,6,3,2,33,inf
RL,10,6,3,2,34,inf
RL,10,6,3,2,35,inf
RL,10,6,3,2,36,inf
RL,10,6,3,2,37,inf
RL,10,6,3,2,38,inf
RL,10,6,3,2,39,inf
RL,10,6,3,2,40,inf
RL,10,6,3,2,41,inf
RL,10,6,3,2,42,inf
RL,10,6,3,2,43,inf
RL,10,6,3,2,44,inf
RL,10,6,3,2,45,inf
RL,10,6,3,2,46,inf
RL,10,6,3,2,47,inf
RL,10,6,3,2,48,inf
RL,10,6,3,2,49,inf
RL,10,6,3,2,50,inf
RL,10,6,3,2,51,inf
RL,10,6,3,2,52,inf
RL,10,6,3,2,53,inf
RL,10,6,3,2,54,inf
RL,10,6,3,2,55,inf
RL,10,6,3,2,56,inf
RL,10,6,3,2,57,inf
RL,10,6,3,2,58,inf
RL,10,6,3,2,59,inf
RL,10,6,3,2,60,inf
RL,10,6,3,2,61,inf
RL,10,6,3,2,62,inf
RL,10,6,3,2,63,inf
RL,10,6,3,2,64,inf
RL,10,6,3,2,65,inf
RL,10,6,3,2,66,inf
RL,10,6,3,2,67,inf
RL,10,6,3,2,68,inf
RL,10,6,3,2,69,inf
RL,10,6,3,2,70,inf
RL,10,6,3,2,71,inf
RL,10,6,3,2,72,inf
RL,10,6,3,2,73,inf
RL,10,6,3,2,74,inf
RL,10,6,3,2,75,inf
RL,10,6,3,2,76,inf
RL,10,6,3,2,77,inf
RL,10,6,3,2,78,inf
RL,10,6,3,2,79,inf
RL,10,6,3,2,80,inf
RL,10,6,3,2,81,inf
RL,10,6,3,2,82,inf
RL,10,6,3,2,83,inf
RL,10,6,3,2,84,inf
RL,10,6,3,2,85,inf
RL,10,6,3,2,86,inf
RL,10,6,3,2,87,inf
RL,10,6,3,2,88,inf
RL,10,6,3,2,89,inf
RL,10,6,3,2,90,inf
RL,10,6,3,2,91,inf
RL,10,6,3,2,92,inf
RL,10,6,3,2,93,inf
RL,10,6,3,2,94,inf
RL,10,6,3,2,95,inf
RL,10,6,3,2,96,inf
RL,10,6,3,2,97,inf
RL,10,6,3,2,98,inf
RL,10,6,3,2,99,inf
RL,10,6,3,2,100,inf
Random,10,6,3,3,1,inf
Random,10,6,3,3,2,inf
Random,10,6,3,3,3,inf
Random,10,6,3,3,4,inf
Random,10,6,3,3,5,inf
Random,10,6,3,3,6,inf
Random,10,6,3,3,7,inf
Random,10,6,3,3,8,inf
Random,10,6,3,3,9,inf
Random,10,6,3,3,10,inf
Random,10,6,3,3,11,inf
Random,10,6,3,3,12,inf
Random,10,6,3,3,13,inf
Random,10,6,3,3,14,inf
Random,10,6,3,3,15,inf
Random,10,6,3,3,16,inf
Random,10,6,3,3,17,inf
Random,10,6,3,3,18,inf
Random,10,6,3,3,19,inf
Random,10,6,3,3,20,inf
Random,10,6,3,3,21,inf
Random,10,6,3,3,22,inf
Random,10,6,3,3,23,inf
Random,10,6,3,3,24,inf
Random,10,6,3,3,25,inf
Random,10,6,3,3,26,inf
Random,10,6,3,3,27,inf
Random,10,6,3,3,28,inf
Random,10,6,3,3,29,inf
Random,10,6,3,3,30,inf
Random,10,6,3,3,31,inf
Random,10,6,3,3,32,inf
Random,10,6,3,3,33,inf
Random,10,6,3,3,34,inf
Random,10,6,3,3,35,inf
Random,10,6,3,3,36,inf
Random,10,6,3,3,37,inf
Random,10,6,3,3,38,inf
Random,10,6,3,3,39,inf
Random,10,6,3,3,40,inf
Random,10,6,3,3,41,inf
Random,10,6,3,3,42,inf
Random,10,6,3,3,43,inf
Random,10,6,3,3,44,inf
Random,10,6,3,3,45,inf
Random,10,6,3,3,46,inf
Random,10,6,3,3,47,inf
Random,10,6,3,3,48,inf
Random,10,6,3,3,49,inf
Random,10,6,3,3,50,inf
Random,10,6,3,3,51,inf
Random,10,6,3,3,52,inf
Random,10,6,3,3,53,inf
Random,10,6,3,3,54,inf
Random,10,6,3,3,55,inf
Random,10,6,3,3,56,inf
Random,10,6,3,3,57,inf
Random,10,6,3,3,58,inf
Random,10,6,3,3,59,inf
Random,10,6,3,3,60,inf
Random,10,6,3,3,61,inf
Random,10,6,3,3,62,inf
Random,10,6,3,3,63,inf
Random,10,6,3,3,64,inf
Random,10,6,3,3,65,inf
Random,10,6,3,3,66,inf
Random,10,6,3,3,67,inf
Random,10,6,3,3,68,inf
Random,10,6,3,3,69,inf
Random,10,6,3,3,70,inf
Random,10,6,3,3,71,inf
Random,10,6,3,3,72,inf
Random,10,6,3,3,73,inf
Random,10,6,3,3,74,inf
Random,10,6,3,3,75,inf
Random,10,6,3,3,76,inf
Random,10,6,3,3,77,inf
Random,10,6,3,3,78,inf
Random,10,6,3,3,79,inf
Random,10,6,3,3,80,inf
Random,10,6,3,3,81,inf
Random,10,6,3,3,82,inf
Random,10,6,3,3,83,inf
Random,10,6,3,3,84,inf
Random,10,6,3,3,85,inf
Random,10,6,3,3,86,inf
Random,10,6,3,3,87,inf
Random,10,6,3,3,88,inf
Random,10,6,3,3,89,inf
Random,10,6,3,3,90,inf
Random,10,6,3,3,91,inf
Random,10,6,3,3,92,inf
Random,10,6,3,3,93,inf
Random,10,6,3,3,94,inf
Random,10,6,3,3,95,inf
Random,10,6,3,3,96,inf
Random,10,6,3,3,97,inf
Random,10,6,3,3,98,inf
Random,10,6,3,3,99,inf
Random,10,6,3,3,100,inf
qLogEI,10,6,3,3,1,inf
qLogEI,10,6,3,3,2,inf
qLogEI,10,6,3,3,3,inf
qLogEI,10,6,3,3,4,inf
qLogEI,10,6,3,3,5,inf
qLogEI,10,6,3,3,6,inf
qLogEI,10,6,3,3,7,inf
qLogEI,10,6,3,3,8,inf
qLogEI,10,6,3,3,9,inf
qLogEI,10,6,3,3,10,inf
qLogEI,10,6,3,3,11,inf
qLogEI,10,6,3,3,12,inf
qLogEI,10,6,3,3,13,inf
qLogEI,10,6,3,3,14,inf
qLogEI,10,6,3,3,15,inf
qLogEI,10,6,3,3,16,inf
qLogEI,10,6,3,3,17,inf
qLogEI,10,6,3,3,18,inf
qLogEI,10,6,3,3,19,inf
qLogEI,10,6,3,3,20,inf
qLogEI,10,6,3,3,21,inf
qLogEI,10,6,3,3,22,inf
qLogEI,10,6,3,3,23,inf
qLogEI,10,6,3,3,24,inf
qLogEI,10,6,3,3,25,inf
qLogEI,10,6,3,3,26,inf
qLogEI,10,6,3,3,27,inf
qLogEI,10,6,3,3,28,inf
qLogEI,10,6,3,3,29,inf
qLogEI,10,6,3,3,30,inf
qLogEI,10,6,3,3,31,inf
qLogEI,10,6,3,3,32,inf
qLogEI,10,6,3,3,33,inf
qLogEI,10,6,3,3,34,inf
qLogEI,10,6,3,3,35,inf
qLogEI,10,6,3,3,36,inf
qLogEI,10,6,3,3,37,inf
qLogEI,10,6,3,3,38,inf
qLogEI,10,6,3,3,39,inf
qLogEI,10,6,3,3,40,inf
qLogEI,10,6,3,3,41,inf
qLogEI,10,6,3,3,42,inf
qLogEI,10,6,3,3,43,inf
qLogEI,10,6,3,3,44,inf
qLogEI,10,6,3,3,45,inf
qLogEI,10,6,3,3,46,inf
qLogEI,10,6,3,3,47,inf
qLogEI,10,6,3,3,48,inf
qLogEI,10,6,3,3,49,inf
qLogEI,10,6,3,3,50,inf
qLogEI,10,6,3,3,51,inf
qLogEI,10,6,3,3,52,inf
qLogEI,10,6,3,3,53,inf
qLogEI,10,6,3,3,54,inf
qLogEI,10,6,3,3,55,inf
qLogEI,10,6,3,3,56,inf
qLogEI,10,6,3,3,57,inf
qLogEI,10,6,3,3,58,inf
qLogEI,10,6,3,3,59,inf
qLogEI,10,6,3,3,60,inf
qLogEI,10,6,3,3,61,inf
qLogEI,10,6,3,3,62,inf
qLogEI,10,6,3,3,63,inf
qLogEI,10,6,3,3,64,inf
qLogEI,10,6,3,3,65,inf
qLogEI,10,6,3,3,66,inf
qLogEI,10,6,3,3,67,inf
qLogEI,10,6,3,3,68,inf
qLogEI,10,6,3,3,69,inf
qLogEI,10,6,3,3,70,inf
qLogEI,10,6,3,3,71,inf
qLogEI,10,6,3,3,72,inf
qLogEI,10,6,3,3,73,inf
qLogEI,10,6,3,3,74,inf
qLogEI,10,6,3,3,75,inf
qLogEI,10,6,3,3,76,inf
qLogEI,10,6,3,3,77,inf
qLogEI,10,6,3,3,78,inf
qLogEI,10,6,3,3,79,inf
qLogEI,10,6,3,3,80,inf
qLogEI,10,6,3,3,81,inf
qLogEI,10,6,3,3,82,inf
qLogEI,10,6,3,3,83,inf
qLogEI,10,6,3,3,84,inf
qLogEI,10,6,3,3,85,inf
qLogEI,10,6,3,3,86,inf
qLogEI,10,6,3,3,87,inf
qLogEI,10,6,3,3,88,inf
qLogEI,10,6,3,3,89,inf
qLogEI,10,6,3,3,90,inf
qLogEI,10,6,3,3,91,inf
qLogEI,10,6,3,3,92,inf
qLogEI,10,6,3,3,93,inf
qLogEI,10,6,3,3,94,inf
qLogEI,10,6,3,3,95,inf
qLogEI,10,6,3,3,96,inf
qLogEI,10,6,3,3,97,inf
qLogEI,10,6,3,3,98,inf
qLogEI,10,6,3,3,99,inf
qLogEI,10,6,3,3,100,inf
RL,10,6,3,3,1,inf
RL,10,6,3,3,2,inf
RL,10,6,3,3,3,inf
RL,10,6,3,3,4,inf
RL,10,6,3,3,5,inf
RL,10,6,3,3,6,inf
RL,10,6,3,3,7,inf
RL,10,6,3,3,8,inf
RL,10,6,3,3,9,inf
RL,10,6,3,3,10,inf
RL,10,6,3,3,11,inf
RL,10,6,3,3,12,inf
RL,10,6,3,3,13,inf
RL,10,6,3,3,14,inf
RL,10,6,3,3,15,inf
RL,10,6,3,3,16,inf
RL,10,6,3,3,17,inf
RL,10,6,3,3,18,inf
RL,10,6,3,3,19,inf
RL,10,6,3,3,20,inf
RL,10,6,3,3,21,inf
RL,10,6,3,3,22,inf
RL,10,6,3,3,23,inf
RL,10,6,3,3,24,inf
RL,10,6,3,3,25,inf
RL,10,6,3,3,26,inf
RL,10,6,3,3,27,inf
RL,10,6,3,3,28,inf
RL,10,6,3,3,29,inf
RL,10,6,3,3,30,inf
RL,10,6,3,3,31,inf
RL,10,6,3,3,32,inf
RL,10,6,3,3,33,inf
RL,10,6,3,3,34,inf
RL,10,6,3,3,35,inf
RL,10,6,3,3,36,inf
RL,10,6,3,3,37,inf
RL,10,6,3,3,38,inf
RL,10,6,3,3,39,inf
RL,10,6,3,3,40,inf
RL,10,6,3,3,41,inf
RL,10,6,3,3,42,inf
RL,10,6,3,3,43,inf
RL,10,6,3,3,44,inf
RL,10,6,3,3,45,inf
RL,10,6,3,3,46,inf
RL,10,6,3,3,47,inf
RL,10,6,3,3,48,inf
RL,10,6,3,3,49,inf
RL,10,6,3,3,50,inf
RL,10,6,3,3,51,inf
RL,10,6,3,3,52,inf
RL,10,6,3,3,53,inf
RL,10,6,3,3,54,inf
RL,10,6,3,3,55,inf
RL,10,6,3,3,56,inf
RL,10,6,3,3,57,inf
RL,10,6,3,3,58,inf
RL,10,6,3,3,59,inf
RL,10,6,3,3,60,inf
RL,10,6,3,3,61,inf
RL,10,6,3,3,62,inf
RL,10,6,3,3,63,inf
RL,10,6,3,3,64,inf
RL,10,6,3,3,65,inf
RL,10,6,3,3,66,inf
RL,10,6,3,3,67,inf
RL,10,6,3,3,68,inf
RL,10,6,3,3,69,inf
RL,10,6,3,3,70,inf
RL,10,6,3,3,71,inf
RL,10,6,3,3,72,inf
RL,10,6,3,3,73,inf
RL,10,6,3,3,74,inf
RL,10,6,3,3,75,inf
RL,10,6,3,3,76,inf
RL,10,6,3,3,77,inf
RL,10,6,3,3,78,inf
RL,10,6,3,3,79,inf
RL,10,6,3,3,80,inf
RL,10,6,3,3,81,inf
RL,10,6,3,3,82,inf
RL,10,6,3,3,83,inf
RL,10,6,3,3,84,inf
RL,10,6,3,3,85,inf
RL,10,6,3,3,86,inf
RL,10,6,3,3,87,inf
RL,10,6,3,3,88,inf
RL,10,6,3,3,89,inf
RL,10,6,3,3,90,inf
RL,10,6,3,3,91,inf
RL,10,6,3,3,92,inf
RL,10,6,3,3,93,inf
RL,10,6,3,3,94,inf
RL,10,6,3,3,95,inf
RL,10,6,3,3,96,inf
RL,10,6,3,3,97,inf
RL,10,6,3,3,98,inf
RL,10,6,3,3,99,inf
RL,10,6,3,3,100,inf
Random,10,6,3,4,1,inf
Random,10,6,3,4,2,inf
Random,10,6,3,4,3,inf
Random,10,6,3,4,4,inf
Random,10,6,3,4,5,inf
Random,10,6,3,4,6,inf
Random,10,6,3,4,7,inf
Random,10,6,3,4,8,inf
Random,10,6,3,4,9,inf
Random,10,6,3,4,10,inf
Random,10,6,3,4,11,inf
Random,10,6,3,4,12,inf
Random,10,6,3,4,13,inf
Random,10,6,3,4,14,inf
Random,10,6,3,4,15,inf
Random,10,6,3,4,16,inf
Random,10,6,3,4,17,inf
Random,10,6,3,4,18,inf
Random,10,6,3,4,19,inf
Random,10,6,3,4,20,inf
Random,10,6,3,4,21,inf
Random,10,6,3,4,22,inf
Random,10,6,3,4,23,inf
Random,10,6,3,4,24,inf
Random,10,6,3,4,25,inf
Random,10,6,3,4,26,inf
Random,10,6,3,4,27,inf
Random,10,6,3,4,28,inf
Random,10,6,3,4,29,inf
Random,10,6,3,4,30,inf
Random,10,6,3,4,31,inf
Random,10,6,3,4,32,inf
Random,10,6,3,4,33,inf
Random,10,6,3,4,34,inf
Random,10,6,3,4,35,inf
Random,10,6,3,4,36,inf
Random,10,6,3,4,37,inf
Random,10,6,3,4,38,inf
Random,10,6,3,4,39,inf
Random,10,6,3,4,40,inf
Random,10,6,3,4,41,inf
Random,10,6,3,4,42,inf
Random,10,6,3,4,43,inf
Random,10,6,3,4,44,inf
Random,10,6,3,4,45,inf
Random,10,6,3,4,46,inf
Random,10,6,3,4,47,inf
Random,10,6,3,4,48,inf
Random,10,6,3,4,49,inf
Random,10,6,3,4,50,inf
Random,10,6,3,4,51,inf
Random,10,6,3,4,52,inf
Random,10,6,3,4,53,inf
Random,10,6,3,4,54,inf
Random,10,6,3,4,55,inf
Random,10,6,3,4,56,inf
Random,10,6,3,4,57,inf
Random,10,6,3,4,58,inf
Random,10,6,3,4,59,inf
Random,10,6,3,4,60,inf
Random,10,6,3,4,61,inf
Random,10,6,3,4,62,inf
Random,10,6,3,4,63,inf
Random,10,6,3,4,64,inf
Random,10,6,3,4,65,inf
Random,10,6,3,4,66,inf
Random,10,6,3,4,67,inf
Random,10,6,3,4,68,inf
Random,10,6,3,4,69,inf
Random,10,6,3,4,70,inf
Random,10,6,3,4,71,inf
Random,10,6,3,4,72,inf
Random,10,6,3,4,73,inf
Random,10,6,3,4,74,inf
Random,10,6,3,4,75,inf
Random,10,6,3,4,76,inf
Random,10,6,3,4,77,inf
Random,10,6,3,4,78,inf
Random,10,6,3,4,79,inf
Random,10,6,3,4,80,inf
Random,10,6,3,4,81,inf
Random,10,6,3,4,82,inf
Random,10,6,3,4,83,inf
Random,10,6,3,4,84,inf
Random,10,6,3,4,85,inf
Random,10,6,3,4,86,inf
Random,10,6,3,4,87,inf
Random,10,6,3,4,88,inf
Random,10,6,3,4,89,inf
Random,10,6,3,4,90,inf
Random,10,6,3,4,91,inf
Random,10,6,3,4,92,inf
Random,10,6,3,4,93,inf
Random,10,6,3,4,94,inf
Random,10,6,3,4,95,inf
Random,10,6,3,4,96,inf
Random,10,6,3,4,97,inf
Random,10,6,3,4,98,inf
Random,10,6,3,4,99,inf
Random,10,6,3,4,100,inf
qLogEI,10,6,3,4,1,inf
qLogEI,10,6,3,4,2,inf
qLogEI,10,6,3,4,3,inf
qLogEI,10,6,3,4,4,inf
qLogEI,10,6,3,4,5,inf
qLogEI,10,6,3,4,6,inf
qLogEI,10,6,3,4,7,inf
qLogEI,10,6,3,4,8,inf
qLogEI,10,6,3,4,9,inf
qLogEI,10,6,3,4,10,inf
qLogEI,10,6,3,4,11,inf
qLogEI,10,6,3,4,12,inf
qLogEI,10,6,3,4,13,inf
qLogEI,10,6,3,4,14,inf
qLogEI,10,6,3,4,15,inf
qLogEI,10,6,3,4,16,inf
qLogEI,10,6,3,4,17,inf
qLogEI,10,6,3,4,18,inf
qLogEI,10,6,3,4,19,inf
qLogEI,10,6,3,4,20,inf
qLogEI,10,6,3,4,21,inf
qLogEI,10,6,3,4,22,inf
qLogEI,10,6,3,4,23,inf
qLogEI,10,6,3,4,24,inf
qLogEI,10,6,3,4,25,inf
qLogEI,10,6,3,4,26,inf
qLogEI,10,6,3,4,27,inf
qLogEI,10,6,3,4,28,inf
qLogEI,10,6,3,4,29,inf
qLogEI,10,6,3,4,30,inf
qLogEI,10,6,3,4,31,inf
qLogEI,10,6,3,4,32,inf
qLogEI,10,6,3,4,33,inf
qLogEI,10,6,3,4,34,inf
qLogEI,10,6,3,4,35,inf
qLogEI,10,6,3,4,36,inf
qLogEI,10,6,3,4,37,inf
qLogEI,10,6,3,4,38,inf
qLogEI,10,6,3,4,39,inf
qLogEI,10,6,3,4,40,inf
qLogEI,10,6,3,4,41,inf
qLogEI,10,6,3,4,42,inf
qLogEI,10,6,3,4,43,inf
qLogEI,10,6,3,4,44,inf
qLogEI,10,6,3,4,45,inf
qLogEI,10,6,3,4,46,inf
qLogEI,10,6,3,4,47,inf
qLogEI,10,6,3,4,48,inf
qLogEI,10,6,3,4,49,inf
qLogEI,10,6,3,4,50,inf
qLogEI,10,6,3,4,51,inf
qLogEI,10,6,3,4,52,inf
qLogEI,10,6,3,4,53,inf
qLogEI,10,6,3,4,54,inf
qLogEI,10,6,3,4,55,inf
qLogEI,10,6,3,4,56,inf
qLogEI,10,6,3,4,57,inf
qLogEI,10,6,3,4,58,inf
qLogEI,10,6,3,4,59,inf
qLogEI,10,6,3,4,60,inf
qLogEI,10,6,3,4,61,inf
qLogEI,10,6,3,4,62,inf
qLogEI,10,6,3,4,63,inf
qLogEI,10,6,3,4,64,inf
qLogEI,10,6,3,4,65,inf
qLogEI,10,6,3,4,66,inf
qLogEI,10,6,3,4,67,inf
qLogEI,10,6,3,4,68,inf
qLogEI,10,6,3,4,69,inf
qLogEI,10,6,3,4,70,inf
qLogEI,10,6,3,4,71,inf
qLogEI,10,6,3,4,72,inf
qLogEI,10,6,3,4,73,inf
qLogEI,10,6,3,4,74,inf
qLogEI,10,6,3,4,75,inf
qLogEI,10,6,3,4,76,inf
qLogEI,10,6,3,4,77,inf
qLogEI,10,6,3,4,78,inf
qLogEI,10,6,3,4,79,inf
qLogEI,10,6,3,4,80,inf
qLogEI,10,6,3,4,81,inf
qLogEI,10,6,3,4,82,inf
qLogEI,10,6,3,4,83,inf
qLogEI,10,6,3,4,84,inf
qLogEI,10,6,3,4,85,inf
qLogEI,10,6,3,4,86,inf
qLogEI,10,6,3,4,87,inf
qLogEI,10,6,3,4,88,inf
qLogEI,10,6,3,4,89,inf
qLogEI,10,6,3,4,90,inf
qLogEI,10,6,3,4,91,inf
qLogEI,10,6,3,4,92,inf
qLogEI,10,6,3,4,93,inf
qLogEI,10,6,3,4,94,inf
qLogEI,10,6,3,4,95,inf
qLogEI,10,6,3,4,96,inf
qLogEI,10,6,3,4,97,inf
qLogEI,10,6,3,4,98,inf
qLogEI,10,6,3,4,99,inf
qLogEI,10,6,3,4,100,inf
RL,10,6,3,4,1,inf
RL,10,6,3,4,2,inf
RL,10,6,3,4,3,inf
RL,10,6,3,4,4,inf
RL,10,6,3,4,5,inf
RL,10,6,3,4,6,inf
RL,10,6,3,4,7,inf
RL,10,6,3,4,8,inf
RL,10,6,3,4,9,inf
RL,10,6,3,4,10,inf
RL,10,6,3,4,11,inf
RL,10,6,3,4,12,inf
RL,10,6,3,4,13,inf
RL,10,6,3,4,14,inf
RL,10,6,3,4,15,inf
RL,10,6,3,4,16,inf
RL,10,6,3,4,17,inf
RL,10,6,3,4,18,inf
RL,10,6,3,4,19,inf
RL,10,6,3,4,20,inf
RL,10,6,3,4,21,inf
RL,10,6,3,4,22,inf
RL,10,6,3,4,23,inf
RL,10,6,3,4,24,inf
RL,10,6,3,4,25,inf
RL,10,6,3,4,26,inf
RL,10,6,3,4,27,inf
RL,10,6,3,4,28,inf
RL,10,6,3,4,29,inf
RL,10,6,3,4,30,inf
RL,10,6,3,4,31,inf
RL,10,6,3,4,32,inf
RL,10,6,3,4,33,inf
RL,10,6,3,4,34,inf
RL,10,6,3,4,35,inf
RL,10,6,3,4,36,inf
RL,10,6,3,4,37,inf
RL,10,6,3,4,38,inf
RL,10,6,3,4,39,inf
RL,10,6,3,4,40,inf
RL,10,6,3,4,41,inf
RL,10,6,3,4,42,inf
RL,10,6,3,4,43,inf
RL,10,6,3,4,44,inf
RL,10,6,3,4,45,inf
RL,10,6,3,4,46,inf
RL,10,6,3,4,47,inf
RL,10,6,3,4,48,inf
RL,10,6,3,4,49,inf
RL,10,6,3,4,50,inf
RL,10,6,3,4,51,inf
RL,10,6,3,4,52,inf
RL,10,6,3,4,53,inf
RL,10,6,3,4,54,inf
RL,10,6,3,4,55,inf
RL,10,6,3,4,56,inf
RL,10,6,3,4,57,inf
RL,10,6,3,4,58,inf
RL,10,6,3,4,59,inf
RL,10,6,3,4,60,inf
RL,10,6,3,4,61,inf
RL,10,6,3,4,62,inf
RL,10,6,3,4,63,inf
RL,10,6,3,4,64,inf
RL,10,6,3,4,65,inf
RL,10,6,3,4,66,inf
RL,10,6,3,4,67,inf
RL,10,6,3,4,68,inf
RL,10,6,3,4,69,inf
RL,10,6,3,4,70,inf
RL,10,6,3,4,71,inf
RL,10,6,3,4,72,inf
RL,10,6,3,4,73,inf
RL,10,6,3,4,74,inf
RL,10,6,3,4,75,inf
RL,10,6,3,4,76,inf
RL,10,6,3,4,77,inf
RL,10,6,3,4,78,inf
RL,10,6,3,4,79,inf
RL,10,6,3,4,80,inf
RL,10,6,3,4,81,inf
RL,10,6,3,4,82,inf
RL,10,6,3,4,83,inf
RL,10,6,3,4,84,inf
RL,10,6,3,4,85,inf
RL,10,6,3,4,86,inf
RL,10,6,3,4,87,inf
RL,10,6,3,4,88,inf
RL,10,6,3,4,89,inf
RL,10,6,3,4,90,inf
RL,10,6,3,4,91,inf
RL,10,6,3,4,92,inf
RL,10,6,3,4,93,inf
RL,10,6,3,4,94,inf
RL,10,6,3,4,95,inf
RL,10,6,3,4,96,inf
RL,10,6,3,4,97,inf
RL,10,6,3,4,98,inf
RL,10,6,3,4,99,inf
RL,10,6,3,4,100,inf
Random,10,50,1,0,1,inf
Random,10,50,1,0,2,inf
Random,10,50,1,0,3,inf
Random,10,50,1,0,4,inf
Random,10,50,1,0,5,inf
Random,10,50,1,0,6,inf
Random,10,50,1,0,7,inf
Random,10,50,1,0,8,inf
Random,10,50,1,0,9,inf
Random,10,50,1,0,10,inf
Random,10,50,1,0,11,inf
Random,10,50,1,0,12,inf
Random,10,50,1,0,13,inf
Random,10,50,1,0,14,inf
Random,10,50,1,0,15,inf
Random,10,50,1,0,16,inf
Random,10,50,1,0,17,inf
Random,10,50,1,0,18,inf
Random,10,50,1,0,19,inf
Random,10,50,1,0,20,inf
Random,10,50,1,0,21,inf
Random,10,50,1,0,22,inf
Random,10,50,1,0,23,inf
Random,10,50,1,0,24,inf
Random,10,50,1,0,25,inf
Random,10,50,1,0,26,inf
Random,10,50,1,0,27,inf
Random,10,50,1,0,28,inf
Random,10,50,1,0,29,inf
Random,10,50,1,0,30,inf
Random,10,50,1,0,31,inf
Random,10,50,1,0,32,inf
Random,10,50,1,0,33,inf
Random,10,50,1,0,34,inf
Random,10,50,1,0,35,inf
Random,10,50,1,0,36,inf
Random,10,50,1,0,37,inf
Random,10,50,1,0,38,inf
Random,10,50,1,0,39,inf
Random,10,50,1,0,40,inf
Random,10,50,1,0,41,inf
Random,10,50,1,0,42,inf
Random,10,50,1,0,43,inf
Random,10,50,1,0,44,2645.9799228791558
Random,10,50,1,0,45,2645.9799228791558
Random,10,50,1,0,46,2645.9799228791558
Random,10,50,1,0,47,2645.9799228791558
Random,10,50,1,0,48,2645.9799228791558
Random,10,50,1,0,49,2645.9799228791558
Random,10,50,1,0,50,2645.9799228791558
Random,10,50,1,0,51,2645.9799228791558
Random,10,50,1,0,52,2645.9799228791558
Random,10,50,1,0,53,2645.9799228791558
Random,10,50,1,0,54,2645.9799228791558
Random,10,50,1,0,55,2645.9799228791558
Random,10,50,1,0,56,2645.9799228791558
Random,10,50,1,0,57,2645.9799228791558
Random,10,50,1,0,58,2645.9799228791558
Random,10,50,1,0,59,2645.9799228791558
Random,10,50,1,0,60,2645.9799228791558
Random,10,50,1,0,61,2645.9799228791558
Random,10,50,1,0,62,2645.9799228791558
Random,10,50,1,0,63,2645.9799228791558
Random,10,50,1,0,64,2645.9799228791558
Random,10,50,1,0,65,2645.9799228791558
Random,10,50,1,0,66,2645.9799228791558
Random,10,50,1,0,67,2645.9799228791558
Random,10,50,1,0,68,2645.9799228791558
Random,10,50,1,0,69,2645.9799228791558
Random,10,50,1,0,70,2645.9799228791558
Random,10,50,1,0,71,2645.9799228791558
Random,10,50,1,0,72,2645.9799228791558
Random,10,50,1,0,73,2645.9799228791558
Random,10,50,1,0,74,2645.9799228791558
Random,10,50,1,0,75,2645.9799228791558
Random,10,50,1,0,76,2645.9799228791558
Random,10,50,1,0,77,2645.9799228791558
Random,10,50,1,0,78,2645.9799228791558
Random,10,50,1,0,79,2645.9799228791558
Random,10,50,1,0,80,2645.9799228791558
Random,10,50,1,0,81,2645.9799228791558
Random,10,50,1,0,82,2645.9799228791558
Random,10,50,1,0,83,2645.9799228791558
Random,10,50,1,0,84,2645.9799228791558
Random,10,50,1,0,85,2645.9799228791558
Random,10,50,1,0,86,2645.9799228791558
Random,10,50,1,0,87,2645.9799228791558
Random,10,50,1,0,88,2645.9799228791558
Random,10,50,1,0,89,2645.9799228791558
Random,10,50,1,0,90,2645.9799228791558
Random,10,50,1,0,91,2645.9799228791558
Random,10,50,1,0,92,2645.9799228791558
Random,10,50,1,0,93,2645.9799228791558
Random,10,50,1,0,94,2645.9799228791558
Random,10,50,1,0,95,2645.9799228791558
Random,10,50,1,0,96,2645.9799228791558
Random,10,50,1,0,97,2645.9799228791558
Random,10,50,1,0,98,2645.9799228791558
Random,10,50,1,0,99,2645.9799228791558
Random,10,50,1,0,100,2645.9799228791558
qLogEI,10,50,1,0,1,inf
qLogEI,10,50,1,0,2,inf
qLogEI,10,50,1,0,3,inf
qLogEI,10,50,1,0,4,inf
qLogEI,10,50,1,0,5,inf
qLogEI,10,50,1,0,6,inf
qLogEI,10,50,1,0,7,inf
qLogEI,10,50,1,0,8,inf
qLogEI,10,50,1,0,9,inf
qLogEI,10,50,1,0,10,inf
qLogEI,10,50,1,0,11,inf
qLogEI,10,50,1,0,12,inf
qLogEI,10,50,1,0,13,inf
qLogEI,10,50,1,0,14,inf
qLogEI,10,50,1,0,15,inf
qLogEI,10,50,1,0,16,inf
qLogEI,10,50,1,0,17,inf
qLogEI,10,50,1,0,18,inf
qLogEI,10,50,1,0,19,inf
qLogEI,10,50,1,0,20,inf
qLogEI,10,50,1,0,21,inf
qLogEI,10,50,1,0,22,inf
qLogEI,10,50,1,0,23,inf
qLogEI,10,50,1,0,24,inf
qLogEI,10,50,1,0,25,inf
qLogEI,10,50,1,0,26,inf
qLogEI,10,50,1,0,27,inf
qLogEI,10,50,1,0,28,inf
qLogEI,10,50,1,0,29,inf
qLogEI,10,50,1,0,30,inf
qLogEI,10,50,1,0,31,inf
qLogEI,10,50,1,0,32,inf
qLogEI,10,50,1,0,33,inf
qLogEI,10,50,1,0,34,inf
qLogEI,10,50,1,0,35,inf
qLogEI,10,50,1,0,36,inf
qLogEI,10,50,1,0,37,inf
qLogEI,10,50,1,0,38,inf
qLogEI,10,50,1,0,39,inf
qLogEI,10,50,1,0,40,inf
qLogEI,10,50,1,0,41,1923.9592585528692
qLogEI,10,50,1,0,42,1923.9592585528692
qLogEI,10,50,1,0,43,1923.9592585528692
qLogEI,10,50,1,0,44,1923.9592585528692
qLogEI,10,50,1,0,45,1923.9592585528692
qLogEI,10,50,1,0,46,1923.9592585528692
qLogEI,10,50,1,0,47,1923.9592585528692
qLogEI,10,50,1,0,48,1923.9592585528692
qLogEI,10,50,1,0,49,1923.9592585528692
qLogEI,10,50,1,0,50,1923.9592585528692
qLogEI,10,50,1,0,51,1923.9592585528692
qLogEI,10,50,1,0,52,1919.158330308714
qLogEI,10,50,1,0,53,1919.158330308714
qLogEI,10,50,1,0,54,1919.158330308714
qLogEI,10,50,1,0,55,1919.158330308714
qLogEI,10,50,1,0,56,1919.158330308714
qLogEI,10,50,1,0,57,1919.158330308714
qLogEI,10,50,1,0,58,1919.158330308714
qLogEI,10,50,1,0,59,1919.158330308714
qLogEI,10,50,1,0,60,1919.158330308714
qLogEI,10,50,1,0,61,1919.158330308714
qLogEI,10,50,1,0,62,1919.158330308714
qLogEI,10,50,1,0,63,1919.158330308714
qLogEI,10,50,1,0,64,1919.158330308714
qLogEI,10,50,1,0,65,1919.158330308714
qLogEI,10,50,1,0,66,1919.158330308714
qLogEI,10,50,1,0,67,1919.158330308714
qLogEI,10,50,1,0,68,1919.158330308714
qLogEI,10,50,1,0,69,1919.158330308714
qLogEI,10,50,1,0,70,1919.158330308714
qLogEI,10,50,1,0,71,1919.158330308714
qLogEI,10,50,1,0,72,1919.158330308714
qLogEI,10,50,1,0,73,1919.158330308714
qLogEI,10,50,1,0,74,1919.158330308714
qLogEI,10,50,1,0,75,1919.158330308714
qLogEI,10,50,1,0,76,1919.158330308714
qLogEI,10,50,1,0,77,1919.158330308714
qLogEI,10,50,1,0,78,1919.158330308714
qLogEI,10,50,1,0,79,1919.158330308714
qLogEI,10,50,1,0,80,1919.158330308714
qLogEI,10,50,1,0,81,1919.158330308714
qLogEI,10,50,1,0,82,1919.158330308714
qLogEI,10,50,1,0,83,1919.158330308714
qLogEI,10,50,1,0,84,1919.158330308714
qLogEI,10,50,1,0,85,1919.158330308714
qLogEI,10,50,1,0,86,1919.158330308714
qLogEI,10,50,1,0,87,1919.158330308714
qLogEI,10,50,1,0,88,1919.158330308714
qLogEI,10,50,1,0,89,1919.158330308714
qLogEI,10,50,1,0,90,1919.158330308714
qLogEI,10,50,1,0,91,1787.449679832034
qLogEI,10,50,1,0,92,1787.449679832034
qLogEI,10,50,1,0,93,1787.449679832034
qLogEI,10,50,1,0,94,1787.449679832034
qLogEI,10,50,1,0,95,1787.449679832034
qLogEI,10,50,1,0,96,1787.449679832034
qLogEI,10,50,1,0,97,1787.449679832034
qLogEI,10,50,1,0,98,1787.449679832034
qLogEI,10,50,1,0,99,1787.449679832034
qLogEI,10,50,1,0,100,1787.449679832034
RL,10,50,1,0,1,inf
RL,10,50,1,0,2,inf
RL,10,50,1,0,3,inf
RL,10,50,1,0,4,inf
RL,10,50,1,0,5,inf
RL,10,50,1,0,6,inf
RL,10,50,1,0,7,inf
RL,10,50,1,0,8,inf
RL,10,50,1,0,9,inf
RL,10,50,1,0,10,inf
RL,10,50,1,0,11,inf
RL,10,50,1,0,12,inf
RL,10,50,1,0,13,inf
RL,10,50,1,0,14,inf
RL,10,50,1,0,15,inf
RL,10,50,1,0,16,inf
RL,10,50,1,0,17,inf
RL,10,50,1,0,18,inf
RL,10,50,1,0,19,inf
RL,10,50,1,0,20,inf
RL,10,50,1,0,21,inf
RL,10,50,1,0,22,inf
RL,10,50,1,0,23,inf
RL,10,50,1,0,24,inf
RL,10,50,1,0,25,inf
RL,10,50,1,0,26,inf
RL,10,50,1,0,27,inf
RL,10,50,1,0,28,inf
RL,10,50,1,0,29,inf
RL,10,50,1,0,30,inf
RL,10,50,1,0,31,inf
RL,10,50,1,0,32,inf
RL,10,50,1,0,33,inf
RL,10,50,1,0,34,inf
RL,10,50,1,0,35,inf
RL,10,50,1,0,36,inf
RL,10,50,1,0,37,inf
RL,10,50,1,0,38,inf
RL,10,50,1,0,39,inf
RL,10,50,1,0,40,inf
RL,10,50,1,0,41,inf
RL,10,50,1,0,42,inf
RL,10,50,1,0,43,inf
RL,10,50,1,0,44,inf
RL,10,50,1,0,45,inf
RL,10,50,1,0,46,inf
RL,10,50,1,0,47,inf
RL,10,50,1,0,48,inf
RL,10,50,1,0,49,inf
RL,10,50,1,0,50,inf
RL,10,50,1,0,51,inf
RL,10,50,1,0,52,inf
RL,10,50,1,0,53,inf
RL,10,50,1,0,54,inf
RL,10,50,1,0,55,inf
RL,10,50,1,0,56,inf
RL,10,50,1,0,57,inf
RL,10,50,1,0,58,inf
RL,10,50,1,0,59,inf
RL,10,50,1,0,60,inf
RL,10,50,1,0,61,inf
RL,10,50,1,0,62,inf
RL,10,50,1,0,63,inf
RL,10,50,1,0,64,inf
RL,10,50,1,0,65,inf
RL,10,50,1,0,66,inf
RL,10,50,1,0,67,inf
RL,10,50,1,0,68,inf
RL,10,50,1,0,69,inf
RL,10,50,1,0,70,inf
RL,10,50,1,0,71,inf
RL,10,50,1,0,72,inf
RL,10,50,1,0,73,inf
RL,10,50,1,0,74,inf
RL,10,50,1,0,75,inf
RL,10,50,1,0,76,inf
RL,10,50,1,0,77,inf
RL,10,50,1,0,78,inf
RL,10,50,1,0,79,inf
RL,10,50,1,0,80,inf
RL,10,50,1,0,81,inf
RL,10,50,1,0,82,inf
RL,10,50,1,0,83,inf
RL,10,50,1,0,84,inf
RL,10,50,1,0,85,inf
RL,10,50,1,0,86,inf
RL,10,50,1,0,87,inf
RL,10,50,1,0,88,inf
RL,10,50,1,0,89,inf
RL,10,50,1,0,90,inf
RL,10,50,1,0,91,inf
RL,10,50,1,0,92,inf
RL,10,50,1,0,93,inf
RL,10,50,1,0,94,inf
RL,10,50,1,0,95,inf
RL,10,50,1,0,96,inf
RL,10,50,1,0,97,inf
RL,10,50,1,0,98,inf
RL,10,50,1,0,99,inf
RL,10,50,1,0,100,inf
Random,10,50,1,1,1,inf
Random,10,50,1,1,2,4250.973553297999
Random,10,50,1,1,3,4250.973553297999
Random,10,50,1,1,4,4250.973553297999
Random,10,50,1,1,5,4250.973553297999
Random,10,50,1,1,6,4250.973553297999
Random,10,50,1,1,7,2429.498432639624
Random,10,50,1,1,8,2429.498432639624
Random,10,50,1,1,9,2429.498432639624
Random,10,50,1,1,10,2429.498432639624
Random,10,50,1,1,11,2429.498432639624
Random,10,50,1,1,12,2429.498432639624
Random,10,50,1,1,13,2429.498432639624
Random,10,50,1,1,14,2429.498432639624
Random,10,50,1,1,15,2429.498432639624
Random,10,50,1,1,16,2429.498432639624
Random,10,50,1,1,17,2429.498432639624
Random,10,50,1,1,18,2429.498432639624
Random,10,50,1,1,19,2429.498432639624
Random,10,50,1,1,20,2429.498432639624
Random,10,50,1,1,21,2429.498432639624
Random,10,50,1,1,22,2429.498432639624
Random,10,50,1,1,23,2429.498432639624
Random,10,50,1,1,24,2429.498432639624
Random,10,50,1,1,25,2429.498432639624
Random,10,50,1,1,26,2429.498432639624
Random,10,50,1,1,27,2429.498432639624
Random,10,50,1,1,28,2429.498432639624
Random,10,50,1,1,29,2429.498432639624
Random,10,50,1,1,30,2429.498432639624
Random,10,50,1,1,31,2429.498432639624
Random,10,50,1,1,32,2429.498432639624
Random,10,50,1,1,33,2429.498432639624
Random,10,50,1,1,34,2429.498432639624
Random,10,50,1,1,35,2429.498432639624
Random,10,50,1,1,36,2429.498432639624
Random,10,50,1,1,37,2429.498432639624
Random,10,50,1,1,38,2429.498432639624
Random,10,50,1,1,39,2429.498432639624
Random,10,50,1,1,40,2429.498432639624
Random,10,50,1,1,41,2429.498432639624
Random,10,50,1,1,42,2429.498432639624
Random,10,50,1,1,43,2429.498432639624
Random,10,50,1,1,44,2429.498432639624
Random,10,50,1,1,45,2429.498432639624
Random,10,50,1,1,46,2429.498432639624
Random,10,50,1,1,47,2429.498432639624
Random,10,50,1,1,48,2429.498432639624
Random,10,50,1,1,49,2429.498432639624
Random,10,50,1,1,50,2429.498432639624
Random,10,50,1,1,51,2429.498432639624
Random,10,50,1,1,52,2429.498432639624
Random,10,50,1,1,53,2429.498432639624
Random,10,50,1,1,54,2429.498432639624
Random,10,50,1,1,55,2429.498432639624
Random,10,50,1,1,56,2429.498432639624
Random,10,50,1,1,57,2429.498432639624
Random,10,50,1,1,58,2429.498432639624
Random,10,50,1,1,59,2429.498432639624
Random,10,50,1,1,60,2429.498432639624
Random,10,50,1,1,61,2429.498432639624
Random,10,50,1,1,62,2429.498432639624
Random,10,50,1,1,63,2429.498432639624
Random,10,50,1,1,64,2429.498432639624
Random,10,50,1,1,65,2429.498432639624
Random,10,50,1,1,66,2429.498432639624
Random,10,50,1,1,67,2429.498432639624
Random,10,50,1,1,68,2429.498432639624
Random,10,50,1,1,69,2429.498432639624
Random,10,50,1,1,70,2429.498432639624
Random,10,50,1,1,71,2429.498432639624
Random,10,50,1,1,72,2429.498432639624
Random,10,50,1,1,73,2429.498432639624
Random,10,50,1,1,74,2429.498432639624
Random,10,50,1,1,75,2429.498432639624
Random,10,50,1,1,76,2429.498432639624
Random,10,50,1,1,77,2429.498432639624
Random,10,50,1,1,78,2429.498432639624
Random,10,50,1,1,79,2429.498432639624
Random,10,50,1,1,80,2429.498432639624
Random,10,50,1,1,81,2429.498432639624
Random,10,50,1,1,82,2429.498432639624
Random,10,50,1,1,83,2429.498432639624
Random,10,50,1,1,84,2429.498432639624
Random,10,50,1,1,85,2429.498432639624
Random,10,50,1,1,86,2429.498432639624
Random,10,50,1,1,87,2429.498432639624
Random,10,50,1,1,88,2429.498432639624
Random,10,50,1,1,89,2429.498432639624
Random,10,50,1,1,90,2429.498432639624
Random,10,50,1,1,91,2429.498432639624
Random,10,50,1,1,92,2429.498432639624
Random,10,50,1,1,93,2429.498432639624
Random,10,50,1,1,94,2429.498432639624
Random,10,50,1,1,95,2429.498432639624
Random,10,50,1,1,96,2429.498432639624
Random,10,50,1,1,97,2429.498432639624
Random,10,50,1,1,98,2429.498432639624
Random,10,50,1,1,99,2429.498432639624
Random,10,50,1,1,100,2429.498432639624
qLogEI,10,50,1,1,1,inf
qLogEI,10,50,1,1,2,4250.973553297999
qLogEI,10,50,1,1,3,4250.973553297999
qLogEI,10,50,1,1,4,4250.973553297999
qLogEI,10,50,1,1,5,4250.973553297999
qLogEI,10,50,1,1,6,4250.973553297999
qLogEI,10,50,1,1,7,2429.498432639624
qLogEI,10,50,1,1,8,2429.498432639624
qLogEI,10,50,1,1,9,2429.498432639624
qLogEI,10,50,1,1,10,2429.498432639624
qLogEI,10,50,1,1,11,2429.498432639624
qLogEI,10,50,1,1,12,2429.498432639624
qLogEI,10,50,1,1,13,2429.498432639624
qLogEI,10,50,1,1,14,2429.498432639624
qLogEI,10,50,1,1,15,2429.498432639624
qLogEI,10,50,1,1,16,2429.498432639624
qLogEI,10,50,1,1,17,2429.498432639624
qLogEI,10,50,1,1,18,2429.498432639624
qLogEI,10,50,1,1,19,2429.498432639624
qLogEI,10,50,1,1,20,2429.498432639624
qLogEI,10,50,1,1,21,2429.498432639624
qLogEI,10,50,1,1,22,2429.498432639624
qLogEI,10,50,1,1,23,2429.498432639624
qLogEI,10,50,1,1,24,2429.498432639624
qLogEI,10,50,1,1,25,2429.498432639624
qLogEI,10,50,1,1,26,2031.0764243659705
qLogEI,10,50,1,1,27,2031.0764243659705
qLogEI,10,50,1,1,28,2031.0764243659705
qLogEI,10,50,1,1,29,2031.0764243659705
qLogEI,10,50,1,1,30,2031.0764243659705
qLogEI,10,50,1,1,31,2031.0764243659705
qLogEI,10,50,1,1,32,2031.0764243659705
qLogEI,10,50,1,1,33,2031.0764243659705
qLogEI,10,50,1,1,34,2031.0764243659705
qLogEI,10,50,1,1,35,2031.0764243659705
qLogEI,10,50,1,1,36,2031.0764243659705
qLogEI,10,50,1,1,37,2031.0764243659705
qLogEI,10,50,1,1,38,2031.0764243659705
qLogEI,10,50,1,1,39,2031.0764243659705
qLogEI,10,50,1,1,40,2031.0764243659705
qLogEI,10,50,1,1,41,2031.0764243659705
qLogEI,10,50,1,1,42,2031.0764243659705
qLogEI,10,50,1,1,43,2031.0764243659705
qLogEI,10,50,1,1,44,2031.0764243659705
qLogEI,10,50,1,1,45,2031.0764243659705
qLogEI,10,50,1,1,46,2031.0764243659705
qLogEI,10,50,1,1,47,1798.8222157484965
qLogEI,10,50,1,1,48,1798.8222157484965
qLogEI,10,50,1,1,49,1798.8222157484965
qLogEI,10,50,1,1,50,1798.8222157484965
qLogEI,10,50,1,1,51,1798.8222157484965
qLogEI,10,50,1,1,52,1798.8222157484965
qLogEI,10,50,1,1,53,1798.8222157484965
qLogEI,10,50,1,1,54,1798.8222157484965
qLogEI,10,50,1,1,55,1798.8222157484965
qLogEI,10,50,1,1,56,1798.8222157484965
qLogEI,10,50,1,1,57,1798.8222157484965
qLogEI,10,50,1,1,58,1798.8222157484965
qLogEI,10,50,1,1,59,1798.8222157484965
qLogEI,10,50,1,1,60,1798.8222157484965
qLogEI,10,50,1,1,61,1798.8222157484965
qLogEI,10,50,1,1,62,1798.8222157484965
qLogEI,10,50,1,1,63,1798.8222157484965
qLogEI,10,50,1,1,64,1798.8222157484965
qLogEI,10,50,1,1,65,1798.8222157484965
qLogEI,10,50,1,1,66,1598.2123421864108
qLogEI,10,50,1,1,67,1598.2123421864108
qLogEI,10,50,1,1,68,1414.7299225717925
qLogEI,10,50,1,1,69,1414.7299225717925
qLogEI,10,50,1,1,70,1414.7299225717925
qLogEI,10,50,1,1,71,1328.6625920497088
qLogEI,10,50,1,1,72,1328.6625920497088
qLogEI,10,50,1,1,73,1328.6625920497088
qLogEI,10,50,1,1,74,1328.6625920497088
qLogEI,10,50,1,1,75,1328.6625920497088
qLogEI,10,50,1,1,76,1328.6625920497088
qLogEI,10,50,1,1,77,1328.6625920497088
qLogEI,10,50,1,1,78,1328.6625920497088
qLogEI,10,50,1,1,79,1328.6625920497088
qLogEI,10,50,1,1,80,1328.6625920497088
qLogEI,10,50,1,1,81,1328.6625920497088
qLogEI,10,50,1,1,82,1328.6625920497088
qLogEI,10,50,1,1,83,1328.6625920497088
qLogEI,10,50,1,1,84,1328.6625920497088
qLogEI,10,50,1,1,85,1328.6625920497088
qLogEI,10,50,1,1,86,1328.6625920497088
qLogEI,10,50,1,1,87,1328.6625920497088
qLogEI,10,50,1,1,88,1328.6625920497088
qLogEI,10,50,1,1,89,1328.6625920497088
qLogEI,10,50,1,1,90,1328.6625920497088
qLogEI,10,50,1,1,91,1328.6625920497088
qLogEI,10,50,1,1,92,1328.6625920497088
qLogEI,10,50,1,1,93,1328.6625920497088
qLogEI,10,50,1,1,94,1328.6625920497088
qLogEI,10,50,1,1,95,1328.6625920497088
qLogEI,10,50,1,1,96,1328.6625920497088
qLogEI,10,50,1,1,97,1328.6625920497088
qLogEI,10,50,1,1,98,1328.6625920497088
qLogEI,10,50,1,1,99,1328.6625920497088
qLogEI,10,50,1,1,100,1328.6625920497088
RL,10,50,1,1,1,inf
RL,10,50,1,1,2,4250.973553297999
RL,10,50,1,1,3,4250.973553297999
RL,10,50,1,1,4,4250.973553297999
RL,10,50,1,1,5,4250.973553297999
RL,10,50,1,1,6,4250.973553297999
RL,10,50,1,1,7,2429.498432639624
RL,10,50,1,1,8,2429.498432639624
RL,10,50,1,1,9,2429.498432639624
RL,10,50,1,1,10,2429.498432639624
RL,10,50,1,1,11,2429.498432639624
RL,10,50,1,1,12,2429.498432639624
RL,10,50,1,1,13,2429.498432639624
RL,10,50,1,1,14,2429.498432639624
RL,10,50,1,1,15,2429.498432639624
RL,10,50,1,1,16,2429.498432639624
RL,10,50,1,1,17,2429.498432639624
RL,10,50,1,1,18,2429.498432639624
RL,10,50,1,1,19,2429.498432639624
RL,10,50,1,1,20,2429.498432639624
RL,10,50,1,1,21,2429.498432639624
RL,10,50,1,1,22,2429.498432639624
RL,10,50,1,1,23,2429.498432639624
RL,10,50,1,1,24,2429.498432639624
RL,10,50,1,1,25,2429.498432639624
RL,10,50,1,1,26,2429.498432639624
RL,10,50,1,1,27,2429.498432639624
RL,10,50,1,1,28,2429.498432639624
RL,10,50,1,1,29,2429.498432639624
RL,10,50,1,1,30,2429.498432639624
RL,10,50,1,1,31,2429.498432639624
RL,10,50,1,1,32,2429.498432639624
RL,10,50,1,1,33,2429.498432639624
RL,10,50,1,1,34,2429.498432639624
RL,10,50,1,1,35,2429.498432639624
RL,10,50,1,1,36,2429.498432639624
RL,10,50,1,1,37,2429.498432639624
RL,10,50,1,1,38,2429.498432639624
RL,10,50,1,1,39,2429.498432639624
RL,10,50,1,1,40,2429.498432639624
RL,10,50,1,1,41,2429.498432639624
RL,10,50,1,1,42,2429.498432639624
RL,10,50,1,1,43,2429.498432639624
RL,10,50,1,1,44,2429.498432639624
RL,10,50,1,1,45,2429.498432639624
RL,10,50,1,1,46,2429.498432639624
RL,10,50,1,1,47,2429.498432639624
RL,10,50,1,1,48,2429.498432639624
RL,10,50,1,1,49,2429.498432639624
RL,10,50,1,1,50,2429.498432639624
RL,10,50,1,1,51,2429.498432639624
RL,10,50,1,1,52,2429.498432639624
RL,10,50,1,1,53,2429.498432639624
RL,10,50,1,1,54,2429.498432639624
RL,10,50,1,1,55,2429.498432639624
RL,10,50,1,1,56,2429.498432639624
RL,10,50,1,1,57,2429.498432639624
RL,10,50,1,1,58,2429.498432639624
RL,10,50,1,1,59,2429.498432639624
RL,10,50,1,1,60,2429.498432639624
RL,10,50,1,1,61,2429.498432639624
RL,10,50,1,1,62,2429.498432639624
RL,10,50,1,1,63,2429.498432639624
RL,10,50,1,1,64,2429.498432639624
RL,10,50,1,1,65,2429.498432639624
RL,10,50,1,1,66,2429.498432639624
RL,10,50,1,1,67,2429.498432639624
RL,10,50,1,1,68,2429.498432639624
RL,10,50,1,1,69,2429.498432639624
RL,10,50,1,1,70,2429.498432639624
RL,10,50,1,1,71,2429.498432639624
RL,10,50,1,1,72,2429.498432639624
RL,10,50,1,1,73,2429.498432639624
RL,10,50,1,1,74,2429.498432639624
RL,10,50,1,1,75,2429.498432639624
RL,10,50,1,1,76,2429.498432639624
RL,10,50,1,1,77,2429.498432639624
RL,10,50,1,1,78,2429.498432639624
RL,10,50,1,1,79,2429.498432639624
RL,10,50,1,1,80,2429.498432639624
RL,10,50,1,1,81,2429.498432639624
RL,10,50,1,1,82,2429.498432639624
RL,10,50,1,1,83,2429.498432639624
RL,10,50,1,1,84,2429.498432639624
RL,10,50,1,1,85,2429.498432639624
RL,10,50,1,1,86,2429.498432639624
RL,10,50,1,1,87,2429.498432639624
RL,10,50,1,1,88,2429.498432639624
RL,10,50,1,1,89,2429.498432639624
RL,10,50,1,1,90,2429.498432639624
RL,10,50,1,1,91,2429.498432639624
RL,10,50,1,1,92,2429.498432639624
RL,10,50,1,1,93,2429.498432639624
RL,10,50,1,1,94,2429.498432639624
RL,10,50,1,1,95,2429.498432639624
RL,10,50,1,1,96,2429.498432639624
RL,10,50,1,1,97,2429.498432639624
RL,10,50,1,1,98,2429.498432639624
RL,10,50,1,1,99,2429.498432639624
RL,10,50,1,1,100,2429.498432639624
Random,10,50,1,2,1,inf
Random,10,50,1,2,2,inf
Random,10,50,1,2,3,inf
Random,10,50,1,2,4,inf
Random,10,50,1,2,5,inf
Random,10,50,1,2,6,inf
Random,10,50,1,2,7,3188.747085143084
Random,10,50,1,2,8,3188.747085143084
Random,10,50,1,2,9,3188.747085143084
Random,10,50,1,2,10,3188.747085143084
Random,10,50,1,2,11,3188.747085143084
Random,10,50,1,2,12,3188.747085143084
Random,10,50,1,2,13,3188.747085143084
Random,10,50,1,2,14,2803.1066083229593
Random,10,50,1,2,15,2803.1066083229593
Random,10,50,1,2,16,2803.1066083229593
Random,10,50,1,2,17,2803.1066083229593
Random,10,50,1,2,18,2803.1066083229593
Random,10,50,1,2,19,2803.1066083229593
Random,10,50,1,2,20,2803.1066083229593
Random,10,50,1,2,21,2803.1066083229593
Random,10,50,1,2,22,2803.1066083229593
Random,10,50,1,2,23,2803.1066083229593
Random,10,50,1,2,24,2803.1066083229593
Random,10,50,1,2,25,2803.1066083229593
Random,10,50,1,2,26,2803.1066083229593
Random,10,50,1,2,27,2803.1066083229593
Random,10,50,1,2,28,2803.1066083229593
Random,10,50,1,2,29,2803.1066083229593
Random,10,50,1,2,30,2803.1066083229593
Random,10,50,1,2,31,2803.1066083229593
Random,10,50,1,2,32,2803.1066083229593
Random,10,50,1,2,33,2803.1066083229593
Random,10,50,1,2,34,2803.1066083229593
Random,10,50,1,2,35,2803.1066083229593
Random,10,50,1,2,36,2803.1066083229593
Random,10,50,1,2,37,2803.1066083229593
Random,10,50,1,2,38,2803.1066083229593
Random,10,50,1,2,39,2803.1066083229593
Random,10,50,1,2,40,2803.1066083229593
Random,10,50,1,2,41,2803.1066083229593
Random,10,50,1,2,42,2803.1066083229593
Random,10,50,1,2,43,2803.1066083229593
Random,10,50,1,2,44,2803.1066083229593
Random,10,50,1,2,45,2803.1066083229593
Random,10,50,1,2,46,2803.1066083229593
Random,10,50,1,2,47,2803.1066083229593
Random,10,50,1,2,48,2803.1066083229593
Random,10,50,1,2,49,2803.1066083229593
Random,10,50,1,2,50,2803.1066083229593
Random,10,50,1,2,51,2803.1066083229593
Random,10,50,1,2,52,2803.1066083229593
Random,10,50,1,2,53,2803.1066083229593
Random,10,50,1,2,54,2803.1066083229593
Random,10,50,1,2,55,2803.1066083229593
Random,10,50,1,2,56,2803.1066083229593
Random,10,50,1,2,57,2803.1066083229593
Random,10,50,1,2,58,2803.1066083229593
Random,10,50,1,2,59,2803.1066083229593
Random,10,50,1,2,60,2803.1066083229593
Random,10,50,1,2,61,2803.1066083229593
Random,10,50,1,2,62,2803.1066083229593
Random,10,50,1,2,63,2803.1066083229593
Random,10,50,1,2,64,2803.1066083229593
Random,10,50,1,2,65,2803.1066083229593
Random,10,50,1,2,66,2803.1066083229593
Random,10,50,1,2,67,2803.1066083229593
Random,10,50,1,2,68,2803.1066083229593
Random,10,50,1,2,69,2803.1066083229593
Random,10,50,1,2,70,2803.1066083229593
Random,10,50,1,2,71,2803.1066083229593
Random,10,50,1,2,72,2803.1066083229593
Random,10,50,1,2,73,2803.1066083229593
Random,10,50,1,2,74,2803.1066083229593
Random,10,50,1,2,75,2803.1066083229593
Random,10,50,1,2,76,2803.1066083229593
Random,10,50,1,2,77,2803.1066083229593
Random,10,50,1,2,78,2803.1066083229593
Random,10,50,1,2,79,2803.1066083229593
Random,10,50,1,2,80,2803.1066083229593
Random,10,50,1,2,81,2803.1066083229593
Random,10,50,1,2,82,2803.1066083229593
Random,10,50,1,2,83,2803.1066083229593
Random,10,50,1,2,84,2803.1066083229593
Random,10,50,1,2,85,2803.1066083229593
Random,10,50,1,2,86,2803.1066083229593
Random,10,50,1,2,87,2803.1066083229593
Random,10,50,1,2,88,2803.1066083229593
Random,10,50,1,2,89,2803.1066083229593
Random,10,50,1,2,90,2803.1066083229593
Random,10,50,1,2,91,2803.1066083229593
Random,10,50,1,2,92,2803.1066083229593
Random,10,50,1,2,93,2803.1066083229593
Random,10,50,1,2,94,2803.1066083229593
Random,10,50,1,2,95,2803.1066083229593
Random,10,50,1,2,96,2803.1066083229593
Random,10,50,1,2,97,2803.1066083229593
Random,10,50,1,2,98,2803.1066083229593
Random,10,50,1,2,99,2803.1066083229593
Random,10,50,1,2,100,2803.1066083229593
qLogEI,10,50,1,2,1,inf
qLogEI,10,50,1,2,2,inf
qLogEI,10,50,1,2,3,inf
qLogEI,10,50,1,2,4,inf
qLogEI,10,50,1,2,5,inf
qLogEI,10,50,1,2,6,inf
qLogEI,10,50,1,2,7,3188.747085143084
qLogEI,10,50,1,2,8,3188.747085143084
qLogEI,10,50,1,2,9,3188.747085143084
qLogEI,10,50,1,2,10,3188.747085143084
qLogEI,10,50,1,2,11,3188.747085143084
qLogEI,10,50,1,2,12,3188.747085143084
qLogEI,10,50,1,2,13,3188.747085143084
qLogEI,10,50,1,2,14,2803.1066083229593
qLogEI,10,50,1,2,15,2803.1066083229593
qLogEI,10,50,1,2,16,2803.1066083229593
qLogEI,10,50,1,2,17,2803.1066083229593
qLogEI,10,50,1,2,18,2803.1066083229593
qLogEI,10,50,1,2,19,2803.1066083229593
qLogEI,10,50,1,2,20,2803.1066083229593
qLogEI,10,50,1,2,21,2803.1066083229593
qLogEI,10,50,1,2,22,2803.1066083229593
qLogEI,10,50,1,2,23,2803.1066083229593
qLogEI,10,50,1,2,24,2803.1066083229593
qLogEI,10,50,1,2,25,2803.1066083229593
qLogEI,10,50,1,2,26,2803.1066083229593
qLogEI,10,50,1,2,27,2803.1066083229593
qLogEI,10,50,1,2,28,2803.1066083229593
qLogEI,10,50,1,2,29,2803.1066083229593
qLogEI,10,50,1,2,30,2803.1066083229593
qLogEI,10,50,1,2,31,2803.1066083229593
qLogEI,10,50,1,2,32,2803.1066083229593
qLogEI,10,50,1,2,33,2803.1066083229593
qLogEI,10,50,1,2,34,2803.1066083229593
qLogEI,10,50,1,2,35,2803.1066083229593
qLogEI,10,50,1,2,36,2803.1066083229593
qLogEI,10,50,1,2,37,2803.1066083229593
qLogEI,10,50,1,2,38,2803.1066083229593
qLogEI,10,50,1,2,39,2803.1066083229593
qLogEI,10,50,1,2,40,2803.1066083229593
qLogEI,10,50,1,2,41,2803.1066083229593
qLogEI,10,50,1,2,42,2803.1066083229593
qLogEI,10,50,1,2,43,2803.1066083229593
qLogEI,10,50,1,2,44,2803.1066083229593
qLogEI,10,50,1,2,45,2803.1066083229593
qLogEI,10,50,1,2,46,2803.1066083229593
qLogEI,10,50,1,2,47,2803.1066083229593
qLogEI,10,50,1,2,48,2803.1066083229593
qLogEI,10,50,1,2,49,2803.1066083229593
qLogEI,10,50,1,2,50,2803.1066083229593
qLogEI,10,50,1,2,51,2803.1066083229593
qLogEI,10,50,1,2,52,2803.1066083229593
qLogEI,10,50,1,2,53,2803.1066083229593
qLogEI,10,50,1,2,54,2803.1066083229593
qLogEI,10,50,1,2,55,2803.1066083229593
qLogEI,10,50,1,2,56,2803.1066083229593
qLogEI,10,50,1,2,57,2803.1066083229593
qLogEI,10,50,1,2,58,2803.1066083229593
qLogEI,10,50,1,2,59,1756.3057803545346
qLogEI,10,50,1,2,60,1756.3057803545346
qLogEI,10,50,1,2,61,1756.3057803545346
qLogEI,10,50,1,2,62,1756.3057803545346
qLogEI,10,50,1,2,63,1756.3057803545346
qLogEI,10,50,1,2,64,1756.3057803545346
qLogEI,10,50,1,2,65,1756.3057803545346
qLogEI,10,50,1,2,66,1756.3057803545346
qLogEI,10,50,1,2,67,1756.3057803545346
qLogEI,10,50,1,2,68,1756.3057803545346
qLogEI,10,50,1,2,69,1756.3057803545346
qLogEI,10,50,1,2,70,1756.3057803545346
qLogEI,10,50,1,2,71,1756.3057803545346
qLogEI,10,50,1,2,72,1756.3057803545346
qLogEI,10,50,1,2,73,1756.3057803545346
qLogEI,10,50,1,2,74,1756.3057803545346
qLogEI,10,50,1,2,75,1756.3057803545346
qLogEI,10,50,1,2,76,1756.3057803545346
qLogEI,10,50,1,2,77,1756.3057803545346
qLogEI,10,50,1,2,78,1756.3057803545346
qLogEI,10,50,1,2,79,1756.3057803545346
qLogEI,10,50,1,2,80,1756.3057803545346
qLogEI,10,50,1,2,81,1756.3057803545346
qLogEI,10,50,1,2,82,1756.3057803545346
qLogEI,10,50,1,2,83,1756.3057803545346
qLogEI,10,50,1,2,84,1756.3057803545346
qLogEI,10,50,1,2,85,1756.3057803545346
qLogEI,10,50,1,2,86,1756.3057803545346
qLogEI,10,50,1,2,87,1756.3057803545346
qLogEI,10,50,1,2,88,1756.3057803545346
qLogEI,10,50,1,2,89,1756.3057803545346
qLogEI,10,50,1,2,90,1756.3057803545346
qLogEI,10,50,1,2,91,1756.3057803545346
qLogEI,10,50,1,2,92,1756.3057803545346
qLogEI,10,50,1,2,93,1756.3057803545346
qLogEI,10,50,1,2,94,1756.3057803545346
qLogEI,10,50,1,2,95,1756.3057803545346
qLogEI,10,50,1,2,96,1731.7364673866987
qLogEI,10,50,1,2,97,1731.7364673866987
qLogEI,10,50,1,2,98,1731.7364673866987
qLogEI,10,50,1,2,99,1731.7364673866987
qLogEI,10,50,1,2,100,1731.7364673866987
RL,10,50,1,2,1,inf
RL,10,50,1,2,2,inf
RL,10,50,1,2,3,inf
RL,10,50,1,2,4,inf
RL,10,50,1,2,5,inf
RL,10,50,1,2,6,inf
RL,10,50,1,2,7,3188.747085143084
RL,10,50,1,2,8,3188.747085143084
RL,10,50,1,2,9,3188.747085143084
RL,10,50,1,2,10,3188.747085143084
RL,10,50,1,2,11,3188.747085143084
RL,10,50,1,2,12,3188.747085143084
RL,10,50,1,2,13,3188.747085143084
RL,10,50,1,2,14,2803.1066083229593
RL,10,50,1,2,15,2803.1066083229593
RL,10,50,1,2,16,2803.1066083229593
RL,10,50,1,2,17,2803.1066083229593
RL,10,50,1,2,18,2803.1066083229593
RL,10,50,1,2,19,2803.1066083229593
RL,10,50,1,2,20,2803.1066083229593
RL,10,50,1,2,21,2803.1066083229593
RL,10,50,1,2,22,2803.1066083229593
RL,10,50,1,2,23,2803.1066083229593
RL,10,50,1,2,24,2803.1066083229593
RL,10,50,1,2,25,2803.1066083229593
RL,10,50,1,2,26,2803.1066083229593
RL,10,50,1,2,27,2803.1066083229593
RL,10,50,1,2,28,2803.1066083229593
RL,10,50,1,2,29,2803.1066083229593
RL,10,50,1,2,30,2803.1066083229593
RL,10,50,1,2,31,2803.1066083229593
RL,10,50,1,2,32,2803.1066083229593
RL,10,50,1,2,33,2803.1066083229593
RL,10,50,1,2,34,2803.1066083229593
RL,10,50,1,2,35,2803.1066083229593
RL,10,50,1,2,36,2803.1066083229593
RL,10,50,1,2,37,2803.1066083229593
RL,10,50,1,2,38,2803.1066083229593
RL,10,50,1,2,39,2803.1066083229593
RL,10,50,1,2,40,2803.1066083229593
RL,10,50,1,2,41,2803.1066083229593
RL,10,50,1,2,42,2803.1066083229593
RL,10,50,1,2,43,2803.1066083229593
RL,10,50,1,2,44,2803.1066083229593
RL,10,50,1,2,45,2803.1066083229593
RL,10,50,1,2,46,2803.1066083229593
RL,10,50,1,2,47,2803.1066083229593
RL,10,50,1,2,48,2803.1066083229593
RL,10,50,1,2,49,2803.1066083229593
RL,10,50,1,2,50,2803.1066083229593
RL,10,50,1,2,51,2803.1066083229593
RL,10,50,1,2,52,2803.1066083229593
RL,10,50,1,2,53,2803.1066083229593
RL,10,50,1,2,54,2803.1066083229593
RL,10,50,1,2,55,2803.1066083229593
RL,10,50,1,2,56,2803.1066083229593
RL,10,50,1,2,57,2803.1066083229593
RL,10,50,1,2,58,2803.1066083229593
RL,10,50,1,2,59,2803.1066083229593
RL,10,50,1,2,60,2803.1066083229593
RL,10,50,1,2,61,2803.1066083229593
RL,10,50,1,2,62,2803.1066083229593
RL,10,50,1,2,63,2803.1066083229593
RL,10,50,1,2,64,2803.1066083229593
RL,10,50,1,2,65,2803.1066083229593
RL,10,50,1,2,66,2803.1066083229593
RL,10,50,1,2,67,2803.1066083229593
RL,10,50,1,2,68,2803.1066083229593
RL,10,50,1,2,69,2803.1066083229593
RL,10,50,1,2,70,2803.1066083229593
RL,10,50,1,2,71,2803.1066083229593
RL,10,50,1,2,72,2803.1066083229593
RL,10,50,1,2,73,2803.1066083229593
RL,10,50,1,2,74,2803.1066083229593
RL,10,50,1,2,75,2803.1066083229593
RL,10,50,1,2,76,2803.1066083229593
RL,10,50,1,2,77,2803.1066083229593
RL,10,50,1,2,78,2803.1066083229593
RL,10,50,1,2,79,2803.1066083229593
RL,10,50,1,2,80,2803.1066083229593
RL,10,50,1,2,81,2803.1066083229593
RL,10,50,1,2,82,2803.1066083229593
RL,10,50,1,2,83,2803.1066083229593
RL,10,50,1,2,84,2803.1066083229593
RL,10,50,1,2,85,2803.1066083229593
RL,10,50,1,2,86,2803.1066083229593
RL,10,50,1,2,87,2803.1066083229593
RL,10,50,1,2,88,2803.1066083229593
RL,10,50,1,2,89,2803.1066083229593
RL,10,50,1,2,90,2803.1066083229593
RL,10,50,1,2,91,2803.1066083229593
RL,10,50,1,2,92,2803.1066083229593
RL,10,50,1,2,93,2803.1066083229593
RL,10,50,1,2,94,2803.1066083229593
RL,10,50,1,2,95,2803.1066083229593
RL,10,50,1,2,96,2803.1066083229593
RL,10,50,1,2,97,2803.1066083229593
RL,10,50,1,2,98,2803.1066083229593
RL,10,50,1,2,99,2803.1066083229593
RL,10,50,1,2,100,2803.1066083229593
Random,10,50,1,3,1,inf
Random,10,50,1,3,2,4527.0659041642575
Random,10,50,1,3,3,4527.0659041642575
Random,10,50,1,3,4,4527.0659041642575
Random,10,50,1,3,5,4527.0659041642575
Random,10,50,1,3,6,4527.0659041642575
Random,10,50,1,3,7,4527.0659041642575
Random,10,50,1,3,8,4527.0659041642575
Random,10,50,1,3,9,4527.0659041642575
Random,10,50,1,3,10,4527.0659041642575
Random,10,50,1,3,11,4527.0659041642575
Random,10,50,1,3,12,4527.0659041642575
Random,10,50,1,3,13,4527.0659041642575
Random,10,50,1,3,14,4527.0659041642575
Random,10,50,1,3,15,4527.0659041642575
Random,10,50,1,3,16,4527.0659041642575
Random,10,50,1,3,17,4527.0659041642575
Random,10,50,1,3,18,4527.0659041642575
Random,10,50,1,3,19,4527.0659041642575
Random,10,50,1,3,20,4527.0659041642575
Random,10,50,1,3,21,4527.0659041642575
Random,10,50,1,3,22,4527.0659041642575
Random,10,50,1,3,23,4527.0659041642575
Random,10,50,1,3,24,4527.0659041642575
Random,10,50,1,3,25,4527.0659041642575
Random,10,50,1,3,26,4527.0659041642575
Random,10,50,1,3,27,4527.0659041642575
Random,10,50,1,3,28,4527.0659041642575
Random,10,50,1,3,29,4527.0659041642575
Random,10,50,1,3,30,4527.0659041642575
Random,10,50,1,3,31,4527.0659041642575
Random,10,50,1,3,32,4527.0659041642575
Random,10,50,1,3,33,4527.0659041642575
Random,10,50,1,3,34,4527.0659041642575
Random,10,50,1,3,35,4527.0659041642575
Random,10,50,1,3,36,3935.415235951164
Random,10,50,1,3,37,3935.415235951164
Random,10,50,1,3,38,3935.415235951164
Random,10,50,1,3,39,3935.415235951164
Random,10,50,1,3,40,3935.415235951164
Random,10,50,1,3,41,3935.415235951164
Random,10,50,1,3,42,3935.415235951164
Random,10,50,1,3,43,3434.355884931041
Random,10,50,1,3,44,3434.355884931041
Random,10,50,1,3,45,3434.355884931041
Random,10,50,1,3,46,3434.355884931041
Random,10,50,1,3,47,2419.4127811748813
Random,10,50,1,3,48,2419.4127811748813
Random,10,50,1,3,49,2419.4127811748813
Random,10,50,1,3,50,2419.4127811748813
Random,10,50,1,3,51,2419.4127811748813
Random,10,50,1,3,52,2419.4127811748813
Random,10,50,1,3,53,2419.4127811748813
Random,10,50,1,3,54,2419.4127811748813
Random,10,50,1,3,55,2419.4127811748813
Random,10,50,1,3,56,2419.4127811748813
Random,10,50,1,3,57,2419.4127811748813
Random,10,50,1,3,58,2419.4127811748813
Random,10,50,1,3,59,2419.4127811748813
Random,10,50,1,3,60,2419.4127811748813
Random,10,50,1,3,61,2419.4127811748813
Random,10,50,1,3,62,2385.637851732893
Random,10,50,1,3,63,2385.637851732893
Random,10,50,1,3,64,2385.637851732893
Random,10,50,1,3,65,2385.637851732893
Random,10,50,1,3,66,2385.637851732893
Random,10,50,1,3,67,2385.637851732893
Random,10,50,1,3,68,2385.637851732893
Random,10,50,1,3,69,2385.637851732893
Random,10,50,1,3,70,2385.637851732893
Random,10,50,1,3,71,2385.637851732893
Random,10,50,1,3,72,2385.637851732893
Random,10,50,1,3,73,2385.637851732893
Random,10,50,1,3,74,2385.637851732893
Random,10,50,1,3,75,2385.637851732893
Random,10,50,1,3,76,2385.637851732893
Random,10,50,1,3,77,2385.637851732893
Random,10,50,1,3,78,2385.637851732893
Random,10,50,1,3,79,2385.637851732893
Random,10,50,1,3,80,2385.637851732893
Random,10,50,1,3,81,2385.637851732893
Random,10,50,1,3,82,2385.637851732893
Random,10,50,1,3,83,2385.637851732893
Random,10,50,1,3,84,2385.637851732893
Random,10,50,1,3,85,2385.637851732893
Random,10,50,1,3,86,2385.637851732893
Random,10,50,1,3,87,2385.637851732893
Random,10,50,1,3,88,2385.637851732893
Random,10,50,1,3,89,2385.637851732893
Random,10,50,1,3,90,2385.637851732893
Random,10,50,1,3,91,2385.637851732893
Random,10,50,1,3,92,2385.637851732893
Random,10,50,1,3,93,2385.637851732893
Random,10,50,1,3,94,2385.637851732893
Random,10,50,1,3,95,2385.637851732893
Random,10,50,1,3,96,2385.637851732893
Random,10,50,1,3,97,2385.637851732893
Random,10,50,1,3,98,2385.637851732893
Random,10,50,1,3,99,2385.637851732893
Random,10,50,1,3,100,2385.637851732893
qLogEI,10,50,1,3,1,inf
qLogEI,10,50,1,3,2,4527.0659041642575
qLogEI,10,50,1,3,3,4527.0659041642575
qLogEI,10,50,1,3,4,4527.0659041642575
qLogEI,10,50,1,3,5,4527.0659041642575
qLogEI,10,50,1,3,6,4527.0659041642575
qLogEI,10,50,1,3,7,4527.0659041642575
qLogEI,10,50,1,3,8,4527.0659041642575
qLogEI,10,50,1,3,9,4527.0659041642575
qLogEI,10,50,1,3,10,4527.0659041642575
qLogEI,10,50,1,3,11,4527.0659041642575
qLogEI,10,50,1,3,12,4527.0659041642575
qLogEI,10,50,1,3,13,4527.0659041642575
qLogEI,10,50,1,3,14,4527.0659041642575
qLogEI,10,50,1,3,15,4527.0659041642575
qLogEI,10,50,1,3,16,4527.0659041642575
qLogEI,10,50,1,3,17,4527.0659041642575
qLogEI,10,50,1,3,18,4527.0659041642575
qLogEI,10,50,1,3,19,4527.0659041642575
qLogEI,10,50,1,3,20,4527.0659041642575
qLogEI,10,50,1,3,21,4527.0659041642575
qLogEI,10,50,1,3,22,4527.0659041642575
qLogEI,10,50,1,3,23,4527.0659041642575
qLogEI,10,50,1,3,24,4527.0659041642575
qLogEI,10,50,1,3,25,3855.7084141066334
qLogEI,10,50,1,3,26,3855.7084141066334
qLogEI,10,50,1,3,27,3855.7084141066334
qLogEI,10,50,1,3,28,3855.7084141066334
qLogEI,10,50,1,3,29,3855.7084141066334
qLogEI,10,50,1,3,30,3855.7084141066334
qLogEI,10,50,1,3,31,3855.7084141066334
qLogEI,10,50,1,3,32,3855.7084141066334
qLogEI,10,50,1,3,33,3855.7084141066334
qLogEI,10,50,1,3,34,3855.7084141066334
qLogEI,10,50,1,3,35,3855.7084141066334
qLogEI,10,50,1,3,36,3855.7084141066334
qLogEI,10,50,1,3,37,3855.7084141066334
qLogEI,10,50,1,3,38,3855.7084141066334
qLogEI,10,50,1,3,39,3855.7084141066334
qLogEI,10,50,1,3,40,3855.7084141066334
qLogEI,10,50,1,3,41,3855.7084141066334
qLogEI,10,50,1,3,42,3855.7084141066334
qLogEI,10,50,1,3,43,3855.7084141066334
qLogEI,10,50,1,3,44,3328.2287710308574
qLogEI,10,50,1,3,45,3328.2287710308574
qLogEI,10,50,1,3,46,3328.2287710308574
qLogEI,10,50,1,3,47,2546.276783762356
qLogEI,10,50,1,3,48,2546.276783762356
qLogEI,10,50,1,3,49,2546.276783762356
qLogEI,10,50,1,3,50,2546.276783762356
qLogEI,10,50,1,3,51,2546.276783762356
qLogEI,10,50,1,3,52,2546.276783762356
qLogEI,10,50,1,3,53,2546.276783762356
qLogEI,10,50,1,3,54,2546.276783762356
qLogEI,10,50,1,3,55,2546.276783762356
qLogEI,10,50,1,3,56,2546.276783762356
qLogEI,10,50,1,3,57,2546.276783762356
qLogEI,10,50,1,3,58,2546.276783762356
qLogEI,10,50,1,3,59,2546.276783762356
qLogEI,10,50,1,3,60,2546.276783762356
qLogEI,10,50,1,3,61,2546.276783762356
qLogEI,10,50,1,3,62,2546.276783762356
qLogEI,10,50,1,3,63,2546.276783762356
qLogEI,10,50,1,3,64,2546.276783762356
qLogEI,10,50,1,3,65,2546.276783762356
qLogEI,10,50,1,3,66,2546.276783762356
qLogEI,10,50,1,3,67,1906.57252208615
qLogEI,10,50,1,3,68,1906.57252208615
qLogEI,10,50,1,3,69,1906.57252208615
qLogEI,10,50,1,3,70,1906.57252208615
qLogEI,10,50,1,3,71,1906.57252208615
qLogEI,10,50,1,3,72,1906.57252208615
qLogEI,10,50,1,3,73,1906.57252208615
qLogEI,10,50,1,3,74,1906.57252208615
qLogEI,10,50,1,3,75,1906.57252208615
qLogEI,10,50,1,3,76,1906.57252208615
qLogEI,10,50,1,3,77,1906.57252208615
qLogEI,10,50,1,3,78,1906.57252208615
qLogEI,10,50,1,3,79,1906.57252208615
qLogEI,10,50,1,3,80,1906.57252208615
qLogEI,10,50,1,3,81,1906.57252208615
qLogEI,10,50,1,3,82,1906.57252208615
qLogEI,10,50,1,3,83,1906.57252208615
qLogEI,10,50,1,3,84,1719.604962442501
qLogEI,10,50,1,3,85,1719.604962442501
qLogEI,10,50,1,3,86,1719.604962442501
qLogEI,10,50,1,3,87,1719.604962442501
qLogEI,10,50,1,3,88,1719.604962442501
qLogEI,10,50,1,3,89,1719.604962442501
qLogEI,10,50,1,3,90,1719.604962442501
qLogEI,10,50,1,3,91,1719.604962442501
qLogEI,10,50,1,3,92,1719.604962442501
qLogEI,10,50,1,3,93,1719.604962442501
qLogEI,10,50,1,3,94,1719.604962442501
qLogEI,10,50,1,3,95,1719.604962442501
qLogEI,10,50,1,3,96,1719.604962442501
qLogEI,10,50,1,3,97,1719.604962442501
qLogEI,10,50,1,3,98,1719.604962442501
qLogEI,10,50,1,3,99,1719.604962442501
qLogEI,10,50,1,3,100,1719.604962442501
RL,10,50,1,3,1,inf
RL,10,50,1,3,2,4527.0659041642575
RL,10,50,1,3,3,4527.0659041642575
RL,10,50,1,3,4,4527.0659041642575
RL,10,50,1,3,5,4527.0659041642575
RL,10,50,1,3,6,4527.0659041642575
RL,10,50,1,3,7,4527.0659041642575
RL,10,50,1,3,8,4527.0659041642575
RL,10,50,1,3,9,4527.0659041642575
RL,10,50,1,3,10,4527.0659041642575
RL,10,50,1,3,11,4527.0659041642575
RL,10,50,1,3,12,4527.0659041642575
RL,10,50,1,3,13,4527.0659041642575
RL,10,50,1,3,14,4527.0659041642575
RL,10,50,1,3,15,4527.0659041642575
RL,10,50,1,3,16,4527.0659041642575
RL,10,50,1,3,17,4527.0659041642575
RL,10,50,1,3,18,4527.0659041642575
RL,10,50,1,3,19,4527.0659041642575
RL,10,50,1,3,20,4527.0659041642575
RL,10,50,1,3,21,4527.0659041642575
RL,10,50,1,3,22,4527.0659041642575
RL,10,50,1,3,23,4527.0659041642575
RL,10,50,1,3,24,4527.0659041642575
RL,10,50,1,3,25,4527.0659041642575
RL,10,50,1,3,26,4527.0659041642575
RL,10,50,1,3,27,4527.0659041642575
RL,10,50,1,3,28,4527.0659041642575
RL,10,50,1,3,29,4527.0659041642575
RL,10,50,1,3,30,4527.0659041642575
RL,10,50,1,3,31,4527.0659041642575
RL,10,50,1,3,32,4527.0659041642575
RL,10,50,1,3,33,4527.0659041642575
RL,10,50,1,3,34,4527.0659041642575
RL,10,50,1,3,35,4527.0659041642575
RL,10,50,1,3,36,4527.0659041642575
RL,10,50,1,3,37,4527.0659041642575
RL,10,50,1,3,38,4527.0659041642575
RL,10,50,1,3,39,4527.0659041642575
RL,10,50,1,3,40,4527.0659041642575
RL,10,50,1,3,41,4527.0659041642575
RL,10,50,1,3,42,4527.0659041642575
RL,10,50,1,3,43,4527.0659041642575
RL,10,50,1,3,44,4527.0659041642575
RL,10,50,1,3,45,4527.0659041642575
RL,10,50,1,3,46,4527.0659041642575
RL,10,50,1,3,47,4527.0659041642575
RL,10,50,1,3,48,4527.0659041642575
RL,10,50,1,3,49,4527.0659041642575
RL,10,50,1,3,50,4527.0659041642575
RL,10,50,1,3,51,4527.0659041642575
RL,10,50,1,3,52,4527.0659041642575
RL,10,50,1,3,53,4527.0659041642575
RL,10,50,1,3,54,4527.0659041642575
RL,10,50,1,3,55,4527.0659041642575
RL,10,50,1,3,56,4527.0659041642575
RL,10,50,1,3,57,4527.0659041642575
RL,10,50,1,3,58,4527.0659041642575
RL,10,50,1,3,59,4527.0659041642575
RL,10,50,1,3,60,4527.0659041642575
RL,10,50,1,3,61,4527.0659041642575
RL,10,50,1,3,62,4527.0659041642575
RL,10,50,1,3,63,4527.0659041642575
RL,10,50,1,3,64,4527.0659041642575
RL,10,50,1,3,65,4527.0659041642575
RL,10,50,1,3,66,4527.0659041642575
RL,10,50,1,3,67,4527.0659041642575
RL,10,50,1,3,68,4527.0659041642575
RL,10,50,1,3,69,4527.0659041642575
RL,10,50,1,3,70,4527.0659041642575
RL,10,50,1,3,71,4527.0659041642575
RL,10,50,1,3,72,4527.0659041642575
RL,10,50,1,3,73,4527.0659041642575
RL,10,50,1,3,74,4527.0659041642575
RL,10,50,1,3,75,4527.0659041642575
RL,10,50,1,3,76,4527.0659041642575
RL,10,50,1,3,77,4527.0659041642575
RL,10,50,1,3,78,4527.0659041642575
RL,10,50,1,3,79,4527.0659041642575
RL,10,50,1,3,80,4527.0659041642575
RL,10,50,1,3,81,4527.0659041642575
RL,10,50,1,3,82,4527.0659041642575
RL,10,50,1,3,83,4527.0659041642575
RL,10,50,1,3,84,4527.0659041642575
RL,10,50,1,3,85,4527.0659041642575
RL,10,50,1,3,86,4527.0659041642575
RL,10,50,1,3,87,4527.0659041642575
RL,10,50,1,3,88,4527.0659041642575
RL,10,50,1,3,89,4527.0659041642575
RL,10,50,1,3,90,4527.0659041642575
RL,10,50,1,3,91,4527.0659041642575
RL,10,50,1,3,92,4527.0659041642575
RL,10,50,1,3,93,4527.0659041642575
RL,10,50,1,3,94,4527.0659041642575
RL,10,50,1,3,95,4527.0659041642575
RL,10,50,1,3,96,4527.0659041642575
RL,10,50,1,3,97,4527.0659041642575
RL,10,50,1,3,98,4527.0659041642575
RL,10,50,1,3,99,4527.0659041642575
RL,10,50,1,3,100,4527.0659041642575
Random,10,50,1,4,1,inf
Random,10,50,1,4,2,inf
Random,10,50,1,4,3,inf
Random,10,50,1,4,4,inf
Random,10,50,1,4,5,2138.924057672955
Random,10,50,1,4,6,2138.924057672955
Random,10,50,1,4,7,2138.924057672955
Random,10,50,1,4,8,2138.924057672955
Random,10,50,1,4,9,2138.924057672955
Random,10,50,1,4,10,2138.924057672955
Random,10,50,1,4,11,2138.924057672955
Random,10,50,1,4,12,2138.924057672955
Random,10,50,1,4,13,2138.924057672955
Random,10,50,1,4,14,2138.924057672955
Random,10,50,1,4,15,2138.924057672955
Random,10,50,1,4,16,2138.924057672955
Random,10,50,1,4,17,2138.924057672955
Random,10,50,1,4,18,2138.924057672955
Random,10,50,1,4,19,2138.924057672955
Random,10,50,1,4,20,2138.924057672955
Random,10,50,1,4,21,2138.924057672955
Random,10,50,1,4,22,2138.924057672955
Random,10,50,1,4,23,2138.924057672955
Random,10,50,1,4,24,2138.924057672955
Random,10,50,1,4,25,2138.924057672955
Random,10,50,1,4,26,2138.924057672955
Random,10,50,1,4,27,2138.924057672955
Random,10,50,1,4,28,2138.924057672955
Random,10,50,1,4,29,2138.924057672955
Random,10,50,1,4,30,2138.924057672955
Random,10,50,1,4,31,2138.924057672955
Random,10,50,1,4,32,2138.924057672955
Random,10,50,1,4,33,2138.924057672955
Random,10,50,1,4,34,2138.924057672955
Random,10,50,1,4,35,2138.924057672955
Random,10,50,1,4,36,2138.924057672955
Random,10,50,1,4,37,2138.924057672955
Random,10,50,1,4,38,2138.924057672955
Random,10,50,1,4,39,2138.924057672955
Random,10,50,1,4,40,2138.924057672955
Random,10,50,1,4,41,2138.924057672955
Random,10,50,1,4,42,2138.924057672955
Random,10,50,1,4,43,2138.924057672955
Random,10,50,1,4,44,2138.924057672955
Random,10,50,1,4,45,2138.924057672955
Random,10,50,1,4,46,2138.924057672955
Random,10,50,1,4,47,2138.924057672955
Random,10,50,1,4,48,2138.924057672955
Random,10,50,1,4,49,2138.924057672955
Random,10,50,1,4,50,2138.924057672955
Random,10,50,1,4,51,2138.924057672955
Random,10,50,1,4,52,2138.924057672955
Random,10,50,1,4,53,2138.924057672955
Random,10,50,1,4,54,2138.924057672955
Random,10,50,1,4,55,2138.924057672955
Random,10,50,1,4,56,2138.924057672955
Random,10,50,1,4,57,2138.924057672955
Random,10,50,1,4,58,2138.924057672955
Random,10,50,1,4,59,2138.924057672955
Random,10,50,1,4,60,2138.924057672955
Random,10,50,1,4,61,2138.924057672955
Random,10,50,1,4,62,2138.924057672955
Random,10,50,1,4,63,2138.924057672955
Random,10,50,1,4,64,2138.924057672955
Random,10,50,1,4,65,2138.924057672955
Random,10,50,1,4,66,2138.924057672955
Random,10,50,1,4,67,2138.924057672955
Random,10,50,1,4,68,2138.924057672955
Random,10,50,1,4,69,2138.924057672955
Random,10,50,1,4,70,2138.924057672955
Random,10,50,1,4,71,2138.924057672955
Random,10,50,1,4,72,2138.924057672955
Random,10,50,1,4,73,2138.924057672955
Random,10,50,1,4,74,2138.924057672955
Random,10,50,1,4,75,2138.924057672955
Random,10,50,1,4,76,2138.924057672955
Random,10,50,1,4,77,2138.924057672955
Random,10,50,1,4,78,2138.924057672955
Random,10,50,1,4,79,2138.924057672955
Random,10,50,1,4,80,2138.924057672955
Random,10,50,1,4,81,2138.924057672955
Random,10,50,1,4,82,2138.924057672955
Random,10,50,1,4,83,2138.924057672955
Random,10,50,1,4,84,2138.924057672955
Random,10,50,1,4,85,2138.924057672955
Random,10,50,1,4,86,2138.924057672955
Random,10,50,1,4,87,2138.924057672955
Random,10,50,1,4,88,2138.924057672955
Random,10,50,1,4,89,2138.924057672955
Random,10,50,1,4,90,2138.924057672955
Random,10,50,1,4,91,2138.924057672955
Random,10,50,1,4,92,2138.924057672955
Random,10,50,1,4,93,2138.924057672955
Random,10,50,1,4,94,2138.924057672955
Random,10,50,1,4,95,2138.924057672955
Random,10,50,1,4,96,2138.924057672955
Random,10,50,1,4,97,2138.924057672955
Random,10,50,1,4,98,2138.924057672955
Random,10,50,1,4,99,2138.924057672955
Random,10,50,1,4,100,2138.924057672955
qLogEI,10,50,1,4,1,inf
qLogEI,10,50,1,4,2,inf
qLogEI,10,50,1,4,3,inf
qLogEI,10,50,1,4,4,inf
qLogEI,10,50,1,4,5,2138.924057672955
qLogEI,10,50,1,4,6,2138.924057672955
qLogEI,10,50,1,4,7,2138.924057672955
qLogEI,10,50,1,4,8,2138.924057672955
qLogEI,10,50,1,4,9,2138.924057672955
qLogEI,10,50,1,4,10,2138.924057672955
qLogEI,10,50,1,4,11,2138.924057672955
qLogEI,10,50,1,4,12,2138.924057672955
qLogEI,10,50,1,4,13,2138.924057672955
qLogEI,10,50,1,4,14,2138.924057672955
qLogEI,10,50,1,4,15,2138.924057672955
qLogEI,10,50,1,4,16,2138.924057672955
qLogEI,10,50,1,4,17,2138.924057672955
qLogEI,10,50,1,4,18,2138.924057672955
qLogEI,10,50,1,4,19,2138.924057672955
qLogEI,10,50,1,4,20,2138.924057672955
qLogEI,10,50,1,4,21,2138.924057672955
qLogEI,10,50,1,4,22,2138.924057672955
qLogEI,10,50,1,4,23,2138.924057672955
qLogEI,10,50,1,4,24,2138.924057672955
qLogEI,10,50,1,4,25,2138.924057672955
qLogEI,10,50,1,4,26,2138.924057672955
qLogEI,10,50,1,4,27,2138.924057672955
qLogEI,10,50,1,4,28,2138.924057672955
qLogEI,10,50,1,4,29,2138.924057672955
qLogEI,10,50,1,4,30,2138.924057672955
qLogEI,10,50,1,4,31,2138.924057672955
qLogEI,10,50,1,4,32,2138.924057672955
qLogEI,10,50,1,4,33,2138.924057672955
qLogEI,10,50,1,4,34,2138.924057672955
qLogEI,10,50,1,4,35,2138.924057672955
qLogEI,10,50,1,4,36,2138.924057672955
qLogEI,10,50,1,4,37,2126.976811981352
qLogEI,10,50,1,4,38,2126.976811981352
qLogEI,10,50,1,4,39,2126.976811981352
qLogEI,10,50,1,4,40,2126.976811981352
qLogEI,10,50,1,4,41,2126.976811981352
qLogEI,10,50,1,4,42,2126.976811981352
qLogEI,10,50,1,4,43,2126.976811981352
qLogEI,10,50,1,4,44,2126.976811981352
qLogEI,10,50,1,4,45,2126.976811981352
qLogEI,10,50,1,4,46,2126.976811981352
qLogEI,10,50,1,4,47,2126.976811981352
qLogEI,10,50,1,4,48,2126.976811981352
qLogEI,10,50,1,4,49,2126.976811981352
qLogEI,10,50,1,4,50,2126.976811981352
qLogEI,10,50,1,4,51,2126.976811981352
qLogEI,10,50,1,4,52,2126.976811981352
qLogEI,10,50,1,4,53,1186.137890130934
qLogEI,10,50,1,4,54,1186.137890130934
qLogEI,10,50,1,4,55,1186.137890130934
qLogEI,10,50,1,4,56,1186.137890130934
qLogEI,10,50,1,4,57,1186.137890130934
qLogEI,10,50,1,4,58,1186.137890130934
qLogEI,10,50,1,4,59,1186.137890130934
qLogEI,10,50,1,4,60,1186.137890130934
qLogEI,10,50,1,4,61,1186.137890130934
qLogEI,10,50,1,4,62,1186.137890130934
qLogEI,10,50,1,4,63,1186.137890130934
qLogEI,10,50,1,4,64,1186.137890130934
qLogEI,10,50,1,4,65,1186.137890130934
qLogEI,10,50,1,4,66,1186.137890130934
qLogEI,10,50,1,4,67,1186.137890130934
qLogEI,10,50,1,4,68,1186.137890130934
qLogEI,10,50,1,4,69,1186.137890130934
qLogEI,10,50,1,4,70,1186.137890130934
qLogEI,10,50,1,4,71,1186.137890130934
qLogEI,10,50,1,4,72,1186.137890130934
qLogEI,10,50,1,4,73,1186.137890130934
qLogEI,10,50,1,4,74,1186.137890130934
qLogEI,10,50,1,4,75,1186.137890130934
qLogEI,10,50,1,4,76,1186.137890130934
qLogEI,10,50,1,4,77,1186.137890130934
qLogEI,10,50,1,4,78,1186.137890130934
qLogEI,10,50,1,4,79,1186.137890130934
qLogEI,10,50,1,4,80,1186.137890130934
qLogEI,10,50,1,4,81,1186.137890130934
qLogEI,10,50,1,4,82,1186.137890130934
qLogEI,10,50,1,4,83,1186.137890130934
qLogEI,10,50,1,4,84,1186.137890130934
qLogEI,10,50,1,4,85,1186.137890130934
qLogEI,10,50,1,4,86,1186.137890130934
qLogEI,10,50,1,4,87,1186.137890130934
qLogEI,10,50,1,4,88,1186.137890130934
qLogEI,10,50,1,4,89,1186.137890130934
qLogEI,10,50,1,4,90,1186.137890130934
qLogEI,10,50,1,4,91,1186.137890130934
qLogEI,10,50,1,4,92,1186.137890130934
qLogEI,10,50,1,4,93,1186.137890130934
qLogEI,10,50,1,4,94,1186.137890130934
qLogEI,10,50,1,4,95,1186.137890130934
qLogEI,10,50,1,4,96,1186.137890130934
qLogEI,10,50,1,4,97,1186.137890130934
qLogEI,10,50,1,4,98,1186.137890130934
qLogEI,10,50,1,4,99,1186.137890130934
qLogEI,10,50,1,4,100,1186.137890130934
RL,10,50,1,4,1,inf
RL,10,50,1,4,2,inf
RL,10,50,1,4,3,inf
RL,10,50,1,4,4,inf
RL,10,50,1,4,5,2138.924057672955
RL,10,50,1,4,6,2138.924057672955
RL,10,50,1,4,7,2138.924057672955
RL,10,50,1,4,8,2138.924057672955
RL,10,50,1,4,9,2138.924057672955
RL,10,50,1,4,10,2138.924057672955
RL,10,50,1,4,11,2138.924057672955
RL,10,50,1,4,12,2138.924057672955
RL,10,50,1,4,13,2138.924057672955
RL,10,50,1,4,14,2138.924057672955
RL,10,50,1,4,15,2138.924057672955
RL,10,50,1,4,16,2138.924057672955
RL,10,50,1,4,17,2138.924057672955
RL,10,50,1,4,18,2138.924057672955
RL,10,50,1,4,19,2138.924057672955
RL,10,50,1,4,20,2138.924057672955
RL,10,50,1,4,21,2138.924057672955
RL,10,50,1,4,22,2138.924057672955
RL,10,50,1,4,23,2138.924057672955
RL,10,50,1,4,24,2138.924057672955
RL,10,50,1,4,25,2138.924057672955
RL,10,50,1,4,26,2138.924057672955
RL,10,50,1,4,27,2138.924057672955
RL,10,50,1,4,28,2138.924057672955
RL,10,50,1,4,29,2138.924057672955
RL,10,50,1,4,30,2138.924057672955
RL,10,50,1,4,31,2138.924057672955
RL,10,50,1,4,32,2138.924057672955
RL,10,50,1,4,33,2138.924057672955
RL,10,50,1,4,34,2138.924057672955
RL,10,50,1,4,35,2138.924057672955
RL,10,50,1,4,36,2138.924057672955
RL,10,50,1,4,37,2138.924057672955
RL,10,50,1,4,38,2138.924057672955
RL,10,50,1,4,39,2138.924057672955
RL,10,50,1,4,40,2138.924057672955
RL,10,50,1,4,41,2138.924057672955
RL,10,50,1,4,42,2138.924057672955
RL,10,50,1,4,43,2138.924057672955
RL,10,50,1,4,44,2138.924057672955
RL,10,50,1,4,45,2138.924057672955
RL,10,50,1,4,46,2138.924057672955
RL,10,50,1,4,47,2138.924057672955
RL,10,50,1,4,48,2138.924057672955
RL,10,50,1,4,49,2138.924057672955
RL,10,50,1,4,50,2138.924057672955
RL,10,50,1,4,51,2138.924057672955
RL,10,50,1,4,52,2138.924057672955
RL,10,50,1,4,53,2138.924057672955
RL,10,50,1,4,54,2138.924057672955
RL,10,50,1,4,55,2138.924057672955
RL,10,50,1,4,56,2138.924057672955
RL,10,50,1,4,57,2138.924057672955
RL,10,50,1,4,58,2138.924057672955
RL,10,50,1,4,59,2138.924057672955
RL,10,50,1,4,60,2138.924057672955
RL,10,50,1,4,61,2138.924057672955
RL,10,50,1,4,62,2138.924057672955
RL,10,50,1,4,63,2138.924057672955
RL,10,50,1,4,64,2138.924057672955
RL,10,50,1,4,65,2138.924057672955
RL,10,50,1,4,66,2138.924057672955
RL,10,50,1,4,67,2138.924057672955
RL,10,50,1,4,68,2138.924057672955
RL,10,50,1,4,69,2138.924057672955
RL,10,50,1,4,70,2138.924057672955
RL,10,50,1,4,71,2138.924057672955
RL,10,50,1,4,72,2138.924057672955
RL,10,50,1,4,73,2138.924057672955
RL,10,50,1,4,74,2138.924057672955
RL,10,50,1,4,75,2138.924057672955
RL,10,50,1,4,76,2138.924057672955
RL,10,50,1,4,77,2138.924057672955
RL,10,50,1,4,78,2138.924057672955
RL,10,50,1,4,79,2138.924057672955
RL,10,50,1,4,80,2138.924057672955
RL,10,50,1,4,81,2138.924057672955
RL,10,50,1,4,82,2138.924057672955
RL,10,50,1,4,83,2138.924057672955
RL,10,50,1,4,84,2138.924057672955
RL,10,50,1,4,85,2138.924057672955
RL,10,50,1,4,86,2138.924057672955
RL,10,50,1,4,87,2138.924057672955
RL,10,50,1,4,88,2138.924057672955
RL,10,50,1,4,89,2138.924057672955
RL,10,50,1,4,90,2138.924057672955
RL,10,50,1,4,91,2138.924057672955
RL,10,50,1,4,92,2138.924057672955
RL,10,50,1,4,93,2138.924057672955
RL,10,50,1,4,94,2138.924057672955
RL,10,50,1,4,95,2138.924057672955
RL,10,50,1,4,96,2138.924057672955
RL,10,50,1,4,97,2138.924057672955
RL,10,50,1,4,98,2138.924057672955
RL,10,50,1,4,99,2138.924057672955
RL,10,50,1,4,100,2138.924057672955
Random,10,50,2,0,1,inf
Random,10,50,2,0,2,inf
Random,10,50,2,0,3,inf
Random,10,50,2,0,4,inf
Random,10,50,2,0,5,inf
Random,10,50,2,0,6,inf
Random,10,50,2,0,7,inf
Random,10,50,2,0,8,inf
Random,10,50,2,0,9,inf
Random,10,50,2,0,10,inf
Random,10,50,2,0,11,inf
Random,10,50,2,0,12,inf
Random,10,50,2,0,13,inf
Random,10,50,2,0,14,19765.952044892445
Random,10,50,2,0,15,19765.952044892445
Random,10,50,2,0,16,19765.952044892445
Random,10,50,2,0,17,19765.952044892445
Random,10,50,2,0,18,19765.952044892445
Random,10,50,2,0,19,19765.952044892445
Random,10,50,2,0,20,19765.952044892445
Random,10,50,2,0,21,19765.952044892445
Random,10,50,2,0,22,19765.952044892445
Random,10,50,2,0,23,19765.952044892445
Random,10,50,2,0,24,19765.952044892445
Random,10,50,2,0,25,19765.952044892445
Random,10,50,2,0,26,19765.952044892445
Random,10,50,2,0,27,19765.952044892445
Random,10,50,2,0,28,19765.952044892445
Random,10,50,2,0,29,19765.952044892445
Random,10,50,2,0,30,19765.952044892445
Random,10,50,2,0,31,19765.952044892445
Random,10,50,2,0,32,19765.952044892445
Random,10,50,2,0,33,19765.952044892445
Random,10,50,2,0,34,19765.952044892445
Random,10,50,2,0,35,19765.952044892445
Random,10,50,2,0,36,19765.952044892445
Random,10,50,2,0,37,19765.952044892445
Random,10,50,2,0,38,19765.952044892445
Random,10,50,2,0,39,19765.952044892445
Random,10,50,2,0,40,19765.952044892445
Random,10,50,2,0,41,19765.952044892445
Random,10,50,2,0,42,19765.952044892445
Random,10,50,2,0,43,19765.952044892445
Random,10,50,2,0,44,19765.952044892445
Random,10,50,2,0,45,19765.952044892445
Random,10,50,2,0,46,19765.952044892445
Random,10,50,2,0,47,19765.952044892445
Random,10,50,2,0,48,19765.952044892445
Random,10,50,2,0,49,19765.952044892445
Random,10,50,2,0,50,19765.952044892445
Random,10,50,2,0,51,19765.952044892445
Random,10,50,2,0,52,19765.952044892445
Random,10,50,2,0,53,19765.952044892445
Random,10,50,2,0,54,19765.952044892445
Random,10,50,2,0,55,19765.952044892445
Random,10,50,2,0,56,19765.952044892445
Random,10,50,2,0,57,19765.952044892445
Random,10,50,2,0,58,19765.952044892445
Random,10,50,2,0,59,19765.952044892445
Random,10,50,2,0,60,19765.952044892445
Random,10,50,2,0,61,19765.952044892445
Random,10,50,2,0,62,19765.952044892445
Random,10,50,2,0,63,19765.952044892445
Random,10,50,2,0,64,19765.952044892445
Random,10,50,2,0,65,19765.952044892445
Random,10,50,2,0,66,19765.952044892445
Random,10,50,2,0,67,19765.952044892445
Random,10,50,2,0,68,19765.952044892445
Random,10,50,2,0,69,19765.952044892445
Random,10,50,2,0,70,19765.952044892445
Random,10,50,2,0,71,19765.952044892445
Random,10,50,2,0,72,19765.952044892445
Random,10,50,2,0,73,19765.952044892445
Random,10,50,2,0,74,19765.952044892445
Random,10,50,2,0,75,19765.952044892445
Random,10,50,2,0,76,19765.952044892445
Random,10,50,2,0,77,19765.952044892445
Random,10,50,2,0,78,19765.952044892445
Random,10,50,2,0,79,19765.952044892445
Random,10,50,2,0,80,19765.952044892445
Random,10,50,2,0,81,19765.952044892445
Random,10,50,2,0,82,19765.952044892445
Random,10,50,2,0,83,19765.952044892445
Random,10,50,2,0,84,19765.952044892445
Random,10,50,2,0,85,19765.952044892445
Random,10,50,2,0,86,19765.952044892445
Random,10,50,2,0,87,11410.307269813806
Random,10,50,2,0,88,11410.307269813806
Random,10,50,2,0,89,11410.307269813806
Random,10,50,2,0,90,11410.307269813806
Random,10,50,2,0,91,11410.307269813806
Random,10,50,2,0,92,11410.307269813806
Random,10,50,2,0,93,11410.307269813806
Random,10,50,2,0,94,11410.307269813806
Random,10,50,2,0,95,11410.307269813806
Random,10,50,2,0,96,11410.307269813806
Random,10,50,2,0,97,11410.307269813806
Random,10,50,2,0,98,11410.307269813806
Random,10,50,2,0,99,11410.307269813806
Random,10,50,2,0,100,11410.307269813806
qLogEI,10,50,2,0,1,inf
qLogEI,10,50,2,0,2,inf
qLogEI,10,50,2,0,3,inf
qLogEI,10,50,2,0,4,inf
qLogEI,10,50,2,0,5,inf
qLogEI,10,50,2,0,6,inf
qLogEI,10,50,2,0,7,inf
qLogEI,10,50,2,0,8,inf
qLogEI,10,50,2,0,9,inf
qLogEI,10,50,2,0,10,inf
qLogEI,10,50,2,0,11,inf
qLogEI,10,50,2,0,12,inf
qLogEI,10,50,2,0,13,inf
qLogEI,10,50,2,0,14,19765.952044892445
qLogEI,10,50,2,0,15,19765.952044892445
qLogEI,10,50,2,0,16,19765.952044892445
qLogEI,10,50,2,0,17,19765.952044892445
qLogEI,10,50,2,0,18,19765.952044892445
qLogEI,10,50,2,0,19,19765.952044892445
qLogEI,10,50,2,0,20,19765.952044892445
qLogEI,10,50,2,0,21,19765.952044892445
qLogEI,10,50,2,0,22,19765.952044892445
qLogEI,10,50,2,0,23,19765.952044892445
qLogEI,10,50,2,0,24,19765.952044892445
qLogEI,10,50,2,0,25,19765.952044892445
qLogEI,10,50,2,0,26,19765.952044892445
qLogEI,10,50,2,0,27,19765.952044892445
qLogEI,10,50,2,0,28,11300.948666695122
qLogEI,10,50,2,0,29,11134.466950731303
qLogEI,10,50,2,0,30,11134.466950731303
qLogEI,10,50,2,0,31,11134.466950731303
qLogEI,10,50,2,0,32,11134.466950731303
qLogEI,10,50,2,0,33,11134.466950731303
qLogEI,10,50,2,0,34,11134.466950731303
qLogEI,10,50,2,0,35,11134.466950731303
qLogEI,10,50,2,0,36,11134.466950731303
qLogEI,10,50,2,0,37,11134.466950731303
qLogEI,10,50,2,0,38,10825.80953491415
qLogEI,10,50,2,0,39,10825.80953491415
qLogEI,10,50,2,0,40,10825.80953491415
qLogEI,10,50,2,0,41,10825.80953491415
qLogEI,10,50,2,0,42,10825.80953491415
qLogEI,10,50,2,0,43,10825.80953491415
qLogEI,10,50,2,0,44,10602.896011691813
qLogEI,10,50,2,0,45,10602.896011691813
qLogEI,10,50,2,0,46,10602.896011691813
qLogEI,10,50,2,0,47,10602.896011691813
qLogEI,10,50,2,0,48,10602.896011691813
qLogEI,10,50,2,0,49,10602.896011691813
qLogEI,10,50,2,0,50,10602.896011691813
qLogEI,10,50,2,0,51,10602.896011691813
qLogEI,10,50,2,0,52,10602.896011691813
qLogEI,10,50,2,0,53,10602.896011691813
qLogEI,10,50,2,0,54,10602.896011691813
qLogEI,10,50,2,0,55,10602.896011691813
qLogEI,10,50,2,0,56,10602.896011691813
qLogEI,10,50,2,0,57,10602.896011691813
qLogEI,10,50,2,0,58,10602.896011691813
qLogEI,10,50,2,0,59,10602.896011691813
qLogEI,10,50,2,0,60,10602.896011691813
qLogEI,10,50,2,0,61,10602.896011691813
qLogEI,10,50,2,0,62,10602.896011691813
qLogEI,10,50,2,0,63,10602.896011691813
qLogEI,10,50,2,0,64,10602.896011691813
qLogEI,10,50,2,0,65,10602.896011691813
qLogEI,10,50,2,0,66,10602.896011691813
qLogEI,10,50,2,0,67,10602.896011691813
qLogEI,10,50,2,0,68,10602.896011691813
qLogEI,10,50,2,0,69,10602.896011691813
qLogEI,10,50,2,0,70,10602.896011691813
qLogEI,10,50,2,0,71,10602.896011691813
qLogEI,10,50,2,0,72,10602.896011691813
qLogEI,10,50,2,0,73,10602.896011691813
qLogEI,10,50,2,0,74,10602.896011691813
qLogEI,10,50,2,0,75,10602.896011691813
qLogEI,10,50,2,0,76,10602.896011691813
qLogEI,10,50,2,0,77,10602.896011691813
qLogEI,10,50,2,0,78,10602.896011691813
qLogEI,10,50,2,0,79,10602.896011691813
qLogEI,10,50,2,0,80,10602.896011691813
qLogEI,10,50,2,0,81,10602.896011691813
qLogEI,10,50,2,0,82,10602.896011691813
qLogEI,10,50,2,0,83,10602.896011691813
qLogEI,10,50,2,0,84,10602.896011691813
qLogEI,10,50,2,0,85,10602.896011691813
qLogEI,10,50,2,0,86,10602.896011691813
qLogEI,10,50,2,0,87,10602.896011691813
qLogEI,10,50,2,0,88,10602.896011691813
qLogEI,10,50,2,0,89,10575.155753131678
qLogEI,10,50,2,0,90,10575.155753131678
qLogEI,10,50,2,0,91,10575.155753131678
qLogEI,10,50,2,0,92,10575.155753131678
qLogEI,10,50,2,0,93,10575.155753131678
qLogEI,10,50,2,0,94,10575.155753131678
qLogEI,10,50,2,0,95,10575.155753131678
qLogEI,10,50,2,0,96,10575.155753131678
qLogEI,10,50,2,0,97,10575.155753131678
qLogEI,10,50,2,0,98,10575.155753131678
qLogEI,10,50,2,0,99,10575.155753131678
qLogEI,10,50,2,0,100,10575.155753131678
RL,10,50,2,0,1,inf
RL,10,50,2,0,2,inf
RL,10,50,2,0,3,inf
RL,10,50,2,0,4,inf
RL,10,50,2,0,5,inf
RL,10,50,2,0,6,inf
RL,10,50,2,0,7,inf
RL,10,50,2,0,8,inf
RL,10,50,2,0,9,inf
RL,10,50,2,0,10,inf
RL,10,50,2,0,11,inf
RL,10,50,2,0,12,inf
RL,10,50,2,0,13,inf
RL,10,50,2,0,14,19765.952044892445
RL,10,50,2,0,15,19765.952044892445
RL,10,50,2,0,16,19765.952044892445
RL,10,50,2,0,17,19765.952044892445
RL,10,50,2,0,18,19765.952044892445
RL,10,50,2,0,19,19765.952044892445
RL,10,50,2,0,20,19765.952044892445
RL,10,50,2,0,21,19765.952044892445
RL,10,50,2,0,22,19765.952044892445
RL,10,50,2,0,23,19765.952044892445
RL,10,50,2,0,24,19765.952044892445
RL,10,50,2,0,25,19765.952044892445
RL,10,50,2,0,26,19765.952044892445
RL,10,50,2,0,27,19765.952044892445
RL,10,50,2,0,28,19765.952044892445
RL,10,50,2,0,29,19765.952044892445
RL,10,50,2,0,30,19765.952044892445
RL,10,50,2,0,31,19765.952044892445
RL,10,50,2,0,32,19765.952044892445
RL,10,50,2,0,33,19765.952044892445
RL,10,50,2,0,34,19765.952044892445
RL,10,50,2,0,35,19765.952044892445
RL,10,50,2,0,36,19765.952044892445
RL,10,50,2,0,37,19765.952044892445
RL,10,50,2,0,38,19765.952044892445
RL,10,50,2,0,39,19765.952044892445
RL,10,50,2,0,40,19765.952044892445
RL,10,50,2,0,41,19765.952044892445
RL,10,50,2,0,42,19765.952044892445
RL,10,50,2,0,43,19765.952044892445
RL,10,50,2,0,44,19765.952044892445
RL,10,50,2,0,45,19765.952044892445
RL,10,50,2,0,46,19765.952044892445
RL,10,50,2,0,47,19765.952044892445
RL,10,50,2,0,48,19765.952044892445
RL,10,50,2,0,49,19765.952044892445
RL,10,50,2,0,50,19765.952044892445
RL,10,50,2,0,51,19765.952044892445
RL,10,50,2,0,52,19765.952044892445
RL,10,50,2,0,53,19765.952044892445
RL,10,50,2,0,54,19765.952044892445
RL,10,50,2,0,55,19765.952044892445
RL,10,50,2,0,56,19765.952044892445
RL,10,50,2,0,57,19765.952044892445
RL,10,50,2,0,58,19765.952044892445
RL,10,50,2,0,59,19765.952044892445
RL,10,50,2,0,60,19765.952044892445
RL,10,50,2,0,61,19765.952044892445
RL,10,50,2,0,62,19765.952044892445
RL,10,50,2,0,63,19765.952044892445
RL,10,50,2,0,64,19765.952044892445
RL,10,50,2,0,65,19765.952044892445
RL,10,50,2,0,66,19765.952044892445
RL,10,50,2,0,67,19765.952044892445
RL,10,50,2,0,68,19765.952044892445
RL,10,50,2,0,69,19765.952044892445
RL,10,50,2,0,70,19765.952044892445
RL,10,50,2,0,71,19765.952044892445
RL,10,50,2,0,72,19765.952044892445
RL,10,50,2,0,73,19765.952044892445
RL,10,50,2,0,74,19765.952044892445
RL,10,50,2,0,75,19765.952044892445
RL,10,50,2,0,76,19765.952044892445
RL,10,50,2,0,77,19765.952044892445
RL,10,50,2,0,78,19765.952044892445
RL,10,50,2,0,79,19765.952044892445
RL,10,50,2,0,80,19765.952044892445
RL,10,50,2,0,81,19765.952044892445
RL,10,50,2,0,82,19765.952044892445
RL,10,50,2,0,83,19765.952044892445
RL,10,50,2,0,84,19765.952044892445
RL,10,50,2,0,85,19765.952044892445
RL,10,50,2,0,86,19765.952044892445
RL,10,50,2,0,87,19765.952044892445
RL,10,50,2,0,88,19765.952044892445
RL,10,50,2,0,89,19765.952044892445
RL,10,50,2,0,90,19765.952044892445
RL,10,50,2,0,91,19765.952044892445
RL,10,50,2,0,92,19765.952044892445
RL,10,50,2,0,93,19765.952044892445
RL,10,50,2,0,94,19765.952044892445
RL,10,50,2,0,95,19765.952044892445
RL,10,50,2,0,96,19765.952044892445
RL,10,50,2,0,97,19765.952044892445
RL,10,50,2,0,98,19765.952044892445
RL,10,50,2,0,99,19765.952044892445
RL,10,50,2,0,100,19765.952044892445
Random,10,50,2,1,1,11693.572209775923
Random,10,50,2,1,2,11693.572209775923
Random,10,50,2,1,3,11693.572209775923
Random,10,50,2,1,4,11693.572209775923
Random,10,50,2,1,5,11693.572209775923
Random,10,50,2,1,6,11693.572209775923
Random,10,50,2,1,7,11693.572209775923
Random,10,50,2,1,8,11693.572209775923
Random,10,50,2,1,9,11693.572209775923
Random,10,50,2,1,10,11693.572209775923
Random,10,50,2,1,11,11693.572209775923
Random,10,50,2,1,12,11693.572209775923
Random,10,50,2,1,13,11693.572209775923
Random,10,50,2,1,14,11693.572209775923
Random,10,50,2,1,15,11693.572209775923
Random,10,50,2,1,16,11693.572209775923
Random,10,50,2,1,17,11693.572209775923
Random,10,50,2,1,18,11693.572209775923
Random,10,50,2,1,19,11693.572209775923
Random,10,50,2,1,20,11693.572209775923
Random,10,50,2,1,21,11693.572209775923
Random,10,50,2,1,22,11693.572209775923
Random,10,50,2,1,23,11693.572209775923
Random,10,50,2,1,24,11693.572209775923
Random,10,50,2,1,25,11693.572209775923
Random,10,50,2,1,26,11693.572209775923
Random,10,50,2,1,27,11693.572209775923
Random,10,50,2,1,28,11693.572209775923
Random,10,50,2,1,29,11693.572209775923
Random,10,50,2,1,30,11693.572209775923
Random,10,50,2,1,31,11693.572209775923
Random,10,50,2,1,32,11693.572209775923
Random,10,50,2,1,33,11693.572209775923
Random,10,50,2,1,34,11693.572209775923
Random,10,50,2,1,35,11693.572209775923
Random,10,50,2,1,36,11693.572209775923
Random,10,50,2,1,37,11693.572209775923
Random,10,50,2,1,38,11693.572209775923
Random,10,50,2,1,39,11693.572209775923
Random,10,50,2,1,40,11693.572209775923
Random,10,50,2,1,41,11693.572209775923
Random,10,50,2,1,42,11693.572209775923
Random,10,50,2,1,43,11693.572209775923
Random,10,50,2,1,44,11693.572209775923
Random,10,50,2,1,45,11693.572209775923
Random,10,50,2,1,46,11693.572209775923
Random,10,50,2,1,47,11693.572209775923
Random,10,50,2,1,48,11693.572209775923
Random,10,50,2,1,49,11693.572209775923
Random,10,50,2,1,50,11693.572209775923
Random,10,50,2,1,51,11693.572209775923
Random,10,50,2,1,52,11693.572209775923
Random,10,50,2,1,53,11693.572209775923
Random,10,50,2,1,54,11693.572209775923
Random,10,50,2,1,55,11540.110753047029
Random,10,50,2,1,56,11540.110753047029
Random,10,50,2,1,57,11540.110753047029
Random,10,50,2,1,58,11540.110753047029
Random,10,50,2,1,59,11540.110753047029
Random,10,50,2,1,60,11540.110753047029
Random,10,50,2,1,61,11540.110753047029
Random,10,50,2,1,62,11540.110753047029
Random,10,50,2,1,63,11540.110753047029
Random,10,50,2,1,64,11540.110753047029
Random,10,50,2,1,65,11540.110753047029
Random,10,50,2,1,66,11540.110753047029
Random,10,50,2,1,67,11540.110753047029
Random,10,50,2,1,68,11540.110753047029
Random,10,50,2,1,69,11540.110753047029
Random,10,50,2,1,70,11540.110753047029
Random,10,50,2,1,71,11540.110753047029
Random,10,50,2,1,72,11540.110753047029
Random,10,50,2,1,73,11540.110753047029
Random,10,50,2,1,74,11540.110753047029
Random,10,50,2,1,75,11540.110753047029
Random,10,50,2,1,76,11540.110753047029
Random,10,50,2,1,77,11540.110753047029
Random,10,50,2,1,78,11540.110753047029
Random,10,50,2,1,79,11540.110753047029
Random,10,50,2,1,80,11540.110753047029
Random,10,50,2,1,81,11540.110753047029
Random,10,50,2,1,82,11540.110753047029
Random,10,50,2,1,83,11540.110753047029
Random,10,50,2,1,84,11540.110753047029
Random,10,50,2,1,85,11540.110753047029
Random,10,50,2,1,86,11540.110753047029
Random,10,50,2,1,87,11540.110753047029
Random,10,50,2,1,88,11540.110753047029
Random,10,50,2,1,89,11540.110753047029
Random,10,50,2,1,90,11540.110753047029
Random,10,50,2,1,91,11540.110753047029
Random,10,50,2,1,92,11540.110753047029
Random,10,50,2,1,93,11540.110753047029
Random,10,50,2,1,94,11540.110753047029
Random,10,50,2,1,95,11540.110753047029
Random,10,50,2,1,96,11540.110753047029
Random,10,50,2,1,97,11540.110753047029
Random,10,50,2,1,98,11540.110753047029
Random,10,50,2,1,99,11540.110753047029
Random,10,50,2,1,100,11540.110753047029
qLogEI,10,50,2,1,1,11693.572209775923
qLogEI,10,50,2,1,2,11693.572209775923
qLogEI,10,50,2,1,3,11693.572209775923
qLogEI,10,50,2,1,4,11693.572209775923
qLogEI,10,50,2,1,5,11693.572209775923
qLogEI,10,50,2,1,6,11693.572209775923
qLogEI,10,50,2,1,7,11693.572209775923
qLogEI,10,50,2,1,8,11693.572209775923
qLogEI,10,50,2,1,9,11693.572209775923
qLogEI,10,50,2,1,10,11693.572209775923
qLogEI,10,50,2,1,11,11693.572209775923
qLogEI,10,50,2,1,12,11693.572209775923
qLogEI,10,50,2,1,13,11693.572209775923
qLogEI,10,50,2,1,14,11693.572209775923
qLogEI,10,50,2,1,15,11693.572209775923
qLogEI,10,50,2,1,16,11693.572209775923
qLogEI,10,50,2,1,17,11693.572209775923
qLogEI,10,50,2,1,18,11693.572209775923
qLogEI,10,50,2,1,19,11693.572209775923
qLogEI,10,50,2,1,20,11693.572209775923
qLogEI,10,50,2,1,21,11693.572209775923
qLogEI,10,50,2,1,22,11693.572209775923
qLogEI,10,50,2,1,23,11693.572209775923
qLogEI,10,50,2,1,24,11693.572209775923
qLogEI,10,50,2,1,25,11363.903319593828
qLogEI,10,50,2,1,26,11363.903319593828
qLogEI,10,50,2,1,27,11363.903319593828
qLogEI,10,50,2,1,28,11363.903319593828
qLogEI,10,50,2,1,29,11363.903319593828
qLogEI,10,50,2,1,30,11363.903319593828
qLogEI,10,50,2,1,31,11363.903319593828
qLogEI,10,50,2,1,32,11363.903319593828
qLogEI,10,50,2,1,33,11363.903319593828
qLogEI,10,50,2,1,34,11363.903319593828
qLogEI,10,50,2,1,35,11363.903319593828
qLogEI,10,50,2,1,36,11363.903319593828
qLogEI,10,50,2,1,37,11363.903319593828
qLogEI,10,50,2,1,38,11363.903319593828
qLogEI,10,50,2,1,39,11363.903319593828
qLogEI,10,50,2,1,40,11363.903319593828
qLogEI,10,50,2,1,41,11363.903319593828
qLogEI,10,50,2,1,42,11363.903319593828
qLogEI,10,50,2,1,43,11363.903319593828
qLogEI,10,50,2,1,44,11363.903319593828
qLogEI,10,50,2,1,45,11363.903319593828
qLogEI,10,50,2,1,46,11363.903319593828
qLogEI,10,50,2,1,47,11363.903319593828
qLogEI,10,50,2,1,48,11363.903319593828
qLogEI,10,50,2,1,49,11363.903319593828
qLogEI,10,50,2,1,50,11363.903319593828
qLogEI,10,50,2,1,51,11363.903319593828
qLogEI,10,50,2,1,52,11363.903319593828
qLogEI,10,50,2,1,53,11363.903319593828
qLogEI,10,50,2,1,54,11363.903319593828
qLogEI,10,50,2,1,55,11363.903319593828
qLogEI,10,50,2,1,56,10864.714483020469
qLogEI,10,50,2,1,57,10864.714483020469
qLogEI,10,50,2,1,58,10864.714483020469
qLogEI,10,50,2,1,59,10864.714483020469
qLogEI,10,50,2,1,60,10864.714483020469
qLogEI,10,50,2,1,61,10864.714483020469
qLogEI,10,50,2,1,62,10864.714483020469
qLogEI,10,50,2,1,63,10864.714483020469
qLogEI,10,50,2,1,64,10864.714483020469
qLogEI,10,50,2,1,65,10864.714483020469
qLogEI,10,50,2,1,66,10597.91617877453
qLogEI,10,50,2,1,67,10597.91617877453
qLogEI,10,50,2,1,68,10597.91617877453
qLogEI,10,50,2,1,69,10597.91617877453
qLogEI,10,50,2,1,70,10597.91617877453
qLogEI,10,50,2,1,71,10597.91617877453
qLogEI,10,50,2,1,72,10597.91617877453
qLogEI,10,50,2,1,73,10597.91617877453
qLogEI,10,50,2,1,74,10597.91617877453
qLogEI,10,50,2,1,75,10597.91617877453
qLogEI,10,50,2,1,76,10597.91617877453
qLogEI,10,50,2,1,77,10597.91617877453
qLogEI,10,50,2,1,78,10597.91617877453
qLogEI,10,50,2,1,79,10597.91617877453
qLogEI,10,50,2,1,80,10597.91617877453
qLogEI,10,50,2,1,81,10597.91617877453
qLogEI,10,50,2,1,82,10597.91617877453
qLogEI,10,50,2,1,83,10597.91617877453
qLogEI,10,50,2,1,84,10597.91617877453
qLogEI,10,50,2,1,85,10597.91617877453
qLogEI,10,50,2,1,86,10597.91617877453
qLogEI,10,50,2,1,87,10597.91617877453
qLogEI,10,50,2,1,88,10597.91617877453
qLogEI,10,50,2,1,89,10597.91617877453
qLogEI,10,50,2,1,90,10597.91617877453
qLogEI,10,50,2,1,91,10597.91617877453
qLogEI,10,50,2,1,92,10597.91617877453
qLogEI,10,50,2,1,93,10597.91617877453
qLogEI,10,50,2,1,94,10597.91617877453
qLogEI,10,50,2,1,95,10597.91617877453
qLogEI,10,50,2,1,96,10597.91617877453
qLogEI,10,50,2,1,97,10597.91617877453
qLogEI,10,50,2,1,98,10597.91617877453
qLogEI,10,50,2,1,99,10597.91617877453
qLogEI,10,50,2,1,100,10597.91617877453
RL,10,50,2,1,1,11693.572209775923
RL,10,50,2,1,2,11693.572209775923
RL,10,50,2,1,3,11693.572209775923
RL,10,50,2,1,4,11693.572209775923
RL,10,50,2,1,5,11693.572209775923
RL,10,50,2,1,6,11693.572209775923
RL,10,50,2,1,7,11693.572209775923
RL,10,50,2,1,8,11693.572209775923
RL,10,50,2,1,9,11693.572209775923
RL,10,50,2,1,10,11693.572209775923
RL,10,50,2,1,11,11693.572209775923
RL,10,50,2,1,12,11693.572209775923
RL,10,50,2,1,13,11693.572209775923
RL,10,50,2,1,14,11693.572209775923
RL,10,50,2,1,15,11693.572209775923
RL,10,50,2,1,16,11693.572209775923
RL,10,50,2,1,17,11693.572209775923
RL,10,50,2,1,18,11693.572209775923
RL,10,50,2,1,19,11693.572209775923
RL,10,50,2,1,20,11693.572209775923
RL,10,50,2,1,21,11693.572209775923
RL,10,50,2,1,22,11693.572209775923
RL,10,50,2,1,23,11693.572209775923
RL,10,50,2,1,24,11693.572209775923
RL,10,50,2,1,25,11693.572209775923
RL,10,50,2,1,26,11693.572209775923
RL,10,50,2,1,27,11693.572209775923
RL,10,50,2,1,28,11693.572209775923
RL,10,50,2,1,29,11693.572209775923
RL,10,50,2,1,30,11693.572209775923
RL,10,50,2,1,31,11693.572209775923
RL,10,50,2,1,32,11693.572209775923
RL,10,50,2,1,33,11693.572209775923
RL,10,50,2,1,34,11693.572209775923
RL,10,50,2,1,35,11693.572209775923
RL,10,50,2,1,36,11693.572209775923
RL,10,50,2,1,37,11693.572209775923
RL,10,50,2,1,38,11693.572209775923
RL,10,50,2,1,39,11693.572209775923
RL,10,50,2,1,40,11693.572209775923
RL,10,50,2,1,41,11693.572209775923
RL,10,50,2,1,42,11693.572209775923
RL,10,50,2,1,43,11693.572209775923
RL,10,50,2,1,44,11693.572209775923
RL,10,50,2,1,45,11693.572209775923
RL,10,50,2,1,46,11693.572209775923
RL,10,50,2,1,47,11693.572209775923
RL,10,50,2,1,48,11693.572209775923
RL,10,50,2,1,49,11693.572209775923
RL,10,50,2,1,50,11693.572209775923
RL,10,50,2,1,51,11693.572209775923
RL,10,50,2,1,52,11693.572209775923
RL,10,50,2,1,53,11693.572209775923
RL,10,50,2,1,54,11693.572209775923
RL,10,50,2,1,55,11693.572209775923
RL,10,50,2,1,56,11693.572209775923
RL,10,50,2,1,57,11693.572209775923
RL,10,50,2,1,58,11693.572209775923
RL,10,50,2,1,59,11693.572209775923
RL,10,50,2,1,60,11693.572209775923
RL,10,50,2,1,61,11693.572209775923
RL,10,50,2,1,62,11693.572209775923
RL,10,50,2,1,63,11693.572209775923
RL,10,50,2,1,64,11693.572209775923
RL,10,50,2,1,65,11693.572209775923
RL,10,50,2,1,66,11693.572209775923
RL,10,50,2,1,67,11693.572209775923
RL,10,50,2,1,68,11693.572209775923
RL,10,50,2,1,69,11693.572209775923
RL,10,50,2,1,70,11693.572209775923
RL,10,50,2,1,71,11693.572209775923
RL,10,50,2,1,72,11693.572209775923
RL,10,50,2,1,73,11693.572209775923
RL,10,50,2,1,74,11693.572209775923
RL,10,50,2,1,75,11693.572209775923
RL,10,50,2,1,76,11693.572209775923
RL,10,50,2,1,77,11693.572209775923
RL,10,50,2,1,78,11693.572209775923
RL,10,50,2,1,79,11693.572209775923
RL,10,50,2,1,80,11693.572209775923
RL,10,50,2,1,81,11693.572209775923
RL,10,50,2,1,82,11693.572209775923
RL,10,50,2,1,83,11693.572209775923
RL,10,50,2,1,84,11693.572209775923
RL,10,50,2,1,85,11693.572209775923
RL,10,50,2,1,86,11693.572209775923
RL,10,50,2,1,87,11693.572209775923
RL,10,50,2,1,88,11693.572209775923
RL,10,50,2,1,89,11693.572209775923
RL,10,50,2,1,90,11693.572209775923
RL,10,50,2,1,91,11693.572209775923
RL,10,50,2,1,92,11693.572209775923
RL,10,50,2,1,93,11693.572209775923
RL,10,50,2,1,94,11693.572209775923
RL,10,50,2,1,95,11693.572209775923
RL,10,50,2,1,96,11693.572209775923
RL,10,50,2,1,97,11693.572209775923
RL,10,50,2,1,98,11693.572209775923
RL,10,50,2,1,99,11693.572209775923
RL,10,50,2,1,100,11693.572209775923
Random,10,50,2,2,1,inf
Random,10,50,2,2,2,inf
Random,10,50,2,2,3,inf
Random,10,50,2,2,4,inf
Random,10,50,2,2,5,inf
Random,10,50,2,2,6,inf
Random,10,50,2,2,7,inf
Random,10,50,2,2,8,inf
Random,10,50,2,2,9,inf
Random,10,50,2,2,10,inf
Random,10,50,2,2,11,inf
Random,10,50,2,2,12,inf
Random,10,50,2,2,13,inf
Random,10,50,2,2,14,inf
Random,10,50,2,2,15,11917.046850709568
Random,10,50,2,2,16,11917.046850709568
Random,10,50,2,2,17,11917.046850709568
Random,10,50,2,2,18,11917.046850709568
Random,10,50,2,2,19,11917.046850709568
Random,10,50,2,2,20,11917.046850709568
Random,10,50,2,2,21,11917.046850709568
Random,10,50,2,2,22,11917.046850709568
Random,10,50,2,2,23,11917.046850709568
Random,10,50,2,2,24,11917.046850709568
Random,10,50,2,2,25,11917.046850709568
Random,10,50,2,2,26,11917.046850709568
Random,10,50,2,2,27,11917.046850709568
Random,10,50,2,2,28,11917.046850709568
Random,10,50,2,2,29,11917.046850709568
Random,10,50,2,2,30,11917.046850709568
Random,10,50,2,2,31,11917.046850709568
Random,10,50,2,2,32,11917.046850709568
Random,10,50,2,2,33,11917.046850709568
Random,10,50,2,2,34,11917.046850709568
Random,10,50,2,2,35,11917.046850709568
Random,10,50,2,2,36,11917.046850709568
Random,10,50,2,2,37,11917.046850709568
Random,10,50,2,2,38,11917.046850709568
Random,10,50,2,2,39,11917.046850709568
Random,10,50,2,2,40,11917.046850709568
Random,10,50,2,2,41,11917.046850709568
Random,10,50,2,2,42,11917.046850709568
Random,10,50,2,2,43,11917.046850709568
Random,10,50,2,2,44,11917.046850709568
Random,10,50,2,2,45,11917.046850709568
Random,10,50,2,2,46,11917.046850709568
Random,10,50,2,2,47,11917.046850709568
Random,10,50,2,2,48,11917.046850709568
Random,10,50,2,2,49,11917.046850709568
Random,10,50,2,2,50,11917.046850709568
Random,10,50,2,2,51,11917.046850709568
Random,10,50,2,2,52,11917.046850709568
Random,10,50,2,2,53,11532.948796424118
Random,10,50,2,2,54,11532.948796424118
Random,10,50,2,2,55,11532.948796424118
Random,10,50,2,2,56,11532.948796424118
Random,10,50,2,2,57,11532.948796424118
Random,10,50,2,2,58,11532.948796424118
Random,10,50,2,2,59,11532.948796424118
Random,10,50,2,2,60,11532.948796424118
Random,10,50,2,2,61,11532.948796424118
Random,10,50,2,2,62,11532.948796424118
Random,10,50,2,2,63,11532.948796424118
Random,10,50,2,2,64,11532.948796424118
Random,10,50,2,2,65,11532.948796424118
Random,10,50,2,2,66,11532.948796424118
Random,10,50,2,2,67,11532.948796424118
Random,10,50,2,2,68,11532.948796424118
Random,10,50,2,2,69,11532.948796424118
Random,10,50,2,2,70,11532.948796424118
Random,10,50,2,2,71,11532.948796424118
Random,10,50,2,2,72,11532.948796424118
Random,10,50,2,2,73,11532.948796424118
Random,10,50,2,2,74,11532.948796424118
Random,10,50,2,2,75,11532.948796424118
Random,10,50,2,2,76,11532.948796424118
Random,10,50,2,2,77,11532.948796424118
Random,10,50,2,2,78,11532.948796424118
Random,10,50,2,2,79,11532.948796424118
Random,10,50,2,2,80,11532.948796424118
Random,10,50,2,2,81,11532.948796424118
Random,10,50,2,2,82,11532.948796424118
Random,10,50,2,2,83,11532.948796424118
Random,10,50,2,2,84,11532.948796424118
Random,10,50,2,2,85,11532.948796424118
Random,10,50,2,2,86,11532.948796424118
Random,10,50,2,2,87,11532.948796424118
Random,10,50,2,2,88,11334.382734012928
Random,10,50,2,2,89,11334.382734012928
Random,10,50,2,2,90,11334.382734012928
Random,10,50,2,2,91,11334.382734012928
Random,10,50,2,2,92,11334.382734012928
Random,10,50,2,2,93,11334.382734012928
Random,10,50,2,2,94,11334.382734012928
Random,10,50,2,2,95,11334.382734012928
Random,10,50,2,2,96,11334.382734012928
Random,10,50,2,2,97,11334.382734012928
Random,10,50,2,2,98,11334.382734012928
Random,10,50,2,2,99,11334.382734012928
Random,10,50,2,2,100,11334.382734012928
qLogEI,10,50,2,2,1,inf
qLogEI,10,50,2,2,2,inf
qLogEI,10,50,2,2,3,inf
qLogEI,10,50,2,2,4,inf
qLogEI,10,50,2,2,5,inf
qLogEI,10,50,2,2,6,inf
qLogEI,10,50,2,2,7,inf
qLogEI,10,50,2,2,8,inf
qLogEI,10,50,2,2,9,inf
qLogEI,10,50,2,2,10,inf
qLogEI,10,50,2,2,11,inf
qLogEI,10,50,2,2,12,inf
qLogEI,10,50,2,2,13,inf
qLogEI,10,50,2,2,14,inf
qLogEI,10,50,2,2,15,11917.046850709568
qLogEI,10,50,2,2,16,11917.046850709568
qLogEI,10,50,2,2,17,11917.046850709568
qLogEI,10,50,2,2,18,11917.046850709568
qLogEI,10,50,2,2,19,11917.046850709568
qLogEI,10,50,2,2,20,11917.046850709568
qLogEI,10,50,2,2,21,11917.046850709568
qLogEI,10,50,2,2,22,11917.046850709568
qLogEI,10,50,2,2,23,11917.046850709568
qLogEI,10,50,2,2,24,11917.046850709568
qLogEI,10,50,2,2,25,11917.046850709568
qLogEI,10,50,2,2,26,11283.252755051533
qLogEI,10,50,2,2,27,11283.252755051533
qLogEI,10,50,2,2,28,11283.252755051533
qLogEI,10,50,2,2,29,11283.252755051533
qLogEI,10,50,2,2,30,11283.252755051533
qLogEI,10,50,2,2,31,11283.252755051533
qLogEI,10,50,2,2,32,11283.252755051533
qLogEI,10,50,2,2,33,11283.252755051533
qLogEI,10,50,2,2,34,11283.252755051533
qLogEI,10,50,2,2,35,11283.252755051533
qLogEI,10,50,2,2,36,11283.252755051533
qLogEI,10,50,2,2,37,11283.252755051533
qLogEI,10,50,2,2,38,11283.252755051533
qLogEI,10,50,2,2,39,11283.252755051533
qLogEI,10,50,2,2,40,11283.252755051533
qLogEI,10,50,2,2,41,11283.252755051533
qLogEI,10,50,2,2,42,11283.252755051533
qLogEI,10,50,2,2,43,11283.252755051533
qLogEI,10,50,2,2,44,11283.252755051533
qLogEI,10,50,2,2,45,11283.252755051533
qLogEI,10,50,2,2,46,11283.252755051533
qLogEI,10,50,2,2,47,11283.252755051533
qLogEI,10,50,2,2,48,11283.252755051533
qLogEI,10,50,2,2,49,11283.252755051533
qLogEI,10,50,2,2,50,11283.252755051533
qLogEI,10,50,2,2,51,11283.252755051533
qLogEI,10,50,2,2,52,11283.252755051533
qLogEI,10,50,2,2,53,11283.252755051533
qLogEI,10,50,2,2,54,11283.252755051533
qLogEI,10,50,2,2,55,11283.252755051533
qLogEI,10,50,2,2,56,11283.252755051533
qLogEI,10,50,2,2,57,11283.252755051533
qLogEI,10,50,2,2,58,11283.252755051533
qLogEI,10,50,2,2,59,11283.252755051533
qLogEI,10,50,2,2,60,11283.252755051533
qLogEI,10,50,2,2,61,10858.817875655559
qLogEI,10,50,2,2,62,10858.817875655559
qLogEI,10,50,2,2,63,10858.817875655559
qLogEI,10,50,2,2,64,10858.817875655559
qLogEI,10,50,2,2,65,10858.817875655559
qLogEI,10,50,2,2,66,10858.817875655559
qLogEI,10,50,2,2,67,10858.817875655559
qLogEI,10,50,2,2,68,10858.817875655559
qLogEI,10,50,2,2,69,10553.82302141656
qLogEI,10,50,2,2,70,10553.82302141656
qLogEI,10,50,2,2,71,10553.82302141656
qLogEI,10,50,2,2,72,10553.82302141656
qLogEI,10,50,2,2,73,10553.82302141656
qLogEI,10,50,2,2,74,10553.82302141656
qLogEI,10,50,2,2,75,10553.82302141656
qLogEI,10,50,2,2,76,10553.82302141656
qLogEI,10,50,2,2,77,10349.023681009272
qLogEI,10,50,2,2,78,10349.023681009272
qLogEI,10,50,2,2,79,10349.023681009272
qLogEI,10,50,2,2,80,10349.023681009272
qLogEI,10,50,2,2,81,10349.023681009272
qLogEI,10,50,2,2,82,10349.023681009272
qLogEI,10,50,2,2,83,10349.023681009272
qLogEI,10,50,2,2,84,10349.023681009272
qLogEI,10,50,2,2,85,10349.023681009272
qLogEI,10,50,2,2,86,10349.023681009272
qLogEI,10,50,2,2,87,10349.023681009272
qLogEI,10,50,2,2,88,10349.023681009272
qLogEI,10,50,2,2,89,10349.023681009272
qLogEI,10,50,2,2,90,10349.023681009272
qLogEI,10,50,2,2,91,10349.023681009272
qLogEI,10,50,2,2,92,10349.023681009272
qLogEI,10,50,2,2,93,10349.023681009272
qLogEI,10,50,2,2,94,10349.023681009272
qLogEI,10,50,2,2,95,10349.023681009272
qLogEI,10,50,2,2,96,10349.023681009272
qLogEI,10,50,2,2,97,10349.023681009272
qLogEI,10,50,2,2,98,10349.023681009272
qLogEI,10,50,2,2,99,10349.023681009272
qLogEI,10,50,2,2,100,10349.023681009272
RL,10,50,2,2,1,inf
RL,10,50,2,2,2,inf
RL,10,50,2,2,3,inf
RL,10,50,2,2,4,inf
RL,10,50,2,2,5,inf
RL,10,50,2,2,6,inf
RL,10,50,2,2,7,inf
RL,10,50,2,2,8,inf
RL,10,50,2,2,9,inf
RL,10,50,2,2,10,inf
RL,10,50,2,2,11,inf
RL,10,50,2,2,12,inf
RL,10,50,2,2,13,inf
RL,10,50,2,2,14,inf
RL,10,50,2,2,15,11917.046850709568
RL,10,50,2,2,16,11917.046850709568
RL,10,50,2,2,17,11917.046850709568
RL,10,50,2,2,18,11917.046850709568
RL,10,50,2,2,19,11917.046850709568
RL,10,50,2,2,20,11917.046850709568
RL,10,50,2,2,21,11917.046850709568
RL,10,50,2,2,22,11917.046850709568
RL,10,50,2,2,23,11917.046850709568
RL,10,50,2,2,24,11917.046850709568
RL,10,50,2,2,25,11917.046850709568
RL,10,50,2,2,26,11917.046850709568
RL,10,50,2,2,27,11917.046850709568
RL,10,50,2,2,28,11917.046850709568
RL,10,50,2,2,29,11917.046850709568
RL,10,50,2,2,30,11917.046850709568
RL,10,50,2,2,31,11917.046850709568
RL,10,50,2,2,32,11917.046850709568
RL,10,50,2,2,33,11917.046850709568
RL,10,50,2,2,34,11917.046850709568
RL,10,50,2,2,35,11917.046850709568
RL,10,50,2,2,36,11917.046850709568
RL,10,50,2,2,37,11917.046850709568
RL,10,50,2,2,38,11917.046850709568
RL,10,50,2,2,39,11917.046850709568
RL,10,50,2,2,40,11917.046850709568
RL,10,50,2,2,41,11917.046850709568
RL,10,50,2,2,42,11917.046850709568
RL,10,50,2,2,43,11917.046850709568
RL,10,50,2,2,44,11917.046850709568
RL,10,50,2,2,45,11917.046850709568
RL,10,50,2,2,46,11917.046850709568
RL,10,50,2,2,47,11917.046850709568
RL,10,50,2,2,48,11917.046850709568
RL,10,50,2,2,49,11917.046850709568
RL,10,50,2,2,50,11917.046850709568
RL,10,50,2,2,51,11917.046850709568
RL,10,50,2,2,52,11917.046850709568
RL,10,50,2,2,53,11917.046850709568
RL,10,50,2,2,54,11917.046850709568
RL,10,50,2,2,55,11917.046850709568
RL,10,50,2,2,56,11917.046850709568
RL,10,50,2,2,57,11917.046850709568
RL,10,50,2,2,58,11917.046850709568
RL,10,50,2,2,59,11917.046850709568
RL,10,50,2,2,60,11917.046850709568
RL,10,50,2,2,61,11917.046850709568
RL,10,50,2,2,62,11917.046850709568
RL,10,50,2,2,63,11917.046850709568
RL,10,50,2,2,64,11917.046850709568
RL,10,50,2,2,65,11917.046850709568
RL,10,50,2,2,66,11917.046850709568
RL,10,50,2,2,67,11917.046850709568
RL,10,50,2,2,68,11917.046850709568
RL,10,50,2,2,69,11917.046850709568
RL,10,50,2,2,70,11917.046850709568
RL,10,50,2,2,71,11917.046850709568
RL,10,50,2,2,72,11917.046850709568
RL,10,50,2,2,73,11917.046850709568
RL,10,50,2,2,74,11917.046850709568
RL,10,50,2,2,75,11917.046850709568
RL,10,50,2,2,76,11917.046850709568
RL,10,50,2,2,77,11917.046850709568
RL,10,50,2,2,78,11917.046850709568
RL,10,50,2,2,79,11917.046850709568
RL,10,50,2,2,80,11917.046850709568
RL,10,50,2,2,81,11917.046850709568
RL,10,50,2,2,82,11917.046850709568
RL,10,50,2,2,83,11917.046850709568
RL,10,50,2,2,84,11917.046850709568
RL,10,50,2,2,85,11917.046850709568
RL,10,50,2,2,86,11917.046850709568
RL,10,50,2,2,87,11917.046850709568
RL,10,50,2,2,88,11917.046850709568
RL,10,50,2,2,89,11917.046850709568
RL,10,50,2,2,90,11917.046850709568
RL,10,50,2,2,91,11917.046850709568
RL,10,50,2,2,92,11917.046850709568
RL,10,50,2,2,93,11917.046850709568
RL,10,50,2,2,94,11917.046850709568
RL,10,50,2,2,95,11917.046850709568
RL,10,50,2,2,96,11917.046850709568
RL,10,50,2,2,97,11917.046850709568
RL,10,50,2,2,98,11917.046850709568
RL,10,50,2,2,99,11917.046850709568
RL,10,50,2,2,100,11917.046850709568
Random,10,50,2,3,1,inf
Random,10,50,2,3,2,inf
Random,10,50,2,3,3,inf
Random,10,50,2,3,4,inf
Random,10,50,2,3,5,inf
Random,10,50,2,3,6,inf
Random,10,50,2,3,7,inf
Random,10,50,2,3,8,inf
Random,10,50,2,3,9,inf
Random,10,50,2,3,10,inf
Random,10,50,2,3,11,inf
Random,10,50,2,3,12,inf
Random,10,50,2,3,13,inf
Random,10,50,2,3,14,inf
Random,10,50,2,3,15,inf
Random,10,50,2,3,16,inf
Random,10,50,2,3,17,inf
Random,10,50,2,3,18,inf
Random,10,50,2,3,19,inf
Random,10,50,2,3,20,inf
Random,10,50,2,3,21,inf
Random,10,50,2,3,22,inf
Random,10,50,2,3,23,inf
Random,10,50,2,3,24,inf
Random,10,50,2,3,25,inf
Random,10,50,2,3,26,inf
Random,10,50,2,3,27,inf
Random,10,50,2,3,28,12787.11366491195
Random,10,50,2,3,29,12787.11366491195
Random,10,50,2,3,30,12787.11366491195
Random,10,50,2,3,31,12787.11366491195
Random,10,50,2,3,32,12787.11366491195
Random,10,50,2,3,33,12787.11366491195
Random,10,50,2,3,34,12787.11366491195
Random,10,50,2,3,35,12787.11366491195
Random,10,50,2,3,36,12787.11366491195
Random,10,50,2,3,37,12787.11366491195
Random,10,50,2,3,38,12787.11366491195
Random,10,50,2,3,39,12787.11366491195
Random,10,50,2,3,40,12787.11366491195
Random,10,50,2,3,41,12787.11366491195
Random,10,50,2,3,42,12787.11366491195
Random,10,50,2,3,43,12787.11366491195
Random,10,50,2,3,44,12787.11366491195
Random,10,50,2,3,45,12787.11366491195
Random,10,50,2,3,46,12787.11366491195
Random,10,50,2,3,47,12787.11366491195
Random,10,50,2,3,48,12787.11366491195
Random,10,50,2,3,49,12787.11366491195
Random,10,50,2,3,50,12787.11366491195
Random,10,50,2,3,51,12787.11366491195
Random,10,50,2,3,52,12787.11366491195
Random,10,50,2,3,53,12787.11366491195
Random,10,50,2,3,54,12787.11366491195
Random,10,50,2,3,55,12787.11366491195
Random,10,50,2,3,56,12787.11366491195
Random,10,50,2,3,57,12787.11366491195
Random,10,50,2,3,58,12787.11366491195
Random,10,50,2,3,59,12787.11366491195
Random,10,50,2,3,60,12787.11366491195
Random,10,50,2,3,61,12787.11366491195
Random,10,50,2,3,62,12787.11366491195
Random,10,50,2,3,63,12787.11366491195
Random,10,50,2,3,64,12787.11366491195
Random,10,50,2,3,65,12787.11366491195
Random,10,50,2,3,66,12787.11366491195
Random,10,50,2,3,67,12787.11366491195
Random,10,50,2,3,68,12787.11366491195
Random,10,50,2,3,69,12787.11366491195
Random,10,50,2,3,70,12787.11366491195
Random,10,50,2,3,71,12787.11366491195
Random,10,50,2,3,72,12787.11366491195
Random,10,50,2,3,73,12787.11366491195
Random,10,50,2,3,74,12787.11366491195
Random,10,50,2,3,75,12787.11366491195
Random,10,50,2,3,76,12787.11366491195
Random,10,50,2,3,77,12787.11366491195
Random,10,50,2,3,78,12787.11366491195
Random,10,50,2,3,79,12787.11366491195
Random,10,50,2,3,80,12787.11366491195
Random,10,50,2,3,81,12787.11366491195
Random,10,50,2,3,82,12787.11366491195
Random,10,50,2,3,83,12787.11366491195
Random,10,50,2,3,84,12787.11366491195
Random,10,50,2,3,85,12787.11366491195
Random,10,50,2,3,86,12787.11366491195
Random,10,50,2,3,87,12787.11366491195
Random,10,50,2,3,88,12787.11366491195
Random,10,50,2,3,89,12787.11366491195
Random,10,50,2,3,90,12787.11366491195
Random,10,50,2,3,91,12787.11366491195
Random,10,50,2,3,92,12787.11366491195
Random,10,50,2,3,93,12787.11366491195
Random,10,50,2,3,94,12787.11366491195
Random,10,50,2,3,95,12787.11366491195
Random,10,50,2,3,96,12787.11366491195
Random,10,50,2,3,97,12787.11366491195
Random,10,50,2,3,98,12787.11366491195
Random,10,50,2,3,99,12787.11366491195
Random,10,50,2,3,100,12787.11366491195
qLogEI,10,50,2,3,1,inf
qLogEI,10,50,2,3,2,inf
qLogEI,10,50,2,3,3,inf
qLogEI,10,50,2,3,4,inf
qLogEI,10,50,2,3,5,inf
qLogEI,10,50,2,3,6,inf
qLogEI,10,50,2,3,7,inf
qLogEI,10,50,2,3,8,inf
qLogEI,10,50,2,3,9,inf
qLogEI,10,50,2,3,10,inf
qLogEI,10,50,2,3,11,inf
qLogEI,10,50,2,3,12,inf
qLogEI,10,50,2,3,13,inf
qLogEI,10,50,2,3,14,inf
qLogEI,10,50,2,3,15,inf
qLogEI,10,50,2,3,16,inf
qLogEI,10,50,2,3,17,inf
qLogEI,10,50,2,3,18,inf
qLogEI,10,50,2,3,19,inf
qLogEI,10,50,2,3,20,inf
qLogEI,10,50,2,3,21,inf
qLogEI,10,50,2,3,22,inf
qLogEI,10,50,2,3,23,inf
qLogEI,10,50,2,3,24,inf
qLogEI,10,50,2,3,25,inf
qLogEI,10,50,2,3,26,inf
qLogEI,10,50,2,3,27,inf
qLogEI,10,50,2,3,28,inf
qLogEI,10,50,2,3,29,inf
qLogEI,10,50,2,3,30,inf
qLogEI,10,50,2,3,31,inf
qLogEI,10,50,2,3,32,inf
qLogEI,10,50,2,3,33,inf
qLogEI,10,50,2,3,34,inf
qLogEI,10,50,2,3,35,inf
qLogEI,10,50,2,3,36,inf
qLogEI,10,50,2,3,37,inf
qLogEI,10,50,2,3,38,inf
qLogEI,10,50,2,3,39,inf
qLogEI,10,50,2,3,40,inf
qLogEI,10,50,2,3,41,inf
qLogEI,10,50,2,3,42,inf
qLogEI,10,50,2,3,43,inf
qLogEI,10,50,2,3,44,inf
qLogEI,10,50,2,3,45,inf
qLogEI,10,50,2,3,46,inf
qLogEI,10,50,2,3,47,inf
qLogEI,10,50,2,3,48,inf
qLogEI,10,50,2,3,49,inf
qLogEI,10,50,2,3,50,inf
qLogEI,10,50,2,3,51,inf
qLogEI,10,50,2,3,52,inf
qLogEI,10,50,2,3,53,inf
qLogEI,10,50,2,3,54,inf
qLogEI,10,50,2,3,55,inf
qLogEI,10,50,2,3,56,inf
qLogEI,10,50,2,3,57,inf
qLogEI,10,50,2,3,58,inf
qLogEI,10,50,2,3,59,inf
qLogEI,10,50,2,3,60,inf
qLogEI,10,50,2,3,61,inf
qLogEI,10,50,2,3,62,inf
qLogEI,10,50,2,3,63,inf
qLogEI,10,50,2,3,64,inf
qLogEI,10,50,2,3,65,inf
qLogEI,10,50,2,3,66,inf
qLogEI,10,50,2,3,67,inf
qLogEI,10,50,2,3,68,inf
qLogEI,10,50,2,3,69,inf
qLogEI,10,50,2,3,70,inf
qLogEI,10,50,2,3,71,inf
qLogEI,10,50,2,3,72,inf
qLogEI,10,50,2,3,73,inf
qLogEI,10,50,2,3,74,11303.767626451096
qLogEI,10,50,2,3,75,11303.767626451096
qLogEI,10,50,2,3,76,11303.767626451096
qLogEI,10,50,2,3,77,11303.767626451096
qLogEI,10,50,2,3,78,10343.623306603195
qLogEI,10,50,2,3,79,10343.623306603195
qLogEI,10,50,2,3,80,10343.623306603195
qLogEI,10,50,2,3,81,10343.623306603195
qLogEI,10,50,2,3,82,10343.623306603195
qLogEI,10,50,2,3,83,10343.623306603195
qLogEI,10,50,2,3,84,10343.623306603195
qLogEI,10,50,2,3,85,10343.623306603195
qLogEI,10,50,2,3,86,10343.623306603195
qLogEI,10,50,2,3,87,10343.623306603195
qLogEI,10,50,2,3,88,10343.623306603195
qLogEI,10,50,2,3,89,10343.623306603195
qLogEI,10,50,2,3,90,10343.623306603195
qLogEI,10,50,2,3,91,10343.623306603195
qLogEI,10,50,2,3,92,10343.623306603195
qLogEI,10,50,2,3,93,10343.623306603195
qLogEI,10,50,2,3,94,10343.623306603195
qLogEI,10,50,2,3,95,10343.623306603195
qLogEI,10,50,2,3,96,10343.623306603195
qLogEI,10,50,2,3,97,10343.623306603195
qLogEI,10,50,2,3,98,10343.623306603195
qLogEI,10,50,2,3,99,10343.623306603195
qLogEI,10,50,2,3,100,10343.623306603195
RL,10,50,2,3,1,inf
RL,10,50,2,3,2,inf
RL,10,50,2,3,3,inf
RL,10,50,2,3,4,inf
RL,10,50,2,3,5,inf
RL,10,50,2,3,6,inf
RL,10,50,2,3,7,inf
RL,10,50,2,3,8,inf
RL,10,50,2,3,9,inf
RL,10,50,2,3,10,inf
RL,10,50,2,3,11,inf
RL,10,50,2,3,12,inf
RL,10,50,2,3,13,inf
RL,10,50,2,3,14,inf
RL,10,50,2,3,15,inf
RL,10,50,2,3,16,inf
RL,10,50,2,3,17,inf
RL,10,50,2,3,18,inf
RL,10,50,2,3,19,inf
RL,10,50,2,3,20,inf
RL,10,50,2,3,21,inf
RL,10,50,2,3,22,inf
RL,10,50,2,3,23,inf
RL,10,50,2,3,24,inf
RL,10,50,2,3,25,inf
RL,10,50,2,3,26,inf
RL,10,50,2,3,27,inf
RL,10,50,2,3,28,inf
RL,10,50,2,3,29,inf
RL,10,50,2,3,30,inf
RL,10,50,2,3,31,inf
RL,10,50,2,3,32,inf
RL,10,50,2,3,33,inf
RL,10,50,2,3,34,inf
RL,10,50,2,3,35,inf
RL,10,50,2,3,36,inf
RL,10,50,2,3,37,inf
RL,10,50,2,3,38,inf
RL,10,50,2,3,39,inf
RL,10,50,2,3,40,inf
RL,10,50,2,3,41,inf
RL,10,50,2,3,42,inf
RL,10,50,2,3,43,inf
RL,10,50,2,3,44,inf
RL,10,50,2,3,45,inf
RL,10,50,2,3,46,inf
RL,10,50,2,3,47,inf
RL,10,50,2,3,48,inf
RL,10,50,2,3,49,inf
RL,10,50,2,3,50,inf
RL,10,50,2,3,51,inf
RL,10,50,2,3,52,inf
RL,10,50,2,3,53,inf
RL,10,50,2,3,54,inf
RL,10,50,2,3,55,inf
RL,10,50,2,3,56,inf
RL,10,50,2,3,57,inf
RL,10,50,2,3,58,inf
RL,10,50,2,3,59,inf
RL,10,50,2,3,60,inf
RL,10,50,2,3,61,inf
RL,10,50,2,3,62,inf
RL,10,50,2,3,63,inf
RL,10,50,2,3,64,inf
RL,10,50,2,3,65,inf
RL,10,50,2,3,66,inf
RL,10,50,2,3,67,inf
RL,10,50,2,3,68,inf
RL,10,50,2,3,69,inf
RL,10,50,2,3,70,inf
RL,10,50,2,3,71,inf
RL,10,50,2,3,72,inf
RL,10,50,2,3,73,inf
RL,10,50,2,3,74,inf
RL,10,50,2,3,75,inf
RL,10,50,2,3,76,inf
RL,10,50,2,3,77,inf
RL,10,50,2,3,78,inf
RL,10,50,2,3,79,inf
RL,10,50,2,3,80,inf
RL,10,50,2,3,81,inf
RL,10,50,2,3,82,inf
RL,10,50,2,3,83,inf
RL,10,50,2,3,84,inf
RL,10,50,2,3,85,inf
RL,10,50,2,3,86,inf
RL,10,50,2,3,87,inf
RL,10,50,2,3,88,inf
RL,10,50,2,3,89,inf
RL,10,50,2,3,90,inf
RL,10,50,2,3,91,inf
RL,10,50,2,3,92,inf
RL,10,50,2,3,93,inf
RL,10,50,2,3,94,inf
RL,10,50,2,3,95,inf
RL,10,50,2,3,96,inf
RL,10,50,2,3,97,inf
RL,10,50,2,3,98,inf
RL,10,50,2,3,99,inf
RL,10,50,2,3,100,inf
Random,10,50,2,4,1,inf
Random,10,50,2,4,2,inf
Random,10,50,2,4,3,inf
Random,10,50,2,4,4,inf
Random,10,50,2,4,5,inf
Random,10,50,2,4,6,inf
Random,10,50,2,4,7,inf
Random,10,50,2,4,8,inf
Random,10,50,2,4,9,inf
Random,10,50,2,4,10,inf
Random,10,50,2,4,11,inf
Random,10,50,2,4,12,inf
Random,10,50,2,4,13,inf
Random,10,50,2,4,14,inf
Random,10,50,2,4,15,inf
Random,10,50,2,4,16,inf
Random,10,50,2,4,17,inf
Random,10,50,2,4,18,inf
Random,10,50,2,4,19,inf
Random,10,50,2,4,20,inf
Random,10,50,2,4,21,inf
Random,10,50,2,4,22,inf
Random,10,50,2,4,23,inf
Random,10,50,2,4,24,17882.827353985645
Random,10,50,2,4,25,17882.827353985645
Random,10,50,2,4,26,17882.827353985645
Random,10,50,2,4,27,11774.573171940818
Random,10,50,2,4,28,11774.573171940818
Random,10,50,2,4,29,11774.573171940818
Random,10,50,2,4,30,11774.573171940818
Random,10,50,2,4,31,11774.573171940818
Random,10,50,2,4,32,11774.573171940818
Random,10,50,2,4,33,11774.573171940818
Random,10,50,2,4,34,11774.573171940818
Random,10,50,2,4,35,11774.573171940818
Random,10,50,2,4,36,11774.573171940818
Random,10,50,2,4,37,11774.573171940818
Random,10,50,2,4,38,11774.573171940818
Random,10,50,2,4,39,11774.573171940818
Random,10,50,2,4,40,11774.573171940818
Random,10,50,2,4,41,11774.573171940818
Random,10,50,2,4,42,11774.573171940818
Random,10,50,2,4,43,11774.573171940818
Random,10,50,2,4,44,11774.573171940818
Random,10,50,2,4,45,11774.573171940818
Random,10,50,2,4,46,11774.573171940818
Random,10,50,2,4,47,11774.573171940818
Random,10,50,2,4,48,11774.573171940818
Random,10,50,2,4,49,11774.573171940818
Random,10,50,2,4,50,11774.573171940818
Random,10,50,2,4,51,11774.573171940818
Random,10,50,2,4,52,11774.573171940818
Random,10,50,2,4,53,11774.573171940818
Random,10,50,2,4,54,11774.573171940818
Random,10,50,2,4,55,11774.573171940818
Random,10,50,2,4,56,11774.573171940818
Random,10,50,2,4,57,11774.573171940818
Random,10,50,2,4,58,11774.573171940818
Random,10,50,2,4,59,11774.573171940818
Random,10,50,2,4,60,11774.573171940818
Random,10,50,2,4,61,11774.573171940818
Random,10,50,2,4,62,11774.573171940818
Random,10,50,2,4,63,11774.573171940818
Random,10,50,2,4,64,11774.573171940818
Random,10,50,2,4,65,11774.573171940818
Random,10,50,2,4,66,11774.573171940818
Random,10,50,2,4,67,11774.573171940818
Random,10,50,2,4,68,11774.573171940818
Random,10,50,2,4,69,11774.573171940818
Random,10,50,2,4,70,11774.573171940818
Random,10,50,2,4,71,11774.573171940818
Random,10,50,2,4,72,11774.573171940818
Random,10,50,2,4,73,11774.573171940818
Random,10,50,2,4,74,11774.573171940818
Random,10,50,2,4,75,11774.573171940818
Random,10,50,2,4,76,11774.573171940818
Random,10,50,2,4,77,11774.573171940818
Random,10,50,2,4,78,11774.573171940818
Random,10,50,2,4,79,11774.573171940818
Random,10,50,2,4,80,11774.573171940818
Random,10,50,2,4,81,11774.573171940818
Random,10,50,2,4,82,11774.573171940818
Random,10,50,2,4,83,11774.573171940818
Random,10,50,2,4,84,11774.573171940818
Random,10,50,2,4,85,11774.573171940818
Random,10,50,2,4,86,11774.573171940818
Random,10,50,2,4,87,11774.573171940818
Random,10,50,2,4,88,11774.573171940818
Random,10,50,2,4,89,11774.573171940818
Random,10,50,2,4,90,11774.573171940818
Random,10,50,2,4,91,11774.573171940818
Random,10,50,2,4,92,11774.573171940818
Random,10,50,2,4,93,11774.573171940818
Random,10,50,2,4,94,11774.573171940818
Random,10,50,2,4,95,11668.542244977363
Random,10,50,2,4,96,11668.542244977363
Random,10,50,2,4,97,11668.542244977363
Random,10,50,2,4,98,11668.542244977363
Random,10,50,2,4,99,11668.542244977363
Random,10,50,2,4,100,11668.542244977363
qLogEI,10,50,2,4,1,inf
qLogEI,10,50,2,4,2,inf
qLogEI,10,50,2,4,3,inf
qLogEI,10,50,2,4,4,inf
qLogEI,10,50,2,4,5,inf
qLogEI,10,50,2,4,6,inf
qLogEI,10,50,2,4,7,inf
qLogEI,10,50,2,4,8,inf
qLogEI,10,50,2,4,9,inf
qLogEI,10,50,2,4,10,inf
qLogEI,10,50,2,4,11,inf
qLogEI,10,50,2,4,12,inf
qLogEI,10,50,2,4,13,inf
qLogEI,10,50,2,4,14,inf
qLogEI,10,50,2,4,15,inf
qLogEI,10,50,2,4,16,inf
qLogEI,10,50,2,4,17,inf
qLogEI,10,50,2,4,18,inf
qLogEI,10,50,2,4,19,inf
qLogEI,10,50,2,4,20,inf
qLogEI,10,50,2,4,21,inf
qLogEI,10,50,2,4,22,inf
qLogEI,10,50,2,4,23,inf
qLogEI,10,50,2,4,24,inf
qLogEI,10,50,2,4,25,inf
qLogEI,10,50,2,4,26,inf
qLogEI,10,50,2,4,27,inf
qLogEI,10,50,2,4,28,inf
qLogEI,10,50,2,4,29,inf
qLogEI,10,50,2,4,30,inf
qLogEI,10,50,2,4,31,inf
qLogEI,10,50,2,4,32,inf
qLogEI,10,50,2,4,33,inf
qLogEI,10,50,2,4,34,inf
qLogEI,10,50,2,4,35,inf
qLogEI,10,50,2,4,36,inf
qLogEI,10,50,2,4,37,inf
qLogEI,10,50,2,4,38,inf
qLogEI,10,50,2,4,39,inf
qLogEI,10,50,2,4,40,inf
qLogEI,10,50,2,4,41,inf
qLogEI,10,50,2,4,42,inf
qLogEI,10,50,2,4,43,inf
qLogEI,10,50,2,4,44,12229.00299437661
qLogEI,10,50,2,4,45,12229.00299437661
qLogEI,10,50,2,4,46,12229.00299437661
qLogEI,10,50,2,4,47,12229.00299437661
qLogEI,10,50,2,4,48,12229.00299437661
qLogEI,10,50,2,4,49,12229.00299437661
qLogEI,10,50,2,4,50,12008.04033403746
qLogEI,10,50,2,4,51,12008.04033403746
qLogEI,10,50,2,4,52,11937.932502995827
qLogEI,10,50,2,4,53,11402.806294407601
qLogEI,10,50,2,4,54,11402.806294407601
qLogEI,10,50,2,4,55,11402.806294407601
qLogEI,10,50,2,4,56,11402.806294407601
qLogEI,10,50,2,4,57,11395.706313130668
qLogEI,10,50,2,4,58,11395.706313130668
qLogEI,10,50,2,4,59,11395.706313130668
qLogEI,10,50,2,4,60,11395.706313130668
qLogEI,10,50,2,4,61,11395.706313130668
qLogEI,10,50,2,4,62,11395.706313130668
qLogEI,10,50,2,4,63,11395.706313130668
qLogEI,10,50,2,4,64,11395.706313130668
qLogEI,10,50,2,4,65,11395.706313130668
qLogEI,10,50,2,4,66,11355.769593798024
qLogEI,10,50,2,4,67,11355.769593798024
qLogEI,10,50,2,4,68,11355.769593798024
qLogEI,10,50,2,4,69,11355.769593798024
qLogEI,10,50,2,4,70,11355.769593798024
qLogEI,10,50,2,4,71,11355.769593798024
qLogEI,10,50,2,4,72,11355.769593798024
qLogEI,10,50,2,4,73,10488.754116212922
qLogEI,10,50,2,4,74,10488.754116212922
qLogEI,10,50,2,4,75,10488.754116212922
qLogEI,10,50,2,4,76,10488.754116212922
qLogEI,10,50,2,4,77,10488.754116212922
qLogEI,10,50,2,4,78,10488.754116212922
qLogEI,10,50,2,4,79,10488.754116212922
qLogEI,10,50,2,4,80,10488.754116212922
qLogEI,10,50,2,4,81,10488.754116212922
qLogEI,10,50,2,4,82,10488.754116212922
qLogEI,10,50,2,4,83,10488.754116212922
qLogEI,10,50,2,4,84,10488.754116212922
qLogEI,10,50,2,4,85,10488.754116212922
qLogEI,10,50,2,4,86,10488.754116212922
qLogEI,10,50,2,4,87,10488.754116212922
qLogEI,10,50,2,4,88,10488.754116212922
qLogEI,10,50,2,4,89,10488.754116212922
qLogEI,10,50,2,4,90,10488.754116212922
qLogEI,10,50,2,4,91,10488.754116212922
qLogEI,10,50,2,4,92,10488.754116212922
qLogEI,10,50,2,4,93,10488.754116212922
qLogEI,10,50,2,4,94,10488.754116212922
qLogEI,10,50,2,4,95,10488.754116212922
qLogEI,10,50,2,4,96,10488.754116212922
qLogEI,10,50,2,4,97,10488.754116212922
qLogEI,10,50,2,4,98,10488.754116212922
qLogEI,10,50,2,4,99,10488.754116212922
qLogEI,10,50,2,4,100,10488.754116212922
RL,10,50,2,4,1,inf
RL,10,50,2,4,2,inf
RL,10,50,2,4,3,inf
RL,10,50,2,4,4,inf
RL,10,50,2,4,5,inf
RL,10,50,2,4,6,inf
RL,10,50,2,4,7,inf
RL,10,50,2,4,8,inf
RL,10,50,2,4,9,inf
RL,10,50,2,4,10,inf
RL,10,50,2,4,11,inf
RL,10,50,2,4,12,inf
RL,10,50,2,4,13,inf
RL,10,50,2,4,14,inf
RL,10,50,2,4,15,inf
RL,10,50,2,4,16,inf
RL,10,50,2,4,17,inf
RL,10,50,2,4,18,inf
RL,10,50,2,4,19,inf
RL,10,50,2,4,20,inf
RL,10,50,2,4,21,inf
RL,10,50,2,4,22,inf
RL,10,50,2,4,23,inf
RL,10,50,2,4,24,inf
RL,10,50,2,4,25,inf
RL,10,50,2,4,26,inf
RL,10,50,2,4,27,inf
RL,10,50,2,4,28,inf
RL,10,50,2,4,29,inf
RL,10,50,2,4,30,inf
RL,10,50,2,4,31,inf
RL,10,50,2,4,32,inf
RL,10,50,2,4,33,inf
RL,10,50,2,4,34,inf
RL,10,50,2,4,35,inf
RL,10,50,2,4,36,inf
RL,10,50,2,4,37,inf
RL,10,50,2,4,38,inf
RL,10,50,2,4,39,inf
RL,10,50,2,4,40,inf
RL,10,50,2,4,41,inf
RL,10,50,2,4,42,inf
RL,10,50,2,4,43,inf
RL,10,50,2,4,44,inf
RL,10,50,2,4,45,inf
RL,10,50,2,4,46,inf
RL,10,50,2,4,47,inf
RL,10,50,2,4,48,inf
RL,10,50,2,4,49,inf
RL,10,50,2,4,50,inf
RL,10,50,2,4,51,inf
RL,10,50,2,4,52,inf
RL,10,50,2,4,53,inf
RL,10,50,2,4,54,inf
RL,10,50,2,4,55,inf
RL,10,50,2,4,56,inf
RL,10,50,2,4,57,inf
RL,10,50,2,4,58,inf
RL,10,50,2,4,59,inf
RL,10,50,2,4,60,inf
RL,10,50,2,4,61,inf
RL,10,50,2,4,62,inf
RL,10,50,2,4,63,inf
RL,10,50,2,4,64,inf
RL,10,50,2,4,65,inf
RL,10,50,2,4,66,inf
RL,10,50,2,4,67,inf
RL,10,50,2,4,68,inf
RL,10,50,2,4,69,inf
RL,10,50,2,4,70,inf
RL,10,50,2,4,71,inf
RL,10,50,2,4,72,inf
RL,10,50,2,4,73,inf
RL,10,50,2,4,74,inf
RL,10,50,2,4,75,inf
RL,10,50,2,4,76,inf
RL,10,50,2,4,77,inf
RL,10,50,2,4,78,inf
RL,10,50,2,4,79,inf
RL,10,50,2,4,80,inf
RL,10,50,2,4,81,inf
RL,10,50,2,4,82,inf
RL,10,50,2,4,83,inf
RL,10,50,2,4,84,inf
RL,10,50,2,4,85,inf
RL,10,50,2,4,86,inf
RL,10,50,2,4,87,inf
RL,10,50,2,4,88,inf
RL,10,50,2,4,89,inf
RL,10,50,2,4,90,inf
RL,10,50,2,4,91,inf
RL,10,50,2,4,92,inf
RL,10,50,2,4,93,inf
RL,10,50,2,4,94,inf
RL,10,50,2,4,95,inf
RL,10,50,2,4,96,inf
RL,10,50,2,4,97,inf
RL,10,50,2,4,98,inf
RL,10,50,2,4,99,inf
RL,10,50,2,4,100,inf
Random,10,50,3,0,1,inf
Random,10,50,3,0,2,inf
Random,10,50,3,0,3,3457.875322949512
Random,10,50,3,0,4,3457.875322949512
Random,10,50,3,0,5,3457.875322949512
Random,10,50,3,0,6,3457.875322949512
Random,10,50,3,0,7,3457.875322949512
Random,10,50,3,0,8,3457.875322949512
Random,10,50,3,0,9,3457.875322949512
Random,10,50,3,0,10,3457.875322949512
Random,10,50,3,0,11,3457.875322949512
Random,10,50,3,0,12,3457.875322949512
Random,10,50,3,0,13,3457.875322949512
Random,10,50,3,0,14,3457.875322949512
Random,10,50,3,0,15,3457.875322949512
Random,10,50,3,0,16,3457.875322949512
Random,10,50,3,0,17,3457.875322949512
Random,10,50,3,0,18,3457.875322949512
Random,10,50,3,0,19,3457.875322949512
Random,10,50,3,0,20,3457.875322949512
Random,10,50,3,0,21,3457.875322949512
Random,10,50,3,0,22,3457.875322949512
Random,10,50,3,0,23,3457.875322949512
Random,10,50,3,0,24,3457.875322949512
Random,10,50,3,0,25,3457.875322949512
Random,10,50,3,0,26,3457.875322949512
Random,10,50,3,0,27,3457.875322949512
Random,10,50,3,0,28,3457.875322949512
Random,10,50,3,0,29,3457.875322949512
Random,10,50,3,0,30,3457.875322949512
Random,10,50,3,0,31,3457.875322949512
Random,10,50,3,0,32,3457.875322949512
Random,10,50,3,0,33,3457.875322949512
Random,10,50,3,0,34,3457.875322949512
Random,10,50,3,0,35,3457.875322949512
Random,10,50,3,0,36,3457.875322949512
Random,10,50,3,0,37,3457.875322949512
Random,10,50,3,0,38,3457.875322949512
Random,10,50,3,0,39,3457.875322949512
Random,10,50,3,0,40,3457.875322949512
Random,10,50,3,0,41,3457.875322949512
Random,10,50,3,0,42,3457.875322949512
Random,10,50,3,0,43,3457.875322949512
Random,10,50,3,0,44,3457.875322949512
Random,10,50,3,0,45,3457.875322949512
Random,10,50,3,0,46,2980.6779153187563
Random,10,50,3,0,47,2980.6779153187563
Random,10,50,3,0,48,2980.6779153187563
Random,10,50,3,0,49,2980.6779153187563
Random,10,50,3,0,50,2980.6779153187563
Random,10,50,3,0,51,2980.6779153187563
Random,10,50,3,0,52,2980.6779153187563
Random,10,50,3,0,53,2980.6779153187563
Random,10,50,3,0,54,2980.6779153187563
Random,10,50,3,0,55,2980.6779153187563
Random,10,50,3,0,56,2980.6779153187563
Random,10,50,3,0,57,2980.6779153187563
Random,10,50,3,0,58,2980.6779153187563
Random,10,50,3,0,59,2980.6779153187563
Random,10,50,3,0,60,2980.6779153187563
Random,10,50,3,0,61,2980.6779153187563
Random,10,50,3,0,62,2980.6779153187563
Random,10,50,3,0,63,2980.6779153187563
Random,10,50,3,0,64,2980.6779153187563
Random,10,50,3,0,65,2980.6779153187563
Random,10,50,3,0,66,2980.6779153187563
Random,10,50,3,0,67,2980.6779153187563
Random,10,50,3,0,68,2980.6779153187563
Random,10,50,3,0,69,2980.6779153187563
Random,10,50,3,0,70,2980.6779153187563
Random,10,50,3,0,71,2980.6779153187563
Random,10,50,3,0,72,2980.6779153187563
Random,10,50,3,0,73,2980.6779153187563
Random,10,50,3,0,74,2980.6779153187563
Random,10,50,3,0,75,2980.6779153187563
Random,10,50,3,0,76,2980.6779153187563
Random,10,50,3,0,77,2980.6779153187563
Random,10,50,3,0,78,2980.6779153187563
Random,10,50,3,0,79,2980.6779153187563
Random,10,50,3,0,80,2980.6779153187563
Random,10,50,3,0,81,2980.6779153187563
Random,10,50,3,0,82,2980.6779153187563
Random,10,50,3,0,83,2980.6779153187563
Random,10,50,3,0,84,2980.6779153187563
Random,10,50,3,0,85,2980.6779153187563
Random,10,50,3,0,86,2980.6779153187563
Random,10,50,3,0,87,2452.9510426587276
Random,10,50,3,0,88,2452.9510426587276
Random,10,50,3,0,89,2452.9510426587276
Random,10,50,3,0,90,2452.9510426587276
Random,10,50,3,0,91,2452.9510426587276
Random,10,50,3,0,92,2452.9510426587276
Random,10,50,3,0,93,2452.9510426587276
Random,10,50,3,0,94,2452.9510426587276
Random,10,50,3,0,95,2452.9510426587276
Random,10,50,3,0,96,2452.9510426587276
Random,10,50,3,0,97,2452.9510426587276
Random,10,50,3,0,98,2452.9510426587276
Random,10,50,3,0,99,2452.9510426587276
Random,10,50,3,0,100,2452.9510426587276
qLogEI,10,50,3,0,1,inf
qLogEI,10,50,3,0,2,inf
qLogEI,10,50,3,0,3,3457.875322949512
qLogEI,10,50,3,0,4,3457.875322949512
qLogEI,10,50,3,0,5,3457.875322949512
qLogEI,10,50,3,0,6,3457.875322949512
qLogEI,10,50,3,0,7,3457.875322949512
qLogEI,10,50,3,0,8,3457.875322949512
qLogEI,10,50,3,0,9,3457.875322949512
qLogEI,10,50,3,0,10,3457.875322949512
qLogEI,10,50,3,0,11,3457.875322949512
qLogEI,10,50,3,0,12,3457.875322949512
qLogEI,10,50,3,0,13,3457.875322949512
qLogEI,10,50,3,0,14,3457.875322949512
qLogEI,10,50,3,0,15,3457.875322949512
qLogEI,10,50,3,0,16,3457.875322949512
qLogEI,10,50,3,0,17,3457.875322949512
qLogEI,10,50,3,0,18,3457.875322949512
qLogEI,10,50,3,0,19,3457.875322949512
qLogEI,10,50,3,0,20,3457.875322949512
qLogEI,10,50,3,0,21,3273.807662179836
qLogEI,10,50,3,0,22,3273.807662179836
qLogEI,10,50,3,0,23,3273.807662179836
qLogEI,10,50,3,0,24,3273.807662179836
qLogEI,10,50,3,0,25,3273.807662179836
qLogEI,10,50,3,0,26,3273.807662179836
qLogEI,10,50,3,0,27,3089.516025913087
qLogEI,10,50,3,0,28,3089.516025913087
qLogEI,10,50,3,0,29,3089.516025913087
qLogEI,10,50,3,0,30,3089.516025913087
qLogEI,10,50,3,0,31,3089.516025913087
qLogEI,10,50,3,0,32,3089.516025913087
qLogEI,10,50,3,0,33,3089.516025913087
qLogEI,10,50,3,0,34,3089.516025913087
qLogEI,10,50,3,0,35,3089.516025913087
qLogEI,10,50,3,0,36,3089.516025913087
qLogEI,10,50,3,0,37,3089.516025913087
qLogEI,10,50,3,0,38,3089.516025913087
qLogEI,10,50,3,0,39,3089.516025913087
qLogEI,10,50,3,0,40,3089.516025913087
qLogEI,10,50,3,0,41,1962.1441291228405
qLogEI,10,50,3,0,42,1962.1441291228405
qLogEI,10,50,3,0,43,1962.1441291228405
qLogEI,10,50,3,0,44,1962.1441291228405
qLogEI,10,50,3,0,45,1962.1441291228405
qLogEI,10,50,3,0,46,1962.1441291228405
qLogEI,10,50,3,0,47,1962.1441291228405
qLogEI,10,50,3,0,48,1962.1441291228405
qLogEI,10,50,3,0,49,1962.1441291228405
qLogEI,10,50,3,0,50,1962.1441291228405
qLogEI,10,50,3,0,51,1962.1441291228405
qLogEI,10,50,3,0,52,1962.1441291228405
qLogEI,10,50,3,0,53,1962.1441291228405
qLogEI,10,50,3,0,54,1511.2433980300693
qLogEI,10,50,3,0,55,1511.2433980300693
qLogEI,10,50,3,0,56,1511.2433980300693
qLogEI,10,50,3,0,57,1511.2433980300693
qLogEI,10,50,3,0,58,1511.2433980300693
qLogEI,10,50,3,0,59,1511.2433980300693
qLogEI,10,50,3,0,60,1511.2433980300693
qLogEI,10,50,3,0,61,1511.2433980300693
qLogEI,10,50,3,0,62,1511.2433980300693
qLogEI,10,50,3,0,63,1511.2433980300693
qLogEI,10,50,3,0,64,1511.2433980300693
qLogEI,10,50,3,0,65,1511.2433980300693
qLogEI,10,50,3,0,66,1511.2433980300693
qLogEI,10,50,3,0,67,1511.2433980300693
qLogEI,10,50,3,0,68,1511.2433980300693
qLogEI,10,50,3,0,69,1511.2433980300693
qLogEI,10,50,3,0,70,1511.2433980300693
qLogEI,10,50,3,0,71,1511.2433980300693
qLogEI,10,50,3,0,72,1511.2433980300693
qLogEI,10,50,3,0,73,1511.2433980300693
qLogEI,10,50,3,0,74,1511.2433980300693
qLogEI,10,50,3,0,75,1511.2433980300693
qLogEI,10,50,3,0,76,1511.2433980300693
qLogEI,10,50,3,0,77,1511.2433980300693
qLogEI,10,50,3,0,78,1511.2433980300693
qLogEI,10,50,3,0,79,1511.2433980300693
qLogEI,10,50,3,0,80,1511.2433980300693
qLogEI,10,50,3,0,81,1511.2433980300693
qLogEI,10,50,3,0,82,1511.2433980300693
qLogEI,10,50,3,0,83,1511.2433980300693
qLogEI,10,50,3,0,84,1511.2433980300693
qLogEI,10,50,3,0,85,1511.2433980300693
qLogEI,10,50,3,0,86,1511.2433980300693
qLogEI,10,50,3,0,87,1511.2433980300693
qLogEI,10,50,3,0,88,1511.2433980300693
qLogEI,10,50,3,0,89,1511.2433980300693
qLogEI,10,50,3,0,90,1511.2433980300693
qLogEI,10,50,3,0,91,1511.2433980300693
qLogEI,10,50,3,0,92,1511.2433980300693
qLogEI,10,50,3,0,93,1511.2433980300693
qLogEI,10,50,3,0,94,1511.2433980300693
qLogEI,10,50,3,0,95,1511.2433980300693
qLogEI,10,50,3,0,96,1511.2433980300693
qLogEI,10,50,3,0,97,1511.2433980300693
qLogEI,10,50,3,0,98,1511.2433980300693
qLogEI,10,50,3,0,99,1511.2433980300693
qLogEI,10,50,3,0,100,1511.2433980300693
RL,10,50,3,0,1,inf
RL,10,50,3,0,2,inf
RL,10,50,3,0,3,3457.875322949512
RL,10,50,3,0,4,3457.875322949512
RL,10,50,3,0,5,3457.875322949512
RL,10,50,3,0,6,3457.875322949512
RL,10,50,3,0,7,3457.875322949512
RL,10,50,3,0,8,3457.875322949512
RL,10,50,3,0,9,3457.875322949512
RL,10,50,3,0,10,3457.875322949512
RL,10,50,3,0,11,3457.875322949512
RL,10,50,3,0,12,3457.875322949512
RL,10,50,3,0,13,3457.875322949512
RL,10,50,3,0,14,3457.875322949512
RL,10,50,3,0,15,3457.875322949512
RL,10,50,3,0,16,3457.875322949512
RL,10,50,3,0,17,3457.875322949512
RL,10,50,3,0,18,3457.875322949512
RL,10,50,3,0,19,3457.875322949512
RL,10,50,3,0,20,3457.875322949512
RL,10,50,3,0,21,3457.875322949512
RL,10,50,3,0,22,3457.875322949512
RL,10,50,3,0,23,3457.875322949512
RL,10,50,3,0,24,3457.875322949512
RL,10,50,3,0,25,3457.875322949512
RL,10,50,3,0,26,3457.875322949512
RL,10,50,3,0,27,3457.875322949512
RL,10,50,3,0,28,3457.875322949512
RL,10,50,3,0,29,3457.875322949512
RL,10,50,3,0,30,3457.875322949512
RL,10,50,3,0,31,3457.875322949512
RL,10,50,3,0,32,3457.875322949512
RL,10,50,3,0,33,3457.875322949512
RL,10,50,3,0,34,3457.875322949512
RL,10,50,3,0,35,3457.875322949512
RL,10,50,3,0,36,3457.875322949512
RL,10,50,3,0,37,3457.875322949512
RL,10,50,3,0,38,3457.875322949512
RL,10,50,3,0,39,3457.875322949512
RL,10,50,3,0,40,3457.875322949512
RL,10,50,3,0,41,3457.875322949512
RL,10,50,3,0,42,3457.875322949512
RL,10,50,3,0,43,3457.875322949512
RL,10,50,3,0,44,3457.875322949512
RL,10,50,3,0,45,3457.875322949512
RL,10,50,3,0,46,3457.875322949512
RL,10,50,3,0,47,3457.875322949512
RL,10,50,3,0,48,3457.875322949512
RL,10,50,3,0,49,3457.875322949512
RL,10,50,3,0,50,3457.875322949512
RL,10,50,3,0,51,3457.875322949512
RL,10,50,3,0,52,3457.875322949512
RL,10,50,3,0,53,3457.875322949512
RL,10,50,3,0,54,3457.875322949512
RL,10,50,3,0,55,3457.875322949512
RL,10,50,3,0,56,3457.875322949512
RL,10,50,3,0,57,3457.875322949512
RL,10,50,3,0,58,3457.875322949512
RL,10,50,3,0,59,3457.875322949512
RL,10,50,3,0,60,3457.875322949512
RL,10,50,3,0,61,3457.875322949512
RL,10,50,3,0,62,3457.875322949512
RL,10,50,3,0,63,3457.875322949512
RL,10,50,3,0,64,3457.875322949512
RL,10,50,3,0,65,3457.875322949512
RL,10,50,3,0,66,3457.875322949512
RL,10,50,3,0,67,3457.875322949512
RL,10,50,3,0,68,3457.875322949512
RL,10,50,3,0,69,3457.875322949512
RL,10,50,3,0,70,3457.875322949512
RL,10,50,3,0,71,3457.875322949512
RL,10,50,3,0,72,3457.875322949512
RL,10,50,3,0,73,3457.875322949512
RL,10,50,3,0,74,3457.875322949512
RL,10,50,3,0,75,3457.875322949512
RL,10,50,3,0,76,3457.875322949512
RL,10,50,3,0,77,3457.875322949512
RL,10,50,3,0,78,3457.875322949512
RL,10,50,3,0,79,3457.875322949512
RL,10,50,3,0,80,3457.875322949512
RL,10,50,3,0,81,3457.875322949512
RL,10,50,3,0,82,3457.875322949512
RL,10,50,3,0,83,3457.875322949512
RL,10,50,3,0,84,3457.875322949512
RL,10,50,3,0,85,3457.875322949512
RL,10,50,3,0,86,3457.875322949512
RL,10,50,3,0,87,3457.875322949512
RL,10,50,3,0,88,3457.875322949512
RL,10,50,3,0,89,3457.875322949512
RL,10,50,3,0,90,3457.875322949512
RL,10,50,3,0,91,3457.875322949512
RL,10,50,3,0,92,3457.875322949512
RL,10,50,3,0,93,3457.875322949512
RL,10,50,3,0,94,3457.875322949512
RL,10,50,3,0,95,3457.875322949512
RL,10,50,3,0,96,3457.875322949512
RL,10,50,3,0,97,3457.875322949512
RL,10,50,3,0,98,3457.875322949512
RL,10,50,3,0,99,3457.875322949512
RL,10,50,3,0,100,3457.875322949512
Random,10,50,3,1,1,3987.713237416324
Random,10,50,3,1,2,3987.713237416324
Random,10,50,3,1,3,3987.713237416324
Random,10,50,3,1,4,3987.713237416324
Random,10,50,3,1,5,3987.713237416324
Random,10,50,3,1,6,3987.713237416324
Random,10,50,3,1,7,3987.713237416324
Random,10,50,3,1,8,3987.713237416324
Random,10,50,3,1,9,3987.713237416324
Random,10,50,3,1,10,2898.6838899360428
Random,10,50,3,1,11,2898.6838899360428
Random,10,50,3,1,12,2898.6838899360428
Random,10,50,3,1,13,2898.6838899360428
Random,10,50,3,1,14,2898.6838899360428
Random,10,50,3,1,15,2898.6838899360428
Random,10,50,3,1,16,2898.6838899360428
Random,10,50,3,1,17,2898.6838899360428
Random,10,50,3,1,18,2898.6838899360428
Random,10,50,3,1,19,2898.6838899360428
Random,10,50,3,1,20,2898.6838899360428
Random,10,50,3,1,21,2898.6838899360428
Random,10,50,3,1,22,2898.6838899360428
Random,10,50,3,1,23,2898.6838899360428
Random,10,50,3,1,24,2898.6838899360428
Random,10,50,3,1,25,2898.6838899360428
Random,10,50,3,1,26,2898.6838899360428
Random,10,50,3,1,27,2898.6838899360428
Random,10,50,3,1,28,2898.6838899360428
Random,10,50,3,1,29,2898.6838899360428
Random,10,50,3,1,30,2898.6838899360428
Random,10,50,3,1,31,2898.6838899360428
Random,10,50,3,1,32,2898.6838899360428
Random,10,50,3,1,33,2898.6838899360428
Random,10,50,3,1,34,2898.6838899360428
Random,10,50,3,1,35,2898.6838899360428
Random,10,50,3,1,36,2898.6838899360428
Random,10,50,3,1,37,2898.6838899360428
Random,10,50,3,1,38,2898.6838899360428
Random,10,50,3,1,39,2898.6838899360428
Random,10,50,3,1,40,2898.6838899360428
Random,10,50,3,1,41,2898.6838899360428
Random,10,50,3,1,42,2898.6838899360428
Random,10,50,3,1,43,2898.6838899360428
Random,10,50,3,1,44,2898.6838899360428
Random,10,50,3,1,45,2898.6838899360428
Random,10,50,3,1,46,2898.6838899360428
Random,10,50,3,1,47,2898.6838899360428
Random,10,50,3,1,48,2898.6838899360428
Random,10,50,3,1,49,2898.6838899360428
Random,10,50,3,1,50,2898.6838899360428
Random,10,50,3,1,51,2898.6838899360428
Random,10,50,3,1,52,2898.6838899360428
Random,10,50,3,1,53,2898.6838899360428
Random,10,50,3,1,54,2898.6838899360428
Random,10,50,3,1,55,2898.6838899360428
Random,10,50,3,1,56,2898.6838899360428
Random,10,50,3,1,57,2898.6838899360428
Random,10,50,3,1,58,2898.6838899360428
Random,10,50,3,1,59,2898.6838899360428
Random,10,50,3,1,60,2898.6838899360428
Random,10,50,3,1,61,2898.6838899360428
Random,10,50,3,1,62,2898.6838899360428
Random,10,50,3,1,63,2898.6838899360428
Random,10,50,3,1,64,2898.6838899360428
Random,10,50,3,1,65,2898.6838899360428
Random,10,50,3,1,66,2898.6838899360428
Random,10,50,3,1,67,2898.6838899360428
Random,10,50,3,1,68,2898.6838899360428
Random,10,50,3,1,69,2393.073874521119
Random,10,50,3,1,70,2393.073874521119
Random,10,50,3,1,71,2393.073874521119
Random,10,50,3,1,72,2393.073874521119
Random,10,50,3,1,73,2393.073874521119
Random,10,50,3,1,74,2393.073874521119
Random,10,50,3,1,75,2393.073874521119
Random,10,50,3,1,76,2393.073874521119
Random,10,50,3,1,77,2393.073874521119
Random,10,50,3,1,78,2393.073874521119
Random,10,50,3,1,79,2393.073874521119
Random,10,50,3,1,80,2393.073874521119
Random,10,50,3,1,81,2393.073874521119
Random,10,50,3,1,82,2393.073874521119
Random,10,50,3,1,83,2393.073874521119
Random,10,50,3,1,84,2393.073874521119
Random,10,50,3,1,85,2393.073874521119
Random,10,50,3,1,86,2393.073874521119
Random,10,50,3,1,87,2393.073874521119
Random,10,50,3,1,88,2393.073874521119
Random,10,50,3,1,89,2393.073874521119
Random,10,50,3,1,90,2393.073874521119
Random,10,50,3,1,91,2393.073874521119
Random,10,50,3,1,92,2393.073874521119
Random,10,50,3,1,93,2393.073874521119
Random,10,50,3,1,94,2393.073874521119
Random,10,50,3,1,95,2393.073874521119
Random,10,50,3,1,96,2393.073874521119
Random,10,50,3,1,97,2393.073874521119
Random,10,50,3,1,98,2393.073874521119
Random,10,50,3,1,99,2393.073874521119
Random,10,50,3,1,100,2393.073874521119
qLogEI,10,50,3,1,1,3987.713237416324
qLogEI,10,50,3,1,2,3987.713237416324
qLogEI,10,50,3,1,3,3987.713237416324
qLogEI,10,50,3,1,4,3987.713237416324
qLogEI,10,50,3,1,5,3987.713237416324
qLogEI,10,50,3,1,6,3987.713237416324
qLogEI,10,50,3,1,7,3987.713237416324
qLogEI,10,50,3,1,8,3987.713237416324
qLogEI,10,50,3,1,9,3987.713237416324
qLogEI,10,50,3,1,10,2898.6838899360428
qLogEI,10,50,3,1,11,2898.6838899360428
qLogEI,10,50,3,1,12,2898.6838899360428
qLogEI,10,50,3,1,13,2898.6838899360428
qLogEI,10,50,3,1,14,2898.6838899360428
qLogEI,10,50,3,1,15,2898.6838899360428
qLogEI,10,50,3,1,16,2898.6838899360428
qLogEI,10,50,3,1,17,2898.6838899360428
qLogEI,10,50,3,1,18,2898.6838899360428
qLogEI,10,50,3,1,19,2898.6838899360428
qLogEI,10,50,3,1,20,2898.6838899360428
qLogEI,10,50,3,1,21,2898.6838899360428
qLogEI,10,50,3,1,22,2898.6838899360428
qLogEI,10,50,3,1,23,2898.6838899360428
qLogEI,10,50,3,1,24,2898.6838899360428
qLogEI,10,50,3,1,25,2898.6838899360428
qLogEI,10,50,3,1,26,2898.6838899360428
qLogEI,10,50,3,1,27,2898.6838899360428
qLogEI,10,50,3,1,28,2898.6838899360428
qLogEI,10,50,3,1,29,2898.6838899360428
qLogEI,10,50,3,1,30,2898.6838899360428
qLogEI,10,50,3,1,31,2898.6838899360428
qLogEI,10,50,3,1,32,2169.06525068686
qLogEI,10,50,3,1,33,2169.06525068686
qLogEI,10,50,3,1,34,2169.06525068686
qLogEI,10,50,3,1,35,1946.0695804971983
qLogEI,10,50,3,1,36,1946.0695804971983
qLogEI,10,50,3,1,37,1946.0695804971983
qLogEI,10,50,3,1,38,1820.6905459652057
qLogEI,10,50,3,1,39,1820.6905459652057
qLogEI,10,50,3,1,40,1820.6905459652057
qLogEI,10,50,3,1,41,1820.6905459652057
qLogEI,10,50,3,1,42,1820.6905459652057
qLogEI,10,50,3,1,43,1820.6905459652057
qLogEI,10,50,3,1,44,1820.6905459652057
qLogEI,10,50,3,1,45,1820.6905459652057
qLogEI,10,50,3,1,46,1820.6905459652057
qLogEI,10,50,3,1,47,1820.6905459652057
qLogEI,10,50,3,1,48,1820.6905459652057
qLogEI,10,50,3,1,49,1820.6905459652057
qLogEI,10,50,3,1,50,1820.6905459652057
qLogEI,10,50,3,1,51,1820.6905459652057
qLogEI,10,50,3,1,52,1820.6905459652057
qLogEI,10,50,3,1,53,1820.6905459652057
qLogEI,10,50,3,1,54,1820.6905459652057
qLogEI,10,50,3,1,55,1820.6905459652057
qLogEI,10,50,3,1,56,1820.6905459652057
qLogEI,10,50,3,1,57,1820.6905459652057
qLogEI,10,50,3,1,58,1820.6905459652057
qLogEI,10,50,3,1,59,1820.6905459652057
qLogEI,10,50,3,1,60,1820.6905459652057
qLogEI,10,50,3,1,61,1820.6905459652057
qLogEI,10,50,3,1,62,1820.6905459652057
qLogEI,10,50,3,1,63,1820.6905459652057
qLogEI,10,50,3,1,64,1820.6905459652057
qLogEI,10,50,3,1,65,1820.6905459652057
qLogEI,10,50,3,1,66,1820.6905459652057
qLogEI,10,50,3,1,67,1820.6905459652057
qLogEI,10,50,3,1,68,1820.6905459652057
qLogEI,10,50,3,1,69,1820.6905459652057
qLogEI,10,50,3,1,70,1820.6905459652057
qLogEI,10,50,3,1,71,1820.6905459652057
qLogEI,10,50,3,1,72,1820.6905459652057
qLogEI,10,50,3,1,73,1820.6905459652057
qLogEI,10,50,3,1,74,1820.6905459652057
qLogEI,10,50,3,1,75,1820.6905459652057
qLogEI,10,50,3,1,76,1820.6905459652057
qLogEI,10,50,3,1,77,1820.6905459652057
qLogEI,10,50,3,1,78,1820.6905459652057
qLogEI,10,50,3,1,79,1820.6905459652057
qLogEI,10,50,3,1,80,1820.6905459652057
qLogEI,10,50,3,1,81,1820.6905459652057
qLogEI,10,50,3,1,82,1820.6905459652057
qLogEI,10,50,3,1,83,1820.6905459652057
qLogEI,10,50,3,1,84,1820.6905459652057
qLogEI,10,50,3,1,85,1820.6905459652057
qLogEI,10,50,3,1,86,1820.6905459652057
qLogEI,10,50,3,1,87,1820.6905459652057
qLogEI,10,50,3,1,88,1820.6905459652057
qLogEI,10,50,3,1,89,1820.6905459652057
qLogEI,10,50,3,1,90,1820.6905459652057
qLogEI,10,50,3,1,91,1820.6905459652057
qLogEI,10,50,3,1,92,1820.6905459652057
qLogEI,10,50,3,1,93,1820.6905459652057
qLogEI,10,50,3,1,94,1820.6905459652057
qLogEI,10,50,3,1,95,1820.6905459652057
qLogEI,10,50,3,1,96,1820.6905459652057
qLogEI,10,50,3,1,97,1820.6905459652057
qLogEI,10,50,3,1,98,1820.6905459652057
qLogEI,10,50,3,1,99,1820.6905459652057
qLogEI,10,50,3,1,100,1820.6905459652057
RL,10,50,3,1,1,3987.713237416324
RL,10,50,3,1,2,3987.713237416324
RL,10,50,3,1,3,3987.713237416324
RL,10,50,3,1,4,3987.713237416324
RL,10,50,3,1,5,3987.713237416324
RL,10,50,3,1,6,3987.713237416324
RL,10,50,3,1,7,3987.713237416324
RL,10,50,3,1,8,3987.713237416324
RL,10,50,3,1,9,3987.713237416324
RL,10,50,3,1,10,2898.6838899360428
RL,10,50,3,1,11,2898.6838899360428
RL,10,50,3,1,12,2898.6838899360428
RL,10,50,3,1,13,2898.6838899360428
RL,10,50,3,1,14,2898.6838899360428
RL,10,50,3,1,15,2898.6838899360428
RL,10,50,3,1,16,2898.6838899360428
RL,10,50,3,1,17,2898.6838899360428
RL,10,50,3,1,18,2898.6838899360428
RL,10,50,3,1,19,2898.6838899360428
RL,10,50,3,1,20,2898.6838899360428
RL,10,50,3,1,21,2898.6838899360428
RL,10,50,3,1,22,2898.6838899360428
RL,10,50,3,1,23,2898.6838899360428
RL,10,50,3,1,24,2898.6838899360428
RL,10,50,3,1,25,2898.6838899360428
RL,10,50,3,1,26,2898.6838899360428
RL,10,50,3,1,27,2898.6838899360428
RL,10,50,3,1,28,2898.6838899360428
RL,10,50,3,1,29,2898.6838899360428
RL,10,50,3,1,30,2898.6838899360428
RL,10,50,3,1,31,2898.6838899360428
RL,10,50,3,1,32,2898.6838899360428
RL,10,50,3,1,33,2898.6838899360428
RL,10,50,3,1,34,2898.6838899360428
RL,10,50,3,1,35,2898.6838899360428
RL,10,50,3,1,36,2898.6838899360428
RL,10,50,3,1,37,2898.6838899360428
RL,10,50,3,1,38,2898.6838899360428
RL,10,50,3,1,39,2898.6838899360428
RL,10,50,3,1,40,2898.6838899360428
RL,10,50,3,1,41,2898.6838899360428
RL,10,50,3,1,42,2898.6838899360428
RL,10,50,3,1,43,2898.6838899360428
RL,10,50,3,1,44,2898.6838899360428
RL,10,50,3,1,45,2898.6838899360428
RL,10,50,3,1,46,2898.6838899360428
RL,10,50,3,1,47,2898.6838899360428
RL,10,50,3,1,48,2898.6838899360428
RL,10,50,3,1,49,2898.6838899360428
RL,10,50,3,1,50,2898.6838899360428
RL,10,50,3,1,51,2898.6838899360428
RL,10,50,3,1,52,2898.6838899360428
RL,10,50,3,1,53,2898.6838899360428
RL,10,50,3,1,54,2898.6838899360428
RL,10,50,3,1,55,2898.6838899360428
RL,10,50,3,1,56,2898.6838899360428
RL,10,50,3,1,57,2898.6838899360428
RL,10,50,3,1,58,2898.6838899360428
RL,10,50,3,1,59,2898.6838899360428
RL,10,50,3,1,60,2898.6838899360428
RL,10,50,3,1,61,2898.6838899360428
RL,10,50,3,1,62,2898.6838899360428
RL,10,50,3,1,63,2898.6838899360428
RL,10,50,3,1,64,2898.6838899360428
RL,10,50,3,1,65,2898.6838899360428
RL,10,50,3,1,66,2898.6838899360428
RL,10,50,3,1,67,2898.6838899360428
RL,10,50,3,1,68,2898.6838899360428
RL,10,50,3,1,69,2898.6838899360428
RL,10,50,3,1,70,2898.6838899360428
RL,10,50,3,1,71,2898.6838899360428
RL,10,50,3,1,72,2898.6838899360428
RL,10,50,3,1,73,2898.6838899360428
RL,10,50,3,1,74,2898.6838899360428
RL,10,50,3,1,75,2898.6838899360428
RL,10,50,3,1,76,2898.6838899360428
RL,10,50,3,1,77,2898.6838899360428
RL,10,50,3,1,78,2898.6838899360428
RL,10,50,3,1,79,2898.6838899360428
RL,10,50,3,1,80,2898.6838899360428
RL,10,50,3,1,81,2898.6838899360428
RL,10,50,3,1,82,2898.6838899360428
RL,10,50,3,1,83,2898.6838899360428
RL,10,50,3,1,84,2898.6838899360428
RL,10,50,3,1,85,2898.6838899360428
RL,10,50,3,1,86,2898.6838899360428
RL,10,50,3,1,87,2898.6838899360428
RL,10,50,3,1,88,2898.6838899360428
RL,10,50,3,1,89,2898.6838899360428
RL,10,50,3,1,90,2898.6838899360428
RL,10,50,3,1,91,2898.6838899360428
RL,10,50,3,1,92,2898.6838899360428
RL,10,50,3,1,93,2898.6838899360428
RL,10,50,3,1,94,2898.6838899360428
RL,10,50,3,1,95,2898.6838899360428
RL,10,50,3,1,96,2898.6838899360428
RL,10,50,3,1,97,2898.6838899360428
RL,10,50,3,1,98,2898.6838899360428
RL,10,50,3,1,99,2898.6838899360428
RL,10,50,3,1,100,2898.6838899360428
Random,10,50,3,2,1,inf
Random,10,50,3,2,2,4292.772284446118
Random,10,50,3,2,3,4292.772284446118
Random,10,50,3,2,4,4292.772284446118
Random,10,50,3,2,5,4292.772284446118
Random,10,50,3,2,6,3530.708510520185
Random,10,50,3,2,7,3530.708510520185
Random,10,50,3,2,8,3530.708510520185
Random,10,50,3,2,9,3530.708510520185
Random,10,50,3,2,10,3530.708510520185
Random,10,50,3,2,11,3530.708510520185
Random,10,50,3,2,12,3530.708510520185
Random,10,50,3,2,13,3530.708510520185
Random,10,50,3,2,14,3530.708510520185
Random,10,50,3,2,15,3530.708510520185
Random,10,50,3,2,16,3530.708510520185
Random,10,50,3,2,17,3530.708510520185
Random,10,50,3,2,18,3530.708510520185
Random,10,50,3,2,19,3530.708510520185
Random,10,50,3,2,20,3530.708510520185
Random,10,50,3,2,21,3530.708510520185
Random,10,50,3,2,22,3530.708510520185
Random,10,50,3,2,23,2802.5242118493356
Random,10,50,3,2,24,2802.5242118493356
Random,10,50,3,2,25,2802.5242118493356
Random,10,50,3,2,26,2802.5242118493356
Random,10,50,3,2,27,2802.5242118493356
Random,10,50,3,2,28,2802.5242118493356
Random,10,50,3,2,29,2802.5242118493356
Random,10,50,3,2,30,2802.5242118493356
Random,10,50,3,2,31,2802.5242118493356
Random,10,50,3,2,32,2802.5242118493356
Random,10,50,3,2,33,2802.5242118493356
Random,10,50,3,2,34,2802.5242118493356
Random,10,50,3,2,35,2802.5242118493356
Random,10,50,3,2,36,2802.5242118493356
Random,10,50,3,2,37,2802.5242118493356
Random,10,50,3,2,38,2802.5242118493356
Random,10,50,3,2,39,2802.5242118493356
Random,10,50,3,2,40,2802.5242118493356
Random,10,50,3,2,41,2802.5242118493356
Random,10,50,3,2,42,2802.5242118493356
Random,10,50,3,2,43,2802.5242118493356
Random,10,50,3,2,44,2802.5242118493356
Random,10,50,3,2,45,2802.5242118493356
Random,10,50,3,2,46,2676.452466433623
Random,10,50,3,2,47,2676.452466433623
Random,10,50,3,2,48,2676.452466433623
Random,10,50,3,2,49,2676.452466433623
Random,10,50,3,2,50,2676.452466433623
Random,10,50,3,2,51,2676.452466433623
Random,10,50,3,2,52,2676.452466433623
Random,10,50,3,2,53,2676.452466433623
Random,10,50,3,2,54,2676.452466433623
Random,10,50,3,2,55,2676.452466433623
Random,10,50,3,2,56,2676.452466433623
Random,10,50,3,2,57,2676.452466433623
Random,10,50,3,2,58,2676.452466433623
Random,10,50,3,2,59,2676.452466433623
Random,10,50,3,2,60,2676.452466433623
Random,10,50,3,2,61,2676.452466433623
Random,10,50,3,2,62,2676.452466433623
Random,10,50,3,2,63,2676.452466433623
Random,10,50,3,2,64,2676.452466433623
Random,10,50,3,2,65,2676.452466433623
Random,10,50,3,2,66,2676.452466433623
Random,10,50,3,2,67,2676.452466433623
Random,10,50,3,2,68,2676.452466433623
Random,10,50,3,2,69,2676.452466433623
Random,10,50,3,2,70,2676.452466433623
Random,10,50,3,2,71,2676.452466433623
Random,10,50,3,2,72,2676.452466433623
Random,10,50,3,2,73,2676.452466433623
Random,10,50,3,2,74,2676.452466433623
Random,10,50,3,2,75,2676.452466433623
Random,10,50,3,2,76,2676.452466433623
Random,10,50,3,2,77,2676.452466433623
Random,10,50,3,2,78,2676.452466433623
Random,10,50,3,2,79,2676.452466433623
Random,10,50,3,2,80,2676.452466433623
Random,10,50,3,2,81,2676.452466433623
Random,10,50,3,2,82,2676.452466433623
Random,10,50,3,2,83,2676.452466433623
Random,10,50,3,2,84,2676.452466433623
Random,10,50,3,2,85,2676.452466433623
Random,10,50,3,2,86,2676.452466433623
Random,10,50,3,2,87,2676.452466433623
Random,10,50,3,2,88,2676.452466433623
Random,10,50,3,2,89,2676.452466433623
Random,10,50,3,2,90,2676.452466433623
Random,10,50,3,2,91,2676.452466433623
Random,10,50,3,2,92,2676.452466433623
Random,10,50,3,2,93,2676.452466433623
Random,10,50,3,2,94,2676.452466433623
Random,10,50,3,2,95,2676.452466433623
Random,10,50,3,2,96,2676.452466433623
Random,10,50,3,2,97,2676.452466433623
Random,10,50,3,2,98,2676.452466433623
Random,10,50,3,2,99,2676.452466433623
Random,10,50,3,2,100,2676.452466433623
qLogEI,10,50,3,2,1,inf
qLogEI,10,50,3,2,2,4292.772284446118
qLogEI,10,50,3,2,3,4292.772284446118
qLogEI,10,50,3,2,4,4292.772284446118
qLogEI,10,50,3,2,5,4292.772284446118
qLogEI,10,50,3,2,6,3530.708510520185
qLogEI,10,50,3,2,7,3530.708510520185
qLogEI,10,50,3,2,8,3530.708510520185
qLogEI,10,50,3,2,9,3530.708510520185
qLogEI,10,50,3,2,10,3530.708510520185
qLogEI,10,50,3,2,11,3530.708510520185
qLogEI,10,50,3,2,12,3530.708510520185
qLogEI,10,50,3,2,13,3530.708510520185
qLogEI,10,50,3,2,14,3530.708510520185
qLogEI,10,50,3,2,15,3530.708510520185
qLogEI,10,50,3,2,16,3530.708510520185
qLogEI,10,50,3,2,17,3530.708510520185
qLogEI,10,50,3,2,18,3530.708510520185
qLogEI,10,50,3,2,19,3530.708510520185
qLogEI,10,50,3,2,20,3530.708510520185
qLogEI,10,50,3,2,21,3530.708510520185
qLogEI,10,50,3,2,22,3530.708510520185
qLogEI,10,50,3,2,23,3530.708510520185
qLogEI,10,50,3,2,24,3530.708510520185
qLogEI,10,50,3,2,25,3530.708510520185
qLogEI,10,50,3,2,26,2302.57033748512
qLogEI,10,50,3,2,27,2302.57033748512
qLogEI,10,50,3,2,28,2302.57033748512
qLogEI,10,50,3,2,29,2302.57033748512
qLogEI,10,50,3,2,30,2302.57033748512
qLogEI,10,50,3,2,31,2183.508347989611
qLogEI,10,50,3,2,32,1987.0175919690337
qLogEI,10,50,3,2,33,1774.0174308818323
qLogEI,10,50,3,2,34,1774.0174308818323
qLogEI,10,50,3,2,35,1774.0174308818323
qLogEI,10,50,3,2,36,1774.0174308818323
qLogEI,10,50,3,2,37,1774.0174308818323
qLogEI,10,50,3,2,38,1774.0174308818323
qLogEI,10,50,3,2,39,1774.0174308818323
qLogEI,10,50,3,2,40,1774.0174308818323
qLogEI,10,50,3,2,41,1774.0174308818323
qLogEI,10,50,3,2,42,1774.0174308818323
qLogEI,10,50,3,2,43,1774.0174308818323
qLogEI,10,50,3,2,44,1774.0174308818323
qLogEI,10,50,3,2,45,1774.0174308818323
qLogEI,10,50,3,2,46,1774.0174308818323
qLogEI,10,50,3,2,47,1774.0174308818323
qLogEI,10,50,3,2,48,1774.0174308818323
qLogEI,10,50,3,2,49,1774.0174308818323
qLogEI,10,50,3,2,50,1774.0174308818323
qLogEI,10,50,3,2,51,1774.0174308818323
qLogEI,10,50,3,2,52,1774.0174308818323
qLogEI,10,50,3,2,53,1774.0174308818323
qLogEI,10,50,3,2,54,1774.0174308818323
qLogEI,10,50,3,2,55,1774.0174308818323
qLogEI,10,50,3,2,56,1774.0174308818323
qLogEI,10,50,3,2,57,1774.0174308818323
qLogEI,10,50,3,2,58,1774.0174308818323
qLogEI,10,50,3,2,59,1774.0174308818323
qLogEI,10,50,3,2,60,1774.0174308818323
qLogEI,10,50,3,2,61,1774.0174308818323
qLogEI,10,50,3,2,62,1774.0174308818323
qLogEI,10,50,3,2,63,1774.0174308818323
qLogEI,10,50,3,2,64,1774.0174308818323
qLogEI,10,50,3,2,65,1774.0174308818323
qLogEI,10,50,3,2,66,1774.0174308818323
qLogEI,10,50,3,2,67,1774.0174308818323
qLogEI,10,50,3,2,68,1774.0174308818323
qLogEI,10,50,3,2,69,1774.0174308818323
qLogEI,10,50,3,2,70,1774.0174308818323
qLogEI,10,50,3,2,71,1774.0174308818323
qLogEI,10,50,3,2,72,1774.0174308818323
qLogEI,10,50,3,2,73,1774.0174308818323
qLogEI,10,50,3,2,74,1774.0174308818323
qLogEI,10,50,3,2,75,1774.0174308818323
qLogEI,10,50,3,2,76,1774.0174308818323
qLogEI,10,50,3,2,77,1774.0174308818323
qLogEI,10,50,3,2,78,1774.0174308818323
qLogEI,10,50,3,2,79,1774.0174308818323
qLogEI,10,50,3,2,80,1774.0174308818323
qLogEI,10,50,3,2,81,1774.0174308818323
qLogEI,10,50,3,2,82,1774.0174308818323
qLogEI,10,50,3,2,83,1774.0174308818323
qLogEI,10,50,3,2,84,1774.0174308818323
qLogEI,10,50,3,2,85,1774.0174308818323
qLogEI,10,50,3,2,86,1774.0174308818323
qLogEI,10,50,3,2,87,1774.0174308818323
qLogEI,10,50,3,2,88,1774.0174308818323
qLogEI,10,50,3,2,89,1774.0174308818323
qLogEI,10,50,3,2,90,1774.0174308818323
qLogEI,10,50,3,2,91,1774.0174308818323
qLogEI,10,50,3,2,92,1774.0174308818323
qLogEI,10,50,3,2,93,1774.0174308818323
qLogEI,10,50,3,2,94,1774.0174308818323
qLogEI,10,50,3,2,95,1774.0174308818323
qLogEI,10,50,3,2,96,1774.0174308818323
qLogEI,10,50,3,2,97,1774.0174308818323
qLogEI,10,50,3,2,98,1774.0174308818323
qLogEI,10,50,3,2,99,1774.0174308818323
qLogEI,10,50,3,2,100,1774.0174308818323
RL,10,50,3,2,1,inf
RL,10,50,3,2,2,4292.772284446118
RL,10,50,3,2,3,4292.772284446118
RL,10,50,3,2,4,4292.772284446118
RL,10,50,3,2,5,4292.772284446118
RL,10,50,3,2,6,3530.708510520185
RL,10,50,3,2,7,3530.708510520185
RL,10,50,3,2,8,3530.708510520185
RL,10,50,3,2,9,3530.708510520185
RL,10,50,3,2,10,3530.708510520185
RL,10,50,3,2,11,3530.708510520185
RL,10,50,3,2,12,3530.708510520185
RL,10,50,3,2,13,3530.708510520185
RL,10,50,3,2,14,3530.708510520185
RL,10,50,3,2,15,3530.708510520185
RL,10,50,3,2,16,3530.708510520185
RL,10,50,3,2,17,3530.708510520185
RL,10,50,3,2,18,3530.708510520185
RL,10,50,3,2,19,3530.708510520185
RL,10,50,3,2,20,3530.708510520185
RL,10,50,3,2,21,3530.708510520185
RL,10,50,3,2,22,3530.708510520185
RL,10,50,3,2,23,3530.708510520185
RL,10,50,3,2,24,3530.708510520185
RL,10,50,3,2,25,3530.708510520185
RL,10,50,3,2,26,3530.708510520185
RL,10,50,3,2,27,3530.708510520185
RL,10,50,3,2,28,3530.708510520185
RL,10,50,3,2,29,3530.708510520185
RL,10,50,3,2,30,3530.708510520185
RL,10,50,3,2,31,3530.708510520185
RL,10,50,3,2,32,3530.708510520185
RL,10,50,3,2,33,3530.708510520185
RL,10,50,3,2,34,3530.708510520185
RL,10,50,3,2,35,3530.708510520185
RL,10,50,3,2,36,3530.708510520185
RL,10,50,3,2,37,3530.708510520185
RL,10,50,3,2,38,3530.708510520185
RL,10,50,3,2,39,3530.708510520185
RL,10,50,3,2,40,3530.708510520185
RL,10,50,3,2,41,3530.708510520185
RL,10,50,3,2,42,3530.708510520185
RL,10,50,3,2,43,3530.708510520185
RL,10,50,3,2,44,3530.708510520185
RL,10,50,3,2,45,3530.708510520185
RL,10,50,3,2,46,3530.708510520185
RL,10,50,3,2,47,3530.708510520185
RL,10,50,3,2,48,3530.708510520185
RL,10,50,3,2,49,3530.708510520185
RL,10,50,3,2,50,3530.708510520185
RL,10,50,3,2,51,3530.708510520185
RL,10,50,3,2,52,3530.708510520185
RL,10,50,3,2,53,3530.708510520185
RL,10,50,3,2,54,3530.708510520185
RL,10,50,3,2,55,3530.708510520185
RL,10,50,3,2,56,3530.708510520185
RL,10,50,3,2,57,3530.708510520185
RL,10,50,3,2,58,3530.708510520185
RL,10,50,3,2,59,3530.708510520185
RL,10,50,3,2,60,3530.708510520185
RL,10,50,3,2,61,3530.708510520185
RL,10,50,3,2,62,3530.708510520185
RL,10,50,3,2,63,3530.708510520185
RL,10,50,3,2,64,3530.708510520185
RL,10,50,3,2,65,3530.708510520185
RL,10,50,3,2,66,3530.708510520185
RL,10,50,3,2,67,3530.708510520185
RL,10,50,3,2,68,3530.708510520185
RL,10,50,3,2,69,3530.708510520185
RL,10,50,3,2,70,3530.708510520185
RL,10,50,3,2,71,3530.708510520185
RL,10,50,3,2,72,3530.708510520185
RL,10,50,3,2,73,3530.708510520185
RL,10,50,3,2,74,3530.708510520185
RL,10,50,3,2,75,3530.708510520185
RL,10,50,3,2,76,3530.708510520185
RL,10,50,3,2,77,3530.708510520185
RL,10,50,3,2,78,3530.708510520185
RL,10,50,3,2,79,3530.708510520185
RL,10,50,3,2,80,3530.708510520185
RL,10,50,3,2,81,3530.708510520185
RL,10,50,3,2,82,3530.708510520185
RL,10,50,3,2,83,3530.708510520185
RL,10,50,3,2,84,3530.708510520185
RL,10,50,3,2,85,3530.708510520185
RL,10,50,3,2,86,3530.708510520185
RL,10,50,3,2,87,3530.708510520185
RL,10,50,3,2,88,3530.708510520185
RL,10,50,3,2,89,3530.708510520185
RL,10,50,3,2,90,3530.708510520185
RL,10,50,3,2,91,3530.708510520185
RL,10,50,3,2,92,3530.708510520185
RL,10,50,3,2,93,3530.708510520185
RL,10,50,3,2,94,3530.708510520185
RL,10,50,3,2,95,3530.708510520185
RL,10,50,3,2,96,3530.708510520185
RL,10,50,3,2,97,3530.708510520185
RL,10,50,3,2,98,3530.708510520185
RL,10,50,3,2,99,3530.708510520185
RL,10,50,3,2,100,3530.708510520185
Random,10,50,3,3,1,inf
Random,10,50,3,3,2,inf
Random,10,50,3,3,3,4220.738812091011
Random,10,50,3,3,4,4220.738812091011
Random,10,50,3,3,5,3913.530692946033
Random,10,50,3,3,6,3913.530692946033
Random,10,50,3,3,7,3913.530692946033
Random,10,50,3,3,8,3913.530692946033
Random,10,50,3,3,9,3913.530692946033
Random,10,50,3,3,10,3913.530692946033
Random,10,50,3,3,11,3913.530692946033
Random,10,50,3,3,12,3913.530692946033
Random,10,50,3,3,13,3913.530692946033
Random,10,50,3,3,14,3913.530692946033
Random,10,50,3,3,15,3913.530692946033
Random,10,50,3,3,16,3913.530692946033
Random,10,50,3,3,17,3913.530692946033
Random,10,50,3,3,18,3913.530692946033
Random,10,50,3,3,19,3913.530692946033
Random,10,50,3,3,20,3913.530692946033
Random,10,50,3,3,21,3913.530692946033
Random,10,50,3,3,22,3913.530692946033
Random,10,50,3,3,23,3913.530692946033
Random,10,50,3,3,24,3913.530692946033
Random,10,50,3,3,25,3913.530692946033
Random,10,50,3,3,26,3232.978600424647
Random,10,50,3,3,27,3232.978600424647
Random,10,50,3,3,28,3232.978600424647
Random,10,50,3,3,29,3232.978600424647
Random,10,50,3,3,30,3232.978600424647
Random,10,50,3,3,31,3232.978600424647
Random,10,50,3,3,32,3232.978600424647
Random,10,50,3,3,33,3232.978600424647
Random,10,50,3,3,34,3232.978600424647
Random,10,50,3,3,35,3232.978600424647
Random,10,50,3,3,36,3232.978600424647
Random,10,50,3,3,37,3232.978600424647
Random,10,50,3,3,38,3232.978600424647
Random,10,50,3,3,39,3232.978600424647
Random,10,50,3,3,40,3232.978600424647
Random,10,50,3,3,41,3232.978600424647
Random,10,50,3,3,42,3232.978600424647
Random,10,50,3,3,43,3232.978600424647
Random,10,50,3,3,44,3232.978600424647
Random,10,50,3,3,45,3232.978600424647
Random,10,50,3,3,46,3232.978600424647
Random,10,50,3,3,47,3232.978600424647
Random,10,50,3,3,48,3232.978600424647
Random,10,50,3,3,49,3232.978600424647
Random,10,50,3,3,50,3232.978600424647
Random,10,50,3,3,51,3232.978600424647
Random,10,50,3,3,52,3232.978600424647
Random,10,50,3,3,53,3232.978600424647
Random,10,50,3,3,54,3232.978600424647
Random,10,50,3,3,55,3232.978600424647
Random,10,50,3,3,56,3232.978600424647
Random,10,50,3,3,57,3232.978600424647
Random,10,50,3,3,58,3232.978600424647
Random,10,50,3,3,59,3232.978600424647
Random,10,50,3,3,60,3232.978600424647
Random,10,50,3,3,61,3232.978600424647
Random,10,50,3,3,62,3232.978600424647
Random,10,50,3,3,63,3232.978600424647
Random,10,50,3,3,64,3232.978600424647
Random,10,50,3,3,65,3232.978600424647
Random,10,50,3,3,66,3232.978600424647
Random,10,50,3,3,67,3232.978600424647
Random,10,50,3,3,68,3232.978600424647
Random,10,50,3,3,69,3232.978600424647
Random,10,50,3,3,70,3232.978600424647
Random,10,50,3,3,71,3232.978600424647
Random,10,50,3,3,72,3232.978600424647
Random,10,50,3,3,73,3232.978600424647
Random,10,50,3,3,74,3232.978600424647
Random,10,50,3,3,75,3232.978600424647
Random,10,50,3,3,76,3232.978600424647
Random,10,50,3,3,77,3232.978600424647
Random,10,50,3,3,78,3232.978600424647
Random,10,50,3,3,79,3232.978600424647
Random,10,50,3,3,80,3232.978600424647
Random,10,50,3,3,81,3232.978600424647
Random,10,50,3,3,82,3232.978600424647
Random,10,50,3,3,83,3232.978600424647
Random,10,50,3,3,84,3232.978600424647
Random,10,50,3,3,85,3232.978600424647
Random,10,50,3,3,86,3232.978600424647
Random,10,50,3,3,87,3232.978600424647
Random,10,50,3,3,88,3232.978600424647
Random,10,50,3,3,89,3232.978600424647
Random,10,50,3,3,90,3232.978600424647
Random,10,50,3,3,91,3232.978600424647
Random,10,50,3,3,92,3232.978600424647
Random,10,50,3,3,93,3232.978600424647
Random,10,50,3,3,94,3232.978600424647
Random,10,50,3,3,95,3232.978600424647
Random,10,50,3,3,96,3232.978600424647
Random,10,50,3,3,97,3232.978600424647
Random,10,50,3,3,98,3232.978600424647
Random,10,50,3,3,99,3232.978600424647
Random,10,50,3,3,100,3232.978600424647
qLogEI,10,50,3,3,1,inf
qLogEI,10,50,3,3,2,inf
qLogEI,10,50,3,3,3,4220.738812091011
qLogEI,10,50,3,3,4,4220.738812091011
qLogEI,10,50,3,3,5,3913.530692946033
qLogEI,10,50,3,3,6,3913.530692946033
qLogEI,10,50,3,3,7,3913.530692946033
qLogEI,10,50,3,3,8,3913.530692946033
qLogEI,10,50,3,3,9,3913.530692946033
qLogEI,10,50,3,3,10,3913.530692946033
qLogEI,10,50,3,3,11,3913.530692946033
qLogEI,10,50,3,3,12,3913.530692946033
qLogEI,10,50,3,3,13,3913.530692946033
qLogEI,10,50,3,3,14,3913.530692946033
qLogEI,10,50,3,3,15,3913.530692946033
qLogEI,10,50,3,3,16,3913.530692946033
qLogEI,10,50,3,3,17,3913.530692946033
qLogEI,10,50,3,3,18,3913.530692946033
qLogEI,10,50,3,3,19,3913.530692946033
qLogEI,10,50,3,3,20,3913.530692946033
qLogEI,10,50,3,3,21,3913.530692946033
qLogEI,10,50,3,3,22,3913.530692946033
qLogEI,10,50,3,3,23,1760.497847171764
qLogEI,10,50,3,3,24,1760.497847171764
qLogEI,10,50,3,3,25,1760.497847171764
qLogEI,10,50,3,3,26,1760.497847171764
qLogEI,10,50,3,3,27,1760.497847171764
qLogEI,10,50,3,3,28,1760.497847171764
qLogEI,10,50,3,3,29,1760.497847171764
qLogEI,10,50,3,3,30,1760.497847171764
qLogEI,10,50,3,3,31,1760.497847171764
qLogEI,10,50,3,3,32,1760.497847171764
qLogEI,10,50,3,3,33,1760.497847171764
qLogEI,10,50,3,3,34,1760.497847171764
qLogEI,10,50,3,3,35,1760.497847171764
qLogEI,10,50,3,3,36,1760.497847171764
qLogEI,10,50,3,3,37,1760.497847171764
qLogEI,10,50,3,3,38,1760.497847171764
qLogEI,10,50,3,3,39,1760.497847171764
qLogEI,10,50,3,3,40,1760.497847171764
qLogEI,10,50,3,3,41,1760.497847171764
qLogEI,10,50,3,3,42,1760.497847171764
qLogEI,10,50,3,3,43,1760.497847171764
qLogEI,10,50,3,3,44,1760.497847171764
qLogEI,10,50,3,3,45,1760.497847171764
qLogEI,10,50,3,3,46,1760.497847171764
qLogEI,10,50,3,3,47,1760.497847171764
qLogEI,10,50,3,3,48,1760.497847171764
qLogEI,10,50,3,3,49,1760.497847171764
qLogEI,10,50,3,3,50,1760.497847171764
qLogEI,10,50,3,3,51,1760.497847171764
qLogEI,10,50,3,3,52,1760.497847171764
qLogEI,10,50,3,3,53,1760.497847171764
qLogEI,10,50,3,3,54,1760.497847171764
qLogEI,10,50,3,3,55,1760.497847171764
qLogEI,10,50,3,3,56,1760.497847171764
qLogEI,10,50,3,3,57,1760.497847171764
qLogEI,10,50,3,3,58,1760.497847171764
qLogEI,10,50,3,3,59,1760.497847171764
qLogEI,10,50,3,3,60,1760.497847171764
qLogEI,10,50,3,3,61,1760.497847171764
qLogEI,10,50,3,3,62,1760.497847171764
qLogEI,10,50,3,3,63,1760.497847171764
qLogEI,10,50,3,3,64,1556.2523585001331
qLogEI,10,50,3,3,65,1556.2523585001331
qLogEI,10,50,3,3,66,1556.2523585001331
qLogEI,10,50,3,3,67,1556.2523585001331
qLogEI,10,50,3,3,68,1556.2523585001331
qLogEI,10,50,3,3,69,1556.2523585001331
qLogEI,10,50,3,3,70,1556.2523585001331
qLogEI,10,50,3,3,71,1556.2523585001331
qLogEI,10,50,3,3,72,1556.2523585001331
qLogEI,10,50,3,3,73,1556.2523585001331
qLogEI,10,50,3,3,74,1556.2523585001331
qLogEI,10,50,3,3,75,1556.2523585001331
qLogEI,10,50,3,3,76,1556.2523585001331
qLogEI,10,50,3,3,77,1556.2523585001331
qLogEI,10,50,3,3,78,1556.2523585001331
qLogEI,10,50,3,3,79,1556.2523585001331
qLogEI,10,50,3,3,80,1556.2523585001331
qLogEI,10,50,3,3,81,1556.2523585001331
qLogEI,10,50,3,3,82,1556.2523585001331
qLogEI,10,50,3,3,83,1556.2523585001331
qLogEI,10,50,3,3,84,1556.2523585001331
qLogEI,10,50,3,3,85,1556.2523585001331
qLogEI,10,50,3,3,86,1556.2523585001331
qLogEI,10,50,3,3,87,1556.2523585001331
qLogEI,10,50,3,3,88,1556.2523585001331
qLogEI,10,50,3,3,89,1556.2523585001331
qLogEI,10,50,3,3,90,1556.2523585001331
qLogEI,10,50,3,3,91,1556.2523585001331
qLogEI,10,50,3,3,92,1556.2523585001331
qLogEI,10,50,3,3,93,1556.2523585001331
qLogEI,10,50,3,3,94,1556.2523585001331
qLogEI,10,50,3,3,95,1556.2523585001331
qLogEI,10,50,3,3,96,1556.2523585001331
qLogEI,10,50,3,3,97,1556.2523585001331
qLogEI,10,50,3,3,98,1556.2523585001331
qLogEI,10,50,3,3,99,1556.2523585001331
qLogEI,10,50,3,3,100,1556.2523585001331
RL,10,50,3,3,1,inf
RL,10,50,3,3,2,inf
RL,10,50,3,3,3,4220.738812091011
RL,10,50,3,3,4,4220.738812091011
RL,10,50,3,3,5,3913.530692946033
RL,10,50,3,3,6,3913.530692946033
RL,10,50,3,3,7,3913.530692946033
RL,10,50,3,3,8,3913.530692946033
RL,10,50,3,3,9,3913.530692946033
RL,10,50,3,3,10,3913.530692946033
RL,10,50,3,3,11,3913.530692946033
RL,10,50,3,3,12,3913.530692946033
RL,10,50,3,3,13,3913.530692946033
RL,10,50,3,3,14,3913.530692946033
RL,10,50,3,3,15,3913.530692946033
RL,10,50,3,3,16,3913.530692946033
RL,10,50,3,3,17,3913.530692946033
RL,10,50,3,3,18,3913.530692946033
RL,10,50,3,3,19,3913.530692946033
RL,10,50,3,3,20,3913.530692946033
RL,10,50,3,3,21,3913.530692946033
RL,10,50,3,3,22,3913.530692946033
RL,10,50,3,3,23,3913.530692946033
RL,10,50,3,3,24,3913.530692946033
RL,10,50,3,3,25,3913.530692946033
RL,10,50,3,3,26,3913.530692946033
RL,10,50,3,3,27,3913.530692946033
RL,10,50,3,3,28,3913.530692946033
RL,10,50,3,3,29,3913.530692946033
RL,10,50,3,3,30,3913.530692946033
RL,10,50,3,3,31,3913.530692946033
RL,10,50,3,3,32,3913.530692946033
RL,10,50,3,3,33,3913.530692946033
RL,10,50,3,3,34,3913.530692946033
RL,10,50,3,3,35,3913.530692946033
RL,10,50,3,3,36,3913.530692946033
RL,10,50,3,3,37,3913.530692946033
RL,10,50,3,3,38,3913.530692946033
RL,10,50,3,3,39,3913.530692946033
RL,10,50,3,3,40,3913.530692946033
RL,10,50,3,3,41,3913.530692946033
RL,10,50,3,3,42,3913.530692946033
RL,10,50,3,3,43,3913.530692946033
RL,10,50,3,3,44,3913.530692946033
RL,10,50,3,3,45,3913.530692946033
RL,10,50,3,3,46,3913.530692946033
RL,10,50,3,3,47,3913.530692946033
RL,10,50,3,3,48,3913.530692946033
RL,10,50,3,3,49,3913.530692946033
RL,10,50,3,3,50,3913.530692946033
RL,10,50,3,3,51,3913.530692946033
RL,10,50,3,3,52,3913.530692946033
RL,10,50,3,3,53,3913.530692946033
RL,10,50,3,3,54,3913.530692946033
RL,10,50,3,3,55,3913.530692946033
RL,10,50,3,3,56,3913.530692946033
RL,10,50,3,3,57,3913.530692946033
RL,10,50,3,3,58,3913.530692946033
RL,10,50,3,3,59,3913.530692946033
RL,10,50,3,3,60,3913.530692946033
RL,10,50,3,3,61,3913.530692946033
RL,10,50,3,3,62,3913.530692946033
RL,10,50,3,3,63,3913.530692946033
RL,10,50,3,3,64,3913.530692946033
RL,10,50,3,3,65,3913.530692946033
RL,10,50,3,3,66,3913.530692946033
RL,10,50,3,3,67,3913.530692946033
RL,10,50,3,3,68,3913.530692946033
RL,10,50,3,3,69,3913.530692946033
RL,10,50,3,3,70,3913.530692946033
RL,10,50,3,3,71,3913.530692946033
RL,10,50,3,3,72,3913.530692946033
RL,10,50,3,3,73,3913.530692946033
RL,10,50,3,3,74,3913.530692946033
RL,10,50,3,3,75,3913.530692946033
RL,10,50,3,3,76,3913.530692946033
RL,10,50,3,3,77,3913.530692946033
RL,10,50,3,3,78,3913.530692946033
RL,10,50,3,3,79,3913.530692946033
RL,10,50,3,3,80,3913.530692946033
RL,10,50,3,3,81,3913.530692946033
RL,10,50,3,3,82,3913.530692946033
RL,10,50,3,3,83,3913.530692946033
RL,10,50,3,3,84,3913.530692946033
RL,10,50,3,3,85,3913.530692946033
RL,10,50,3,3,86,3913.530692946033
RL,10,50,3,3,87,3913.530692946033
RL,10,50,3,3,88,3913.530692946033
RL,10,50,3,3,89,3913.530692946033
RL,10,50,3,3,90,3913.530692946033
RL,10,50,3,3,91,3913.530692946033
RL,10,50,3,3,92,3913.530692946033
RL,10,50,3,3,93,3913.530692946033
RL,10,50,3,3,94,3913.530692946033
RL,10,50,3,3,95,3913.530692946033
RL,10,50,3,3,96,3913.530692946033
RL,10,50,3,3,97,3913.530692946033
RL,10,50,3,3,98,3913.530692946033
RL,10,50,3,3,99,3913.530692946033
RL,10,50,3,3,100,3913.530692946033
Random,10,50,3,4,1,inf
Random,10,50,3,4,2,inf
Random,10,50,3,4,3,inf
Random,10,50,3,4,4,inf
Random,10,50,3,4,5,inf
Random,10,50,3,4,6,inf
Random,10,50,3,4,7,5848.147895064505
Random,10,50,3,4,8,5848.147895064505
Random,10,50,3,4,9,5848.147895064505
Random,10,50,3,4,10,5848.147895064505
Random,10,50,3,4,11,5848.147895064505
Random,10,50,3,4,12,5848.147895064505
Random,10,50,3,4,13,5848.147895064505
Random,10,50,3,4,14,5848.147895064505
Random,10,50,3,4,15,5848.147895064505
Random,10,50,3,4,16,5848.147895064505
Random,10,50,3,4,17,5848.147895064505
Random,10,50,3,4,18,5848.147895064505
Random,10,50,3,4,19,5848.147895064505
Random,10,50,3,4,20,5848.147895064505
Random,10,50,3,4,21,5848.147895064505
Random,10,50,3,4,22,5848.147895064505
Random,10,50,3,4,23,5848.147895064505
Random,10,50,3,4,24,5848.147895064505
Random,10,50,3,4,25,5848.147895064505
Random,10,50,3,4,26,5848.147895064505
Random,10,50,3,4,27,5848.147895064505
Random,10,50,3,4,28,5848.147895064505
Random,10,50,3,4,29,5848.147895064505
Random,10,50,3,4,30,5848.147895064505
Random,10,50,3,4,31,5848.147895064505
Random,10,50,3,4,32,5848.147895064505
Random,10,50,3,4,33,5655.724072606776
Random,10,50,3,4,34,5655.724072606776
Random,10,50,3,4,35,5655.724072606776
Random,10,50,3,4,36,4798.271550631039
Random,10,50,3,4,37,4798.271550631039
Random,10,50,3,4,38,4798.271550631039
Random,10,50,3,4,39,4798.271550631039
Random,10,50,3,4,40,4798.271550631039
Random,10,50,3,4,41,4798.271550631039
Random,10,50,3,4,42,4798.271550631039
Random,10,50,3,4,43,4798.271550631039
Random,10,50,3,4,44,4798.271550631039
Random,10,50,3,4,45,4798.271550631039
Random,10,50,3,4,46,4798.271550631039
Random,10,50,3,4,47,4798.271550631039
Random,10,50,3,4,48,2547.3439570856763
Random,10,50,3,4,49,2547.3439570856763
Random,10,50,3,4,50,2547.3439570856763
Random,10,50,3,4,51,2547.3439570856763
Random,10,50,3,4,52,2547.3439570856763
Random,10,50,3,4,53,2547.3439570856763
Random,10,50,3,4,54,2547.3439570856763
Random,10,50,3,4,55,2547.3439570856763
Random,10,50,3,4,56,2547.3439570856763
Random,10,50,3,4,57,2547.3439570856763
Random,10,50,3,4,58,2547.3439570856763
Random,10,50,3,4,59,2547.3439570856763
Random,10,50,3,4,60,2547.3439570856763
Random,10,50,3,4,61,2547.3439570856763
Random,10,50,3,4,62,2547.3439570856763
Random,10,50,3,4,63,2547.3439570856763
Random,10,50,3,4,64,2547.3439570856763
Random,10,50,3,4,65,2547.3439570856763
Random,10,50,3,4,66,2547.3439570856763
Random,10,50,3,4,67,2547.3439570856763
Random,10,50,3,4,68,2547.3439570856763
Random,10,50,3,4,69,2547.3439570856763
Random,10,50,3,4,70,2547.3439570856763
Random,10,50,3,4,71,2547.3439570856763
Random,10,50,3,4,72,2547.3439570856763
Random,10,50,3,4,73,2547.3439570856763
Random,10,50,3,4,74,2547.3439570856763
Random,10,50,3,4,75,2547.3439570856763
Random,10,50,3,4,76,2547.3439570856763
Random,10,50,3,4,77,2547.3439570856763
Random,10,50,3,4,78,2547.3439570856763
Random,10,50,3,4,79,2547.3439570856763
Random,10,50,3,4,80,2547.3439570856763
Random,10,50,3,4,81,2547.3439570856763
Random,10,50,3,4,82,2547.3439570856763
Random,10,50,3,4,83,2547.3439570856763
Random,10,50,3,4,84,2547.3439570856763
Random,10,50,3,4,85,2547.3439570856763
Random,10,50,3,4,86,2547.3439570856763
Random,10,50,3,4,87,2547.3439570856763
Random,10,50,3,4,88,2547.3439570856763
Random,10,50,3,4,89,2547.3439570856763
Random,10,50,3,4,90,2547.3439570856763
Random,10,50,3,4,91,2547.3439570856763
Random,10,50,3,4,92,2547.3439570856763
Random,10,50,3,4,93,2547.3439570856763
Random,10,50,3,4,94,2547.3439570856763
Random,10,50,3,4,95,2547.3439570856763
Random,10,50,3,4,96,2547.3439570856763
Random,10,50,3,4,97,2547.3439570856763
Random,10,50,3,4,98,2547.3439570856763
Random,10,50,3,4,99,2547.3439570856763
Random,10,50,3,4,100,2547.3439570856763
qLogEI,10,50,3,4,1,inf
qLogEI,10,50,3,4,2,inf
qLogEI,10,50,3,4,3,inf
qLogEI,10,50,3,4,4,inf
qLogEI,10,50,3,4,5,inf
qLogEI,10,50,3,4,6,inf
qLogEI,10,50,3,4,7,5848.147895064505
qLogEI,10,50,3,4,8,5848.147895064505
qLogEI,10,50,3,4,9,5848.147895064505
qLogEI,10,50,3,4,10,5848.147895064505
qLogEI,10,50,3,4,11,5848.147895064505
qLogEI,10,50,3,4,12,5848.147895064505
qLogEI,10,50,3,4,13,5848.147895064505
qLogEI,10,50,3,4,14,5848.147895064505
qLogEI,10,50,3,4,15,5848.147895064505
qLogEI,10,50,3,4,16,5848.147895064505
qLogEI,10,50,3,4,17,5848.147895064505
qLogEI,10,50,3,4,18,5848.147895064505
qLogEI,10,50,3,4,19,5848.147895064505
qLogEI,10,50,3,4,20,5848.147895064505
qLogEI,10,50,3,4,21,5848.147895064505
qLogEI,10,50,3,4,22,4113.446956555835
qLogEI,10,50,3,4,23,4113.446956555835
qLogEI,10,50,3,4,24,4113.446956555835
qLogEI,10,50,3,4,25,3170.9797402693016
qLogEI,10,50,3,4,26,3170.9797402693016
qLogEI,10,50,3,4,27,3170.9797402693016
qLogEI,10,50,3,4,28,3170.9797402693016
qLogEI,10,50,3,4,29,3170.9797402693016
qLogEI,10,50,3,4,30,3170.9797402693016
qLogEI,10,50,3,4,31,3170.9797402693016
qLogEI,10,50,3,4,32,3170.9797402693016
qLogEI,10,50,3,4,33,3170.9797402693016
qLogEI,10,50,3,4,34,3170.9797402693016
qLogEI,10,50,3,4,35,3170.9797402693016
qLogEI,10,50,3,4,36,3170.9797402693016
qLogEI,10,50,3,4,37,3170.9797402693016
qLogEI,10,50,3,4,38,3170.9797402693016
qLogEI,10,50,3,4,39,3170.9797402693016
qLogEI,10,50,3,4,40,3170.9797402693016
qLogEI,10,50,3,4,41,1798.0102957347667
qLogEI,10,50,3,4,42,1798.0102957347667
qLogEI,10,50,3,4,43,1798.0102957347667
qLogEI,10,50,3,4,44,1798.0102957347667
qLogEI,10,50,3,4,45,1798.0102957347667
qLogEI,10,50,3,4,46,1798.0102957347667
qLogEI,10,50,3,4,47,1798.0102957347667
qLogEI,10,50,3,4,48,1798.0102957347667
qLogEI,10,50,3,4,49,1798.0102957347667
qLogEI,10,50,3,4,50,1798.0102957347667
qLogEI,10,50,3,4,51,1798.0102957347667
qLogEI,10,50,3,4,52,1798.0102957347667
qLogEI,10,50,3,4,53,1798.0102957347667
qLogEI,10,50,3,4,54,1798.0102957347667
qLogEI,10,50,3,4,55,1798.0102957347667
qLogEI,10,50,3,4,56,1798.0102957347667
qLogEI,10,50,3,4,57,1798.0102957347667
qLogEI,10,50,3,4,58,1798.0102957347667
qLogEI,10,50,3,4,59,1798.0102957347667
qLogEI,10,50,3,4,60,1798.0102957347667
qLogEI,10,50,3,4,61,1798.0102957347667
qLogEI,10,50,3,4,62,1798.0102957347667
qLogEI,10,50,3,4,63,1798.0102957347667
qLogEI,10,50,3,4,64,1798.0102957347667
qLogEI,10,50,3,4,65,1798.0102957347667
qLogEI,10,50,3,4,66,1798.0102957347667
qLogEI,10,50,3,4,67,1798.0102957347667
qLogEI,10,50,3,4,68,1798.0102957347667
qLogEI,10,50,3,4,69,1798.0102957347667
qLogEI,10,50,3,4,70,1798.0102957347667
qLogEI,10,50,3,4,71,1798.0102957347667
qLogEI,10,50,3,4,72,1798.0102957347667
qLogEI,10,50,3,4,73,1798.0102957347667
qLogEI,10,50,3,4,74,1798.0102957347667
qLogEI,10,50,3,4,75,1798.0102957347667
qLogEI,10,50,3,4,76,1798.0102957347667
qLogEI,10,50,3,4,77,1798.0102957347667
qLogEI,10,50,3,4,78,1798.0102957347667
qLogEI,10,50,3,4,79,1798.0102957347667
qLogEI,10,50,3,4,80,1798.0102957347667
qLogEI,10,50,3,4,81,1798.0102957347667
qLogEI,10,50,3,4,82,1798.0102957347667
qLogEI,10,50,3,4,83,1798.0102957347667
qLogEI,10,50,3,4,84,1798.0102957347667
qLogEI,10,50,3,4,85,1798.0102957347667
qLogEI,10,50,3,4,86,1798.0102957347667
qLogEI,10,50,3,4,87,1798.0102957347667
qLogEI,10,50,3,4,88,1798.0102957347667
qLogEI,10,50,3,4,89,1798.0102957347667
qLogEI,10,50,3,4,90,1798.0102957347667
qLogEI,10,50,3,4,91,1798.0102957347667
qLogEI,10,50,3,4,92,1798.0102957347667
qLogEI,10,50,3,4,93,1798.0102957347667
qLogEI,10,50,3,4,94,1798.0102957347667
qLogEI,10,50,3,4,95,1798.0102957347667
qLogEI,10,50,3,4,96,1798.0102957347667
qLogEI,10,50,3,4,97,1798.0102957347667
qLogEI,10,50,3,4,98,1798.0102957347667
qLogEI,10,50,3,4,99,1798.0102957347667
qLogEI,10,50,3,4,100,1798.0102957347667
RL,10,50,3,4,1,inf
RL,10,50,3,4,2,inf
RL,10,50,3,4,3,inf
RL,10,50,3,4,4,inf
RL,10,50,3,4,5,inf
RL,10,50,3,4,6,inf
RL,10,50,3,4,7,5848.147895064505
RL,10,50,3,4,8,5848.147895064505
RL,10,50,3,4,9,5848.147895064505
RL,10,50,3,4,10,5848.147895064505
RL,10,50,3,4,11,5848.147895064505
RL,10,50,3,4,12,5848.147895064505
RL,10,50,3,4,13,5848.147895064505
RL,10,50,3,4,14,5848.147895064505
RL,10,50,3,4,15,5848.147895064505
RL,10,50,3,4,16,5848.147895064505
RL,10,50,3,4,17,5848.147895064505
RL,10,50,3,4,18,5848.147895064505
RL,10,50,3,4,19,5848.147895064505
RL,10,50,3,4,20,5848.147895064505
RL,10,50,3,4,21,5848.147895064505
RL,10,50,3,4,22,5848.147895064505
RL,10,50,3,4,23,5848.147895064505
RL,10,50,3,4,24,5848.147895064505
RL,10,50,3,4,25,5848.147895064505
RL,10,50,3,4,26,5848.147895064505
RL,10,50,3,4,27,5848.147895064505
RL,10,50,3,4,28,5848.147895064505
RL,10,50,3,4,29,5848.147895064505
RL,10,50,3,4,30,5848.147895064505
RL,10,50,3,4,31,5848.147895064505
RL,10,50,3,4,32,5848.147895064505
RL,10,50,3,4,33,5848.147895064505
RL,10,50,3,4,34,5848.147895064505
RL,10,50,3,4,35,5848.147895064505
RL,10,50,3,4,36,5848.147895064505
RL,10,50,3,4,37,5848.147895064505
RL,10,50,3,4,38,5848.147895064505
RL,10,50,3,4,39,5848.147895064505
RL,10,50,3,4,40,5848.147895064505
RL,10,50,3,4,41,5848.147895064505
RL,10,50,3,4,42,5848.147895064505
RL,10,50,3,4,43,5848.147895064505
RL,10,50,3,4,44,5848.147895064505
RL,10,50,3,4,45,5848.147895064505
RL,10,50,3,4,46,5848.147895064505
RL,10,50,3,4,47,5848.147895064505
RL,10,50,3,4,48,5848.147895064505
RL,10,50,3,4,49,5848.147895064505
RL,10,50,3,4,50,5848.147895064505
RL,10,50,3,4,51,5848.147895064505
RL,10,50,3,4,52,5848.147895064505
RL,10,50,3,4,53,5848.147895064505
RL,10,50,3,4,54,4810.664117765014
RL,10,50,3,4,55,4810.664117765014
RL,10,50,3,4,56,4810.664117765014
RL,10,50,3,4,57,4810.664117765014
RL,10,50,3,4,58,4810.664117765014
RL,10,50,3,4,59,4810.664117765014
RL,10,50,3,4,60,4810.664117765014
RL,10,50,3,4,61,4810.664117765014
RL,10,50,3,4,62,4810.664117765014
RL,10,50,3,4,63,4810.664117765014
RL,10,50,3,4,64,4810.664117765014
RL,10,50,3,4,65,4810.664117765014
RL,10,50,3,4,66,4810.664117765014
RL,10,50,3,4,67,4810.664117765014
RL,10,50,3,4,68,4810.664117765014
RL,10,50,3,4,69,4810.664117765014
RL,10,50,3,4,70,4810.664117765014
RL,10,50,3,4,71,4810.664117765014
RL,10,50,3,4,72,4810.664117765014
RL,10,50,3,4,73,4810.664117765014
RL,10,50,3,4,74,4810.664117765014
RL,10,50,3,4,75,4810.664117765014
RL,10,50,3,4,76,4810.664117765014
RL,10,50,3,4,77,4810.664117765014
RL,10,50,3,4,78,4810.664117765014
RL,10,50,3,4,79,4810.664117765014
RL,10,50,3,4,80,4810.664117765014
RL,10,50,3,4,81,4810.664117765014
RL,10,50,3,4,82,4810.664117765014
RL,10,50,3,4,83,4810.664117765014
RL,10,50,3,4,84,4810.664117765014
RL,10,50,3,4,85,4810.664117765014
RL,10,50,3,4,86,4810.664117765014
RL,10,50,3,4,87,4810.664117765014
RL,10,50,3,4,88,4810.664117765014
RL,10,50,3,4,89,4810.664117765014
RL,10,50,3,4,90,4810.664117765014
RL,10,50,3,4,91,4810.664117765014
RL,10,50,3,4,92,4810.664117765014
RL,10,50,3,4,93,4810.664117765014
RL,10,50,3,4,94,4810.664117765014
RL,10,50,3,4,95,4810.664117765014
RL,10,50,3,4,96,4810.664117765014
RL,10,50,3,4,97,4810.664117765014
RL,10,50,3,4,98,4810.664117765014
RL,10,50,3,4,99,4810.664117765014
RL,10,50,3,4,100,4810.664117765014
Random,10,52,1,0,1,inf
Random,10,52,1,0,2,inf
Random,10,52,1,0,3,inf
Random,10,52,1,0,4,inf
Random,10,52,1,0,5,inf
Random,10,52,1,0,6,inf
Random,10,52,1,0,7,inf
Random,10,52,1,0,8,inf
Random,10,52,1,0,9,inf
Random,10,52,1,0,10,inf
Random,10,52,1,0,11,inf
Random,10,52,1,0,12,inf
Random,10,52,1,0,13,inf
Random,10,52,1,0,14,inf
Random,10,52,1,0,15,inf
Random,10,52,1,0,16,inf
Random,10,52,1,0,17,inf
Random,10,52,1,0,18,inf
Random,10,52,1,0,19,inf
Random,10,52,1,0,20,inf
Random,10,52,1,0,21,inf
Random,10,52,1,0,22,inf
Random,10,52,1,0,23,inf
Random,10,52,1,0,24,inf
Random,10,52,1,0,25,inf
Random,10,52,1,0,26,inf
Random,10,52,1,0,27,inf
Random,10,52,1,0,28,inf
Random,10,52,1,0,29,inf
Random,10,52,1,0,30,inf
Random,10,52,1,0,31,inf
Random,10,52,1,0,32,inf
Random,10,52,1,0,33,inf
Random,10,52,1,0,34,inf
Random,10,52,1,0,35,inf
Random,10,52,1,0,36,inf
Random,10,52,1,0,37,inf
Random,10,52,1,0,38,inf
Random,10,52,1,0,39,inf
Random,10,52,1,0,40,inf
Random,10,52,1,0,41,inf
Random,10,52,1,0,42,inf
Random,10,52,1,0,43,inf
Random,10,52,1,0,44,inf
Random,10,52,1,0,45,inf
Random,10,52,1,0,46,inf
Random,10,52,1,0,47,inf
Random,10,52,1,0,48,inf
Random,10,52,1,0,49,inf
Random,10,52,1,0,50,inf
Random,10,52,1,0,51,inf
Random,10,52,1,0,52,inf
Random,10,52,1,0,53,inf
Random,10,52,1,0,54,inf
Random,10,52,1,0,55,inf
Random,10,52,1,0,56,inf
Random,10,52,1,0,57,inf
Random,10,52,1,0,58,inf
Random,10,52,1,0,59,inf
Random,10,52,1,0,60,inf
Random,10,52,1,0,61,inf
Random,10,52,1,0,62,inf
Random,10,52,1,0,63,inf
Random,10,52,1,0,64,inf
Random,10,52,1,0,65,inf
Random,10,52,1,0,66,inf
Random,10,52,1,0,67,inf
Random,10,52,1,0,68,inf
Random,10,52,1,0,69,inf
Random,10,52,1,0,70,inf
Random,10,52,1,0,71,inf
Random,10,52,1,0,72,inf
Random,10,52,1,0,73,inf
Random,10,52,1,0,74,inf
Random,10,52,1,0,75,inf
Random,10,52,1,0,76,inf
Random,10,52,1,0,77,inf
Random,10,52,1,0,78,inf
Random,10,52,1,0,79,inf
Random,10,52,1,0,80,inf
Random,10,52,1,0,81,inf
Random,10,52,1,0,82,inf
Random,10,52,1,0,83,inf
Random,10,52,1,0,84,inf
Random,10,52,1,0,85,inf
Random,10,52,1,0,86,inf
Random,10,52,1,0,87,inf
Random,10,52,1,0,88,inf
Random,10,52,1,0,89,inf
Random,10,52,1,0,90,inf
Random,10,52,1,0,91,inf
Random,10,52,1,0,92,inf
Random,10,52,1,0,93,inf
Random,10,52,1,0,94,inf
Random,10,52,1,0,95,inf
Random,10,52,1,0,96,inf
Random,10,52,1,0,97,inf
Random,10,52,1,0,98,inf
Random,10,52,1,0,99,inf
Random,10,52,1,0,100,inf
qLogEI,10,52,1,0,1,inf
qLogEI,10,52,1,0,2,inf
qLogEI,10,52,1,0,3,inf
qLogEI,10,52,1,0,4,inf
qLogEI,10,52,1,0,5,inf
qLogEI,10,52,1,0,6,inf
qLogEI,10,52,1,0,7,inf
qLogEI,10,52,1,0,8,inf
qLogEI,10,52,1,0,9,inf
qLogEI,10,52,1,0,10,inf
qLogEI,10,52,1,0,11,inf
qLogEI,10,52,1,0,12,inf
qLogEI,10,52,1,0,13,inf
qLogEI,10,52,1,0,14,inf
qLogEI,10,52,1,0,15,inf
qLogEI,10,52,1,0,16,inf
qLogEI,10,52,1,0,17,inf
qLogEI,10,52,1,0,18,inf
qLogEI,10,52,1,0,19,inf
qLogEI,10,52,1,0,20,inf
qLogEI,10,52,1,0,21,inf
qLogEI,10,52,1,0,22,inf
qLogEI,10,52,1,0,23,inf
qLogEI,10,52,1,0,24,inf
qLogEI,10,52,1,0,25,inf
qLogEI,10,52,1,0,26,inf
qLogEI,10,52,1,0,27,inf
qLogEI,10,52,1,0,28,inf
qLogEI,10,52,1,0,29,inf
qLogEI,10,52,1,0,30,inf
qLogEI,10,52,1,0,31,inf
qLogEI,10,52,1,0,32,inf
qLogEI,10,52,1,0,33,inf
qLogEI,10,52,1,0,34,inf
qLogEI,10,52,1,0,35,inf
qLogEI,10,52,1,0,36,inf
qLogEI,10,52,1,0,37,inf
qLogEI,10,52,1,0,38,inf
qLogEI,10,52,1,0,39,inf
qLogEI,10,52,1,0,40,inf
qLogEI,10,52,1,0,41,inf
qLogEI,10,52,1,0,42,inf
qLogEI,10,52,1,0,43,inf
qLogEI,10,52,1,0,44,inf
qLogEI,10,52,1,0,45,inf
qLogEI,10,52,1,0,46,inf
qLogEI,10,52,1,0,47,inf
qLogEI,10,52,1,0,48,inf
qLogEI,10,52,1,0,49,inf
qLogEI,10,52,1,0,50,inf
qLogEI,10,52,1,0,51,inf
qLogEI,10,52,1,0,52,inf
qLogEI,10,52,1,0,53,inf
qLogEI,10,52,1,0,54,inf
qLogEI,10,52,1,0,55,inf
qLogEI,10,52,1,0,56,inf
qLogEI,10,52,1,0,57,inf
qLogEI,10,52,1,0,58,inf
qLogEI,10,52,1,0,59,inf
qLogEI,10,52,1,0,60,inf
qLogEI,10,52,1,0,61,inf
qLogEI,10,52,1,0,62,inf
qLogEI,10,52,1,0,63,inf
qLogEI,10,52,1,0,64,inf
qLogEI,10,52,1,0,65,inf
qLogEI,10,52,1,0,66,inf
qLogEI,10,52,1,0,67,inf
qLogEI,10,52,1,0,68,inf
qLogEI,10,52,1,0,69,inf
qLogEI,10,52,1,0,70,inf
qLogEI,10,52,1,0,71,inf
qLogEI,10,52,1,0,72,inf
qLogEI,10,52,1,0,73,inf
qLogEI,10,52,1,0,74,inf
qLogEI,10,52,1,0,75,inf
qLogEI,10,52,1,0,76,inf
qLogEI,10,52,1,0,77,inf
qLogEI,10,52,1,0,78,inf
qLogEI,10,52,1,0,79,inf
qLogEI,10,52,1,0,80,inf
qLogEI,10,52,1,0,81,inf
qLogEI,10,52,1,0,82,inf
qLogEI,10,52,1,0,83,inf
qLogEI,10,52,1,0,84,inf
qLogEI,10,52,1,0,85,inf
qLogEI,10,52,1,0,86,inf
qLogEI,10,52,1,0,87,inf
qLogEI,10,52,1,0,88,inf
qLogEI,10,52,1,0,89,inf
qLogEI,10,52,1,0,90,inf
qLogEI,10,52,1,0,91,inf
qLogEI,10,52,1,0,92,inf
qLogEI,10,52,1,0,93,inf
qLogEI,10,52,1,0,94,inf
qLogEI,10,52,1,0,95,inf
qLogEI,10,52,1,0,96,inf
qLogEI,10,52,1,0,97,inf
qLogEI,10,52,1,0,98,inf
qLogEI,10,52,1,0,99,inf
qLogEI,10,52,1,0,100,inf
RL,10,52,1,0,1,inf
RL,10,52,1,0,2,inf
RL,10,52,1,0,3,inf
RL,10,52,1,0,4,inf
RL,10,52,1,0,5,inf
RL,10,52,1,0,6,inf
RL,10,52,1,0,7,inf
RL,10,52,1,0,8,inf
RL,10,52,1,0,9,inf
RL,10,52,1,0,10,inf
RL,10,52,1,0,11,inf
RL,10,52,1,0,12,inf
RL,10,52,1,0,13,inf
RL,10,52,1,0,14,inf
RL,10,52,1,0,15,inf
RL,10,52,1,0,16,inf
RL,10,52,1,0,17,inf
RL,10,52,1,0,18,inf
RL,10,52,1,0,19,inf
RL,10,52,1,0,20,inf
RL,10,52,1,0,21,inf
RL,10,52,1,0,22,inf
RL,10,52,1,0,23,inf
RL,10,52,1,0,24,inf
RL,10,52,1,0,25,inf
RL,10,52,1,0,26,inf
RL,10,52,1,0,27,inf
RL,10,52,1,0,28,inf
RL,10,52,1,0,29,inf
RL,10,52,1,0,30,inf
RL,10,52,1,0,31,inf
RL,10,52,1,0,32,inf
RL,10,52,1,0,33,inf
RL,10,52,1,0,34,inf
RL,10,52,1,0,35,inf
RL,10,52,1,0,36,inf
RL,10,52,1,0,37,inf
RL,10,52,1,0,38,inf
RL,10,52,1,0,39,inf
RL,10,52,1,0,40,inf
RL,10,52,1,0,41,inf
RL,10,52,1,0,42,inf
RL,10,52,1,0,43,inf
RL,10,52,1,0,44,inf
RL,10,52,1,0,45,inf
RL,10,52,1,0,46,inf
RL,10,52,1,0,47,inf
RL,10,52,1,0,48,inf
RL,10,52,1,0,49,inf
RL,10,52,1,0,50,inf
RL,10,52,1,0,51,inf
RL,10,52,1,0,52,inf
RL,10,52,1,0,53,inf
RL,10,52,1,0,54,inf
RL,10,52,1,0,55,inf
RL,10,52,1,0,56,inf
RL,10,52,1,0,57,inf
RL,10,52,1,0,58,inf
RL,10,52,1,0,59,inf
RL,10,52,1,0,60,inf
RL,10,52,1,0,61,inf
RL,10,52,1,0,62,inf
RL,10,52,1,0,63,inf
RL,10,52,1,0,64,inf
RL,10,52,1,0,65,inf
RL,10,52,1,0,66,inf
RL,10,52,1,0,67,inf
RL,10,52,1,0,68,inf
RL,10,52,1,0,69,inf
RL,10,52,1,0,70,inf
RL,10,52,1,0,71,inf
RL,10,52,1,0,72,inf
RL,10,52,1,0,73,inf
RL,10,52,1,0,74,inf
RL,10,52,1,0,75,inf
RL,10,52,1,0,76,inf
RL,10,52,1,0,77,inf
RL,10,52,1,0,78,inf
RL,10,52,1,0,79,inf
RL,10,52,1,0,80,inf
RL,10,52,1,0,81,inf
RL,10,52,1,0,82,inf
RL,10,52,1,0,83,inf
RL,10,52,1,0,84,inf
RL,10,52,1,0,85,inf
RL,10,52,1,0,86,inf
RL,10,52,1,0,87,inf
RL,10,52,1,0,88,inf
RL,10,52,1,0,89,inf
RL,10,52,1,0,90,inf
RL,10,52,1,0,91,inf
RL,10,52,1,0,92,inf
RL,10,52,1,0,93,inf
RL,10,52,1,0,94,inf
RL,10,52,1,0,95,inf
RL,10,52,1,0,96,inf
RL,10,52,1,0,97,inf
RL,10,52,1,0,98,inf
RL,10,52,1,0,99,inf
RL,10,52,1,0,100,inf
Random,10,52,1,1,1,inf
Random,10,52,1,1,2,inf
Random,10,52,1,1,3,inf
Random,10,52,1,1,4,inf
Random,10,52,1,1,5,inf
Random,10,52,1,1,6,inf
Random,10,52,1,1,7,inf
Random,10,52,1,1,8,inf
Random,10,52,1,1,9,inf
Random,10,52,1,1,10,inf
Random,10,52,1,1,11,inf
Random,10,52,1,1,12,inf
Random,10,52,1,1,13,inf
Random,10,52,1,1,14,inf
Random,10,52,1,1,15,inf
Random,10,52,1,1,16,inf
Random,10,52,1,1,17,inf
Random,10,52,1,1,18,inf
Random,10,52,1,1,19,inf
Random,10,52,1,1,20,inf
Random,10,52,1,1,21,inf
Random,10,52,1,1,22,inf
Random,10,52,1,1,23,inf
Random,10,52,1,1,24,inf
Random,10,52,1,1,25,inf
Random,10,52,1,1,26,inf
Random,10,52,1,1,27,inf
Random,10,52,1,1,28,inf
Random,10,52,1,1,29,inf
Random,10,52,1,1,30,inf
Random,10,52,1,1,31,inf
Random,10,52,1,1,32,inf
Random,10,52,1,1,33,inf
Random,10,52,1,1,34,inf
Random,10,52,1,1,35,inf
Random,10,52,1,1,36,inf
Random,10,52,1,1,37,inf
Random,10,52,1,1,38,inf
Random,10,52,1,1,39,inf
Random,10,52,1,1,40,inf
Random,10,52,1,1,41,inf
Random,10,52,1,1,42,inf
Random,10,52,1,1,43,inf
Random,10,52,1,1,44,inf
Random,10,52,1,1,45,inf
Random,10,52,1,1,46,inf
Random,10,52,1,1,47,inf
Random,10,52,1,1,48,inf
Random,10,52,1,1,49,inf
Random,10,52,1,1,50,inf
Random,10,52,1,1,51,inf
Random,10,52,1,1,52,inf
Random,10,52,1,1,53,inf
Random,10,52,1,1,54,inf
Random,10,52,1,1,55,inf
Random,10,52,1,1,56,inf
Random,10,52,1,1,57,inf
Random,10,52,1,1,58,inf
Random,10,52,1,1,59,inf
Random,10,52,1,1,60,inf
Random,10,52,1,1,61,inf
Random,10,52,1,1,62,inf
Random,10,52,1,1,63,inf
Random,10,52,1,1,64,inf
Random,10,52,1,1,65,inf
Random,10,52,1,1,66,inf
Random,10,52,1,1,67,inf
Random,10,52,1,1,68,inf
Random,10,52,1,1,69,inf
Random,10,52,1,1,70,inf
Random,10,52,1,1,71,inf
Random,10,52,1,1,72,inf
Random,10,52,1,1,73,inf
Random,10,52,1,1,74,inf
Random,10,52,1,1,75,inf
Random,10,52,1,1,76,inf
Random,10,52,1,1,77,inf
Random,10,52,1,1,78,inf
Random,10,52,1,1,79,inf
Random,10,52,1,1,80,inf
Random,10,52,1,1,81,inf
Random,10,52,1,1,82,inf
Random,10,52,1,1,83,inf
Random,10,52,1,1,84,inf
Random,10,52,1,1,85,inf
Random,10,52,1,1,86,inf
Random,10,52,1,1,87,inf
Random,10,52,1,1,88,inf
Random,10,52,1,1,89,inf
Random,10,52,1,1,90,inf
Random,10,52,1,1,91,inf
Random,10,52,1,1,92,inf
Random,10,52,1,1,93,inf
Random,10,52,1,1,94,inf
Random,10,52,1,1,95,inf
Random,10,52,1,1,96,inf
Random,10,52,1,1,97,inf
Random,10,52,1,1,98,inf
Random,10,52,1,1,99,inf
Random,10,52,1,1,100,inf
qLogEI,10,52,1,1,1,inf
qLogEI,10,52,1,1,2,inf
qLogEI,10,52,1,1,3,inf
qLogEI,10,52,1,1,4,inf
qLogEI,10,52,1,1,5,inf
qLogEI,10,52,1,1,6,inf
qLogEI,10,52,1,1,7,inf
qLogEI,10,52,1,1,8,inf
qLogEI,10,52,1,1,9,inf
qLogEI,10,52,1,1,10,inf
qLogEI,10,52,1,1,11,inf
qLogEI,10,52,1,1,12,inf
qLogEI,10,52,1,1,13,inf
qLogEI,10,52,1,1,14,inf
qLogEI,10,52,1,1,15,inf
qLogEI,10,52,1,1,16,inf
qLogEI,10,52,1,1,17,inf
qLogEI,10,52,1,1,18,inf
qLogEI,10,52,1,1,19,inf
qLogEI,10,52,1,1,20,inf
qLogEI,10,52,1,1,21,inf
qLogEI,10,52,1,1,22,inf
qLogEI,10,52,1,1,23,inf
qLogEI,10,52,1,1,24,inf
qLogEI,10,52,1,1,25,inf
qLogEI,10,52,1,1,26,inf
qLogEI,10,52,1,1,27,inf
qLogEI,10,52,1,1,28,inf
qLogEI,10,52,1,1,29,inf
qLogEI,10,52,1,1,30,inf
qLogEI,10,52,1,1,31,inf
qLogEI,10,52,1,1,32,inf
qLogEI,10,52,1,1,33,inf
qLogEI,10,52,1,1,34,inf
qLogEI,10,52,1,1,35,inf
qLogEI,10,52,1,1,36,inf
qLogEI,10,52,1,1,37,inf
qLogEI,10,52,1,1,38,inf
qLogEI,10,52,1,1,39,inf
qLogEI,10,52,1,1,40,inf
qLogEI,10,52,1,1,41,inf
qLogEI,10,52,1,1,42,inf
qLogEI,10,52,1,1,43,inf
qLogEI,10,52,1,1,44,inf
qLogEI,10,52,1,1,45,inf
qLogEI,10,52,1,1,46,inf
qLogEI,10,52,1,1,47,inf
qLogEI,10,52,1,1,48,inf
qLogEI,10,52,1,1,49,inf
qLogEI,10,52,1,1,50,inf
qLogEI,10,52,1,1,51,inf
qLogEI,10,52,1,1,52,inf
qLogEI,10,52,1,1,53,inf
qLogEI,10,52,1,1,54,inf
qLogEI,10,52,1,1,55,inf
qLogEI,10,52,1,1,56,inf
qLogEI,10,52,1,1,57,inf
qLogEI,10,52,1,1,58,inf
qLogEI,10,52,1,1,59,inf
qLogEI,10,52,1,1,60,inf
qLogEI,10,52,1,1,61,inf
qLogEI,10,52,1,1,62,inf
qLogEI,10,52,1,1,63,inf
qLogEI,10,52,1,1,64,inf
qLogEI,10,52,1,1,65,inf
qLogEI,10,52,1,1,66,inf
qLogEI,10,52,1,1,67,inf
qLogEI,10,52,1,1,68,inf
qLogEI,10,52,1,1,69,inf
qLogEI,10,52,1,1,70,inf
qLogEI,10,52,1,1,71,inf
qLogEI,10,52,1,1,72,inf
qLogEI,10,52,1,1,73,inf
qLogEI,10,52,1,1,74,inf
qLogEI,10,52,1,1,75,inf
qLogEI,10,52,1,1,76,inf
qLogEI,10,52,1,1,77,inf
qLogEI,10,52,1,1,78,inf
qLogEI,10,52,1,1,79,inf
qLogEI,10,52,1,1,80,inf
qLogEI,10,52,1,1,81,inf
qLogEI,10,52,1,1,82,inf
qLogEI,10,52,1,1,83,inf
qLogEI,10,52,1,1,84,inf
qLogEI,10,52,1,1,85,inf
qLogEI,10,52,1,1,86,inf
qLogEI,10,52,1,1,87,inf
qLogEI,10,52,1,1,88,inf
qLogEI,10,52,1,1,89,inf
qLogEI,10,52,1,1,90,inf
qLogEI,10,52,1,1,91,inf
qLogEI,10,52,1,1,92,inf
qLogEI,10,52,1,1,93,inf
qLogEI,10,52,1,1,94,inf
qLogEI,10,52,1,1,95,inf
qLogEI,10,52,1,1,96,inf
qLogEI,10,52,1,1,97,inf
qLogEI,10,52,1,1,98,inf
qLogEI,10,52,1,1,99,inf
qLogEI,10,52,1,1,100,inf
RL,10,52,1,1,1,inf
RL,10,52,1,1,2,inf
RL,10,52,1,1,3,inf
RL,10,52,1,1,4,inf
RL,10,52,1,1,5,inf
RL,10,52,1,1,6,inf
RL,10,52,1,1,7,inf
RL,10,52,1,1,8,inf
RL,10,52,1,1,9,inf
RL,10,52,1,1,10,inf
RL,10,52,1,1,11,inf
RL,10,52,1,1,12,inf
RL,10,52,1,1,13,inf
RL,10,52,1,1,14,inf
RL,10,52,1,1,15,inf
RL,10,52,1,1,16,inf
RL,10,52,1,1,17,inf
RL,10,52,1,1,18,inf
RL,10,52,1,1,19,inf
RL,10,52,1,1,20,inf
RL,10,52,1,1,21,inf
RL,10,52,1,1,22,inf
RL,10,52,1,1,23,inf
RL,10,52,1,1,24,inf
RL,10,52,1,1,25,inf
RL,10,52,1,1,26,inf
RL,10,52,1,1,27,inf
RL,10,52,1,1,28,inf
RL,10,52,1,1,29,inf
RL,10,52,1,1,30,inf
RL,10,52,1,1,31,inf
RL,10,52,1,1,32,inf
RL,10,52,1,1,33,inf
RL,10,52,1,1,34,inf
RL,10,52,1,1,35,inf
RL,10,52,1,1,36,inf
RL,10,52,1,1,37,inf
RL,10,52,1,1,38,inf
RL,10,52,1,1,39,inf
RL,10,52,1,1,40,inf
RL,10,52,1,1,41,inf
RL,10,52,1,1,42,inf
RL,10,52,1,1,43,inf
RL,10,52,1,1,44,inf
RL,10,52,1,1,45,inf
RL,10,52,1,1,46,inf
RL,10,52,1,1,47,inf
RL,10,52,1,1,48,inf
RL,10,52,1,1,49,inf
RL,10,52,1,1,50,inf
RL,10,52,1,1,51,inf
RL,10,52,1,1,52,inf
RL,10,52,1,1,53,inf
RL,10,52,1,1,54,inf
RL,10,52,1,1,55,inf
RL,10,52,1,1,56,inf
RL,10,52,1,1,57,inf
RL,10,52,1,1,58,inf
RL,10,52,1,1,59,inf
RL,10,52,1,1,60,inf
RL,10,52,1,1,61,inf
RL,10,52,1,1,62,inf
RL,10,52,1,1,63,inf
RL,10,52,1,1,64,inf
RL,10,52,1,1,65,inf
RL,10,52,1,1,66,inf
RL,10,52,1,1,67,inf
RL,10,52,1,1,68,inf
RL,10,52,1,1,69,inf
RL,10,52,1,1,70,inf
RL,10,52,1,1,71,inf
RL,10,52,1,1,72,inf
RL,10,52,1,1,73,inf
RL,10,52,1,1,74,inf
RL,10,52,1,1,75,inf
RL,10,52,1,1,76,inf
RL,10,52,1,1,77,inf
RL,10,52,1,1,78,inf
RL,10,52,1,1,79,inf
RL,10,52,1,1,80,inf
RL,10,52,1,1,81,inf
RL,10,52,1,1,82,inf
RL,10,52,1,1,83,inf
RL,10,52,1,1,84,inf
RL,10,52,1,1,85,inf
RL,10,52,1,1,86,inf
RL,10,52,1,1,87,inf
RL,10,52,1,1,88,inf
RL,10,52,1,1,89,inf
RL,10,52,1,1,90,inf
RL,10,52,1,1,91,inf
RL,10,52,1,1,92,inf
RL,10,52,1,1,93,inf
RL,10,52,1,1,94,inf
RL,10,52,1,1,95,inf
RL,10,52,1,1,96,inf
RL,10,52,1,1,97,inf
RL,10,52,1,1,98,inf
RL,10,52,1,1,99,inf
RL,10,52,1,1,100,inf
Random,10,52,1,2,1,inf
Random,10,52,1,2,2,inf
Random,10,52,1,2,3,inf
Random,10,52,1,2,4,inf
Random,10,52,1,2,5,inf
Random,10,52,1,2,6,inf
Random,10,52,1,2,7,inf
Random,10,52,1,2,8,inf
Random,10,52,1,2,9,inf
Random,10,52,1,2,10,inf
Random,10,52,1,2,11,inf
Random,10,52,1,2,12,inf
Random,10,52,1,2,13,inf
Random,10,52,1,2,14,inf
Random,10,52,1,2,15,inf
Random,10,52,1,2,16,inf
Random,10,52,1,2,17,inf
Random,10,52,1,2,18,inf
Random,10,52,1,2,19,inf
Random,10,52,1,2,20,inf
Random,10,52,1,2,21,inf
Random,10,52,1,2,22,inf
Random,10,52,1,2,23,inf
Random,10,52,1,2,24,inf
Random,10,52,1,2,25,inf
Random,10,52,1,2,26,inf
Random,10,52,1,2,27,inf
Random,10,52,1,2,28,inf
Random,10,52,1,2,29,inf
Random,10,52,1,2,30,inf
Random,10,52,1,2,31,inf
Random,10,52,1,2,32,inf
Random,10,52,1,2,33,inf
Random,10,52,1,2,34,inf
Random,10,52,1,2,35,inf
Random,10,52,1,2,36,inf
Random,10,52,1,2,37,inf
Random,10,52,1,2,38,inf
Random,10,52,1,2,39,inf
Random,10,52,1,2,40,inf
Random,10,52,1,2,41,inf
Random,10,52,1,2,42,inf
Random,10,52,1,2,43,inf
Random,10,52,1,2,44,inf
Random,10,52,1,2,45,inf
Random,10,52,1,2,46,inf
Random,10,52,1,2,47,inf
Random,10,52,1,2,48,inf
Random,10,52,1,2,49,inf
Random,10,52,1,2,50,inf
Random,10,52,1,2,51,inf
Random,10,52,1,2,52,inf
Random,10,52,1,2,53,inf
Random,10,52,1,2,54,inf
Random,10,52,1,2,55,inf
Random,10,52,1,2,56,inf
Random,10,52,1,2,57,inf
Random,10,52,1,2,58,inf
Random,10,52,1,2,59,inf
Random,10,52,1,2,60,inf
Random,10,52,1,2,61,inf
Random,10,52,1,2,62,inf
Random,10,52,1,2,63,inf
Random,10,52,1,2,64,inf
Random,10,52,1,2,65,inf
Random,10,52,1,2,66,inf
Random,10,52,1,2,67,inf
Random,10,52,1,2,68,inf
Random,10,52,1,2,69,inf
Random,10,52,1,2,70,inf
Random,10,52,1,2,71,inf
Random,10,52,1,2,72,inf
Random,10,52,1,2,73,inf
Random,10,52,1,2,74,inf
Random,10,52,1,2,75,inf
Random,10,52,1,2,76,inf
Random,10,52,1,2,77,inf
Random,10,52,1,2,78,inf
Random,10,52,1,2,79,inf
Random,10,52,1,2,80,inf
Random,10,52,1,2,81,inf
Random,10,52,1,2,82,inf
Random,10,52,1,2,83,inf
Random,10,52,1,2,84,inf
Random,10,52,1,2,85,inf
Random,10,52,1,2,86,inf
Random,10,52,1,2,87,inf
Random,10,52,1,2,88,inf
Random,10,52,1,2,89,inf
Random,10,52,1,2,90,inf
Random,10,52,1,2,91,inf
Random,10,52,1,2,92,inf
Random,10,52,1,2,93,inf
Random,10,52,1,2,94,inf
Random,10,52,1,2,95,inf
Random,10,52,1,2,96,inf
Random,10,52,1,2,97,inf
Random,10,52,1,2,98,inf
Random,10,52,1,2,99,inf
Random,10,52,1,2,100,inf
qLogEI,10,52,1,2,1,inf
qLogEI,10,52,1,2,2,inf
qLogEI,10,52,1,2,3,inf
qLogEI,10,52,1,2,4,inf
qLogEI,10,52,1,2,5,inf
qLogEI,10,52,1,2,6,inf
qLogEI,10,52,1,2,7,inf
qLogEI,10,52,1,2,8,inf
qLogEI,10,52,1,2,9,inf
qLogEI,10,52,1,2,10,inf
qLogEI,10,52,1,2,11,inf
qLogEI,10,52,1,2,12,inf
qLogEI,10,52,1,2,13,inf
qLogEI,10,52,1,2,14,inf
qLogEI,10,52,1,2,15,inf
qLogEI,10,52,1,2,16,inf
qLogEI,10,52,1,2,17,inf
qLogEI,10,52,1,2,18,inf
qLogEI,10,52,1,2,19,inf
qLogEI,10,52,1,2,20,inf
qLogEI,10,52,1,2,21,inf
qLogEI,10,52,1,2,22,inf
qLogEI,10,52,1,2,23,inf
qLogEI,10,52,1,2,24,inf
qLogEI,10,52,1,2,25,inf
qLogEI,10,52,1,2,26,inf
qLogEI,10,52,1,2,27,inf
qLogEI,10,52,1,2,28,inf
qLogEI,10,52,1,2,29,inf
qLogEI,10,52,1,2,30,inf
qLogEI,10,52,1,2,31,inf
qLogEI,10,52,1,2,32,inf
qLogEI,10,52,1,2,33,inf
qLogEI,10,52,1,2,34,inf
qLogEI,10,52,1,2,35,inf
qLogEI,10,52,1,2,36,inf
qLogEI,10,52,1,2,37,inf
qLogEI,10,52,1,2,38,inf
qLogEI,10,52,1,2,39,inf
qLogEI,10,52,1,2,40,inf
qLogEI,10,52,1,2,41,inf
qLogEI,10,52,1,2,42,inf
qLogEI,10,52,1,2,43,inf
qLogEI,10,52,1,2,44,inf
qLogEI,10,52,1,2,45,inf
qLogEI,10,52,1,2,46,inf
qLogEI,10,52,1,2,47,inf
qLogEI,10,52,1,2,48,inf
qLogEI,10,52,1,2,49,inf
qLogEI,10,52,1,2,50,inf
qLogEI,10,52,1,2,51,inf
qLogEI,10,52,1,2,52,inf
qLogEI,10,52,1,2,53,inf
qLogEI,10,52,1,2,54,inf
qLogEI,10,52,1,2,55,inf
qLogEI,10,52,1,2,56,inf
qLogEI,10,52,1,2,57,inf
qLogEI,10,52,1,2,58,inf
qLogEI,10,52,1,2,59,inf
qLogEI,10,52,1,2,60,inf
qLogEI,10,52,1,2,61,inf
qLogEI,10,52,1,2,62,inf
qLogEI,10,52,1,2,63,inf
qLogEI,10,52,1,2,64,inf
qLogEI,10,52,1,2,65,inf
qLogEI,10,52,1,2,66,inf
qLogEI,10,52,1,2,67,inf
qLogEI,10,52,1,2,68,inf
qLogEI,10,52,1,2,69,inf
qLogEI,10,52,1,2,70,inf
qLogEI,10,52,1,2,71,inf
qLogEI,10,52,1,2,72,inf
qLogEI,10,52,1,2,73,inf
qLogEI,10,52,1,2,74,inf
qLogEI,10,52,1,2,75,inf
qLogEI,10,52,1,2,76,inf
qLogEI,10,52,1,2,77,inf
qLogEI,10,52,1,2,78,inf
qLogEI,10,52,1,2,79,inf
qLogEI,10,52,1,2,80,inf
qLogEI,10,52,1,2,81,inf
qLogEI,10,52,1,2,82,inf
qLogEI,10,52,1,2,83,inf
qLogEI,10,52,1,2,84,inf
qLogEI,10,52,1,2,85,inf
qLogEI,10,52,1,2,86,inf
qLogEI,10,52,1,2,87,inf
qLogEI,10,52,1,2,88,inf
qLogEI,10,52,1,2,89,inf
qLogEI,10,52,1,2,90,inf
qLogEI,10,52,1,2,91,inf
qLogEI,10,52,1,2,92,inf
qLogEI,10,52,1,2,93,inf
qLogEI,10,52,1,2,94,inf
qLogEI,10,52,1,2,95,inf
qLogEI,10,52,1,2,96,inf
qLogEI,10,52,1,2,97,inf
qLogEI,10,52,1,2,98,inf
qLogEI,10,52,1,2,99,inf
qLogEI,10,52,1,2,100,inf
RL,10,52,1,2,1,inf
RL,10,52,1,2,2,inf
RL,10,52,1,2,3,inf
RL,10,52,1,2,4,inf
RL,10,52,1,2,5,inf
RL,10,52,1,2,6,inf
RL,10,52,1,2,7,inf
RL,10,52,1,2,8,inf
RL,10,52,1,2,9,inf
RL,10,52,1,2,10,inf
RL,10,52,1,2,11,inf
RL,10,52,1,2,12,inf
RL,10,52,1,2,13,inf
RL,10,52,1,2,14,inf
RL,10,52,1,2,15,inf
RL,10,52,1,2,16,inf
RL,10,52,1,2,17,inf
RL,10,52,1,2,18,inf
RL,10,52,1,2,19,inf
RL,10,52,1,2,20,inf
RL,10,52,1,2,21,inf
RL,10,52,1,2,22,inf
RL,10,52,1,2,23,inf
RL,10,52,1,2,24,inf
RL,10,52,1,2,25,inf
RL,10,52,1,2,26,inf
RL,10,52,1,2,27,inf
RL,10,52,1,2,28,inf
RL,10,52,1,2,29,inf
RL,10,52,1,2,30,inf
RL,10,52,1,2,31,inf
RL,10,52,1,2,32,inf
RL,10,52,1,2,33,inf
RL,10,52,1,2,34,inf
RL,10,52,1,2,35,inf
RL,10,52,1,2,36,inf
RL,10,52,1,2,37,inf
RL,10,52,1,2,38,inf
RL,10,52,1,2,39,inf
RL,10,52,1,2,40,inf
RL,10,52,1,2,41,inf
RL,10,52,1,2,42,inf
RL,10,52,1,2,43,inf
RL,10,52,1,2,44,inf
RL,10,52,1,2,45,inf
RL,10,52,1,2,46,inf
RL,10,52,1,2,47,inf
RL,10,52,1,2,48,inf
RL,10,52,1,2,49,inf
RL,10,52,1,2,50,inf
RL,10,52,1,2,51,inf
RL,10,52,1,2,52,inf
RL,10,52,1,2,53,inf
RL,10,52,1,2,54,inf
RL,10,52,1,2,55,inf
RL,10,52,1,2,56,inf
RL,10,52,1,2,57,inf
RL,10,52,1,2,58,inf
RL,10,52,1,2,59,inf
RL,10,52,1,2,60,inf
RL,10,52,1,2,61,inf
RL,10,52,1,2,62,inf
RL,10,52,1,2,63,inf
RL,10,52,1,2,64,inf
RL,10,52,1,2,65,inf
RL,10,52,1,2,66,inf
RL,10,52,1,2,67,inf
RL,10,52,1,2,68,inf
RL,10,52,1,2,69,inf
RL,10,52,1,2,70,inf
RL,10,52,1,2,71,inf
RL,10,52,1,2,72,inf
RL,10,52,1,2,73,inf
RL,10,52,1,2,74,inf
RL,10,52,1,2,75,inf
RL,10,52,1,2,76,inf
RL,10,52,1,2,77,inf
RL,10,52,1,2,78,inf
RL,10,52,1,2,79,inf
RL,10,52,1,2,80,inf
RL,10,52,1,2,81,inf
RL,10,52,1,2,82,inf
RL,10,52,1,2,83,inf
RL,10,52,1,2,84,inf
RL,10,52,1,2,85,inf
RL,10,52,1,2,86,inf
RL,10,52,1,2,87,inf
RL,10,52,1,2,88,inf
RL,10,52,1,2,89,inf
RL,10,52,1,2,90,inf
RL,10,52,1,2,91,inf
RL,10,52,1,2,92,inf
RL,10,52,1,2,93,inf
RL,10,52,1,2,94,inf
RL,10,52,1,2,95,inf
RL,10,52,1,2,96,inf
RL,10,52,1,2,97,inf
RL,10,52,1,2,98,inf
RL,10,52,1,2,99,inf
RL,10,52,1,2,100,inf
Random,10,52,1,3,1,inf
Random,10,52,1,3,2,inf
Random,10,52,1,3,3,inf
Random,10,52,1,3,4,inf
Random,10,52,1,3,5,inf
Random,10,52,1,3,6,inf
Random,10,52,1,3,7,inf
Random,10,52,1,3,8,inf
Random,10,52,1,3,9,inf
Random,10,52,1,3,10,inf
Random,10,52,1,3,11,inf
Random,10,52,1,3,12,inf
Random,10,52,1,3,13,inf
Random,10,52,1,3,14,inf
Random,10,52,1,3,15,inf
Random,10,52,1,3,16,inf
Random,10,52,1,3,17,inf
Random,10,52,1,3,18,inf
Random,10,52,1,3,19,inf
Random,10,52,1,3,20,inf
Random,10,52,1,3,21,inf
Random,10,52,1,3,22,inf
Random,10,52,1,3,23,inf
Random,10,52,1,3,24,inf
Random,10,52,1,3,25,inf
Random,10,52,1,3,26,inf
Random,10,52,1,3,27,inf
Random,10,52,1,3,28,inf
Random,10,52,1,3,29,inf
Random,10,52,1,3,30,inf
Random,10,52,1,3,31,inf
Random,10,52,1,3,32,inf
Random,10,52,1,3,33,inf
Random,10,52,1,3,34,inf
Random,10,52,1,3,35,inf
Random,10,52,1,3,36,inf
Random,10,52,1,3,37,inf
Random,10,52,1,3,38,inf
Random,10,52,1,3,39,inf
Random,10,52,1,3,40,inf
Random,10,52,1,3,41,inf
Random,10,52,1,3,42,inf
Random,10,52,1,3,43,inf
Random,10,52,1,3,44,inf
Random,10,52,1,3,45,inf
Random,10,52,1,3,46,inf
Random,10,52,1,3,47,inf
Random,10,52,1,3,48,inf
Random,10,52,1,3,49,inf
Random,10,52,1,3,50,inf
Random,10,52,1,3,51,inf
Random,10,52,1,3,52,inf
Random,10,52,1,3,53,inf
Random,10,52,1,3,54,inf
Random,10,52,1,3,55,inf
Random,10,52,1,3,56,inf
Random,10,52,1,3,57,inf
Random,10,52,1,3,58,inf
Random,10,52,1,3,59,inf
Random,10,52,1,3,60,inf
Random,10,52,1,3,61,inf
Random,10,52,1,3,62,inf
Random,10,52,1,3,63,inf
Random,10,52,1,3,64,inf
Random,10,52,1,3,65,inf
Random,10,52,1,3,66,inf
Random,10,52,1,3,67,inf
Random,10,52,1,3,68,inf
Random,10,52,1,3,69,inf
Random,10,52,1,3,70,inf
Random,10,52,1,3,71,inf
Random,10,52,1,3,72,inf
Random,10,52,1,3,73,inf
Random,10,52,1,3,74,inf
Random,10,52,1,3,75,inf
Random,10,52,1,3,76,inf
Random,10,52,1,3,77,inf
Random,10,52,1,3,78,inf
Random,10,52,1,3,79,inf
Random,10,52,1,3,80,inf
Random,10,52,1,3,81,inf
Random,10,52,1,3,82,inf
Random,10,52,1,3,83,inf
Random,10,52,1,3,84,inf
Random,10,52,1,3,85,inf
Random,10,52,1,3,86,inf
Random,10,52,1,3,87,inf
Random,10,52,1,3,88,inf
Random,10,52,1,3,89,inf
Random,10,52,1,3,90,inf
Random,10,52,1,3,91,inf
Random,10,52,1,3,92,inf
Random,10,52,1,3,93,inf
Random,10,52,1,3,94,inf
Random,10,52,1,3,95,inf
Random,10,52,1,3,96,inf
Random,10,52,1,3,97,inf
Random,10,52,1,3,98,inf
Random,10,52,1,3,99,inf
Random,10,52,1,3,100,inf
qLogEI,10,52,1,3,1,inf
qLogEI,10,52,1,3,2,inf
qLogEI,10,52,1,3,3,inf
qLogEI,10,52,1,3,4,inf
qLogEI,10,52,1,3,5,inf
qLogEI,10,52,1,3,6,inf
qLogEI,10,52,1,3,7,inf
qLogEI,10,52,1,3,8,inf
qLogEI,10,52,1,3,9,inf
qLogEI,10,52,1,3,10,inf
qLogEI,10,52,1,3,11,inf
qLogEI,10,52,1,3,12,inf
qLogEI,10,52,1,3,13,inf
qLogEI,10,52,1,3,14,inf
qLogEI,10,52,1,3,15,inf
qLogEI,10,52,1,3,16,inf
qLogEI,10,52,1,3,17,inf
qLogEI,10,52,1,3,18,inf
qLogEI,10,52,1,3,19,inf
qLogEI,10,52,1,3,20,inf
qLogEI,10,52,1,3,21,inf
qLogEI,10,52,1,3,22,inf
qLogEI,10,52,1,3,23,inf
qLogEI,10,52,1,3,24,inf
qLogEI,10,52,1,3,25,inf
qLogEI,10,52,1,3,26,inf
qLogEI,10,52,1,3,27,inf
qLogEI,10,52,1,3,28,inf
qLogEI,10,52,1,3,29,inf
qLogEI,10,52,1,3,30,inf
qLogEI,10,52,1,3,31,inf
qLogEI,10,52,1,3,32,inf
qLogEI,10,52,1,3,33,inf
qLogEI,10,52,1,3,34,inf
qLogEI,10,52,1,3,35,inf
qLogEI,10,52,1,3,36,inf
qLogEI,10,52,1,3,37,inf
qLogEI,10,52,1,3,38,inf
qLogEI,10,52,1,3,39,inf
qLogEI,10,52,1,3,40,inf
qLogEI,10,52,1,3,41,inf
qLogEI,10,52,1,3,42,inf
qLogEI,10,52,1,3,43,inf
qLogEI,10,52,1,3,44,inf
qLogEI,10,52,1,3,45,inf
qLogEI,10,52,1,3,46,inf
qLogEI,10,52,1,3,47,inf
qLogEI,10,52,1,3,48,inf
qLogEI,10,52,1,3,49,inf
qLogEI,10,52,1,3,50,inf
qLogEI,10,52,1,3,51,inf
qLogEI,10,52,1,3,52,inf
qLogEI,10,52,1,3,53,inf
qLogEI,10,52,1,3,54,inf
qLogEI,10,52,1,3,55,inf
qLogEI,10,52,1,3,56,inf
qLogEI,10,52,1,3,57,inf
qLogEI,10,52,1,3,58,inf
qLogEI,10,52,1,3,59,inf
qLogEI,10,52,1,3,60,inf
qLogEI,10,52,1,3,61,inf
qLogEI,10,52,1,3,62,inf
qLogEI,10,52,1,3,63,inf
qLogEI,10,52,1,3,64,inf
qLogEI,10,52,1,3,65,inf
qLogEI,10,52,1,3,66,inf
qLogEI,10,52,1,3,67,inf
qLogEI,10,52,1,3,68,inf
qLogEI,10,52,1,3,69,inf
qLogEI,10,52,1,3,70,inf
qLogEI,10,52,1,3,71,inf
qLogEI,10,52,1,3,72,inf
qLogEI,10,52,1,3,73,inf
qLogEI,10,52,1,3,74,inf
qLogEI,10,52,1,3,75,inf
qLogEI,10,52,1,3,76,inf
qLogEI,10,52,1,3,77,inf
qLogEI,10,52,1,3,78,inf
qLogEI,10,52,1,3,79,inf
qLogEI,10,52,1,3,80,inf
qLogEI,10,52,1,3,81,inf
qLogEI,10,52,1,3,82,inf
qLogEI,10,52,1,3,83,inf
qLogEI,10,52,1,3,84,inf
qLogEI,10,52,1,3,85,inf
qLogEI,10,52,1,3,86,inf
qLogEI,10,52,1,3,87,inf
qLogEI,10,52,1,3,88,inf
qLogEI,10,52,1,3,89,inf
qLogEI,10,52,1,3,90,inf
qLogEI,10,52,1,3,91,inf
qLogEI,10,52,1,3,92,inf
qLogEI,10,52,1,3,93,inf
qLogEI,10,52,1,3,94,inf
qLogEI,10,52,1,3,95,inf
qLogEI,10,52,1,3,96,inf
qLogEI,10,52,1,3,97,inf
qLogEI,10,52,1,3,98,inf
qLogEI,10,52,1,3,99,inf
qLogEI,10,52,1,3,100,inf
RL,10,52,1,3,1,inf
RL,10,52,1,3,2,inf
RL,10,52,1,3,3,inf
RL,10,52,1,3,4,inf
RL,10,52,1,3,5,inf
RL,10,52,1,3,6,inf
RL,10,52,1,3,7,inf
RL,10,52,1,3,8,inf
RL,10,52,1,3,9,inf
RL,10,52,1,3,10,inf
RL,10,52,1,3,11,inf
RL,10,52,1,3,12,inf
RL,10,52,1,3,13,inf
RL,10,52,1,3,14,inf
RL,10,52,1,3,15,inf
RL,10,52,1,3,16,inf
RL,10,52,1,3,17,inf
RL,10,52,1,3,18,inf
RL,10,52,1,3,19,inf
RL,10,52,1,3,20,inf
RL,10,52,1,3,21,inf
RL,10,52,1,3,22,inf
RL,10,52,1,3,23,inf
RL,10,52,1,3,24,inf
RL,10,52,1,3,25,inf
RL,10,52,1,3,26,inf
RL,10,52,1,3,27,inf
RL,10,52,1,3,28,inf
RL,10,52,1,3,29,inf
RL,10,52,1,3,30,inf
RL,10,52,1,3,31,inf
RL,10,52,1,3,32,inf
RL,10,52,1,3,33,inf
RL,10,52,1,3,34,inf
RL,10,52,1,3,35,inf
RL,10,52,1,3,36,inf
RL,10,52,1,3,37,inf
RL,10,52,1,3,38,inf
RL,10,52,1,3,39,inf
RL,10,52,1,3,40,inf
RL,10,52,1,3,41,inf
RL,10,52,1,3,42,inf
RL,10,52,1,3,43,inf
RL,10,52,1,3,44,inf
RL,10,52,1,3,45,inf
RL,10,52,1,3,46,inf
RL,10,52,1,3,47,inf
RL,10,52,1,3,48,inf
RL,10,52,1,3,49,inf
RL,10,52,1,3,50,inf
RL,10,52,1,3,51,inf
RL,10,52,1,3,52,inf
RL,10,52,1,3,53,inf
RL,10,52,1,3,54,inf
RL,10,52,1,3,55,inf
RL,10,52,1,3,56,inf
RL,10,52,1,3,57,inf
RL,10,52,1,3,58,inf
RL,10,52,1,3,59,inf
RL,10,52,1,3,60,inf
RL,10,52,1,3,61,inf
RL,10,52,1,3,62,inf
RL,10,52,1,3,63,inf
RL,10,52,1,3,64,inf
RL,10,52,1,3,65,inf
RL,10,52,1,3,66,inf
RL,10,52,1,3,67,inf
RL,10,52,1,3,68,inf
RL,10,52,1,3,69,inf
RL,10,52,1,3,70,inf
RL,10,52,1,3,71,inf
RL,10,52,1,3,72,inf
RL,10,52,1,3,73,inf
RL,10,52,1,3,74,inf
RL,10,52,1,3,75,inf
RL,10,52,1,3,76,inf
RL,10,52,1,3,77,inf
RL,10,52,1,3,78,inf
RL,10,52,1,3,79,inf
RL,10,52,1,3,80,inf
RL,10,52,1,3,81,inf
RL,10,52,1,3,82,inf
RL,10,52,1,3,83,inf
RL,10,52,1,3,84,inf
RL,10,52,1,3,85,inf
RL,10,52,1,3,86,inf
RL,10,52,1,3,87,inf
RL,10,52,1,3,88,inf
RL,10,52,1,3,89,inf
RL,10,52,1,3,90,inf
RL,10,52,1,3,91,inf
RL,10,52,1,3,92,inf
RL,10,52,1,3,93,inf
RL,10,52,1,3,94,inf
RL,10,52,1,3,95,inf
RL,10,52,1,3,96,inf
RL,10,52,1,3,97,inf
RL,10,52,1,3,98,inf
RL,10,52,1,3,99,inf
RL,10,52,1,3,100,inf
Random,10,52,1,4,1,inf
Random,10,52,1,4,2,inf
Random,10,52,1,4,3,inf
Random,10,52,1,4,4,inf
Random,10,52,1,4,5,inf
Random,10,52,1,4,6,inf
Random,10,52,1,4,7,inf
Random,10,52,1,4,8,inf
Random,10,52,1,4,9,inf
Random,10,52,1,4,10,inf
Random,10,52,1,4,11,inf
Random,10,52,1,4,12,inf
Random,10,52,1,4,13,inf
Random,10,52,1,4,14,inf
Random,10,52,1,4,15,inf
Random,10,52,1,4,16,inf
Random,10,52,1,4,17,inf
Random,10,52,1,4,18,inf
Random,10,52,1,4,19,inf
Random,10,52,1,4,20,inf
Random,10,52,1,4,21,inf
Random,10,52,1,4,22,inf
Random,10,52,1,4,23,inf
Random,10,52,1,4,24,inf
Random,10,52,1,4,25,inf
Random,10,52,1,4,26,inf
Random,10,52,1,4,27,inf
Random,10,52,1,4,28,inf
Random,10,52,1,4,29,inf
Random,10,52,1,4,30,inf
Random,10,52,1,4,31,inf
Random,10,52,1,4,32,inf
Random,10,52,1,4,33,inf
Random,10,52,1,4,34,inf
Random,10,52,1,4,35,inf
Random,10,52,1,4,36,inf
Random,10,52,1,4,37,inf
Random,10,52,1,4,38,inf
Random,10,52,1,4,39,inf
Random,10,52,1,4,40,inf
Random,10,52,1,4,41,inf
Random,10,52,1,4,42,inf
Random,10,52,1,4,43,inf
Random,10,52,1,4,44,inf
Random,10,52,1,4,45,inf
Random,10,52,1,4,46,inf
Random,10,52,1,4,47,inf
Random,10,52,1,4,48,inf
Random,10,52,1,4,49,inf
Random,10,52,1,4,50,inf
Random,10,52,1,4,51,inf
Random,10,52,1,4,52,inf
Random,10,52,1,4,53,inf
Random,10,52,1,4,54,inf
Random,10,52,1,4,55,inf
Random,10,52,1,4,56,inf
Random,10,52,1,4,57,inf
Random,10,52,1,4,58,inf
Random,10,52,1,4,59,inf
Random,10,52,1,4,60,inf
Random,10,52,1,4,61,inf
Random,10,52,1,4,62,inf
Random,10,52,1,4,63,inf
Random,10,52,1,4,64,inf
Random,10,52,1,4,65,inf
Random,10,52,1,4,66,inf
Random,10,52,1,4,67,inf
Random,10,52,1,4,68,inf
Random,10,52,1,4,69,inf
Random,10,52,1,4,70,inf
Random,10,52,1,4,71,inf
Random,10,52,1,4,72,inf
Random,10,52,1,4,73,inf
Random,10,52,1,4,74,inf
Random,10,52,1,4,75,inf
Random,10,52,1,4,76,inf
Random,10,52,1,4,77,inf
Random,10,52,1,4,78,inf
Random,10,52,1,4,79,inf
Random,10,52,1,4,80,inf
Random,10,52,1,4,81,inf
Random,10,52,1,4,82,inf
Random,10,52,1,4,83,inf
Random,10,52,1,4,84,inf
Random,10,52,1,4,85,inf
Random,10,52,1,4,86,inf
Random,10,52,1,4,87,inf
Random,10,52,1,4,88,inf
Random,10,52,1,4,89,inf
Random,10,52,1,4,90,inf
Random,10,52,1,4,91,inf
Random,10,52,1,4,92,inf
Random,10,52,1,4,93,inf
Random,10,52,1,4,94,inf
Random,10,52,1,4,95,inf
Random,10,52,1,4,96,inf
Random,10,52,1,4,97,inf
Random,10,52,1,4,98,inf
Random,10,52,1,4,99,inf
Random,10,52,1,4,100,inf
qLogEI,10,52,1,4,1,inf
qLogEI,10,52,1,4,2,inf
qLogEI,10,52,1,4,3,inf
qLogEI,10,52,1,4,4,inf
qLogEI,10,52,1,4,5,inf
qLogEI,10,52,1,4,6,inf
qLogEI,10,52,1,4,7,inf
qLogEI,10,52,1,4,8,inf
qLogEI,10,52,1,4,9,inf
qLogEI,10,52,1,4,10,inf
qLogEI,10,52,1,4,11,inf
qLogEI,10,52,1,4,12,inf
qLogEI,10,52,1,4,13,inf
qLogEI,10,52,1,4,14,inf
qLogEI,10,52,1,4,15,inf
qLogEI,10,52,1,4,16,inf
qLogEI,10,52,1,4,17,inf
qLogEI,10,52,1,4,18,inf
qLogEI,10,52,1,4,19,inf
qLogEI,10,52,1,4,20,inf
qLogEI,10,52,1,4,21,inf
qLogEI,10,52,1,4,22,inf
qLogEI,10,52,1,4,23,inf
qLogEI,10,52,1,4,24,inf
qLogEI,10,52,1,4,25,inf
qLogEI,10,52,1,4,26,inf
qLogEI,10,52,1,4,27,inf
qLogEI,10,52,1,4,28,inf
qLogEI,10,52,1,4,29,inf
qLogEI,10,52,1,4,30,inf
qLogEI,10,52,1,4,31,inf
qLogEI,10,52,1,4,32,inf
qLogEI,10,52,1,4,33,inf
qLogEI,10,52,1,4,34,inf
qLogEI,10,52,1,4,35,inf
qLogEI,10,52,1,4,36,inf
qLogEI,10,52,1,4,37,inf
qLogEI,10,52,1,4,38,inf
qLogEI,10,52,1,4,39,inf
qLogEI,10,52,1,4,40,inf
qLogEI,10,52,1,4,41,inf
qLogEI,10,52,1,4,42,inf
qLogEI,10,52,1,4,43,inf
qLogEI,10,52,1,4,44,inf
qLogEI,10,52,1,4,45,inf
qLogEI,10,52,1,4,46,inf
qLogEI,10,52,1,4,47,inf
qLogEI,10,52,1,4,48,inf
qLogEI,10,52,1,4,49,inf
qLogEI,10,52,1,4,50,inf
qLogEI,10,52,1,4,51,inf
qLogEI,10,52,1,4,52,inf
qLogEI,10,52,1,4,53,inf
qLogEI,10,52,1,4,54,inf
qLogEI,10,52,1,4,55,inf
qLogEI,10,52,1,4,56,inf
qLogEI,10,52,1,4,57,inf
qLogEI,10,52,1,4,58,inf
qLogEI,10,52,1,4,59,inf
qLogEI,10,52,1,4,60,inf
qLogEI,10,52,1,4,61,inf
qLogEI,10,52,1,4,62,inf
qLogEI,10,52,1,4,63,inf
qLogEI,10,52,1,4,64,inf
qLogEI,10,52,1,4,65,inf
qLogEI,10,52,1,4,66,inf
qLogEI,10,52,1,4,67,inf
qLogEI,10,52,1,4,68,inf
qLogEI,10,52,1,4,69,inf
qLogEI,10,52,1,4,70,inf
qLogEI,10,52,1,4,71,inf
qLogEI,10,52,1,4,72,inf
qLogEI,10,52,1,4,73,inf
qLogEI,10,52,1,4,74,inf
qLogEI,10,52,1,4,75,inf
qLogEI,10,52,1,4,76,inf
qLogEI,10,52,1,4,77,inf
qLogEI,10,52,1,4,78,inf
qLogEI,10,52,1,4,79,inf
qLogEI,10,52,1,4,80,inf
qLogEI,10,52,1,4,81,inf
qLogEI,10,52,1,4,82,inf
qLogEI,10,52,1,4,83,inf
qLogEI,10,52,1,4,84,inf
qLogEI,10,52,1,4,85,inf
qLogEI,10,52,1,4,86,inf
qLogEI,10,52,1,4,87,inf
qLogEI,10,52,1,4,88,inf
qLogEI,10,52,1,4,89,inf
qLogEI,10,52,1,4,90,inf
qLogEI,10,52,1,4,91,inf
qLogEI,10,52,1,4,92,inf
qLogEI,10,52,1,4,93,inf
qLogEI,10,52,1,4,94,inf
qLogEI,10,52,1,4,95,inf
qLogEI,10,52,1,4,96,inf
qLogEI,10,52,1,4,97,inf
qLogEI,10,52,1,4,98,inf
qLogEI,10,52,1,4,99,inf
qLogEI,10,52,1,4,100,inf
RL,10,52,1,4,1,inf
RL,10,52,1,4,2,inf
RL,10,52,1,4,3,inf
RL,10,52,1,4,4,inf
RL,10,52,1,4,5,inf
RL,10,52,1,4,6,inf
RL,10,52,1,4,7,inf
RL,10,52,1,4,8,inf
RL,10,52,1,4,9,inf
RL,10,52,1,4,10,inf
RL,10,52,1,4,11,inf
RL,10,52,1,4,12,inf
RL,10,52,1,4,13,inf
RL,10,52,1,4,14,inf
RL,10,52,1,4,15,inf
RL,10,52,1,4,16,inf
RL,10,52,1,4,17,inf
RL,10,52,1,4,18,inf
RL,10,52,1,4,19,inf
RL,10,52,1,4,20,inf
RL,10,52,1,4,21,inf
RL,10,52,1,4,22,inf
RL,10,52,1,4,23,inf
RL,10,52,1,4,24,inf
RL,10,52,1,4,25,inf
RL,10,52,1,4,26,inf
RL,10,52,1,4,27,inf
RL,10,52,1,4,28,inf
RL,10,52,1,4,29,inf
RL,10,52,1,4,30,inf
RL,10,52,1,4,31,inf
RL,10,52,1,4,32,inf
RL,10,52,1,4,33,inf
RL,10,52,1,4,34,inf
RL,10,52,1,4,35,inf
RL,10,52,1,4,36,inf
RL,10,52,1,4,37,inf
RL,10,52,1,4,38,inf
RL,10,52,1,4,39,inf
RL,10,52,1,4,40,inf
RL,10,52,1,4,41,inf
RL,10,52,1,4,42,inf
RL,10,52,1,4,43,inf
RL,10,52,1,4,44,inf
RL,10,52,1,4,45,inf
RL,10,52,1,4,46,inf
RL,10,52,1,4,47,inf
RL,10,52,1,4,48,inf
RL,10,52,1,4,49,inf
RL,10,52,1,4,50,inf
RL,10,52,1,4,51,inf
RL,10,52,1,4,52,inf
RL,10,52,1,4,53,inf
RL,10,52,1,4,54,inf
RL,10,52,1,4,55,inf
RL,10,52,1,4,56,inf
RL,10,52,1,4,57,inf
RL,10,52,1,4,58,inf
RL,10,52,1,4,59,inf
RL,10,52,1,4,60,inf
RL,10,52,1,4,61,inf
RL,10,52,1,4,62,inf
RL,10,52,1,4,63,inf
RL,10,52,1,4,64,inf
RL,10,52,1,4,65,inf
RL,10,52,1,4,66,inf
RL,10,52,1,4,67,inf
RL,10,52,1,4,68,inf
RL,10,52,1,4,69,inf
RL,10,52,1,4,70,inf
RL,10,52,1,4,71,inf
RL,10,52,1,4,72,inf
RL,10,52,1,4,73,inf
RL,10,52,1,4,74,inf
RL,10,52,1,4,75,inf
RL,10,52,1,4,76,inf
RL,10,52,1,4,77,inf
RL,10,52,1,4,78,inf
RL,10,52,1,4,79,inf
RL,10,52,1,4,80,inf
RL,10,52,1,4,81,inf
RL,10,52,1,4,82,inf
RL,10,52,1,4,83,inf
RL,10,52,1,4,84,inf
RL,10,52,1,4,85,inf
RL,10,52,1,4,86,inf
RL,10,52,1,4,87,inf
RL,10,52,1,4,88,inf
RL,10,52,1,4,89,inf
RL,10,52,1,4,90,inf
RL,10,52,1,4,91,inf
RL,10,52,1,4,92,inf
RL,10,52,1,4,93,inf
RL,10,52,1,4,94,inf
RL,10,52,1,4,95,inf
RL,10,52,1,4,96,inf
RL,10,52,1,4,97,inf
RL,10,52,1,4,98,inf
RL,10,52,1,4,99,inf
RL,10,52,1,4,100,inf
Random,10,52,2,0,1,inf
Random,10,52,2,0,2,inf
Random,10,52,2,0,3,inf
Random,10,52,2,0,4,inf
Random,10,52,2,0,5,inf
Random,10,52,2,0,6,inf
Random,10,52,2,0,7,inf
Random,10,52,2,0,8,inf
Random,10,52,2,0,9,inf
Random,10,52,2,0,10,inf
Random,10,52,2,0,11,inf
Random,10,52,2,0,12,inf
Random,10,52,2,0,13,inf
Random,10,52,2,0,14,inf
Random,10,52,2,0,15,inf
Random,10,52,2,0,16,inf
Random,10,52,2,0,17,inf
Random,10,52,2,0,18,inf
Random,10,52,2,0,19,inf
Random,10,52,2,0,20,inf
Random,10,52,2,0,21,inf
Random,10,52,2,0,22,inf
Random,10,52,2,0,23,inf
Random,10,52,2,0,24,inf
Random,10,52,2,0,25,inf
Random,10,52,2,0,26,inf
Random,10,52,2,0,27,inf
Random,10,52,2,0,28,inf
Random,10,52,2,0,29,inf
Random,10,52,2,0,30,inf
Random,10,52,2,0,31,inf
Random,10,52,2,0,32,inf
Random,10,52,2,0,33,inf
Random,10,52,2,0,34,inf
Random,10,52,2,0,35,inf
Random,10,52,2,0,36,inf
Random,10,52,2,0,37,inf
Random,10,52,2,0,38,inf
Random,10,52,2,0,39,inf
Random,10,52,2,0,40,inf
Random,10,52,2,0,41,inf
Random,10,52,2,0,42,inf
Random,10,52,2,0,43,inf
Random,10,52,2,0,44,inf
Random,10,52,2,0,45,inf
Random,10,52,2,0,46,inf
Random,10,52,2,0,47,inf
Random,10,52,2,0,48,inf
Random,10,52,2,0,49,inf
Random,10,52,2,0,50,inf
Random,10,52,2,0,51,inf
Random,10,52,2,0,52,inf
Random,10,52,2,0,53,inf
Random,10,52,2,0,54,inf
Random,10,52,2,0,55,inf
Random,10,52,2,0,56,inf
Random,10,52,2,0,57,inf
Random,10,52,2,0,58,inf
Random,10,52,2,0,59,inf
Random,10,52,2,0,60,inf
Random,10,52,2,0,61,inf
Random,10,52,2,0,62,inf
Random,10,52,2,0,63,inf
Random,10,52,2,0,64,inf
Random,10,52,2,0,65,inf
Random,10,52,2,0,66,inf
Random,10,52,2,0,67,inf
Random,10,52,2,0,68,inf
Random,10,52,2,0,69,inf
Random,10,52,2,0,70,inf
Random,10,52,2,0,71,inf
Random,10,52,2,0,72,inf
Random,10,52,2,0,73,inf
Random,10,52,2,0,74,inf
Random,10,52,2,0,75,inf
Random,10,52,2,0,76,inf
Random,10,52,2,0,77,inf
Random,10,52,2,0,78,inf
Random,10,52,2,0,79,inf
Random,10,52,2,0,80,inf
Random,10,52,2,0,81,inf
Random,10,52,2,0,82,inf
Random,10,52,2,0,83,inf
Random,10,52,2,0,84,inf
Random,10,52,2,0,85,inf
Random,10,52,2,0,86,inf
Random,10,52,2,0,87,inf
Random,10,52,2,0,88,inf
Random,10,52,2,0,89,inf
Random,10,52,2,0,90,inf
Random,10,52,2,0,91,inf
Random,10,52,2,0,92,inf
Random,10,52,2,0,93,inf
Random,10,52,2,0,94,inf
Random,10,52,2,0,95,inf
Random,10,52,2,0,96,inf
Random,10,52,2,0,97,inf
Random,10,52,2,0,98,inf
Random,10,52,2,0,99,inf
Random,10,52,2,0,100,inf
qLogEI,10,52,2,0,1,inf
qLogEI,10,52,2,0,2,inf
qLogEI,10,52,2,0,3,inf
qLogEI,10,52,2,0,4,inf
qLogEI,10,52,2,0,5,inf
qLogEI,10,52,2,0,6,inf
qLogEI,10,52,2,0,7,inf
qLogEI,10,52,2,0,8,inf
qLogEI,10,52,2,0,9,inf
qLogEI,10,52,2,0,10,inf
qLogEI,10,52,2,0,11,inf
qLogEI,10,52,2,0,12,inf
qLogEI,10,52,2,0,13,inf
qLogEI,10,52,2,0,14,inf
qLogEI,10,52,2,0,15,inf
qLogEI,10,52,2,0,16,inf
qLogEI,10,52,2,0,17,inf
qLogEI,10,52,2,0,18,inf
qLogEI,10,52,2,0,19,inf
qLogEI,10,52,2,0,20,inf
qLogEI,10,52,2,0,21,inf
qLogEI,10,52,2,0,22,inf
qLogEI,10,52,2,0,23,inf
qLogEI,10,52,2,0,24,inf
qLogEI,10,52,2,0,25,inf
qLogEI,10,52,2,0,26,inf
qLogEI,10,52,2,0,27,inf
qLogEI,10,52,2,0,28,inf
qLogEI,10,52,2,0,29,inf
qLogEI,10,52,2,0,30,inf
qLogEI,10,52,2,0,31,inf
qLogEI,10,52,2,0,32,inf
qLogEI,10,52,2,0,33,inf
qLogEI,10,52,2,0,34,inf
qLogEI,10,52,2,0,35,inf
qLogEI,10,52,2,0,36,inf
qLogEI,10,52,2,0,37,inf
qLogEI,10,52,2,0,38,inf
qLogEI,10,52,2,0,39,inf
qLogEI,10,52,2,0,40,inf
qLogEI,10,52,2,0,41,inf
qLogEI,10,52,2,0,42,inf
qLogEI,10,52,2,0,43,inf
qLogEI,10,52,2,0,44,inf
qLogEI,10,52,2,0,45,inf
qLogEI,10,52,2,0,46,inf
qLogEI,10,52,2,0,47,inf
qLogEI,10,52,2,0,48,inf
qLogEI,10,52,2,0,49,inf
qLogEI,10,52,2,0,50,inf
qLogEI,10,52,2,0,51,inf
qLogEI,10,52,2,0,52,inf
qLogEI,10,52,2,0,53,inf
qLogEI,10,52,2,0,54,inf
qLogEI,10,52,2,0,55,inf
qLogEI,10,52,2,0,56,inf
qLogEI,10,52,2,0,57,inf
qLogEI,10,52,2,0,58,inf
qLogEI,10,52,2,0,59,inf
qLogEI,10,52,2,0,60,inf
qLogEI,10,52,2,0,61,inf
qLogEI,10,52,2,0,62,inf
qLogEI,10,52,2,0,63,inf
qLogEI,10,52,2,0,64,inf
qLogEI,10,52,2,0,65,inf
qLogEI,10,52,2,0,66,inf
qLogEI,10,52,2,0,67,inf
qLogEI,10,52,2,0,68,inf
qLogEI,10,52,2,0,69,inf
qLogEI,10,52,2,0,70,inf
qLogEI,10,52,2,0,71,inf
qLogEI,10,52,2,0,72,inf
qLogEI,10,52,2,0,73,inf
qLogEI,10,52,2,0,74,inf
qLogEI,10,52,2,0,75,inf
qLogEI,10,52,2,0,76,inf
qLogEI,10,52,2,0,77,inf
qLogEI,10,52,2,0,78,inf
qLogEI,10,52,2,0,79,inf
qLogEI,10,52,2,0,80,inf
qLogEI,10,52,2,0,81,inf
qLogEI,10,52,2,0,82,inf
qLogEI,10,52,2,0,83,inf
qLogEI,10,52,2,0,84,inf
qLogEI,10,52,2,0,85,inf
qLogEI,10,52,2,0,86,inf
qLogEI,10,52,2,0,87,inf
qLogEI,10,52,2,0,88,inf
qLogEI,10,52,2,0,89,inf
qLogEI,10,52,2,0,90,inf
qLogEI,10,52,2,0,91,inf
qLogEI,10,52,2,0,92,inf
qLogEI,10,52,2,0,93,inf
qLogEI,10,52,2,0,94,inf
qLogEI,10,52,2,0,95,inf
qLogEI,10,52,2,0,96,inf
qLogEI,10,52,2,0,97,inf
qLogEI,10,52,2,0,98,inf
qLogEI,10,52,2,0,99,inf
qLogEI,10,52,2,0,100,inf
RL,10,52,2,0,1,inf
RL,10,52,2,0,2,inf
RL,10,52,2,0,3,inf
RL,10,52,2,0,4,inf
RL,10,52,2,0,5,inf
RL,10,52,2,0,6,inf
RL,10,52,2,0,7,inf
RL,10,52,2,0,8,inf
RL,10,52,2,0,9,inf
RL,10,52,2,0,10,inf
RL,10,52,2,0,11,inf
RL,10,52,2,0,12,inf
RL,10,52,2,0,13,inf
RL,10,52,2,0,14,inf
RL,10,52,2,0,15,inf
RL,10,52,2,0,16,inf
RL,10,52,2,0,17,inf
RL,10,52,2,0,18,inf
RL,10,52,2,0,19,inf
RL,10,52,2,0,20,inf
RL,10,52,2,0,21,inf
RL,10,52,2,0,22,inf
RL,10,52,2,0,23,inf
RL,10,52,2,0,24,inf
RL,10,52,2,0,25,inf
RL,10,52,2,0,26,inf
RL,10,52,2,0,27,inf
RL,10,52,2,0,28,inf
RL,10,52,2,0,29,inf
RL,10,52,2,0,30,inf
RL,10,52,2,0,31,inf
RL,10,52,2,0,32,inf
RL,10,52,2,0,33,inf
RL,10,52,2,0,34,inf
RL,10,52,2,0,35,inf
RL,10,52,2,0,36,inf
RL,10,52,2,0,37,inf
RL,10,52,2,0,38,inf
RL,10,52,2,0,39,inf
RL,10,52,2,0,40,inf
RL,10,52,2,0,41,inf
RL,10,52,2,0,42,inf
RL,10,52,2,0,43,inf
RL,10,52,2,0,44,inf
RL,10,52,2,0,45,inf
RL,10,52,2,0,46,inf
RL,10,52,2,0,47,inf
RL,10,52,2,0,48,inf
RL,10,52,2,0,49,inf
RL,10,52,2,0,50,inf
RL,10,52,2,0,51,inf
RL,10,52,2,0,52,inf
RL,10,52,2,0,53,inf
RL,10,52,2,0,54,inf
RL,10,52,2,0,55,inf
RL,10,52,2,0,56,inf
RL,10,52,2,0,57,inf
RL,10,52,2,0,58,inf
RL,10,52,2,0,59,inf
RL,10,52,2,0,60,inf
RL,10,52,2,0,61,inf
RL,10,52,2,0,62,inf
RL,10,52,2,0,63,inf
RL,10,52,2,0,64,inf
RL,10,52,2,0,65,inf
RL,10,52,2,0,66,inf
RL,10,52,2,0,67,inf
RL,10,52,2,0,68,inf
RL,10,52,2,0,69,inf
RL,10,52,2,0,70,inf
RL,10,52,2,0,71,inf
RL,10,52,2,0,72,inf
RL,10,52,2,0,73,inf
RL,10,52,2,0,74,inf
RL,10,52,2,0,75,inf
RL,10,52,2,0,76,inf
RL,10,52,2,0,77,inf
RL,10,52,2,0,78,inf
RL,10,52,2,0,79,inf
RL,10,52,2,0,80,inf
RL,10,52,2,0,81,inf
RL,10,52,2,0,82,inf
RL,10,52,2,0,83,inf
RL,10,52,2,0,84,inf
RL,10,52,2,0,85,inf
RL,10,52,2,0,86,inf
RL,10,52,2,0,87,inf
RL,10,52,2,0,88,inf
RL,10,52,2,0,89,inf
RL,10,52,2,0,90,inf
RL,10,52,2,0,91,inf
RL,10,52,2,0,92,inf
RL,10,52,2,0,93,inf
RL,10,52,2,0,94,inf
RL,10,52,2,0,95,inf
RL,10,52,2,0,96,inf
RL,10,52,2,0,97,inf
RL,10,52,2,0,98,inf
RL,10,52,2,0,99,inf
RL,10,52,2,0,100,inf
Random,10,52,2,1,1,inf
Random,10,52,2,1,2,inf
Random,10,52,2,1,3,inf
Random,10,52,2,1,4,inf
Random,10,52,2,1,5,inf
Random,10,52,2,1,6,inf
Random,10,52,2,1,7,inf
Random,10,52,2,1,8,inf
Random,10,52,2,1,9,inf
Random,10,52,2,1,10,inf
Random,10,52,2,1,11,inf
Random,10,52,2,1,12,inf
Random,10,52,2,1,13,inf
Random,10,52,2,1,14,inf
Random,10,52,2,1,15,inf
Random,10,52,2,1,16,inf
Random,10,52,2,1,17,inf
Random,10,52,2,1,18,inf
Random,10,52,2,1,19,inf
Random,10,52,2,1,20,inf
Random,10,52,2,1,21,inf
Random,10,52,2,1,22,inf
Random,10,52,2,1,23,inf
Random,10,52,2,1,24,inf
Random,10,52,2,1,25,inf
Random,10,52,2,1,26,inf
Random,10,52,2,1,27,inf
Random,10,52,2,1,28,inf
Random,10,52,2,1,29,inf
Random,10,52,2,1,30,inf
Random,10,52,2,1,31,inf
Random,10,52,2,1,32,inf
Random,10,52,2,1,33,inf
Random,10,52,2,1,34,inf
Random,10,52,2,1,35,inf
Random,10,52,2,1,36,inf
Random,10,52,2,1,37,inf
Random,10,52,2,1,38,inf
Random,10,52,2,1,39,inf
Random,10,52,2,1,40,inf
Random,10,52,2,1,41,inf
Random,10,52,2,1,42,inf
Random,10,52,2,1,43,inf
Random,10,52,2,1,44,inf
Random,10,52,2,1,45,inf
Random,10,52,2,1,46,inf
Random,10,52,2,1,47,inf
Random,10,52,2,1,48,inf
Random,10,52,2,1,49,inf
Random,10,52,2,1,50,inf
Random,10,52,2,1,51,inf
Random,10,52,2,1,52,inf
Random,10,52,2,1,53,inf
Random,10,52,2,1,54,inf
Random,10,52,2,1,55,inf
Random,10,52,2,1,56,inf
Random,10,52,2,1,57,inf
Random,10,52,2,1,58,inf
Random,10,52,2,1,59,inf
Random,10,52,2,1,60,inf
Random,10,52,2,1,61,inf
Random,10,52,2,1,62,inf
Random,10,52,2,1,63,inf
Random,10,52,2,1,64,inf
Random,10,52,2,1,65,inf
Random,10,52,2,1,66,inf
Random,10,52,2,1,67,inf
Random,10,52,2,1,68,inf
Random,10,52,2,1,69,inf
Random,10,52,2,1,70,inf
Random,10,52,2,1,71,inf
Random,10,52,2,1,72,inf
Random,10,52,2,1,73,inf
Random,10,52,2,1,74,inf
Random,10,52,2,1,75,inf
Random,10,52,2,1,76,inf
Random,10,52,2,1,77,inf
Random,10,52,2,1,78,inf
Random,10,52,2,1,79,inf
Random,10,52,2,1,80,inf
Random,10,52,2,1,81,inf
Random,10,52,2,1,82,inf
Random,10,52,2,1,83,inf
Random,10,52,2,1,84,inf
Random,10,52,2,1,85,inf
Random,10,52,2,1,86,inf
Random,10,52,2,1,87,inf
Random,10,52,2,1,88,inf
Random,10,52,2,1,89,inf
Random,10,52,2,1,90,inf
Random,10,52,2,1,91,inf
Random,10,52,2,1,92,inf
Random,10,52,2,1,93,inf
Random,10,52,2,1,94,inf
Random,10,52,2,1,95,inf
Random,10,52,2,1,96,inf
Random,10,52,2,1,97,inf
Random,10,52,2,1,98,inf
Random,10,52,2,1,99,inf
Random,10,52,2,1,100,inf
qLogEI,10,52,2,1,1,inf
qLogEI,10,52,2,1,2,inf
qLogEI,10,52,2,1,3,inf
qLogEI,10,52,2,1,4,inf
qLogEI,10,52,2,1,5,inf
qLogEI,10,52,2,1,6,inf
qLogEI,10,52,2,1,7,inf
qLogEI,10,52,2,1,8,inf
qLogEI,10,52,2,1,9,inf
qLogEI,10,52,2,1,10,inf
qLogEI,10,52,2,1,11,inf
qLogEI,10,52,2,1,12,inf
qLogEI,10,52,2,1,13,inf
qLogEI,10,52,2,1,14,inf
qLogEI,10,52,2,1,15,inf
qLogEI,10,52,2,1,16,inf
qLogEI,10,52,2,1,17,inf
qLogEI,10,52,2,1,18,inf
qLogEI,10,52,2,1,19,inf
qLogEI,10,52,2,1,20,inf
qLogEI,10,52,2,1,21,inf
qLogEI,10,52,2,1,22,inf
qLogEI,10,52,2,1,23,inf
qLogEI,10,52,2,1,24,inf
qLogEI,10,52,2,1,25,inf
qLogEI,10,52,2,1,26,inf
qLogEI,10,52,2,1,27,inf
qLogEI,10,52,2,1,28,inf
qLogEI,10,52,2,1,29,inf
qLogEI,10,52,2,1,30,inf
qLogEI,10,52,2,1,31,inf
qLogEI,10,52,2,1,32,inf
qLogEI,10,52,2,1,33,inf
qLogEI,10,52,2,1,34,inf
qLogEI,10,52,2,1,35,inf
qLogEI,10,52,2,1,36,inf
qLogEI,10,52,2,1,37,inf
qLogEI,10,52,2,1,38,inf
qLogEI,10,52,2,1,39,inf
qLogEI,10,52,2,1,40,inf
qLogEI,10,52,2,1,41,inf
qLogEI,10,52,2,1,42,inf
qLogEI,10,52,2,1,43,inf
qLogEI,10,52,2,1,44,inf
qLogEI,10,52,2,1,45,inf
qLogEI,10,52,2,1,46,inf
qLogEI,10,52,2,1,47,inf
qLogEI,10,52,2,1,48,inf
qLogEI,10,52,2,1,49,inf
qLogEI,10,52,2,1,50,inf
qLogEI,10,52,2,1,51,inf
qLogEI,10,52,2,1,52,inf
qLogEI,10,52,2,1,53,inf
qLogEI,10,52,2,1,54,inf
qLogEI,10,52,2,1,55,inf
qLogEI,10,52,2,1,56,inf
qLogEI,10,52,2,1,57,inf
qLogEI,10,52,2,1,58,inf
qLogEI,10,52,2,1,59,inf
qLogEI,10,52,2,1,60,inf
qLogEI,10,52,2,1,61,inf
qLogEI,10,52,2,1,62,inf
qLogEI,10,52,2,1,63,inf
qLogEI,10,52,2,1,64,inf
qLogEI,10,52,2,1,65,inf
qLogEI,10,52,2,1,66,inf
qLogEI,10,52,2,1,67,inf
qLogEI,10,52,2,1,68,inf
qLogEI,10,52,2,1,69,inf
qLogEI,10,52,2,1,70,inf
qLogEI,10,52,2,1,71,inf
qLogEI,10,52,2,1,72,inf
qLogEI,10,52,2,1,73,inf
qLogEI,10,52,2,1,74,inf
qLogEI,10,52,2,1,75,inf
qLogEI,10,52,2,1,76,inf
qLogEI,10,52,2,1,77,inf
qLogEI,10,52,2,1,78,inf
qLogEI,10,52,2,1,79,inf
qLogEI,10,52,2,1,80,inf
qLogEI,10,52,2,1,81,inf
qLogEI,10,52,2,1,82,inf
qLogEI,10,52,2,1,83,inf
qLogEI,10,52,2,1,84,inf
qLogEI,10,52,2,1,85,inf
qLogEI,10,52,2,1,86,inf
qLogEI,10,52,2,1,87,inf
qLogEI,10,52,2,1,88,inf
qLogEI,10,52,2,1,89,inf
qLogEI,10,52,2,1,90,inf
qLogEI,10,52,2,1,91,inf
qLogEI,10,52,2,1,92,inf
qLogEI,10,52,2,1,93,inf
qLogEI,10,52,2,1,94,inf
qLogEI,10,52,2,1,95,inf
qLogEI,10,52,2,1,96,inf
qLogEI,10,52,2,1,97,inf
qLogEI,10,52,2,1,98,inf
qLogEI,10,52,2,1,99,inf
qLogEI,10,52,2,1,100,inf
RL,10,52,2,1,1,inf
RL,10,52,2,1,2,inf
RL,10,52,2,1,3,inf
RL,10,52,2,1,4,inf
RL,10,52,2,1,5,inf
RL,10,52,2,1,6,inf
RL,10,52,2,1,7,inf
RL,10,52,2,1,8,inf
RL,10,52,2,1,9,inf
RL,10,52,2,1,10,inf
RL,10,52,2,1,11,inf
RL,10,52,2,1,12,inf
RL,10,52,2,1,13,inf
RL,10,52,2,1,14,inf
RL,10,52,2,1,15,inf
RL,10,52,2,1,16,inf
RL,10,52,2,1,17,inf
RL,10,52,2,1,18,inf
RL,10,52,2,1,19,inf
RL,10,52,2,1,20,inf
RL,10,52,2,1,21,inf
RL,10,52,2,1,22,inf
RL,10,52,2,1,23,inf
RL,10,52,2,1,24,inf
RL,10,52,2,1,25,inf
RL,10,52,2,1,26,inf
RL,10,52,2,1,27,inf
RL,10,52,2,1,28,inf
RL,10,52,2,1,29,inf
RL,10,52,2,1,30,inf
RL,10,52,2,1,31,inf
RL,10,52,2,1,32,inf
RL,10,52,2,1,33,inf
RL,10,52,2,1,34,inf
RL,10,52,2,1,35,inf
RL,10,52,2,1,36,inf
RL,10,52,2,1,37,inf
RL,10,52,2,1,38,inf
RL,10,52,2,1,39,inf
RL,10,52,2,1,40,inf
RL,10,52,2,1,41,inf
RL,10,52,2,1,42,inf
RL,10,52,2,1,43,inf
RL,10,52,2,1,44,inf
RL,10,52,2,1,45,inf
RL,10,52,2,1,46,inf
RL,10,52,2,1,47,inf
RL,10,52,2,1,48,inf
RL,10,52,2,1,49,inf
RL,10,52,2,1,50,inf
RL,10,52,2,1,51,inf
RL,10,52,2,1,52,inf
RL,10,52,2,1,53,inf
RL,10,52,2,1,54,inf
RL,10,52,2,1,55,inf
RL,10,52,2,1,56,inf
RL,10,52,2,1,57,inf
RL,10,52,2,1,58,inf
RL,10,52,2,1,59,inf
RL,10,52,2,1,60,inf
RL,10,52,2,1,61,inf
RL,10,52,2,1,62,inf
RL,10,52,2,1,63,inf
RL,10,52,2,1,64,inf
RL,10,52,2,1,65,inf
RL,10,52,2,1,66,inf
RL,10,52,2,1,67,inf
RL,10,52,2,1,68,inf
RL,10,52,2,1,69,inf
RL,10,52,2,1,70,inf
RL,10,52,2,1,71,inf
RL,10,52,2,1,72,inf
RL,10,52,2,1,73,inf
RL,10,52,2,1,74,inf
RL,10,52,2,1,75,inf
RL,10,52,2,1,76,inf
RL,10,52,2,1,77,inf
RL,10,52,2,1,78,inf
RL,10,52,2,1,79,inf
RL,10,52,2,1,80,inf
RL,10,52,2,1,81,inf
RL,10,52,2,1,82,inf
RL,10,52,2,1,83,inf
RL,10,52,2,1,84,inf
RL,10,52,2,1,85,inf
RL,10,52,2,1,86,inf
RL,10,52,2,1,87,inf
RL,10,52,2,1,88,inf
RL,10,52,2,1,89,inf
RL,10,52,2,1,90,inf
RL,10,52,2,1,91,inf
RL,10,52,2,1,92,inf
RL,10,52,2,1,93,inf
RL,10,52,2,1,94,inf
RL,10,52,2,1,95,inf
RL,10,52,2,1,96,inf
RL,10,52,2,1,97,inf
RL,10,52,2,1,98,inf
RL,10,52,2,1,99,inf
RL,10,52,2,1,100,inf
Random,10,52,2,2,1,inf
Random,10,52,2,2,2,inf
Random,10,52,2,2,3,inf
Random,10,52,2,2,4,inf
Random,10,52,2,2,5,inf
Random,10,52,2,2,6,inf
Random,10,52,2,2,7,inf
Random,10,52,2,2,8,inf
Random,10,52,2,2,9,inf
Random,10,52,2,2,10,inf
Random,10,52,2,2,11,inf
Random,10,52,2,2,12,inf
Random,10,52,2,2,13,inf
Random,10,52,2,2,14,inf
Random,10,52,2,2,15,inf
Random,10,52,2,2,16,inf
Random,10,52,2,2,17,inf
Random,10,52,2,2,18,inf
Random,10,52,2,2,19,inf
Random,10,52,2,2,20,inf
Random,10,52,2,2,21,inf
Random,10,52,2,2,22,inf
Random,10,52,2,2,23,inf
Random,10,52,2,2,24,inf
Random,10,52,2,2,25,inf
Random,10,52,2,2,26,inf
Random,10,52,2,2,27,inf
Random,10,52,2,2,28,inf
Random,10,52,2,2,29,inf
Random,10,52,2,2,30,inf
Random,10,52,2,2,31,inf
Random,10,52,2,2,32,inf
Random,10,52,2,2,33,inf
Random,10,52,2,2,34,inf
Random,10,52,2,2,35,inf
Random,10,52,2,2,36,inf
Random,10,52,2,2,37,inf
Random,10,52,2,2,38,inf
Random,10,52,2,2,39,inf
Random,10,52,2,2,40,inf
Random,10,52,2,2,41,inf
Random,10,52,2,2,42,inf
Random,10,52,2,2,43,inf
Random,10,52,2,2,44,inf
Random,10,52,2,2,45,inf
Random,10,52,2,2,46,inf
Random,10,52,2,2,47,inf
Random,10,52,2,2,48,inf
Random,10,52,2,2,49,inf
Random,10,52,2,2,50,inf
Random,10,52,2,2,51,inf
Random,10,52,2,2,52,inf
Random,10,52,2,2,53,inf
Random,10,52,2,2,54,inf
Random,10,52,2,2,55,inf
Random,10,52,2,2,56,inf
Random,10,52,2,2,57,inf
Random,10,52,2,2,58,inf
Random,10,52,2,2,59,inf
Random,10,52,2,2,60,inf
Random,10,52,2,2,61,inf
Random,10,52,2,2,62,inf
Random,10,52,2,2,63,inf
Random,10,52,2,2,64,inf
Random,10,52,2,2,65,inf
Random,10,52,2,2,66,inf
Random,10,52,2,2,67,inf
Random,10,52,2,2,68,inf
Random,10,52,2,2,69,inf
Random,10,52,2,2,70,inf
Random,10,52,2,2,71,inf
Random,10,52,2,2,72,inf
Random,10,52,2,2,73,inf
Random,10,52,2,2,74,inf
Random,10,52,2,2,75,inf
Random,10,52,2,2,76,inf
Random,10,52,2,2,77,inf
Random,10,52,2,2,78,inf
Random,10,52,2,2,79,inf
Random,10,52,2,2,80,inf
Random,10,52,2,2,81,inf
Random,10,52,2,2,82,inf
Random,10,52,2,2,83,inf
Random,10,52,2,2,84,inf
Random,10,52,2,2,85,inf
Random,10,52,2,2,86,inf
Random,10,52,2,2,87,inf
Random,10,52,2,2,88,inf
Random,10,52,2,2,89,inf
Random,10,52,2,2,90,inf
Random,10,52,2,2,91,inf
Random,10,52,2,2,92,inf
Random,10,52,2,2,93,inf
Random,10,52,2,2,94,inf
Random,10,52,2,2,95,inf
Random,10,52,2,2,96,inf
Random,10,52,2,2,97,inf
Random,10,52,2,2,98,inf
Random,10,52,2,2,99,inf
Random,10,52,2,2,100,inf
qLogEI,10,52,2,2,1,inf
qLogEI,10,52,2,2,2,inf
qLogEI,10,52,2,2,3,inf
qLogEI,10,52,2,2,4,inf
qLogEI,10,52,2,2,5,inf
qLogEI,10,52,2,2,6,inf
qLogEI,10,52,2,2,7,inf
qLogEI,10,52,2,2,8,inf
qLogEI,10,52,2,2,9,inf
qLogEI,10,52,2,2,10,inf
qLogEI,10,52,2,2,11,inf
qLogEI,10,52,2,2,12,inf
qLogEI,10,52,2,2,13,inf
qLogEI,10,52,2,2,14,inf
qLogEI,10,52,2,2,15,inf
qLogEI,10,52,2,2,16,inf
qLogEI,10,52,2,2,17,inf
qLogEI,10,52,2,2,18,inf
qLogEI,10,52,2,2,19,inf
qLogEI,10,52,2,2,20,inf
qLogEI,10,52,2,2,21,inf
qLogEI,10,52,2,2,22,inf
qLogEI,10,52,2,2,23,inf
qLogEI,10,52,2,2,24,inf
qLogEI,10,52,2,2,25,inf
qLogEI,10,52,2,2,26,inf
qLogEI,10,52,2,2,27,inf
qLogEI,10,52,2,2,28,inf
qLogEI,10,52,2,2,29,inf
qLogEI,10,52,2,2,30,inf
qLogEI,10,52,2,2,31,inf
qLogEI,10,52,2,2,32,inf
qLogEI,10,52,2,2,33,inf
qLogEI,10,52,2,2,34,inf
qLogEI,10,52,2,2,35,inf
qLogEI,10,52,2,2,36,inf
qLogEI,10,52,2,2,37,inf
qLogEI,10,52,2,2,38,inf
qLogEI,10,52,2,2,39,inf
qLogEI,10,52,2,2,40,inf
qLogEI,10,52,2,2,41,inf
qLogEI,10,52,2,2,42,inf
qLogEI,10,52,2,2,43,inf
qLogEI,10,52,2,2,44,inf
qLogEI,10,52,2,2,45,inf
qLogEI,10,52,2,2,46,inf
qLogEI,10,52,2,2,47,inf
qLogEI,10,52,2,2,48,inf
qLogEI,10,52,2,2,49,inf
qLogEI,10,52,2,2,50,inf
qLogEI,10,52,2,2,51,inf
qLogEI,10,52,2,2,52,inf
qLogEI,10,52,2,2,53,inf
qLogEI,10,52,2,2,54,inf
qLogEI,10,52,2,2,55,inf
qLogEI,10,52,2,2,56,inf
qLogEI,10,52,2,2,57,inf
qLogEI,10,52,2,2,58,inf
qLogEI,10,52,2,2,59,inf
qLogEI,10,52,2,2,60,inf
qLogEI,10,52,2,2,61,inf
qLogEI,10,52,2,2,62,inf
qLogEI,10,52,2,2,63,inf
qLogEI,10,52,2,2,64,inf
qLogEI,10,52,2,2,65,inf
qLogEI,10,52,2,2,66,inf
qLogEI,10,52,2,2,67,inf
qLogEI,10,52,2,2,68,inf
qLogEI,10,52,2,2,69,inf
qLogEI,10,52,2,2,70,inf
qLogEI,10,52,2,2,71,inf
qLogEI,10,52,2,2,72,inf
qLogEI,10,52,2,2,73,inf
qLogEI,10,52,2,2,74,inf
qLogEI,10,52,2,2,75,inf
qLogEI,10,52,2,2,76,inf
qLogEI,10,52,2,2,77,inf
qLogEI,10,52,2,2,78,inf
qLogEI,10,52,2,2,79,inf
qLogEI,10,52,2,2,80,inf
qLogEI,10,52,2,2,81,inf
qLogEI,10,52,2,2,82,inf
qLogEI,10,52,2,2,83,inf
qLogEI,10,52,2,2,84,inf
qLogEI,10,52,2,2,85,inf
qLogEI,10,52,2,2,86,inf
qLogEI,10,52,2,2,87,inf
qLogEI,10,52,2,2,88,inf
qLogEI,10,52,2,2,89,inf
qLogEI,10,52,2,2,90,inf
qLogEI,10,52,2,2,91,inf
qLogEI,10,52,2,2,92,inf
qLogEI,10,52,2,2,93,inf
qLogEI,10,52,2,2,94,inf
qLogEI,10,52,2,2,95,inf
qLogEI,10,52,2,2,96,inf
qLogEI,10,52,2,2,97,inf
qLogEI,10,52,2,2,98,inf
qLogEI,10,52,2,2,99,inf
qLogEI,10,52,2,2,100,inf
RL,10,52,2,2,1,inf
RL,10,52,2,2,2,inf
RL,10,52,2,2,3,inf
RL,10,52,2,2,4,inf
RL,10,52,2,2,5,inf
RL,10,52,2,2,6,inf
RL,10,52,2,2,7,inf
RL,10,52,2,2,8,inf
RL,10,52,2,2,9,inf
RL,10,52,2,2,10,inf
RL,10,52,2,2,11,inf
RL,10,52,2,2,12,inf
RL,10,52,2,2,13,inf
RL,10,52,2,2,14,inf
RL,10,52,2,2,15,inf
RL,10,52,2,2,16,inf
RL,10,52,2,2,17,inf
RL,10,52,2,2,18,inf
RL,10,52,2,2,19,inf
RL,10,52,2,2,20,inf
RL,10,52,2,2,21,inf
RL,10,52,2,2,22,inf
RL,10,52,2,2,23,inf
RL,10,52,2,2,24,inf
RL,10,52,2,2,25,inf
RL,10,52,2,2,26,inf
RL,10,52,2,2,27,inf
RL,10,52,2,2,28,inf
RL,10,52,2,2,29,inf
RL,10,52,2,2,30,inf
RL,10,52,2,2,31,inf
RL,10,52,2,2,32,inf
RL,10,52,2,2,33,inf
RL,10,52,2,2,34,inf
RL,10,52,2,2,35,inf
RL,10,52,2,2,36,inf
RL,10,52,2,2,37,inf
RL,10,52,2,2,38,inf
RL,10,52,2,2,39,inf
RL,10,52,2,2,40,inf
RL,10,52,2,2,41,inf
RL,10,52,2,2,42,inf
RL,10,52,2,2,43,inf
RL,10,52,2,2,44,inf
RL,10,52,2,2,45,inf
RL,10,52,2,2,46,inf
RL,10,52,2,2,47,inf
RL,10,52,2,2,48,inf
RL,10,52,2,2,49,inf
RL,10,52,2,2,50,inf
RL,10,52,2,2,51,inf
RL,10,52,2,2,52,inf
RL,10,52,2,2,53,inf
RL,10,52,2,2,54,inf
RL,10,52,2,2,55,inf
RL,10,52,2,2,56,inf
RL,10,52,2,2,57,inf
RL,10,52,2,2,58,inf
RL,10,52,2,2,59,inf
RL,10,52,2,2,60,inf
RL,10,52,2,2,61,inf
RL,10,52,2,2,62,inf
RL,10,52,2,2,63,inf
RL,10,52,2,2,64,inf
RL,10,52,2,2,65,inf
RL,10,52,2,2,66,inf
RL,10,52,2,2,67,inf
RL,10,52,2,2,68,inf
RL,10,52,2,2,69,inf
RL,10,52,2,2,70,inf
RL,10,52,2,2,71,inf
RL,10,52,2,2,72,inf
RL,10,52,2,2,73,inf
RL,10,52,2,2,74,inf
RL,10,52,2,2,75,inf
RL,10,52,2,2,76,inf
RL,10,52,2,2,77,inf
RL,10,52,2,2,78,inf
RL,10,52,2,2,79,inf
RL,10,52,2,2,80,inf
RL,10,52,2,2,81,inf
RL,10,52,2,2,82,inf
RL,10,52,2,2,83,inf
RL,10,52,2,2,84,inf
RL,10,52,2,2,85,inf
RL,10,52,2,2,86,inf
RL,10,52,2,2,87,inf
RL,10,52,2,2,88,inf
RL,10,52,2,2,89,inf
RL,10,52,2,2,90,inf
RL,10,52,2,2,91,inf
RL,10,52,2,2,92,inf
RL,10,52,2,2,93,inf
RL,10,52,2,2,94,inf
RL,10,52,2,2,95,inf
RL,10,52,2,2,96,inf
RL,10,52,2,2,97,inf
RL,10,52,2,2,98,inf
RL,10,52,2,2,99,inf
RL,10,52,2,2,100,inf
Random,10,52,2,3,1,inf
Random,10,52,2,3,2,inf
Random,10,52,2,3,3,inf
Random,10,52,2,3,4,inf
Random,10,52,2,3,5,inf
Random,10,52,2,3,6,inf
Random,10,52,2,3,7,inf
Random,10,52,2,3,8,inf
Random,10,52,2,3,9,inf
Random,10,52,2,3,10,inf
Random,10,52,2,3,11,inf
Random,10,52,2,3,12,inf
Random,10,52,2,3,13,inf
Random,10,52,2,3,14,inf
Random,10,52,2,3,15,inf
Random,10,52,2,3,16,inf
Random,10,52,2,3,17,inf
Random,10,52,2,3,18,inf
Random,10,52,2,3,19,inf
Random,10,52,2,3,20,inf
Random,10,52,2,3,21,inf
Random,10,52,2,3,22,inf
Random,10,52,2,3,23,inf
Random,10,52,2,3,24,inf
Random,10,52,2,3,25,inf
Random,10,52,2,3,26,inf
Random,10,52,2,3,27,inf
Random,10,52,2,3,28,inf
Random,10,52,2,3,29,inf
Random,10,52,2,3,30,inf
Random,10,52,2,3,31,inf
Random,10,52,2,3,32,inf
Random,10,52,2,3,33,inf
Random,10,52,2,3,34,inf
Random,10,52,2,3,35,inf
Random,10,52,2,3,36,inf
Random,10,52,2,3,37,inf
Random,10,52,2,3,38,inf
Random,10,52,2,3,39,inf
Random,10,52,2,3,40,inf
Random,10,52,2,3,41,inf
Random,10,52,2,3,42,inf
Random,10,52,2,3,43,inf
Random,10,52,2,3,44,inf
Random,10,52,2,3,45,inf
Random,10,52,2,3,46,inf
Random,10,52,2,3,47,inf
Random,10,52,2,3,48,inf
Random,10,52,2,3,49,inf
Random,10,52,2,3,50,inf
Random,10,52,2,3,51,inf
Random,10,52,2,3,52,inf
Random,10,52,2,3,53,inf
Random,10,52,2,3,54,inf
Random,10,52,2,3,55,inf
Random,10,52,2,3,56,inf
Random,10,52,2,3,57,inf
Random,10,52,2,3,58,inf
Random,10,52,2,3,59,inf
Random,10,52,2,3,60,inf
Random,10,52,2,3,61,inf
Random,10,52,2,3,62,inf
Random,10,52,2,3,63,inf
Random,10,52,2,3,64,inf
Random,10,52,2,3,65,inf
Random,10,52,2,3,66,inf
Random,10,52,2,3,67,inf
Random,10,52,2,3,68,inf
Random,10,52,2,3,69,inf
Random,10,52,2,3,70,inf
Random,10,52,2,3,71,inf
Random,10,52,2,3,72,inf
Random,10,52,2,3,73,inf
Random,10,52,2,3,74,inf
Random,10,52,2,3,75,inf
Random,10,52,2,3,76,inf
Random,10,52,2,3,77,inf
Random,10,52,2,3,78,inf
Random,10,52,2,3,79,inf
Random,10,52,2,3,80,inf
Random,10,52,2,3,81,inf
Random,10,52,2,3,82,inf
Random,10,52,2,3,83,inf
Random,10,52,2,3,84,inf
Random,10,52,2,3,85,inf
Random,10,52,2,3,86,inf
Random,10,52,2,3,87,inf
Random,10,52,2,3,88,inf
Random,10,52,2,3,89,inf
Random,10,52,2,3,90,inf
Random,10,52,2,3,91,inf
Random,10,52,2,3,92,inf
Random,10,52,2,3,93,inf
Random,10,52,2,3,94,inf
Random,10,52,2,3,95,inf
Random,10,52,2,3,96,inf
Random,10,52,2,3,97,inf
Random,10,52,2,3,98,inf
Random,10,52,2,3,99,inf
Random,10,52,2,3,100,inf
qLogEI,10,52,2,3,1,inf
qLogEI,10,52,2,3,2,inf
qLogEI,10,52,2,3,3,inf
qLogEI,10,52,2,3,4,inf
qLogEI,10,52,2,3,5,inf
qLogEI,10,52,2,3,6,inf
qLogEI,10,52,2,3,7,inf
qLogEI,10,52,2,3,8,inf
qLogEI,10,52,2,3,9,inf
qLogEI,10,52,2,3,10,inf
qLogEI,10,52,2,3,11,inf
qLogEI,10,52,2,3,12,inf
qLogEI,10,52,2,3,13,inf
qLogEI,10,52,2,3,14,inf
qLogEI,10,52,2,3,15,inf
qLogEI,10,52,2,3,16,inf
qLogEI,10,52,2,3,17,inf
qLogEI,10,52,2,3,18,inf
qLogEI,10,52,2,3,19,inf
qLogEI,10,52,2,3,20,inf
qLogEI,10,52,2,3,21,inf
qLogEI,10,52,2,3,22,inf
qLogEI,10,52,2,3,23,inf
qLogEI,10,52,2,3,24,inf
qLogEI,10,52,2,3,25,inf
qLogEI,10,52,2,3,26,inf
qLogEI,10,52,2,3,27,inf
qLogEI,10,52,2,3,28,inf
qLogEI,10,52,2,3,29,inf
qLogEI,10,52,2,3,30,inf
qLogEI,10,52,2,3,31,inf
qLogEI,10,52,2,3,32,inf
qLogEI,10,52,2,3,33,inf
qLogEI,10,52,2,3,34,inf
qLogEI,10,52,2,3,35,inf
qLogEI,10,52,2,3,36,inf
qLogEI,10,52,2,3,37,inf
qLogEI,10,52,2,3,38,inf
qLogEI,10,52,2,3,39,inf
qLogEI,10,52,2,3,40,inf
qLogEI,10,52,2,3,41,inf
qLogEI,10,52,2,3,42,inf
qLogEI,10,52,2,3,43,inf
qLogEI,10,52,2,3,44,inf
qLogEI,10,52,2,3,45,inf
qLogEI,10,52,2,3,46,inf
qLogEI,10,52,2,3,47,inf
qLogEI,10,52,2,3,48,inf
qLogEI,10,52,2,3,49,inf
qLogEI,10,52,2,3,50,inf
qLogEI,10,52,2,3,51,inf
qLogEI,10,52,2,3,52,inf
qLogEI,10,52,2,3,53,inf
qLogEI,10,52,2,3,54,inf
qLogEI,10,52,2,3,55,inf
qLogEI,10,52,2,3,56,inf
qLogEI,10,52,2,3,57,inf
qLogEI,10,52,2,3,58,inf
qLogEI,10,52,2,3,59,inf
qLogEI,10,52,2,3,60,inf
qLogEI,10,52,2,3,61,inf
qLogEI,10,52,2,3,62,inf
qLogEI,10,52,2,3,63,inf
qLogEI,10,52,2,3,64,inf
qLogEI,10,52,2,3,65,inf
qLogEI,10,52,2,3,66,inf
qLogEI,10,52,2,3,67,inf
qLogEI,10,52,2,3,68,inf
qLogEI,10,52,2,3,69,inf
qLogEI,10,52,2,3,70,inf
qLogEI,10,52,2,3,71,inf
qLogEI,10,52,2,3,72,inf
qLogEI,10,52,2,3,73,inf
qLogEI,10,52,2,3,74,inf
qLogEI,10,52,2,3,75,inf
qLogEI,10,52,2,3,76,inf
qLogEI,10,52,2,3,77,inf
qLogEI,10,52,2,3,78,inf
qLogEI,10,52,2,3,79,inf
qLogEI,10,52,2,3,80,inf
qLogEI,10,52,2,3,81,inf
qLogEI,10,52,2,3,82,inf
qLogEI,10,52,2,3,83,inf
qLogEI,10,52,2,3,84,inf
qLogEI,10,52,2,3,85,inf
qLogEI,10,52,2,3,86,inf
qLogEI,10,52,2,3,87,inf
qLogEI,10,52,2,3,88,inf
qLogEI,10,52,2,3,89,inf
qLogEI,10,52,2,3,90,inf
qLogEI,10,52,2,3,91,inf
qLogEI,10,52,2,3,92,inf
qLogEI,10,52,2,3,93,inf
qLogEI,10,52,2,3,94,inf
qLogEI,10,52,2,3,95,inf
qLogEI,10,52,2,3,96,inf
qLogEI,10,52,2,3,97,inf
qLogEI,10,52,2,3,98,inf
qLogEI,10,52,2,3,99,inf
qLogEI,10,52,2,3,100,inf
RL,10,52,2,3,1,inf
RL,10,52,2,3,2,inf
RL,10,52,2,3,3,inf
RL,10,52,2,3,4,inf
RL,10,52,2,3,5,inf
RL,10,52,2,3,6,inf
RL,10,52,2,3,7,inf
RL,10,52,2,3,8,inf
RL,10,52,2,3,9,inf
RL,10,52,2,3,10,inf
RL,10,52,2,3,11,inf
RL,10,52,2,3,12,inf
RL,10,52,2,3,13,inf
RL,10,52,2,3,14,inf
RL,10,52,2,3,15,inf
RL,10,52,2,3,16,inf
RL,10,52,2,3,17,inf
RL,10,52,2,3,18,inf
RL,10,52,2,3,19,inf
RL,10,52,2,3,20,inf
RL,10,52,2,3,21,inf
RL,10,52,2,3,22,inf
RL,10,52,2,3,23,inf
RL,10,52,2,3,24,inf
RL,10,52,2,3,25,inf
RL,10,52,2,3,26,inf
RL,10,52,2,3,27,inf
RL,10,52,2,3,28,inf
RL,10,52,2,3,29,inf
RL,10,52,2,3,30,inf
RL,10,52,2,3,31,inf
RL,10,52,2,3,32,inf
RL,10,52,2,3,33,inf
RL,10,52,2,3,34,inf
RL,10,52,2,3,35,inf
RL,10,52,2,3,36,inf
RL,10,52,2,3,37,inf
RL,10,52,2,3,38,inf
RL,10,52,2,3,39,inf
RL,10,52,2,3,40,inf
RL,10,52,2,3,41,inf
RL,10,52,2,3,42,inf
RL,10,52,2,3,43,inf
RL,10,52,2,3,44,inf
RL,10,52,2,3,45,inf
RL,10,52,2,3,46,inf
RL,10,52,2,3,47,inf
RL,10,52,2,3,48,inf
RL,10,52,2,3,49,inf
RL,10,52,2,3,50,inf
RL,10,52,2,3,51,inf
RL,10,52,2,3,52,inf
RL,10,52,2,3,53,inf
RL,10,52,2,3,54,inf
RL,10,52,2,3,55,inf
RL,10,52,2,3,56,inf
RL,10,52,2,3,57,inf
RL,10,52,2,3,58,inf
RL,10,52,2,3,59,inf
RL,10,52,2,3,60,inf
RL,10,52,2,3,61,inf
RL,10,52,2,3,62,inf
RL,10,52,2,3,63,inf
RL,10,52,2,3,64,inf
RL,10,52,2,3,65,inf
RL,10,52,2,3,66,inf
RL,10,52,2,3,67,inf
RL,10,52,2,3,68,inf
RL,10,52,2,3,69,inf
RL,10,52,2,3,70,inf
RL,10,52,2,3,71,inf
RL,10,52,2,3,72,inf
RL,10,52,2,3,73,inf
RL,10,52,2,3,74,inf
RL,10,52,2,3,75,inf
RL,10,52,2,3,76,inf
RL,10,52,2,3,77,inf
RL,10,52,2,3,78,inf
RL,10,52,2,3,79,inf
RL,10,52,2,3,80,inf
RL,10,52,2,3,81,inf
RL,10,52,2,3,82,inf
RL,10,52,2,3,83,inf
RL,10,52,2,3,84,inf
RL,10,52,2,3,85,inf
RL,10,52,2,3,86,inf
RL,10,52,2,3,87,inf
RL,10,52,2,3,88,inf
RL,10,52,2,3,89,inf
RL,10,52,2,3,90,inf
RL,10,52,2,3,91,inf
RL,10,52,2,3,92,inf
RL,10,52,2,3,93,inf
RL,10,52,2,3,94,inf
RL,10,52,2,3,95,inf
RL,10,52,2,3,96,inf
RL,10,52,2,3,97,inf
RL,10,52,2,3,98,inf
RL,10,52,2,3,99,inf
RL,10,52,2,3,100,inf
Random,10,52,2,4,1,inf
Random,10,52,2,4,2,inf
Random,10,52,2,4,3,inf
Random,10,52,2,4,4,inf
Random,10,52,2,4,5,inf
Random,10,52,2,4,6,inf
Random,10,52,2,4,7,inf
Random,10,52,2,4,8,inf
Random,10,52,2,4,9,inf
Random,10,52,2,4,10,inf
Random,10,52,2,4,11,inf
Random,10,52,2,4,12,inf
Random,10,52,2,4,13,inf
Random,10,52,2,4,14,inf
Random,10,52,2,4,15,inf
Random,10,52,2,4,16,inf
Random,10,52,2,4,17,inf
Random,10,52,2,4,18,inf
Random,10,52,2,4,19,inf
Random,10,52,2,4,20,inf
Random,10,52,2,4,21,inf
Random,10,52,2,4,22,inf
Random,10,52,2,4,23,inf
Random,10,52,2,4,24,inf
Random,10,52,2,4,25,inf
Random,10,52,2,4,26,inf
Random,10,52,2,4,27,inf
Random,10,52,2,4,28,inf
Random,10,52,2,4,29,inf
Random,10,52,2,4,30,inf
Random,10,52,2,4,31,inf
Random,10,52,2,4,32,inf
Random,10,52,2,4,33,inf
Random,10,52,2,4,34,inf
Random,10,52,2,4,35,inf
Random,10,52,2,4,36,inf
Random,10,52,2,4,37,inf
Random,10,52,2,4,38,inf
Random,10,52,2,4,39,inf
Random,10,52,2,4,40,inf
Random,10,52,2,4,41,inf
Random,10,52,2,4,42,inf
Random,10,52,2,4,43,inf
Random,10,52,2,4,44,inf
Random,10,52,2,4,45,inf
Random,10,52,2,4,46,inf
Random,10,52,2,4,47,inf
Random,10,52,2,4,48,inf
Random,10,52,2,4,49,inf
Random,10,52,2,4,50,inf
Random,10,52,2,4,51,inf
Random,10,52,2,4,52,inf
Random,10,52,2,4,53,inf
Random,10,52,2,4,54,inf
Random,10,52,2,4,55,inf
Random,10,52,2,4,56,inf
Random,10,52,2,4,57,inf
Random,10,52,2,4,58,inf
Random,10,52,2,4,59,inf
Random,10,52,2,4,60,inf
Random,10,52,2,4,61,inf
Random,10,52,2,4,62,inf
Random,10,52,2,4,63,inf
Random,10,52,2,4,64,inf
Random,10,52,2,4,65,inf
Random,10,52,2,4,66,inf
Random,10,52,2,4,67,inf
Random,10,52,2,4,68,inf
Random,10,52,2,4,69,inf
Random,10,52,2,4,70,inf
Random,10,52,2,4,71,inf
Random,10,52,2,4,72,inf
Random,10,52,2,4,73,inf
Random,10,52,2,4,74,inf
Random,10,52,2,4,75,inf
Random,10,52,2,4,76,inf
Random,10,52,2,4,77,inf
Random,10,52,2,4,78,inf
Random,10,52,2,4,79,inf
Random,10,52,2,4,80,inf
Random,10,52,2,4,81,inf
Random,10,52,2,4,82,inf
Random,10,52,2,4,83,inf
Random,10,52,2,4,84,inf
Random,10,52,2,4,85,inf
Random,10,52,2,4,86,inf
Random,10,52,2,4,87,inf
Random,10,52,2,4,88,inf
Random,10,52,2,4,89,inf
Random,10,52,2,4,90,inf
Random,10,52,2,4,91,inf
Random,10,52,2,4,92,inf
Random,10,52,2,4,93,inf
Random,10,52,2,4,94,inf
Random,10,52,2,4,95,inf
Random,10,52,2,4,96,inf
Random,10,52,2,4,97,inf
Random,10,52,2,4,98,inf
Random,10,52,2,4,99,inf
Random,10,52,2,4,100,inf
qLogEI,10,52,2,4,1,inf
qLogEI,10,52,2,4,2,inf
qLogEI,10,52,2,4,3,inf
qLogEI,10,52,2,4,4,inf
qLogEI,10,52,2,4,5,inf
qLogEI,10,52,2,4,6,inf
qLogEI,10,52,2,4,7,inf
qLogEI,10,52,2,4,8,inf
qLogEI,10,52,2,4,9,inf
qLogEI,10,52,2,4,10,inf
qLogEI,10,52,2,4,11,inf
qLogEI,10,52,2,4,12,inf
qLogEI,10,52,2,4,13,inf
qLogEI,10,52,2,4,14,inf
qLogEI,10,52,2,4,15,inf
qLogEI,10,52,2,4,16,inf
qLogEI,10,52,2,4,17,inf
qLogEI,10,52,2,4,18,inf
qLogEI,10,52,2,4,19,inf
qLogEI,10,52,2,4,20,inf
qLogEI,10,52,2,4,21,inf
qLogEI,10,52,2,4,22,inf
qLogEI,10,52,2,4,23,inf
qLogEI,10,52,2,4,24,inf
qLogEI,10,52,2,4,25,inf
qLogEI,10,52,2,4,26,inf
qLogEI,10,52,2,4,27,inf
qLogEI,10,52,2,4,28,inf
qLogEI,10,52,2,4,29,inf
qLogEI,10,52,2,4,30,inf
qLogEI,10,52,2,4,31,inf
qLogEI,10,52,2,4,32,inf
qLogEI,10,52,2,4,33,inf
qLogEI,10,52,2,4,34,inf
qLogEI,10,52,2,4,35,inf
qLogEI,10,52,2,4,36,inf
qLogEI,10,52,2,4,37,inf
qLogEI,10,52,2,4,38,inf
qLogEI,10,52,2,4,39,inf
qLogEI,10,52,2,4,40,inf
qLogEI,10,52,2,4,41,inf
qLogEI,10,52,2,4,42,inf
qLogEI,10,52,2,4,43,inf
qLogEI,10,52,2,4,44,inf
qLogEI,10,52,2,4,45,inf
qLogEI,10,52,2,4,46,inf
qLogEI,10,52,2,4,47,inf
qLogEI,10,52,2,4,48,inf
qLogEI,10,52,2,4,49,inf
qLogEI,10,52,2,4,50,inf
qLogEI,10,52,2,4,51,inf
qLogEI,10,52,2,4,52,inf
qLogEI,10,52,2,4,53,inf
qLogEI,10,52,2,4,54,inf
qLogEI,10,52,2,4,55,inf
qLogEI,10,52,2,4,56,inf
qLogEI,10,52,2,4,57,inf
qLogEI,10,52,2,4,58,inf
qLogEI,10,52,2,4,59,inf
qLogEI,10,52,2,4,60,inf
qLogEI,10,52,2,4,61,inf
qLogEI,10,52,2,4,62,inf
qLogEI,10,52,2,4,63,inf
qLogEI,10,52,2,4,64,inf
qLogEI,10,52,2,4,65,inf
qLogEI,10,52,2,4,66,inf
qLogEI,10,52,2,4,67,inf
qLogEI,10,52,2,4,68,inf
qLogEI,10,52,2,4,69,inf
qLogEI,10,52,2,4,70,inf
qLogEI,10,52,2,4,71,inf
qLogEI,10,52,2,4,72,inf
qLogEI,10,52,2,4,73,inf
qLogEI,10,52,2,4,74,inf
qLogEI,10,52,2,4,75,inf
qLogEI,10,52,2,4,76,inf
qLogEI,10,52,2,4,77,inf
qLogEI,10,52,2,4,78,inf
qLogEI,10,52,2,4,79,inf
qLogEI,10,52,2,4,80,inf
qLogEI,10,52,2,4,81,inf
qLogEI,10,52,2,4,82,inf
qLogEI,10,52,2,4,83,inf
qLogEI,10,52,2,4,84,inf
qLogEI,10,52,2,4,85,inf
qLogEI,10,52,2,4,86,inf
qLogEI,10,52,2,4,87,inf
qLogEI,10,52,2,4,88,inf
qLogEI,10,52,2,4,89,inf
qLogEI,10,52,2,4,90,inf
qLogEI,10,52,2,4,91,inf
qLogEI,10,52,2,4,92,inf
qLogEI,10,52,2,4,93,inf
qLogEI,10,52,2,4,94,inf
qLogEI,10,52,2,4,95,inf
qLogEI,10,52,2,4,96,inf
qLogEI,10,52,2,4,97,inf
qLogEI,10,52,2,4,98,inf
qLogEI,10,52,2,4,99,inf
qLogEI,10,52,2,4,100,inf
RL,10,52,2,4,1,inf
RL,10,52,2,4,2,inf
RL,10,52,2,4,3,inf
RL,10,52,2,4,4,inf
RL,10,52,2,4,5,inf
RL,10,52,2,4,6,inf
RL,10,52,2,4,7,inf
RL,10,52,2,4,8,inf
RL,10,52,2,4,9,inf
RL,10,52,2,4,10,inf
RL,10,52,2,4,11,inf
RL,10,52,2,4,12,inf
RL,10,52,2,4,13,inf
RL,10,52,2,4,14,inf
RL,10,52,2,4,15,inf
RL,10,52,2,4,16,inf
RL,10,52,2,4,17,inf
RL,10,52,2,4,18,inf
RL,10,52,2,4,19,inf
RL,10,52,2,4,20,inf
RL,10,52,2,4,21,inf
RL,10,52,2,4,22,inf
RL,10,52,2,4,23,inf
RL,10,52,2,4,24,inf
RL,10,52,2,4,25,inf
RL,10,52,2,4,26,inf
RL,10,52,2,4,27,inf
RL,10,52,2,4,28,inf
RL,10,52,2,4,29,inf
RL,10,52,2,4,30,inf
RL,10,52,2,4,31,inf
RL,10,52,2,4,32,inf
RL,10,52,2,4,33,inf
RL,10,52,2,4,34,inf
RL,10,52,2,4,35,inf
RL,10,52,2,4,36,inf
RL,10,52,2,4,37,inf
RL,10,52,2,4,38,inf
RL,10,52,2,4,39,inf
RL,10,52,2,4,40,inf
RL,10,52,2,4,41,inf
RL,10,52,2,4,42,inf
RL,10,52,2,4,43,inf
RL,10,52,2,4,44,inf
RL,10,52,2,4,45,inf
RL,10,52,2,4,46,inf
RL,10,52,2,4,47,inf
RL,10,52,2,4,48,inf
RL,10,52,2,4,49,inf
RL,10,52,2,4,50,inf
RL,10,52,2,4,51,inf
RL,10,52,2,4,52,inf
RL,10,52,2,4,53,inf
RL,10,52,2,4,54,inf
RL,10,52,2,4,55,inf
RL,10,52,2,4,56,inf
RL,10,52,2,4,57,inf
RL,10,52,2,4,58,inf
RL,10,52,2,4,59,inf
RL,10,52,2,4,60,inf
RL,10,52,2,4,61,inf
RL,10,52,2,4,62,inf
RL,10,52,2,4,63,inf
RL,10,52,2,4,64,inf
RL,10,52,2,4,65,inf
RL,10,52,2,4,66,inf
RL,10,52,2,4,67,inf
RL,10,52,2,4,68,inf
RL,10,52,2,4,69,inf
RL,10,52,2,4,70,inf
RL,10,52,2,4,71,inf
RL,10,52,2,4,72,inf
RL,10,52,2,4,73,inf
RL,10,52,2,4,74,inf
RL,10,52,2,4,75,inf
RL,10,52,2,4,76,inf
RL,10,52,2,4,77,inf
RL,10,52,2,4,78,inf
RL,10,52,2,4,79,inf
RL,10,52,2,4,80,inf
RL,10,52,2,4,81,inf
RL,10,52,2,4,82,inf
RL,10,52,2,4,83,inf
RL,10,52,2,4,84,inf
RL,10,52,2,4,85,inf
RL,10,52,2,4,86,inf
RL,10,52,2,4,87,inf
RL,10,52,2,4,88,inf
RL,10,52,2,4,89,inf
RL,10,52,2,4,90,inf
RL,10,52,2,4,91,inf
RL,10,52,2,4,92,inf
RL,10,52,2,4,93,inf
RL,10,52,2,4,94,inf
RL,10,52,2,4,95,inf
RL,10,52,2,4,96,inf
RL,10,52,2,4,97,inf
RL,10,52,2,4,98,inf
RL,10,52,2,4,99,inf
RL,10,52,2,4,100,inf
Random,10,52,3,0,1,inf
Random,10,52,3,0,2,inf
Random,10,52,3,0,3,inf
Random,10,52,3,0,4,inf
Random,10,52,3,0,5,inf
Random,10,52,3,0,6,inf
Random,10,52,3,0,7,inf
Random,10,52,3,0,8,inf
Random,10,52,3,0,9,inf
Random,10,52,3,0,10,inf
Random,10,52,3,0,11,inf
Random,10,52,3,0,12,inf
Random,10,52,3,0,13,inf
Random,10,52,3,0,14,inf
Random,10,52,3,0,15,inf
Random,10,52,3,0,16,inf
Random,10,52,3,0,17,inf
Random,10,52,3,0,18,inf
Random,10,52,3,0,19,inf
Random,10,52,3,0,20,inf
Random,10,52,3,0,21,inf
Random,10,52,3,0,22,inf
Random,10,52,3,0,23,inf
Random,10,52,3,0,24,inf
Random,10,52,3,0,25,inf
Random,10,52,3,0,26,inf
Random,10,52,3,0,27,inf
Random,10,52,3,0,28,inf
Random,10,52,3,0,29,inf
Random,10,52,3,0,30,inf
Random,10,52,3,0,31,inf
Random,10,52,3,0,32,inf
Random,10,52,3,0,33,inf
Random,10,52,3,0,34,inf
Random,10,52,3,0,35,inf
Random,10,52,3,0,36,inf
Random,10,52,3,0,37,inf
Random,10,52,3,0,38,inf
Random,10,52,3,0,39,inf
Random,10,52,3,0,40,inf
Random,10,52,3,0,41,inf
Random,10,52,3,0,42,inf
Random,10,52,3,0,43,inf
Random,10,52,3,0,44,inf
Random,10,52,3,0,45,inf
Random,10,52,3,0,46,inf
Random,10,52,3,0,47,inf
Random,10,52,3,0,48,inf
Random,10,52,3,0,49,inf
Random,10,52,3,0,50,inf
Random,10,52,3,0,51,inf
Random,10,52,3,0,52,inf
Random,10,52,3,0,53,inf
Random,10,52,3,0,54,inf
Random,10,52,3,0,55,inf
Random,10,52,3,0,56,inf
Random,10,52,3,0,57,inf
Random,10,52,3,0,58,inf
Random,10,52,3,0,59,inf
Random,10,52,3,0,60,inf
Random,10,52,3,0,61,inf
Random,10,52,3,0,62,inf
Random,10,52,3,0,63,inf
Random,10,52,3,0,64,inf
Random,10,52,3,0,65,inf
Random,10,52,3,0,66,inf
Random,10,52,3,0,67,inf
Random,10,52,3,0,68,inf
Random,10,52,3,0,69,inf
Random,10,52,3,0,70,inf
Random,10,52,3,0,71,inf
Random,10,52,3,0,72,inf
Random,10,52,3,0,73,inf
Random,10,52,3,0,74,inf
Random,10,52,3,0,75,inf
Random,10,52,3,0,76,inf
Random,10,52,3,0,77,inf
Random,10,52,3,0,78,inf
Random,10,52,3,0,79,inf
Random,10,52,3,0,80,inf
Random,10,52,3,0,81,inf
Random,10,52,3,0,82,inf
Random,10,52,3,0,83,inf
Random,10,52,3,0,84,inf
Random,10,52,3,0,85,inf
Random,10,52,3,0,86,inf
Random,10,52,3,0,87,inf
Random,10,52,3,0,88,inf
Random,10,52,3,0,89,inf
Random,10,52,3,0,90,inf
Random,10,52,3,0,91,inf
Random,10,52,3,0,92,inf
Random,10,52,3,0,93,inf
Random,10,52,3,0,94,inf
Random,10,52,3,0,95,inf
Random,10,52,3,0,96,inf
Random,10,52,3,0,97,inf
Random,10,52,3,0,98,inf
Random,10,52,3,0,99,inf
Random,10,52,3,0,100,inf
qLogEI,10,52,3,0,1,inf
qLogEI,10,52,3,0,2,inf
qLogEI,10,52,3,0,3,inf
qLogEI,10,52,3,0,4,inf
qLogEI,10,52,3,0,5,inf
qLogEI,10,52,3,0,6,inf
qLogEI,10,52,3,0,7,inf
qLogEI,10,52,3,0,8,inf
qLogEI,10,52,3,0,9,inf
qLogEI,10,52,3,0,10,inf
qLogEI,10,52,3,0,11,inf
qLogEI,10,52,3,0,12,inf
qLogEI,10,52,3,0,13,inf
qLogEI,10,52,3,0,14,inf
qLogEI,10,52,3,0,15,inf
qLogEI,10,52,3,0,16,inf
qLogEI,10,52,3,0,17,inf
qLogEI,10,52,3,0,18,inf
qLogEI,10,52,3,0,19,inf
qLogEI,10,52,3,0,20,inf
qLogEI,10,52,3,0,21,inf
qLogEI,10,52,3,0,22,inf
qLogEI,10,52,3,0,23,inf
qLogEI,10,52,3,0,24,inf
qLogEI,10,52,3,0,25,inf
qLogEI,10,52,3,0,26,inf
qLogEI,10,52,3,0,27,inf
qLogEI,10,52,3,0,28,inf
qLogEI,10,52,3,0,29,inf
qLogEI,10,52,3,0,30,inf
qLogEI,10,52,3,0,31,inf
qLogEI,10,52,3,0,32,inf
qLogEI,10,52,3,0,33,inf
qLogEI,10,52,3,0,34,inf
qLogEI,10,52,3,0,35,inf
qLogEI,10,52,3,0,36,inf
qLogEI,10,52,3,0,37,inf
qLogEI,10,52,3,0,38,inf
qLogEI,10,52,3,0,39,inf
qLogEI,10,52,3,0,40,inf
qLogEI,10,52,3,0,41,inf
qLogEI,10,52,3,0,42,inf
qLogEI,10,52,3,0,43,inf
qLogEI,10,52,3,0,44,inf
qLogEI,10,52,3,0,45,inf
qLogEI,10,52,3,0,46,inf
qLogEI,10,52,3,0,47,inf
qLogEI,10,52,3,0,48,inf
qLogEI,10,52,3,0,49,inf
qLogEI,10,52,3,0,50,inf
qLogEI,10,52,3,0,51,inf
qLogEI,10,52,3,0,52,inf
qLogEI,10,52,3,0,53,inf
qLogEI,10,52,3,0,54,inf
qLogEI,10,52,3,0,55,inf
qLogEI,10,52,3,0,56,inf
qLogEI,10,52,3,0,57,inf
qLogEI,10,52,3,0,58,inf
qLogEI,10,52,3,0,59,inf
qLogEI,10,52,3,0,60,inf
qLogEI,10,52,3,0,61,inf
qLogEI,10,52,3,0,62,inf
qLogEI,10,52,3,0,63,inf
qLogEI,10,52,3,0,64,inf
qLogEI,10,52,3,0,65,inf
qLogEI,10,52,3,0,66,inf
qLogEI,10,52,3,0,67,inf
qLogEI,10,52,3,0,68,inf
qLogEI,10,52,3,0,69,inf
qLogEI,10,52,3,0,70,inf
qLogEI,10,52,3,0,71,inf
qLogEI,10,52,3,0,72,inf
qLogEI,10,52,3,0,73,inf
qLogEI,10,52,3,0,74,inf
qLogEI,10,52,3,0,75,inf
qLogEI,10,52,3,0,76,inf
qLogEI,10,52,3,0,77,inf
qLogEI,10,52,3,0,78,inf
qLogEI,10,52,3,0,79,inf
qLogEI,10,52,3,0,80,inf
qLogEI,10,52,3,0,81,inf
qLogEI,10,52,3,0,82,inf
qLogEI,10,52,3,0,83,inf
qLogEI,10,52,3,0,84,inf
qLogEI,10,52,3,0,85,inf
qLogEI,10,52,3,0,86,inf
qLogEI,10,52,3,0,87,inf
qLogEI,10,52,3,0,88,inf
qLogEI,10,52,3,0,89,inf
qLogEI,10,52,3,0,90,inf
qLogEI,10,52,3,0,91,inf
qLogEI,10,52,3,0,92,inf
qLogEI,10,52,3,0,93,inf
qLogEI,10,52,3,0,94,inf
qLogEI,10,52,3,0,95,inf
qLogEI,10,52,3,0,96,inf
qLogEI,10,52,3,0,97,inf
qLogEI,10,52,3,0,98,inf
qLogEI,10,52,3,0,99,inf
qLogEI,10,52,3,0,100,inf
RL,10,52,3,0,1,inf
RL,10,52,3,0,2,inf
RL,10,52,3,0,3,inf
RL,10,52,3,0,4,inf
RL,10,52,3,0,5,inf
RL,10,52,3,0,6,inf
RL,10,52,3,0,7,inf
RL,10,52,3,0,8,inf
RL,10,52,3,0,9,inf
RL,10,52,3,0,10,inf
RL,10,52,3,0,11,inf
RL,10,52,3,0,12,inf
RL,10,52,3,0,13,inf
RL,10,52,3,0,14,inf
RL,10,52,3,0,15,inf
RL,10,52,3,0,16,inf
RL,10,52,3,0,17,inf
RL,10,52,3,0,18,inf
RL,10,52,3,0,19,inf
RL,10,52,3,0,20,inf
RL,10,52,3,0,21,inf
RL,10,52,3,0,22,inf
RL,10,52,3,0,23,inf
RL,10,52,3,0,24,inf
RL,10,52,3,0,25,inf
RL,10,52,3,0,26,inf
RL,10,52,3,0,27,inf
RL,10,52,3,0,28,inf
RL,10,52,3,0,29,inf
RL,10,52,3,0,30,inf
RL,10,52,3,0,31,inf
RL,10,52,3,0,32,inf
RL,10,52,3,0,33,inf
RL,10,52,3,0,34,inf
RL,10,52,3,0,35,inf
RL,10,52,3,0,36,inf
RL,10,52,3,0,37,inf
RL,10,52,3,0,38,inf
RL,10,52,3,0,39,inf
RL,10,52,3,0,40,inf
RL,10,52,3,0,41,inf
RL,10,52,3,0,42,inf
RL,10,52,3,0,43,inf
RL,10,52,3,0,44,inf
RL,10,52,3,0,45,inf
RL,10,52,3,0,46,inf
RL,10,52,3,0,47,inf
RL,10,52,3,0,48,inf
RL,10,52,3,0,49,inf
RL,10,52,3,0,50,inf
RL,10,52,3,0,51,inf
RL,10,52,3,0,52,inf
RL,10,52,3,0,53,inf
RL,10,52,3,0,54,inf
RL,10,52,3,0,55,inf
RL,10,52,3,0,56,inf
RL,10,52,3,0,57,inf
RL,10,52,3,0,58,inf
RL,10,52,3,0,59,inf
RL,10,52,3,0,60,inf
RL,10,52,3,0,61,inf
RL,10,52,3,0,62,inf
RL,10,52,3,0,63,inf
RL,10,52,3,0,64,inf
RL,10,52,3,0,65,inf
RL,10,52,3,0,66,inf
RL,10,52,3,0,67,inf
RL,10,52,3,0,68,inf
RL,10,52,3,0,69,inf
RL,10,52,3,0,70,inf
RL,10,52,3,0,71,inf
RL,10,52,3,0,72,inf
RL,10,52,3,0,73,inf
RL,10,52,3,0,74,inf
RL,10,52,3,0,75,inf
RL,10,52,3,0,76,inf
RL,10,52,3,0,77,inf
RL,10,52,3,0,78,inf
RL,10,52,3,0,79,inf
RL,10,52,3,0,80,inf
RL,10,52,3,0,81,inf
RL,10,52,3,0,82,inf
RL,10,52,3,0,83,inf
RL,10,52,3,0,84,inf
RL,10,52,3,0,85,inf
RL,10,52,3,0,86,inf
RL,10,52,3,0,87,inf
RL,10,52,3,0,88,inf
RL,10,52,3,0,89,inf
RL,10,52,3,0,90,inf
RL,10,52,3,0,91,inf
RL,10,52,3,0,92,inf
RL,10,52,3,0,93,inf
RL,10,52,3,0,94,inf
RL,10,52,3,0,95,inf
RL,10,52,3,0,96,inf
RL,10,52,3,0,97,inf
RL,10,52,3,0,98,inf
RL,10,52,3,0,99,inf
RL,10,52,3,0,100,inf
Random,10,52,3,1,1,inf
Random,10,52,3,1,2,inf
Random,10,52,3,1,3,inf
Random,10,52,3,1,4,inf
Random,10,52,3,1,5,inf
Random,10,52,3,1,6,inf
Random,10,52,3,1,7,inf
Random,10,52,3,1,8,inf
Random,10,52,3,1,9,inf
Random,10,52,3,1,10,inf
Random,10,52,3,1,11,inf
Random,10,52,3,1,12,inf
Random,10,52,3,1,13,inf
Random,10,52,3,1,14,inf
Random,10,52,3,1,15,inf
Random,10,52,3,1,16,inf
Random,10,52,3,1,17,inf
Random,10,52,3,1,18,inf
Random,10,52,3,1,19,inf
Random,10,52,3,1,20,inf
Random,10,52,3,1,21,inf
Random,10,52,3,1,22,inf
Random,10,52,3,1,23,inf
Random,10,52,3,1,24,inf
Random,10,52,3,1,25,inf
Random,10,52,3,1,26,inf
Random,10,52,3,1,27,inf
Random,10,52,3,1,28,inf
Random,10,52,3,1,29,inf
Random,10,52,3,1,30,inf
Random,10,52,3,1,31,inf
Random,10,52,3,1,32,inf
Random,10,52,3,1,33,inf
Random,10,52,3,1,34,inf
Random,10,52,3,1,35,inf
Random,10,52,3,1,36,inf
Random,10,52,3,1,37,inf
Random,10,52,3,1,38,inf
Random,10,52,3,1,39,inf
Random,10,52,3,1,40,inf
Random,10,52,3,1,41,inf
Random,10,52,3,1,42,inf
Random,10,52,3,1,43,inf
Random,10,52,3,1,44,inf
Random,10,52,3,1,45,inf
Random,10,52,3,1,46,inf
Random,10,52,3,1,47,inf
Random,10,52,3,1,48,inf
Random,10,52,3,1,49,inf
Random,10,52,3,1,50,inf
Random,10,52,3,1,51,inf
Random,10,52,3,1,52,inf
Random,10,52,3,1,53,inf
Random,10,52,3,1,54,inf
Random,10,52,3,1,55,inf
Random,10,52,3,1,56,inf
Random,10,52,3,1,57,inf
Random,10,52,3,1,58,inf
Random,10,52,3,1,59,inf
Random,10,52,3,1,60,inf
Random,10,52,3,1,61,inf
Random,10,52,3,1,62,inf
Random,10,52,3,1,63,inf
Random,10,52,3,1,64,inf
Random,10,52,3,1,65,inf
Random,10,52,3,1,66,inf
Random,10,52,3,1,67,inf
Random,10,52,3,1,68,inf
Random,10,52,3,1,69,inf
Random,10,52,3,1,70,inf
Random,10,52,3,1,71,inf
Random,10,52,3,1,72,inf
Random,10,52,3,1,73,inf
Random,10,52,3,1,74,inf
Random,10,52,3,1,75,inf
Random,10,52,3,1,76,inf
Random,10,52,3,1,77,inf
Random,10,52,3,1,78,inf
Random,10,52,3,1,79,inf
Random,10,52,3,1,80,inf
Random,10,52,3,1,81,inf
Random,10,52,3,1,82,inf
Random,10,52,3,1,83,inf
Random,10,52,3,1,84,inf
Random,10,52,3,1,85,inf
Random,10,52,3,1,86,inf
Random,10,52,3,1,87,inf
Random,10,52,3,1,88,inf
Random,10,52,3,1,89,inf
Random,10,52,3,1,90,inf
Random,10,52,3,1,91,inf
Random,10,52,3,1,92,inf
Random,10,52,3,1,93,inf
Random,10,52,3,1,94,inf
Random,10,52,3,1,95,inf
Random,10,52,3,1,96,inf
Random,10,52,3,1,97,inf
Random,10,52,3,1,98,inf
Random,10,52,3,1,99,inf
Random,10,52,3,1,100,inf
qLogEI,10,52,3,1,1,inf
qLogEI,10,52,3,1,2,inf
qLogEI,10,52,3,1,3,inf
qLogEI,10,52,3,1,4,inf
qLogEI,10,52,3,1,5,inf
qLogEI,10,52,3,1,6,inf
qLogEI,10,52,3,1,7,inf
qLogEI,10,52,3,1,8,inf
qLogEI,10,52,3,1,9,inf
qLogEI,10,52,3,1,10,inf
qLogEI,10,52,3,1,11,inf
qLogEI,10,52,3,1,12,inf
qLogEI,10,52,3,1,13,inf
qLogEI,10,52,3,1,14,inf
qLogEI,10,52,3,1,15,inf
qLogEI,10,52,3,1,16,inf
qLogEI,10,52,3,1,17,inf
qLogEI,10,52,3,1,18,inf
qLogEI,10,52,3,1,19,inf
qLogEI,10,52,3,1,20,inf
qLogEI,10,52,3,1,21,inf
qLogEI,10,52,3,1,22,inf
qLogEI,10,52,3,1,23,inf
qLogEI,10,52,3,1,24,inf
qLogEI,10,52,3,1,25,inf
qLogEI,10,52,3,1,26,inf
qLogEI,10,52,3,1,27,inf
qLogEI,10,52,3,1,28,inf
qLogEI,10,52,3,1,29,inf
qLogEI,10,52,3,1,30,inf
qLogEI,10,52,3,1,31,inf
qLogEI,10,52,3,1,32,inf
qLogEI,10,52,3,1,33,inf
qLogEI,10,52,3,1,34,inf
qLogEI,10,52,3,1,35,inf
qLogEI,10,52,3,1,36,inf
qLogEI,10,52,3,1,37,inf
qLogEI,10,52,3,1,38,inf
qLogEI,10,52,3,1,39,inf
qLogEI,10,52,3,1,40,inf
qLogEI,10,52,3,1,41,inf
qLogEI,10,52,3,1,42,inf
qLogEI,10,52,3,1,43,inf
qLogEI,10,52,3,1,44,inf
qLogEI,10,52,3,1,45,inf
qLogEI,10,52,3,1,46,inf
qLogEI,10,52,3,1,47,inf
qLogEI,10,52,3,1,48,inf
qLogEI,10,52,3,1,49,inf
qLogEI,10,52,3,1,50,inf
qLogEI,10,52,3,1,51,inf
qLogEI,10,52,3,1,52,inf
qLogEI,10,52,3,1,53,inf
qLogEI,10,52,3,1,54,inf
qLogEI,10,52,3,1,55,inf
qLogEI,10,52,3,1,56,inf
qLogEI,10,52,3,1,57,inf
qLogEI,10,52,3,1,58,inf
qLogEI,10,52,3,1,59,inf
qLogEI,10,52,3,1,60,inf
qLogEI,10,52,3,1,61,inf
qLogEI,10,52,3,1,62,inf
qLogEI,10,52,3,1,63,inf
qLogEI,10,52,3,1,64,inf
qLogEI,10,52,3,1,65,inf
qLogEI,10,52,3,1,66,inf
qLogEI,10,52,3,1,67,inf
qLogEI,10,52,3,1,68,inf
qLogEI,10,52,3,1,69,inf
qLogEI,10,52,3,1,70,inf
qLogEI,10,52,3,1,71,inf
qLogEI,10,52,3,1,72,inf
qLogEI,10,52,3,1,73,inf
qLogEI,10,52,3,1,74,inf
qLogEI,10,52,3,1,75,inf
qLogEI,10,52,3,1,76,inf
qLogEI,10,52,3,1,77,inf
qLogEI,10,52,3,1,78,inf
qLogEI,10,52,3,1,79,inf
qLogEI,10,52,3,1,80,inf
qLogEI,10,52,3,1,81,inf
qLogEI,10,52,3,1,82,inf
qLogEI,10,52,3,1,83,inf
qLogEI,10,52,3,1,84,inf
qLogEI,10,52,3,1,85,inf
qLogEI,10,52,3,1,86,inf
qLogEI,10,52,3,1,87,inf
qLogEI,10,52,3,1,88,inf
qLogEI,10,52,3,1,89,inf
qLogEI,10,52,3,1,90,inf
qLogEI,10,52,3,1,91,inf
qLogEI,10,52,3,1,92,inf
qLogEI,10,52,3,1,93,inf
qLogEI,10,52,3,1,94,inf
qLogEI,10,52,3,1,95,inf
qLogEI,10,52,3,1,96,inf
qLogEI,10,52,3,1,97,inf
qLogEI,10,52,3,1,98,inf
qLogEI,10,52,3,1,99,inf
qLogEI,10,52,3,1,100,inf
RL,10,52,3,1,1,inf
RL,10,52,3,1,2,inf
RL,10,52,3,1,3,inf
RL,10,52,3,1,4,inf
RL,10,52,3,1,5,inf
RL,10,52,3,1,6,inf
RL,10,52,3,1,7,inf
RL,10,52,3,1,8,inf
RL,10,52,3,1,9,inf
RL,10,52,3,1,10,inf
RL,10,52,3,1,11,inf
RL,10,52,3,1,12,inf
RL,10,52,3,1,13,inf
RL,10,52,3,1,14,inf
RL,10,52,3,1,15,inf
RL,10,52,3,1,16,inf
RL,10,52,3,1,17,inf
RL,10,52,3,1,18,inf
RL,10,52,3,1,19,inf
RL,10,52,3,1,20,inf
RL,10,52,3,1,21,inf
RL,10,52,3,1,22,inf
RL,10,52,3,1,23,inf
RL,10,52,3,1,24,inf
RL,10,52,3,1,25,inf
RL,10,52,3,1,26,inf
RL,10,52,3,1,27,inf
RL,10,52,3,1,28,inf
RL,10,52,3,1,29,inf
RL,10,52,3,1,30,inf
RL,10,52,3,1,31,inf
RL,10,52,3,1,32,inf
RL,10,52,3,1,33,inf
RL,10,52,3,1,34,inf
RL,10,52,3,1,35,inf
RL,10,52,3,1,36,inf
RL,10,52,3,1,37,inf
RL,10,52,3,1,38,inf
RL,10,52,3,1,39,inf
RL,10,52,3,1,40,inf
RL,10,52,3,1,41,inf
RL,10,52,3,1,42,inf
RL,10,52,3,1,43,inf
RL,10,52,3,1,44,inf
RL,10,52,3,1,45,inf
RL,10,52,3,1,46,inf
RL,10,52,3,1,47,inf
RL,10,52,3,1,48,inf
RL,10,52,3,1,49,inf
RL,10,52,3,1,50,inf
RL,10,52,3,1,51,inf
RL,10,52,3,1,52,inf
RL,10,52,3,1,53,inf
RL,10,52,3,1,54,inf
RL,10,52,3,1,55,inf
RL,10,52,3,1,56,inf
RL,10,52,3,1,57,inf
RL,10,52,3,1,58,inf
RL,10,52,3,1,59,inf
RL,10,52,3,1,60,inf
RL,10,52,3,1,61,inf
RL,10,52,3,1,62,inf
RL,10,52,3,1,63,inf
RL,10,52,3,1,64,inf
RL,10,52,3,1,65,inf
RL,10,52,3,1,66,inf
RL,10,52,3,1,67,inf
RL,10,52,3,1,68,inf
RL,10,52,3,1,69,inf
RL,10,52,3,1,70,inf
RL,10,52,3,1,71,inf
RL,10,52,3,1,72,inf
RL,10,52,3,1,73,inf
RL,10,52,3,1,74,inf
RL,10,52,3,1,75,inf
RL,10,52,3,1,76,inf
RL,10,52,3,1,77,inf
RL,10,52,3,1,78,inf
RL,10,52,3,1,79,inf
RL,10,52,3,1,80,inf
RL,10,52,3,1,81,inf
RL,10,52,3,1,82,inf
RL,10,52,3,1,83,inf
RL,10,52,3,1,84,inf
RL,10,52,3,1,85,inf
RL,10,52,3,1,86,inf
RL,10,52,3,1,87,inf
RL,10,52,3,1,88,inf
RL,10,52,3,1,89,inf
RL,10,52,3,1,90,inf
RL,10,52,3,1,91,inf
RL,10,52,3,1,92,inf
RL,10,52,3,1,93,inf
RL,10,52,3,1,94,inf
RL,10,52,3,1,95,inf
RL,10,52,3,1,96,inf
RL,10,52,3,1,97,inf
RL,10,52,3,1,98,inf
RL,10,52,3,1,99,inf
RL,10,52,3,1,100,inf
Random,10,52,3,2,1,inf
Random,10,52,3,2,2,inf
Random,10,52,3,2,3,inf
Random,10,52,3,2,4,inf
Random,10,52,3,2,5,inf
Random,10,52,3,2,6,inf
Random,10,52,3,2,7,inf
Random,10,52,3,2,8,inf
Random,10,52,3,2,9,inf
Random,10,52,3,2,10,inf
Random,10,52,3,2,11,inf
Random,10,52,3,2,12,inf
Random,10,52,3,2,13,inf
Random,10,52,3,2,14,inf
Random,10,52,3,2,15,inf
Random,10,52,3,2,16,inf
Random,10,52,3,2,17,inf
Random,10,52,3,2,18,inf
Random,10,52,3,2,19,inf
Random,10,52,3,2,20,inf
Random,10,52,3,2,21,inf
Random,10,52,3,2,22,inf
Random,10,52,3,2,23,inf
Random,10,52,3,2,24,inf
Random,10,52,3,2,25,inf
Random,10,52,3,2,26,inf
Random,10,52,3,2,27,inf
Random,10,52,3,2,28,inf
Random,10,52,3,2,29,inf
Random,10,52,3,2,30,inf
Random,10,52,3,2,31,inf
Random,10,52,3,2,32,inf
Random,10,52,3,2,33,inf
Random,10,52,3,2,34,inf
Random,10,52,3,2,35,inf
Random,10,52,3,2,36,inf
Random,10,52,3,2,37,inf
Random,10,52,3,2,38,inf
Random,10,52,3,2,39,inf
Random,10,52,3,2,40,inf
Random,10,52,3,2,41,inf
Random,10,52,3,2,42,inf
Random,10,52,3,2,43,inf
Random,10,52,3,2,44,inf
Random,10,52,3,2,45,inf
Random,10,52,3,2,46,inf
Random,10,52,3,2,47,inf
Random,10,52,3,2,48,inf
Random,10,52,3,2,49,inf
Random,10,52,3,2,50,inf
Random,10,52,3,2,51,inf
Random,10,52,3,2,52,inf
Random,10,52,3,2,53,inf
Random,10,52,3,2,54,inf
Random,10,52,3,2,55,inf
Random,10,52,3,2,56,inf
Random,10,52,3,2,57,inf
Random,10,52,3,2,58,inf
Random,10,52,3,2,59,inf
Random,10,52,3,2,60,inf
Random,10,52,3,2,61,inf
Random,10,52,3,2,62,inf
Random,10,52,3,2,63,inf
Random,10,52,3,2,64,inf
Random,10,52,3,2,65,inf
Random,10,52,3,2,66,inf
Random,10,52,3,2,67,inf
Random,10,52,3,2,68,inf
Random,10,52,3,2,69,inf
Random,10,52,3,2,70,inf
Random,10,52,3,2,71,inf
Random,10,52,3,2,72,inf
Random,10,52,3,2,73,inf
Random,10,52,3,2,74,inf
Random,10,52,3,2,75,inf
Random,10,52,3,2,76,inf
Random,10,52,3,2,77,inf
Random,10,52,3,2,78,inf
Random,10,52,3,2,79,inf
Random,10,52,3,2,80,inf
Random,10,52,3,2,81,inf
Random,10,52,3,2,82,inf
Random,10,52,3,2,83,inf
Random,10,52,3,2,84,inf
Random,10,52,3,2,85,inf
Random,10,52,3,2,86,inf
Random,10,52,3,2,87,inf
Random,10,52,3,2,88,inf
Random,10,52,3,2,89,inf
Random,10,52,3,2,90,inf
Random,10,52,3,2,91,inf
Random,10,52,3,2,92,inf
Random,10,52,3,2,93,inf
Random,10,52,3,2,94,inf
Random,10,52,3,2,95,inf
Random,10,52,3,2,96,inf
Random,10,52,3,2,97,inf
Random,10,52,3,2,98,inf
Random,10,52,3,2,99,inf
Random,10,52,3,2,100,inf
qLogEI,10,52,3,2,1,inf
qLogEI,10,52,3,2,2,inf
qLogEI,10,52,3,2,3,inf
qLogEI,10,52,3,2,4,inf
qLogEI,10,52,3,2,5,inf
qLogEI,10,52,3,2,6,inf
qLogEI,10,52,3,2,7,inf
qLogEI,10,52,3,2,8,inf
qLogEI,10,52,3,2,9,inf
qLogEI,10,52,3,2,10,inf
qLogEI,10,52,3,2,11,inf
qLogEI,10,52,3,2,12,inf
qLogEI,10,52,3,2,13,inf
qLogEI,10,52,3,2,14,inf
qLogEI,10,52,3,2,15,inf
qLogEI,10,52,3,2,16,inf
qLogEI,10,52,3,2,17,inf
qLogEI,10,52,3,2,18,inf
qLogEI,10,52,3,2,19,inf
qLogEI,10,52,3,2,20,inf
qLogEI,10,52,3,2,21,inf
qLogEI,10,52,3,2,22,inf
qLogEI,10,52,3,2,23,inf
qLogEI,10,52,3,2,24,inf
qLogEI,10,52,3,2,25,inf
qLogEI,10,52,3,2,26,inf
qLogEI,10,52,3,2,27,inf
qLogEI,10,52,3,2,28,inf
qLogEI,10,52,3,2,29,inf
qLogEI,10,52,3,2,30,inf
qLogEI,10,52,3,2,31,inf
qLogEI,10,52,3,2,32,inf
qLogEI,10,52,3,2,33,inf
qLogEI,10,52,3,2,34,inf
qLogEI,10,52,3,2,35,inf
qLogEI,10,52,3,2,36,inf
qLogEI,10,52,3,2,37,inf
qLogEI,10,52,3,2,38,inf
qLogEI,10,52,3,2,39,inf
qLogEI,10,52,3,2,40,inf
qLogEI,10,52,3,2,41,inf
qLogEI,10,52,3,2,42,inf
qLogEI,10,52,3,2,43,inf
qLogEI,10,52,3,2,44,inf
qLogEI,10,52,3,2,45,inf
qLogEI,10,52,3,2,46,inf
qLogEI,10,52,3,2,47,inf
qLogEI,10,52,3,2,48,inf
qLogEI,10,52,3,2,49,inf
qLogEI,10,52,3,2,50,inf
qLogEI,10,52,3,2,51,inf
qLogEI,10,52,3,2,52,inf
qLogEI,10,52,3,2,53,inf
qLogEI,10,52,3,2,54,inf
qLogEI,10,52,3,2,55,inf
qLogEI,10,52,3,2,56,inf
qLogEI,10,52,3,2,57,inf
qLogEI,10,52,3,2,58,inf
qLogEI,10,52,3,2,59,inf
qLogEI,10,52,3,2,60,inf
qLogEI,10,52,3,2,61,inf
qLogEI,10,52,3,2,62,inf
qLogEI,10,52,3,2,63,inf
qLogEI,10,52,3,2,64,inf
qLogEI,10,52,3,2,65,inf
qLogEI,10,52,3,2,66,inf
qLogEI,10,52,3,2,67,inf
qLogEI,10,52,3,2,68,inf
qLogEI,10,52,3,2,69,inf
qLogEI,10,52,3,2,70,inf
qLogEI,10,52,3,2,71,inf
qLogEI,10,52,3,2,72,inf
qLogEI,10,52,3,2,73,inf
qLogEI,10,52,3,2,74,inf
qLogEI,10,52,3,2,75,inf
qLogEI,10,52,3,2,76,inf
qLogEI,10,52,3,2,77,inf
qLogEI,10,52,3,2,78,inf
qLogEI,10,52,3,2,79,inf
qLogEI,10,52,3,2,80,inf
qLogEI,10,52,3,2,81,inf
qLogEI,10,52,3,2,82,inf
qLogEI,10,52,3,2,83,inf
qLogEI,10,52,3,2,84,inf
qLogEI,10,52,3,2,85,inf
qLogEI,10,52,3,2,86,inf
qLogEI,10,52,3,2,87,inf
qLogEI,10,52,3,2,88,inf
qLogEI,10,52,3,2,89,inf
qLogEI,10,52,3,2,90,inf
qLogEI,10,52,3,2,91,inf
qLogEI,10,52,3,2,92,inf
qLogEI,10,52,3,2,93,inf
qLogEI,10,52,3,2,94,inf
qLogEI,10,52,3,2,95,inf
qLogEI,10,52,3,2,96,inf
qLogEI,10,52,3,2,97,inf
qLogEI,10,52,3,2,98,inf
qLogEI,10,52,3,2,99,inf
qLogEI,10,52,3,2,100,inf
RL,10,52,3,2,1,inf
RL,10,52,3,2,2,inf
RL,10,52,3,2,3,inf
RL,10,52,3,2,4,inf
RL,10,52,3,2,5,inf
RL,10,52,3,2,6,inf
RL,10,52,3,2,7,inf
RL,10,52,3,2,8,inf
RL,10,52,3,2,9,inf
RL,10,52,3,2,10,inf
RL,10,52,3,2,11,inf
RL,10,52,3,2,12,inf
RL,10,52,3,2,13,inf
RL,10,52,3,2,14,inf
RL,10,52,3,2,15,inf
RL,10,52,3,2,16,inf
RL,10,52,3,2,17,inf
RL,10,52,3,2,18,inf
RL,10,52,3,2,19,inf
RL,10,52,3,2,20,inf
RL,10,52,3,2,21,inf
RL,10,52,3,2,22,inf
RL,10,52,3,2,23,inf
RL,10,52,3,2,24,inf
RL,10,52,3,2,25,inf
RL,10,52,3,2,26,inf
RL,10,52,3,2,27,inf
RL,10,52,3,2,28,inf
RL,10,52,3,2,29,inf
RL,10,52,3,2,30,inf
RL,10,52,3,2,31,inf
RL,10,52,3,2,32,inf
RL,10,52,3,2,33,inf
RL,10,52,3,2,34,inf
RL,10,52,3,2,35,inf
RL,10,52,3,2,36,inf
RL,10,52,3,2,37,inf
RL,10,52,3,2,38,inf
RL,10,52,3,2,39,inf
RL,10,52,3,2,40,inf
RL,10,52,3,2,41,inf
RL,10,52,3,2,42,inf
RL,10,52,3,2,43,inf
RL,10,52,3,2,44,inf
RL,10,52,3,2,45,inf
RL,10,52,3,2,46,inf
RL,10,52,3,2,47,inf
RL,10,52,3,2,48,inf
RL,10,52,3,2,49,inf
RL,10,52,3,2,50,inf
RL,10,52,3,2,51,inf
RL,10,52,3,2,52,inf
RL,10,52,3,2,53,inf
RL,10,52,3,2,54,inf
RL,10,52,3,2,55,inf
RL,10,52,3,2,56,inf
RL,10,52,3,2,57,inf
RL,10,52,3,2,58,inf
RL,10,52,3,2,59,inf
RL,10,52,3,2,60,inf
RL,10,52,3,2,61,inf
RL,10,52,3,2,62,inf
RL,10,52,3,2,63,inf
RL,10,52,3,2,64,inf
RL,10,52,3,2,65,inf
RL,10,52,3,2,66,inf
RL,10,52,3,2,67,inf
RL,10,52,3,2,68,inf
RL,10,52,3,2,69,inf
RL,10,52,3,2,70,inf
RL,10,52,3,2,71,inf
RL,10,52,3,2,72,inf
RL,10,52,3,2,73,inf
RL,10,52,3,2,74,inf
RL,10,52,3,2,75,inf
RL,10,52,3,2,76,inf
RL,10,52,3,2,77,inf
RL,10,52,3,2,78,inf
RL,10,52,3,2,79,inf
RL,10,52,3,2,80,inf
RL,10,52,3,2,81,inf
RL,10,52,3,2,82,inf
RL,10,52,3,2,83,inf
RL,10,52,3,2,84,inf
RL,10,52,3,2,85,inf
RL,10,52,3,2,86,inf
RL,10,52,3,2,87,inf
RL,10,52,3,2,88,inf
RL,10,52,3,2,89,inf
RL,10,52,3,2,90,inf
RL,10,52,3,2,91,inf
RL,10,52,3,2,92,inf
RL,10,52,3,2,93,inf
RL,10,52,3,2,94,inf
RL,10,52,3,2,95,inf
RL,10,52,3,2,96,inf
RL,10,52,3,2,97,inf
RL,10,52,3,2,98,inf
RL,10,52,3,2,99,inf
RL,10,52,3,2,100,inf
Random,10,52,3,3,1,inf
Random,10,52,3,3,2,inf
Random,10,52,3,3,3,inf
Random,10,52,3,3,4,inf
Random,10,52,3,3,5,inf
Random,10,52,3,3,6,inf
Random,10,52,3,3,7,inf
Random,10,52,3,3,8,inf
Random,10,52,3,3,9,inf
Random,10,52,3,3,10,inf
Random,10,52,3,3,11,inf
Random,10,52,3,3,12,inf
Random,10,52,3,3,13,inf
Random,10,52,3,3,14,inf
Random,10,52,3,3,15,inf
Random,10,52,3,3,16,inf
Random,10,52,3,3,17,inf
Random,10,52,3,3,18,inf
Random,10,52,3,3,19,inf
Random,10,52,3,3,20,inf
Random,10,52,3,3,21,inf
Random,10,52,3,3,22,inf
Random,10,52,3,3,23,inf
Random,10,52,3,3,24,inf
Random,10,52,3,3,25,inf
Random,10,52,3,3,26,inf
Random,10,52,3,3,27,inf
Random,10,52,3,3,28,inf
Random,10,52,3,3,29,inf
Random,10,52,3,3,30,inf
Random,10,52,3,3,31,inf
Random,10,52,3,3,32,inf
Random,10,52,3,3,33,inf
Random,10,52,3,3,34,inf
Random,10,52,3,3,35,inf
Random,10,52,3,3,36,inf
Random,10,52,3,3,37,inf
Random,10,52,3,3,38,inf
Random,10,52,3,3,39,inf
Random,10,52,3,3,40,inf
Random,10,52,3,3,41,inf
Random,10,52,3,3,42,inf
Random,10,52,3,3,43,inf
Random,10,52,3,3,44,inf
Random,10,52,3,3,45,inf
Random,10,52,3,3,46,inf
Random,10,52,3,3,47,inf
Random,10,52,3,3,48,inf
Random,10,52,3,3,49,inf
Random,10,52,3,3,50,inf
Random,10,52,3,3,51,inf
Random,10,52,3,3,52,inf
Random,10,52,3,3,53,inf
Random,10,52,3,3,54,inf
Random,10,52,3,3,55,inf
Random,10,52,3,3,56,inf
Random,10,52,3,3,57,inf
Random,10,52,3,3,58,inf
Random,10,52,3,3,59,inf
Random,10,52,3,3,60,inf
Random,10,52,3,3,61,inf
Random,10,52,3,3,62,inf
Random,10,52,3,3,63,inf
Random,10,52,3,3,64,inf
Random,10,52,3,3,65,inf
Random,10,52,3,3,66,inf
Random,10,52,3,3,67,inf
Random,10,52,3,3,68,inf
Random,10,52,3,3,69,inf
Random,10,52,3,3,70,inf
Random,10,52,3,3,71,inf
Random,10,52,3,3,72,inf
Random,10,52,3,3,73,inf
Random,10,52,3,3,74,inf
Random,10,52,3,3,75,inf
Random,10,52,3,3,76,inf
Random,10,52,3,3,77,inf
Random,10,52,3,3,78,inf
Random,10,52,3,3,79,inf
Random,10,52,3,3,80,inf
Random,10,52,3,3,81,inf
Random,10,52,3,3,82,inf
Random,10,52,3,3,83,inf
Random,10,52,3,3,84,inf
Random,10,52,3,3,85,inf
Random,10,52,3,3,86,inf
Random,10,52,3,3,87,inf
Random,10,52,3,3,88,inf
Random,10,52,3,3,89,inf
Random,10,52,3,3,90,inf
Random,10,52,3,3,91,inf
Random,10,52,3,3,92,inf
Random,10,52,3,3,93,inf
Random,10,52,3,3,94,inf
Random,10,52,3,3,95,inf
Random,10,52,3,3,96,inf
Random,10,52,3,3,97,inf
Random,10,52,3,3,98,inf
Random,10,52,3,3,99,inf
Random,10,52,3,3,100,inf
qLogEI,10,52,3,3,1,inf
qLogEI,10,52,3,3,2,inf
qLogEI,10,52,3,3,3,inf
qLogEI,10,52,3,3,4,inf
qLogEI,10,52,3,3,5,inf
qLogEI,10,52,3,3,6,inf
qLogEI,10,52,3,3,7,inf
qLogEI,10,52,3,3,8,inf
qLogEI,10,52,3,3,9,inf
qLogEI,10,52,3,3,10,inf
qLogEI,10,52,3,3,11,inf
qLogEI,10,52,3,3,12,inf
qLogEI,10,52,3,3,13,inf
qLogEI,10,52,3,3,14,inf
qLogEI,10,52,3,3,15,inf
qLogEI,10,52,3,3,16,inf
qLogEI,10,52,3,3,17,inf
qLogEI,10,52,3,3,18,inf
qLogEI,10,52,3,3,19,inf
qLogEI,10,52,3,3,20,inf
qLogEI,10,52,3,3,21,inf
qLogEI,10,52,3,3,22,inf
qLogEI,10,52,3,3,23,inf
qLogEI,10,52,3,3,24,inf
qLogEI,10,52,3,3,25,inf
qLogEI,10,52,3,3,26,inf
qLogEI,10,52,3,3,27,inf
qLogEI,10,52,3,3,28,inf
qLogEI,10,52,3,3,29,inf
qLogEI,10,52,3,3,30,inf
qLogEI,10,52,3,3,31,inf
qLogEI,10,52,3,3,32,inf
qLogEI,10,52,3,3,33,inf
qLogEI,10,52,3,3,34,inf
qLogEI,10,52,3,3,35,inf
qLogEI,10,52,3,3,36,inf
qLogEI,10,52,3,3,37,inf
qLogEI,10,52,3,3,38,inf
qLogEI,10,52,3,3,39,inf
qLogEI,10,52,3,3,40,inf
qLogEI,10,52,3,3,41,inf
qLogEI,10,52,3,3,42,inf
qLogEI,10,52,3,3,43,inf
qLogEI,10,52,3,3,44,inf
qLogEI,10,52,3,3,45,inf
qLogEI,10,52,3,3,46,inf
qLogEI,10,52,3,3,47,inf
qLogEI,10,52,3,3,48,inf
qLogEI,10,52,3,3,49,inf
qLogEI,10,52,3,3,50,inf
qLogEI,10,52,3,3,51,inf
qLogEI,10,52,3,3,52,inf
qLogEI,10,52,3,3,53,inf
qLogEI,10,52,3,3,54,inf
qLogEI,10,52,3,3,55,inf
qLogEI,10,52,3,3,56,inf
qLogEI,10,52,3,3,57,inf
qLogEI,10,52,3,3,58,inf
qLogEI,10,52,3,3,59,inf
qLogEI,10,52,3,3,60,inf
qLogEI,10,52,3,3,61,inf
qLogEI,10,52,3,3,62,inf
qLogEI,10,52,3,3,63,inf
qLogEI,10,52,3,3,64,inf
qLogEI,10,52,3,3,65,inf
qLogEI,10,52,3,3,66,inf
qLogEI,10,52,3,3,67,inf
qLogEI,10,52,3,3,68,inf
qLogEI,10,52,3,3,69,inf
qLogEI,10,52,3,3,70,inf
qLogEI,10,52,3,3,71,inf
qLogEI,10,52,3,3,72,inf
qLogEI,10,52,3,3,73,inf
qLogEI,10,52,3,3,74,inf
qLogEI,10,52,3,3,75,inf
qLogEI,10,52,3,3,76,inf
qLogEI,10,52,3,3,77,inf
qLogEI,10,52,3,3,78,inf
qLogEI,10,52,3,3,79,inf
qLogEI,10,52,3,3,80,inf
qLogEI,10,52,3,3,81,inf
qLogEI,10,52,3,3,82,inf
qLogEI,10,52,3,3,83,inf
qLogEI,10,52,3,3,84,inf
qLogEI,10,52,3,3,85,inf
qLogEI,10,52,3,3,86,inf
qLogEI,10,52,3,3,87,inf
qLogEI,10,52,3,3,88,inf
qLogEI,10,52,3,3,89,inf
qLogEI,10,52,3,3,90,inf
qLogEI,10,52,3,3,91,inf
qLogEI,10,52,3,3,92,inf
qLogEI,10,52,3,3,93,inf
qLogEI,10,52,3,3,94,inf
qLogEI,10,52,3,3,95,inf
qLogEI,10,52,3,3,96,inf
qLogEI,10,52,3,3,97,inf
qLogEI,10,52,3,3,98,inf
qLogEI,10,52,3,3,99,inf
qLogEI,10,52,3,3,100,inf
RL,10,52,3,3,1,inf
RL,10,52,3,3,2,inf
RL,10,52,3,3,3,inf
RL,10,52,3,3,4,inf
RL,10,52,3,3,5,inf
RL,10,52,3,3,6,inf
RL,10,52,3,3,7,inf
RL,10,52,3,3,8,inf
RL,10,52,3,3,9,inf
RL,10,52,3,3,10,inf
RL,10,52,3,3,11,inf
RL,10,52,3,3,12,inf
RL,10,52,3,3,13,inf
RL,10,52,3,3,14,inf
RL,10,52,3,3,15,inf
RL,10,52,3,3,16,inf
RL,10,52,3,3,17,inf
RL,10,52,3,3,18,inf
RL,10,52,3,3,19,inf
RL,10,52,3,3,20,inf
RL,10,52,3,3,21,inf
RL,10,52,3,3,22,inf
RL,10,52,3,3,23,inf
RL,10,52,3,3,24,inf
RL,10,52,3,3,25,inf
RL,10,52,3,3,26,inf
RL,10,52,3,3,27,inf
RL,10,52,3,3,28,inf
RL,10,52,3,3,29,inf
RL,10,52,3,3,30,inf
RL,10,52,3,3,31,inf
RL,10,52,3,3,32,inf
RL,10,52,3,3,33,inf
RL,10,52,3,3,34,inf
RL,10,52,3,3,35,inf
RL,10,52,3,3,36,inf
RL,10,52,3,3,37,inf
RL,10,52,3,3,38,inf
RL,10,52,3,3,39,inf
RL,10,52,3,3,40,inf
RL,10,52,3,3,41,inf
RL,10,52,3,3,42,inf
RL,10,52,3,3,43,inf
RL,10,52,3,3,44,inf
RL,10,52,3,3,45,inf
RL,10,52,3,3,46,inf
RL,10,52,3,3,47,inf
RL,10,52,3,3,48,inf
RL,10,52,3,3,49,inf
RL,10,52,3,3,50,inf
RL,10,52,3,3,51,inf
RL,10,52,3,3,52,inf
RL,10,52,3,3,53,inf
RL,10,52,3,3,54,inf
RL,10,52,3,3,55,inf
RL,10,52,3,3,56,inf
RL,10,52,3,3,57,inf
RL,10,52,3,3,58,inf
RL,10,52,3,3,59,inf
RL,10,52,3,3,60,inf
RL,10,52,3,3,61,inf
RL,10,52,3,3,62,inf
RL,10,52,3,3,63,inf
RL,10,52,3,3,64,inf
RL,10,52,3,3,65,inf
RL,10,52,3,3,66,inf
RL,10,52,3,3,67,inf
RL,10,52,3,3,68,inf
RL,10,52,3,3,69,inf
RL,10,52,3,3,70,inf
RL,10,52,3,3,71,inf
RL,10,52,3,3,72,inf
RL,10,52,3,3,73,inf
RL,10,52,3,3,74,inf
RL,10,52,3,3,75,inf
RL,10,52,3,3,76,inf
RL,10,52,3,3,77,inf
RL,10,52,3,3,78,inf
RL,10,52,3,3,79,inf
RL,10,52,3,3,80,inf
RL,10,52,3,3,81,inf
RL,10,52,3,3,82,inf
RL,10,52,3,3,83,inf
RL,10,52,3,3,84,inf
RL,10,52,3,3,85,inf
RL,10,52,3,3,86,inf
RL,10,52,3,3,87,inf
RL,10,52,3,3,88,inf
RL,10,52,3,3,89,inf
RL,10,52,3,3,90,inf
RL,10,52,3,3,91,inf
RL,10,52,3,3,92,inf
RL,10,52,3,3,93,inf
RL,10,52,3,3,94,inf
RL,10,52,3,3,95,inf
RL,10,52,3,3,96,inf
RL,10,52,3,3,97,inf
RL,10,52,3,3,98,inf
RL,10,52,3,3,99,inf
RL,10,52,3,3,100,inf
Random,10,52,3,4,1,inf
Random,10,52,3,4,2,inf
Random,10,52,3,4,3,inf
Random,10,52,3,4,4,inf
Random,10,52,3,4,5,inf
Random,10,52,3,4,6,inf
Random,10,52,3,4,7,inf
Random,10,52,3,4,8,inf
Random,10,52,3,4,9,inf
Random,10,52,3,4,10,inf
Random,10,52,3,4,11,inf
Random,10,52,3,4,12,inf
Random,10,52,3,4,13,inf
Random,10,52,3,4,14,inf
Random,10,52,3,4,15,inf
Random,10,52,3,4,16,inf
Random,10,52,3,4,17,inf
Random,10,52,3,4,18,inf
Random,10,52,3,4,19,inf
Random,10,52,3,4,20,inf
Random,10,52,3,4,21,inf
Random,10,52,3,4,22,inf
Random,10,52,3,4,23,inf
Random,10,52,3,4,24,inf
Random,10,52,3,4,25,inf
Random,10,52,3,4,26,inf
Random,10,52,3,4,27,inf
Random,10,52,3,4,28,inf
Random,10,52,3,4,29,inf
Random,10,52,3,4,30,inf
Random,10,52,3,4,31,inf
Random,10,52,3,4,32,inf
Random,10,52,3,4,33,inf
Random,10,52,3,4,34,inf
Random,10,52,3,4,35,inf
Random,10,52,3,4,36,inf
Random,10,52,3,4,37,inf
Random,10,52,3,4,38,inf
Random,10,52,3,4,39,inf
Random,10,52,3,4,40,inf
Random,10,52,3,4,41,inf
Random,10,52,3,4,42,inf
Random,10,52,3,4,43,inf
Random,10,52,3,4,44,inf
Random,10,52,3,4,45,inf
Random,10,52,3,4,46,inf
Random,10,52,3,4,47,inf
Random,10,52,3,4,48,inf
Random,10,52,3,4,49,inf
Random,10,52,3,4,50,inf
Random,10,52,3,4,51,inf
Random,10,52,3,4,52,inf
Random,10,52,3,4,53,inf
Random,10,52,3,4,54,inf
Random,10,52,3,4,55,inf
Random,10,52,3,4,56,inf
Random,10,52,3,4,57,inf
Random,10,52,3,4,58,inf
Random,10,52,3,4,59,inf
Random,10,52,3,4,60,inf
Random,10,52,3,4,61,inf
Random,10,52,3,4,62,inf
Random,10,52,3,4,63,inf
Random,10,52,3,4,64,inf
Random,10,52,3,4,65,inf
Random,10,52,3,4,66,inf
Random,10,52,3,4,67,inf
Random,10,52,3,4,68,inf
Random,10,52,3,4,69,inf
Random,10,52,3,4,70,inf
Random,10,52,3,4,71,inf
Random,10,52,3,4,72,inf
Random,10,52,3,4,73,inf
Random,10,52,3,4,74,inf
Random,10,52,3,4,75,inf
Random,10,52,3,4,76,inf
Random,10,52,3,4,77,inf
Random,10,52,3,4,78,inf
Random,10,52,3,4,79,inf
Random,10,52,3,4,80,inf
Random,10,52,3,4,81,inf
Random,10,52,3,4,82,inf
Random,10,52,3,4,83,inf
Random,10,52,3,4,84,inf
Random,10,52,3,4,85,inf
Random,10,52,3,4,86,inf
Random,10,52,3,4,87,inf
Random,10,52,3,4,88,inf
Random,10,52,3,4,89,inf
Random,10,52,3,4,90,inf
Random,10,52,3,4,91,inf
Random,10,52,3,4,92,inf
Random,10,52,3,4,93,inf
Random,10,52,3,4,94,inf
Random,10,52,3,4,95,inf
Random,10,52,3,4,96,inf
Random,10,52,3,4,97,inf
Random,10,52,3,4,98,inf
Random,10,52,3,4,99,inf
Random,10,52,3,4,100,inf
qLogEI,10,52,3,4,1,inf
qLogEI,10,52,3,4,2,inf
qLogEI,10,52,3,4,3,inf
qLogEI,10,52,3,4,4,inf
qLogEI,10,52,3,4,5,inf
qLogEI,10,52,3,4,6,inf
qLogEI,10,52,3,4,7,inf
qLogEI,10,52,3,4,8,inf
qLogEI,10,52,3,4,9,inf
qLogEI,10,52,3,4,10,inf
qLogEI,10,52,3,4,11,inf
qLogEI,10,52,3,4,12,inf
qLogEI,10,52,3,4,13,inf
qLogEI,10,52,3,4,14,inf
qLogEI,10,52,3,4,15,inf
qLogEI,10,52,3,4,16,inf
qLogEI,10,52,3,4,17,inf
qLogEI,10,52,3,4,18,inf
qLogEI,10,52,3,4,19,inf
qLogEI,10,52,3,4,20,inf
qLogEI,10,52,3,4,21,inf
qLogEI,10,52,3,4,22,inf
qLogEI,10,52,3,4,23,inf
qLogEI,10,52,3,4,24,inf
qLogEI,10,52,3,4,25,inf
qLogEI,10,52,3,4,26,inf
qLogEI,10,52,3,4,27,inf
qLogEI,10,52,3,4,28,inf
qLogEI,10,52,3,4,29,inf
qLogEI,10,52,3,4,30,inf
qLogEI,10,52,3,4,31,inf
qLogEI,10,52,3,4,32,inf
qLogEI,10,52,3,4,33,inf
qLogEI,10,52,3,4,34,inf
qLogEI,10,52,3,4,35,inf
qLogEI,10,52,3,4,36,inf
qLogEI,10,52,3,4,37,inf
qLogEI,10,52,3,4,38,inf
qLogEI,10,52,3,4,39,inf
qLogEI,10,52,3,4,40,inf
qLogEI,10,52,3,4,41,inf
qLogEI,10,52,3,4,42,inf
qLogEI,10,52,3,4,43,inf
qLogEI,10,52,3,4,44,inf
qLogEI,10,52,3,4,45,inf
qLogEI,10,52,3,4,46,inf
qLogEI,10,52,3,4,47,inf
qLogEI,10,52,3,4,48,inf
qLogEI,10,52,3,4,49,inf
qLogEI,10,52,3,4,50,inf
qLogEI,10,52,3,4,51,inf
qLogEI,10,52,3,4,52,inf
qLogEI,10,52,3,4,53,inf
qLogEI,10,52,3,4,54,inf
qLogEI,10,52,3,4,55,inf
qLogEI,10,52,3,4,56,inf
qLogEI,10,52,3,4,57,inf
qLogEI,10,52,3,4,58,inf
qLogEI,10,52,3,4,59,inf
qLogEI,10,52,3,4,60,inf
qLogEI,10,52,3,4,61,inf
qLogEI,10,52,3,4,62,inf
qLogEI,10,52,3,4,63,inf
qLogEI,10,52,3,4,64,inf
qLogEI,10,52,3,4,65,inf
qLogEI,10,52,3,4,66,inf
qLogEI,10,52,3,4,67,inf
qLogEI,10,52,3,4,68,inf
qLogEI,10,52,3,4,69,inf
qLogEI,10,52,3,4,70,inf
qLogEI,10,52,3,4,71,inf
qLogEI,10,52,3,4,72,inf
qLogEI,10,52,3,4,73,inf
qLogEI,10,52,3,4,74,inf
qLogEI,10,52,3,4,75,inf
qLogEI,10,52,3,4,76,inf
qLogEI,10,52,3,4,77,inf
qLogEI,10,52,3,4,78,inf
qLogEI,10,52,3,4,79,inf
qLogEI,10,52,3,4,80,inf
qLogEI,10,52,3,4,81,inf
qLogEI,10,52,3,4,82,inf
qLogEI,10,52,3,4,83,inf
qLogEI,10,52,3,4,84,inf
qLogEI,10,52,3,4,85,inf
qLogEI,10,52,3,4,86,inf
qLogEI,10,52,3,4,87,inf
qLogEI,10,52,3,4,88,inf
qLogEI,10,52,3,4,89,inf
qLogEI,10,52,3,4,90,inf
qLogEI,10,52,3,4,91,inf
qLogEI,10,52,3,4,92,inf
qLogEI,10,52,3,4,93,inf
qLogEI,10,52,3,4,94,inf
qLogEI,10,52,3,4,95,inf
qLogEI,10,52,3,4,96,inf
qLogEI,10,52,3,4,97,inf
qLogEI,10,52,3,4,98,inf
qLogEI,10,52,3,4,99,inf
qLogEI,10,52,3,4,100,inf
RL,10,52,3,4,1,inf
RL,10,52,3,4,2,inf
RL,10,52,3,4,3,inf
RL,10,52,3,4,4,inf
RL,10,52,3,4,5,inf
RL,10,52,3,4,6,inf
RL,10,52,3,4,7,inf
RL,10,52,3,4,8,inf
RL,10,52,3,4,9,inf
RL,10,52,3,4,10,inf
RL,10,52,3,4,11,inf
RL,10,52,3,4,12,inf
RL,10,52,3,4,13,inf
RL,10,52,3,4,14,inf
RL,10,52,3,4,15,inf
RL,10,52,3,4,16,inf
RL,10,52,3,4,17,inf
RL,10,52,3,4,18,inf
RL,10,52,3,4,19,inf
RL,10,52,3,4,20,inf
RL,10,52,3,4,21,inf
RL,10,52,3,4,22,inf
RL,10,52,3,4,23,inf
RL,10,52,3,4,24,inf
RL,10,52,3,4,25,inf
RL,10,52,3,4,26,inf
RL,10,52,3,4,27,inf
RL,10,52,3,4,28,inf
RL,10,52,3,4,29,inf
RL,10,52,3,4,30,inf
RL,10,52,3,4,31,inf
RL,10,52,3,4,32,inf
RL,10,52,3,4,33,inf
RL,10,52,3,4,34,inf
RL,10,52,3,4,35,inf
RL,10,52,3,4,36,inf
RL,10,52,3,4,37,inf
RL,10,52,3,4,38,inf
RL,10,52,3,4,39,inf
RL,10,52,3,4,40,inf
RL,10,52,3,4,41,inf
RL,10,52,3,4,42,inf
RL,10,52,3,4,43,inf
RL,10,52,3,4,44,inf
RL,10,52,3,4,45,inf
RL,10,52,3,4,46,inf
RL,10,52,3,4,47,inf
RL,10,52,3,4,48,inf
RL,10,52,3,4,49,inf
RL,10,52,3,4,50,inf
RL,10,52,3,4,51,inf
RL,10,52,3,4,52,inf
RL,10,52,3,4,53,inf
RL,10,52,3,4,54,inf
RL,10,52,3,4,55,inf
RL,10,52,3,4,56,inf
RL,10,52,3,4,57,inf
RL,10,52,3,4,58,inf
RL,10,52,3,4,59,inf
RL,10,52,3,4,60,inf
RL,10,52,3,4,61,inf
RL,10,52,3,4,62,inf
RL,10,52,3,4,63,inf
RL,10,52,3,4,64,inf
RL,10,52,3,4,65,inf
RL,10,52,3,4,66,inf
RL,10,52,3,4,67,inf
RL,10,52,3,4,68,inf
RL,10,52,3,4,69,inf
RL,10,52,3,4,70,inf
RL,10,52,3,4,71,inf
RL,10,52,3,4,72,inf
RL,10,52,3,4,73,inf
RL,10,52,3,4,74,inf
RL,10,52,3,4,75,inf
RL,10,52,3,4,76,inf
RL,10,52,3,4,77,inf
RL,10,52,3,4,78,inf
RL,10,52,3,4,79,inf
RL,10,52,3,4,80,inf
RL,10,52,3,4,81,inf
RL,10,52,3,4,82,inf
RL,10,52,3,4,83,inf
RL,10,52,3,4,84,inf
RL,10,52,3,4,85,inf
RL,10,52,3,4,86,inf
RL,10,52,3,4,87,inf
RL,10,52,3,4,88,inf
RL,10,52,3,4,89,inf
RL,10,52,3,4,90,inf
RL,10,52,3,4,91,inf
RL,10,52,3,4,92,inf
RL,10,52,3,4,93,inf
RL,10,52,3,4,94,inf
RL,10,52,3,4,95,inf
RL,10,52,3,4,96,inf
RL,10,52,3,4,97,inf
RL,10,52,3,4,98,inf
RL,10,52,3,4,99,inf
RL,10,52,3,4,100,inf
Random,10,54,1,0,1,inf
Random,10,54,1,0,2,inf
Random,10,54,1,0,3,inf
Random,10,54,1,0,4,inf
Random,10,54,1,0,5,inf
Random,10,54,1,0,6,inf
Random,10,54,1,0,7,inf
Random,10,54,1,0,8,inf
Random,10,54,1,0,9,inf
Random,10,54,1,0,10,inf
Random,10,54,1,0,11,inf
Random,10,54,1,0,12,inf
Random,10,54,1,0,13,inf
Random,10,54,1,0,14,inf
Random,10,54,1,0,15,inf
Random,10,54,1,0,16,inf
Random,10,54,1,0,17,inf
Random,10,54,1,0,18,inf
Random,10,54,1,0,19,inf
Random,10,54,1,0,20,inf
Random,10,54,1,0,21,inf
Random,10,54,1,0,22,inf
Random,10,54,1,0,23,inf
Random,10,54,1,0,24,inf
Random,10,54,1,0,25,inf
Random,10,54,1,0,26,inf
Random,10,54,1,0,27,inf
Random,10,54,1,0,28,inf
Random,10,54,1,0,29,inf
Random,10,54,1,0,30,inf
Random,10,54,1,0,31,inf
Random,10,54,1,0,32,inf
Random,10,54,1,0,33,inf
Random,10,54,1,0,34,inf
Random,10,54,1,0,35,inf
Random,10,54,1,0,36,inf
Random,10,54,1,0,37,inf
Random,10,54,1,0,38,inf
Random,10,54,1,0,39,inf
Random,10,54,1,0,40,inf
Random,10,54,1,0,41,inf
Random,10,54,1,0,42,inf
Random,10,54,1,0,43,inf
Random,10,54,1,0,44,inf
Random,10,54,1,0,45,inf
Random,10,54,1,0,46,inf
Random,10,54,1,0,47,inf
Random,10,54,1,0,48,inf
Random,10,54,1,0,49,inf
Random,10,54,1,0,50,inf
Random,10,54,1,0,51,inf
Random,10,54,1,0,52,inf
Random,10,54,1,0,53,inf
Random,10,54,1,0,54,inf
Random,10,54,1,0,55,inf
Random,10,54,1,0,56,inf
Random,10,54,1,0,57,inf
Random,10,54,1,0,58,inf
Random,10,54,1,0,59,inf
Random,10,54,1,0,60,inf
Random,10,54,1,0,61,inf
Random,10,54,1,0,62,inf
Random,10,54,1,0,63,inf
Random,10,54,1,0,64,inf
Random,10,54,1,0,65,inf
Random,10,54,1,0,66,inf
Random,10,54,1,0,67,inf
Random,10,54,1,0,68,inf
Random,10,54,1,0,69,inf
Random,10,54,1,0,70,inf
Random,10,54,1,0,71,inf
Random,10,54,1,0,72,inf
Random,10,54,1,0,73,inf
Random,10,54,1,0,74,inf
Random,10,54,1,0,75,inf
Random,10,54,1,0,76,inf
Random,10,54,1,0,77,inf
Random,10,54,1,0,78,inf
Random,10,54,1,0,79,inf
Random,10,54,1,0,80,inf
Random,10,54,1,0,81,inf
Random,10,54,1,0,82,inf
Random,10,54,1,0,83,inf
Random,10,54,1,0,84,inf
Random,10,54,1,0,85,inf
Random,10,54,1,0,86,inf
Random,10,54,1,0,87,inf
Random,10,54,1,0,88,inf
Random,10,54,1,0,89,inf
Random,10,54,1,0,90,inf
Random,10,54,1,0,91,inf
Random,10,54,1,0,92,inf
Random,10,54,1,0,93,inf
Random,10,54,1,0,94,inf
Random,10,54,1,0,95,inf
Random,10,54,1,0,96,inf
Random,10,54,1,0,97,inf
Random,10,54,1,0,98,inf
Random,10,54,1,0,99,inf
Random,10,54,1,0,100,inf
qLogEI,10,54,1,0,1,inf
qLogEI,10,54,1,0,2,inf
qLogEI,10,54,1,0,3,inf
qLogEI,10,54,1,0,4,inf
qLogEI,10,54,1,0,5,inf
qLogEI,10,54,1,0,6,inf
qLogEI,10,54,1,0,7,inf
qLogEI,10,54,1,0,8,inf
qLogEI,10,54,1,0,9,inf
qLogEI,10,54,1,0,10,inf
qLogEI,10,54,1,0,11,inf
qLogEI,10,54,1,0,12,inf
qLogEI,10,54,1,0,13,inf
qLogEI,10,54,1,0,14,inf
qLogEI,10,54,1,0,15,inf
qLogEI,10,54,1,0,16,inf
qLogEI,10,54,1,0,17,inf
qLogEI,10,54,1,0,18,inf
qLogEI,10,54,1,0,19,inf
qLogEI,10,54,1,0,20,inf
qLogEI,10,54,1,0,21,inf
qLogEI,10,54,1,0,22,inf
qLogEI,10,54,1,0,23,inf
qLogEI,10,54,1,0,24,inf
qLogEI,10,54,1,0,25,inf
qLogEI,10,54,1,0,26,inf
qLogEI,10,54,1,0,27,inf
qLogEI,10,54,1,0,28,inf
qLogEI,10,54,1,0,29,inf
qLogEI,10,54,1,0,30,inf
qLogEI,10,54,1,0,31,inf
qLogEI,10,54,1,0,32,inf
qLogEI,10,54,1,0,33,inf
qLogEI,10,54,1,0,34,inf
qLogEI,10,54,1,0,35,inf
qLogEI,10,54,1,0,36,inf
qLogEI,10,54,1,0,37,inf
qLogEI,10,54,1,0,38,inf
qLogEI,10,54,1,0,39,inf
qLogEI,10,54,1,0,40,inf
qLogEI,10,54,1,0,41,inf
qLogEI,10,54,1,0,42,inf
qLogEI,10,54,1,0,43,inf
qLogEI,10,54,1,0,44,inf
qLogEI,10,54,1,0,45,inf
qLogEI,10,54,1,0,46,inf
qLogEI,10,54,1,0,47,inf
qLogEI,10,54,1,0,48,inf
qLogEI,10,54,1,0,49,inf
qLogEI,10,54,1,0,50,inf
qLogEI,10,54,1,0,51,inf
qLogEI,10,54,1,0,52,inf
qLogEI,10,54,1,0,53,inf
qLogEI,10,54,1,0,54,inf
qLogEI,10,54,1,0,55,inf
qLogEI,10,54,1,0,56,inf
qLogEI,10,54,1,0,57,inf
qLogEI,10,54,1,0,58,inf
qLogEI,10,54,1,0,59,inf
qLogEI,10,54,1,0,60,inf
qLogEI,10,54,1,0,61,inf
qLogEI,10,54,1,0,62,inf
qLogEI,10,54,1,0,63,inf
qLogEI,10,54,1,0,64,inf
qLogEI,10,54,1,0,65,inf
qLogEI,10,54,1,0,66,inf
qLogEI,10,54,1,0,67,inf
qLogEI,10,54,1,0,68,inf
qLogEI,10,54,1,0,69,inf
qLogEI,10,54,1,0,70,inf
qLogEI,10,54,1,0,71,inf
qLogEI,10,54,1,0,72,inf
qLogEI,10,54,1,0,73,inf
qLogEI,10,54,1,0,74,inf
qLogEI,10,54,1,0,75,inf
qLogEI,10,54,1,0,76,inf
qLogEI,10,54,1,0,77,inf
qLogEI,10,54,1,0,78,inf
qLogEI,10,54,1,0,79,inf
qLogEI,10,54,1,0,80,inf
qLogEI,10,54,1,0,81,inf
qLogEI,10,54,1,0,82,inf
qLogEI,10,54,1,0,83,inf
qLogEI,10,54,1,0,84,inf
qLogEI,10,54,1,0,85,inf
qLogEI,10,54,1,0,86,inf
qLogEI,10,54,1,0,87,inf
qLogEI,10,54,1,0,88,inf
qLogEI,10,54,1,0,89,inf
qLogEI,10,54,1,0,90,inf
qLogEI,10,54,1,0,91,inf
qLogEI,10,54,1,0,92,inf
qLogEI,10,54,1,0,93,inf
qLogEI,10,54,1,0,94,inf
qLogEI,10,54,1,0,95,inf
qLogEI,10,54,1,0,96,inf
qLogEI,10,54,1,0,97,inf
qLogEI,10,54,1,0,98,inf
qLogEI,10,54,1,0,99,inf
qLogEI,10,54,1,0,100,inf
RL,10,54,1,0,1,inf
RL,10,54,1,0,2,inf
RL,10,54,1,0,3,inf
RL,10,54,1,0,4,inf
RL,10,54,1,0,5,inf
RL,10,54,1,0,6,inf
RL,10,54,1,0,7,inf
RL,10,54,1,0,8,inf
RL,10,54,1,0,9,inf
RL,10,54,1,0,10,inf
RL,10,54,1,0,11,inf
RL,10,54,1,0,12,inf
RL,10,54,1,0,13,inf
RL,10,54,1,0,14,inf
RL,10,54,1,0,15,inf
RL,10,54,1,0,16,inf
RL,10,54,1,0,17,inf
RL,10,54,1,0,18,inf
RL,10,54,1,0,19,inf
RL,10,54,1,0,20,inf
RL,10,54,1,0,21,inf
RL,10,54,1,0,22,inf
RL,10,54,1,0,23,inf
RL,10,54,1,0,24,inf
RL,10,54,1,0,25,inf
RL,10,54,1,0,26,inf
RL,10,54,1,0,27,inf
RL,10,54,1,0,28,inf
RL,10,54,1,0,29,inf
RL,10,54,1,0,30,inf
RL,10,54,1,0,31,inf
RL,10,54,1,0,32,inf
RL,10,54,1,0,33,inf
RL,10,54,1,0,34,inf
RL,10,54,1,0,35,inf
RL,10,54,1,0,36,inf
RL,10,54,1,0,37,inf
RL,10,54,1,0,38,inf
RL,10,54,1,0,39,inf
RL,10,54,1,0,40,inf
RL,10,54,1,0,41,inf
RL,10,54,1,0,42,inf
RL,10,54,1,0,43,inf
RL,10,54,1,0,44,inf
RL,10,54,1,0,45,inf
RL,10,54,1,0,46,inf
RL,10,54,1,0,47,inf
RL,10,54,1,0,48,inf
RL,10,54,1,0,49,inf
RL,10,54,1,0,50,inf
RL,10,54,1,0,51,inf
RL,10,54,1,0,52,inf
RL,10,54,1,0,53,inf
RL,10,54,1,0,54,inf
RL,10,54,1,0,55,inf
RL,10,54,1,0,56,inf
RL,10,54,1,0,57,inf
RL,10,54,1,0,58,inf
RL,10,54,1,0,59,inf
RL,10,54,1,0,60,inf
RL,10,54,1,0,61,inf
RL,10,54,1,0,62,inf
RL,10,54,1,0,63,inf
RL,10,54,1,0,64,inf
RL,10,54,1,0,65,inf
RL,10,54,1,0,66,inf
RL,10,54,1,0,67,inf
RL,10,54,1,0,68,inf
RL,10,54,1,0,69,inf
RL,10,54,1,0,70,inf
RL,10,54,1,0,71,inf
RL,10,54,1,0,72,inf
RL,10,54,1,0,73,inf
RL,10,54,1,0,74,inf
RL,10,54,1,0,75,inf
RL,10,54,1,0,76,inf
RL,10,54,1,0,77,inf
RL,10,54,1,0,78,inf
RL,10,54,1,0,79,inf
RL,10,54,1,0,80,inf
RL,10,54,1,0,81,inf
RL,10,54,1,0,82,inf
RL,10,54,1,0,83,inf
RL,10,54,1,0,84,inf
RL,10,54,1,0,85,inf
RL,10,54,1,0,86,inf
RL,10,54,1,0,87,inf
RL,10,54,1,0,88,inf
RL,10,54,1,0,89,inf
RL,10,54,1,0,90,inf
RL,10,54,1,0,91,inf
RL,10,54,1,0,92,inf
RL,10,54,1,0,93,inf
RL,10,54,1,0,94,inf
RL,10,54,1,0,95,inf
RL,10,54,1,0,96,inf
RL,10,54,1,0,97,inf
RL,10,54,1,0,98,inf
RL,10,54,1,0,99,inf
RL,10,54,1,0,100,inf
Random,10,54,1,1,1,inf
Random,10,54,1,1,2,inf
Random,10,54,1,1,3,inf
Random,10,54,1,1,4,inf
Random,10,54,1,1,5,inf
Random,10,54,1,1,6,inf
Random,10,54,1,1,7,inf
Random,10,54,1,1,8,inf
Random,10,54,1,1,9,inf
Random,10,54,1,1,10,inf
Random,10,54,1,1,11,inf
Random,10,54,1,1,12,inf
Random,10,54,1,1,13,inf
Random,10,54,1,1,14,inf
Random,10,54,1,1,15,inf
Random,10,54,1,1,16,inf
Random,10,54,1,1,17,inf
Random,10,54,1,1,18,inf
Random,10,54,1,1,19,inf
Random,10,54,1,1,20,inf
Random,10,54,1,1,21,inf
Random,10,54,1,1,22,inf
Random,10,54,1,1,23,inf
Random,10,54,1,1,24,inf
Random,10,54,1,1,25,inf
Random,10,54,1,1,26,inf
Random,10,54,1,1,27,inf
Random,10,54,1,1,28,inf
Random,10,54,1,1,29,inf
Random,10,54,1,1,30,inf
Random,10,54,1,1,31,inf
Random,10,54,1,1,32,inf
Random,10,54,1,1,33,inf
Random,10,54,1,1,34,inf
Random,10,54,1,1,35,inf
Random,10,54,1,1,36,inf
Random,10,54,1,1,37,inf
Random,10,54,1,1,38,inf
Random,10,54,1,1,39,inf
Random,10,54,1,1,40,inf
Random,10,54,1,1,41,inf
Random,10,54,1,1,42,inf
Random,10,54,1,1,43,inf
Random,10,54,1,1,44,inf
Random,10,54,1,1,45,inf
Random,10,54,1,1,46,inf
Random,10,54,1,1,47,inf
Random,10,54,1,1,48,inf
Random,10,54,1,1,49,inf
Random,10,54,1,1,50,inf
Random,10,54,1,1,51,inf
Random,10,54,1,1,52,inf
Random,10,54,1,1,53,inf
Random,10,54,1,1,54,inf
Random,10,54,1,1,55,inf
Random,10,54,1,1,56,inf
Random,10,54,1,1,57,inf
Random,10,54,1,1,58,inf
Random,10,54,1,1,59,inf
Random,10,54,1,1,60,inf
Random,10,54,1,1,61,inf
Random,10,54,1,1,62,inf
Random,10,54,1,1,63,inf
Random,10,54,1,1,64,inf
Random,10,54,1,1,65,inf
Random,10,54,1,1,66,inf
Random,10,54,1,1,67,inf
Random,10,54,1,1,68,inf
Random,10,54,1,1,69,inf
Random,10,54,1,1,70,inf
Random,10,54,1,1,71,inf
Random,10,54,1,1,72,inf
Random,10,54,1,1,73,inf
Random,10,54,1,1,74,inf
Random,10,54,1,1,75,inf
Random,10,54,1,1,76,inf
Random,10,54,1,1,77,inf
Random,10,54,1,1,78,inf
Random,10,54,1,1,79,inf
Random,10,54,1,1,80,inf
Random,10,54,1,1,81,inf
Random,10,54,1,1,82,inf
Random,10,54,1,1,83,inf
Random,10,54,1,1,84,inf
Random,10,54,1,1,85,inf
Random,10,54,1,1,86,inf
Random,10,54,1,1,87,inf
Random,10,54,1,1,88,inf
Random,10,54,1,1,89,inf
Random,10,54,1,1,90,inf
Random,10,54,1,1,91,inf
Random,10,54,1,1,92,inf
Random,10,54,1,1,93,inf
Random,10,54,1,1,94,inf
Random,10,54,1,1,95,inf
Random,10,54,1,1,96,inf
Random,10,54,1,1,97,inf
Random,10,54,1,1,98,inf
Random,10,54,1,1,99,inf
Random,10,54,1,1,100,inf
qLogEI,10,54,1,1,1,inf
qLogEI,10,54,1,1,2,inf
qLogEI,10,54,1,1,3,inf
qLogEI,10,54,1,1,4,inf
qLogEI,10,54,1,1,5,inf
qLogEI,10,54,1,1,6,inf
qLogEI,10,54,1,1,7,inf
qLogEI,10,54,1,1,8,inf
qLogEI,10,54,1,1,9,inf
qLogEI,10,54,1,1,10,inf
qLogEI,10,54,1,1,11,inf
qLogEI,10,54,1,1,12,inf
qLogEI,10,54,1,1,13,inf
qLogEI,10,54,1,1,14,inf
qLogEI,10,54,1,1,15,inf
qLogEI,10,54,1,1,16,inf
qLogEI,10,54,1,1,17,inf
qLogEI,10,54,1,1,18,inf
qLogEI,10,54,1,1,19,inf
qLogEI,10,54,1,1,20,inf
qLogEI,10,54,1,1,21,inf
qLogEI,10,54,1,1,22,inf
qLogEI,10,54,1,1,23,inf
qLogEI,10,54,1,1,24,inf
qLogEI,10,54,1,1,25,inf
qLogEI,10,54,1,1,26,inf
qLogEI,10,54,1,1,27,inf
qLogEI,10,54,1,1,28,inf
qLogEI,10,54,1,1,29,inf
qLogEI,10,54,1,1,30,inf
qLogEI,10,54,1,1,31,inf
qLogEI,10,54,1,1,32,inf
qLogEI,10,54,1,1,33,inf
qLogEI,10,54,1,1,34,inf
qLogEI,10,54,1,1,35,inf
qLogEI,10,54,1,1,36,inf
qLogEI,10,54,1,1,37,inf
qLogEI,10,54,1,1,38,inf
qLogEI,10,54,1,1,39,inf
qLogEI,10,54,1,1,40,inf
qLogEI,10,54,1,1,41,inf
qLogEI,10,54,1,1,42,inf
qLogEI,10,54,1,1,43,inf
qLogEI,10,54,1,1,44,inf
qLogEI,10,54,1,1,45,inf
qLogEI,10,54,1,1,46,inf
qLogEI,10,54,1,1,47,inf
qLogEI,10,54,1,1,48,inf
qLogEI,10,54,1,1,49,inf
qLogEI,10,54,1,1,50,inf
qLogEI,10,54,1,1,51,inf
qLogEI,10,54,1,1,52,inf
qLogEI,10,54,1,1,53,inf
qLogEI,10,54,1,1,54,inf
qLogEI,10,54,1,1,55,inf
qLogEI,10,54,1,1,56,inf
qLogEI,10,54,1,1,57,inf
qLogEI,10,54,1,1,58,inf
qLogEI,10,54,1,1,59,inf
qLogEI,10,54,1,1,60,inf
qLogEI,10,54,1,1,61,inf
qLogEI,10,54,1,1,62,inf
qLogEI,10,54,1,1,63,inf
qLogEI,10,54,1,1,64,inf
qLogEI,10,54,1,1,65,inf
qLogEI,10,54,1,1,66,inf
qLogEI,10,54,1,1,67,inf
qLogEI,10,54,1,1,68,inf
qLogEI,10,54,1,1,69,inf
qLogEI,10,54,1,1,70,inf
qLogEI,10,54,1,1,71,inf
qLogEI,10,54,1,1,72,inf
qLogEI,10,54,1,1,73,inf
qLogEI,10,54,1,1,74,inf
qLogEI,10,54,1,1,75,inf
qLogEI,10,54,1,1,76,inf
qLogEI,10,54,1,1,77,inf
qLogEI,10,54,1,1,78,inf
qLogEI,10,54,1,1,79,inf
qLogEI,10,54,1,1,80,inf
qLogEI,10,54,1,1,81,inf
qLogEI,10,54,1,1,82,inf
qLogEI,10,54,1,1,83,inf
qLogEI,10,54,1,1,84,inf
qLogEI,10,54,1,1,85,inf
qLogEI,10,54,1,1,86,inf
qLogEI,10,54,1,1,87,inf
qLogEI,10,54,1,1,88,inf
qLogEI,10,54,1,1,89,inf
qLogEI,10,54,1,1,90,inf
qLogEI,10,54,1,1,91,inf
qLogEI,10,54,1,1,92,inf
qLogEI,10,54,1,1,93,inf
qLogEI,10,54,1,1,94,inf
qLogEI,10,54,1,1,95,inf
qLogEI,10,54,1,1,96,inf
qLogEI,10,54,1,1,97,inf
qLogEI,10,54,1,1,98,inf
qLogEI,10,54,1,1,99,inf
qLogEI,10,54,1,1,100,inf
RL,10,54,1,1,1,inf
RL,10,54,1,1,2,inf
RL,10,54,1,1,3,inf
RL,10,54,1,1,4,inf
RL,10,54,1,1,5,inf
RL,10,54,1,1,6,inf
RL,10,54,1,1,7,inf
RL,10,54,1,1,8,inf
RL,10,54,1,1,9,inf
RL,10,54,1,1,10,inf
RL,10,54,1,1,11,inf
RL,10,54,1,1,12,inf
RL,10,54,1,1,13,inf
RL,10,54,1,1,14,inf
RL,10,54,1,1,15,inf
RL,10,54,1,1,16,inf
RL,10,54,1,1,17,inf
RL,10,54,1,1,18,inf
RL,10,54,1,1,19,inf
RL,10,54,1,1,20,inf
RL,10,54,1,1,21,inf
RL,10,54,1,1,22,inf
RL,10,54,1,1,23,inf
RL,10,54,1,1,24,inf
RL,10,54,1,1,25,inf
RL,10,54,1,1,26,inf
RL,10,54,1,1,27,inf
RL,10,54,1,1,28,inf
RL,10,54,1,1,29,inf
RL,10,54,1,1,30,inf
RL,10,54,1,1,31,inf
RL,10,54,1,1,32,inf
RL,10,54,1,1,33,inf
RL,10,54,1,1,34,inf
RL,10,54,1,1,35,inf
RL,10,54,1,1,36,inf
RL,10,54,1,1,37,inf
RL,10,54,1,1,38,inf
RL,10,54,1,1,39,inf
RL,10,54,1,1,40,inf
RL,10,54,1,1,41,inf
RL,10,54,1,1,42,inf
RL,10,54,1,1,43,inf
RL,10,54,1,1,44,inf
RL,10,54,1,1,45,inf
RL,10,54,1,1,46,inf
RL,10,54,1,1,47,inf
RL,10,54,1,1,48,inf
RL,10,54,1,1,49,inf
RL,10,54,1,1,50,inf
RL,10,54,1,1,51,inf
RL,10,54,1,1,52,inf
RL,10,54,1,1,53,inf
RL,10,54,1,1,54,inf
RL,10,54,1,1,55,inf
RL,10,54,1,1,56,inf
RL,10,54,1,1,57,inf
RL,10,54,1,1,58,inf
RL,10,54,1,1,59,inf
RL,10,54,1,1,60,inf
RL,10,54,1,1,61,inf
RL,10,54,1,1,62,inf
RL,10,54,1,1,63,inf
RL,10,54,1,1,64,inf
RL,10,54,1,1,65,inf
RL,10,54,1,1,66,inf
RL,10,54,1,1,67,inf
RL,10,54,1,1,68,inf
RL,10,54,1,1,69,inf
RL,10,54,1,1,70,inf
RL,10,54,1,1,71,inf
RL,10,54,1,1,72,inf
RL,10,54,1,1,73,inf
RL,10,54,1,1,74,inf
RL,10,54,1,1,75,inf
RL,10,54,1,1,76,inf
RL,10,54,1,1,77,inf
RL,10,54,1,1,78,inf
RL,10,54,1,1,79,inf
RL,10,54,1,1,80,inf
RL,10,54,1,1,81,inf
RL,10,54,1,1,82,inf
RL,10,54,1,1,83,inf
RL,10,54,1,1,84,inf
RL,10,54,1,1,85,inf
RL,10,54,1,1,86,inf
RL,10,54,1,1,87,inf
RL,10,54,1,1,88,inf
RL,10,54,1,1,89,inf
RL,10,54,1,1,90,inf
RL,10,54,1,1,91,inf
RL,10,54,1,1,92,inf
RL,10,54,1,1,93,inf
RL,10,54,1,1,94,inf
RL,10,54,1,1,95,inf
RL,10,54,1,1,96,inf
RL,10,54,1,1,97,inf
RL,10,54,1,1,98,inf
RL,10,54,1,1,99,inf
RL,10,54,1,1,100,inf
Random,10,54,1,2,1,inf
Random,10,54,1,2,2,inf
Random,10,54,1,2,3,inf
Random,10,54,1,2,4,inf
Random,10,54,1,2,5,inf
Random,10,54,1,2,6,inf
Random,10,54,1,2,7,inf
Random,10,54,1,2,8,inf
Random,10,54,1,2,9,inf
Random,10,54,1,2,10,inf
Random,10,54,1,2,11,inf
Random,10,54,1,2,12,inf
Random,10,54,1,2,13,inf
Random,10,54,1,2,14,inf
Random,10,54,1,2,15,inf
Random,10,54,1,2,16,inf
Random,10,54,1,2,17,inf
Random,10,54,1,2,18,inf
Random,10,54,1,2,19,inf
Random,10,54,1,2,20,inf
Random,10,54,1,2,21,inf
Random,10,54,1,2,22,inf
Random,10,54,1,2,23,inf
Random,10,54,1,2,24,inf
Random,10,54,1,2,25,inf
Random,10,54,1,2,26,inf
Random,10,54,1,2,27,inf
Random,10,54,1,2,28,inf
Random,10,54,1,2,29,inf
Random,10,54,1,2,30,inf
Random,10,54,1,2,31,inf
Random,10,54,1,2,32,inf
Random,10,54,1,2,33,inf
Random,10,54,1,2,34,inf
Random,10,54,1,2,35,inf
Random,10,54,1,2,36,inf
Random,10,54,1,2,37,inf
Random,10,54,1,2,38,inf
Random,10,54,1,2,39,inf
Random,10,54,1,2,40,inf
Random,10,54,1,2,41,inf
Random,10,54,1,2,42,inf
Random,10,54,1,2,43,inf
Random,10,54,1,2,44,inf
Random,10,54,1,2,45,inf
Random,10,54,1,2,46,inf
Random,10,54,1,2,47,inf
Random,10,54,1,2,48,inf
Random,10,54,1,2,49,inf
Random,10,54,1,2,50,inf
Random,10,54,1,2,51,inf
Random,10,54,1,2,52,inf
Random,10,54,1,2,53,inf
Random,10,54,1,2,54,inf
Random,10,54,1,2,55,inf
Random,10,54,1,2,56,inf
Random,10,54,1,2,57,inf
Random,10,54,1,2,58,inf
Random,10,54,1,2,59,inf
Random,10,54,1,2,60,inf
Random,10,54,1,2,61,inf
Random,10,54,1,2,62,inf
Random,10,54,1,2,63,inf
Random,10,54,1,2,64,inf
Random,10,54,1,2,65,inf
Random,10,54,1,2,66,inf
Random,10,54,1,2,67,inf
Random,10,54,1,2,68,inf
Random,10,54,1,2,69,inf
Random,10,54,1,2,70,inf
Random,10,54,1,2,71,inf
Random,10,54,1,2,72,inf
Random,10,54,1,2,73,inf
Random,10,54,1,2,74,inf
Random,10,54,1,2,75,inf
Random,10,54,1,2,76,inf
Random,10,54,1,2,77,inf
Random,10,54,1,2,78,inf
Random,10,54,1,2,79,inf
Random,10,54,1,2,80,inf
Random,10,54,1,2,81,inf
Random,10,54,1,2,82,inf
Random,10,54,1,2,83,inf
Random,10,54,1,2,84,inf
Random,10,54,1,2,85,inf
Random,10,54,1,2,86,inf
Random,10,54,1,2,87,inf
Random,10,54,1,2,88,inf
Random,10,54,1,2,89,inf
Random,10,54,1,2,90,inf
Random,10,54,1,2,91,inf
Random,10,54,1,2,92,inf
Random,10,54,1,2,93,inf
Random,10,54,1,2,94,inf
Random,10,54,1,2,95,inf
Random,10,54,1,2,96,inf
Random,10,54,1,2,97,inf
Random,10,54,1,2,98,inf
Random,10,54,1,2,99,inf
Random,10,54,1,2,100,inf
qLogEI,10,54,1,2,1,inf
qLogEI,10,54,1,2,2,inf
qLogEI,10,54,1,2,3,inf
qLogEI,10,54,1,2,4,inf
qLogEI,10,54,1,2,5,inf
qLogEI,10,54,1,2,6,inf
qLogEI,10,54,1,2,7,inf
qLogEI,10,54,1,2,8,inf
qLogEI,10,54,1,2,9,inf
qLogEI,10,54,1,2,10,inf
qLogEI,10,54,1,2,11,inf
qLogEI,10,54,1,2,12,inf
qLogEI,10,54,1,2,13,inf
qLogEI,10,54,1,2,14,inf
qLogEI,10,54,1,2,15,inf
qLogEI,10,54,1,2,16,inf
qLogEI,10,54,1,2,17,inf
qLogEI,10,54,1,2,18,inf
qLogEI,10,54,1,2,19,inf
qLogEI,10,54,1,2,20,inf
qLogEI,10,54,1,2,21,inf
qLogEI,10,54,1,2,22,inf
qLogEI,10,54,1,2,23,inf
qLogEI,10,54,1,2,24,inf
qLogEI,10,54,1,2,25,inf
qLogEI,10,54,1,2,26,inf
qLogEI,10,54,1,2,27,inf
qLogEI,10,54,1,2,28,inf
qLogEI,10,54,1,2,29,inf
qLogEI,10,54,1,2,30,inf
qLogEI,10,54,1,2,31,inf
qLogEI,10,54,1,2,32,inf
qLogEI,10,54,1,2,33,inf
qLogEI,10,54,1,2,34,inf
qLogEI,10,54,1,2,35,inf
qLogEI,10,54,1,2,36,inf
qLogEI,10,54,1,2,37,inf
qLogEI,10,54,1,2,38,inf
qLogEI,10,54,1,2,39,inf
qLogEI,10,54,1,2,40,inf
qLogEI,10,54,1,2,41,inf
qLogEI,10,54,1,2,42,inf
qLogEI,10,54,1,2,43,inf
qLogEI,10,54,1,2,44,inf
qLogEI,10,54,1,2,45,inf
qLogEI,10,54,1,2,46,inf
qLogEI,10,54,1,2,47,inf
qLogEI,10,54,1,2,48,inf
qLogEI,10,54,1,2,49,inf
qLogEI,10,54,1,2,50,inf
qLogEI,10,54,1,2,51,inf
qLogEI,10,54,1,2,52,inf
qLogEI,10,54,1,2,53,inf
qLogEI,10,54,1,2,54,inf
qLogEI,10,54,1,2,55,inf
qLogEI,10,54,1,2,56,inf
qLogEI,10,54,1,2,57,inf
qLogEI,10,54,1,2,58,inf
qLogEI,10,54,1,2,59,inf
qLogEI,10,54,1,2,60,inf
qLogEI,10,54,1,2,61,inf
qLogEI,10,54,1,2,62,inf
qLogEI,10,54,1,2,63,inf
qLogEI,10,54,1,2,64,inf
qLogEI,10,54,1,2,65,inf
qLogEI,10,54,1,2,66,inf
qLogEI,10,54,1,2,67,inf
qLogEI,10,54,1,2,68,inf
qLogEI,10,54,1,2,69,inf
qLogEI,10,54,1,2,70,inf
qLogEI,10,54,1,2,71,inf
qLogEI,10,54,1,2,72,inf
qLogEI,10,54,1,2,73,inf
qLogEI,10,54,1,2,74,inf
qLogEI,10,54,1,2,75,inf
qLogEI,10,54,1,2,76,inf
qLogEI,10,54,1,2,77,inf
qLogEI,10,54,1,2,78,inf
qLogEI,10,54,1,2,79,inf
qLogEI,10,54,1,2,80,inf
qLogEI,10,54,1,2,81,inf
qLogEI,10,54,1,2,82,inf
qLogEI,10,54,1,2,83,inf
qLogEI,10,54,1,2,84,inf
qLogEI,10,54,1,2,85,inf
qLogEI,10,54,1,2,86,inf
qLogEI,10,54,1,2,87,inf
qLogEI,10,54,1,2,88,inf
qLogEI,10,54,1,2,89,inf
qLogEI,10,54,1,2,90,inf
qLogEI,10,54,1,2,91,inf
qLogEI,10,54,1,2,92,inf
qLogEI,10,54,1,2,93,inf
qLogEI,10,54,1,2,94,inf
qLogEI,10,54,1,2,95,inf
qLogEI,10,54,1,2,96,inf
qLogEI,10,54,1,2,97,inf
qLogEI,10,54,1,2,98,inf
qLogEI,10,54,1,2,99,inf
qLogEI,10,54,1,2,100,inf
RL,10,54,1,2,1,inf
RL,10,54,1,2,2,inf
RL,10,54,1,2,3,inf
RL,10,54,1,2,4,inf
RL,10,54,1,2,5,inf
RL,10,54,1,2,6,inf
RL,10,54,1,2,7,inf
RL,10,54,1,2,8,inf
RL,10,54,1,2,9,inf
RL,10,54,1,2,10,inf
RL,10,54,1,2,11,inf
RL,10,54,1,2,12,inf
RL,10,54,1,2,13,inf
RL,10,54,1,2,14,inf
RL,10,54,1,2,15,inf
RL,10,54,1,2,16,inf
RL,10,54,1,2,17,inf
RL,10,54,1,2,18,inf
RL,10,54,1,2,19,inf
RL,10,54,1,2,20,inf
RL,10,54,1,2,21,inf
RL,10,54,1,2,22,inf
RL,10,54,1,2,23,inf
RL,10,54,1,2,24,inf
RL,10,54,1,2,25,inf
RL,10,54,1,2,26,inf
RL,10,54,1,2,27,inf
RL,10,54,1,2,28,inf
RL,10,54,1,2,29,inf
RL,10,54,1,2,30,inf
RL,10,54,1,2,31,inf
RL,10,54,1,2,32,inf
RL,10,54,1,2,33,inf
RL,10,54,1,2,34,inf
RL,10,54,1,2,35,inf
RL,10,54,1,2,36,inf
RL,10,54,1,2,37,inf
RL,10,54,1,2,38,inf
RL,10,54,1,2,39,inf
RL,10,54,1,2,40,inf
RL,10,54,1,2,41,inf
RL,10,54,1,2,42,inf
RL,10,54,1,2,43,inf
RL,10,54,1,2,44,inf
RL,10,54,1,2,45,inf
RL,10,54,1,2,46,inf
RL,10,54,1,2,47,inf
RL,10,54,1,2,48,inf
RL,10,54,1,2,49,inf
RL,10,54,1,2,50,inf
RL,10,54,1,2,51,inf
RL,10,54,1,2,52,inf
RL,10,54,1,2,53,inf
RL,10,54,1,2,54,inf
RL,10,54,1,2,55,inf
RL,10,54,1,2,56,inf
RL,10,54,1,2,57,inf
RL,10,54,1,2,58,inf
RL,10,54,1,2,59,inf
RL,10,54,1,2,60,inf
RL,10,54,1,2,61,inf
RL,10,54,1,2,62,inf
RL,10,54,1,2,63,inf
RL,10,54,1,2,64,inf
RL,10,54,1,2,65,inf
RL,10,54,1,2,66,inf
RL,10,54,1,2,67,inf
RL,10,54,1,2,68,inf
RL,10,54,1,2,69,inf
RL,10,54,1,2,70,inf
RL,10,54,1,2,71,inf
RL,10,54,1,2,72,inf
RL,10,54,1,2,73,inf
RL,10,54,1,2,74,inf
RL,10,54,1,2,75,inf
RL,10,54,1,2,76,inf
RL,10,54,1,2,77,inf
RL,10,54,1,2,78,inf
RL,10,54,1,2,79,inf
RL,10,54,1,2,80,inf
RL,10,54,1,2,81,inf
RL,10,54,1,2,82,inf
RL,10,54,1,2,83,inf
RL,10,54,1,2,84,inf
RL,10,54,1,2,85,inf
RL,10,54,1,2,86,inf
RL,10,54,1,2,87,inf
RL,10,54,1,2,88,inf
RL,10,54,1,2,89,inf
RL,10,54,1,2,90,inf
RL,10,54,1,2,91,inf
RL,10,54,1,2,92,inf
RL,10,54,1,2,93,inf
RL,10,54,1,2,94,inf
RL,10,54,1,2,95,inf
RL,10,54,1,2,96,inf
RL,10,54,1,2,97,inf
RL,10,54,1,2,98,inf
RL,10,54,1,2,99,inf
RL,10,54,1,2,100,inf
Random,10,54,1,3,1,inf
Random,10,54,1,3,2,inf
Random,10,54,1,3,3,inf
Random,10,54,1,3,4,inf
Random,10,54,1,3,5,inf
Random,10,54,1,3,6,inf
Random,10,54,1,3,7,inf
Random,10,54,1,3,8,inf
Random,10,54,1,3,9,inf
Random,10,54,1,3,10,inf
Random,10,54,1,3,11,inf
Random,10,54,1,3,12,inf
Random,10,54,1,3,13,inf
Random,10,54,1,3,14,inf
Random,10,54,1,3,15,inf
Random,10,54,1,3,16,inf
Random,10,54,1,3,17,inf
Random,10,54,1,3,18,inf
Random,10,54,1,3,19,inf
Random,10,54,1,3,20,inf
Random,10,54,1,3,21,inf
Random,10,54,1,3,22,inf
Random,10,54,1,3,23,inf
Random,10,54,1,3,24,inf
Random,10,54,1,3,25,inf
Random,10,54,1,3,26,inf
Random,10,54,1,3,27,inf
Random,10,54,1,3,28,inf
Random,10,54,1,3,29,inf
Random,10,54,1,3,30,inf
Random,10,54,1,3,31,inf
Random,10,54,1,3,32,inf
Random,10,54,1,3,33,inf
Random,10,54,1,3,34,inf
Random,10,54,1,3,35,inf
Random,10,54,1,3,36,inf
Random,10,54,1,3,37,inf
Random,10,54,1,3,38,inf
Random,10,54,1,3,39,inf
Random,10,54,1,3,40,inf
Random,10,54,1,3,41,inf
Random,10,54,1,3,42,inf
Random,10,54,1,3,43,inf
Random,10,54,1,3,44,inf
Random,10,54,1,3,45,inf
Random,10,54,1,3,46,inf
Random,10,54,1,3,47,inf
Random,10,54,1,3,48,inf
Random,10,54,1,3,49,inf
Random,10,54,1,3,50,inf
Random,10,54,1,3,51,inf
Random,10,54,1,3,52,inf
Random,10,54,1,3,53,inf
Random,10,54,1,3,54,inf
Random,10,54,1,3,55,inf
Random,10,54,1,3,56,inf
Random,10,54,1,3,57,inf
Random,10,54,1,3,58,inf
Random,10,54,1,3,59,inf
Random,10,54,1,3,60,inf
Random,10,54,1,3,61,inf
Random,10,54,1,3,62,inf
Random,10,54,1,3,63,inf
Random,10,54,1,3,64,inf
Random,10,54,1,3,65,inf
Random,10,54,1,3,66,inf
Random,10,54,1,3,67,inf
Random,10,54,1,3,68,inf
Random,10,54,1,3,69,inf
Random,10,54,1,3,70,inf
Random,10,54,1,3,71,inf
Random,10,54,1,3,72,inf
Random,10,54,1,3,73,inf
Random,10,54,1,3,74,inf
Random,10,54,1,3,75,inf
Random,10,54,1,3,76,inf
Random,10,54,1,3,77,inf
Random,10,54,1,3,78,inf
Random,10,54,1,3,79,inf
Random,10,54,1,3,80,inf
Random,10,54,1,3,81,inf
Random,10,54,1,3,82,inf
Random,10,54,1,3,83,inf
Random,10,54,1,3,84,inf
Random,10,54,1,3,85,inf
Random,10,54,1,3,86,inf
Random,10,54,1,3,87,inf
Random,10,54,1,3,88,inf
Random,10,54,1,3,89,inf
Random,10,54,1,3,90,inf
Random,10,54,1,3,91,inf
Random,10,54,1,3,92,inf
Random,10,54,1,3,93,inf
Random,10,54,1,3,94,inf
Random,10,54,1,3,95,inf
Random,10,54,1,3,96,inf
Random,10,54,1,3,97,inf
Random,10,54,1,3,98,inf
Random,10,54,1,3,99,inf
Random,10,54,1,3,100,inf
qLogEI,10,54,1,3,1,inf
qLogEI,10,54,1,3,2,inf
qLogEI,10,54,1,3,3,inf
qLogEI,10,54,1,3,4,inf
qLogEI,10,54,1,3,5,inf
qLogEI,10,54,1,3,6,inf
qLogEI,10,54,1,3,7,inf
qLogEI,10,54,1,3,8,inf
qLogEI,10,54,1,3,9,inf
qLogEI,10,54,1,3,10,inf
qLogEI,10,54,1,3,11,inf
qLogEI,10,54,1,3,12,inf
qLogEI,10,54,1,3,13,inf
qLogEI,10,54,1,3,14,inf
qLogEI,10,54,1,3,15,inf
qLogEI,10,54,1,3,16,inf
qLogEI,10,54,1,3,17,inf
qLogEI,10,54,1,3,18,inf
qLogEI,10,54,1,3,19,inf
qLogEI,10,54,1,3,20,inf
qLogEI,10,54,1,3,21,inf
qLogEI,10,54,1,3,22,inf
qLogEI,10,54,1,3,23,inf
qLogEI,10,54,1,3,24,inf
qLogEI,10,54,1,3,25,inf
qLogEI,10,54,1,3,26,inf
qLogEI,10,54,1,3,27,inf
qLogEI,10,54,1,3,28,inf
qLogEI,10,54,1,3,29,inf
qLogEI,10,54,1,3,30,inf
qLogEI,10,54,1,3,31,inf
qLogEI,10,54,1,3,32,inf
qLogEI,10,54,1,3,33,inf
qLogEI,10,54,1,3,34,inf
qLogEI,10,54,1,3,35,inf
qLogEI,10,54,1,3,36,inf
qLogEI,10,54,1,3,37,inf
qLogEI,10,54,1,3,38,inf
qLogEI,10,54,1,3,39,inf
qLogEI,10,54,1,3,40,inf
qLogEI,10,54,1,3,41,inf
qLogEI,10,54,1,3,42,inf
qLogEI,10,54,1,3,43,inf
qLogEI,10,54,1,3,44,inf
qLogEI,10,54,1,3,45,inf
qLogEI,10,54,1,3,46,inf
qLogEI,10,54,1,3,47,inf
qLogEI,10,54,1,3,48,inf
qLogEI,10,54,1,3,49,inf
qLogEI,10,54,1,3,50,inf
qLogEI,10,54,1,3,51,inf
qLogEI,10,54,1,3,52,inf
qLogEI,10,54,1,3,53,inf
qLogEI,10,54,1,3,54,inf
qLogEI,10,54,1,3,55,inf
qLogEI,10,54,1,3,56,inf
qLogEI,10,54,1,3,57,inf
qLogEI,10,54,1,3,58,inf
qLogEI,10,54,1,3,59,inf
qLogEI,10,54,1,3,60,inf
qLogEI,10,54,1,3,61,inf
qLogEI,10,54,1,3,62,inf
qLogEI,10,54,1,3,63,inf
qLogEI,10,54,1,3,64,inf
qLogEI,10,54,1,3,65,inf
qLogEI,10,54,1,3,66,inf
qLogEI,10,54,1,3,67,inf
qLogEI,10,54,1,3,68,inf
qLogEI,10,54,1,3,69,inf
qLogEI,10,54,1,3,70,inf
qLogEI,10,54,1,3,71,inf
qLogEI,10,54,1,3,72,inf
qLogEI,10,54,1,3,73,inf
qLogEI,10,54,1,3,74,inf
qLogEI,10,54,1,3,75,inf
qLogEI,10,54,1,3,76,inf
qLogEI,10,54,1,3,77,inf
qLogEI,10,54,1,3,78,inf
qLogEI,10,54,1,3,79,inf
qLogEI,10,54,1,3,80,inf
qLogEI,10,54,1,3,81,inf
qLogEI,10,54,1,3,82,inf
qLogEI,10,54,1,3,83,inf
qLogEI,10,54,1,3,84,inf
qLogEI,10,54,1,3,85,inf
qLogEI,10,54,1,3,86,inf
qLogEI,10,54,1,3,87,inf
qLogEI,10,54,1,3,88,inf
qLogEI,10,54,1,3,89,inf
qLogEI,10,54,1,3,90,inf
qLogEI,10,54,1,3,91,inf
qLogEI,10,54,1,3,92,inf
qLogEI,10,54,1,3,93,inf
qLogEI,10,54,1,3,94,inf
qLogEI,10,54,1,3,95,inf
qLogEI,10,54,1,3,96,inf
qLogEI,10,54,1,3,97,inf
qLogEI,10,54,1,3,98,inf
qLogEI,10,54,1,3,99,inf
qLogEI,10,54,1,3,100,inf
RL,10,54,1,3,1,inf
RL,10,54,1,3,2,inf
RL,10,54,1,3,3,inf
RL,10,54,1,3,4,inf
RL,10,54,1,3,5,inf
RL,10,54,1,3,6,inf
RL,10,54,1,3,7,inf
RL,10,54,1,3,8,inf
RL,10,54,1,3,9,inf
RL,10,54,1,3,10,inf
RL,10,54,1,3,11,inf
RL,10,54,1,3,12,inf
RL,10,54,1,3,13,inf
RL,10,54,1,3,14,inf
RL,10,54,1,3,15,inf
RL,10,54,1,3,16,inf
RL,10,54,1,3,17,inf
RL,10,54,1,3,18,inf
RL,10,54,1,3,19,inf
RL,10,54,1,3,20,inf
RL,10,54,1,3,21,inf
RL,10,54,1,3,22,inf
RL,10,54,1,3,23,inf
RL,10,54,1,3,24,inf
RL,10,54,1,3,25,inf
RL,10,54,1,3,26,inf
RL,10,54,1,3,27,inf
RL,10,54,1,3,28,inf
RL,10,54,1,3,29,inf
RL,10,54,1,3,30,inf
RL,10,54,1,3,31,inf
RL,10,54,1,3,32,inf
RL,10,54,1,3,33,inf
RL,10,54,1,3,34,inf
RL,10,54,1,3,35,inf
RL,10,54,1,3,36,inf
RL,10,54,1,3,37,inf
RL,10,54,1,3,38,inf
RL,10,54,1,3,39,inf
RL,10,54,1,3,40,inf
RL,10,54,1,3,41,inf
RL,10,54,1,3,42,inf
RL,10,54,1,3,43,inf
RL,10,54,1,3,44,inf
RL,10,54,1,3,45,inf
RL,10,54,1,3,46,inf
RL,10,54,1,3,47,inf
RL,10,54,1,3,48,inf
RL,10,54,1,3,49,inf
RL,10,54,1,3,50,inf
RL,10,54,1,3,51,inf
RL,10,54,1,3,52,inf
RL,10,54,1,3,53,inf
RL,10,54,1,3,54,inf
RL,10,54,1,3,55,inf
RL,10,54,1,3,56,inf
RL,10,54,1,3,57,inf
RL,10,54,1,3,58,inf
RL,10,54,1,3,59,inf
RL,10,54,1,3,60,inf
RL,10,54,1,3,61,inf
RL,10,54,1,3,62,inf
RL,10,54,1,3,63,inf
RL,10,54,1,3,64,inf
RL,10,54,1,3,65,inf
RL,10,54,1,3,66,inf
RL,10,54,1,3,67,inf
RL,10,54,1,3,68,inf
RL,10,54,1,3,69,inf
RL,10,54,1,3,70,inf
RL,10,54,1,3,71,inf
RL,10,54,1,3,72,inf
RL,10,54,1,3,73,inf
RL,10,54,1,3,74,inf
RL,10,54,1,3,75,inf
RL,10,54,1,3,76,inf
RL,10,54,1,3,77,inf
RL,10,54,1,3,78,inf
RL,10,54,1,3,79,inf
RL,10,54,1,3,80,inf
RL,10,54,1,3,81,inf
RL,10,54,1,3,82,inf
RL,10,54,1,3,83,inf
RL,10,54,1,3,84,inf
RL,10,54,1,3,85,inf
RL,10,54,1,3,86,inf
RL,10,54,1,3,87,inf
RL,10,54,1,3,88,inf
RL,10,54,1,3,89,inf
RL,10,54,1,3,90,inf
RL,10,54,1,3,91,inf
RL,10,54,1,3,92,inf
RL,10,54,1,3,93,inf
RL,10,54,1,3,94,inf
RL,10,54,1,3,95,inf
RL,10,54,1,3,96,inf
RL,10,54,1,3,97,inf
RL,10,54,1,3,98,inf
RL,10,54,1,3,99,inf
RL,10,54,1,3,100,inf
Random,10,54,1,4,1,inf
Random,10,54,1,4,2,inf
Random,10,54,1,4,3,inf
Random,10,54,1,4,4,inf
Random,10,54,1,4,5,inf
Random,10,54,1,4,6,inf
Random,10,54,1,4,7,inf
Random,10,54,1,4,8,inf
Random,10,54,1,4,9,inf
Random,10,54,1,4,10,inf
Random,10,54,1,4,11,inf
Random,10,54,1,4,12,inf
Random,10,54,1,4,13,inf
Random,10,54,1,4,14,inf
Random,10,54,1,4,15,inf
Random,10,54,1,4,16,inf
Random,10,54,1,4,17,inf
Random,10,54,1,4,18,inf
Random,10,54,1,4,19,inf
Random,10,54,1,4,20,inf
Random,10,54,1,4,21,inf
Random,10,54,1,4,22,inf
Random,10,54,1,4,23,inf
Random,10,54,1,4,24,inf
Random,10,54,1,4,25,inf
Random,10,54,1,4,26,inf
Random,10,54,1,4,27,inf
Random,10,54,1,4,28,inf
Random,10,54,1,4,29,inf
Random,10,54,1,4,30,inf
Random,10,54,1,4,31,inf
Random,10,54,1,4,32,inf
Random,10,54,1,4,33,inf
Random,10,54,1,4,34,inf
Random,10,54,1,4,35,inf
Random,10,54,1,4,36,inf
Random,10,54,1,4,37,inf
Random,10,54,1,4,38,inf
Random,10,54,1,4,39,inf
Random,10,54,1,4,40,inf
Random,10,54,1,4,41,inf
Random,10,54,1,4,42,inf
Random,10,54,1,4,43,inf
Random,10,54,1,4,44,inf
Random,10,54,1,4,45,inf
Random,10,54,1,4,46,inf
Random,10,54,1,4,47,inf
Random,10,54,1,4,48,inf
Random,10,54,1,4,49,inf
Random,10,54,1,4,50,inf
Random,10,54,1,4,51,inf
Random,10,54,1,4,52,inf
Random,10,54,1,4,53,inf
Random,10,54,1,4,54,inf
Random,10,54,1,4,55,inf
Random,10,54,1,4,56,inf
Random,10,54,1,4,57,inf
Random,10,54,1,4,58,inf
Random,10,54,1,4,59,inf
Random,10,54,1,4,60,inf
Random,10,54,1,4,61,inf
Random,10,54,1,4,62,inf
Random,10,54,1,4,63,inf
Random,10,54,1,4,64,inf
Random,10,54,1,4,65,inf
Random,10,54,1,4,66,inf
Random,10,54,1,4,67,inf
Random,10,54,1,4,68,inf
Random,10,54,1,4,69,inf
Random,10,54,1,4,70,inf
Random,10,54,1,4,71,inf
Random,10,54,1,4,72,inf
Random,10,54,1,4,73,inf
Random,10,54,1,4,74,inf
Random,10,54,1,4,75,inf
Random,10,54,1,4,76,inf
Random,10,54,1,4,77,inf
Random,10,54,1,4,78,inf
Random,10,54,1,4,79,inf
Random,10,54,1,4,80,inf
Random,10,54,1,4,81,inf
Random,10,54,1,4,82,inf
Random,10,54,1,4,83,inf
Random,10,54,1,4,84,inf
Random,10,54,1,4,85,inf
Random,10,54,1,4,86,inf
Random,10,54,1,4,87,inf
Random,10,54,1,4,88,inf
Random,10,54,1,4,89,inf
Random,10,54,1,4,90,inf
Random,10,54,1,4,91,inf
Random,10,54,1,4,92,inf
Random,10,54,1,4,93,inf
Random,10,54,1,4,94,inf
Random,10,54,1,4,95,inf
Random,10,54,1,4,96,inf
Random,10,54,1,4,97,inf
Random,10,54,1,4,98,inf
Random,10,54,1,4,99,inf
Random,10,54,1,4,100,inf
qLogEI,10,54,1,4,1,inf
qLogEI,10,54,1,4,2,inf
qLogEI,10,54,1,4,3,inf
qLogEI,10,54,1,4,4,inf
qLogEI,10,54,1,4,5,inf
qLogEI,10,54,1,4,6,inf
qLogEI,10,54,1,4,7,inf
qLogEI,10,54,1,4,8,inf
qLogEI,10,54,1,4,9,inf
qLogEI,10,54,1,4,10,inf
qLogEI,10,54,1,4,11,inf
qLogEI,10,54,1,4,12,inf
qLogEI,10,54,1,4,13,inf
qLogEI,10,54,1,4,14,inf
qLogEI,10,54,1,4,15,inf
qLogEI,10,54,1,4,16,inf
qLogEI,10,54,1,4,17,inf
qLogEI,10,54,1,4,18,inf
qLogEI,10,54,1,4,19,inf
qLogEI,10,54,1,4,20,inf
qLogEI,10,54,1,4,21,inf
qLogEI,10,54,1,4,22,inf
qLogEI,10,54,1,4,23,inf
qLogEI,10,54,1,4,24,inf
qLogEI,10,54,1,4,25,inf
qLogEI,10,54,1,4,26,inf
qLogEI,10,54,1,4,27,inf
qLogEI,10,54,1,4,28,inf
qLogEI,10,54,1,4,29,inf
qLogEI,10,54,1,4,30,inf
qLogEI,10,54,1,4,31,inf
qLogEI,10,54,1,4,32,inf
qLogEI,10,54,1,4,33,inf
qLogEI,10,54,1,4,34,inf
qLogEI,10,54,1,4,35,inf
qLogEI,10,54,1,4,36,inf
qLogEI,10,54,1,4,37,inf
qLogEI,10,54,1,4,38,inf
qLogEI,10,54,1,4,39,inf
qLogEI,10,54,1,4,40,inf
qLogEI,10,54,1,4,41,inf
qLogEI,10,54,1,4,42,inf
qLogEI,10,54,1,4,43,inf
qLogEI,10,54,1,4,44,inf
qLogEI,10,54,1,4,45,inf
qLogEI,10,54,1,4,46,inf
qLogEI,10,54,1,4,47,inf
qLogEI,10,54,1,4,48,inf
qLogEI,10,54,1,4,49,inf
qLogEI,10,54,1,4,50,inf
qLogEI,10,54,1,4,51,inf
qLogEI,10,54,1,4,52,inf
qLogEI,10,54,1,4,53,inf
qLogEI,10,54,1,4,54,inf
qLogEI,10,54,1,4,55,inf
qLogEI,10,54,1,4,56,inf
qLogEI,10,54,1,4,57,inf
qLogEI,10,54,1,4,58,inf
qLogEI,10,54,1,4,59,inf
qLogEI,10,54,1,4,60,inf
qLogEI,10,54,1,4,61,inf
qLogEI,10,54,1,4,62,inf
qLogEI,10,54,1,4,63,inf
qLogEI,10,54,1,4,64,inf
qLogEI,10,54,1,4,65,inf
qLogEI,10,54,1,4,66,inf
qLogEI,10,54,1,4,67,inf
qLogEI,10,54,1,4,68,inf
qLogEI,10,54,1,4,69,inf
qLogEI,10,54,1,4,70,inf
qLogEI,10,54,1,4,71,inf
qLogEI,10,54,1,4,72,inf
qLogEI,10,54,1,4,73,inf
qLogEI,10,54,1,4,74,inf
qLogEI,10,54,1,4,75,inf
qLogEI,10,54,1,4,76,inf
qLogEI,10,54,1,4,77,inf
qLogEI,10,54,1,4,78,inf
qLogEI,10,54,1,4,79,inf
qLogEI,10,54,1,4,80,inf
qLogEI,10,54,1,4,81,inf
qLogEI,10,54,1,4,82,inf
qLogEI,10,54,1,4,83,inf
qLogEI,10,54,1,4,84,inf
qLogEI,10,54,1,4,85,inf
qLogEI,10,54,1,4,86,inf
qLogEI,10,54,1,4,87,inf
qLogEI,10,54,1,4,88,inf
qLogEI,10,54,1,4,89,inf
qLogEI,10,54,1,4,90,inf
qLogEI,10,54,1,4,91,inf
qLogEI,10,54,1,4,92,inf
qLogEI,10,54,1,4,93,inf
qLogEI,10,54,1,4,94,inf
qLogEI,10,54,1,4,95,inf
qLogEI,10,54,1,4,96,inf
qLogEI,10,54,1,4,97,inf
qLogEI,10,54,1,4,98,inf
qLogEI,10,54,1,4,99,inf
qLogEI,10,54,1,4,100,inf
RL,10,54,1,4,1,inf
RL,10,54,1,4,2,inf
RL,10,54,1,4,3,inf
RL,10,54,1,4,4,inf
RL,10,54,1,4,5,inf
RL,10,54,1,4,6,inf
RL,10,54,1,4,7,inf
RL,10,54,1,4,8,inf
RL,10,54,1,4,9,inf
RL,10,54,1,4,10,inf
RL,10,54,1,4,11,inf
RL,10,54,1,4,12,inf
RL,10,54,1,4,13,inf
RL,10,54,1,4,14,inf
RL,10,54,1,4,15,inf
RL,10,54,1,4,16,inf
RL,10,54,1,4,17,inf
RL,10,54,1,4,18,inf
RL,10,54,1,4,19,inf
RL,10,54,1,4,20,inf
RL,10,54,1,4,21,inf
RL,10,54,1,4,22,inf
RL,10,54,1,4,23,inf
RL,10,54,1,4,24,inf
RL,10,54,1,4,25,inf
RL,10,54,1,4,26,inf
RL,10,54,1,4,27,inf
RL,10,54,1,4,28,inf
RL,10,54,1,4,29,inf
RL,10,54,1,4,30,inf
RL,10,54,1,4,31,inf
RL,10,54,1,4,32,inf
RL,10,54,1,4,33,inf
RL,10,54,1,4,34,inf
RL,10,54,1,4,35,inf
RL,10,54,1,4,36,inf
RL,10,54,1,4,37,inf
RL,10,54,1,4,38,inf
RL,10,54,1,4,39,inf
RL,10,54,1,4,40,inf
RL,10,54,1,4,41,inf
RL,10,54,1,4,42,inf
RL,10,54,1,4,43,inf
RL,10,54,1,4,44,inf
RL,10,54,1,4,45,inf
RL,10,54,1,4,46,inf
RL,10,54,1,4,47,inf
RL,10,54,1,4,48,inf
RL,10,54,1,4,49,inf
RL,10,54,1,4,50,inf
RL,10,54,1,4,51,inf
RL,10,54,1,4,52,inf
RL,10,54,1,4,53,inf
RL,10,54,1,4,54,inf
RL,10,54,1,4,55,inf
RL,10,54,1,4,56,inf
RL,10,54,1,4,57,inf
RL,10,54,1,4,58,inf
RL,10,54,1,4,59,inf
RL,10,54,1,4,60,inf
RL,10,54,1,4,61,inf
RL,10,54,1,4,62,inf
RL,10,54,1,4,63,inf
RL,10,54,1,4,64,inf
RL,10,54,1,4,65,inf
RL,10,54,1,4,66,inf
RL,10,54,1,4,67,inf
RL,10,54,1,4,68,inf
RL,10,54,1,4,69,inf
RL,10,54,1,4,70,inf
RL,10,54,1,4,71,inf
RL,10,54,1,4,72,inf
RL,10,54,1,4,73,inf
RL,10,54,1,4,74,inf
RL,10,54,1,4,75,inf
RL,10,54,1,4,76,inf
RL,10,54,1,4,77,inf
RL,10,54,1,4,78,inf
RL,10,54,1,4,79,inf
RL,10,54,1,4,80,inf
RL,10,54,1,4,81,inf
RL,10,54,1,4,82,inf
RL,10,54,1,4,83,inf
RL,10,54,1,4,84,inf
RL,10,54,1,4,85,inf
RL,10,54,1,4,86,inf
RL,10,54,1,4,87,inf
RL,10,54,1,4,88,inf
RL,10,54,1,4,89,inf
RL,10,54,1,4,90,inf
RL,10,54,1,4,91,inf
RL,10,54,1,4,92,inf
RL,10,54,1,4,93,inf
RL,10,54,1,4,94,inf
RL,10,54,1,4,95,inf
RL,10,54,1,4,96,inf
RL,10,54,1,4,97,inf
RL,10,54,1,4,98,inf
RL,10,54,1,4,99,inf
RL,10,54,1,4,100,inf
Random,10,54,2,0,1,inf
Random,10,54,2,0,2,inf
Random,10,54,2,0,3,inf
Random,10,54,2,0,4,inf
Random,10,54,2,0,5,inf
Random,10,54,2,0,6,inf
Random,10,54,2,0,7,inf
Random,10,54,2,0,8,inf
Random,10,54,2,0,9,inf
Random,10,54,2,0,10,inf
Random,10,54,2,0,11,inf
Random,10,54,2,0,12,inf
Random,10,54,2,0,13,inf
Random,10,54,2,0,14,inf
Random,10,54,2,0,15,inf
Random,10,54,2,0,16,inf
Random,10,54,2,0,17,inf
Random,10,54,2,0,18,inf
Random,10,54,2,0,19,inf
Random,10,54,2,0,20,inf
Random,10,54,2,0,21,inf
Random,10,54,2,0,22,inf
Random,10,54,2,0,23,inf
Random,10,54,2,0,24,inf
Random,10,54,2,0,25,inf
Random,10,54,2,0,26,inf
Random,10,54,2,0,27,inf
Random,10,54,2,0,28,inf
Random,10,54,2,0,29,inf
Random,10,54,2,0,30,inf
Random,10,54,2,0,31,inf
Random,10,54,2,0,32,inf
Random,10,54,2,0,33,inf
Random,10,54,2,0,34,inf
Random,10,54,2,0,35,inf
Random,10,54,2,0,36,inf
Random,10,54,2,0,37,inf
Random,10,54,2,0,38,inf
Random,10,54,2,0,39,inf
Random,10,54,2,0,40,inf
Random,10,54,2,0,41,inf
Random,10,54,2,0,42,inf
Random,10,54,2,0,43,inf
Random,10,54,2,0,44,inf
Random,10,54,2,0,45,inf
Random,10,54,2,0,46,inf
Random,10,54,2,0,47,inf
Random,10,54,2,0,48,inf
Random,10,54,2,0,49,inf
Random,10,54,2,0,50,inf
Random,10,54,2,0,51,inf
Random,10,54,2,0,52,inf
Random,10,54,2,0,53,inf
Random,10,54,2,0,54,inf
Random,10,54,2,0,55,inf
Random,10,54,2,0,56,inf
Random,10,54,2,0,57,inf
Random,10,54,2,0,58,inf
Random,10,54,2,0,59,inf
Random,10,54,2,0,60,inf
Random,10,54,2,0,61,inf
Random,10,54,2,0,62,inf
Random,10,54,2,0,63,inf
Random,10,54,2,0,64,inf
Random,10,54,2,0,65,inf
Random,10,54,2,0,66,inf
Random,10,54,2,0,67,inf
Random,10,54,2,0,68,inf
Random,10,54,2,0,69,inf
Random,10,54,2,0,70,inf
Random,10,54,2,0,71,inf
Random,10,54,2,0,72,inf
Random,10,54,2,0,73,inf
Random,10,54,2,0,74,inf
Random,10,54,2,0,75,inf
Random,10,54,2,0,76,inf
Random,10,54,2,0,77,inf
Random,10,54,2,0,78,inf
Random,10,54,2,0,79,inf
Random,10,54,2,0,80,inf
Random,10,54,2,0,81,inf
Random,10,54,2,0,82,inf
Random,10,54,2,0,83,inf
Random,10,54,2,0,84,inf
Random,10,54,2,0,85,inf
Random,10,54,2,0,86,inf
Random,10,54,2,0,87,inf
Random,10,54,2,0,88,inf
Random,10,54,2,0,89,inf
Random,10,54,2,0,90,inf
Random,10,54,2,0,91,inf
Random,10,54,2,0,92,inf
Random,10,54,2,0,93,inf
Random,10,54,2,0,94,inf
Random,10,54,2,0,95,inf
Random,10,54,2,0,96,inf
Random,10,54,2,0,97,inf
Random,10,54,2,0,98,inf
Random,10,54,2,0,99,inf
Random,10,54,2,0,100,inf
qLogEI,10,54,2,0,1,inf
qLogEI,10,54,2,0,2,inf
qLogEI,10,54,2,0,3,inf
qLogEI,10,54,2,0,4,inf
qLogEI,10,54,2,0,5,inf
qLogEI,10,54,2,0,6,inf
qLogEI,10,54,2,0,7,inf
qLogEI,10,54,2,0,8,inf
qLogEI,10,54,2,0,9,inf
qLogEI,10,54,2,0,10,inf
qLogEI,10,54,2,0,11,inf
qLogEI,10,54,2,0,12,inf
qLogEI,10,54,2,0,13,inf
qLogEI,10,54,2,0,14,inf
qLogEI,10,54,2,0,15,inf
qLogEI,10,54,2,0,16,inf
qLogEI,10,54,2,0,17,inf
qLogEI,10,54,2,0,18,inf
qLogEI,10,54,2,0,19,inf
qLogEI,10,54,2,0,20,inf
qLogEI,10,54,2,0,21,inf
qLogEI,10,54,2,0,22,inf
qLogEI,10,54,2,0,23,inf
qLogEI,10,54,2,0,24,inf
qLogEI,10,54,2,0,25,inf
qLogEI,10,54,2,0,26,inf
qLogEI,10,54,2,0,27,inf
qLogEI,10,54,2,0,28,inf
qLogEI,10,54,2,0,29,inf
qLogEI,10,54,2,0,30,inf
qLogEI,10,54,2,0,31,inf
qLogEI,10,54,2,0,32,inf
qLogEI,10,54,2,0,33,inf
qLogEI,10,54,2,0,34,inf
qLogEI,10,54,2,0,35,inf
qLogEI,10,54,2,0,36,inf
qLogEI,10,54,2,0,37,inf
qLogEI,10,54,2,0,38,inf
qLogEI,10,54,2,0,39,inf
qLogEI,10,54,2,0,40,inf
qLogEI,10,54,2,0,41,inf
qLogEI,10,54,2,0,42,inf
qLogEI,10,54,2,0,43,inf
qLogEI,10,54,2,0,44,inf
qLogEI,10,54,2,0,45,inf
qLogEI,10,54,2,0,46,inf
qLogEI,10,54,2,0,47,inf
qLogEI,10,54,2,0,48,inf
qLogEI,10,54,2,0,49,inf
qLogEI,10,54,2,0,50,inf
qLogEI,10,54,2,0,51,inf
qLogEI,10,54,2,0,52,inf
qLogEI,10,54,2,0,53,inf
qLogEI,10,54,2,0,54,inf
qLogEI,10,54,2,0,55,inf
qLogEI,10,54,2,0,56,inf
qLogEI,10,54,2,0,57,inf
qLogEI,10,54,2,0,58,inf
qLogEI,10,54,2,0,59,inf
qLogEI,10,54,2,0,60,inf
qLogEI,10,54,2,0,61,inf
qLogEI,10,54,2,0,62,inf
qLogEI,10,54,2,0,63,inf
qLogEI,10,54,2,0,64,inf
qLogEI,10,54,2,0,65,inf
qLogEI,10,54,2,0,66,inf
qLogEI,10,54,2,0,67,inf
qLogEI,10,54,2,0,68,inf
qLogEI,10,54,2,0,69,inf
qLogEI,10,54,2,0,70,inf
qLogEI,10,54,2,0,71,inf
qLogEI,10,54,2,0,72,inf
qLogEI,10,54,2,0,73,inf
qLogEI,10,54,2,0,74,inf
qLogEI,10,54,2,0,75,inf
qLogEI,10,54,2,0,76,inf
qLogEI,10,54,2,0,77,inf
qLogEI,10,54,2,0,78,inf
qLogEI,10,54,2,0,79,inf
qLogEI,10,54,2,0,80,inf
qLogEI,10,54,2,0,81,inf
qLogEI,10,54,2,0,82,inf
qLogEI,10,54,2,0,83,inf
qLogEI,10,54,2,0,84,inf
qLogEI,10,54,2,0,85,inf
qLogEI,10,54,2,0,86,inf
qLogEI,10,54,2,0,87,inf
qLogEI,10,54,2,0,88,inf
qLogEI,10,54,2,0,89,inf
qLogEI,10,54,2,0,90,inf
qLogEI,10,54,2,0,91,inf
qLogEI,10,54,2,0,92,inf
qLogEI,10,54,2,0,93,inf
qLogEI,10,54,2,0,94,inf
qLogEI,10,54,2,0,95,inf
qLogEI,10,54,2,0,96,inf
qLogEI,10,54,2,0,97,inf
qLogEI,10,54,2,0,98,inf
qLogEI,10,54,2,0,99,inf
qLogEI,10,54,2,0,100,inf
RL,10,54,2,0,1,inf
RL,10,54,2,0,2,inf
RL,10,54,2,0,3,inf
RL,10,54,2,0,4,inf
RL,10,54,2,0,5,inf
RL,10,54,2,0,6,inf
RL,10,54,2,0,7,inf
RL,10,54,2,0,8,inf
RL,10,54,2,0,9,inf
RL,10,54,2,0,10,inf
RL,10,54,2,0,11,inf
RL,10,54,2,0,12,inf
RL,10,54,2,0,13,inf
RL,10,54,2,0,14,inf
RL,10,54,2,0,15,inf
RL,10,54,2,0,16,inf
RL,10,54,2,0,17,inf
RL,10,54,2,0,18,inf
RL,10,54,2,0,19,inf
RL,10,54,2,0,20,inf
RL,10,54,2,0,21,inf
RL,10,54,2,0,22,inf
RL,10,54,2,0,23,inf
RL,10,54,2,0,24,inf
RL,10,54,2,0,25,inf
RL,10,54,2,0,26,inf
RL,10,54,2,0,27,inf
RL,10,54,2,0,28,inf
RL,10,54,2,0,29,inf
RL,10,54,2,0,30,inf
RL,10,54,2,0,31,inf
RL,10,54,2,0,32,inf
RL,10,54,2,0,33,inf
RL,10,54,2,0,34,inf
RL,10,54,2,0,35,inf
RL,10,54,2,0,36,inf
RL,10,54,2,0,37,inf
RL,10,54,2,0,38,inf
RL,10,54,2,0,39,inf
RL,10,54,2,0,40,inf
RL,10,54,2,0,41,inf
RL,10,54,2,0,42,inf
RL,10,54,2,0,43,inf
RL,10,54,2,0,44,inf
RL,10,54,2,0,45,inf
RL,10,54,2,0,46,inf
RL,10,54,2,0,47,inf
RL,10,54,2,0,48,inf
RL,10,54,2,0,49,inf
RL,10,54,2,0,50,inf
RL,10,54,2,0,51,inf
RL,10,54,2,0,52,inf
RL,10,54,2,0,53,inf
RL,10,54,2,0,54,inf
RL,10,54,2,0,55,inf
RL,10,54,2,0,56,inf
RL,10,54,2,0,57,inf
RL,10,54,2,0,58,inf
RL,10,54,2,0,59,inf
RL,10,54,2,0,60,inf
RL,10,54,2,0,61,inf
RL,10,54,2,0,62,inf
RL,10,54,2,0,63,inf
RL,10,54,2,0,64,inf
RL,10,54,2,0,65,inf
RL,10,54,2,0,66,inf
RL,10,54,2,0,67,inf
RL,10,54,2,0,68,inf
RL,10,54,2,0,69,inf
RL,10,54,2,0,70,inf
RL,10,54,2,0,71,inf
RL,10,54,2,0,72,inf
RL,10,54,2,0,73,inf
RL,10,54,2,0,74,inf
RL,10,54,2,0,75,inf
RL,10,54,2,0,76,inf
RL,10,54,2,0,77,inf
RL,10,54,2,0,78,inf
RL,10,54,2,0,79,inf
RL,10,54,2,0,80,inf
RL,10,54,2,0,81,inf
RL,10,54,2,0,82,inf
RL,10,54,2,0,83,inf
RL,10,54,2,0,84,inf
RL,10,54,2,0,85,inf
RL,10,54,2,0,86,inf
RL,10,54,2,0,87,inf
RL,10,54,2,0,88,inf
RL,10,54,2,0,89,inf
RL,10,54,2,0,90,inf
RL,10,54,2,0,91,inf
RL,10,54,2,0,92,inf
RL,10,54,2,0,93,inf
RL,10,54,2,0,94,inf
RL,10,54,2,0,95,inf
RL,10,54,2,0,96,inf
RL,10,54,2,0,97,inf
RL,10,54,2,0,98,inf
RL,10,54,2,0,99,inf
RL,10,54,2,0,100,inf
Random,10,54,2,1,1,inf
Random,10,54,2,1,2,inf
Random,10,54,2,1,3,inf
Random,10,54,2,1,4,inf
Random,10,54,2,1,5,inf
Random,10,54,2,1,6,inf
Random,10,54,2,1,7,inf
Random,10,54,2,1,8,inf
Random,10,54,2,1,9,inf
Random,10,54,2,1,10,inf
Random,10,54,2,1,11,inf
Random,10,54,2,1,12,inf
Random,10,54,2,1,13,inf
Random,10,54,2,1,14,inf
Random,10,54,2,1,15,inf
Random,10,54,2,1,16,inf
Random,10,54,2,1,17,inf
Random,10,54,2,1,18,inf
Random,10,54,2,1,19,inf
Random,10,54,2,1,20,inf
Random,10,54,2,1,21,inf
Random,10,54,2,1,22,inf
Random,10,54,2,1,23,inf
Random,10,54,2,1,24,inf
Random,10,54,2,1,25,inf
Random,10,54,2,1,26,inf
Random,10,54,2,1,27,inf
Random,10,54,2,1,28,inf
Random,10,54,2,1,29,inf
Random,10,54,2,1,30,inf
Random,10,54,2,1,31,inf
Random,10,54,2,1,32,inf
Random,10,54,2,1,33,inf
Random,10,54,2,1,34,inf
Random,10,54,2,1,35,inf
Random,10,54,2,1,36,inf
Random,10,54,2,1,37,inf
Random,10,54,2,1,38,inf
Random,10,54,2,1,39,inf
Random,10,54,2,1,40,inf
Random,10,54,2,1,41,inf
Random,10,54,2,1,42,inf
Random,10,54,2,1,43,inf
Random,10,54,2,1,44,inf
Random,10,54,2,1,45,inf
Random,10,54,2,1,46,inf
Random,10,54,2,1,47,inf
Random,10,54,2,1,48,inf
Random,10,54,2,1,49,inf
Random,10,54,2,1,50,inf
Random,10,54,2,1,51,inf
Random,10,54,2,1,52,inf
Random,10,54,2,1,53,inf
Random,10,54,2,1,54,inf
Random,10,54,2,1,55,inf
Random,10,54,2,1,56,inf
Random,10,54,2,1,57,inf
Random,10,54,2,1,58,inf
Random,10,54,2,1,59,inf
Random,10,54,2,1,60,inf
Random,10,54,2,1,61,inf
Random,10,54,2,1,62,inf
Random,10,54,2,1,63,inf
Random,10,54,2,1,64,inf
Random,10,54,2,1,65,inf
Random,10,54,2,1,66,inf
Random,10,54,2,1,67,inf
Random,10,54,2,1,68,inf
Random,10,54,2,1,69,inf
Random,10,54,2,1,70,inf
Random,10,54,2,1,71,inf
Random,10,54,2,1,72,inf
Random,10,54,2,1,73,inf
Random,10,54,2,1,74,inf
Random,10,54,2,1,75,inf
Random,10,54,2,1,76,inf
Random,10,54,2,1,77,inf
Random,10,54,2,1,78,inf
Random,10,54,2,1,79,inf
Random,10,54,2,1,80,inf
Random,10,54,2,1,81,inf
Random,10,54,2,1,82,inf
Random,10,54,2,1,83,inf
Random,10,54,2,1,84,inf
Random,10,54,2,1,85,inf
Random,10,54,2,1,86,inf
Random,10,54,2,1,87,inf
Random,10,54,2,1,88,inf
Random,10,54,2,1,89,inf
Random,10,54,2,1,90,inf
Random,10,54,2,1,91,inf
Random,10,54,2,1,92,inf
Random,10,54,2,1,93,inf
Random,10,54,2,1,94,inf
Random,10,54,2,1,95,inf
Random,10,54,2,1,96,inf
Random,10,54,2,1,97,inf
Random,10,54,2,1,98,inf
Random,10,54,2,1,99,inf
Random,10,54,2,1,100,inf
qLogEI,10,54,2,1,1,inf
qLogEI,10,54,2,1,2,inf
qLogEI,10,54,2,1,3,inf
qLogEI,10,54,2,1,4,inf
qLogEI,10,54,2,1,5,inf
qLogEI,10,54,2,1,6,inf
qLogEI,10,54,2,1,7,inf
qLogEI,10,54,2,1,8,inf
qLogEI,10,54,2,1,9,inf
qLogEI,10,54,2,1,10,inf
qLogEI,10,54,2,1,11,inf
qLogEI,10,54,2,1,12,inf
qLogEI,10,54,2,1,13,inf
qLogEI,10,54,2,1,14,inf
qLogEI,10,54,2,1,15,inf
qLogEI,10,54,2,1,16,inf
qLogEI,10,54,2,1,17,inf
qLogEI,10,54,2,1,18,inf
qLogEI,10,54,2,1,19,inf
qLogEI,10,54,2,1,20,inf
qLogEI,10,54,2,1,21,inf
qLogEI,10,54,2,1,22,inf
qLogEI,10,54,2,1,23,inf
qLogEI,10,54,2,1,24,inf
qLogEI,10,54,2,1,25,inf
qLogEI,10,54,2,1,26,inf
qLogEI,10,54,2,1,27,inf
qLogEI,10,54,2,1,28,inf
qLogEI,10,54,2,1,29,inf
qLogEI,10,54,2,1,30,inf
qLogEI,10,54,2,1,31,inf
qLogEI,10,54,2,1,32,inf
qLogEI,10,54,2,1,33,inf
qLogEI,10,54,2,1,34,inf
qLogEI,10,54,2,1,35,inf
qLogEI,10,54,2,1,36,inf
qLogEI,10,54,2,1,37,inf
qLogEI,10,54,2,1,38,inf
qLogEI,10,54,2,1,39,inf
qLogEI,10,54,2,1,40,inf
qLogEI,10,54,2,1,41,inf
qLogEI,10,54,2,1,42,inf
qLogEI,10,54,2,1,43,inf
qLogEI,10,54,2,1,44,inf
qLogEI,10,54,2,1,45,inf
qLogEI,10,54,2,1,46,inf
qLogEI,10,54,2,1,47,inf
qLogEI,10,54,2,1,48,inf
qLogEI,10,54,2,1,49,inf
qLogEI,10,54,2,1,50,inf
qLogEI,10,54,2,1,51,inf
qLogEI,10,54,2,1,52,inf
qLogEI,10,54,2,1,53,inf
qLogEI,10,54,2,1,54,inf
qLogEI,10,54,2,1,55,inf
qLogEI,10,54,2,1,56,inf
qLogEI,10,54,2,1,57,inf
qLogEI,10,54,2,1,58,inf
qLogEI,10,54,2,1,59,inf
qLogEI,10,54,2,1,60,inf
qLogEI,10,54,2,1,61,inf
qLogEI,10,54,2,1,62,inf
qLogEI,10,54,2,1,63,inf
qLogEI,10,54,2,1,64,inf
qLogEI,10,54,2,1,65,inf
qLogEI,10,54,2,1,66,inf
qLogEI,10,54,2,1,67,inf
qLogEI,10,54,2,1,68,inf
qLogEI,10,54,2,1,69,inf
qLogEI,10,54,2,1,70,inf
qLogEI,10,54,2,1,71,inf
qLogEI,10,54,2,1,72,inf
qLogEI,10,54,2,1,73,inf
qLogEI,10,54,2,1,74,inf
qLogEI,10,54,2,1,75,inf
qLogEI,10,54,2,1,76,inf
qLogEI,10,54,2,1,77,inf
qLogEI,10,54,2,1,78,inf
qLogEI,10,54,2,1,79,inf
qLogEI,10,54,2,1,80,inf
qLogEI,10,54,2,1,81,inf
qLogEI,10,54,2,1,82,inf
qLogEI,10,54,2,1,83,inf
qLogEI,10,54,2,1,84,inf
qLogEI,10,54,2,1,85,inf
qLogEI,10,54,2,1,86,inf
qLogEI,10,54,2,1,87,inf
qLogEI,10,54,2,1,88,inf
qLogEI,10,54,2,1,89,inf
qLogEI,10,54,2,1,90,inf
qLogEI,10,54,2,1,91,inf
qLogEI,10,54,2,1,92,inf
qLogEI,10,54,2,1,93,inf
qLogEI,10,54,2,1,94,inf
qLogEI,10,54,2,1,95,inf
qLogEI,10,54,2,1,96,inf
qLogEI,10,54,2,1,97,inf
qLogEI,10,54,2,1,98,inf
qLogEI,10,54,2,1,99,inf
qLogEI,10,54,2,1,100,inf
RL,10,54,2,1,1,inf
RL,10,54,2,1,2,inf
RL,10,54,2,1,3,inf
RL,10,54,2,1,4,inf
RL,10,54,2,1,5,inf
RL,10,54,2,1,6,inf
RL,10,54,2,1,7,inf
RL,10,54,2,1,8,inf
RL,10,54,2,1,9,inf
RL,10,54,2,1,10,inf
RL,10,54,2,1,11,inf
RL,10,54,2,1,12,inf
RL,10,54,2,1,13,inf
RL,10,54,2,1,14,inf
RL,10,54,2,1,15,inf
RL,10,54,2,1,16,inf
RL,10,54,2,1,17,inf
RL,10,54,2,1,18,inf
RL,10,54,2,1,19,inf
RL,10,54,2,1,20,inf
RL,10,54,2,1,21,inf
RL,10,54,2,1,22,inf
RL,10,54,2,1,23,inf
RL,10,54,2,1,24,inf
RL,10,54,2,1,25,inf
RL,10,54,2,1,26,inf
RL,10,54,2,1,27,inf
RL,10,54,2,1,28,inf
RL,10,54,2,1,29,inf
RL,10,54,2,1,30,inf
RL,10,54,2,1,31,inf
RL,10,54,2,1,32,inf
RL,10,54,2,1,33,inf
RL,10,54,2,1,34,inf
RL,10,54,2,1,35,inf
RL,10,54,2,1,36,inf
RL,10,54,2,1,37,inf
RL,10,54,2,1,38,inf
RL,10,54,2,1,39,inf
RL,10,54,2,1,40,inf
RL,10,54,2,1,41,inf
RL,10,54,2,1,42,inf
RL,10,54,2,1,43,inf
RL,10,54,2,1,44,inf
RL,10,54,2,1,45,inf
RL,10,54,2,1,46,inf
RL,10,54,2,1,47,inf
RL,10,54,2,1,48,inf
RL,10,54,2,1,49,inf
RL,10,54,2,1,50,inf
RL,10,54,2,1,51,inf
RL,10,54,2,1,52,inf
RL,10,54,2,1,53,inf
RL,10,54,2,1,54,inf
RL,10,54,2,1,55,inf
RL,10,54,2,1,56,inf
RL,10,54,2,1,57,inf
RL,10,54,2,1,58,inf
RL,10,54,2,1,59,inf
RL,10,54,2,1,60,inf
RL,10,54,2,1,61,inf
RL,10,54,2,1,62,inf
RL,10,54,2,1,63,inf
RL,10,54,2,1,64,inf
RL,10,54,2,1,65,inf
RL,10,54,2,1,66,inf
RL,10,54,2,1,67,inf
RL,10,54,2,1,68,inf
RL,10,54,2,1,69,inf
RL,10,54,2,1,70,inf
RL,10,54,2,1,71,inf
RL,10,54,2,1,72,inf
RL,10,54,2,1,73,inf
RL,10,54,2,1,74,inf
RL,10,54,2,1,75,inf
RL,10,54,2,1,76,inf
RL,10,54,2,1,77,inf
RL,10,54,2,1,78,inf
RL,10,54,2,1,79,inf
RL,10,54,2,1,80,inf
RL,10,54,2,1,81,inf
RL,10,54,2,1,82,inf
RL,10,54,2,1,83,inf
RL,10,54,2,1,84,inf
RL,10,54,2,1,85,inf
RL,10,54,2,1,86,inf
RL,10,54,2,1,87,inf
RL,10,54,2,1,88,inf
RL,10,54,2,1,89,inf
RL,10,54,2,1,90,inf
RL,10,54,2,1,91,inf
RL,10,54,2,1,92,inf
RL,10,54,2,1,93,inf
RL,10,54,2,1,94,inf
RL,10,54,2,1,95,inf
RL,10,54,2,1,96,inf
RL,10,54,2,1,97,inf
RL,10,54,2,1,98,inf
RL,10,54,2,1,99,inf
RL,10,54,2,1,100,inf
Random,10,54,2,2,1,inf
Random,10,54,2,2,2,inf
Random,10,54,2,2,3,inf
Random,10,54,2,2,4,inf
Random,10,54,2,2,5,inf
Random,10,54,2,2,6,inf
Random,10,54,2,2,7,inf
Random,10,54,2,2,8,inf
Random,10,54,2,2,9,inf
Random,10,54,2,2,10,inf
Random,10,54,2,2,11,inf
Random,10,54,2,2,12,inf
Random,10,54,2,2,13,inf
Random,10,54,2,2,14,inf
Random,10,54,2,2,15,inf
Random,10,54,2,2,16,inf
Random,10,54,2,2,17,inf
Random,10,54,2,2,18,inf
Random,10,54,2,2,19,inf
Random,10,54,2,2,20,inf
Random,10,54,2,2,21,inf
Random,10,54,2,2,22,inf
Random,10,54,2,2,23,inf
Random,10,54,2,2,24,inf
Random,10,54,2,2,25,inf
Random,10,54,2,2,26,inf
Random,10,54,2,2,27,inf
Random,10,54,2,2,28,inf
Random,10,54,2,2,29,inf
Random,10,54,2,2,30,inf
Random,10,54,2,2,31,inf
Random,10,54,2,2,32,inf
Random,10,54,2,2,33,inf
Random,10,54,2,2,34,inf
Random,10,54,2,2,35,inf
Random,10,54,2,2,36,inf
Random,10,54,2,2,37,inf
Random,10,54,2,2,38,inf
Random,10,54,2,2,39,inf
Random,10,54,2,2,40,inf
Random,10,54,2,2,41,inf
Random,10,54,2,2,42,inf
Random,10,54,2,2,43,inf
Random,10,54,2,2,44,inf
Random,10,54,2,2,45,inf
Random,10,54,2,2,46,inf
Random,10,54,2,2,47,inf
Random,10,54,2,2,48,inf
Random,10,54,2,2,49,inf
Random,10,54,2,2,50,inf
Random,10,54,2,2,51,inf
Random,10,54,2,2,52,inf
Random,10,54,2,2,53,inf
Random,10,54,2,2,54,inf
Random,10,54,2,2,55,inf
Random,10,54,2,2,56,inf
Random,10,54,2,2,57,inf
Random,10,54,2,2,58,inf
Random,10,54,2,2,59,inf
Random,10,54,2,2,60,inf
Random,10,54,2,2,61,inf
Random,10,54,2,2,62,inf
Random,10,54,2,2,63,inf
Random,10,54,2,2,64,inf
Random,10,54,2,2,65,inf
Random,10,54,2,2,66,inf
Random,10,54,2,2,67,inf
Random,10,54,2,2,68,inf
Random,10,54,2,2,69,inf
Random,10,54,2,2,70,inf
Random,10,54,2,2,71,inf
Random,10,54,2,2,72,inf
Random,10,54,2,2,73,inf
Random,10,54,2,2,74,inf
Random,10,54,2,2,75,inf
Random,10,54,2,2,76,inf
Random,10,54,2,2,77,inf
Random,10,54,2,2,78,inf
Random,10,54,2,2,79,inf
Random,10,54,2,2,80,inf
Random,10,54,2,2,81,inf
Random,10,54,2,2,82,inf
Random,10,54,2,2,83,inf
Random,10,54,2,2,84,inf
Random,10,54,2,2,85,inf
Random,10,54,2,2,86,inf
Random,10,54,2,2,87,inf
Random,10,54,2,2,88,inf
Random,10,54,2,2,89,inf
Random,10,54,2,2,90,inf
Random,10,54,2,2,91,inf
Random,10,54,2,2,92,inf
Random,10,54,2,2,93,inf
Random,10,54,2,2,94,inf
Random,10,54,2,2,95,inf
Random,10,54,2,2,96,inf
Random,10,54,2,2,97,inf
Random,10,54,2,2,98,inf
Random,10,54,2,2,99,inf
Random,10,54,2,2,100,inf
qLogEI,10,54,2,2,1,inf
qLogEI,10,54,2,2,2,inf
qLogEI,10,54,2,2,3,inf
qLogEI,10,54,2,2,4,inf
qLogEI,10,54,2,2,5,inf
qLogEI,10,54,2,2,6,inf
qLogEI,10,54,2,2,7,inf
qLogEI,10,54,2,2,8,inf
qLogEI,10,54,2,2,9,inf
qLogEI,10,54,2,2,10,inf
qLogEI,10,54,2,2,11,inf
qLogEI,10,54,2,2,12,inf
qLogEI,10,54,2,2,13,inf
qLogEI,10,54,2,2,14,inf
qLogEI,10,54,2,2,15,inf
qLogEI,10,54,2,2,16,inf
qLogEI,10,54,2,2,17,inf
qLogEI,10,54,2,2,18,inf
qLogEI,10,54,2,2,19,inf
qLogEI,10,54,2,2,20,inf
qLogEI,10,54,2,2,21,inf
qLogEI,10,54,2,2,22,inf
qLogEI,10,54,2,2,23,inf
qLogEI,10,54,2,2,24,inf
qLogEI,10,54,2,2,25,inf
qLogEI,10,54,2,2,26,inf
qLogEI,10,54,2,2,27,inf
qLogEI,10,54,2,2,28,inf
qLogEI,10,54,2,2,29,inf
qLogEI,10,54,2,2,30,inf
qLogEI,10,54,2,2,31,inf
qLogEI,10,54,2,2,32,inf
qLogEI,10,54,2,2,33,inf
qLogEI,10,54,2,2,34,inf
qLogEI,10,54,2,2,35,inf
qLogEI,10,54,2,2,36,inf
qLogEI,10,54,2,2,37,inf
qLogEI,10,54,2,2,38,inf
qLogEI,10,54,2,2,39,inf
qLogEI,10,54,2,2,40,inf
qLogEI,10,54,2,2,41,inf
qLogEI,10,54,2,2,42,inf
qLogEI,10,54,2,2,43,inf
qLogEI,10,54,2,2,44,inf
qLogEI,10,54,2,2,45,inf
qLogEI,10,54,2,2,46,inf
qLogEI,10,54,2,2,47,inf
qLogEI,10,54,2,2,48,inf
qLogEI,10,54,2,2,49,inf
qLogEI,10,54,2,2,50,inf
qLogEI,10,54,2,2,51,inf
qLogEI,10,54,2,2,52,inf
qLogEI,10,54,2,2,53,inf
qLogEI,10,54,2,2,54,inf
qLogEI,10,54,2,2,55,inf
qLogEI,10,54,2,2,56,inf
qLogEI,10,54,2,2,57,inf
qLogEI,10,54,2,2,58,inf
qLogEI,10,54,2,2,59,inf
qLogEI,10,54,2,2,60,inf
qLogEI,10,54,2,2,61,inf
qLogEI,10,54,2,2,62,inf
qLogEI,10,54,2,2,63,inf
qLogEI,10,54,2,2,64,inf
qLogEI,10,54,2,2,65,inf
qLogEI,10,54,2,2,66,inf
qLogEI,10,54,2,2,67,inf
qLogEI,10,54,2,2,68,inf
qLogEI,10,54,2,2,69,inf
qLogEI,10,54,2,2,70,inf
qLogEI,10,54,2,2,71,inf
qLogEI,10,54,2,2,72,inf
qLogEI,10,54,2,2,73,inf
qLogEI,10,54,2,2,74,inf
qLogEI,10,54,2,2,75,inf
qLogEI,10,54,2,2,76,inf
qLogEI,10,54,2,2,77,inf
qLogEI,10,54,2,2,78,inf
qLogEI,10,54,2,2,79,inf
qLogEI,10,54,2,2,80,inf
qLogEI,10,54,2,2,81,inf
qLogEI,10,54,2,2,82,inf
qLogEI,10,54,2,2,83,inf
qLogEI,10,54,2,2,84,inf
qLogEI,10,54,2,2,85,inf
qLogEI,10,54,2,2,86,inf
qLogEI,10,54,2,2,87,inf
qLogEI,10,54,2,2,88,inf
qLogEI,10,54,2,2,89,inf
qLogEI,10,54,2,2,90,inf
qLogEI,10,54,2,2,91,inf
qLogEI,10,54,2,2,92,inf
qLogEI,10,54,2,2,93,inf
qLogEI,10,54,2,2,94,inf
qLogEI,10,54,2,2,95,inf
qLogEI,10,54,2,2,96,inf
qLogEI,10,54,2,2,97,inf
qLogEI,10,54,2,2,98,inf
qLogEI,10,54,2,2,99,inf
qLogEI,10,54,2,2,100,inf
RL,10,54,2,2,1,inf
RL,10,54,2,2,2,inf
RL,10,54,2,2,3,inf
RL,10,54,2,2,4,inf
RL,10,54,2,2,5,inf
RL,10,54,2,2,6,inf
RL,10,54,2,2,7,inf
RL,10,54,2,2,8,inf
RL,10,54,2,2,9,inf
RL,10,54,2,2,10,inf
RL,10,54,2,2,11,inf
RL,10,54,2,2,12,inf
RL,10,54,2,2,13,inf
RL,10,54,2,2,14,inf
RL,10,54,2,2,15,inf
RL,10,54,2,2,16,inf
RL,10,54,2,2,17,inf
RL,10,54,2,2,18,inf
RL,10,54,2,2,19,inf
RL,10,54,2,2,20,inf
RL,10,54,2,2,21,inf
RL,10,54,2,2,22,inf
RL,10,54,2,2,23,inf
RL,10,54,2,2,24,inf
RL,10,54,2,2,25,inf
RL,10,54,2,2,26,inf
RL,10,54,2,2,27,inf
RL,10,54,2,2,28,inf
RL,10,54,2,2,29,inf
RL,10,54,2,2,30,inf
RL,10,54,2,2,31,inf
RL,10,54,2,2,32,inf
RL,10,54,2,2,33,inf
RL,10,54,2,2,34,inf
RL,10,54,2,2,35,inf
RL,10,54,2,2,36,inf
RL,10,54,2,2,37,inf
RL,10,54,2,2,38,inf
RL,10,54,2,2,39,inf
RL,10,54,2,2,40,inf
RL,10,54,2,2,41,inf
RL,10,54,2,2,42,inf
RL,10,54,2,2,43,inf
RL,10,54,2,2,44,inf
RL,10,54,2,2,45,inf
RL,10,54,2,2,46,inf
RL,10,54,2,2,47,inf
RL,10,54,2,2,48,inf
RL,10,54,2,2,49,inf
RL,10,54,2,2,50,inf
RL,10,54,2,2,51,inf
RL,10,54,2,2,52,inf
RL,10,54,2,2,53,inf
RL,10,54,2,2,54,inf
RL,10,54,2,2,55,inf
RL,10,54,2,2,56,inf
RL,10,54,2,2,57,inf
RL,10,54,2,2,58,inf
RL,10,54,2,2,59,inf
RL,10,54,2,2,60,inf
RL,10,54,2,2,61,inf
RL,10,54,2,2,62,inf
RL,10,54,2,2,63,inf
RL,10,54,2,2,64,inf
RL,10,54,2,2,65,inf
RL,10,54,2,2,66,inf
RL,10,54,2,2,67,inf
RL,10,54,2,2,68,inf
RL,10,54,2,2,69,inf
RL,10,54,2,2,70,inf
RL,10,54,2,2,71,inf
RL,10,54,2,2,72,inf
RL,10,54,2,2,73,inf
RL,10,54,2,2,74,inf
RL,10,54,2,2,75,inf
RL,10,54,2,2,76,inf
RL,10,54,2,2,77,inf
RL,10,54,2,2,78,inf
RL,10,54,2,2,79,inf
RL,10,54,2,2,80,inf
RL,10,54,2,2,81,inf
RL,10,54,2,2,82,inf
RL,10,54,2,2,83,inf
RL,10,54,2,2,84,inf
RL,10,54,2,2,85,inf
RL,10,54,2,2,86,inf
RL,10,54,2,2,87,inf
RL,10,54,2,2,88,inf
RL,10,54,2,2,89,inf
RL,10,54,2,2,90,inf
RL,10,54,2,2,91,inf
RL,10,54,2,2,92,inf
RL,10,54,2,2,93,inf
RL,10,54,2,2,94,inf
RL,10,54,2,2,95,inf
RL,10,54,2,2,96,inf
RL,10,54,2,2,97,inf
RL,10,54,2,2,98,inf
RL,10,54,2,2,99,inf
RL,10,54,2,2,100,inf
Random,10,54,2,3,1,inf
Random,10,54,2,3,2,inf
Random,10,54,2,3,3,inf
Random,10,54,2,3,4,inf
Random,10,54,2,3,5,inf
Random,10,54,2,3,6,inf
Random,10,54,2,3,7,inf
Random,10,54,2,3,8,inf
Random,10,54,2,3,9,inf
Random,10,54,2,3,10,inf
Random,10,54,2,3,11,inf
Random,10,54,2,3,12,inf
Random,10,54,2,3,13,inf
Random,10,54,2,3,14,inf
Random,10,54,2,3,15,inf
Random,10,54,2,3,16,inf
Random,10,54,2,3,17,inf
Random,10,54,2,3,18,inf
Random,10,54,2,3,19,inf
Random,10,54,2,3,20,inf
Random,10,54,2,3,21,inf
Random,10,54,2,3,22,inf
Random,10,54,2,3,23,inf
Random,10,54,2,3,24,inf
Random,10,54,2,3,25,inf
Random,10,54,2,3,26,inf
Random,10,54,2,3,27,inf
Random,10,54,2,3,28,inf
Random,10,54,2,3,29,inf
Random,10,54,2,3,30,inf
Random,10,54,2,3,31,inf
Random,10,54,2,3,32,inf
Random,10,54,2,3,33,inf
Random,10,54,2,3,34,inf
Random,10,54,2,3,35,inf
Random,10,54,2,3,36,inf
Random,10,54,2,3,37,inf
Random,10,54,2,3,38,inf
Random,10,54,2,3,39,inf
Random,10,54,2,3,40,inf
Random,10,54,2,3,41,inf
Random,10,54,2,3,42,inf
Random,10,54,2,3,43,inf
Random,10,54,2,3,44,inf
Random,10,54,2,3,45,inf
Random,10,54,2,3,46,inf
Random,10,54,2,3,47,inf
Random,10,54,2,3,48,inf
Random,10,54,2,3,49,inf
Random,10,54,2,3,50,inf
Random,10,54,2,3,51,inf
Random,10,54,2,3,52,inf
Random,10,54,2,3,53,inf
Random,10,54,2,3,54,inf
Random,10,54,2,3,55,inf
Random,10,54,2,3,56,inf
Random,10,54,2,3,57,inf
Random,10,54,2,3,58,inf
Random,10,54,2,3,59,inf
Random,10,54,2,3,60,inf
Random,10,54,2,3,61,inf
Random,10,54,2,3,62,inf
Random,10,54,2,3,63,inf
Random,10,54,2,3,64,inf
Random,10,54,2,3,65,inf
Random,10,54,2,3,66,inf
Random,10,54,2,3,67,inf
Random,10,54,2,3,68,inf
Random,10,54,2,3,69,inf
Random,10,54,2,3,70,inf
Random,10,54,2,3,71,inf
Random,10,54,2,3,72,inf
Random,10,54,2,3,73,inf
Random,10,54,2,3,74,inf
Random,10,54,2,3,75,inf
Random,10,54,2,3,76,inf
Random,10,54,2,3,77,inf
Random,10,54,2,3,78,inf
Random,10,54,2,3,79,inf
Random,10,54,2,3,80,inf
Random,10,54,2,3,81,inf
Random,10,54,2,3,82,inf
Random,10,54,2,3,83,inf
Random,10,54,2,3,84,inf
Random,10,54,2,3,85,inf
Random,10,54,2,3,86,inf
Random,10,54,2,3,87,inf
Random,10,54,2,3,88,inf
Random,10,54,2,3,89,inf
Random,10,54,2,3,90,inf
Random,10,54,2,3,91,inf
Random,10,54,2,3,92,inf
Random,10,54,2,3,93,inf
Random,10,54,2,3,94,inf
Random,10,54,2,3,95,inf
Random,10,54,2,3,96,inf
Random,10,54,2,3,97,inf
Random,10,54,2,3,98,inf
Random,10,54,2,3,99,inf
Random,10,54,2,3,100,inf
qLogEI,10,54,2,3,1,inf
qLogEI,10,54,2,3,2,inf
qLogEI,10,54,2,3,3,inf
qLogEI,10,54,2,3,4,inf
qLogEI,10,54,2,3,5,inf
qLogEI,10,54,2,3,6,inf
qLogEI,10,54,2,3,7,inf
qLogEI,10,54,2,3,8,inf
qLogEI,10,54,2,3,9,inf
qLogEI,10,54,2,3,10,inf
qLogEI,10,54,2,3,11,inf
qLogEI,10,54,2,3,12,inf
qLogEI,10,54,2,3,13,inf
qLogEI,10,54,2,3,14,inf
qLogEI,10,54,2,3,15,inf
qLogEI,10,54,2,3,16,inf
qLogEI,10,54,2,3,17,inf
qLogEI,10,54,2,3,18,inf
qLogEI,10,54,2,3,19,inf
qLogEI,10,54,2,3,20,inf
qLogEI,10,54,2,3,21,inf
qLogEI,10,54,2,3,22,inf
qLogEI,10,54,2,3,23,inf
qLogEI,10,54,2,3,24,inf
qLogEI,10,54,2,3,25,inf
qLogEI,10,54,2,3,26,inf
qLogEI,10,54,2,3,27,inf
qLogEI,10,54,2,3,28,inf
qLogEI,10,54,2,3,29,inf
qLogEI,10,54,2,3,30,inf
qLogEI,10,54,2,3,31,inf
qLogEI,10,54,2,3,32,inf
qLogEI,10,54,2,3,33,inf
qLogEI,10,54,2,3,34,inf
qLogEI,10,54,2,3,35,inf
qLogEI,10,54,2,3,36,inf
qLogEI,10,54,2,3,37,inf
qLogEI,10,54,2,3,38,inf
qLogEI,10,54,2,3,39,inf
qLogEI,10,54,2,3,40,inf
qLogEI,10,54,2,3,41,inf
qLogEI,10,54,2,3,42,inf
qLogEI,10,54,2,3,43,inf
qLogEI,10,54,2,3,44,inf
qLogEI,10,54,2,3,45,inf
qLogEI,10,54,2,3,46,inf
qLogEI,10,54,2,3,47,inf
qLogEI,10,54,2,3,48,inf
qLogEI,10,54,2,3,49,inf
qLogEI,10,54,2,3,50,inf
qLogEI,10,54,2,3,51,inf
qLogEI,10,54,2,3,52,inf
qLogEI,10,54,2,3,53,inf
qLogEI,10,54,2,3,54,inf
qLogEI,10,54,2,3,55,inf
qLogEI,10,54,2,3,56,inf
qLogEI,10,54,2,3,57,inf
qLogEI,10,54,2,3,58,inf
qLogEI,10,54,2,3,59,inf
qLogEI,10,54,2,3,60,inf
qLogEI,10,54,2,3,61,inf
qLogEI,10,54,2,3,62,inf
qLogEI,10,54,2,3,63,inf
qLogEI,10,54,2,3,64,inf
qLogEI,10,54,2,3,65,inf
qLogEI,10,54,2,3,66,inf
qLogEI,10,54,2,3,67,inf
qLogEI,10,54,2,3,68,inf
qLogEI,10,54,2,3,69,inf
qLogEI,10,54,2,3,70,inf
qLogEI,10,54,2,3,71,inf
qLogEI,10,54,2,3,72,inf
qLogEI,10,54,2,3,73,inf
qLogEI,10,54,2,3,74,inf
qLogEI,10,54,2,3,75,inf
qLogEI,10,54,2,3,76,inf
qLogEI,10,54,2,3,77,inf
qLogEI,10,54,2,3,78,inf
qLogEI,10,54,2,3,79,inf
qLogEI,10,54,2,3,80,inf
qLogEI,10,54,2,3,81,inf
qLogEI,10,54,2,3,82,inf
qLogEI,10,54,2,3,83,inf
qLogEI,10,54,2,3,84,inf
qLogEI,10,54,2,3,85,inf
qLogEI,10,54,2,3,86,inf
qLogEI,10,54,2,3,87,inf
qLogEI,10,54,2,3,88,inf
qLogEI,10,54,2,3,89,inf
qLogEI,10,54,2,3,90,inf
qLogEI,10,54,2,3,91,inf
qLogEI,10,54,2,3,92,inf
qLogEI,10,54,2,3,93,inf
qLogEI,10,54,2,3,94,inf
qLogEI,10,54,2,3,95,inf
qLogEI,10,54,2,3,96,inf
qLogEI,10,54,2,3,97,inf
qLogEI,10,54,2,3,98,inf
qLogEI,10,54,2,3,99,inf
qLogEI,10,54,2,3,100,inf
RL,10,54,2,3,1,inf
RL,10,54,2,3,2,inf
RL,10,54,2,3,3,inf
RL,10,54,2,3,4,inf
RL,10,54,2,3,5,inf
RL,10,54,2,3,6,inf
RL,10,54,2,3,7,inf
RL,10,54,2,3,8,inf
RL,10,54,2,3,9,inf
RL,10,54,2,3,10,inf
RL,10,54,2,3,11,inf
RL,10,54,2,3,12,inf
RL,10,54,2,3,13,inf
RL,10,54,2,3,14,inf
RL,10,54,2,3,15,inf
RL,10,54,2,3,16,inf
RL,10,54,2,3,17,inf
RL,10,54,2,3,18,inf
RL,10,54,2,3,19,inf
RL,10,54,2,3,20,inf
RL,10,54,2,3,21,inf
RL,10,54,2,3,22,inf
RL,10,54,2,3,23,inf
RL,10,54,2,3,24,inf
RL,10,54,2,3,25,inf
RL,10,54,2,3,26,inf
RL,10,54,2,3,27,inf
RL,10,54,2,3,28,inf
RL,10,54,2,3,29,inf
RL,10,54,2,3,30,inf
RL,10,54,2,3,31,inf
RL,10,54,2,3,32,inf
RL,10,54,2,3,33,inf
RL,10,54,2,3,34,inf
RL,10,54,2,3,35,inf
RL,10,54,2,3,36,inf
RL,10,54,2,3,37,inf
RL,10,54,2,3,38,inf
RL,10,54,2,3,39,inf
RL,10,54,2,3,40,inf
RL,10,54,2,3,41,inf
RL,10,54,2,3,42,inf
RL,10,54,2,3,43,inf
RL,10,54,2,3,44,inf
RL,10,54,2,3,45,inf
RL,10,54,2,3,46,inf
RL,10,54,2,3,47,inf
RL,10,54,2,3,48,inf
RL,10,54,2,3,49,inf
RL,10,54,2,3,50,inf
RL,10,54,2,3,51,inf
RL,10,54,2,3,52,inf
RL,10,54,2,3,53,inf
RL,10,54,2,3,54,inf
RL,10,54,2,3,55,inf
RL,10,54,2,3,56,inf
RL,10,54,2,3,57,inf
RL,10,54,2,3,58,inf
RL,10,54,2,3,59,inf
RL,10,54,2,3,60,inf
RL,10,54,2,3,61,inf
RL,10,54,2,3,62,inf
RL,10,54,2,3,63,inf
RL,10,54,2,3,64,inf
RL,10,54,2,3,65,inf
RL,10,54,2,3,66,inf
RL,10,54,2,3,67,inf
RL,10,54,2,3,68,inf
RL,10,54,2,3,69,inf
RL,10,54,2,3,70,inf
RL,10,54,2,3,71,inf
RL,10,54,2,3,72,inf
RL,10,54,2,3,73,inf
RL,10,54,2,3,74,inf
RL,10,54,2,3,75,inf
RL,10,54,2,3,76,inf
RL,10,54,2,3,77,inf
RL,10,54,2,3,78,inf
RL,10,54,2,3,79,inf
RL,10,54,2,3,80,inf
RL,10,54,2,3,81,inf
RL,10,54,2,3,82,inf
RL,10,54,2,3,83,inf
RL,10,54,2,3,84,inf
RL,10,54,2,3,85,inf
RL,10,54,2,3,86,inf
RL,10,54,2,3,87,inf
RL,10,54,2,3,88,inf
RL,10,54,2,3,89,inf
RL,10,54,2,3,90,inf
RL,10,54,2,3,91,inf
RL,10,54,2,3,92,inf
RL,10,54,2,3,93,inf
RL,10,54,2,3,94,inf
RL,10,54,2,3,95,inf
RL,10,54,2,3,96,inf
RL,10,54,2,3,97,inf
RL,10,54,2,3,98,inf
RL,10,54,2,3,99,inf
RL,10,54,2,3,100,inf
Random,10,54,2,4,1,inf
Random,10,54,2,4,2,inf
Random,10,54,2,4,3,inf
Random,10,54,2,4,4,inf
Random,10,54,2,4,5,inf
Random,10,54,2,4,6,inf
Random,10,54,2,4,7,inf
Random,10,54,2,4,8,inf
Random,10,54,2,4,9,inf
Random,10,54,2,4,10,inf
Random,10,54,2,4,11,inf
Random,10,54,2,4,12,inf
Random,10,54,2,4,13,inf
Random,10,54,2,4,14,inf
Random,10,54,2,4,15,inf
Random,10,54,2,4,16,inf
Random,10,54,2,4,17,inf
Random,10,54,2,4,18,inf
Random,10,54,2,4,19,inf
Random,10,54,2,4,20,inf
Random,10,54,2,4,21,inf
Random,10,54,2,4,22,inf
Random,10,54,2,4,23,inf
Random,10,54,2,4,24,inf
Random,10,54,2,4,25,inf
Random,10,54,2,4,26,inf
Random,10,54,2,4,27,inf
Random,10,54,2,4,28,inf
Random,10,54,2,4,29,inf
Random,10,54,2,4,30,inf
Random,10,54,2,4,31,inf
Random,10,54,2,4,32,inf
Random,10,54,2,4,33,inf
Random,10,54,2,4,34,inf
Random,10,54,2,4,35,inf
Random,10,54,2,4,36,inf
Random,10,54,2,4,37,inf
Random,10,54,2,4,38,inf
Random,10,54,2,4,39,inf
Random,10,54,2,4,40,inf
Random,10,54,2,4,41,inf
Random,10,54,2,4,42,inf
Random,10,54,2,4,43,inf
Random,10,54,2,4,44,inf
Random,10,54,2,4,45,inf
Random,10,54,2,4,46,inf
Random,10,54,2,4,47,inf
Random,10,54,2,4,48,inf
Random,10,54,2,4,49,inf
Random,10,54,2,4,50,inf
Random,10,54,2,4,51,inf
Random,10,54,2,4,52,inf
Random,10,54,2,4,53,inf
Random,10,54,2,4,54,inf
Random,10,54,2,4,55,inf
Random,10,54,2,4,56,inf
Random,10,54,2,4,57,inf
Random,10,54,2,4,58,inf
Random,10,54,2,4,59,inf
Random,10,54,2,4,60,inf
Random,10,54,2,4,61,inf
Random,10,54,2,4,62,inf
Random,10,54,2,4,63,inf
Random,10,54,2,4,64,inf
Random,10,54,2,4,65,inf
Random,10,54,2,4,66,inf
Random,10,54,2,4,67,inf
Random,10,54,2,4,68,inf
Random,10,54,2,4,69,inf
Random,10,54,2,4,70,inf
Random,10,54,2,4,71,inf
Random,10,54,2,4,72,inf
Random,10,54,2,4,73,inf
Random,10,54,2,4,74,inf
Random,10,54,2,4,75,inf
Random,10,54,2,4,76,inf
Random,10,54,2,4,77,inf
Random,10,54,2,4,78,inf
Random,10,54,2,4,79,inf
Random,10,54,2,4,80,inf
Random,10,54,2,4,81,inf
Random,10,54,2,4,82,inf
Random,10,54,2,4,83,inf
Random,10,54,2,4,84,inf
Random,10,54,2,4,85,inf
Random,10,54,2,4,86,inf
Random,10,54,2,4,87,inf
Random,10,54,2,4,88,inf
Random,10,54,2,4,89,inf
Random,10,54,2,4,90,inf
Random,10,54,2,4,91,inf
Random,10,54,2,4,92,inf
Random,10,54,2,4,93,inf
Random,10,54,2,4,94,inf
Random,10,54,2,4,95,inf
Random,10,54,2,4,96,inf
Random,10,54,2,4,97,inf
Random,10,54,2,4,98,inf
Random,10,54,2,4,99,inf
Random,10,54,2,4,100,inf
qLogEI,10,54,2,4,1,inf
qLogEI,10,54,2,4,2,inf
qLogEI,10,54,2,4,3,inf
qLogEI,10,54,2,4,4,inf
qLogEI,10,54,2,4,5,inf
qLogEI,10,54,2,4,6,inf
qLogEI,10,54,2,4,7,inf
qLogEI,10,54,2,4,8,inf
qLogEI,10,54,2,4,9,inf
qLogEI,10,54,2,4,10,inf
qLogEI,10,54,2,4,11,inf
qLogEI,10,54,2,4,12,inf
qLogEI,10,54,2,4,13,inf
qLogEI,10,54,2,4,14,inf
qLogEI,10,54,2,4,15,inf
qLogEI,10,54,2,4,16,inf
qLogEI,10,54,2,4,17,inf
qLogEI,10,54,2,4,18,inf
qLogEI,10,54,2,4,19,inf
qLogEI,10,54,2,4,20,inf
qLogEI,10,54,2,4,21,inf
qLogEI,10,54,2,4,22,inf
qLogEI,10,54,2,4,23,inf
qLogEI,10,54,2,4,24,inf
qLogEI,10,54,2,4,25,inf
qLogEI,10,54,2,4,26,inf
qLogEI,10,54,2,4,27,inf
qLogEI,10,54,2,4,28,inf
qLogEI,10,54,2,4,29,inf
qLogEI,10,54,2,4,30,inf
qLogEI,10,54,2,4,31,inf
qLogEI,10,54,2,4,32,inf
qLogEI,10,54,2,4,33,inf
qLogEI,10,54,2,4,34,inf
qLogEI,10,54,2,4,35,inf
qLogEI,10,54,2,4,36,inf
qLogEI,10,54,2,4,37,inf
qLogEI,10,54,2,4,38,inf
qLogEI,10,54,2,4,39,inf
qLogEI,10,54,2,4,40,inf
qLogEI,10,54,2,4,41,inf
qLogEI,10,54,2,4,42,inf
qLogEI,10,54,2,4,43,inf
qLogEI,10,54,2,4,44,inf
qLogEI,10,54,2,4,45,inf
qLogEI,10,54,2,4,46,inf
qLogEI,10,54,2,4,47,inf
qLogEI,10,54,2,4,48,inf
qLogEI,10,54,2,4,49,inf
qLogEI,10,54,2,4,50,inf
qLogEI,10,54,2,4,51,inf
qLogEI,10,54,2,4,52,inf
qLogEI,10,54,2,4,53,inf
qLogEI,10,54,2,4,54,inf
qLogEI,10,54,2,4,55,inf
qLogEI,10,54,2,4,56,inf
qLogEI,10,54,2,4,57,inf
qLogEI,10,54,2,4,58,inf
qLogEI,10,54,2,4,59,inf
qLogEI,10,54,2,4,60,inf
qLogEI,10,54,2,4,61,inf
qLogEI,10,54,2,4,62,inf
qLogEI,10,54,2,4,63,inf
qLogEI,10,54,2,4,64,inf
qLogEI,10,54,2,4,65,inf
qLogEI,10,54,2,4,66,inf
qLogEI,10,54,2,4,67,inf
qLogEI,10,54,2,4,68,inf
qLogEI,10,54,2,4,69,inf
qLogEI,10,54,2,4,70,inf
qLogEI,10,54,2,4,71,inf
qLogEI,10,54,2,4,72,inf
qLogEI,10,54,2,4,73,inf
qLogEI,10,54,2,4,74,inf
qLogEI,10,54,2,4,75,inf
qLogEI,10,54,2,4,76,inf
qLogEI,10,54,2,4,77,inf
qLogEI,10,54,2,4,78,inf
qLogEI,10,54,2,4,79,inf
qLogEI,10,54,2,4,80,inf
qLogEI,10,54,2,4,81,inf
qLogEI,10,54,2,4,82,inf
qLogEI,10,54,2,4,83,inf
qLogEI,10,54,2,4,84,inf
qLogEI,10,54,2,4,85,inf
qLogEI,10,54,2,4,86,inf
qLogEI,10,54,2,4,87,inf
qLogEI,10,54,2,4,88,inf
qLogEI,10,54,2,4,89,inf
qLogEI,10,54,2,4,90,inf
qLogEI,10,54,2,4,91,inf
qLogEI,10,54,2,4,92,inf
qLogEI,10,54,2,4,93,inf
qLogEI,10,54,2,4,94,inf
qLogEI,10,54,2,4,95,inf
qLogEI,10,54,2,4,96,inf
qLogEI,10,54,2,4,97,inf
qLogEI,10,54,2,4,98,inf
qLogEI,10,54,2,4,99,inf
qLogEI,10,54,2,4,100,inf
RL,10,54,2,4,1,inf
RL,10,54,2,4,2,inf
RL,10,54,2,4,3,inf
RL,10,54,2,4,4,inf
RL,10,54,2,4,5,inf
RL,10,54,2,4,6,inf
RL,10,54,2,4,7,inf
RL,10,54,2,4,8,inf
RL,10,54,2,4,9,inf
RL,10,54,2,4,10,inf
RL,10,54,2,4,11,inf
RL,10,54,2,4,12,inf
RL,10,54,2,4,13,inf
RL,10,54,2,4,14,inf
RL,10,54,2,4,15,inf
RL,10,54,2,4,16,inf
RL,10,54,2,4,17,inf
RL,10,54,2,4,18,inf
RL,10,54,2,4,19,inf
RL,10,54,2,4,20,inf
RL,10,54,2,4,21,inf
RL,10,54,2,4,22,inf
RL,10,54,2,4,23,inf
RL,10,54,2,4,24,inf
RL,10,54,2,4,25,inf
RL,10,54,2,4,26,inf
RL,10,54,2,4,27,inf
RL,10,54,2,4,28,inf
RL,10,54,2,4,29,inf
RL,10,54,2,4,30,inf
RL,10,54,2,4,31,inf
RL,10,54,2,4,32,inf
RL,10,54,2,4,33,inf
RL,10,54,2,4,34,inf
RL,10,54,2,4,35,inf
RL,10,54,2,4,36,inf
RL,10,54,2,4,37,inf
RL,10,54,2,4,38,inf
RL,10,54,2,4,39,inf
RL,10,54,2,4,40,inf
RL,10,54,2,4,41,inf
RL,10,54,2,4,42,inf
RL,10,54,2,4,43,inf
RL,10,54,2,4,44,inf
RL,10,54,2,4,45,inf
RL,10,54,2,4,46,inf
RL,10,54,2,4,47,inf
RL,10,54,2,4,48,inf
RL,10,54,2,4,49,inf
RL,10,54,2,4,50,inf
RL,10,54,2,4,51,inf
RL,10,54,2,4,52,inf
RL,10,54,2,4,53,inf
RL,10,54,2,4,54,inf
RL,10,54,2,4,55,inf
RL,10,54,2,4,56,inf
RL,10,54,2,4,57,inf
RL,10,54,2,4,58,inf
RL,10,54,2,4,59,inf
RL,10,54,2,4,60,inf
RL,10,54,2,4,61,inf
RL,10,54,2,4,62,inf
RL,10,54,2,4,63,inf
RL,10,54,2,4,64,inf
RL,10,54,2,4,65,inf
RL,10,54,2,4,66,inf
RL,10,54,2,4,67,inf
RL,10,54,2,4,68,inf
RL,10,54,2,4,69,inf
RL,10,54,2,4,70,inf
RL,10,54,2,4,71,inf
RL,10,54,2,4,72,inf
RL,10,54,2,4,73,inf
RL,10,54,2,4,74,inf
RL,10,54,2,4,75,inf
RL,10,54,2,4,76,inf
RL,10,54,2,4,77,inf
RL,10,54,2,4,78,inf
RL,10,54,2,4,79,inf
RL,10,54,2,4,80,inf
RL,10,54,2,4,81,inf
RL,10,54,2,4,82,inf
RL,10,54,2,4,83,inf
RL,10,54,2,4,84,inf
RL,10,54,2,4,85,inf
RL,10,54,2,4,86,inf
RL,10,54,2,4,87,inf
RL,10,54,2,4,88,inf
RL,10,54,2,4,89,inf
RL,10,54,2,4,90,inf
RL,10,54,2,4,91,inf
RL,10,54,2,4,92,inf
RL,10,54,2,4,93,inf
RL,10,54,2,4,94,inf
RL,10,54,2,4,95,inf
RL,10,54,2,4,96,inf
RL,10,54,2,4,97,inf
RL,10,54,2,4,98,inf
RL,10,54,2,4,99,inf
RL,10,54,2,4,100,inf
Random,10,54,3,0,1,inf
Random,10,54,3,0,2,inf
Random,10,54,3,0,3,inf
Random,10,54,3,0,4,inf
Random,10,54,3,0,5,inf
Random,10,54,3,0,6,inf
Random,10,54,3,0,7,inf
Random,10,54,3,0,8,inf
Random,10,54,3,0,9,inf
Random,10,54,3,0,10,inf
Random,10,54,3,0,11,inf
Random,10,54,3,0,12,inf
Random,10,54,3,0,13,inf
Random,10,54,3,0,14,inf
Random,10,54,3,0,15,inf
Random,10,54,3,0,16,inf
Random,10,54,3,0,17,inf
Random,10,54,3,0,18,inf
Random,10,54,3,0,19,inf
Random,10,54,3,0,20,inf
Random,10,54,3,0,21,inf
Random,10,54,3,0,22,inf
Random,10,54,3,0,23,inf
Random,10,54,3,0,24,inf
Random,10,54,3,0,25,inf
Random,10,54,3,0,26,inf
Random,10,54,3,0,27,inf
Random,10,54,3,0,28,inf
Random,10,54,3,0,29,inf
Random,10,54,3,0,30,inf
Random,10,54,3,0,31,inf
Random,10,54,3,0,32,inf
Random,10,54,3,0,33,inf
Random,10,54,3,0,34,inf
Random,10,54,3,0,35,inf
Random,10,54,3,0,36,inf
Random,10,54,3,0,37,inf
Random,10,54,3,0,38,inf
Random,10,54,3,0,39,inf
Random,10,54,3,0,40,inf
Random,10,54,3,0,41,inf
Random,10,54,3,0,42,inf
Random,10,54,3,0,43,inf
Random,10,54,3,0,44,inf
Random,10,54,3,0,45,inf
Random,10,54,3,0,46,inf
Random,10,54,3,0,47,inf
Random,10,54,3,0,48,inf
Random,10,54,3,0,49,inf
Random,10,54,3,0,50,inf
Random,10,54,3,0,51,inf
Random,10,54,3,0,52,inf
Random,10,54,3,0,53,inf
Random,10,54,3,0,54,inf
Random,10,54,3,0,55,inf
Random,10,54,3,0,56,inf
Random,10,54,3,0,57,inf
Random,10,54,3,0,58,inf
Random,10,54,3,0,59,inf
Random,10,54,3,0,60,inf
Random,10,54,3,0,61,inf
Random,10,54,3,0,62,inf
Random,10,54,3,0,63,inf
Random,10,54,3,0,64,inf
Random,10,54,3,0,65,inf
Random,10,54,3,0,66,inf
Random,10,54,3,0,67,inf
Random,10,54,3,0,68,inf
Random,10,54,3,0,69,inf
Random,10,54,3,0,70,inf
Random,10,54,3,0,71,inf
Random,10,54,3,0,72,inf
Random,10,54,3,0,73,inf
Random,10,54,3,0,74,inf
Random,10,54,3,0,75,inf
Random,10,54,3,0,76,inf
Random,10,54,3,0,77,inf
Random,10,54,3,0,78,inf
Random,10,54,3,0,79,inf
Random,10,54,3,0,80,inf
Random,10,54,3,0,81,inf
Random,10,54,3,0,82,inf
Random,10,54,3,0,83,inf
Random,10,54,3,0,84,inf
Random,10,54,3,0,85,inf
Random,10,54,3,0,86,inf
Random,10,54,3,0,87,inf
Random,10,54,3,0,88,inf
Random,10,54,3,0,89,inf
Random,10,54,3,0,90,inf
Random,10,54,3,0,91,inf
Random,10,54,3,0,92,inf
Random,10,54,3,0,93,inf
Random,10,54,3,0,94,inf
Random,10,54,3,0,95,inf
Random,10,54,3,0,96,inf
Random,10,54,3,0,97,inf
Random,10,54,3,0,98,inf
Random,10,54,3,0,99,inf
Random,10,54,3,0,100,inf
qLogEI,10,54,3,0,1,inf
qLogEI,10,54,3,0,2,inf
qLogEI,10,54,3,0,3,inf
qLogEI,10,54,3,0,4,inf
qLogEI,10,54,3,0,5,inf
qLogEI,10,54,3,0,6,inf
qLogEI,10,54,3,0,7,inf
qLogEI,10,54,3,0,8,inf
qLogEI,10,54,3,0,9,inf
qLogEI,10,54,3,0,10,inf
qLogEI,10,54,3,0,11,inf
qLogEI,10,54,3,0,12,inf
qLogEI,10,54,3,0,13,inf
qLogEI,10,54,3,0,14,inf
qLogEI,10,54,3,0,15,inf
qLogEI,10,54,3,0,16,inf
qLogEI,10,54,3,0,17,inf
qLogEI,10,54,3,0,18,inf
qLogEI,10,54,3,0,19,inf
qLogEI,10,54,3,0,20,inf
qLogEI,10,54,3,0,21,inf
qLogEI,10,54,3,0,22,inf
qLogEI,10,54,3,0,23,inf
qLogEI,10,54,3,0,24,inf
qLogEI,10,54,3,0,25,inf
qLogEI,10,54,3,0,26,inf
qLogEI,10,54,3,0,27,inf
qLogEI,10,54,3,0,28,inf
qLogEI,10,54,3,0,29,inf
qLogEI,10,54,3,0,30,inf
qLogEI,10,54,3,0,31,inf
qLogEI,10,54,3,0,32,inf
qLogEI,10,54,3,0,33,inf
qLogEI,10,54,3,0,34,inf
qLogEI,10,54,3,0,35,inf
qLogEI,10,54,3,0,36,inf
qLogEI,10,54,3,0,37,inf
qLogEI,10,54,3,0,38,inf
qLogEI,10,54,3,0,39,inf
qLogEI,10,54,3,0,40,inf
qLogEI,10,54,3,0,41,inf
qLogEI,10,54,3,0,42,inf
qLogEI,10,54,3,0,43,inf
qLogEI,10,54,3,0,44,inf
qLogEI,10,54,3,0,45,inf
qLogEI,10,54,3,0,46,inf
qLogEI,10,54,3,0,47,inf
qLogEI,10,54,3,0,48,inf
qLogEI,10,54,3,0,49,inf
qLogEI,10,54,3,0,50,inf
qLogEI,10,54,3,0,51,inf
qLogEI,10,54,3,0,52,inf
qLogEI,10,54,3,0,53,inf
qLogEI,10,54,3,0,54,inf
qLogEI,10,54,3,0,55,inf
qLogEI,10,54,3,0,56,inf
qLogEI,10,54,3,0,57,inf
qLogEI,10,54,3,0,58,inf
qLogEI,10,54,3,0,59,inf
qLogEI,10,54,3,0,60,inf
qLogEI,10,54,3,0,61,inf
qLogEI,10,54,3,0,62,inf
qLogEI,10,54,3,0,63,inf
qLogEI,10,54,3,0,64,inf
qLogEI,10,54,3,0,65,inf
qLogEI,10,54,3,0,66,inf
qLogEI,10,54,3,0,67,inf
qLogEI,10,54,3,0,68,inf
qLogEI,10,54,3,0,69,inf
qLogEI,10,54,3,0,70,inf
qLogEI,10,54,3,0,71,inf
qLogEI,10,54,3,0,72,inf
qLogEI,10,54,3,0,73,inf
qLogEI,10,54,3,0,74,inf
qLogEI,10,54,3,0,75,inf
qLogEI,10,54,3,0,76,inf
qLogEI,10,54,3,0,77,inf
qLogEI,10,54,3,0,78,inf
qLogEI,10,54,3,0,79,inf
qLogEI,10,54,3,0,80,inf
qLogEI,10,54,3,0,81,inf
qLogEI,10,54,3,0,82,inf
qLogEI,10,54,3,0,83,inf
qLogEI,10,54,3,0,84,inf
qLogEI,10,54,3,0,85,inf
qLogEI,10,54,3,0,86,inf
qLogEI,10,54,3,0,87,inf
qLogEI,10,54,3,0,88,inf
qLogEI,10,54,3,0,89,inf
qLogEI,10,54,3,0,90,inf
qLogEI,10,54,3,0,91,inf
qLogEI,10,54,3,0,92,inf
qLogEI,10,54,3,0,93,inf
qLogEI,10,54,3,0,94,inf
qLogEI,10,54,3,0,95,inf
qLogEI,10,54,3,0,96,inf
qLogEI,10,54,3,0,97,inf
qLogEI,10,54,3,0,98,inf
qLogEI,10,54,3,0,99,inf
qLogEI,10,54,3,0,100,inf
RL,10,54,3,0,1,inf
RL,10,54,3,0,2,inf
RL,10,54,3,0,3,inf
RL,10,54,3,0,4,inf
RL,10,54,3,0,5,inf
RL,10,54,3,0,6,inf
RL,10,54,3,0,7,inf
RL,10,54,3,0,8,inf
RL,10,54,3,0,9,inf
RL,10,54,3,0,10,inf
RL,10,54,3,0,11,inf
RL,10,54,3,0,12,inf
RL,10,54,3,0,13,inf
RL,10,54,3,0,14,inf
RL,10,54,3,0,15,inf
RL,10,54,3,0,16,inf
RL,10,54,3,0,17,inf
RL,10,54,3,0,18,inf
RL,10,54,3,0,19,inf
RL,10,54,3,0,20,inf
RL,10,54,3,0,21,inf
RL,10,54,3,0,22,inf
RL,10,54,3,0,23,inf
RL,10,54,3,0,24,inf
RL,10,54,3,0,25,inf
RL,10,54,3,0,26,inf
RL,10,54,3,0,27,inf
RL,10,54,3,0,28,inf
RL,10,54,3,0,29,inf
RL,10,54,3,0,30,inf
RL,10,54,3,0,31,inf
RL,10,54,3,0,32,inf
RL,10,54,3,0,33,inf
RL,10,54,3,0,34,inf
RL,10,54,3,0,35,inf
RL,10,54,3,0,36,inf
RL,10,54,3,0,37,inf
RL,10,54,3,0,38,inf
RL,10,54,3,0,39,inf
RL,10,54,3,0,40,inf
RL,10,54,3,0,41,inf
RL,10,54,3,0,42,inf
RL,10,54,3,0,43,inf
RL,10,54,3,0,44,inf
RL,10,54,3,0,45,inf
RL,10,54,3,0,46,inf
RL,10,54,3,0,47,inf
RL,10,54,3,0,48,inf
RL,10,54,3,0,49,inf
RL,10,54,3,0,50,inf
RL,10,54,3,0,51,inf
RL,10,54,3,0,52,inf
RL,10,54,3,0,53,inf
RL,10,54,3,0,54,inf
RL,10,54,3,0,55,inf
RL,10,54,3,0,56,inf
RL,10,54,3,0,57,inf
RL,10,54,3,0,58,inf
RL,10,54,3,0,59,inf
RL,10,54,3,0,60,inf
RL,10,54,3,0,61,inf
RL,10,54,3,0,62,inf
RL,10,54,3,0,63,inf
RL,10,54,3,0,64,inf
RL,10,54,3,0,65,inf
RL,10,54,3,0,66,inf
RL,10,54,3,0,67,inf
RL,10,54,3,0,68,inf
RL,10,54,3,0,69,inf
RL,10,54,3,0,70,inf
RL,10,54,3,0,71,inf
RL,10,54,3,0,72,inf
RL,10,54,3,0,73,inf
RL,10,54,3,0,74,inf
RL,10,54,3,0,75,inf
RL,10,54,3,0,76,inf
RL,10,54,3,0,77,inf
RL,10,54,3,0,78,inf
RL,10,54,3,0,79,inf
RL,10,54,3,0,80,inf
RL,10,54,3,0,81,inf
RL,10,54,3,0,82,inf
RL,10,54,3,0,83,inf
RL,10,54,3,0,84,inf
RL,10,54,3,0,85,inf
RL,10,54,3,0,86,inf
RL,10,54,3,0,87,inf
RL,10,54,3,0,88,inf
RL,10,54,3,0,89,inf
RL,10,54,3,0,90,inf
RL,10,54,3,0,91,inf
RL,10,54,3,0,92,inf
RL,10,54,3,0,93,inf
RL,10,54,3,0,94,inf
RL,10,54,3,0,95,inf
RL,10,54,3,0,96,inf
RL,10,54,3,0,97,inf
RL,10,54,3,0,98,inf
RL,10,54,3,0,99,inf
RL,10,54,3,0,100,inf
Random,10,54,3,1,1,inf
Random,10,54,3,1,2,inf
Random,10,54,3,1,3,inf
Random,10,54,3,1,4,inf
Random,10,54,3,1,5,inf
Random,10,54,3,1,6,inf
Random,10,54,3,1,7,inf
Random,10,54,3,1,8,inf
Random,10,54,3,1,9,inf
Random,10,54,3,1,10,inf
Random,10,54,3,1,11,inf
Random,10,54,3,1,12,inf
Random,10,54,3,1,13,inf
Random,10,54,3,1,14,inf
Random,10,54,3,1,15,inf
Random,10,54,3,1,16,inf
Random,10,54,3,1,17,inf
Random,10,54,3,1,18,inf
Random,10,54,3,1,19,inf
Random,10,54,3,1,20,inf
Random,10,54,3,1,21,inf
Random,10,54,3,1,22,inf
Random,10,54,3,1,23,inf
Random,10,54,3,1,24,inf
Random,10,54,3,1,25,inf
Random,10,54,3,1,26,inf
Random,10,54,3,1,27,inf
Random,10,54,3,1,28,inf
Random,10,54,3,1,29,inf
Random,10,54,3,1,30,inf
Random,10,54,3,1,31,inf
Random,10,54,3,1,32,inf
Random,10,54,3,1,33,inf
Random,10,54,3,1,34,inf
Random,10,54,3,1,35,inf
Random,10,54,3,1,36,inf
Random,10,54,3,1,37,inf
Random,10,54,3,1,38,inf
Random,10,54,3,1,39,inf
Random,10,54,3,1,40,inf
Random,10,54,3,1,41,inf
Random,10,54,3,1,42,inf
Random,10,54,3,1,43,inf
Random,10,54,3,1,44,inf
Random,10,54,3,1,45,inf
Random,10,54,3,1,46,inf
Random,10,54,3,1,47,inf
Random,10,54,3,1,48,inf
Random,10,54,3,1,49,inf
Random,10,54,3,1,50,inf
Random,10,54,3,1,51,inf
Random,10,54,3,1,52,inf
Random,10,54,3,1,53,inf
Random,10,54,3,1,54,inf
Random,10,54,3,1,55,inf
Random,10,54,3,1,56,inf
Random,10,54,3,1,57,inf
Random,10,54,3,1,58,inf
Random,10,54,3,1,59,inf
Random,10,54,3,1,60,inf
Random,10,54,3,1,61,inf
Random,10,54,3,1,62,inf
Random,10,54,3,1,63,inf
Random,10,54,3,1,64,inf
Random,10,54,3,1,65,inf
Random,10,54,3,1,66,inf
Random,10,54,3,1,67,inf
Random,10,54,3,1,68,inf
Random,10,54,3,1,69,inf
Random,10,54,3,1,70,inf
Random,10,54,3,1,71,inf
Random,10,54,3,1,72,inf
Random,10,54,3,1,73,inf
Random,10,54,3,1,74,inf
Random,10,54,3,1,75,inf
Random,10,54,3,1,76,inf
Random,10,54,3,1,77,inf
Random,10,54,3,1,78,inf
Random,10,54,3,1,79,inf
Random,10,54,3,1,80,inf
Random,10,54,3,1,81,inf
Random,10,54,3,1,82,inf
Random,10,54,3,1,83,inf
Random,10,54,3,1,84,inf
Random,10,54,3,1,85,inf
Random,10,54,3,1,86,inf
Random,10,54,3,1,87,inf
Random,10,54,3,1,88,inf
Random,10,54,3,1,89,inf
Random,10,54,3,1,90,inf
Random,10,54,3,1,91,inf
Random,10,54,3,1,92,inf
Random,10,54,3,1,93,inf
Random,10,54,3,1,94,inf
Random,10,54,3,1,95,inf
Random,10,54,3,1,96,inf
Random,10,54,3,1,97,inf
Random,10,54,3,1,98,inf
Random,10,54,3,1,99,inf
Random,10,54,3,1,100,inf
qLogEI,10,54,3,1,1,inf
qLogEI,10,54,3,1,2,inf
qLogEI,10,54,3,1,3,inf
qLogEI,10,54,3,1,4,inf
qLogEI,10,54,3,1,5,inf
qLogEI,10,54,3,1,6,inf
qLogEI,10,54,3,1,7,inf
qLogEI,10,54,3,1,8,inf
qLogEI,10,54,3,1,9,inf
qLogEI,10,54,3,1,10,inf
qLogEI,10,54,3,1,11,inf
qLogEI,10,54,3,1,12,inf
qLogEI,10,54,3,1,13,inf
qLogEI,10,54,3,1,14,inf
qLogEI,10,54,3,1,15,inf
qLogEI,10,54,3,1,16,inf
qLogEI,10,54,3,1,17,inf
qLogEI,10,54,3,1,18,inf
qLogEI,10,54,3,1,19,inf
qLogEI,10,54,3,1,20,inf
qLogEI,10,54,3,1,21,inf
qLogEI,10,54,3,1,22,inf
qLogEI,10,54,3,1,23,inf
qLogEI,10,54,3,1,24,inf
qLogEI,10,54,3,1,25,inf
qLogEI,10,54,3,1,26,inf
qLogEI,10,54,3,1,27,inf
qLogEI,10,54,3,1,28,inf
qLogEI,10,54,3,1,29,inf
qLogEI,10,54,3,1,30,inf
qLogEI,10,54,3,1,31,inf
qLogEI,10,54,3,1,32,inf
qLogEI,10,54,3,1,33,inf
qLogEI,10,54,3,1,34,inf
qLogEI,10,54,3,1,35,inf
qLogEI,10,54,3,1,36,inf
qLogEI,10,54,3,1,37,inf
qLogEI,10,54,3,1,38,inf
qLogEI,10,54,3,1,39,inf
qLogEI,10,54,3,1,40,inf
qLogEI,10,54,3,1,41,inf
qLogEI,10,54,3,1,42,inf
qLogEI,10,54,3,1,43,inf
qLogEI,10,54,3,1,44,inf
qLogEI,10,54,3,1,45,inf
qLogEI,10,54,3,1,46,inf
qLogEI,10,54,3,1,47,inf
qLogEI,10,54,3,1,48,inf
qLogEI,10,54,3,1,49,inf
qLogEI,10,54,3,1,50,inf
qLogEI,10,54,3,1,51,inf
qLogEI,10,54,3,1,52,inf
qLogEI,10,54,3,1,53,inf
qLogEI,10,54,3,1,54,inf
qLogEI,10,54,3,1,55,inf
qLogEI,10,54,3,1,56,inf
qLogEI,10,54,3,1,57,inf
qLogEI,10,54,3,1,58,inf
qLogEI,10,54,3,1,59,inf
qLogEI,10,54,3,1,60,inf
qLogEI,10,54,3,1,61,inf
qLogEI,10,54,3,1,62,inf
qLogEI,10,54,3,1,63,inf
qLogEI,10,54,3,1,64,inf
qLogEI,10,54,3,1,65,inf
qLogEI,10,54,3,1,66,inf
qLogEI,10,54,3,1,67,inf
qLogEI,10,54,3,1,68,inf
qLogEI,10,54,3,1,69,inf
qLogEI,10,54,3,1,70,inf
qLogEI,10,54,3,1,71,inf
qLogEI,10,54,3,1,72,inf
qLogEI,10,54,3,1,73,inf
qLogEI,10,54,3,1,74,inf
qLogEI,10,54,3,1,75,inf
qLogEI,10,54,3,1,76,inf
qLogEI,10,54,3,1,77,inf
qLogEI,10,54,3,1,78,inf
qLogEI,10,54,3,1,79,inf
qLogEI,10,54,3,1,80,inf
qLogEI,10,54,3,1,81,inf
qLogEI,10,54,3,1,82,inf
qLogEI,10,54,3,1,83,inf
qLogEI,10,54,3,1,84,inf
qLogEI,10,54,3,1,85,inf
qLogEI,10,54,3,1,86,inf
qLogEI,10,54,3,1,87,inf
qLogEI,10,54,3,1,88,inf
qLogEI,10,54,3,1,89,inf
qLogEI,10,54,3,1,90,inf
qLogEI,10,54,3,1,91,inf
qLogEI,10,54,3,1,92,inf
qLogEI,10,54,3,1,93,inf
qLogEI,10,54,3,1,94,inf
qLogEI,10,54,3,1,95,inf
qLogEI,10,54,3,1,96,inf
qLogEI,10,54,3,1,97,inf
qLogEI,10,54,3,1,98,inf
qLogEI,10,54,3,1,99,inf
qLogEI,10,54,3,1,100,inf
RL,10,54,3,1,1,inf
RL,10,54,3,1,2,inf
RL,10,54,3,1,3,inf
RL,10,54,3,1,4,inf
RL,10,54,3,1,5,inf
RL,10,54,3,1,6,inf
RL,10,54,3,1,7,inf
RL,10,54,3,1,8,inf
RL,10,54,3,1,9,inf
RL,10,54,3,1,10,inf
RL,10,54,3,1,11,inf
RL,10,54,3,1,12,inf
RL,10,54,3,1,13,inf
RL,10,54,3,1,14,inf
RL,10,54,3,1,15,inf
RL,10,54,3,1,16,inf
RL,10,54,3,1,17,inf
RL,10,54,3,1,18,inf
RL,10,54,3,1,19,inf
RL,10,54,3,1,20,inf
RL,10,54,3,1,21,inf
RL,10,54,3,1,22,inf
RL,10,54,3,1,23,inf
RL,10,54,3,1,24,inf
RL,10,54,3,1,25,inf
RL,10,54,3,1,26,inf
RL,10,54,3,1,27,inf
RL,10,54,3,1,28,inf
RL,10,54,3,1,29,inf
RL,10,54,3,1,30,inf
RL,10,54,3,1,31,inf
RL,10,54,3,1,32,inf
RL,10,54,3,1,33,inf
RL,10,54,3,1,34,inf
RL,10,54,3,1,35,inf
RL,10,54,3,1,36,inf
RL,10,54,3,1,37,inf
RL,10,54,3,1,38,inf
RL,10,54,3,1,39,inf
RL,10,54,3,1,40,inf
RL,10,54,3,1,41,inf
RL,10,54,3,1,42,inf
RL,10,54,3,1,43,inf
RL,10,54,3,1,44,inf
RL,10,54,3,1,45,inf
RL,10,54,3,1,46,inf
RL,10,54,3,1,47,inf
RL,10,54,3,1,48,inf
RL,10,54,3,1,49,inf
RL,10,54,3,1,50,inf
RL,10,54,3,1,51,inf
RL,10,54,3,1,52,inf
RL,10,54,3,1,53,inf
RL,10,54,3,1,54,inf
RL,10,54,3,1,55,inf
RL,10,54,3,1,56,inf
RL,10,54,3,1,57,inf
RL,10,54,3,1,58,inf
RL,10,54,3,1,59,inf
RL,10,54,3,1,60,inf
RL,10,54,3,1,61,inf
RL,10,54,3,1,62,inf
RL,10,54,3,1,63,inf
RL,10,54,3,1,64,inf
RL,10,54,3,1,65,inf
RL,10,54,3,1,66,inf
RL,10,54,3,1,67,inf
RL,10,54,3,1,68,inf
RL,10,54,3,1,69,inf
RL,10,54,3,1,70,inf
RL,10,54,3,1,71,inf
RL,10,54,3,1,72,inf
RL,10,54,3,1,73,inf
RL,10,54,3,1,74,inf
RL,10,54,3,1,75,inf
RL,10,54,3,1,76,inf
RL,10,54,3,1,77,inf
RL,10,54,3,1,78,inf
RL,10,54,3,1,79,inf
RL,10,54,3,1,80,inf
RL,10,54,3,1,81,inf
RL,10,54,3,1,82,inf
RL,10,54,3,1,83,inf
RL,10,54,3,1,84,inf
RL,10,54,3,1,85,inf
RL,10,54,3,1,86,inf
RL,10,54,3,1,87,inf
RL,10,54,3,1,88,inf
RL,10,54,3,1,89,inf
RL,10,54,3,1,90,inf
RL,10,54,3,1,91,inf
RL,10,54,3,1,92,inf
RL,10,54,3,1,93,inf
RL,10,54,3,1,94,inf
RL,10,54,3,1,95,inf
RL,10,54,3,1,96,inf
RL,10,54,3,1,97,inf
RL,10,54,3,1,98,inf
RL,10,54,3,1,99,inf
RL,10,54,3,1,100,inf
Random,10,54,3,2,1,inf
Random,10,54,3,2,2,inf
Random,10,54,3,2,3,inf
Random,10,54,3,2,4,inf
Random,10,54,3,2,5,inf
Random,10,54,3,2,6,inf
Random,10,54,3,2,7,inf
Random,10,54,3,2,8,inf
Random,10,54,3,2,9,inf
Random,10,54,3,2,10,inf
Random,10,54,3,2,11,inf
Random,10,54,3,2,12,inf
Random,10,54,3,2,13,inf
Random,10,54,3,2,14,inf
Random,10,54,3,2,15,inf
Random,10,54,3,2,16,inf
Random,10,54,3,2,17,inf
Random,10,54,3,2,18,inf
Random,10,54,3,2,19,inf
Random,10,54,3,2,20,inf
Random,10,54,3,2,21,inf
Random,10,54,3,2,22,inf
Random,10,54,3,2,23,inf
Random,10,54,3,2,24,inf
Random,10,54,3,2,25,inf
Random,10,54,3,2,26,inf
Random,10,54,3,2,27,inf
Random,10,54,3,2,28,inf
Random,10,54,3,2,29,inf
Random,10,54,3,2,30,inf
Random,10,54,3,2,31,inf
Random,10,54,3,2,32,inf
Random,10,54,3,2,33,inf
Random,10,54,3,2,34,inf
Random,10,54,3,2,35,inf
Random,10,54,3,2,36,inf
Random,10,54,3,2,37,inf
Random,10,54,3,2,38,inf
Random,10,54,3,2,39,inf
Random,10,54,3,2,40,inf
Random,10,54,3,2,41,inf
Random,10,54,3,2,42,inf
Random,10,54,3,2,43,inf
Random,10,54,3,2,44,inf
Random,10,54,3,2,45,inf
Random,10,54,3,2,46,inf
Random,10,54,3,2,47,inf
Random,10,54,3,2,48,inf
Random,10,54,3,2,49,inf
Random,10,54,3,2,50,inf
Random,10,54,3,2,51,inf
Random,10,54,3,2,52,inf
Random,10,54,3,2,53,inf
Random,10,54,3,2,54,inf
Random,10,54,3,2,55,inf
Random,10,54,3,2,56,inf
Random,10,54,3,2,57,inf
Random,10,54,3,2,58,inf
Random,10,54,3,2,59,inf
Random,10,54,3,2,60,inf
Random,10,54,3,2,61,inf
Random,10,54,3,2,62,inf
Random,10,54,3,2,63,inf
Random,10,54,3,2,64,inf
Random,10,54,3,2,65,inf
Random,10,54,3,2,66,inf
Random,10,54,3,2,67,inf
Random,10,54,3,2,68,inf
Random,10,54,3,2,69,inf
Random,10,54,3,2,70,inf
Random,10,54,3,2,71,inf
Random,10,54,3,2,72,inf
Random,10,54,3,2,73,inf
Random,10,54,3,2,74,inf
Random,10,54,3,2,75,inf
Random,10,54,3,2,76,inf
Random,10,54,3,2,77,inf
Random,10,54,3,2,78,inf
Random,10,54,3,2,79,inf
Random,10,54,3,2,80,inf
Random,10,54,3,2,81,inf
Random,10,54,3,2,82,inf
Random,10,54,3,2,83,inf
Random,10,54,3,2,84,inf
Random,10,54,3,2,85,inf
Random,10,54,3,2,86,inf
Random,10,54,3,2,87,inf
Random,10,54,3,2,88,inf
Random,10,54,3,2,89,inf
Random,10,54,3,2,90,inf
Random,10,54,3,2,91,inf
Random,10,54,3,2,92,inf
Random,10,54,3,2,93,inf
Random,10,54,3,2,94,inf
Random,10,54,3,2,95,inf
Random,10,54,3,2,96,inf
Random,10,54,3,2,97,inf
Random,10,54,3,2,98,inf
Random,10,54,3,2,99,inf
Random,10,54,3,2,100,inf
qLogEI,10,54,3,2,1,inf
qLogEI,10,54,3,2,2,inf
qLogEI,10,54,3,2,3,inf
qLogEI,10,54,3,2,4,inf
qLogEI,10,54,3,2,5,inf
qLogEI,10,54,3,2,6,inf
qLogEI,10,54,3,2,7,inf
qLogEI,10,54,3,2,8,inf
qLogEI,10,54,3,2,9,inf
qLogEI,10,54,3,2,10,inf
qLogEI,10,54,3,2,11,inf
qLogEI,10,54,3,2,12,inf
qLogEI,10,54,3,2,13,inf
qLogEI,10,54,3,2,14,inf
qLogEI,10,54,3,2,15,inf
qLogEI,10,54,3,2,16,inf
qLogEI,10,54,3,2,17,inf
qLogEI,10,54,3,2,18,inf
qLogEI,10,54,3,2,19,inf
qLogEI,10,54,3,2,20,inf
qLogEI,10,54,3,2,21,inf
qLogEI,10,54,3,2,22,inf
qLogEI,10,54,3,2,23,inf
qLogEI,10,54,3,2,24,inf
qLogEI,10,54,3,2,25,inf
qLogEI,10,54,3,2,26,inf
qLogEI,10,54,3,2,27,inf
qLogEI,10,54,3,2,28,inf
qLogEI,10,54,3,2,29,inf
qLogEI,10,54,3,2,30,inf
qLogEI,10,54,3,2,31,inf
qLogEI,10,54,3,2,32,inf
qLogEI,10,54,3,2,33,inf
qLogEI,10,54,3,2,34,inf
qLogEI,10,54,3,2,35,inf
qLogEI,10,54,3,2,36,inf
qLogEI,10,54,3,2,37,inf
qLogEI,10,54,3,2,38,inf
qLogEI,10,54,3,2,39,inf
qLogEI,10,54,3,2,40,inf
qLogEI,10,54,3,2,41,inf
qLogEI,10,54,3,2,42,inf
qLogEI,10,54,3,2,43,inf
qLogEI,10,54,3,2,44,inf
qLogEI,10,54,3,2,45,inf
qLogEI,10,54,3,2,46,inf
qLogEI,10,54,3,2,47,inf
qLogEI,10,54,3,2,48,inf
qLogEI,10,54,3,2,49,inf
qLogEI,10,54,3,2,50,inf
qLogEI,10,54,3,2,51,inf
qLogEI,10,54,3,2,52,inf
qLogEI,10,54,3,2,53,inf
qLogEI,10,54,3,2,54,inf
qLogEI,10,54,3,2,55,inf
qLogEI,10,54,3,2,56,inf
qLogEI,10,54,3,2,57,inf
qLogEI,10,54,3,2,58,inf
qLogEI,10,54,3,2,59,inf
qLogEI,10,54,3,2,60,inf
qLogEI,10,54,3,2,61,inf
qLogEI,10,54,3,2,62,inf
qLogEI,10,54,3,2,63,inf
qLogEI,10,54,3,2,64,inf
qLogEI,10,54,3,2,65,inf
qLogEI,10,54,3,2,66,inf
qLogEI,10,54,3,2,67,inf
qLogEI,10,54,3,2,68,inf
qLogEI,10,54,3,2,69,inf
qLogEI,10,54,3,2,70,inf
qLogEI,10,54,3,2,71,inf
qLogEI,10,54,3,2,72,inf
qLogEI,10,54,3,2,73,inf
qLogEI,10,54,3,2,74,inf
qLogEI,10,54,3,2,75,inf
qLogEI,10,54,3,2,76,inf
qLogEI,10,54,3,2,77,inf
qLogEI,10,54,3,2,78,inf
qLogEI,10,54,3,2,79,inf
qLogEI,10,54,3,2,80,inf
qLogEI,10,54,3,2,81,inf
qLogEI,10,54,3,2,82,inf
qLogEI,10,54,3,2,83,inf
qLogEI,10,54,3,2,84,inf
qLogEI,10,54,3,2,85,inf
qLogEI,10,54,3,2,86,inf
qLogEI,10,54,3,2,87,inf
qLogEI,10,54,3,2,88,inf
qLogEI,10,54,3,2,89,inf
qLogEI,10,54,3,2,90,inf
qLogEI,10,54,3,2,91,inf
qLogEI,10,54,3,2,92,inf
qLogEI,10,54,3,2,93,inf
qLogEI,10,54,3,2,94,inf
qLogEI,10,54,3,2,95,inf
qLogEI,10,54,3,2,96,inf
qLogEI,10,54,3,2,97,inf
qLogEI,10,54,3,2,98,inf
qLogEI,10,54,3,2,99,inf
qLogEI,10,54,3,2,100,inf
RL,10,54,3,2,1,inf
RL,10,54,3,2,2,inf
RL,10,54,3,2,3,inf
RL,10,54,3,2,4,inf
RL,10,54,3,2,5,inf
RL,10,54,3,2,6,inf
RL,10,54,3,2,7,inf
RL,10,54,3,2,8,inf
RL,10,54,3,2,9,inf
RL,10,54,3,2,10,inf
RL,10,54,3,2,11,inf
RL,10,54,3,2,12,inf
RL,10,54,3,2,13,inf
RL,10,54,3,2,14,inf
RL,10,54,3,2,15,inf
RL,10,54,3,2,16,inf
RL,10,54,3,2,17,inf
RL,10,54,3,2,18,inf
RL,10,54,3,2,19,inf
RL,10,54,3,2,20,inf
RL,10,54,3,2,21,inf
RL,10,54,3,2,22,inf
RL,10,54,3,2,23,inf
RL,10,54,3,2,24,inf
RL,10,54,3,2,25,inf
RL,10,54,3,2,26,inf
RL,10,54,3,2,27,inf
RL,10,54,3,2,28,inf
RL,10,54,3,2,29,inf
RL,10,54,3,2,30,inf
RL,10,54,3,2,31,inf
RL,10,54,3,2,32,inf
RL,10,54,3,2,33,inf
RL,10,54,3,2,34,inf
RL,10,54,3,2,35,inf
RL,10,54,3,2,36,inf
RL,10,54,3,2,37,inf
RL,10,54,3,2,38,inf
RL,10,54,3,2,39,inf
RL,10,54,3,2,40,inf
RL,10,54,3,2,41,inf
RL,10,54,3,2,42,inf
RL,10,54,3,2,43,inf
RL,10,54,3,2,44,inf
RL,10,54,3,2,45,inf
RL,10,54,3,2,46,inf
RL,10,54,3,2,47,inf
RL,10,54,3,2,48,inf
RL,10,54,3,2,49,inf
RL,10,54,3,2,50,inf
RL,10,54,3,2,51,inf
RL,10,54,3,2,52,inf
RL,10,54,3,2,53,inf
RL,10,54,3,2,54,inf
RL,10,54,3,2,55,inf
RL,10,54,3,2,56,inf
RL,10,54,3,2,57,inf
RL,10,54,3,2,58,inf
RL,10,54,3,2,59,inf
RL,10,54,3,2,60,inf
RL,10,54,3,2,61,inf
RL,10,54,3,2,62,inf
RL,10,54,3,2,63,inf
RL,10,54,3,2,64,inf
RL,10,54,3,2,65,inf
RL,10,54,3,2,66,inf
RL,10,54,3,2,67,inf
RL,10,54,3,2,68,inf
RL,10,54,3,2,69,inf
RL,10,54,3,2,70,inf
RL,10,54,3,2,71,inf
RL,10,54,3,2,72,inf
RL,10,54,3,2,73,inf
RL,10,54,3,2,74,inf
RL,10,54,3,2,75,inf
RL,10,54,3,2,76,inf
RL,10,54,3,2,77,inf
RL,10,54,3,2,78,inf
RL,10,54,3,2,79,inf
RL,10,54,3,2,80,inf
RL,10,54,3,2,81,inf
RL,10,54,3,2,82,inf
RL,10,54,3,2,83,inf
RL,10,54,3,2,84,inf
RL,10,54,3,2,85,inf
RL,10,54,3,2,86,inf
RL,10,54,3,2,87,inf
RL,10,54,3,2,88,inf
RL,10,54,3,2,89,inf
RL,10,54,3,2,90,inf
RL,10,54,3,2,91,inf
RL,10,54,3,2,92,inf
RL,10,54,3,2,93,inf
RL,10,54,3,2,94,inf
RL,10,54,3,2,95,inf
RL,10,54,3,2,96,inf
RL,10,54,3,2,97,inf
RL,10,54,3,2,98,inf
RL,10,54,3,2,99,inf
RL,10,54,3,2,100,inf
Random,10,54,3,3,1,inf
Random,10,54,3,3,2,inf
Random,10,54,3,3,3,inf
Random,10,54,3,3,4,inf
Random,10,54,3,3,5,inf
Random,10,54,3,3,6,inf
Random,10,54,3,3,7,inf
Random,10,54,3,3,8,inf
Random,10,54,3,3,9,inf
Random,10,54,3,3,10,inf
Random,10,54,3,3,11,inf
Random,10,54,3,3,12,inf
Random,10,54,3,3,13,inf
Random,10,54,3,3,14,inf
Random,10,54,3,3,15,inf
Random,10,54,3,3,16,inf
Random,10,54,3,3,17,inf
Random,10,54,3,3,18,inf
Random,10,54,3,3,19,inf
Random,10,54,3,3,20,inf
Random,10,54,3,3,21,inf
Random,10,54,3,3,22,inf
Random,10,54,3,3,23,inf
Random,10,54,3,3,24,inf
Random,10,54,3,3,25,inf
Random,10,54,3,3,26,inf
Random,10,54,3,3,27,inf
Random,10,54,3,3,28,inf
Random,10,54,3,3,29,inf
Random,10,54,3,3,30,inf
Random,10,54,3,3,31,inf
Random,10,54,3,3,32,inf
Random,10,54,3,3,33,inf
Random,10,54,3,3,34,inf
Random,10,54,3,3,35,inf
Random,10,54,3,3,36,inf
Random,10,54,3,3,37,inf
Random,10,54,3,3,38,inf
Random,10,54,3,3,39,inf
Random,10,54,3,3,40,inf
Random,10,54,3,3,41,inf
Random,10,54,3,3,42,inf
Random,10,54,3,3,43,inf
Random,10,54,3,3,44,inf
Random,10,54,3,3,45,inf
Random,10,54,3,3,46,inf
Random,10,54,3,3,47,inf
Random,10,54,3,3,48,inf
Random,10,54,3,3,49,inf
Random,10,54,3,3,50,inf
Random,10,54,3,3,51,inf
Random,10,54,3,3,52,inf
Random,10,54,3,3,53,inf
Random,10,54,3,3,54,inf
Random,10,54,3,3,55,inf
Random,10,54,3,3,56,inf
Random,10,54,3,3,57,inf
Random,10,54,3,3,58,inf
Random,10,54,3,3,59,inf
Random,10,54,3,3,60,inf
Random,10,54,3,3,61,inf
Random,10,54,3,3,62,inf
Random,10,54,3,3,63,inf
Random,10,54,3,3,64,inf
Random,10,54,3,3,65,inf
Random,10,54,3,3,66,inf
Random,10,54,3,3,67,inf
Random,10,54,3,3,68,inf
Random,10,54,3,3,69,inf
Random,10,54,3,3,70,inf
Random,10,54,3,3,71,inf
Random,10,54,3,3,72,inf
Random,10,54,3,3,73,inf
Random,10,54,3,3,74,inf
Random,10,54,3,3,75,inf
Random,10,54,3,3,76,inf
Random,10,54,3,3,77,inf
Random,10,54,3,3,78,inf
Random,10,54,3,3,79,inf
Random,10,54,3,3,80,inf
Random,10,54,3,3,81,inf
Random,10,54,3,3,82,inf
Random,10,54,3,3,83,inf
Random,10,54,3,3,84,inf
Random,10,54,3,3,85,inf
Random,10,54,3,3,86,inf
Random,10,54,3,3,87,inf
Random,10,54,3,3,88,inf
Random,10,54,3,3,89,inf
Random,10,54,3,3,90,inf
Random,10,54,3,3,91,inf
Random,10,54,3,3,92,inf
Random,10,54,3,3,93,inf
Random,10,54,3,3,94,inf
Random,10,54,3,3,95,inf
Random,10,54,3,3,96,inf
Random,10,54,3,3,97,inf
Random,10,54,3,3,98,inf
Random,10,54,3,3,99,inf
Random,10,54,3,3,100,inf
qLogEI,10,54,3,3,1,inf
qLogEI,10,54,3,3,2,inf
qLogEI,10,54,3,3,3,inf
qLogEI,10,54,3,3,4,inf
qLogEI,10,54,3,3,5,inf
qLogEI,10,54,3,3,6,inf
qLogEI,10,54,3,3,7,inf
qLogEI,10,54,3,3,8,inf
qLogEI,10,54,3,3,9,inf
qLogEI,10,54,3,3,10,inf
qLogEI,10,54,3,3,11,inf
qLogEI,10,54,3,3,12,inf
qLogEI,10,54,3,3,13,inf
qLogEI,10,54,3,3,14,inf
qLogEI,10,54,3,3,15,inf
qLogEI,10,54,3,3,16,inf
qLogEI,10,54,3,3,17,inf
qLogEI,10,54,3,3,18,inf
qLogEI,10,54,3,3,19,inf
qLogEI,10,54,3,3,20,inf
qLogEI,10,54,3,3,21,inf
qLogEI,10,54,3,3,22,inf
qLogEI,10,54,3,3,23,inf
qLogEI,10,54,3,3,24,inf
qLogEI,10,54,3,3,25,inf
qLogEI,10,54,3,3,26,inf
qLogEI,10,54,3,3,27,inf
qLogEI,10,54,3,3,28,inf
qLogEI,10,54,3,3,29,inf
qLogEI,10,54,3,3,30,inf
qLogEI,10,54,3,3,31,inf
qLogEI,10,54,3,3,32,inf
qLogEI,10,54,3,3,33,inf
qLogEI,10,54,3,3,34,inf
qLogEI,10,54,3,3,35,inf
qLogEI,10,54,3,3,36,inf
qLogEI,10,54,3,3,37,inf
qLogEI,10,54,3,3,38,inf
qLogEI,10,54,3,3,39,inf
qLogEI,10,54,3,3,40,inf
qLogEI,10,54,3,3,41,inf
qLogEI,10,54,3,3,42,inf
qLogEI,10,54,3,3,43,inf
qLogEI,10,54,3,3,44,inf
qLogEI,10,54,3,3,45,inf
qLogEI,10,54,3,3,46,inf
qLogEI,10,54,3,3,47,inf
qLogEI,10,54,3,3,48,inf
qLogEI,10,54,3,3,49,inf
qLogEI,10,54,3,3,50,inf
qLogEI,10,54,3,3,51,inf
qLogEI,10,54,3,3,52,inf
qLogEI,10,54,3,3,53,inf
qLogEI,10,54,3,3,54,inf
qLogEI,10,54,3,3,55,inf
qLogEI,10,54,3,3,56,inf
qLogEI,10,54,3,3,57,inf
qLogEI,10,54,3,3,58,inf
qLogEI,10,54,3,3,59,inf
qLogEI,10,54,3,3,60,inf
qLogEI,10,54,3,3,61,inf
qLogEI,10,54,3,3,62,inf
qLogEI,10,54,3,3,63,inf
qLogEI,10,54,3,3,64,inf
qLogEI,10,54,3,3,65,inf
qLogEI,10,54,3,3,66,inf
qLogEI,10,54,3,3,67,inf
qLogEI,10,54,3,3,68,inf
qLogEI,10,54,3,3,69,inf
qLogEI,10,54,3,3,70,inf
qLogEI,10,54,3,3,71,inf
qLogEI,10,54,3,3,72,inf
qLogEI,10,54,3,3,73,inf
qLogEI,10,54,3,3,74,inf
qLogEI,10,54,3,3,75,inf
qLogEI,10,54,3,3,76,inf
qLogEI,10,54,3,3,77,inf
qLogEI,10,54,3,3,78,inf
qLogEI,10,54,3,3,79,inf
qLogEI,10,54,3,3,80,inf
qLogEI,10,54,3,3,81,inf
qLogEI,10,54,3,3,82,inf
qLogEI,10,54,3,3,83,inf
qLogEI,10,54,3,3,84,inf
qLogEI,10,54,3,3,85,inf
qLogEI,10,54,3,3,86,inf
qLogEI,10,54,3,3,87,inf
qLogEI,10,54,3,3,88,inf
qLogEI,10,54,3,3,89,inf
qLogEI,10,54,3,3,90,inf
qLogEI,10,54,3,3,91,inf
qLogEI,10,54,3,3,92,inf
qLogEI,10,54,3,3,93,inf
qLogEI,10,54,3,3,94,inf
qLogEI,10,54,3,3,95,inf
qLogEI,10,54,3,3,96,inf
qLogEI,10,54,3,3,97,inf
qLogEI,10,54,3,3,98,inf
qLogEI,10,54,3,3,99,inf
qLogEI,10,54,3,3,100,inf
RL,10,54,3,3,1,inf
RL,10,54,3,3,2,inf
RL,10,54,3,3,3,inf
RL,10,54,3,3,4,inf
RL,10,54,3,3,5,inf
RL,10,54,3,3,6,inf
RL,10,54,3,3,7,inf
RL,10,54,3,3,8,inf
RL,10,54,3,3,9,inf
RL,10,54,3,3,10,inf
RL,10,54,3,3,11,inf
RL,10,54,3,3,12,inf
RL,10,54,3,3,13,inf
RL,10,54,3,3,14,inf
RL,10,54,3,3,15,inf
RL,10,54,3,3,16,inf
RL,10,54,3,3,17,inf
RL,10,54,3,3,18,inf
RL,10,54,3,3,19,inf
RL,10,54,3,3,20,inf
RL,10,54,3,3,21,inf
RL,10,54,3,3,22,inf
RL,10,54,3,3,23,inf
RL,10,54,3,3,24,inf
RL,10,54,3,3,25,inf
RL,10,54,3,3,26,inf
RL,10,54,3,3,27,inf
RL,10,54,3,3,28,inf
RL,10,54,3,3,29,inf
RL,10,54,3,3,30,inf
RL,10,54,3,3,31,inf
RL,10,54,3,3,32,inf
RL,10,54,3,3,33,inf
RL,10,54,3,3,34,inf
RL,10,54,3,3,35,inf
RL,10,54,3,3,36,inf
RL,10,54,3,3,37,inf
RL,10,54,3,3,38,inf
RL,10,54,3,3,39,inf
RL,10,54,3,3,40,inf
RL,10,54,3,3,41,inf
RL,10,54,3,3,42,inf
RL,10,54,3,3,43,inf
RL,10,54,3,3,44,inf
RL,10,54,3,3,45,inf
RL,10,54,3,3,46,inf
RL,10,54,3,3,47,inf
RL,10,54,3,3,48,inf
RL,10,54,3,3,49,inf
RL,10,54,3,3,50,inf
RL,10,54,3,3,51,inf
RL,10,54,3,3,52,inf
RL,10,54,3,3,53,inf
RL,10,54,3,3,54,inf
RL,10,54,3,3,55,inf
RL,10,54,3,3,56,inf
RL,10,54,3,3,57,inf
RL,10,54,3,3,58,inf
RL,10,54,3,3,59,inf
RL,10,54,3,3,60,inf
RL,10,54,3,3,61,inf
RL,10,54,3,3,62,inf
RL,10,54,3,3,63,inf
RL,10,54,3,3,64,inf
RL,10,54,3,3,65,inf
RL,10,54,3,3,66,inf
RL,10,54,3,3,67,inf
RL,10,54,3,3,68,inf
RL,10,54,3,3,69,inf
RL,10,54,3,3,70,inf
RL,10,54,3,3,71,inf
RL,10,54,3,3,72,inf
RL,10,54,3,3,73,inf
RL,10,54,3,3,74,inf
RL,10,54,3,3,75,inf
RL,10,54,3,3,76,inf
RL,10,54,3,3,77,inf
RL,10,54,3,3,78,inf
RL,10,54,3,3,79,inf
RL,10,54,3,3,80,inf
RL,10,54,3,3,81,inf
RL,10,54,3,3,82,inf
RL,10,54,3,3,83,inf
RL,10,54,3,3,84,inf
RL,10,54,3,3,85,inf
RL,10,54,3,3,86,inf
RL,10,54,3,3,87,inf
RL,10,54,3,3,88,inf
RL,10,54,3,3,89,inf
RL,10,54,3,3,90,inf
RL,10,54,3,3,91,inf
RL,10,54,3,3,92,inf
RL,10,54,3,3,93,inf
RL,10,54,3,3,94,inf
RL,10,54,3,3,95,inf
RL,10,54,3,3,96,inf
RL,10,54,3,3,97,inf
RL,10,54,3,3,98,inf
RL,10,54,3,3,99,inf
RL,10,54,3,3,100,inf
Random,10,54,3,4,1,inf
Random,10,54,3,4,2,inf
Random,10,54,3,4,3,inf
Random,10,54,3,4,4,inf
Random,10,54,3,4,5,inf
Random,10,54,3,4,6,inf
Random,10,54,3,4,7,inf
Random,10,54,3,4,8,inf
Random,10,54,3,4,9,inf
Random,10,54,3,4,10,inf
Random,10,54,3,4,11,inf
Random,10,54,3,4,12,inf
Random,10,54,3,4,13,inf
Random,10,54,3,4,14,inf
Random,10,54,3,4,15,inf
Random,10,54,3,4,16,inf
Random,10,54,3,4,17,inf
Random,10,54,3,4,18,inf
Random,10,54,3,4,19,inf
Random,10,54,3,4,20,inf
Random,10,54,3,4,21,inf
Random,10,54,3,4,22,inf
Random,10,54,3,4,23,inf
Random,10,54,3,4,24,inf
Random,10,54,3,4,25,inf
Random,10,54,3,4,26,inf
Random,10,54,3,4,27,inf
Random,10,54,3,4,28,inf
Random,10,54,3,4,29,inf
Random,10,54,3,4,30,inf
Random,10,54,3,4,31,inf
Random,10,54,3,4,32,inf
Random,10,54,3,4,33,inf
Random,10,54,3,4,34,inf
Random,10,54,3,4,35,inf
Random,10,54,3,4,36,inf
Random,10,54,3,4,37,inf
Random,10,54,3,4,38,inf
Random,10,54,3,4,39,inf
Random,10,54,3,4,40,inf
Random,10,54,3,4,41,inf
Random,10,54,3,4,42,inf
Random,10,54,3,4,43,inf
Random,10,54,3,4,44,inf
Random,10,54,3,4,45,inf
Random,10,54,3,4,46,inf
Random,10,54,3,4,47,inf
Random,10,54,3,4,48,inf
Random,10,54,3,4,49,inf
Random,10,54,3,4,50,inf
Random,10,54,3,4,51,inf
Random,10,54,3,4,52,inf
Random,10,54,3,4,53,inf
Random,10,54,3,4,54,inf
Random,10,54,3,4,55,inf
Random,10,54,3,4,56,inf
Random,10,54,3,4,57,inf
Random,10,54,3,4,58,inf
Random,10,54,3,4,59,inf
Random,10,54,3,4,60,inf
Random,10,54,3,4,61,inf
Random,10,54,3,4,62,inf
Random,10,54,3,4,63,inf
Random,10,54,3,4,64,inf
Random,10,54,3,4,65,inf
Random,10,54,3,4,66,inf
Random,10,54,3,4,67,inf
Random,10,54,3,4,68,inf
Random,10,54,3,4,69,inf
Random,10,54,3,4,70,inf
Random,10,54,3,4,71,inf
Random,10,54,3,4,72,inf
Random,10,54,3,4,73,inf
Random,10,54,3,4,74,inf
Random,10,54,3,4,75,inf
Random,10,54,3,4,76,inf
Random,10,54,3,4,77,inf
Random,10,54,3,4,78,inf
Random,10,54,3,4,79,inf
Random,10,54,3,4,80,inf
Random,10,54,3,4,81,inf
Random,10,54,3,4,82,inf
Random,10,54,3,4,83,inf
Random,10,54,3,4,84,inf
Random,10,54,3,4,85,inf
Random,10,54,3,4,86,inf
Random,10,54,3,4,87,inf
Random,10,54,3,4,88,inf
Random,10,54,3,4,89,inf
Random,10,54,3,4,90,inf
Random,10,54,3,4,91,inf
Random,10,54,3,4,92,inf
Random,10,54,3,4,93,inf
Random,10,54,3,4,94,inf
Random,10,54,3,4,95,inf
Random,10,54,3,4,96,inf
Random,10,54,3,4,97,inf
Random,10,54,3,4,98,inf
Random,10,54,3,4,99,inf
Random,10,54,3,4,100,inf
qLogEI,10,54,3,4,1,inf
qLogEI,10,54,3,4,2,inf
qLogEI,10,54,3,4,3,inf
qLogEI,10,54,3,4,4,inf
qLogEI,10,54,3,4,5,inf
qLogEI,10,54,3,4,6,inf
qLogEI,10,54,3,4,7,inf
qLogEI,10,54,3,4,8,inf
qLogEI,10,54,3,4,9,inf
qLogEI,10,54,3,4,10,inf
qLogEI,10,54,3,4,11,inf
qLogEI,10,54,3,4,12,inf
qLogEI,10,54,3,4,13,inf
qLogEI,10,54,3,4,14,inf
qLogEI,10,54,3,4,15,inf
qLogEI,10,54,3,4,16,inf
qLogEI,10,54,3,4,17,inf
qLogEI,10,54,3,4,18,inf
qLogEI,10,54,3,4,19,inf
qLogEI,10,54,3,4,20,inf
qLogEI,10,54,3,4,21,inf
qLogEI,10,54,3,4,22,inf
qLogEI,10,54,3,4,23,inf
qLogEI,10,54,3,4,24,inf
qLogEI,10,54,3,4,25,inf
qLogEI,10,54,3,4,26,inf
qLogEI,10,54,3,4,27,inf
qLogEI,10,54,3,4,28,inf
qLogEI,10,54,3,4,29,inf
qLogEI,10,54,3,4,30,inf
qLogEI,10,54,3,4,31,inf
qLogEI,10,54,3,4,32,inf
qLogEI,10,54,3,4,33,inf
qLogEI,10,54,3,4,34,inf
qLogEI,10,54,3,4,35,inf
qLogEI,10,54,3,4,36,inf
qLogEI,10,54,3,4,37,inf
qLogEI,10,54,3,4,38,inf
qLogEI,10,54,3,4,39,inf
qLogEI,10,54,3,4,40,inf
qLogEI,10,54,3,4,41,inf
qLogEI,10,54,3,4,42,inf
qLogEI,10,54,3,4,43,inf
qLogEI,10,54,3,4,44,inf
qLogEI,10,54,3,4,45,inf
qLogEI,10,54,3,4,46,inf
qLogEI,10,54,3,4,47,inf
qLogEI,10,54,3,4,48,inf
qLogEI,10,54,3,4,49,inf
qLogEI,10,54,3,4,50,inf
qLogEI,10,54,3,4,51,inf
qLogEI,10,54,3,4,52,inf
qLogEI,10,54,3,4,53,inf
qLogEI,10,54,3,4,54,inf
qLogEI,10,54,3,4,55,inf
qLogEI,10,54,3,4,56,inf
qLogEI,10,54,3,4,57,inf
qLogEI,10,54,3,4,58,inf
qLogEI,10,54,3,4,59,inf
qLogEI,10,54,3,4,60,inf
qLogEI,10,54,3,4,61,inf
qLogEI,10,54,3,4,62,inf
qLogEI,10,54,3,4,63,inf
qLogEI,10,54,3,4,64,inf
qLogEI,10,54,3,4,65,inf
qLogEI,10,54,3,4,66,inf
qLogEI,10,54,3,4,67,inf
qLogEI,10,54,3,4,68,inf
qLogEI,10,54,3,4,69,inf
qLogEI,10,54,3,4,70,inf
qLogEI,10,54,3,4,71,inf
qLogEI,10,54,3,4,72,inf
qLogEI,10,54,3,4,73,inf
qLogEI,10,54,3,4,74,inf
qLogEI,10,54,3,4,75,inf
qLogEI,10,54,3,4,76,inf
qLogEI,10,54,3,4,77,inf
qLogEI,10,54,3,4,78,inf
qLogEI,10,54,3,4,79,inf
qLogEI,10,54,3,4,80,inf
qLogEI,10,54,3,4,81,inf
qLogEI,10,54,3,4,82,inf
qLogEI,10,54,3,4,83,inf
qLogEI,10,54,3,4,84,inf
qLogEI,10,54,3,4,85,inf
qLogEI,10,54,3,4,86,inf
qLogEI,10,54,3,4,87,inf
qLogEI,10,54,3,4,88,inf
qLogEI,10,54,3,4,89,inf
qLogEI,10,54,3,4,90,inf
qLogEI,10,54,3,4,91,inf
qLogEI,10,54,3,4,92,inf
qLogEI,10,54,3,4,93,inf
qLogEI,10,54,3,4,94,inf
qLogEI,10,54,3,4,95,inf
qLogEI,10,54,3,4,96,inf
qLogEI,10,54,3,4,97,inf
qLogEI,10,54,3,4,98,inf
qLogEI,10,54,3,4,99,inf
qLogEI,10,54,3,4,100,inf
RL,10,54,3,4,1,inf
RL,10,54,3,4,2,inf
RL,10,54,3,4,3,inf
RL,10,54,3,4,4,inf
RL,10,54,3,4,5,inf
RL,10,54,3,4,6,inf
RL,10,54,3,4,7,inf
RL,10,54,3,4,8,inf
RL,10,54,3,4,9,inf
RL,10,54,3,4,10,inf
RL,10,54,3,4,11,inf
RL,10,54,3,4,12,inf
RL,10,54,3,4,13,inf
RL,10,54,3,4,14,inf
RL,10,54,3,4,15,inf
RL,10,54,3,4,16,inf
RL,10,54,3,4,17,inf
RL,10,54,3,4,18,inf
RL,10,54,3,4,19,inf
RL,10,54,3,4,20,inf
RL,10,54,3,4,21,inf
RL,10,54,3,4,22,inf
RL,10,54,3,4,23,inf
RL,10,54,3,4,24,inf
RL,10,54,3,4,25,inf
RL,10,54,3,4,26,inf
RL,10,54,3,4,27,inf
RL,10,54,3,4,28,inf
RL,10,54,3,4,29,inf
RL,10,54,3,4,30,inf
RL,10,54,3,4,31,inf
RL,10,54,3,4,32,inf
RL,10,54,3,4,33,inf
RL,10,54,3,4,34,inf
RL,10,54,3,4,35,inf
RL,10,54,3,4,36,inf
RL,10,54,3,4,37,inf
RL,10,54,3,4,38,inf
RL,10,54,3,4,39,inf
RL,10,54,3,4,40,inf
RL,10,54,3,4,41,inf
RL,10,54,3,4,42,inf
RL,10,54,3,4,43,inf
RL,10,54,3,4,44,inf
RL,10,54,3,4,45,inf
RL,10,54,3,4,46,inf
RL,10,54,3,4,47,inf
RL,10,54,3,4,48,inf
RL,10,54,3,4,49,inf
RL,10,54,3,4,50,inf
RL,10,54,3,4,51,inf
RL,10,54,3,4,52,inf
RL,10,54,3,4,53,inf
RL,10,54,3,4,54,inf
RL,10,54,3,4,55,inf
RL,10,54,3,4,56,inf
RL,10,54,3,4,57,inf
RL,10,54,3,4,58,inf
RL,10,54,3,4,59,inf
RL,10,54,3,4,60,inf
RL,10,54,3,4,61,inf
RL,10,54,3,4,62,inf
RL,10,54,3,4,63,inf
RL,10,54,3,4,64,inf
RL,10,54,3,4,65,inf
RL,10,54,3,4,66,inf
RL,10,54,3,4,67,inf
RL,10,54,3,4,68,inf
RL,10,54,3,4,69,inf
RL,10,54,3,4,70,inf
RL,10,54,3,4,71,inf
RL,10,54,3,4,72,inf
RL,10,54,3,4,73,inf
RL,10,54,3,4,74,inf
RL,10,54,3,4,75,inf
RL,10,54,3,4,76,inf
RL,10,54,3,4,77,inf
RL,10,54,3,4,78,inf
RL,10,54,3,4,79,inf
RL,10,54,3,4,80,inf
RL,10,54,3,4,81,inf
RL,10,54,3,4,82,inf
RL,10,54,3,4,83,inf
RL,10,54,3,4,84,inf
RL,10,54,3,4,85,inf
RL,10,54,3,4,86,inf
RL,10,54,3,4,87,inf
RL,10,54,3,4,88,inf
RL,10,54,3,4,89,inf
RL,10,54,3,4,90,inf
RL,10,54,3,4,91,inf
RL,10,54,3,4,92,inf
RL,10,54,3,4,93,inf
RL,10,54,3,4,94,inf
RL,10,54,3,4,95,inf
RL,10,54,3,4,96,inf
RL,10,54,3,4,97,inf
RL,10,54,3,4,98,inf
RL,10,54,3,4,99,inf
RL,10,54,3,4,100,inf
