method,dim,function,instance,repetition,eval,best_feasible
Random,2,2,1,0,1,inf
Random,2,2,1,0,2,inf
Random,2,2,1,0,3,-1484.246948032138
Random,2,2,1,0,4,-1484.246948032138
Random,2,2,1,0,5,-1484.246948032138
Random,2,2,1,0,6,-1484.246948032138
Random,2,2,1,0,7,-1484.246948032138
Random,2,2,1,0,8,-1484.246948032138
Random,2,2,1,0,9,-1755.6985952662722
Random,2,2,1,0,10,-1755.6985952662722
Random,2,2,1,0,11,-1755.6985952662722
Random,2,2,1,0,12,-1755.6985952662722
Random,2,2,1,0,13,-1755.6985952662722
Random,2,2,1,0,14,-1755.6985952662722
Random,2,2,1,0,15,-1755.6985952662722
Random,2,2,1,0,16,-1755.6985952662722
Random,2,2,1,0,17,-1755.6985952662722
Random,2,2,1,0,18,-1755.6985952662722
Random,2,2,1,0,19,-1755.6985952662722
Random,2,2,1,0,20,-1755.6985952662722
qLogEI,2,2,1,0,1,inf
qLogEI,2,2,1,0,2,inf
qLogEI,2,2,1,0,3,-1484.246948032138
qLogEI,2,2,1,0,4,-1484.246948032138
qLogEI,2,2,1,0,5,-1746.0645075090229
qLogEI,2,2,1,0,6,-1746.0645075090229
qLogEI,2,2,1,0,7,-1831.6738510654563
qLogEI,2,2,1,0,8,-1915.9953987324227
qLogEI,2,2,1,0,9,-1915.9953987324227
qLogEI,2,2,1,0,10,-1989.0573955682519
qLogEI,2,2,1,0,11,-1989.0573955682519
qLogEI,2,2,1,0,12,-1989.0573955682519
qLogEI,2,2,1,0,13,-1989.0573955682519
qLogEI,2,2,1,0,14,-1989.0573955682519
qLogEI,2,2,1,0,15,-1989.0573955682519
qLogEI,2,2,1,0,16,-2018.7054535806192
qLogEI,2,2,1,0,17,-2018.7054535806192
qLogEI,2,2,1,0,18,-2021.7539479187428
qLogEI,2,2,1,0,19,-2022.5824702519933
qLogEI,2,2,1,0,20,-2022.5824702519933
RL_Full,2,2,1,0,1,inf
RL_Full,2,2,1,0,2,inf
RL_Full,2,2,1,0,3,-1484.246948032138
RL_Full,2,2,1,0,4,-1484.246948032138
RL_Full,2,2,1,0,5,-1484.246948032138
RL_Full,2,2,1,0,6,-1484.246948032138
RL_Full,2,2,1,0,7,-1484.246948032138
RL_Full,2,2,1,0,8,-1484.246948032138
RL_Full,2,2,1,0,9,-1484.246948032138
RL_Full,2,2,1,0,10,-1484.246948032138
RL_Full,2,2,1,0,11,-1484.246948032138
RL_Full,2,2,1,0,12,-1484.246948032138
RL_Full,2,2,1,0,13,-1484.246948032138
RL_Full,2,2,1,0,14,-1484.246948032138
RL_Full,2,2,1,0,15,-1484.246948032138
RL_Full,2,2,1,0,16,-1484.246948032138
RL_Full,2,2,1,0,17,-1484.246948032138
RL_Full,2,2,1,0,18,-1484.246948032138
RL_Full,2,2,1,0,19,-1484.246948032138
RL_Full,2,2,1,0,20,-1484.246948032138
Random,2,2,1,1,1,inf
Random,2,2,1,1,2,inf
Random,2,2,1,1,3,inf
Random,2,2,1,1,4,inf
Random,2,2,1,1,5,inf
Random,2,2,1,1,6,-1756.31204999697
Random,2,2,1,1,7,-1756.31204999697
Random,2,2,1,1,8,-1756.31204999697
Random,2,2,1,1,9,-1756.31204999697
Random,2,2,1,1,10,-1932.2362700572198
Random,2,2,1,1,11,-1932.2362700572198
Random,2,2,1,1,12,-1932.2362700572198
Random,2,2,1,1,13,-1932.2362700572198
Random,2,2,1,1,14,-1932.2362700572198
Random,2,2,1,1,15,-1932.2362700572198
Random,2,2,1,1,16,-1932.2362700572198
Random,2,2,1,1,17,-1932.2362700572198
Random,2,2,1,1,18,-1932.2362700572198
Random,2,2,1,1,19,-1939.0344949368807
Random,2,2,1,1,20,-1939.0344949368807
qLogEI,2,2,1,1,1,inf
qLogEI,2,2,1,1,2,inf
qLogEI,2,2,1,1,3,inf
qLogEI,2,2,1,1,4,inf
qLogEI,2,2,1,1,5,-1353.5384
qLogEI,2,2,1,1,6,-1724.694393631109
qLogEI,2,2,1,1,7,-1808.0119032323437
qLogEI,2,2,1,1,8,-1808.0119032323437
qLogEI,2,2,1,1,9,-1808.0119032323437
qLogEI,2,2,1,1,10,-1808.0119032323437
qLogEI,2,2,1,1,11,-2014.259788221952
qLogEI,2,2,1,1,12,-2014.259788221952
qLogEI,2,2,1,1,13,-2014.259788221952
qLogEI,2,2,1,1,14,-2014.259788221952
qLogEI,2,2,1,1,15,-2014.259788221952
qLogEI,2,2,1,1,16,-2020.5911827390287
qLogEI,2,2,1,1,17,-2020.5911827390287
qLogEI,2,2,1,1,18,-2020.5911827390287
qLogEI,2,2,1,1,19,-2020.5911827390287
qLogEI,2,2,1,1,20,-2020.5911827390287
RL_Full,2,2,1,1,1,inf
RL_Full,2,2,1,1,2,inf
RL_Full,2,2,1,1,3,inf
RL_Full,2,2,1,1,4,inf
RL_Full,2,2,1,1,5,inf
RL_Full,2,2,1,1,6,inf
RL_Full,2,2,1,1,7,inf
RL_Full,2,2,1,1,8,inf
RL_Full,2,2,1,1,9,inf
RL_Full,2,2,1,1,10,inf
RL_Full,2,2,1,1,11,inf
RL_Full,2,2,1,1,12,inf
RL_Full,2,2,1,1,13,inf
RL_Full,2,2,1,1,14,inf
RL_Full,2,2,1,1,15,inf
RL_Full,2,2,1,1,16,inf
RL_Full,2,2,1,1,17,inf
RL_Full,2,2,1,1,18,inf
RL_Full,2,2,1,1,19,inf
RL_Full,2,2,1,1,20,inf
Random,2,2,1,2,1,inf
Random,2,2,1,2,2,-1501.5305258682502
Random,2,2,1,2,3,-1501.5305258682502
Random,2,2,1,2,4,-1501.5305258682502
Random,2,2,1,2,5,-1656.6180149126872
Random,2,2,1,2,6,-1656.6180149126872
Random,2,2,1,2,7,-1928.4692352602017
Random,2,2,1,2,8,-1928.4692352602017
Random,2,2,1,2,9,-1928.4692352602017
Random,2,2,1,2,10,-1928.4692352602017
Random,2,2,1,2,11,-1928.4692352602017
Random,2,2,1,2,12,-1928.4692352602017
Random,2,2,1,2,13,-1928.4692352602017
Random,2,2,1,2,14,-1928.4692352602017
Random,2,2,1,2,15,-1928.4692352602017
Random,2,2,1,2,16,-1928.4692352602017
Random,2,2,1,2,17,-1928.4692352602017
Random,2,2,1,2,18,-1928.4692352602017
Random,2,2,1,2,19,-1928.4692352602017
Random,2,2,1,2,20,-1928.4692352602017
qLogEI,2,2,1,2,1,inf
qLogEI,2,2,1,2,2,-1501.5305258682502
qLogEI,2,2,1,2,3,-1501.5305258682502
qLogEI,2,2,1,2,4,-1501.5305258682502
qLogEI,2,2,1,2,5,-1879.1387654494067
qLogEI,2,2,1,2,6,-1879.1387654494067
qLogEI,2,2,1,2,7,-1999.781535713118
qLogEI,2,2,1,2,8,-1999.781535713118
qLogEI,2,2,1,2,9,-2003.4394634076612
qLogEI,2,2,1,2,10,-2003.6505009470795
qLogEI,2,2,1,2,11,-2003.6505009470795
qLogEI,2,2,1,2,12,-2010.2159379438817
qLogEI,2,2,1,2,13,-2010.2159379438817
qLogEI,2,2,1,2,14,-2010.2159379438817
qLogEI,2,2,1,2,15,-2010.2159379438817
qLogEI,2,2,1,2,16,-2013.4491908613677
qLogEI,2,2,1,2,17,-2013.4491908613677
qLogEI,2,2,1,2,18,-2013.4491908613677
qLogEI,2,2,1,2,19,-2013.4491908613677
qLogEI,2,2,1,2,20,-2013.4491908613677
RL_Full,2,2,1,2,1,inf
RL_Full,2,2,1,2,2,-1501.5305258682502
RL_Full,2,2,1,2,3,-1501.5305258682502
RL_Full,2,2,1,2,4,-1501.5305258682502
RL_Full,2,2,1,2,5,-1501.5305258682502
RL_Full,2,2,1,2,6,-1501.5305258682502
RL_Full,2,2,1,2,7,-1501.5305258682502
RL_Full,2,2,1,2,8,-1501.5305258682502
RL_Full,2,2,1,2,9,-1501.5305258682502
RL_Full,2,2,1,2,10,-1501.5305258682502
RL_Full,2,2,1,2,11,-1501.5305258682502
RL_Full,2,2,1,2,12,-1501.5305258682502
RL_Full,2,2,1,2,13,-1501.5305258682502
RL_Full,2,2,1,2,14,-1501.5305258682502
RL_Full,2,2,1,2,15,-1501.5305258682502
RL_Full,2,2,1,2,16,-1501.5305258682502
RL_Full,2,2,1,2,17,-1501.5305258682502
RL_Full,2,2,1,2,18,-1501.5305258682502
RL_Full,2,2,1,2,19,-1501.5305258682502
RL_Full,2,2,1,2,20,-1501.5305258682502
Random,2,2,1,3,1,inf
Random,2,2,1,3,2,-1304.8001685975307
Random,2,2,1,3,3,-1304.8001685975307
Random,2,2,1,3,4,-1304.8001685975307
Random,2,2,1,3,5,-1525.061023225321
Random,2,2,1,3,6,-1575.4032984535124
Random,2,2,1,3,7,-1575.4032984535124
Random,2,2,1,3,8,-1575.4032984535124
Random,2,2,1,3,9,-1575.4032984535124
Random,2,2,1,3,10,-1575.4032984535124
Random,2,2,1,3,11,-1575.4032984535124
Random,2,2,1,3,12,-1575.4032984535124
Random,2,2,1,3,13,-1732.6495003331793
Random,2,2,1,3,14,-1732.6495003331793
Random,2,2,1,3,15,-1732.6495003331793
Random,2,2,1,3,16,-1732.6495003331793
Random,2,2,1,3,17,-1817.8415078605685
Random,2,2,1,3,18,-1817.8415078605685
Random,2,2,1,3,19,-1817.8415078605685
Random,2,2,1,3,20,-1817.8415078605685
qLogEI,2,2,1,3,1,inf
qLogEI,2,2,1,3,2,-1304.8001685975307
qLogEI,2,2,1,3,3,-1304.8001685975307
qLogEI,2,2,1,3,4,-1304.8001685975307
qLogEI,2,2,1,3,5,-1304.8001685975307
qLogEI,2,2,1,3,6,-1890.44189681227
qLogEI,2,2,1,3,7,-1908.6995807197397
qLogEI,2,2,1,3,8,-1960.4593533801135
qLogEI,2,2,1,3,9,-1993.4875954432523
qLogEI,2,2,1,3,10,-1993.4875954432523
qLogEI,2,2,1,3,11,-2015.4104676849233
qLogEI,2,2,1,3,12,-2015.4104676849233
qLogEI,2,2,1,3,13,-2015.4104676849233
qLogEI,2,2,1,3,14,-2015.4104676849233
qLogEI,2,2,1,3,15,-2015.4104676849233
qLogEI,2,2,1,3,16,-2015.4104676849233
qLogEI,2,2,1,3,17,-2015.4104676849233
qLogEI,2,2,1,3,18,-2015.4104676849233
qLogEI,2,2,1,3,19,-2015.4104676849233
qLogEI,2,2,1,3,20,-2015.4104676849233
RL_Full,2,2,1,3,1,inf
RL_Full,2,2,1,3,2,-1304.8001685975307
RL_Full,2,2,1,3,3,-1304.8001685975307
RL_Full,2,2,1,3,4,-1304.8001685975307
RL_Full,2,2,1,3,5,-1304.8001685975307
RL_Full,2,2,1,3,6,-1304.8001685975307
RL_Full,2,2,1,3,7,-1304.8001685975307
RL_Full,2,2,1,3,8,-1304.8001685975307
RL_Full,2,2,1,3,9,-1304.8001685975307
RL_Full,2,2,1,3,10,-1304.8001685975307
RL_Full,2,2,1,3,11,-1304.8001685975307
RL_Full,2,2,1,3,12,-1304.8001685975307
RL_Full,2,2,1,3,13,-1304.8001685975307
RL_Full,2,2,1,3,14,-1304.8001685975307
RL_Full,2,2,1,3,15,-1304.8001685975307
RL_Full,2,2,1,3,16,-1304.8001685975307
RL_Full,2,2,1,3,17,-1304.8001685975307
RL_Full,2,2,1,3,18,-1304.8001685975307
RL_Full,2,2,1,3,19,-1304.8001685975307
RL_Full,2,2,1,3,20,-1304.8001685975307
Random,2,2,1,4,1,-1424.8122622011065
Random,2,2,1,4,2,-1424.8122622011065
Random,2,2,1,4,3,-1424.8122622011065
Random,2,2,1,4,4,-1424.8122622011065
Random,2,2,1,4,5,-1424.8122622011065
Random,2,2,1,4,6,-1582.7335723488275
Random,2,2,1,4,7,-1801.4902191691679
Random,2,2,1,4,8,-1929.9078613679603
Random,2,2,1,4,9,-1929.9078613679603
Random,2,2,1,4,10,-1929.9078613679603
Random,2,2,1,4,11,-1929.9078613679603
Random,2,2,1,4,12,-1929.9078613679603
Random,2,2,1,4,13,-1929.9078613679603
Random,2,2,1,4,14,-1979.2281983453768
Random,2,2,1,4,15,-1979.2281983453768
Random,2,2,1,4,16,-1979.2281983453768
Random,2,2,1,4,17,-1979.2281983453768
Random,2,2,1,4,18,-1979.2281983453768
Random,2,2,1,4,19,-1979.2281983453768
Random,2,2,1,4,20,-1979.2281983453768
qLogEI,2,2,1,4,1,-1424.8122622011065
qLogEI,2,2,1,4,2,-1424.8122622011065
qLogEI,2,2,1,4,3,-1424.8122622011065
qLogEI,2,2,1,4,4,-1424.8122622011065
qLogEI,2,2,1,4,5,-1424.8122622011065
qLogEI,2,2,1,4,6,-1424.8122622011065
qLogEI,2,2,1,4,7,-1424.8122622011065
qLogEI,2,2,1,4,8,-1424.8122622011065
qLogEI,2,2,1,4,9,-1687.5430581899882
qLogEI,2,2,1,4,10,-1819.549794732068
qLogEI,2,2,1,4,11,-1915.4154609770785
qLogEI,2,2,1,4,12,-1915.4154609770785
qLogEI,2,2,1,4,13,-1935.523389887626
qLogEI,2,2,1,4,14,-1974.9845824197855
qLogEI,2,2,1,4,15,-1995.9087869100313
qLogEI,2,2,1,4,16,-1995.9087869100313
qLogEI,2,2,1,4,17,-1995.9087869100313
qLogEI,2,2,1,4,18,-1995.9087869100313
qLogEI,2,2,1,4,19,-2018.1688953175285
qLogEI,2,2,1,4,20,-2018.1688953175285
RL_Full,2,2,1,4,1,-1424.8122622011065
RL_Full,2,2,1,4,2,-1424.8122622011065
RL_Full,2,2,1,4,3,-1424.8122622011065
RL_Full,2,2,1,4,4,-1424.8122622011065
RL_Full,2,2,1,4,5,-1424.8122622011065
RL_Full,2,2,1,4,6,-1424.8122622011065
RL_Full,2,2,1,4,7,-1424.8122622011065
RL_Full,2,2,1,4,8,-1424.8122622011065
RL_Full,2,2,1,4,9,-1424.8122622011065
RL_Full,2,2,1,4,10,-1424.8122622011065
RL_Full,2,2,1,4,11,-1424.8122622011065
RL_Full,2,2,1,4,12,-1424.8122622011065
RL_Full,2,2,1,4,13,-1424.8122622011065
RL_Full,2,2,1,4,14,-1424.8122622011065
RL_Full,2,2,1,4,15,-1424.8122622011065
RL_Full,2,2,1,4,16,-1424.8122622011065
RL_Full,2,2,1,4,17,-1424.8122622011065
RL_Full,2,2,1,4,18,-1424.8122622011065
RL_Full,2,2,1,4,19,-1424.8122622011065
RL_Full,2,2,1,4,20,-1424.8122622011065
Random,2,2,2,0,1,inf
Random,2,2,2,0,2,inf
Random,2,2,2,0,3,inf
Random,2,2,2,0,4,inf
Random,2,2,2,0,5,inf
Random,2,2,2,0,6,inf
Random,2,2,2,0,7,inf
Random,2,2,2,0,8,inf
Random,2,2,2,0,9,inf
Random,2,2,2,0,10,inf
Random,2,2,2,0,11,inf
Random,2,2,2,0,12,inf
Random,2,2,2,0,13,inf
Random,2,2,2,0,14,inf
Random,2,2,2,0,15,inf
Random,2,2,2,0,16,inf
Random,2,2,2,0,17,inf
Random,2,2,2,0,18,inf
Random,2,2,2,0,19,inf
Random,2,2,2,0,20,inf
qLogEI,2,2,2,0,1,inf
qLogEI,2,2,2,0,2,inf
qLogEI,2,2,2,0,3,inf
qLogEI,2,2,2,0,4,inf
qLogEI,2,2,2,0,5,inf
qLogEI,2,2,2,0,6,inf
qLogEI,2,2,2,0,7,inf
qLogEI,2,2,2,0,8,inf
qLogEI,2,2,2,0,9,inf
qLogEI,2,2,2,0,10,inf
qLogEI,2,2,2,0,11,inf
qLogEI,2,2,2,0,12,inf
qLogEI,2,2,2,0,13,inf
qLogEI,2,2,2,0,14,inf
qLogEI,2,2,2,0,15,inf
qLogEI,2,2,2,0,16,inf
qLogEI,2,2,2,0,17,inf
qLogEI,2,2,2,0,18,inf
qLogEI,2,2,2,0,19,inf
qLogEI,2,2,2,0,20,inf
RL_Full,2,2,2,0,1,inf
RL_Full,2,2,2,0,2,inf
RL_Full,2,2,2,0,3,inf
RL_Full,2,2,2,0,4,inf
RL_Full,2,2,2,0,5,inf
RL_Full,2,2,2,0,6,inf
RL_Full,2,2,2,0,7,inf
RL_Full,2,2,2,0,8,inf
RL_Full,2,2,2,0,9,inf
RL_Full,2,2,2,0,10,inf
RL_Full,2,2,2,0,11,inf
RL_Full,2,2,2,0,12,inf
RL_Full,2,2,2,0,13,inf
RL_Full,2,2,2,0,14,inf
RL_Full,2,2,2,0,15,inf
RL_Full,2,2,2,0,16,inf
RL_Full,2,2,2,0,17,inf
RL_Full,2,2,2,0,18,inf
RL_Full,2,2,2,0,19,inf
RL_Full,2,2,2,0,20,inf
Random,2,2,2,1,1,inf
Random,2,2,2,1,2,inf
Random,2,2,2,1,3,inf
Random,2,2,2,1,4,inf
Random,2,2,2,1,5,inf
Random,2,2,2,1,6,inf
Random,2,2,2,1,7,inf
Random,2,2,2,1,8,inf
Random,2,2,2,1,9,inf
Random,2,2,2,1,10,inf
Random,2,2,2,1,11,inf
Random,2,2,2,1,12,inf
Random,2,2,2,1,13,inf
Random,2,2,2,1,14,inf
Random,2,2,2,1,15,inf
Random,2,2,2,1,16,inf
Random,2,2,2,1,17,inf
Random,2,2,2,1,18,inf
Random,2,2,2,1,19,inf
Random,2,2,2,1,20,inf
qLogEI,2,2,2,1,1,inf
qLogEI,2,2,2,1,2,inf
qLogEI,2,2,2,1,3,inf
qLogEI,2,2,2,1,4,inf
qLogEI,2,2,2,1,5,inf
qLogEI,2,2,2,1,6,inf
qLogEI,2,2,2,1,7,inf
qLogEI,2,2,2,1,8,inf
qLogEI,2,2,2,1,9,inf
qLogEI,2,2,2,1,10,inf
qLogEI,2,2,2,1,11,inf
qLogEI,2,2,2,1,12,inf
qLogEI,2,2,2,1,13,inf
qLogEI,2,2,2,1,14,inf
qLogEI,2,2,2,1,15,inf
qLogEI,2,2,2,1,16,inf
qLogEI,2,2,2,1,17,inf
qLogEI,2,2,2,1,18,inf
qLogEI,2,2,2,1,19,inf
qLogEI,2,2,2,1,20,inf
RL_Full,2,2,2,1,1,inf
RL_Full,2,2,2,1,2,inf
RL_Full,2,2,2,1,3,inf
RL_Full,2,2,2,1,4,inf
RL_Full,2,2,2,1,5,inf
RL_Full,2,2,2,1,6,inf
RL_Full,2,2,2,1,7,inf
RL_Full,2,2,2,1,8,inf
RL_Full,2,2,2,1,9,inf
RL_Full,2,2,2,1,10,inf
RL_Full,2,2,2,1,11,inf
RL_Full,2,2,2,1,12,inf
RL_Full,2,2,2,1,13,inf
RL_Full,2,2,2,1,14,inf
RL_Full,2,2,2,1,15,inf
RL_Full,2,2,2,1,16,inf
RL_Full,2,2,2,1,17,inf
RL_Full,2,2,2,1,18,inf
RL_Full,2,2,2,1,19,inf
RL_Full,2,2,2,1,20,inf
Random,2,2,2,2,1,-714.3323717964231
Random,2,2,2,2,2,-714.3323717964231
Random,2,2,2,2,3,-714.3323717964231
Random,2,2,2,2,4,-714.3323717964231
Random,2,2,2,2,5,-714.3323717964231
Random,2,2,2,2,6,-714.3323717964231
Random,2,2,2,2,7,-714.3323717964231
Random,2,2,2,2,8,-714.3323717964231
Random,2,2,2,2,9,-714.3323717964231
Random,2,2,2,2,10,-714.3323717964231
Random,2,2,2,2,11,-714.3323717964231
Random,2,2,2,2,12,-714.3323717964231
Random,2,2,2,2,13,-714.3323717964231
Random,2,2,2,2,14,-714.3323717964231
Random,2,2,2,2,15,-714.3323717964231
Random,2,2,2,2,16,-714.3323717964231
Random,2,2,2,2,17,-714.3323717964231
Random,2,2,2,2,18,-714.3323717964231
Random,2,2,2,2,19,-714.3323717964231
Random,2,2,2,2,20,-714.3323717964231
qLogEI,2,2,2,2,1,-714.3323717964231
qLogEI,2,2,2,2,2,-714.3323717964231
qLogEI,2,2,2,2,3,-714.3323717964231
qLogEI,2,2,2,2,4,-714.3323717964231
qLogEI,2,2,2,2,5,-714.3323717964231
qLogEI,2,2,2,2,6,-714.3323717964231
qLogEI,2,2,2,2,7,-714.3323717964231
qLogEI,2,2,2,2,8,-714.3323717964231
qLogEI,2,2,2,2,9,-838.0653278516531
qLogEI,2,2,2,2,10,-838.0653278516531
qLogEI,2,2,2,2,11,-838.0653278516531
qLogEI,2,2,2,2,12,-838.0653278516531
qLogEI,2,2,2,2,13,-846.2818114803479
qLogEI,2,2,2,2,14,-846.2818114803479
qLogEI,2,2,2,2,15,-846.2818114803479
qLogEI,2,2,2,2,16,-846.2818114803479
qLogEI,2,2,2,2,17,-849.7851236118969
qLogEI,2,2,2,2,18,-849.7851236118969
qLogEI,2,2,2,2,19,-849.7851236118969
qLogEI,2,2,2,2,20,-849.7851236118969
RL_Full,2,2,2,2,1,-714.3323717964231
RL_Full,2,2,2,2,2,-714.3323717964231
RL_Full,2,2,2,2,3,-714.3323717964231
RL_Full,2,2,2,2,4,-714.3323717964231
RL_Full,2,2,2,2,5,-714.3323717964231
RL_Full,2,2,2,2,6,-714.3323717964231
RL_Full,2,2,2,2,7,-714.3323717964231
RL_Full,2,2,2,2,8,-714.3323717964231
RL_Full,2,2,2,2,9,-714.3323717964231
RL_Full,2,2,2,2,10,-714.3323717964231
RL_Full,2,2,2,2,11,-714.3323717964231
RL_Full,2,2,2,2,12,-714.3323717964231
RL_Full,2,2,2,2,13,-714.3323717964231
RL_Full,2,2,2,2,14,-714.3323717964231
RL_Full,2,2,2,2,15,-714.3323717964231
RL_Full,2,2,2,2,16,-714.3323717964231
RL_Full,2,2,2,2,17,-714.3323717964231
RL_Full,2,2,2,2,18,-714.3323717964231
RL_Full,2,2,2,2,19,-714.3323717964231
RL_Full,2,2,2,2,20,-714.3323717964231
Random,2,2,2,3,1,inf
Random,2,2,2,3,2,inf
Random,2,2,2,3,3,inf
Random,2,2,2,3,4,inf
Random,2,2,2,3,5,inf
Random,2,2,2,3,6,inf
Random,2,2,2,3,7,inf
Random,2,2,2,3,8,inf
Random,2,2,2,3,9,inf
Random,2,2,2,3,10,inf
Random,2,2,2,3,11,inf
Random,2,2,2,3,12,inf
Random,2,2,2,3,13,inf
Random,2,2,2,3,14,inf
Random,2,2,2,3,15,inf
Random,2,2,2,3,16,inf
Random,2,2,2,3,17,inf
Random,2,2,2,3,18,inf
Random,2,2,2,3,19,inf
Random,2,2,2,3,20,inf
qLogEI,2,2,2,3,1,inf
qLogEI,2,2,2,3,2,inf
qLogEI,2,2,2,3,3,inf
qLogEI,2,2,2,3,4,inf
qLogEI,2,2,2,3,5,inf
qLogEI,2,2,2,3,6,inf
qLogEI,2,2,2,3,7,inf
qLogEI,2,2,2,3,8,inf
qLogEI,2,2,2,3,9,inf
qLogEI,2,2,2,3,10,inf
qLogEI,2,2,2,3,11,inf
qLogEI,2,2,2,3,12,inf
qLogEI,2,2,2,3,13,inf
qLogEI,2,2,2,3,14,inf
qLogEI,2,2,2,3,15,inf
qLogEI,2,2,2,3,16,inf
qLogEI,2,2,2,3,17,inf
qLogEI,2,2,2,3,18,inf
qLogEI,2,2,2,3,19,inf
qLogEI,2,2,2,3,20,inf
RL_Full,2,2,2,3,1,inf
RL_Full,2,2,2,3,2,inf
RL_Full,2,2,2,3,3,inf
RL_Full,2,2,2,3,4,inf
RL_Full,2,2,2,3,5,inf
RL_Full,2,2,2,3,6,inf
RL_Full,2,2,2,3,7,inf
RL_Full,2,2,2,3,8,inf
RL_Full,2,2,2,3,9,inf
RL_Full,2,2,2,3,10,inf
RL_Full,2,2,2,3,11,inf
RL_Full,2,2,2,3,12,inf
RL_Full,2,2,2,3,13,inf
RL_Full,2,2,2,3,14,inf
RL_Full,2,2,2,3,15,inf
RL_Full,2,2,2,3,16,inf
RL_Full,2,2,2,3,17,inf
RL_Full,2,2,2,3,18,inf
RL_Full,2,2,2,3,19,inf
RL_Full,2,2,2,3,20,inf
Random,2,2,2,4,1,inf
Random,2,2,2,4,2,inf
Random,2,2,2,4,3,inf
Random,2,2,2,4,4,inf
Random,2,2,2,4,5,inf
Random,2,2,2,4,6,inf
Random,2,2,2,4,7,inf
Random,2,2,2,4,8,inf
Random,2,2,2,4,9,inf
Random,2,2,2,4,10,inf
Random,2,2,2,4,11,inf
Random,2,2,2,4,12,inf
Random,2,2,2,4,13,inf
Random,2,2,2,4,14,inf
Random,2,2,2,4,15,inf
Random,2,2,2,4,16,inf
Random,2,2,2,4,17,inf
Random,2,2,2,4,18,inf
Random,2,2,2,4,19,inf
Random,2,2,2,4,20,inf
qLogEI,2,2,2,4,1,inf
qLogEI,2,2,2,4,2,inf
qLogEI,2,2,2,4,3,inf
qLogEI,2,2,2,4,4,inf
qLogEI,2,2,2,4,5,inf
qLogEI,2,2,2,4,6,inf
qLogEI,2,2,2,4,7,inf
qLogEI,2,2,2,4,8,inf
qLogEI,2,2,2,4,9,inf
qLogEI,2,2,2,4,10,inf
qLogEI,2,2,2,4,11,inf
qLogEI,2,2,2,4,12,inf
qLogEI,2,2,2,4,13,inf
qLogEI,2,2,2,4,14,inf
qLogEI,2,2,2,4,15,inf
qLogEI,2,2,2,4,16,inf
qLogEI,2,2,2,4,17,inf
qLogEI,2,2,2,4,18,inf
qLogEI,2,2,2,4,19,inf
qLogEI,2,2,2,4,20,inf
RL_Full,2,2,2,4,1,inf
RL_Full,2,2,2,4,2,inf
RL_Full,2,2,2,4,3,inf
RL_Full,2,2,2,4,4,inf
RL_Full,2,2,2,4,5,inf
RL_Full,2,2,2,4,6,inf
RL_Full,2,2,2,4,7,inf
RL_Full,2,2,2,4,8,inf
RL_Full,2,2,2,4,9,inf
RL_Full,2,2,2,4,10,inf
RL_Full,2,2,2,4,11,inf
RL_Full,2,2,2,4,12,inf
RL_Full,2,2,2,4,13,inf
RL_Full,2,2,2,4,14,inf
RL_Full,2,2,2,4,15,inf
RL_Full,2,2,2,4,16,inf
RL_Full,2,2,2,4,17,inf
RL_Full,2,2,2,4,18,inf
RL_Full,2,2,2,4,19,inf
RL_Full,2,2,2,4,20,inf
Random,2,2,3,0,1,-6.624960755369926
Random,2,2,3,0,2,-6.624960755369926
Random,2,2,3,0,3,-6.624960755369926
Random,2,2,3,0,4,-6.624960755369926
Random,2,2,3,0,5,-6.624960755369926
Random,2,2,3,0,6,-6.624960755369926
Random,2,2,3,0,7,-538.7854115780654
Random,2,2,3,0,8,-538.7854115780654
Random,2,2,3,0,9,-538.7854115780654
Random,2,2,3,0,10,-538.7854115780654
Random,2,2,3,0,11,-538.7854115780654
Random,2,2,3,0,12,-538.7854115780654
Random,2,2,3,0,13,-538.7854115780654
Random,2,2,3,0,14,-538.7854115780654
Random,2,2,3,0,15,-538.7854115780654
Random,2,2,3,0,16,-538.7854115780654
Random,2,2,3,0,17,-681.2406693510877
Random,2,2,3,0,18,-681.2406693510877
Random,2,2,3,0,19,-681.2406693510877
Random,2,2,3,0,20,-681.2406693510877
qLogEI,2,2,3,0,1,-6.624960755369926
qLogEI,2,2,3,0,2,-6.624960755369926
qLogEI,2,2,3,0,3,-6.624960755369926
qLogEI,2,2,3,0,4,-6.624960755369926
qLogEI,2,2,3,0,5,-253.76743386498816
qLogEI,2,2,3,0,6,-434.0560811367419
qLogEI,2,2,3,0,7,-502.54239392417855
qLogEI,2,2,3,0,8,-586.6672878753091
qLogEI,2,2,3,0,9,-707.0439078260006
qLogEI,2,2,3,0,10,-707.0439078260006
qLogEI,2,2,3,0,11,-764.7471638261628
qLogEI,2,2,3,0,12,-764.7471638261628
qLogEI,2,2,3,0,13,-784.3366930660595
qLogEI,2,2,3,0,14,-784.3366930660595
qLogEI,2,2,3,0,15,-784.3366930660595
qLogEI,2,2,3,0,16,-784.3366930660595
qLogEI,2,2,3,0,17,-784.3366930660595
qLogEI,2,2,3,0,18,-784.3366930660595
qLogEI,2,2,3,0,19,-796.8626810324844
qLogEI,2,2,3,0,20,-797.9218368166988
RL_Full,2,2,3,0,1,-6.624960755369926
RL_Full,2,2,3,0,2,-6.624960755369926
RL_Full,2,2,3,0,3,-6.624960755369926
RL_Full,2,2,3,0,4,-6.624960755369926
RL_Full,2,2,3,0,5,-6.624960755369926
RL_Full,2,2,3,0,6,-6.624960755369926
RL_Full,2,2,3,0,7,-6.624960755369926
RL_Full,2,2,3,0,8,-6.624960755369926
RL_Full,2,2,3,0,9,-6.624960755369926
RL_Full,2,2,3,0,10,-6.624960755369926
RL_Full,2,2,3,0,11,-6.624960755369926
RL_Full,2,2,3,0,12,-6.624960755369926
RL_Full,2,2,3,0,13,-6.624960755369926
RL_Full,2,2,3,0,14,-6.624960755369926
RL_Full,2,2,3,0,15,-6.624960755369926
RL_Full,2,2,3,0,16,-6.624960755369926
RL_Full,2,2,3,0,17,-6.624960755369926
RL_Full,2,2,3,0,18,-6.624960755369926
RL_Full,2,2,3,0,19,-6.624960755369926
RL_Full,2,2,3,0,20,-6.624960755369926
Random,2,2,3,1,1,inf
Random,2,2,3,1,2,inf
Random,2,2,3,1,3,inf
Random,2,2,3,1,4,inf
Random,2,2,3,1,5,inf
Random,2,2,3,1,6,inf
Random,2,2,3,1,7,inf
Random,2,2,3,1,8,inf
Random,2,2,3,1,9,inf
Random,2,2,3,1,10,inf
Random,2,2,3,1,11,-602.2970733350624
Random,2,2,3,1,12,-602.2970733350624
Random,2,2,3,1,13,-695.9339682374944
Random,2,2,3,1,14,-695.9339682374944
Random,2,2,3,1,15,-695.9339682374944
Random,2,2,3,1,16,-695.9339682374944
Random,2,2,3,1,17,-695.9339682374944
Random,2,2,3,1,18,-695.9339682374944
Random,2,2,3,1,19,-695.9339682374944
Random,2,2,3,1,20,-695.9339682374944
qLogEI,2,2,3,1,1,inf
qLogEI,2,2,3,1,2,inf
qLogEI,2,2,3,1,3,inf
qLogEI,2,2,3,1,4,inf
qLogEI,2,2,3,1,5,-595.9553008131838
qLogEI,2,2,3,1,6,-595.9553008131838
qLogEI,2,2,3,1,7,-595.9553008131838
qLogEI,2,2,3,1,8,-740.5723859511362
qLogEI,2,2,3,1,9,-740.5723859511362
qLogEI,2,2,3,1,10,-740.5723859511362
qLogEI,2,2,3,1,11,-762.8236899977264
qLogEI,2,2,3,1,12,-769.7089878673204
qLogEI,2,2,3,1,13,-781.4301913791741
qLogEI,2,2,3,1,14,-781.4301913791741
qLogEI,2,2,3,1,15,-789.7941139269119
qLogEI,2,2,3,1,16,-800.2938855119182
qLogEI,2,2,3,1,17,-802.4306994486636
qLogEI,2,2,3,1,18,-802.4306994486636
qLogEI,2,2,3,1,19,-802.4306994486636
qLogEI,2,2,3,1,20,-802.4306994486636
RL_Full,2,2,3,1,1,inf
RL_Full,2,2,3,1,2,inf
RL_Full,2,2,3,1,3,inf
RL_Full,2,2,3,1,4,inf
RL_Full,2,2,3,1,5,inf
RL_Full,2,2,3,1,6,inf
RL_Full,2,2,3,1,7,inf
RL_Full,2,2,3,1,8,inf
RL_Full,2,2,3,1,9,inf
RL_Full,2,2,3,1,10,inf
RL_Full,2,2,3,1,11,inf
RL_Full,2,2,3,1,12,inf
RL_Full,2,2,3,1,13,inf
RL_Full,2,2,3,1,14,inf
RL_Full,2,2,3,1,15,inf
RL_Full,2,2,3,1,16,inf
RL_Full,2,2,3,1,17,inf
RL_Full,2,2,3,1,18,inf
RL_Full,2,2,3,1,19,inf
RL_Full,2,2,3,1,20,inf
Random,2,2,3,2,1,inf
Random,2,2,3,2,2,inf
Random,2,2,3,2,3,inf
Random,2,2,3,2,4,inf
Random,2,2,3,2,5,inf
Random,2,2,3,2,6,inf
Random,2,2,3,2,7,inf
Random,2,2,3,2,8,inf
Random,2,2,3,2,9,inf
Random,2,2,3,2,10,-378.8807032376685
Random,2,2,3,2,11,-500.39159316956363
Random,2,2,3,2,12,-500.39159316956363
Random,2,2,3,2,13,-500.39159316956363
Random,2,2,3,2,14,-500.39159316956363
Random,2,2,3,2,15,-500.39159316956363
Random,2,2,3,2,16,-500.39159316956363
Random,2,2,3,2,17,-500.39159316956363
Random,2,2,3,2,18,-530.5898771541022
Random,2,2,3,2,19,-530.5898771541022
Random,2,2,3,2,20,-530.5898771541022
qLogEI,2,2,3,2,1,inf
qLogEI,2,2,3,2,2,inf
qLogEI,2,2,3,2,3,inf
qLogEI,2,2,3,2,4,inf
qLogEI,2,2,3,2,5,-717.2755487536945
qLogEI,2,2,3,2,6,-717.2755487536945
qLogEI,2,2,3,2,7,-768.9844396624878
qLogEI,2,2,3,2,8,-775.7529372773663
qLogEI,2,2,3,2,9,-775.7529372773663
qLogEI,2,2,3,2,10,-793.5413515655412
qLogEI,2,2,3,2,11,-797.9556198924683
qLogEI,2,2,3,2,12,-797.9556198924683
qLogEI,2,2,3,2,13,-797.9556198924683
qLogEI,2,2,3,2,14,-797.9556198924683
qLogEI,2,2,3,2,15,-797.9556198924683
qLogEI,2,2,3,2,16,-797.9556198924683
qLogEI,2,2,3,2,17,-797.9556198924683
qLogEI,2,2,3,2,18,-797.9556198924683
qLogEI,2,2,3,2,19,-797.9556198924683
qLogEI,2,2,3,2,20,-797.9556198924683
RL_Full,2,2,3,2,1,inf
RL_Full,2,2,3,2,2,inf
RL_Full,2,2,3,2,3,inf
RL_Full,2,2,3,2,4,inf
RL_Full,2,2,3,2,5,inf
RL_Full,2,2,3,2,6,inf
RL_Full,2,2,3,2,7,inf
RL_Full,2,2,3,2,8,inf
RL_Full,2,2,3,2,9,inf
RL_Full,2,2,3,2,10,inf
RL_Full,2,2,3,2,11,inf
RL_Full,2,2,3,2,12,inf
RL_Full,2,2,3,2,13,inf
RL_Full,2,2,3,2,14,inf
RL_Full,2,2,3,2,15,inf
RL_Full,2,2,3,2,16,inf
RL_Full,2,2,3,2,17,inf
RL_Full,2,2,3,2,18,inf
RL_Full,2,2,3,2,19,inf
RL_Full,2,2,3,2,20,inf
Random,2,2,3,3,1,inf
Random,2,2,3,3,2,inf
Random,2,2,3,3,3,inf
Random,2,2,3,3,4,inf
Random,2,2,3,3,5,inf
Random,2,2,3,3,6,inf
Random,2,2,3,3,7,inf
Random,2,2,3,3,8,inf
Random,2,2,3,3,9,inf
Random,2,2,3,3,10,inf
Random,2,2,3,3,11,inf
Random,2,2,3,3,12,-209.08875890742266
Random,2,2,3,3,13,-209.08875890742266
Random,2,2,3,3,14,-209.08875890742266
Random,2,2,3,3,15,-209.08875890742266
Random,2,2,3,3,16,-431.28771494135697
Random,2,2,3,3,17,-431.28771494135697
Random,2,2,3,3,18,-431.28771494135697
Random,2,2,3,3,19,-431.28771494135697
Random,2,2,3,3,20,-431.28771494135697
qLogEI,2,2,3,3,1,inf
qLogEI,2,2,3,3,2,inf
qLogEI,2,2,3,3,3,inf
qLogEI,2,2,3,3,4,inf
qLogEI,2,2,3,3,5,inf
qLogEI,2,2,3,3,6,-393.8023680000001
qLogEI,2,2,3,3,7,-393.8023680000001
qLogEI,2,2,3,3,8,-729.9578112914865
qLogEI,2,2,3,3,9,-737.1396462688637
qLogEI,2,2,3,3,10,-755.0434780167429
qLogEI,2,2,3,3,11,-755.0434780167429
qLogEI,2,2,3,3,12,-786.1360199589261
qLogEI,2,2,3,3,13,-786.1360199589261
qLogEI,2,2,3,3,14,-786.1360199589261
qLogEI,2,2,3,3,15,-786.1360199589261
qLogEI,2,2,3,3,16,-787.196086323012
qLogEI,2,2,3,3,17,-787.7118956535999
qLogEI,2,2,3,3,18,-796.9187913581468
qLogEI,2,2,3,3,19,-796.9187913581468
qLogEI,2,2,3,3,20,-796.9187913581468
RL_Full,2,2,3,3,1,inf
RL_Full,2,2,3,3,2,inf
RL_Full,2,2,3,3,3,inf
RL_Full,2,2,3,3,4,inf
RL_Full,2,2,3,3,5,inf
RL_Full,2,2,3,3,6,inf
RL_Full,2,2,3,3,7,inf
RL_Full,2,2,3,3,8,inf
RL_Full,2,2,3,3,9,inf
RL_Full,2,2,3,3,10,inf
RL_Full,2,2,3,3,11,inf
RL_Full,2,2,3,3,12,inf
RL_Full,2,2,3,3,13,inf
RL_Full,2,2,3,3,14,inf
RL_Full,2,2,3,3,15,inf
RL_Full,2,2,3,3,16,inf
RL_Full,2,2,3,3,17,inf
RL_Full,2,2,3,3,18,inf
RL_Full,2,2,3,3,19,inf
RL_Full,2,2,3,3,20,inf
Random,2,2,3,4,1,inf
Random,2,2,3,4,2,-445.39911824747406
Random,2,2,3,4,3,-445.39911824747406
Random,2,2,3,4,4,-445.39911824747406
Random,2,2,3,4,5,-445.39911824747406
Random,2,2,3,4,6,-445.39911824747406
Random,2,2,3,4,7,-445.39911824747406
Random,2,2,3,4,8,-445.39911824747406
Random,2,2,3,4,9,-445.39911824747406
Random,2,2,3,4,10,-445.39911824747406
Random,2,2,3,4,11,-445.39911824747406
Random,2,2,3,4,12,-445.39911824747406
Random,2,2,3,4,13,-445.39911824747406
Random,2,2,3,4,14,-445.39911824747406
Random,2,2,3,4,15,-445.39911824747406
Random,2,2,3,4,16,-445.39911824747406
Random,2,2,3,4,17,-445.39911824747406
Random,2,2,3,4,18,-445.39911824747406
Random,2,2,3,4,19,-484.6794839132139
Random,2,2,3,4,20,-484.6794839132139
qLogEI,2,2,3,4,1,inf
qLogEI,2,2,3,4,2,-445.39911824747406
qLogEI,2,2,3,4,3,-445.39911824747406
qLogEI,2,2,3,4,4,-445.39911824747406
qLogEI,2,2,3,4,5,-645.396010237383
qLogEI,2,2,3,4,6,-747.3981700406438
qLogEI,2,2,3,4,7,-747.3981700406438
qLogEI,2,2,3,4,8,-747.3981700406438
qLogEI,2,2,3,4,9,-747.3981700406438
qLogEI,2,2,3,4,10,-781.3184382747532
qLogEI,2,2,3,4,11,-785.3609385927263
qLogEI,2,2,3,4,12,-785.3609385927263
qLogEI,2,2,3,4,13,-785.3609385927263
qLogEI,2,2,3,4,14,-790.8151275354948
qLogEI,2,2,3,4,15,-790.8151275354948
qLogEI,2,2,3,4,16,-790.8151275354948
qLogEI,2,2,3,4,17,-795.280706468901
qLogEI,2,2,3,4,18,-795.280706468901
qLogEI,2,2,3,4,19,-795.280706468901
qLogEI,2,2,3,4,20,-795.280706468901
RL_Full,2,2,3,4,1,inf
RL_Full,2,2,3,4,2,-445.39911824747406
RL_Full,2,2,3,4,3,-445.39911824747406
RL_Full,2,2,3,4,4,-445.39911824747406
RL_Full,2,2,3,4,5,-445.39911824747406
RL_Full,2,2,3,4,6,-445.39911824747406
RL_Full,2,2,3,4,7,-445.39911824747406
RL_Full,2,2,3,4,8,-445.39911824747406
RL_Full,2,2,3,4,9,-445.39911824747406
RL_Full,2,2,3,4,10,-445.39911824747406
RL_Full,2,2,3,4,11,-445.39911824747406
RL_Full,2,2,3,4,12,-445.39911824747406
RL_Full,2,2,3,4,13,-445.39911824747406
RL_Full,2,2,3,4,14,-445.39911824747406
RL_Full,2,2,3,4,15,-445.39911824747406
RL_Full,2,2,3,4,16,-445.39911824747406
RL_Full,2,2,3,4,17,-445.39911824747406
RL_Full,2,2,3,4,18,-445.39911824747406
RL_Full,2,2,3,4,19,-445.39911824747406
RL_Full,2,2,3,4,20,-445.39911824747406
Random,2,4,1,0,1,inf
Random,2,4,1,0,2,inf
Random,2,4,1,0,3,inf
Random,2,4,1,0,4,inf
Random,2,4,1,0,5,inf
Random,2,4,1,0,6,inf
Random,2,4,1,0,7,inf
Random,2,4,1,0,8,inf
Random,2,4,1,0,9,inf
Random,2,4,1,0,10,inf
Random,2,4,1,0,11,inf
Random,2,4,1,0,12,inf
Random,2,4,1,0,13,inf
Random,2,4,1,0,14,inf
Random,2,4,1,0,15,inf
Random,2,4,1,0,16,inf
Random,2,4,1,0,17,inf
Random,2,4,1,0,18,inf
Random,2,4,1,0,19,inf
Random,2,4,1,0,20,inf
qLogEI,2,4,1,0,1,inf
qLogEI,2,4,1,0,2,inf
qLogEI,2,4,1,0,3,inf
qLogEI,2,4,1,0,4,inf
qLogEI,2,4,1,0,5,inf
qLogEI,2,4,1,0,6,inf
qLogEI,2,4,1,0,7,inf
qLogEI,2,4,1,0,8,inf
qLogEI,2,4,1,0,9,inf
qLogEI,2,4,1,0,10,inf
qLogEI,2,4,1,0,11,inf
qLogEI,2,4,1,0,12,inf
qLogEI,2,4,1,0,13,inf
qLogEI,2,4,1,0,14,inf
qLogEI,2,4,1,0,15,inf
qLogEI,2,4,1,0,16,inf
qLogEI,2,4,1,0,17,inf
qLogEI,2,4,1,0,18,inf
qLogEI,2,4,1,0,19,inf
qLogEI,2,4,1,0,20,inf
RL_Full,2,4,1,0,1,inf
RL_Full,2,4,1,0,2,inf
RL_Full,2,4,1,0,3,inf
RL_Full,2,4,1,0,4,inf
RL_Full,2,4,1,0,5,inf
RL_Full,2,4,1,0,6,inf
RL_Full,2,4,1,0,7,inf
RL_Full,2,4,1,0,8,inf
RL_Full,2,4,1,0,9,inf
RL_Full,2,4,1,0,10,inf
RL_Full,2,4,1,0,11,inf
RL_Full,2,4,1,0,12,inf
RL_Full,2,4,1,0,13,inf
RL_Full,2,4,1,0,14,inf
RL_Full,2,4,1,0,15,inf
RL_Full,2,4,1,0,16,inf
RL_Full,2,4,1,0,17,inf
RL_Full,2,4,1,0,18,inf
RL_Full,2,4,1,0,19,inf
RL_Full,2,4,1,0,20,inf
Random,2,4,1,1,1,inf
Random,2,4,1,1,2,inf
Random,2,4,1,1,3,inf
Random,2,4,1,1,4,inf
Random,2,4,1,1,5,inf
Random,2,4,1,1,6,inf
Random,2,4,1,1,7,inf
Random,2,4,1,1,8,inf
Random,2,4,1,1,9,inf
Random,2,4,1,1,10,inf
Random,2,4,1,1,11,inf
Random,2,4,1,1,12,inf
Random,2,4,1,1,13,inf
Random,2,4,1,1,14,inf
Random,2,4,1,1,15,inf
Random,2,4,1,1,16,inf
Random,2,4,1,1,17,inf
Random,2,4,1,1,18,inf
Random,2,4,1,1,19,inf
Random,2,4,1,1,20,inf
qLogEI,2,4,1,1,1,inf
qLogEI,2,4,1,1,2,inf
qLogEI,2,4,1,1,3,inf
qLogEI,2,4,1,1,4,inf
qLogEI,2,4,1,1,5,inf
qLogEI,2,4,1,1,6,inf
qLogEI,2,4,1,1,7,inf
qLogEI,2,4,1,1,8,inf
qLogEI,2,4,1,1,9,inf
qLogEI,2,4,1,1,10,inf
qLogEI,2,4,1,1,11,inf
qLogEI,2,4,1,1,12,inf
qLogEI,2,4,1,1,13,inf
qLogEI,2,4,1,1,14,inf
qLogEI,2,4,1,1,15,inf
qLogEI,2,4,1,1,16,inf
qLogEI,2,4,1,1,17,inf
qLogEI,2,4,1,1,18,inf
qLogEI,2,4,1,1,19,inf
qLogEI,2,4,1,1,20,inf
RL_Full,2,4,1,1,1,inf
RL_Full,2,4,1,1,2,inf
RL_Full,2,4,1,1,3,inf
RL_Full,2,4,1,1,4,inf
RL_Full,2,4,1,1,5,inf
RL_Full,2,4,1,1,6,inf
RL_Full,2,4,1,1,7,inf
RL_Full,2,4,1,1,8,inf
RL_Full,2,4,1,1,9,inf
RL_Full,2,4,1,1,10,inf
RL_Full,2,4,1,1,11,inf
RL_Full,2,4,1,1,12,inf
RL_Full,2,4,1,1,13,inf
RL_Full,2,4,1,1,14,inf
RL_Full,2,4,1,1,15,inf
RL_Full,2,4,1,1,16,inf
RL_Full,2,4,1,1,17,inf
RL_Full,2,4,1,1,18,inf
RL_Full,2,4,1,1,19,inf
RL_Full,2,4,1,1,20,inf
Random,2,4,1,2,1,inf
Random,2,4,1,2,2,inf
Random,2,4,1,2,3,inf
Random,2,4,1,2,4,inf
Random,2,4,1,2,5,inf
Random,2,4,1,2,6,inf
Random,2,4,1,2,7,inf
Random,2,4,1,2,8,inf
Random,2,4,1,2,9,inf
Random,2,4,1,2,10,inf
Random,2,4,1,2,11,inf
Random,2,4,1,2,12,inf
Random,2,4,1,2,13,inf
Random,2,4,1,2,14,inf
Random,2,4,1,2,15,inf
Random,2,4,1,2,16,inf
Random,2,4,1,2,17,inf
Random,2,4,1,2,18,inf
Random,2,4,1,2,19,inf
Random,2,4,1,2,20,inf
qLogEI,2,4,1,2,1,inf
qLogEI,2,4,1,2,2,inf
qLogEI,2,4,1,2,3,inf
qLogEI,2,4,1,2,4,inf
qLogEI,2,4,1,2,5,inf
qLogEI,2,4,1,2,6,inf
qLogEI,2,4,1,2,7,inf
qLogEI,2,4,1,2,8,inf
qLogEI,2,4,1,2,9,inf
qLogEI,2,4,1,2,10,inf
qLogEI,2,4,1,2,11,inf
qLogEI,2,4,1,2,12,inf
qLogEI,2,4,1,2,13,inf
qLogEI,2,4,1,2,14,inf
qLogEI,2,4,1,2,15,inf
qLogEI,2,4,1,2,16,inf
qLogEI,2,4,1,2,17,inf
qLogEI,2,4,1,2,18,inf
qLogEI,2,4,1,2,19,inf
qLogEI,2,4,1,2,20,inf
RL_Full,2,4,1,2,1,inf
RL_Full,2,4,1,2,2,inf
RL_Full,2,4,1,2,3,inf
RL_Full,2,4,1,2,4,inf
RL_Full,2,4,1,2,5,inf
RL_Full,2,4,1,2,6,inf
RL_Full,2,4,1,2,7,inf
RL_Full,2,4,1,2,8,inf
RL_Full,2,4,1,2,9,inf
RL_Full,2,4,1,2,10,inf
RL_Full,2,4,1,2,11,inf
RL_Full,2,4,1,2,12,inf
RL_Full,2,4,1,2,13,inf
RL_Full,2,4,1,2,14,inf
RL_Full,2,4,1,2,15,inf
RL_Full,2,4,1,2,16,inf
RL_Full,2,4,1,2,17,inf
RL_Full,2,4,1,2,18,inf
RL_Full,2,4,1,2,19,inf
RL_Full,2,4,1,2,20,inf
Random,2,4,1,3,1,inf
Random,2,4,1,3,2,inf
Random,2,4,1,3,3,inf
Random,2,4,1,3,4,inf
Random,2,4,1,3,5,inf
Random,2,4,1,3,6,inf
Random,2,4,1,3,7,inf
Random,2,4,1,3,8,inf
Random,2,4,1,3,9,inf
Random,2,4,1,3,10,inf
Random,2,4,1,3,11,inf
Random,2,4,1,3,12,inf
Random,2,4,1,3,13,inf
Random,2,4,1,3,14,inf
Random,2,4,1,3,15,inf
Random,2,4,1,3,16,inf
Random,2,4,1,3,17,inf
Random,2,4,1,3,18,inf
Random,2,4,1,3,19,inf
Random,2,4,1,3,20,inf
qLogEI,2,4,1,3,1,inf
qLogEI,2,4,1,3,2,inf
qLogEI,2,4,1,3,3,inf
qLogEI,2,4,1,3,4,inf
qLogEI,2,4,1,3,5,inf
qLogEI,2,4,1,3,6,inf
qLogEI,2,4,1,3,7,inf
qLogEI,2,4,1,3,8,inf
qLogEI,2,4,1,3,9,inf
qLogEI,2,4,1,3,10,inf
qLogEI,2,4,1,3,11,inf
qLogEI,2,4,1,3,12,inf
qLogEI,2,4,1,3,13,inf
qLogEI,2,4,1,3,14,-4458.670751538168
qLogEI,2,4,1,3,15,-4458.670751538168
qLogEI,2,4,1,3,16,-4458.670751538168
qLogEI,2,4,1,3,17,-4458.670751538168
qLogEI,2,4,1,3,18,-4458.670751538168
qLogEI,2,4,1,3,19,-4458.670751538168
qLogEI,2,4,1,3,20,-4458.670751538168
RL_Full,2,4,1,3,1,inf
RL_Full,2,4,1,3,2,inf
RL_Full,2,4,1,3,3,inf
RL_Full,2,4,1,3,4,inf
RL_Full,2,4,1,3,5,inf
RL_Full,2,4,1,3,6,inf
RL_Full,2,4,1,3,7,inf
RL_Full,2,4,1,3,8,inf
RL_Full,2,4,1,3,9,inf
RL_Full,2,4,1,3,10,inf
RL_Full,2,4,1,3,11,inf
RL_Full,2,4,1,3,12,inf
RL_Full,2,4,1,3,13,inf
RL_Full,2,4,1,3,14,inf
RL_Full,2,4,1,3,15,inf
RL_Full,2,4,1,3,16,inf
RL_Full,2,4,1,3,17,inf
RL_Full,2,4,1,3,18,inf
RL_Full,2,4,1,3,19,inf
RL_Full,2,4,1,3,20,inf
Random,2,4,1,4,1,inf
Random,2,4,1,4,2,inf
Random,2,4,1,4,3,inf
Random,2,4,1,4,4,inf
Random,2,4,1,4,5,inf
Random,2,4,1,4,6,inf
Random,2,4,1,4,7,inf
Random,2,4,1,4,8,inf
Random,2,4,1,4,9,inf
Random,2,4,1,4,10,inf
Random,2,4,1,4,11,inf
Random,2,4,1,4,12,inf
Random,2,4,1,4,13,inf
Random,2,4,1,4,14,inf
Random,2,4,1,4,15,inf
Random,2,4,1,4,16,inf
Random,2,4,1,4,17,inf
Random,2,4,1,4,18,inf
Random,2,4,1,4,19,inf
Random,2,4,1,4,20,inf
qLogEI,2,4,1,4,1,inf
qLogEI,2,4,1,4,2,inf
qLogEI,2,4,1,4,3,inf
qLogEI,2,4,1,4,4,inf
qLogEI,2,4,1,4,5,inf
qLogEI,2,4,1,4,6,inf
qLogEI,2,4,1,4,7,inf
qLogEI,2,4,1,4,8,inf
qLogEI,2,4,1,4,9,inf
qLogEI,2,4,1,4,10,inf
qLogEI,2,4,1,4,11,inf
qLogEI,2,4,1,4,12,inf
qLogEI,2,4,1,4,13,inf
qLogEI,2,4,1,4,14,inf
qLogEI,2,4,1,4,15,inf
qLogEI,2,4,1,4,16,inf
qLogEI,2,4,1,4,17,inf
qLogEI,2,4,1,4,18,inf
qLogEI,2,4,1,4,19,inf
qLogEI,2,4,1,4,20,inf
RL_Full,2,4,1,4,1,inf
RL_Full,2,4,1,4,2,inf
RL_Full,2,4,1,4,3,inf
RL_Full,2,4,1,4,4,inf
RL_Full,2,4,1,4,5,inf
RL_Full,2,4,1,4,6,inf
RL_Full,2,4,1,4,7,inf
RL_Full,2,4,1,4,8,inf
RL_Full,2,4,1,4,9,inf
RL_Full,2,4,1,4,10,inf
RL_Full,2,4,1,4,11,inf
RL_Full,2,4,1,4,12,inf
RL_Full,2,4,1,4,13,inf
RL_Full,2,4,1,4,14,inf
RL_Full,2,4,1,4,15,inf
RL_Full,2,4,1,4,16,inf
RL_Full,2,4,1,4,17,inf
RL_Full,2,4,1,4,18,inf
RL_Full,2,4,1,4,19,inf
RL_Full,2,4,1,4,20,inf
Random,2,4,2,0,1,inf
Random,2,4,2,0,2,2064.575204486192
Random,2,4,2,0,3,2064.575204486192
Random,2,4,2,0,4,2064.575204486192
Random,2,4,2,0,5,2064.575204486192
Random,2,4,2,0,6,2064.575204486192
Random,2,4,2,0,7,2064.575204486192
Random,2,4,2,0,8,2064.575204486192
Random,2,4,2,0,9,1686.7888468288106
Random,2,4,2,0,10,1686.7888468288106
Random,2,4,2,0,11,1686.7888468288106
Random,2,4,2,0,12,1686.7888468288106
Random,2,4,2,0,13,1686.7888468288106
Random,2,4,2,0,14,1686.7888468288106
Random,2,4,2,0,15,1686.7888468288106
Random,2,4,2,0,16,1686.7888468288106
Random,2,4,2,0,17,1686.7888468288106
Random,2,4,2,0,18,1686.7888468288106
Random,2,4,2,0,19,1686.7888468288106
Random,2,4,2,0,20,1686.7888468288106
qLogEI,2,4,2,0,1,inf
qLogEI,2,4,2,0,2,2064.575204486192
qLogEI,2,4,2,0,3,2064.575204486192
qLogEI,2,4,2,0,4,2064.575204486192
qLogEI,2,4,2,0,5,2064.575204486192
qLogEI,2,4,2,0,6,2064.575204486192
qLogEI,2,4,2,0,7,2064.575204486192
qLogEI,2,4,2,0,8,973.3630487572796
qLogEI,2,4,2,0,9,973.3630487572796
qLogEI,2,4,2,0,10,973.3630487572796
qLogEI,2,4,2,0,11,973.3630487572796
qLogEI,2,4,2,0,12,972.1438026247927
qLogEI,2,4,2,0,13,972.1438026247927
qLogEI,2,4,2,0,14,972.1438026247927
qLogEI,2,4,2,0,15,972.1438026247927
qLogEI,2,4,2,0,16,972.1438026247927
qLogEI,2,4,2,0,17,972.1438026247927
qLogEI,2,4,2,0,18,972.1438026247927
qLogEI,2,4,2,0,19,972.1438026247927
qLogEI,2,4,2,0,20,972.1438026247927
RL_Full,2,4,2,0,1,inf
RL_Full,2,4,2,0,2,2064.575204486192
RL_Full,2,4,2,0,3,2064.575204486192
RL_Full,2,4,2,0,4,2064.575204486192
RL_Full,2,4,2,0,5,2064.575204486192
RL_Full,2,4,2,0,6,2064.575204486192
RL_Full,2,4,2,0,7,2064.575204486192
RL_Full,2,4,2,0,8,2064.575204486192
RL_Full,2,4,2,0,9,2064.575204486192
RL_Full,2,4,2,0,10,2064.575204486192
RL_Full,2,4,2,0,11,2064.575204486192
RL_Full,2,4,2,0,12,2064.575204486192
RL_Full,2,4,2,0,13,2064.575204486192
RL_Full,2,4,2,0,14,2064.575204486192
RL_Full,2,4,2,0,15,2064.575204486192
RL_Full,2,4,2,0,16,2064.575204486192
RL_Full,2,4,2,0,17,2064.575204486192
RL_Full,2,4,2,0,18,2064.575204486192
RL_Full,2,4,2,0,19,2064.575204486192
RL_Full,2,4,2,0,20,2064.575204486192
Random,2,4,2,1,1,inf
Random,2,4,2,1,2,inf
Random,2,4,2,1,3,1850.2852302735346
Random,2,4,2,1,4,1850.2852302735346
Random,2,4,2,1,5,1850.2852302735346
Random,2,4,2,1,6,1166.6715414658877
Random,2,4,2,1,7,1166.6715414658877
Random,2,4,2,1,8,1166.6715414658877
Random,2,4,2,1,9,1166.6715414658877
Random,2,4,2,1,10,1166.6715414658877
Random,2,4,2,1,11,1166.6715414658877
Random,2,4,2,1,12,1166.6715414658877
Random,2,4,2,1,13,1166.6715414658877
Random,2,4,2,1,14,1166.6715414658877
Random,2,4,2,1,15,1166.6715414658877
Random,2,4,2,1,16,1166.6715414658877
Random,2,4,2,1,17,1166.6715414658877
Random,2,4,2,1,18,1166.6715414658877
Random,2,4,2,1,19,1166.6715414658877
Random,2,4,2,1,20,1166.6715414658877
qLogEI,2,4,2,1,1,inf
qLogEI,2,4,2,1,2,inf
qLogEI,2,4,2,1,3,1850.2852302735346
qLogEI,2,4,2,1,4,1850.2852302735346
qLogEI,2,4,2,1,5,1850.2852302735346
qLogEI,2,4,2,1,6,1698.5097333536805
qLogEI,2,4,2,1,7,1698.5097333536805
qLogEI,2,4,2,1,8,1177.687281485495
qLogEI,2,4,2,1,9,1177.687281485495
qLogEI,2,4,2,1,10,1168.4643629502075
qLogEI,2,4,2,1,11,1168.4643629502075
qLogEI,2,4,2,1,12,1156.109851380354
qLogEI,2,4,2,1,13,1104.9810927063247
qLogEI,2,4,2,1,14,1069.5470069847772
qLogEI,2,4,2,1,15,1069.5470069847772
qLogEI,2,4,2,1,16,1035.4640088987626
qLogEI,2,4,2,1,17,1035.4640088987626
qLogEI,2,4,2,1,18,1015.3464717721511
qLogEI,2,4,2,1,19,1014.795222548014
qLogEI,2,4,2,1,20,1014.5799058528817
RL_Full,2,4,2,1,1,inf
RL_Full,2,4,2,1,2,inf
RL_Full,2,4,2,1,3,1850.2852302735346
RL_Full,2,4,2,1,4,1850.2852302735346
RL_Full,2,4,2,1,5,1850.2852302735346
RL_Full,2,4,2,1,6,1850.2852302735346
RL_Full,2,4,2,1,7,1850.2852302735346
RL_Full,2,4,2,1,8,1850.2852302735346
RL_Full,2,4,2,1,9,1850.2852302735346
RL_Full,2,4,2,1,10,1850.2852302735346
RL_Full,2,4,2,1,11,1850.2852302735346
RL_Full,2,4,2,1,12,1850.2852302735346
RL_Full,2,4,2,1,13,1850.2852302735346
RL_Full,2,4,2,1,14,1850.2852302735346
RL_Full,2,4,2,1,15,1850.2852302735346
RL_Full,2,4,2,1,16,1850.2852302735346
RL_Full,2,4,2,1,17,1850.2852302735346
RL_Full,2,4,2,1,18,1850.2852302735346
RL_Full,2,4,2,1,19,1850.2852302735346
RL_Full,2,4,2,1,20,1850.2852302735346
Random,2,4,2,2,1,inf
Random,2,4,2,2,2,inf
Random,2,4,2,2,3,inf
Random,2,4,2,2,4,inf
Random,2,4,2,2,5,inf
Random,2,4,2,2,6,2054.9336275721753
Random,2,4,2,2,7,2054.9336275721753
Random,2,4,2,2,8,2054.9336275721753
Random,2,4,2,2,9,2054.9336275721753
Random,2,4,2,2,10,2054.9336275721753
Random,2,4,2,2,11,2054.9336275721753
Random,2,4,2,2,12,1596.7726467943285
Random,2,4,2,2,13,1596.7726467943285
Random,2,4,2,2,14,1596.7726467943285
Random,2,4,2,2,15,1596.7726467943285
Random,2,4,2,2,16,1596.7726467943285
Random,2,4,2,2,17,1596.7726467943285
Random,2,4,2,2,18,1596.7726467943285
Random,2,4,2,2,19,1596.7726467943285
Random,2,4,2,2,20,1596.7726467943285
qLogEI,2,4,2,2,1,inf
qLogEI,2,4,2,2,2,inf
qLogEI,2,4,2,2,3,inf
qLogEI,2,4,2,2,4,inf
qLogEI,2,4,2,2,5,inf
qLogEI,2,4,2,2,6,inf
qLogEI,2,4,2,2,7,inf
qLogEI,2,4,2,2,8,inf
qLogEI,2,4,2,2,9,inf
qLogEI,2,4,2,2,10,inf
qLogEI,2,4,2,2,11,inf
qLogEI,2,4,2,2,12,inf
qLogEI,2,4,2,2,13,inf
qLogEI,2,4,2,2,14,inf
qLogEI,2,4,2,2,15,inf
qLogEI,2,4,2,2,16,inf
qLogEI,2,4,2,2,17,inf
qLogEI,2,4,2,2,18,inf
qLogEI,2,4,2,2,19,inf
qLogEI,2,4,2,2,20,inf
RL_Full,2,4,2,2,1,inf
RL_Full,2,4,2,2,2,inf
RL_Full,2,4,2,2,3,inf
RL_Full,2,4,2,2,4,inf
RL_Full,2,4,2,2,5,inf
RL_Full,2,4,2,2,6,inf
RL_Full,2,4,2,2,7,inf
RL_Full,2,4,2,2,8,inf
RL_Full,2,4,2,2,9,inf
RL_Full,2,4,2,2,10,inf
RL_Full,2,4,2,2,11,inf
RL_Full,2,4,2,2,12,inf
RL_Full,2,4,2,2,13,inf
RL_Full,2,4,2,2,14,inf
RL_Full,2,4,2,2,15,inf
RL_Full,2,4,2,2,16,inf
RL_Full,2,4,2,2,17,inf
RL_Full,2,4,2,2,18,inf
RL_Full,2,4,2,2,19,inf
RL_Full,2,4,2,2,20,inf
Random,2,4,2,3,1,inf
Random,2,4,2,3,2,inf
Random,2,4,2,3,3,inf
Random,2,4,2,3,4,inf
Random,2,4,2,3,5,inf
Random,2,4,2,3,6,inf
Random,2,4,2,3,7,inf
Random,2,4,2,3,8,inf
Random,2,4,2,3,9,inf
Random,2,4,2,3,10,inf
Random,2,4,2,3,11,inf
Random,2,4,2,3,12,inf
Random,2,4,2,3,13,1365.3482615607825
Random,2,4,2,3,14,1365.3482615607825
Random,2,4,2,3,15,1365.3482615607825
Random,2,4,2,3,16,1365.3482615607825
Random,2,4,2,3,17,1365.3482615607825
Random,2,4,2,3,18,1365.3482615607825
Random,2,4,2,3,19,1365.3482615607825
Random,2,4,2,3,20,1365.3482615607825
qLogEI,2,4,2,3,1,inf
qLogEI,2,4,2,3,2,inf
qLogEI,2,4,2,3,3,inf
qLogEI,2,4,2,3,4,inf
qLogEI,2,4,2,3,5,inf
qLogEI,2,4,2,3,6,inf
qLogEI,2,4,2,3,7,inf
qLogEI,2,4,2,3,8,inf
qLogEI,2,4,2,3,9,inf
qLogEI,2,4,2,3,10,inf
qLogEI,2,4,2,3,11,inf
qLogEI,2,4,2,3,12,inf
qLogEI,2,4,2,3,13,inf
qLogEI,2,4,2,3,14,inf
qLogEI,2,4,2,3,15,inf
qLogEI,2,4,2,3,16,inf
qLogEI,2,4,2,3,17,inf
qLogEI,2,4,2,3,18,inf
qLogEI,2,4,2,3,19,inf
qLogEI,2,4,2,3,20,inf
RL_Full,2,4,2,3,1,inf
RL_Full,2,4,2,3,2,inf
RL_Full,2,4,2,3,3,inf
RL_Full,2,4,2,3,4,inf
RL_Full,2,4,2,3,5,inf
RL_Full,2,4,2,3,6,inf
RL_Full,2,4,2,3,7,inf
RL_Full,2,4,2,3,8,inf
RL_Full,2,4,2,3,9,inf
RL_Full,2,4,2,3,10,inf
RL_Full,2,4,2,3,11,inf
RL_Full,2,4,2,3,12,inf
RL_Full,2,4,2,3,13,inf
RL_Full,2,4,2,3,14,inf
RL_Full,2,4,2,3,15,inf
RL_Full,2,4,2,3,16,inf
RL_Full,2,4,2,3,17,inf
RL_Full,2,4,2,3,18,inf
RL_Full,2,4,2,3,19,inf
RL_Full,2,4,2,3,20,inf
Random,2,4,2,4,1,inf
Random,2,4,2,4,2,inf
Random,2,4,2,4,3,inf
Random,2,4,2,4,4,inf
Random,2,4,2,4,5,inf
Random,2,4,2,4,6,inf
Random,2,4,2,4,7,1227.2796248219533
Random,2,4,2,4,8,1227.2796248219533
Random,2,4,2,4,9,1227.2796248219533
Random,2,4,2,4,10,1227.2796248219533
Random,2,4,2,4,11,1227.2796248219533
Random,2,4,2,4,12,1227.2796248219533
Random,2,4,2,4,13,1227.2796248219533
Random,2,4,2,4,14,1227.2796248219533
Random,2,4,2,4,15,1227.2796248219533
Random,2,4,2,4,16,1227.2796248219533
Random,2,4,2,4,17,1227.2796248219533
Random,2,4,2,4,18,1227.2796248219533
Random,2,4,2,4,19,1227.2796248219533
Random,2,4,2,4,20,1227.2796248219533
qLogEI,2,4,2,4,1,inf
qLogEI,2,4,2,4,2,inf
qLogEI,2,4,2,4,3,inf
qLogEI,2,4,2,4,4,inf
qLogEI,2,4,2,4,5,inf
qLogEI,2,4,2,4,6,inf
qLogEI,2,4,2,4,7,inf
qLogEI,2,4,2,4,8,inf
qLogEI,2,4,2,4,9,inf
qLogEI,2,4,2,4,10,inf
qLogEI,2,4,2,4,11,inf
qLogEI,2,4,2,4,12,inf
qLogEI,2,4,2,4,13,inf
qLogEI,2,4,2,4,14,inf
qLogEI,2,4,2,4,15,inf
qLogEI,2,4,2,4,16,inf
qLogEI,2,4,2,4,17,inf
qLogEI,2,4,2,4,18,inf
qLogEI,2,4,2,4,19,inf
qLogEI,2,4,2,4,20,inf
RL_Full,2,4,2,4,1,inf
RL_Full,2,4,2,4,2,inf
RL_Full,2,4,2,4,3,inf
RL_Full,2,4,2,4,4,inf
RL_Full,2,4,2,4,5,inf
RL_Full,2,4,2,4,6,inf
RL_Full,2,4,2,4,7,inf
RL_Full,2,4,2,4,8,inf
RL_Full,2,4,2,4,9,inf
RL_Full,2,4,2,4,10,inf
RL_Full,2,4,2,4,11,inf
RL_Full,2,4,2,4,12,inf
RL_Full,2,4,2,4,13,inf
RL_Full,2,4,2,4,14,inf
RL_Full,2,4,2,4,15,inf
RL_Full,2,4,2,4,16,inf
RL_Full,2,4,2,4,17,inf
RL_Full,2,4,2,4,18,inf
RL_Full,2,4,2,4,19,inf
RL_Full,2,4,2,4,20,inf
Random,2,4,3,0,1,inf
Random,2,4,3,0,2,inf
Random,2,4,3,0,3,inf
Random,2,4,3,0,4,inf
Random,2,4,3,0,5,inf
Random,2,4,3,0,6,inf
Random,2,4,3,0,7,inf
Random,2,4,3,0,8,inf
Random,2,4,3,0,9,inf
Random,2,4,3,0,10,inf
Random,2,4,3,0,11,1483.1865587290738
Random,2,4,3,0,12,1483.1865587290738
Random,2,4,3,0,13,1483.1865587290738
Random,2,4,3,0,14,1483.1865587290738
Random,2,4,3,0,15,1483.1865587290738
Random,2,4,3,0,16,1483.1865587290738
Random,2,4,3,0,17,1483.1865587290738
Random,2,4,3,0,18,1483.1865587290738
Random,2,4,3,0,19,1483.1865587290738
Random,2,4,3,0,20,1483.1865587290738
qLogEI,2,4,3,0,1,inf
qLogEI,2,4,3,0,2,inf
qLogEI,2,4,3,0,3,inf
qLogEI,2,4,3,0,4,inf
qLogEI,2,4,3,0,5,1416.4694595906271
qLogEI,2,4,3,0,6,1416.4694595906271
qLogEI,2,4,3,0,7,1390.2520652760486
qLogEI,2,4,3,0,8,1388.2321907850871
qLogEI,2,4,3,0,9,1385.1309033557022
qLogEI,2,4,3,0,10,1377.4148181802982
qLogEI,2,4,3,0,11,1377.4148181802982
qLogEI,2,4,3,0,12,1373.6547868286325
qLogEI,2,4,3,0,13,1358.108938327669
qLogEI,2,4,3,0,14,1358.108938327669
qLogEI,2,4,3,0,15,1354.229316148802
qLogEI,2,4,3,0,16,1353.365381709772
qLogEI,2,4,3,0,17,1351.7601231131605
qLogEI,2,4,3,0,18,1349.2034681746711
qLogEI,2,4,3,0,19,1349.2034681746711
qLogEI,2,4,3,0,20,1348.5365843752265
RL_Full,2,4,3,0,1,inf
RL_Full,2,4,3,0,2,inf
RL_Full,2,4,3,0,3,inf
RL_Full,2,4,3,0,4,inf
RL_Full,2,4,3,0,5,inf
RL_Full,2,4,3,0,6,inf
RL_Full,2,4,3,0,7,inf
RL_Full,2,4,3,0,8,inf
RL_Full,2,4,3,0,9,inf
RL_Full,2,4,3,0,10,inf
RL_Full,2,4,3,0,11,inf
RL_Full,2,4,3,0,12,inf
RL_Full,2,4,3,0,13,inf
RL_Full,2,4,3,0,14,inf
RL_Full,2,4,3,0,15,inf
RL_Full,2,4,3,0,16,inf
RL_Full,2,4,3,0,17,inf
RL_Full,2,4,3,0,18,inf
RL_Full,2,4,3,0,19,inf
RL_Full,2,4,3,0,20,inf
Random,2,4,3,1,1,inf
Random,2,4,3,1,2,inf
Random,2,4,3,1,3,inf
Random,2,4,3,1,4,1306.3811800700876
Random,2,4,3,1,5,1306.3811800700876
Random,2,4,3,1,6,1306.3811800700876
Random,2,4,3,1,7,1306.3811800700876
Random,2,4,3,1,8,1306.3811800700876
Random,2,4,3,1,9,1306.3811800700876
Random,2,4,3,1,10,1306.3811800700876
Random,2,4,3,1,11,1306.3811800700876
Random,2,4,3,1,12,1306.3811800700876
Random,2,4,3,1,13,1306.3811800700876
Random,2,4,3,1,14,1306.3811800700876
Random,2,4,3,1,15,1306.3811800700876
Random,2,4,3,1,16,1306.3811800700876
Random,2,4,3,1,17,1306.3811800700876
Random,2,4,3,1,18,1306.3811800700876
Random,2,4,3,1,19,1306.3811800700876
Random,2,4,3,1,20,1306.3811800700876
qLogEI,2,4,3,1,1,inf
qLogEI,2,4,3,1,2,inf
qLogEI,2,4,3,1,3,inf
qLogEI,2,4,3,1,4,1306.3811800700876
qLogEI,2,4,3,1,5,1306.3811800700876
qLogEI,2,4,3,1,6,1306.3811800700876
qLogEI,2,4,3,1,7,1306.3811800700876
qLogEI,2,4,3,1,8,1306.3811800700876
qLogEI,2,4,3,1,9,1306.3811800700876
qLogEI,2,4,3,1,10,1306.3811800700876
qLogEI,2,4,3,1,11,1306.3811800700876
qLogEI,2,4,3,1,12,1306.3811800700876
qLogEI,2,4,3,1,13,1306.3811800700876
qLogEI,2,4,3,1,14,1306.3811800700876
qLogEI,2,4,3,1,15,1306.3811800700876
qLogEI,2,4,3,1,16,1306.3811800700876
qLogEI,2,4,3,1,17,1306.3811800700876
qLogEI,2,4,3,1,18,1306.3811800700876
qLogEI,2,4,3,1,19,1306.3811800700876
qLogEI,2,4,3,1,20,1306.3811800700876
RL_Full,2,4,3,1,1,inf
RL_Full,2,4,3,1,2,inf
RL_Full,2,4,3,1,3,inf
RL_Full,2,4,3,1,4,1306.3811800700876
RL_Full,2,4,3,1,5,1306.3811800700876
RL_Full,2,4,3,1,6,1306.3811800700876
RL_Full,2,4,3,1,7,1306.3811800700876
RL_Full,2,4,3,1,8,1306.3811800700876
RL_Full,2,4,3,1,9,1306.3811800700876
RL_Full,2,4,3,1,10,1306.3811800700876
RL_Full,2,4,3,1,11,1306.3811800700876
RL_Full,2,4,3,1,12,1306.3811800700876
RL_Full,2,4,3,1,13,1306.3811800700876
RL_Full,2,4,3,1,14,1306.3811800700876
RL_Full,2,4,3,1,15,1306.3811800700876
RL_Full,2,4,3,1,16,1306.3811800700876
RL_Full,2,4,3,1,17,1306.3811800700876
RL_Full,2,4,3,1,18,1306.3811800700876
RL_Full,2,4,3,1,19,1306.3811800700876
RL_Full,2,4,3,1,20,1306.3811800700876
Random,2,4,3,2,1,inf
Random,2,4,3,2,2,inf
Random,2,4,3,2,3,inf
Random,2,4,3,2,4,inf
Random,2,4,3,2,5,inf
Random,2,4,3,2,6,inf
Random,2,4,3,2,7,inf
Random,2,4,3,2,8,1328.3759615511408
Random,2,4,3,2,9,1328.3759615511408
Random,2,4,3,2,10,1328.3759615511408
Random,2,4,3,2,11,1328.3759615511408
Random,2,4,3,2,12,1328.3759615511408
Random,2,4,3,2,13,1328.3759615511408
Random,2,4,3,2,14,1328.3759615511408
Random,2,4,3,2,15,1328.3759615511408
Random,2,4,3,2,16,1328.3759615511408
Random,2,4,3,2,17,1328.3759615511408
Random,2,4,3,2,18,1328.3759615511408
Random,2,4,3,2,19,1328.3759615511408
Random,2,4,3,2,20,1328.3759615511408
qLogEI,2,4,3,2,1,inf
qLogEI,2,4,3,2,2,inf
qLogEI,2,4,3,2,3,inf
qLogEI,2,4,3,2,4,inf
qLogEI,2,4,3,2,5,inf
qLogEI,2,4,3,2,6,inf
qLogEI,2,4,3,2,7,inf
qLogEI,2,4,3,2,8,inf
qLogEI,2,4,3,2,9,inf
qLogEI,2,4,3,2,10,inf
qLogEI,2,4,3,2,11,inf
qLogEI,2,4,3,2,12,inf
qLogEI,2,4,3,2,13,inf
qLogEI,2,4,3,2,14,inf
qLogEI,2,4,3,2,15,inf
qLogEI,2,4,3,2,16,inf
qLogEI,2,4,3,2,17,inf
qLogEI,2,4,3,2,18,inf
qLogEI,2,4,3,2,19,inf
qLogEI,2,4,3,2,20,1316.5999672016426
RL_Full,2,4,3,2,1,inf
RL_Full,2,4,3,2,2,inf
RL_Full,2,4,3,2,3,inf
RL_Full,2,4,3,2,4,inf
RL_Full,2,4,3,2,5,inf
RL_Full,2,4,3,2,6,inf
RL_Full,2,4,3,2,7,inf
RL_Full,2,4,3,2,8,inf
RL_Full,2,4,3,2,9,inf
RL_Full,2,4,3,2,10,inf
RL_Full,2,4,3,2,11,inf
RL_Full,2,4,3,2,12,inf
RL_Full,2,4,3,2,13,inf
RL_Full,2,4,3,2,14,inf
RL_Full,2,4,3,2,15,inf
RL_Full,2,4,3,2,16,inf
RL_Full,2,4,3,2,17,inf
RL_Full,2,4,3,2,18,inf
RL_Full,2,4,3,2,19,inf
RL_Full,2,4,3,2,20,inf
Random,2,4,3,3,1,inf
Random,2,4,3,3,2,inf
Random,2,4,3,3,3,inf
Random,2,4,3,3,4,inf
Random,2,4,3,3,5,inf
Random,2,4,3,3,6,inf
Random,2,4,3,3,7,1808.7467551267523
Random,2,4,3,3,8,1808.7467551267523
Random,2,4,3,3,9,1808.7467551267523
Random,2,4,3,3,10,1808.7467551267523
Random,2,4,3,3,11,1808.7467551267523
Random,2,4,3,3,12,1808.7467551267523
Random,2,4,3,3,13,1808.7467551267523
Random,2,4,3,3,14,1559.7089375032895
Random,2,4,3,3,15,1425.0771029851012
Random,2,4,3,3,16,1425.0771029851012
Random,2,4,3,3,17,1425.0771029851012
Random,2,4,3,3,18,1398.6987083351864
Random,2,4,3,3,19,1398.6987083351864
Random,2,4,3,3,20,1398.6987083351864
qLogEI,2,4,3,3,1,inf
qLogEI,2,4,3,3,2,inf
qLogEI,2,4,3,3,3,inf
qLogEI,2,4,3,3,4,inf
qLogEI,2,4,3,3,5,inf
qLogEI,2,4,3,3,6,inf
qLogEI,2,4,3,3,7,1534.7061209098383
qLogEI,2,4,3,3,8,1534.7061209098383
qLogEI,2,4,3,3,9,1534.7061209098383
qLogEI,2,4,3,3,10,1534.7061209098383
qLogEI,2,4,3,3,11,1358.744148863045
qLogEI,2,4,3,3,12,1329.1678274590756
qLogEI,2,4,3,3,13,1329.1678274590756
qLogEI,2,4,3,3,14,1329.1678274590756
qLogEI,2,4,3,3,15,1329.1678274590756
qLogEI,2,4,3,3,16,1329.1678274590756
qLogEI,2,4,3,3,17,1329.1386369037523
qLogEI,2,4,3,3,18,1329.1386369037523
qLogEI,2,4,3,3,19,1328.4503615758445
qLogEI,2,4,3,3,20,1328.4503615758445
RL_Full,2,4,3,3,1,inf
RL_Full,2,4,3,3,2,inf
RL_Full,2,4,3,3,3,inf
RL_Full,2,4,3,3,4,inf
RL_Full,2,4,3,3,5,inf
RL_Full,2,4,3,3,6,inf
RL_Full,2,4,3,3,7,inf
RL_Full,2,4,3,3,8,inf
RL_Full,2,4,3,3,9,inf
RL_Full,2,4,3,3,10,inf
RL_Full,2,4,3,3,11,inf
RL_Full,2,4,3,3,12,inf
RL_Full,2,4,3,3,13,inf
RL_Full,2,4,3,3,14,inf
RL_Full,2,4,3,3,15,inf
RL_Full,2,4,3,3,16,inf
RL_Full,2,4,3,3,17,inf
RL_Full,2,4,3,3,18,inf
RL_Full,2,4,3,3,19,inf
RL_Full,2,4,3,3,20,inf
Random,2,4,3,4,1,inf
Random,2,4,3,4,2,inf
Random,2,4,3,4,3,inf
Random,2,4,3,4,4,inf
Random,2,4,3,4,5,1685.9668606176058
Random,2,4,3,4,6,1685.9668606176058
Random,2,4,3,4,7,1685.9668606176058
Random,2,4,3,4,8,1685.9668606176058
Random,2,4,3,4,9,1685.9668606176058
Random,2,4,3,4,10,1685.9668606176058
Random,2,4,3,4,11,1685.9668606176058
Random,2,4,3,4,12,1685.9668606176058
Random,2,4,3,4,13,1446.074181345575
Random,2,4,3,4,14,1446.074181345575
Random,2,4,3,4,15,1446.074181345575
Random,2,4,3,4,16,1446.074181345575
Random,2,4,3,4,17,1446.074181345575
Random,2,4,3,4,18,1446.074181345575
Random,2,4,3,4,19,1446.074181345575
Random,2,4,3,4,20,1446.074181345575
qLogEI,2,4,3,4,1,inf
qLogEI,2,4,3,4,2,inf
qLogEI,2,4,3,4,3,inf
qLogEI,2,4,3,4,4,inf
qLogEI,2,4,3,4,5,inf
qLogEI,2,4,3,4,6,1355.5192137688357
qLogEI,2,4,3,4,7,1355.3953679965482
qLogEI,2,4,3,4,8,1355.3953679965482
qLogEI,2,4,3,4,9,1355.3953679965482
qLogEI,2,4,3,4,10,1355.3953679965482
qLogEI,2,4,3,4,11,1354.6981078632502
qLogEI,2,4,3,4,12,1354.6981078632502
qLogEI,2,4,3,4,13,1354.6981078632502
qLogEI,2,4,3,4,14,1354.6981078632502
qLogEI,2,4,3,4,15,1352.2655527020947
qLogEI,2,4,3,4,16,1346.9647524131947
qLogEI,2,4,3,4,17,1346.5262300208824
qLogEI,2,4,3,4,18,1342.927307897953
qLogEI,2,4,3,4,19,1342.927307897953
qLogEI,2,4,3,4,20,1341.2198602612857
RL_Full,2,4,3,4,1,inf
RL_Full,2,4,3,4,2,inf
RL_Full,2,4,3,4,3,inf
RL_Full,2,4,3,4,4,inf
RL_Full,2,4,3,4,5,inf
RL_Full,2,4,3,4,6,inf
RL_Full,2,4,3,4,7,inf
RL_Full,2,4,3,4,8,inf
RL_Full,2,4,3,4,9,inf
RL_Full,2,4,3,4,10,inf
RL_Full,2,4,3,4,11,inf
RL_Full,2,4,3,4,12,inf
RL_Full,2,4,3,4,13,inf
RL_Full,2,4,3,4,14,inf
RL_Full,2,4,3,4,15,inf
RL_Full,2,4,3,4,16,inf
RL_Full,2,4,3,4,17,inf
RL_Full,2,4,3,4,18,inf
RL_Full,2,4,3,4,19,inf
RL_Full,2,4,3,4,20,inf
Random,2,6,1,0,1,inf
Random,2,6,1,0,2,inf
Random,2,6,1,0,3,inf
Random,2,6,1,0,4,inf
Random,2,6,1,0,5,inf
Random,2,6,1,0,6,inf
Random,2,6,1,0,7,inf
Random,2,6,1,0,8,inf
Random,2,6,1,0,9,693.6462031682748
Random,2,6,1,0,10,693.6462031682748
Random,2,6,1,0,11,693.6462031682748
Random,2,6,1,0,12,693.6462031682748
Random,2,6,1,0,13,693.6462031682748
Random,2,6,1,0,14,693.6462031682748
Random,2,6,1,0,15,693.6462031682748
Random,2,6,1,0,16,693.6462031682748
Random,2,6,1,0,17,693.6462031682748
Random,2,6,1,0,18,693.6462031682748
Random,2,6,1,0,19,693.6462031682748
Random,2,6,1,0,20,693.6462031682748
qLogEI,2,6,1,0,1,inf
qLogEI,2,6,1,0,2,inf
qLogEI,2,6,1,0,3,inf
qLogEI,2,6,1,0,4,inf
qLogEI,2,6,1,0,5,inf
qLogEI,2,6,1,0,6,inf
qLogEI,2,6,1,0,7,inf
qLogEI,2,6,1,0,8,inf
qLogEI,2,6,1,0,9,inf
qLogEI,2,6,1,0,10,inf
qLogEI,2,6,1,0,11,inf
qLogEI,2,6,1,0,12,inf
qLogEI,2,6,1,0,13,inf
qLogEI,2,6,1,0,14,inf
qLogEI,2,6,1,0,15,inf
qLogEI,2,6,1,0,16,inf
qLogEI,2,6,1,0,17,inf
qLogEI,2,6,1,0,18,inf
qLogEI,2,6,1,0,19,inf
qLogEI,2,6,1,0,20,inf
RL_Full,2,6,1,0,1,inf
RL_Full,2,6,1,0,2,inf
RL_Full,2,6,1,0,3,inf
RL_Full,2,6,1,0,4,inf
RL_Full,2,6,1,0,5,inf
RL_Full,2,6,1,0,6,inf
RL_Full,2,6,1,0,7,inf
RL_Full,2,6,1,0,8,inf
RL_Full,2,6,1,0,9,inf
RL_Full,2,6,1,0,10,inf
RL_Full,2,6,1,0,11,inf
RL_Full,2,6,1,0,12,inf
RL_Full,2,6,1,0,13,inf
RL_Full,2,6,1,0,14,inf
RL_Full,2,6,1,0,15,inf
RL_Full,2,6,1,0,16,inf
RL_Full,2,6,1,0,17,inf
RL_Full,2,6,1,0,18,inf
RL_Full,2,6,1,0,19,inf
RL_Full,2,6,1,0,20,inf
Random,2,6,1,1,1,inf
Random,2,6,1,1,2,inf
Random,2,6,1,1,3,622.6705780418868
Random,2,6,1,1,4,622.6705780418868
Random,2,6,1,1,5,622.6705780418868
Random,2,6,1,1,6,622.6705780418868
Random,2,6,1,1,7,622.6705780418868
Random,2,6,1,1,8,622.6705780418868
Random,2,6,1,1,9,508.6732491781231
Random,2,6,1,1,10,508.6732491781231
Random,2,6,1,1,11,508.6732491781231
Random,2,6,1,1,12,508.6732491781231
Random,2,6,1,1,13,508.6732491781231
Random,2,6,1,1,14,508.6732491781231
Random,2,6,1,1,15,508.6732491781231
Random,2,6,1,1,16,508.6732491781231
Random,2,6,1,1,17,508.6732491781231
Random,2,6,1,1,18,508.6732491781231
Random,2,6,1,1,19,508.6732491781231
Random,2,6,1,1,20,508.6732491781231
qLogEI,2,6,1,1,1,inf
qLogEI,2,6,1,1,2,inf
qLogEI,2,6,1,1,3,622.6705780418868
qLogEI,2,6,1,1,4,622.6705780418868
qLogEI,2,6,1,1,5,622.6705780418868
qLogEI,2,6,1,1,6,622.6705780418868
qLogEI,2,6,1,1,7,609.0182997630222
qLogEI,2,6,1,1,8,609.0182997630222
qLogEI,2,6,1,1,9,600.8456398429846
qLogEI,2,6,1,1,10,597.6402735979348
qLogEI,2,6,1,1,11,592.9969621531664
qLogEI,2,6,1,1,12,582.3492295202185
qLogEI,2,6,1,1,13,582.3492295202185
qLogEI,2,6,1,1,14,562.1447430674741
qLogEI,2,6,1,1,15,488.03884688494884
qLogEI,2,6,1,1,16,481.8039143463935
qLogEI,2,6,1,1,17,472.3163102367644
qLogEI,2,6,1,1,18,455.519309715906
qLogEI,2,6,1,1,19,453.07064115968114
qLogEI,2,6,1,1,20,450.50060752360196
RL_Full,2,6,1,1,1,inf
RL_Full,2,6,1,1,2,inf
RL_Full,2,6,1,1,3,622.6705780418868
RL_Full,2,6,1,1,4,622.6705780418868
RL_Full,2,6,1,1,5,622.6705780418868
RL_Full,2,6,1,1,6,622.6705780418868
RL_Full,2,6,1,1,7,622.6705780418868
RL_Full,2,6,1,1,8,622.6705780418868
RL_Full,2,6,1,1,9,622.6705780418868
RL_Full,2,6,1,1,10,622.6705780418868
RL_Full,2,6,1,1,11,622.6705780418868
RL_Full,2,6,1,1,12,622.6705780418868
RL_Full,2,6,1,1,13,622.6705780418868
RL_Full,2,6,1,1,14,622.6705780418868
RL_Full,2,6,1,1,15,622.6705780418868
RL_Full,2,6,1,1,16,622.6705780418868
RL_Full,2,6,1,1,17,622.6705780418868
RL_Full,2,6,1,1,18,622.6705780418868
RL_Full,2,6,1,1,19,622.6705780418868
RL_Full,2,6,1,1,20,622.6705780418868
Random,2,6,1,2,1,inf
Random,2,6,1,2,2,inf
Random,2,6,1,2,3,inf
Random,2,6,1,2,4,inf
Random,2,6,1,2,5,795.0974893245916
Random,2,6,1,2,6,690.6220215699032
Random,2,6,1,2,7,690.6220215699032
Random,2,6,1,2,8,690.6220215699032
Random,2,6,1,2,9,690.6220215699032
Random,2,6,1,2,10,690.6220215699032
Random,2,6,1,2,11,690.6220215699032
Random,2,6,1,2,12,690.5017782107084
Random,2,6,1,2,13,690.5017782107084
Random,2,6,1,2,14,690.5017782107084
Random,2,6,1,2,15,690.5017782107084
Random,2,6,1,2,16,690.5017782107084
Random,2,6,1,2,17,690.5017782107084
Random,2,6,1,2,18,690.5017782107084
Random,2,6,1,2,19,690.5017782107084
Random,2,6,1,2,20,690.5017782107084
qLogEI,2,6,1,2,1,inf
qLogEI,2,6,1,2,2,inf
qLogEI,2,6,1,2,3,inf
qLogEI,2,6,1,2,4,inf
qLogEI,2,6,1,2,5,418.2522965201145
qLogEI,2,6,1,2,6,418.2522965201145
qLogEI,2,6,1,2,7,418.2522965201145
qLogEI,2,6,1,2,8,418.2522965201145
qLogEI,2,6,1,2,9,418.2522965201145
qLogEI,2,6,1,2,10,418.2522965201145
qLogEI,2,6,1,2,11,418.2522965201145
qLogEI,2,6,1,2,12,418.2522965201145
qLogEI,2,6,1,2,13,418.2522965201145
qLogEI,2,6,1,2,14,417.610242151344
qLogEI,2,6,1,2,15,417.610242151344
qLogEI,2,6,1,2,16,417.610242151344
qLogEI,2,6,1,2,17,417.610242151344
qLogEI,2,6,1,2,18,417.610242151344
qLogEI,2,6,1,2,19,417.610242151344
qLogEI,2,6,1,2,20,417.610242151344
RL_Full,2,6,1,2,1,inf
RL_Full,2,6,1,2,2,inf
RL_Full,2,6,1,2,3,inf
RL_Full,2,6,1,2,4,inf
RL_Full,2,6,1,2,5,inf
RL_Full,2,6,1,2,6,inf
RL_Full,2,6,1,2,7,inf
RL_Full,2,6,1,2,8,inf
RL_Full,2,6,1,2,9,inf
RL_Full,2,6,1,2,10,inf
RL_Full,2,6,1,2,11,inf
RL_Full,2,6,1,2,12,inf
RL_Full,2,6,1,2,13,inf
RL_Full,2,6,1,2,14,inf
RL_Full,2,6,1,2,15,inf
RL_Full,2,6,1,2,16,inf
RL_Full,2,6,1,2,17,inf
RL_Full,2,6,1,2,18,inf
RL_Full,2,6,1,2,19,inf
RL_Full,2,6,1,2,20,inf
Random,2,6,1,3,1,inf
Random,2,6,1,3,2,inf
Random,2,6,1,3,3,inf
Random,2,6,1,3,4,inf
Random,2,6,1,3,5,915.2597507774212
Random,2,6,1,3,6,915.2597507774212
Random,2,6,1,3,7,915.2597507774212
Random,2,6,1,3,8,915.2597507774212
Random,2,6,1,3,9,915.2597507774212
Random,2,6,1,3,10,915.2597507774212
Random,2,6,1,3,11,915.2597507774212
Random,2,6,1,3,12,915.2597507774212
Random,2,6,1,3,13,915.2597507774212
Random,2,6,1,3,14,915.2597507774212
Random,2,6,1,3,15,915.2597507774212
Random,2,6,1,3,16,915.2597507774212
Random,2,6,1,3,17,915.2597507774212
Random,2,6,1,3,18,915.2597507774212
Random,2,6,1,3,19,915.2597507774212
Random,2,6,1,3,20,915.2597507774212
qLogEI,2,6,1,3,1,inf
qLogEI,2,6,1,3,2,inf
qLogEI,2,6,1,3,3,inf
qLogEI,2,6,1,3,4,inf
qLogEI,2,6,1,3,5,inf
qLogEI,2,6,1,3,6,inf
qLogEI,2,6,1,3,7,inf
qLogEI,2,6,1,3,8,inf
qLogEI,2,6,1,3,9,inf
qLogEI,2,6,1,3,10,inf
qLogEI,2,6,1,3,11,inf
qLogEI,2,6,1,3,12,inf
qLogEI,2,6,1,3,13,inf
qLogEI,2,6,1,3,14,inf
qLogEI,2,6,1,3,15,inf
qLogEI,2,6,1,3,16,inf
qLogEI,2,6,1,3,17,inf
qLogEI,2,6,1,3,18,inf
qLogEI,2,6,1,3,19,inf
qLogEI,2,6,1,3,20,inf
RL_Full,2,6,1,3,1,inf
RL_Full,2,6,1,3,2,inf
RL_Full,2,6,1,3,3,inf
RL_Full,2,6,1,3,4,inf
RL_Full,2,6,1,3,5,inf
RL_Full,2,6,1,3,6,inf
RL_Full,2,6,1,3,7,inf
RL_Full,2,6,1,3,8,inf
RL_Full,2,6,1,3,9,inf
RL_Full,2,6,1,3,10,inf
RL_Full,2,6,1,3,11,inf
RL_Full,2,6,1,3,12,inf
RL_Full,2,6,1,3,13,inf
RL_Full,2,6,1,3,14,inf
RL_Full,2,6,1,3,15,inf
RL_Full,2,6,1,3,16,inf
RL_Full,2,6,1,3,17,inf
RL_Full,2,6,1,3,18,inf
RL_Full,2,6,1,3,19,inf
RL_Full,2,6,1,3,20,inf
Random,2,6,1,4,1,999.331466176194
Random,2,6,1,4,2,413.4944354650017
Random,2,6,1,4,3,413.4944354650017
Random,2,6,1,4,4,413.4944354650017
Random,2,6,1,4,5,413.4944354650017
Random,2,6,1,4,6,413.4944354650017
Random,2,6,1,4,7,413.4944354650017
Random,2,6,1,4,8,413.4944354650017
Random,2,6,1,4,9,413.4944354650017
Random,2,6,1,4,10,413.4944354650017
Random,2,6,1,4,11,413.4944354650017
Random,2,6,1,4,12,413.4944354650017
Random,2,6,1,4,13,413.4944354650017
Random,2,6,1,4,14,413.4944354650017
Random,2,6,1,4,15,413.4944354650017
Random,2,6,1,4,16,413.4944354650017
Random,2,6,1,4,17,413.4944354650017
Random,2,6,1,4,18,413.4944354650017
Random,2,6,1,4,19,413.4944354650017
Random,2,6,1,4,20,413.4944354650017
qLogEI,2,6,1,4,1,999.331466176194
qLogEI,2,6,1,4,2,413.4944354650017
qLogEI,2,6,1,4,3,413.4944354650017
qLogEI,2,6,1,4,4,413.4944354650017
qLogEI,2,6,1,4,5,413.4944354650017
qLogEI,2,6,1,4,6,413.4944354650017
qLogEI,2,6,1,4,7,413.4944354650017
qLogEI,2,6,1,4,8,412.3478189217832
qLogEI,2,6,1,4,9,412.3478189217832
qLogEI,2,6,1,4,10,412.3478189217832
qLogEI,2,6,1,4,11,410.9711384480314
qLogEI,2,6,1,4,12,410.3764622862905
qLogEI,2,6,1,4,13,410.3764622862905
qLogEI,2,6,1,4,14,410.3764622862905
qLogEI,2,6,1,4,15,410.3764622862905
qLogEI,2,6,1,4,16,410.3764622862905
qLogEI,2,6,1,4,17,410.3764622862905
qLogEI,2,6,1,4,18,410.3764622862905
qLogEI,2,6,1,4,19,410.3764622862905
qLogEI,2,6,1,4,20,410.3764622862905
RL_Full,2,6,1,4,1,999.331466176194
RL_Full,2,6,1,4,2,413.4944354650017
RL_Full,2,6,1,4,3,413.4944354650017
RL_Full,2,6,1,4,4,413.4944354650017
RL_Full,2,6,1,4,5,413.4944354650017
RL_Full,2,6,1,4,6,413.4944354650017
RL_Full,2,6,1,4,7,413.4944354650017
RL_Full,2,6,1,4,8,413.4944354650017
RL_Full,2,6,1,4,9,413.4944354650017
RL_Full,2,6,1,4,10,413.4944354650017
RL_Full,2,6,1,4,11,413.4944354650017
RL_Full,2,6,1,4,12,413.4944354650017
RL_Full,2,6,1,4,13,413.4944354650017
RL_Full,2,6,1,4,14,413.4944354650017
RL_Full,2,6,1,4,15,413.4944354650017
RL_Full,2,6,1,4,16,413.4944354650017
RL_Full,2,6,1,4,17,413.4944354650017
RL_Full,2,6,1,4,18,413.4944354650017
RL_Full,2,6,1,4,19,413.4944354650017
RL_Full,2,6,1,4,20,413.4944354650017
Random,2,6,2,0,1,1378.0806984923302
Random,2,6,2,0,2,1378.0806984923302
Random,2,6,2,0,3,1378.0806984923302
Random,2,6,2,0,4,1378.0806984923302
Random,2,6,2,0,5,1378.0806984923302
Random,2,6,2,0,6,1378.0806984923302
Random,2,6,2,0,7,1378.0806984923302
Random,2,6,2,0,8,1378.0806984923302
Random,2,6,2,0,9,1378.0806984923302
Random,2,6,2,0,10,1378.0806984923302
Random,2,6,2,0,11,1378.0806984923302
Random,2,6,2,0,12,742.4638375185874
Random,2,6,2,0,13,742.4638375185874
Random,2,6,2,0,14,742.4638375185874
Random,2,6,2,0,15,742.4638375185874
Random,2,6,2,0,16,742.4638375185874
Random,2,6,2,0,17,742.4638375185874
Random,2,6,2,0,18,742.4638375185874
Random,2,6,2,0,19,742.4638375185874
Random,2,6,2,0,20,742.4638375185874
qLogEI,2,6,2,0,1,1378.0806984923302
qLogEI,2,6,2,0,2,1378.0806984923302
qLogEI,2,6,2,0,3,1378.0806984923302
qLogEI,2,6,2,0,4,1378.0806984923302
qLogEI,2,6,2,0,5,1378.0806984923302
qLogEI,2,6,2,0,6,1378.0806984923302
qLogEI,2,6,2,0,7,1249.713378795465
qLogEI,2,6,2,0,8,1102.5293185757234
qLogEI,2,6,2,0,9,936.5176363775286
qLogEI,2,6,2,0,10,846.5173506132975
qLogEI,2,6,2,0,11,769.4021400713107
qLogEI,2,6,2,0,12,720.0225397025415
qLogEI,2,6,2,0,13,720.0225397025415
qLogEI,2,6,2,0,14,653.2408345194887
qLogEI,2,6,2,0,15,622.2906597248382
qLogEI,2,6,2,0,16,622.2906597248382
qLogEI,2,6,2,0,17,610.9684014461038
qLogEI,2,6,2,0,18,608.0240985861676
qLogEI,2,6,2,0,19,595.9045243493606
qLogEI,2,6,2,0,20,595.9045243493606
RL_Full,2,6,2,0,1,1378.0806984923302
RL_Full,2,6,2,0,2,1378.0806984923302
RL_Full,2,6,2,0,3,1378.0806984923302
RL_Full,2,6,2,0,4,1378.0806984923302
RL_Full,2,6,2,0,5,1378.0806984923302
RL_Full,2,6,2,0,6,1378.0806984923302
RL_Full,2,6,2,0,7,1378.0806984923302
RL_Full,2,6,2,0,8,1378.0806984923302
RL_Full,2,6,2,0,9,1378.0806984923302
RL_Full,2,6,2,0,10,1378.0806984923302
RL_Full,2,6,2,0,11,1378.0806984923302
RL_Full,2,6,2,0,12,1378.0806984923302
RL_Full,2,6,2,0,13,1378.0806984923302
RL_Full,2,6,2,0,14,1378.0806984923302
RL_Full,2,6,2,0,15,1378.0806984923302
RL_Full,2,6,2,0,16,1378.0806984923302
RL_Full,2,6,2,0,17,1378.0806984923302
RL_Full,2,6,2,0,18,1378.0806984923302
RL_Full,2,6,2,0,19,1378.0806984923302
RL_Full,2,6,2,0,20,1378.0806984923302
Random,2,6,2,1,1,inf
Random,2,6,2,1,2,inf
Random,2,6,2,1,3,1225.0436929333525
Random,2,6,2,1,4,1225.0436929333525
Random,2,6,2,1,5,1225.0436929333525
Random,2,6,2,1,6,1225.0436929333525
Random,2,6,2,1,7,1225.0436929333525
Random,2,6,2,1,8,1225.0436929333525
Random,2,6,2,1,9,969.3008421567417
Random,2,6,2,1,10,969.3008421567417
Random,2,6,2,1,11,969.3008421567417
Random,2,6,2,1,12,969.3008421567417
Random,2,6,2,1,13,969.3008421567417
Random,2,6,2,1,14,969.3008421567417
Random,2,6,2,1,15,969.3008421567417
Random,2,6,2,1,16,969.3008421567417
Random,2,6,2,1,17,969.3008421567417
Random,2,6,2,1,18,969.3008421567417
Random,2,6,2,1,19,969.3008421567417
Random,2,6,2,1,20,969.3008421567417
qLogEI,2,6,2,1,1,inf
qLogEI,2,6,2,1,2,inf
qLogEI,2,6,2,1,3,1225.0436929333525
qLogEI,2,6,2,1,4,1225.0436929333525
qLogEI,2,6,2,1,5,1225.0436929333525
qLogEI,2,6,2,1,6,1225.0436929333525
qLogEI,2,6,2,1,7,1225.0436929333525
qLogEI,2,6,2,1,8,1144.042348120448
qLogEI,2,6,2,1,9,1110.4546662410094
qLogEI,2,6,2,1,10,1110.4546662410094
qLogEI,2,6,2,1,11,1110.4546662410094
qLogEI,2,6,2,1,12,1110.4546662410094
qLogEI,2,6,2,1,13,597.310086368638
qLogEI,2,6,2,1,14,597.310086368638
qLogEI,2,6,2,1,15,597.310086368638
qLogEI,2,6,2,1,16,583.242559917081
qLogEI,2,6,2,1,17,575.8909076218343
qLogEI,2,6,2,1,18,575.8909076218343
qLogEI,2,6,2,1,19,574.3744701127157
qLogEI,2,6,2,1,20,574.3744701127157
RL_Full,2,6,2,1,1,inf
RL_Full,2,6,2,1,2,inf
RL_Full,2,6,2,1,3,1225.0436929333525
RL_Full,2,6,2,1,4,1225.0436929333525
RL_Full,2,6,2,1,5,1225.0436929333525
RL_Full,2,6,2,1,6,1225.0436929333525
RL_Full,2,6,2,1,7,1225.0436929333525
RL_Full,2,6,2,1,8,1225.0436929333525
RL_Full,2,6,2,1,9,1225.0436929333525
RL_Full,2,6,2,1,10,1225.0436929333525
RL_Full,2,6,2,1,11,1225.0436929333525
RL_Full,2,6,2,1,12,1225.0436929333525
RL_Full,2,6,2,1,13,1225.0436929333525
RL_Full,2,6,2,1,14,1225.0436929333525
RL_Full,2,6,2,1,15,1225.0436929333525
RL_Full,2,6,2,1,16,1225.0436929333525
RL_Full,2,6,2,1,17,1225.0436929333525
RL_Full,2,6,2,1,18,1225.0436929333525
RL_Full,2,6,2,1,19,1225.0436929333525
RL_Full,2,6,2,1,20,1225.0436929333525
Random,2,6,2,2,1,inf
Random,2,6,2,2,2,inf
Random,2,6,2,2,3,694.9618585510341
Random,2,6,2,2,4,694.9618585510341
Random,2,6,2,2,5,694.9618585510341
Random,2,6,2,2,6,694.9618585510341
Random,2,6,2,2,7,694.9618585510341
Random,2,6,2,2,8,694.9618585510341
Random,2,6,2,2,9,694.9618585510341
Random,2,6,2,2,10,694.9618585510341
Random,2,6,2,2,11,694.9618585510341
Random,2,6,2,2,12,694.9618585510341
Random,2,6,2,2,13,694.9618585510341
Random,2,6,2,2,14,694.9618585510341
Random,2,6,2,2,15,694.9618585510341
Random,2,6,2,2,16,694.9618585510341
Random,2,6,2,2,17,694.9618585510341
Random,2,6,2,2,18,694.9618585510341
Random,2,6,2,2,19,694.9618585510341
Random,2,6,2,2,20,694.9618585510341
qLogEI,2,6,2,2,1,inf
qLogEI,2,6,2,2,2,inf
qLogEI,2,6,2,2,3,694.9618585510341
qLogEI,2,6,2,2,4,694.9618585510341
qLogEI,2,6,2,2,5,694.9618585510341
qLogEI,2,6,2,2,6,666.7678277682796
qLogEI,2,6,2,2,7,666.7678277682796
qLogEI,2,6,2,2,8,644.3373986151582
qLogEI,2,6,2,2,9,644.3373986151582
qLogEI,2,6,2,2,10,644.3373986151582
qLogEI,2,6,2,2,11,644.3373986151582
qLogEI,2,6,2,2,12,644.3373986151582
qLogEI,2,6,2,2,13,617.0467860965309
qLogEI,2,6,2,2,14,617.0467860965309
qLogEI,2,6,2,2,15,584.1104827240043
qLogEI,2,6,2,2,16,584.1104827240043
qLogEI,2,6,2,2,17,575.1302511224653
qLogEI,2,6,2,2,18,575.1302511224653
qLogEI,2,6,2,2,19,559.6532932960604
qLogEI,2,6,2,2,20,549.4622602557649
RL_Full,2,6,2,2,1,inf
RL_Full,2,6,2,2,2,inf
RL_Full,2,6,2,2,3,694.9618585510341
RL_Full,2,6,2,2,4,694.9618585510341
RL_Full,2,6,2,2,5,694.9618585510341
RL_Full,2,6,2,2,6,694.9618585510341
RL_Full,2,6,2,2,7,694.9618585510341
RL_Full,2,6,2,2,8,694.9618585510341
RL_Full,2,6,2,2,9,694.9618585510341
RL_Full,2,6,2,2,10,694.9618585510341
RL_Full,2,6,2,2,11,694.9618585510341
RL_Full,2,6,2,2,12,694.9618585510341
RL_Full,2,6,2,2,13,694.9618585510341
RL_Full,2,6,2,2,14,694.9618585510341
RL_Full,2,6,2,2,15,694.9618585510341
RL_Full,2,6,2,2,16,694.9618585510341
RL_Full,2,6,2,2,17,694.9618585510341
RL_Full,2,6,2,2,18,694.9618585510341
RL_Full,2,6,2,2,19,694.9618585510341
RL_Full,2,6,2,2,20,694.9618585510341
Random,2,6,2,3,1,543.2766175741881
Random,2,6,2,3,2,543.2766175741881
Random,2,6,2,3,3,543.2766175741881
Random,2,6,2,3,4,543.2766175741881
Random,2,6,2,3,5,543.2766175741881
Random,2,6,2,3,6,543.2766175741881
Random,2,6,2,3,7,543.2766175741881
Random,2,6,2,3,8,543.2766175741881
Random,2,6,2,3,9,543.2766175741881
Random,2,6,2,3,10,543.2766175741881
Random,2,6,2,3,11,543.2766175741881
Random,2,6,2,3,12,543.2766175741881
Random,2,6,2,3,13,543.2766175741881
Random,2,6,2,3,14,543.2766175741881
Random,2,6,2,3,15,543.2766175741881
Random,2,6,2,3,16,543.2766175741881
Random,2,6,2,3,17,543.2766175741881
Random,2,6,2,3,18,543.2766175741881
Random,2,6,2,3,19,543.2766175741881
Random,2,6,2,3,20,543.2766175741881
qLogEI,2,6,2,3,1,543.2766175741881
qLogEI,2,6,2,3,2,543.2766175741881
qLogEI,2,6,2,3,3,543.2766175741881
qLogEI,2,6,2,3,4,543.2766175741881
qLogEI,2,6,2,3,5,543.2766175741881
qLogEI,2,6,2,3,6,543.2766175741881
qLogEI,2,6,2,3,7,543.2766175741881
qLogEI,2,6,2,3,8,543.2766175741881
qLogEI,2,6,2,3,9,543.2766175741881
qLogEI,2,6,2,3,10,538.2093070750177
qLogEI,2,6,2,3,11,538.2093070750177
qLogEI,2,6,2,3,12,538.2093070750177
qLogEI,2,6,2,3,13,538.2093070750177
qLogEI,2,6,2,3,14,538.2093070750177
qLogEI,2,6,2,3,15,538.2093070750177
qLogEI,2,6,2,3,16,538.2093070750177
qLogEI,2,6,2,3,17,538.2093070750177
qLogEI,2,6,2,3,18,538.2093070750177
qLogEI,2,6,2,3,19,537.794306397776
qLogEI,2,6,2,3,20,537.794306397776
RL_Full,2,6,2,3,1,543.2766175741881
RL_Full,2,6,2,3,2,543.2766175741881
RL_Full,2,6,2,3,3,543.2766175741881
RL_Full,2,6,2,3,4,543.2766175741881
RL_Full,2,6,2,3,5,543.2766175741881
RL_Full,2,6,2,3,6,543.2766175741881
RL_Full,2,6,2,3,7,543.2766175741881
RL_Full,2,6,2,3,8,543.2766175741881
RL_Full,2,6,2,3,9,543.2766175741881
RL_Full,2,6,2,3,10,543.2766175741881
RL_Full,2,6,2,3,11,543.2766175741881
RL_Full,2,6,2,3,12,543.2766175741881
RL_Full,2,6,2,3,13,543.2766175741881
RL_Full,2,6,2,3,14,543.2766175741881
RL_Full,2,6,2,3,15,543.2766175741881
RL_Full,2,6,2,3,16,543.2766175741881
RL_Full,2,6,2,3,17,543.2766175741881
RL_Full,2,6,2,3,18,543.2766175741881
RL_Full,2,6,2,3,19,543.2766175741881
RL_Full,2,6,2,3,20,543.2766175741881
Random,2,6,2,4,1,inf
Random,2,6,2,4,2,902.7869015642317
Random,2,6,2,4,3,902.7869015642317
Random,2,6,2,4,4,902.7869015642317
Random,2,6,2,4,5,902.7869015642317
Random,2,6,2,4,6,902.7869015642317
Random,2,6,2,4,7,902.7869015642317
Random,2,6,2,4,8,902.7869015642317
Random,2,6,2,4,9,902.7869015642317
Random,2,6,2,4,10,810.9510509271472
Random,2,6,2,4,11,810.9510509271472
Random,2,6,2,4,12,810.9510509271472
Random,2,6,2,4,13,810.9510509271472
Random,2,6,2,4,14,810.9510509271472
Random,2,6,2,4,15,810.9510509271472
Random,2,6,2,4,16,810.9510509271472
Random,2,6,2,4,17,810.9510509271472
Random,2,6,2,4,18,810.9510509271472
Random,2,6,2,4,19,810.9510509271472
Random,2,6,2,4,20,810.9510509271472
qLogEI,2,6,2,4,1,inf
qLogEI,2,6,2,4,2,902.7869015642317
qLogEI,2,6,2,4,3,902.7869015642317
qLogEI,2,6,2,4,4,902.7869015642317
qLogEI,2,6,2,4,5,902.7869015642317
qLogEI,2,6,2,4,6,902.7869015642317
qLogEI,2,6,2,4,7,902.7869015642317
qLogEI,2,6,2,4,8,575.2266459291901
qLogEI,2,6,2,4,9,575.2266459291901
qLogEI,2,6,2,4,10,556.7695725240218
qLogEI,2,6,2,4,11,556.7695725240218
qLogEI,2,6,2,4,12,551.2650124475392
qLogEI,2,6,2,4,13,551.2650124475392
qLogEI,2,6,2,4,14,543.5135886755397
qLogEI,2,6,2,4,15,538.6823523469674
qLogEI,2,6,2,4,16,533.9867259641885
qLogEI,2,6,2,4,17,529.5300743944308
qLogEI,2,6,2,4,18,528.7914959572241
qLogEI,2,6,2,4,19,527.709846335882
qLogEI,2,6,2,4,20,527.709846335882
RL_Full,2,6,2,4,1,inf
RL_Full,2,6,2,4,2,902.7869015642317
RL_Full,2,6,2,4,3,902.7869015642317
RL_Full,2,6,2,4,4,902.7869015642317
RL_Full,2,6,2,4,5,902.7869015642317
RL_Full,2,6,2,4,6,902.7869015642317
RL_Full,2,6,2,4,7,902.7869015642317
RL_Full,2,6,2,4,8,902.7869015642317
RL_Full,2,6,2,4,9,902.7869015642317
RL_Full,2,6,2,4,10,902.7869015642317
RL_Full,2,6,2,4,11,902.7869015642317
RL_Full,2,6,2,4,12,902.7869015642317
RL_Full,2,6,2,4,13,902.7869015642317
RL_Full,2,6,2,4,14,902.7869015642317
RL_Full,2,6,2,4,15,902.7869015642317
RL_Full,2,6,2,4,16,902.7869015642317
RL_Full,2,6,2,4,17,902.7869015642317
RL_Full,2,6,2,4,18,902.7869015642317
RL_Full,2,6,2,4,19,902.7869015642317
RL_Full,2,6,2,4,20,902.7869015642317
Random,2,6,3,0,1,inf
Random,2,6,3,0,2,inf
Random,2,6,3,0,3,inf
Random,2,6,3,0,4,-9630.967190111829
Random,2,6,3,0,5,-9630.967190111829
Random,2,6,3,0,6,-9630.967190111829
Random,2,6,3,0,7,-9630.967190111829
Random,2,6,3,0,8,-9630.967190111829
Random,2,6,3,0,9,-9630.967190111829
Random,2,6,3,0,10,-9630.967190111829
Random,2,6,3,0,11,-9630.967190111829
Random,2,6,3,0,12,-9630.967190111829
Random,2,6,3,0,13,-9630.967190111829
Random,2,6,3,0,14,-9630.967190111829
Random,2,6,3,0,15,-9630.967190111829
Random,2,6,3,0,16,-9630.967190111829
Random,2,6,3,0,17,-9630.967190111829
Random,2,6,3,0,18,-9630.967190111829
Random,2,6,3,0,19,-9630.967190111829
Random,2,6,3,0,20,-9630.967190111829
qLogEI,2,6,3,0,1,inf
qLogEI,2,6,3,0,2,inf
qLogEI,2,6,3,0,3,inf
qLogEI,2,6,3,0,4,-9630.967190111829
qLogEI,2,6,3,0,5,-9630.967190111829
qLogEI,2,6,3,0,6,-9630.967190111829
qLogEI,2,6,3,0,7,-9752.079901583747
qLogEI,2,6,3,0,8,-9754.343291749417
qLogEI,2,6,3,0,9,-9754.343291749417
qLogEI,2,6,3,0,10,-9754.343291749417
qLogEI,2,6,3,0,11,-9795.306356079163
qLogEI,2,6,3,0,12,-9812.108023355635
qLogEI,2,6,3,0,13,-9812.108023355635
qLogEI,2,6,3,0,14,-9812.108023355635
qLogEI,2,6,3,0,15,-9812.108023355635
qLogEI,2,6,3,0,16,-9812.108023355635
qLogEI,2,6,3,0,17,-9812.108023355635
qLogEI,2,6,3,0,18,-9812.108023355635
qLogEI,2,6,3,0,19,-9812.108023355635
qLogEI,2,6,3,0,20,-9812.108023355635
RL_Full,2,6,3,0,1,inf
RL_Full,2,6,3,0,2,inf
RL_Full,2,6,3,0,3,inf
RL_Full,2,6,3,0,4,-9630.967190111829
RL_Full,2,6,3,0,5,-9630.967190111829
RL_Full,2,6,3,0,6,-9630.967190111829
RL_Full,2,6,3,0,7,-9630.967190111829
RL_Full,2,6,3,0,8,-9630.967190111829
RL_Full,2,6,3,0,9,-9630.967190111829
RL_Full,2,6,3,0,10,-9630.967190111829
RL_Full,2,6,3,0,11,-9630.967190111829
RL_Full,2,6,3,0,12,-9630.967190111829
RL_Full,2,6,3,0,13,-9630.967190111829
RL_Full,2,6,3,0,14,-9630.967190111829
RL_Full,2,6,3,0,15,-9630.967190111829
RL_Full,2,6,3,0,16,-9630.967190111829
RL_Full,2,6,3,0,17,-9630.967190111829
RL_Full,2,6,3,0,18,-9630.967190111829
RL_Full,2,6,3,0,19,-9630.967190111829
RL_Full,2,6,3,0,20,-9630.967190111829
Random,2,6,3,1,1,inf
Random,2,6,3,1,2,inf
Random,2,6,3,1,3,inf
Random,2,6,3,1,4,inf
Random,2,6,3,1,5,-9019.298880691838
Random,2,6,3,1,6,-9019.298880691838
Random,2,6,3,1,7,-9746.84372312828
Random,2,6,3,1,8,-9746.84372312828
Random,2,6,3,1,9,-9746.84372312828
Random,2,6,3,1,10,-9746.84372312828
Random,2,6,3,1,11,-9746.84372312828
Random,2,6,3,1,12,-9746.84372312828
Random,2,6,3,1,13,-9746.84372312828
Random,2,6,3,1,14,-9746.84372312828
Random,2,6,3,1,15,-9746.84372312828
Random,2,6,3,1,16,-9746.84372312828
Random,2,6,3,1,17,-9746.84372312828
Random,2,6,3,1,18,-9746.84372312828
Random,2,6,3,1,19,-9746.84372312828
Random,2,6,3,1,20,-9746.84372312828
qLogEI,2,6,3,1,1,inf
qLogEI,2,6,3,1,2,inf
qLogEI,2,6,3,1,3,inf
qLogEI,2,6,3,1,4,inf
qLogEI,2,6,3,1,5,inf
qLogEI,2,6,3,1,6,inf
qLogEI,2,6,3,1,7,inf
qLogEI,2,6,3,1,8,inf
qLogEI,2,6,3,1,9,inf
qLogEI,2,6,3,1,10,inf
qLogEI,2,6,3,1,11,inf
qLogEI,2,6,3,1,12,-9833.562123363063
qLogEI,2,6,3,1,13,-9834.499103427981
qLogEI,2,6,3,1,14,-9835.010648821537
qLogEI,2,6,3,1,15,-9835.435715529129
qLogEI,2,6,3,1,16,-9835.774094144917
qLogEI,2,6,3,1,17,-9836.249792220604
qLogEI,2,6,3,1,18,-9839.628814878612
qLogEI,2,6,3,1,19,-9845.230961083691
qLogEI,2,6,3,1,20,-9845.230961083691
RL_Full,2,6,3,1,1,inf
RL_Full,2,6,3,1,2,inf
RL_Full,2,6,3,1,3,inf
RL_Full,2,6,3,1,4,inf
RL_Full,2,6,3,1,5,inf
RL_Full,2,6,3,1,6,inf
RL_Full,2,6,3,1,7,inf
RL_Full,2,6,3,1,8,inf
RL_Full,2,6,3,1,9,inf
RL_Full,2,6,3,1,10,inf
RL_Full,2,6,3,1,11,inf
RL_Full,2,6,3,1,12,inf
RL_Full,2,6,3,1,13,inf
RL_Full,2,6,3,1,14,inf
RL_Full,2,6,3,1,15,inf
RL_Full,2,6,3,1,16,inf
RL_Full,2,6,3,1,17,inf
RL_Full,2,6,3,1,18,inf
RL_Full,2,6,3,1,19,inf
RL_Full,2,6,3,1,20,inf
Random,2,6,3,2,1,inf
Random,2,6,3,2,2,inf
Random,2,6,3,2,3,inf
Random,2,6,3,2,4,inf
Random,2,6,3,2,5,inf
Random,2,6,3,2,6,inf
Random,2,6,3,2,7,inf
Random,2,6,3,2,8,inf
Random,2,6,3,2,9,inf
Random,2,6,3,2,10,inf
Random,2,6,3,2,11,inf
Random,2,6,3,2,12,inf
Random,2,6,3,2,13,inf
Random,2,6,3,2,14,inf
Random,2,6,3,2,15,inf
Random,2,6,3,2,16,inf
Random,2,6,3,2,17,inf
Random,2,6,3,2,18,inf
Random,2,6,3,2,19,inf
Random,2,6,3,2,20,inf
qLogEI,2,6,3,2,1,inf
qLogEI,2,6,3,2,2,inf
qLogEI,2,6,3,2,3,inf
qLogEI,2,6,3,2,4,inf
qLogEI,2,6,3,2,5,-9593.594437925589
qLogEI,2,6,3,2,6,-9593.594437925589
qLogEI,2,6,3,2,7,-9593.594437925589
qLogEI,2,6,3,2,8,-9697.370787348302
qLogEI,2,6,3,2,9,-9697.370787348302
qLogEI,2,6,3,2,10,-9704.458398527417
qLogEI,2,6,3,2,11,-9715.160247291924
qLogEI,2,6,3,2,12,-9726.613680632981
qLogEI,2,6,3,2,13,-9784.849071065759
qLogEI,2,6,3,2,14,-9789.330563755711
qLogEI,2,6,3,2,15,-9803.548373496717
qLogEI,2,6,3,2,16,-9808.849060052575
qLogEI,2,6,3,2,17,-9808.849060052575
qLogEI,2,6,3,2,18,-9824.376764203356
qLogEI,2,6,3,2,19,-9827.58310654621
qLogEI,2,6,3,2,20,-9831.644552407226
RL_Full,2,6,3,2,1,inf
RL_Full,2,6,3,2,2,inf
RL_Full,2,6,3,2,3,inf
RL_Full,2,6,3,2,4,inf
RL_Full,2,6,3,2,5,inf
RL_Full,2,6,3,2,6,inf
RL_Full,2,6,3,2,7,inf
RL_Full,2,6,3,2,8,inf
RL_Full,2,6,3,2,9,inf
RL_Full,2,6,3,2,10,inf
RL_Full,2,6,3,2,11,inf
RL_Full,2,6,3,2,12,inf
RL_Full,2,6,3,2,13,inf
RL_Full,2,6,3,2,14,inf
RL_Full,2,6,3,2,15,inf
RL_Full,2,6,3,2,16,inf
RL_Full,2,6,3,2,17,inf
RL_Full,2,6,3,2,18,inf
RL_Full,2,6,3,2,19,inf
RL_Full,2,6,3,2,20,inf
Random,2,6,3,3,1,inf
Random,2,6,3,3,2,inf
Random,2,6,3,3,3,inf
Random,2,6,3,3,4,inf
Random,2,6,3,3,5,inf
Random,2,6,3,3,6,inf
Random,2,6,3,3,7,inf
Random,2,6,3,3,8,inf
Random,2,6,3,3,9,inf
Random,2,6,3,3,10,inf
Random,2,6,3,3,11,inf
Random,2,6,3,3,12,inf
Random,2,6,3,3,13,inf
Random,2,6,3,3,14,-9533.759544005015
Random,2,6,3,3,15,-9533.759544005015
Random,2,6,3,3,16,-9533.759544005015
Random,2,6,3,3,17,-9533.759544005015
Random,2,6,3,3,18,-9533.759544005015
Random,2,6,3,3,19,-9533.759544005015
Random,2,6,3,3,20,-9847.792957389072
qLogEI,2,6,3,3,1,inf
qLogEI,2,6,3,3,2,inf
qLogEI,2,6,3,3,3,inf
qLogEI,2,6,3,3,4,inf
qLogEI,2,6,3,3,5,inf
qLogEI,2,6,3,3,6,inf
qLogEI,2,6,3,3,7,inf
qLogEI,2,6,3,3,8,inf
qLogEI,2,6,3,3,9,inf
qLogEI,2,6,3,3,10,inf
qLogEI,2,6,3,3,11,inf
qLogEI,2,6,3,3,12,inf
qLogEI,2,6,3,3,13,inf
qLogEI,2,6,3,3,14,inf
qLogEI,2,6,3,3,15,inf
qLogEI,2,6,3,3,16,inf
qLogEI,2,6,3,3,17,-9870.899323518428
qLogEI,2,6,3,3,18,-9870.899323518428
qLogEI,2,6,3,3,19,-9870.899323518428
qLogEI,2,6,3,3,20,-9870.899323518428
RL_Full,2,6,3,3,1,inf
RL_Full,2,6,3,3,2,inf
RL_Full,2,6,3,3,3,inf
RL_Full,2,6,3,3,4,inf
RL_Full,2,6,3,3,5,inf
RL_Full,2,6,3,3,6,inf
RL_Full,2,6,3,3,7,inf
RL_Full,2,6,3,3,8,inf
RL_Full,2,6,3,3,9,inf
RL_Full,2,6,3,3,10,inf
RL_Full,2,6,3,3,11,inf
RL_Full,2,6,3,3,12,inf
RL_Full,2,6,3,3,13,inf
RL_Full,2,6,3,3,14,inf
RL_Full,2,6,3,3,15,inf
RL_Full,2,6,3,3,16,inf
RL_Full,2,6,3,3,17,inf
RL_Full,2,6,3,3,18,inf
RL_Full,2,6,3,3,19,inf
RL_Full,2,6,3,3,20,inf
Random,2,6,3,4,1,inf
Random,2,6,3,4,2,inf
Random,2,6,3,4,3,-9528.020599058158
Random,2,6,3,4,4,-9528.020599058158
Random,2,6,3,4,5,-9528.020599058158
Random,2,6,3,4,6,-9528.020599058158
Random,2,6,3,4,7,-9528.020599058158
Random,2,6,3,4,8,-9528.020599058158
Random,2,6,3,4,9,-9528.020599058158
Random,2,6,3,4,10,-9528.020599058158
Random,2,6,3,4,11,-9528.020599058158
Random,2,6,3,4,12,-9528.020599058158
Random,2,6,3,4,13,-9528.020599058158
Random,2,6,3,4,14,-9528.020599058158
Random,2,6,3,4,15,-9528.020599058158
Random,2,6,3,4,16,-9528.020599058158
Random,2,6,3,4,17,-9528.020599058158
Random,2,6,3,4,18,-9528.020599058158
Random,2,6,3,4,19,-9528.020599058158
Random,2,6,3,4,20,-9664.61995150882
qLogEI,2,6,3,4,1,inf
qLogEI,2,6,3,4,2,inf
qLogEI,2,6,3,4,3,-9528.020599058158
qLogEI,2,6,3,4,4,-9528.020599058158
qLogEI,2,6,3,4,5,-9528.020599058158
qLogEI,2,6,3,4,6,-9528.020599058158
qLogEI,2,6,3,4,7,-9528.020599058158
qLogEI,2,6,3,4,8,-9567.992308128883
qLogEI,2,6,3,4,9,-9574.916046073737
qLogEI,2,6,3,4,10,-9680.239596686386
qLogEI,2,6,3,4,11,-9697.320337515954
qLogEI,2,6,3,4,12,-9697.320337515954
qLogEI,2,6,3,4,13,-9722.635841679286
qLogEI,2,6,3,4,14,-9753.240132849556
qLogEI,2,6,3,4,15,-9753.240132849556
qLogEI,2,6,3,4,16,-9823.434384618837
qLogEI,2,6,3,4,17,-9823.434384618837
qLogEI,2,6,3,4,18,-9827.54356828306
qLogEI,2,6,3,4,19,-9831.321336335728
qLogEI,2,6,3,4,20,-9833.40898740244
RL_Full,2,6,3,4,1,inf
RL_Full,2,6,3,4,2,inf
RL_Full,2,6,3,4,3,-9528.020599058158
RL_Full,2,6,3,4,4,-9528.020599058158
RL_Full,2,6,3,4,5,-9528.020599058158
RL_Full,2,6,3,4,6,-9528.020599058158
RL_Full,2,6,3,4,7,-9528.020599058158
RL_Full,2,6,3,4,8,-9528.020599058158
RL_Full,2,6,3,4,9,-9528.020599058158
RL_Full,2,6,3,4,10,-9528.020599058158
RL_Full,2,6,3,4,11,-9528.020599058158
RL_Full,2,6,3,4,12,-9528.020599058158
RL_Full,2,6,3,4,13,-9528.020599058158
RL_Full,2,6,3,4,14,-9528.020599058158
RL_Full,2,6,3,4,15,-9528.020599058158
RL_Full,2,6,3,4,16,-9528.020599058158
RL_Full,2,6,3,4,17,-9528.020599058158
RL_Full,2,6,3,4,18,-9528.020599058158
RL_Full,2,6,3,4,19,-9528.020599058158
RL_Full,2,6,3,4,20,-9528.020599058158
Random,2,50,1,0,1,inf
Random,2,50,1,0,2,inf
Random,2,50,1,0,3,799.3514371598862
Random,2,50,1,0,4,799.3514371598862
Random,2,50,1,0,5,799.3514371598862
Random,2,50,1,0,6,494.8137032145776
Random,2,50,1,0,7,494.8137032145776
Random,2,50,1,0,8,494.8137032145776
Random,2,50,1,0,9,494.8137032145776
Random,2,50,1,0,10,494.8137032145776
Random,2,50,1,0,11,494.8137032145776
Random,2,50,1,0,12,494.8137032145776
Random,2,50,1,0,13,494.8137032145776
Random,2,50,1,0,14,493.7424187470792
Random,2,50,1,0,15,493.7424187470792
Random,2,50,1,0,16,493.7424187470792
Random,2,50,1,0,17,493.7424187470792
Random,2,50,1,0,18,493.7424187470792
Random,2,50,1,0,19,493.7424187470792
Random,2,50,1,0,20,493.7424187470792
qLogEI,2,50,1,0,1,inf
qLogEI,2,50,1,0,2,inf
qLogEI,2,50,1,0,3,799.3514371598862
qLogEI,2,50,1,0,4,799.3514371598862
qLogEI,2,50,1,0,5,799.3514371598862
qLogEI,2,50,1,0,6,799.3514371598862
qLogEI,2,50,1,0,7,799.3514371598862
qLogEI,2,50,1,0,8,799.3514371598862
qLogEI,2,50,1,0,9,799.3514371598862
qLogEI,2,50,1,0,10,799.3514371598862
qLogEI,2,50,1,0,11,409.2504432357515
qLogEI,2,50,1,0,12,409.2504432357515
qLogEI,2,50,1,0,13,409.2504432357515
qLogEI,2,50,1,0,14,409.2504432357515
qLogEI,2,50,1,0,15,409.2504432357515
qLogEI,2,50,1,0,16,51.41494820237181
qLogEI,2,50,1,0,17,51.41494820237181
qLogEI,2,50,1,0,18,51.41494820237181
qLogEI,2,50,1,0,19,51.41494820237181
qLogEI,2,50,1,0,20,51.41494820237181
RL_Full,2,50,1,0,1,inf
RL_Full,2,50,1,0,2,inf
RL_Full,2,50,1,0,3,799.3514371598862
RL_Full,2,50,1,0,4,799.3514371598862
RL_Full,2,50,1,0,5,799.3514371598862
RL_Full,2,50,1,0,6,799.3514371598862
RL_Full,2,50,1,0,7,799.3514371598862
RL_Full,2,50,1,0,8,799.3514371598862
RL_Full,2,50,1,0,9,799.3514371598862
RL_Full,2,50,1,0,10,799.3514371598862
RL_Full,2,50,1,0,11,760.3476161273663
RL_Full,2,50,1,0,12,760.3476161273663
RL_Full,2,50,1,0,13,760.3476161273663
RL_Full,2,50,1,0,14,760.3476161273663
RL_Full,2,50,1,0,15,760.3476161273663
RL_Full,2,50,1,0,16,754.9065281833965
RL_Full,2,50,1,0,17,754.9065281833965
RL_Full,2,50,1,0,18,740.4968977975456
RL_Full,2,50,1,0,19,740.4968977975456
RL_Full,2,50,1,0,20,740.4968977975456
Random,2,50,1,1,1,876.3589704399865
Random,2,50,1,1,2,876.3589704399865
Random,2,50,1,1,3,876.3589704399865
Random,2,50,1,1,4,655.3916856026017
Random,2,50,1,1,5,655.3916856026017
Random,2,50,1,1,6,427.5868102823219
Random,2,50,1,1,7,427.5868102823219
Random,2,50,1,1,8,427.5868102823219
Random,2,50,1,1,9,427.5868102823219
Random,2,50,1,1,10,166.19583632102146
Random,2,50,1,1,11,166.19583632102146
Random,2,50,1,1,12,166.19583632102146
Random,2,50,1,1,13,166.19583632102146
Random,2,50,1,1,14,166.19583632102146
Random,2,50,1,1,15,166.19583632102146
Random,2,50,1,1,16,166.19583632102146
Random,2,50,1,1,17,166.19583632102146
Random,2,50,1,1,18,166.19583632102146
Random,2,50,1,1,19,166.19583632102146
Random,2,50,1,1,20,166.19583632102146
qLogEI,2,50,1,1,1,876.3589704399865
qLogEI,2,50,1,1,2,876.3589704399865
qLogEI,2,50,1,1,3,876.3589704399865
qLogEI,2,50,1,1,4,655.3916856026017
qLogEI,2,50,1,1,5,655.3916856026017
qLogEI,2,50,1,1,6,655.3916856026017
qLogEI,2,50,1,1,7,655.3916856026017
qLogEI,2,50,1,1,8,655.3916856026017
qLogEI,2,50,1,1,9,655.3916856026017
qLogEI,2,50,1,1,10,655.3916856026017
qLogEI,2,50,1,1,11,164.43111881405213
qLogEI,2,50,1,1,12,164.43111881405213
qLogEI,2,50,1,1,13,164.43111881405213
qLogEI,2,50,1,1,14,164.43111881405213
qLogEI,2,50,1,1,15,164.43111881405213
qLogEI,2,50,1,1,16,164.43111881405213
qLogEI,2,50,1,1,17,164.43111881405213
qLogEI,2,50,1,1,18,164.43111881405213
qLogEI,2,50,1,1,19,164.43111881405213
qLogEI,2,50,1,1,20,164.43111881405213
RL_Full,2,50,1,1,1,876.3589704399865
RL_Full,2,50,1,1,2,876.3589704399865
RL_Full,2,50,1,1,3,876.3589704399865
RL_Full,2,50,1,1,4,655.3916856026017
RL_Full,2,50,1,1,5,655.3916856026017
RL_Full,2,50,1,1,6,655.3916856026017
RL_Full,2,50,1,1,7,655.3916856026017
RL_Full,2,50,1,1,8,655.3916856026017
RL_Full,2,50,1,1,9,655.3916856026017
RL_Full,2,50,1,1,10,655.3916856026017
RL_Full,2,50,1,1,11,655.3916856026017
RL_Full,2,50,1,1,12,655.3916856026017
RL_Full,2,50,1,1,13,655.3916856026017
RL_Full,2,50,1,1,14,655.3916856026017
RL_Full,2,50,1,1,15,655.3916856026017
RL_Full,2,50,1,1,16,655.3916856026017
RL_Full,2,50,1,1,17,655.3916856026017
RL_Full,2,50,1,1,18,655.3916856026017
RL_Full,2,50,1,1,19,655.3916856026017
RL_Full,2,50,1,1,20,655.3916856026017
Random,2,50,1,2,1,inf
Random,2,50,1,2,2,1013.2760417412868
Random,2,50,1,2,3,1013.2760417412868
Random,2,50,1,2,4,866.0082337652777
Random,2,50,1,2,5,866.0082337652777
Random,2,50,1,2,6,866.0082337652777
Random,2,50,1,2,7,206.37286387123157
Random,2,50,1,2,8,206.37286387123157
Random,2,50,1,2,9,132.0809747546461
Random,2,50,1,2,10,132.0809747546461
Random,2,50,1,2,11,132.0809747546461
Random,2,50,1,2,12,132.0809747546461
Random,2,50,1,2,13,132.0809747546461
Random,2,50,1,2,14,132.0809747546461
Random,2,50,1,2,15,132.0809747546461
Random,2,50,1,2,16,132.0809747546461
Random,2,50,1,2,17,132.0809747546461
Random,2,50,1,2,18,132.0809747546461
Random,2,50,1,2,19,132.0809747546461
Random,2,50,1,2,20,132.0809747546461
qLogEI,2,50,1,2,1,inf
qLogEI,2,50,1,2,2,1013.2760417412868
qLogEI,2,50,1,2,3,1013.2760417412868
qLogEI,2,50,1,2,4,866.0082337652777
qLogEI,2,50,1,2,5,866.0082337652777
qLogEI,2,50,1,2,6,866.0082337652777
qLogEI,2,50,1,2,7,866.0082337652777
qLogEI,2,50,1,2,8,866.0082337652777
qLogEI,2,50,1,2,9,866.0082337652777
qLogEI,2,50,1,2,10,866.0082337652777
qLogEI,2,50,1,2,11,866.0082337652777
qLogEI,2,50,1,2,12,866.0082337652777
qLogEI,2,50,1,2,13,308.08333576492186
qLogEI,2,50,1,2,14,308.08333576492186
qLogEI,2,50,1,2,15,308.08333576492186
qLogEI,2,50,1,2,16,308.08333576492186
qLogEI,2,50,1,2,17,308.08333576492186
qLogEI,2,50,1,2,18,308.08333576492186
qLogEI,2,50,1,2,19,245.88863426173558
qLogEI,2,50,1,2,20,245.88863426173558
RL_Full,2,50,1,2,1,inf
RL_Full,2,50,1,2,2,1013.2760417412868
RL_Full,2,50,1,2,3,1013.2760417412868
RL_Full,2,50,1,2,4,866.0082337652777
RL_Full,2,50,1,2,5,866.0082337652777
RL_Full,2,50,1,2,6,866.0082337652777
RL_Full,2,50,1,2,7,729.9759003145408
RL_Full,2,50,1,2,8,729.9759003145408
RL_Full,2,50,1,2,9,729.9759003145408
RL_Full,2,50,1,2,10,729.9759003145408
RL_Full,2,50,1,2,11,729.9759003145408
RL_Full,2,50,1,2,12,729.9759003145408
RL_Full,2,50,1,2,13,729.9759003145408
RL_Full,2,50,1,2,14,729.9759003145408
RL_Full,2,50,1,2,15,729.9759003145408
RL_Full,2,50,1,2,16,729.9759003145408
RL_Full,2,50,1,2,17,729.9759003145408
RL_Full,2,50,1,2,18,729.9759003145408
RL_Full,2,50,1,2,19,729.9759003145408
RL_Full,2,50,1,2,20,729.9759003145408
Random,2,50,1,3,1,284.21511665844156
Random,2,50,1,3,2,284.21511665844156
Random,2,50,1,3,3,284.21511665844156
Random,2,50,1,3,4,284.21511665844156
Random,2,50,1,3,5,284.21511665844156
Random,2,50,1,3,6,284.21511665844156
Random,2,50,1,3,7,284.21511665844156
Random,2,50,1,3,8,284.21511665844156
Random,2,50,1,3,9,284.21511665844156
Random,2,50,1,3,10,190.350646303926
Random,2,50,1,3,11,190.350646303926
Random,2,50,1,3,12,190.350646303926
Random,2,50,1,3,13,190.350646303926
Random,2,50,1,3,14,190.350646303926
Random,2,50,1,3,15,190.350646303926
Random,2,50,1,3,16,190.350646303926
Random,2,50,1,3,17,190.350646303926
Random,2,50,1,3,18,190.350646303926
Random,2,50,1,3,19,190.350646303926
Random,2,50,1,3,20,190.350646303926
qLogEI,2,50,1,3,1,284.21511665844156
qLogEI,2,50,1,3,2,284.21511665844156
qLogEI,2,50,1,3,3,284.21511665844156
qLogEI,2,50,1,3,4,284.21511665844156
qLogEI,2,50,1,3,5,284.21511665844156
qLogEI,2,50,1,3,6,284.21511665844156
qLogEI,2,50,1,3,7,282.2737256819262
qLogEI,2,50,1,3,8,282.2737256819262
qLogEI,2,50,1,3,9,282.2737256819262
qLogEI,2,50,1,3,10,282.2737256819262
qLogEI,2,50,1,3,11,257.88775781899
qLogEI,2,50,1,3,12,257.88775781899
qLogEI,2,50,1,3,13,257.88775781899
qLogEI,2,50,1,3,14,257.88775781899
qLogEI,2,50,1,3,15,257.88775781899
qLogEI,2,50,1,3,16,257.88775781899
qLogEI,2,50,1,3,17,257.88775781899
qLogEI,2,50,1,3,18,257.88775781899
qLogEI,2,50,1,3,19,257.88775781899
qLogEI,2,50,1,3,20,257.88775781899
RL_Full,2,50,1,3,1,284.21511665844156
RL_Full,2,50,1,3,2,284.21511665844156
RL_Full,2,50,1,3,3,284.21511665844156
RL_Full,2,50,1,3,4,284.21511665844156
RL_Full,2,50,1,3,5,284.21511665844156
RL_Full,2,50,1,3,6,284.21511665844156
RL_Full,2,50,1,3,7,284.21511665844156
RL_Full,2,50,1,3,8,284.21511665844156
RL_Full,2,50,1,3,9,284.21511665844156
RL_Full,2,50,1,3,10,284.21511665844156
RL_Full,2,50,1,3,11,284.21511665844156
RL_Full,2,50,1,3,12,284.21511665844156
RL_Full,2,50,1,3,13,284.21511665844156
RL_Full,2,50,1,3,14,284.21511665844156
RL_Full,2,50,1,3,15,284.21511665844156
RL_Full,2,50,1,3,16,284.21511665844156
RL_Full,2,50,1,3,17,284.21511665844156
RL_Full,2,50,1,3,18,284.21511665844156
RL_Full,2,50,1,3,19,284.21511665844156
RL_Full,2,50,1,3,20,284.21511665844156
Random,2,50,1,4,1,inf
Random,2,50,1,4,2,inf
Random,2,50,1,4,3,699.9407664688265
Random,2,50,1,4,4,559.6064985445274
Random,2,50,1,4,5,559.6064985445274
Random,2,50,1,4,6,559.6064985445274
Random,2,50,1,4,7,472.9805423545695
Random,2,50,1,4,8,430.61367328144513
Random,2,50,1,4,9,430.61367328144513
Random,2,50,1,4,10,430.61367328144513
Random,2,50,1,4,11,430.61367328144513
Random,2,50,1,4,12,430.61367328144513
Random,2,50,1,4,13,430.61367328144513
Random,2,50,1,4,14,129.98920041002154
Random,2,50,1,4,15,129.98920041002154
Random,2,50,1,4,16,129.98920041002154
Random,2,50,1,4,17,129.98920041002154
Random,2,50,1,4,18,129.98920041002154
Random,2,50,1,4,19,129.98920041002154
Random,2,50,1,4,20,129.98920041002154
qLogEI,2,50,1,4,1,inf
qLogEI,2,50,1,4,2,inf
qLogEI,2,50,1,4,3,699.9407664688265
qLogEI,2,50,1,4,4,559.6064985445274
qLogEI,2,50,1,4,5,559.6064985445274
qLogEI,2,50,1,4,6,559.6064985445274
qLogEI,2,50,1,4,7,559.6064985445274
qLogEI,2,50,1,4,8,559.6064985445274
qLogEI,2,50,1,4,9,559.6064985445274
qLogEI,2,50,1,4,10,220.18890506458857
qLogEI,2,50,1,4,11,220.18890506458857
qLogEI,2,50,1,4,12,220.18890506458857
qLogEI,2,50,1,4,13,220.18890506458857
qLogEI,2,50,1,4,14,220.18890506458857
qLogEI,2,50,1,4,15,220.18890506458857
qLogEI,2,50,1,4,16,220.18890506458857
qLogEI,2,50,1,4,17,220.18890506458857
qLogEI,2,50,1,4,18,220.18890506458857
qLogEI,2,50,1,4,19,220.18890506458857
qLogEI,2,50,1,4,20,220.18890506458857
RL_Full,2,50,1,4,1,inf
RL_Full,2,50,1,4,2,inf
RL_Full,2,50,1,4,3,699.9407664688265
RL_Full,2,50,1,4,4,559.6064985445274
RL_Full,2,50,1,4,5,559.6064985445274
RL_Full,2,50,1,4,6,559.6064985445274
RL_Full,2,50,1,4,7,559.6064985445274
RL_Full,2,50,1,4,8,559.6064985445274
RL_Full,2,50,1,4,9,559.6064985445274
RL_Full,2,50,1,4,10,559.6064985445274
RL_Full,2,50,1,4,11,559.6064985445274
RL_Full,2,50,1,4,12,559.6064985445274
RL_Full,2,50,1,4,13,559.6064985445274
RL_Full,2,50,1,4,14,559.6064985445274
RL_Full,2,50,1,4,15,559.6064985445274
RL_Full,2,50,1,4,16,559.6064985445274
RL_Full,2,50,1,4,17,559.6064985445274
RL_Full,2,50,1,4,18,559.6064985445274
RL_Full,2,50,1,4,19,559.6064985445274
RL_Full,2,50,1,4,20,559.6064985445274
Random,2,50,2,0,1,inf
Random,2,50,2,0,2,inf
Random,2,50,2,0,3,inf
Random,2,50,2,0,4,inf
Random,2,50,2,0,5,inf
Random,2,50,2,0,6,inf
Random,2,50,2,0,7,inf
Random,2,50,2,0,8,inf
Random,2,50,2,0,9,inf
Random,2,50,2,0,10,8886.431682531118
Random,2,50,2,0,11,8748.691754136544
Random,2,50,2,0,12,8748.691754136544
Random,2,50,2,0,13,8748.691754136544
Random,2,50,2,0,14,8748.691754136544
Random,2,50,2,0,15,8748.691754136544
Random,2,50,2,0,16,8748.691754136544
Random,2,50,2,0,17,8748.691754136544
Random,2,50,2,0,18,8748.691754136544
Random,2,50,2,0,19,8748.691754136544
Random,2,50,2,0,20,8748.691754136544
qLogEI,2,50,2,0,1,inf
qLogEI,2,50,2,0,2,inf
qLogEI,2,50,2,0,3,inf
qLogEI,2,50,2,0,4,inf
qLogEI,2,50,2,0,5,inf
qLogEI,2,50,2,0,6,8772.025728952518
qLogEI,2,50,2,0,7,8772.025728952518
qLogEI,2,50,2,0,8,8772.025728952518
qLogEI,2,50,2,0,9,8772.025728952518
qLogEI,2,50,2,0,10,8772.025728952518
qLogEI,2,50,2,0,11,8772.025728952518
qLogEI,2,50,2,0,12,8772.025728952518
qLogEI,2,50,2,0,13,8772.025728952518
qLogEI,2,50,2,0,14,8772.025728952518
qLogEI,2,50,2,0,15,8772.025728952518
qLogEI,2,50,2,0,16,8772.025728952518
qLogEI,2,50,2,0,17,8772.025728952518
qLogEI,2,50,2,0,18,8772.025728952518
qLogEI,2,50,2,0,19,8772.025728952518
qLogEI,2,50,2,0,20,8772.025728952518
RL_Full,2,50,2,0,1,inf
RL_Full,2,50,2,0,2,inf
RL_Full,2,50,2,0,3,inf
RL_Full,2,50,2,0,4,inf
RL_Full,2,50,2,0,5,inf
RL_Full,2,50,2,0,6,inf
RL_Full,2,50,2,0,7,inf
RL_Full,2,50,2,0,8,inf
RL_Full,2,50,2,0,9,inf
RL_Full,2,50,2,0,10,inf
RL_Full,2,50,2,0,11,inf
RL_Full,2,50,2,0,12,inf
RL_Full,2,50,2,0,13,inf
RL_Full,2,50,2,0,14,inf
RL_Full,2,50,2,0,15,inf
RL_Full,2,50,2,0,16,inf
RL_Full,2,50,2,0,17,inf
RL_Full,2,50,2,0,18,inf
RL_Full,2,50,2,0,19,inf
RL_Full,2,50,2,0,20,inf
Random,2,50,2,1,1,inf
Random,2,50,2,1,2,inf
Random,2,50,2,1,3,inf
Random,2,50,2,1,4,inf
Random,2,50,2,1,5,8998.262689886655
Random,2,50,2,1,6,8998.262689886655
Random,2,50,2,1,7,8998.262689886655
Random,2,50,2,1,8,8998.262689886655
Random,2,50,2,1,9,8998.262689886655
Random,2,50,2,1,10,8998.262689886655
Random,2,50,2,1,11,8998.262689886655
Random,2,50,2,1,12,8998.262689886655
Random,2,50,2,1,13,8998.262689886655
Random,2,50,2,1,14,8998.262689886655
Random,2,50,2,1,15,8998.262689886655
Random,2,50,2,1,16,8998.262689886655
Random,2,50,2,1,17,8998.262689886655
Random,2,50,2,1,18,8998.262689886655
Random,2,50,2,1,19,8998.262689886655
Random,2,50,2,1,20,8998.262689886655
qLogEI,2,50,2,1,1,inf
qLogEI,2,50,2,1,2,inf
qLogEI,2,50,2,1,3,inf
qLogEI,2,50,2,1,4,inf
qLogEI,2,50,2,1,5,8761.223101870408
qLogEI,2,50,2,1,6,8734.424512126554
qLogEI,2,50,2,1,7,8734.424512126554
qLogEI,2,50,2,1,8,8734.424512126554
qLogEI,2,50,2,1,9,8734.424512126554
qLogEI,2,50,2,1,10,8734.424512126554
qLogEI,2,50,2,1,11,8706.640857228816
qLogEI,2,50,2,1,12,8695.118141320128
qLogEI,2,50,2,1,13,8695.118141320128
qLogEI,2,50,2,1,14,8630.599632891246
qLogEI,2,50,2,1,15,8620.375280832048
qLogEI,2,50,2,1,16,8594.77582680007
qLogEI,2,50,2,1,17,8567.434793652239
qLogEI,2,50,2,1,18,8567.434793652239
qLogEI,2,50,2,1,19,8567.434793652239
qLogEI,2,50,2,1,20,8555.839246465805
RL_Full,2,50,2,1,1,inf
RL_Full,2,50,2,1,2,inf
RL_Full,2,50,2,1,3,inf
RL_Full,2,50,2,1,4,inf
RL_Full,2,50,2,1,5,inf
RL_Full,2,50,2,1,6,inf
RL_Full,2,50,2,1,7,inf
RL_Full,2,50,2,1,8,inf
RL_Full,2,50,2,1,9,inf
RL_Full,2,50,2,1,10,inf
RL_Full,2,50,2,1,11,inf
RL_Full,2,50,2,1,12,inf
RL_Full,2,50,2,1,13,inf
RL_Full,2,50,2,1,14,inf
RL_Full,2,50,2,1,15,inf
RL_Full,2,50,2,1,16,inf
RL_Full,2,50,2,1,17,inf
RL_Full,2,50,2,1,18,inf
RL_Full,2,50,2,1,19,inf
RL_Full,2,50,2,1,20,inf
Random,2,50,2,2,1,inf
Random,2,50,2,2,2,inf
Random,2,50,2,2,3,inf
Random,2,50,2,2,4,8835.20851483428
Random,2,50,2,2,5,8835.20851483428
Random,2,50,2,2,6,8835.20851483428
Random,2,50,2,2,7,8835.20851483428
Random,2,50,2,2,8,8835.20851483428
Random,2,50,2,2,9,8835.20851483428
Random,2,50,2,2,10,8835.20851483428
Random,2,50,2,2,11,8835.20851483428
Random,2,50,2,2,12,8835.20851483428
Random,2,50,2,2,13,8835.20851483428
Random,2,50,2,2,14,8835.20851483428
Random,2,50,2,2,15,8835.20851483428
Random,2,50,2,2,16,8835.20851483428
Random,2,50,2,2,17,8835.20851483428
Random,2,50,2,2,18,8835.20851483428
Random,2,50,2,2,19,8835.20851483428
Random,2,50,2,2,20,8835.20851483428
qLogEI,2,50,2,2,1,inf
qLogEI,2,50,2,2,2,inf
qLogEI,2,50,2,2,3,inf
qLogEI,2,50,2,2,4,8835.20851483428
qLogEI,2,50,2,2,5,8635.987086635658
qLogEI,2,50,2,2,6,8614.318088500093
qLogEI,2,50,2,2,7,8601.769531574648
qLogEI,2,50,2,2,8,8601.769531574648
qLogEI,2,50,2,2,9,8601.769531574648
qLogEI,2,50,2,2,10,8601.769531574648
qLogEI,2,50,2,2,11,8574.115134609312
qLogEI,2,50,2,2,12,8574.115134609312
qLogEI,2,50,2,2,13,8574.058130164429
qLogEI,2,50,2,2,14,8573.92642334599
qLogEI,2,50,2,2,15,8573.90579068916
qLogEI,2,50,2,2,16,8573.905679916144
qLogEI,2,50,2,2,17,8573.905102303352
qLogEI,2,50,2,2,18,8573.904850882447
qLogEI,2,50,2,2,19,8573.90434721165
qLogEI,2,50,2,2,20,8573.903937107763
RL_Full,2,50,2,2,1,inf
RL_Full,2,50,2,2,2,inf
RL_Full,2,50,2,2,3,inf
RL_Full,2,50,2,2,4,8835.20851483428
RL_Full,2,50,2,2,5,8835.20851483428
RL_Full,2,50,2,2,6,8835.20851483428
RL_Full,2,50,2,2,7,8835.20851483428
RL_Full,2,50,2,2,8,8835.20851483428
RL_Full,2,50,2,2,9,8835.20851483428
RL_Full,2,50,2,2,10,8835.20851483428
RL_Full,2,50,2,2,11,8835.20851483428
RL_Full,2,50,2,2,12,8835.20851483428
RL_Full,2,50,2,2,13,8835.20851483428
RL_Full,2,50,2,2,14,8835.20851483428
RL_Full,2,50,2,2,15,8835.20851483428
RL_Full,2,50,2,2,16,8835.20851483428
RL_Full,2,50,2,2,17,8835.20851483428
RL_Full,2,50,2,2,18,8835.20851483428
RL_Full,2,50,2,2,19,8835.20851483428
RL_Full,2,50,2,2,20,8835.20851483428
Random,2,50,2,3,1,inf
Random,2,50,2,3,2,inf
Random,2,50,2,3,3,inf
Random,2,50,2,3,4,inf
Random,2,50,2,3,5,inf
Random,2,50,2,3,6,inf
Random,2,50,2,3,7,inf
Random,2,50,2,3,8,inf
Random,2,50,2,3,9,inf
Random,2,50,2,3,10,inf
Random,2,50,2,3,11,inf
Random,2,50,2,3,12,inf
Random,2,50,2,3,13,inf
Random,2,50,2,3,14,inf
Random,2,50,2,3,15,inf
Random,2,50,2,3,16,inf
Random,2,50,2,3,17,inf
Random,2,50,2,3,18,inf
Random,2,50,2,3,19,inf
Random,2,50,2,3,20,inf
qLogEI,2,50,2,3,1,inf
qLogEI,2,50,2,3,2,inf
qLogEI,2,50,2,3,3,inf
qLogEI,2,50,2,3,4,inf
qLogEI,2,50,2,3,5,inf
qLogEI,2,50,2,3,6,inf
qLogEI,2,50,2,3,7,inf
qLogEI,2,50,2,3,8,8889.616881091426
qLogEI,2,50,2,3,9,8889.616881091426
qLogEI,2,50,2,3,10,8889.616881091426
qLogEI,2,50,2,3,11,8717.164117401042
qLogEI,2,50,2,3,12,8717.164117401042
qLogEI,2,50,2,3,13,8717.164117401042
qLogEI,2,50,2,3,14,8601.362734200013
qLogEI,2,50,2,3,15,8601.362734200013
qLogEI,2,50,2,3,16,8601.362734200013
qLogEI,2,50,2,3,17,8601.362734200013
qLogEI,2,50,2,3,18,8580.299318028487
qLogEI,2,50,2,3,19,8580.299318028487
qLogEI,2,50,2,3,20,8580.299318028487
RL_Full,2,50,2,3,1,inf
RL_Full,2,50,2,3,2,inf
RL_Full,2,50,2,3,3,inf
RL_Full,2,50,2,3,4,inf
RL_Full,2,50,2,3,5,inf
RL_Full,2,50,2,3,6,inf
RL_Full,2,50,2,3,7,inf
RL_Full,2,50,2,3,8,inf
RL_Full,2,50,2,3,9,inf
RL_Full,2,50,2,3,10,inf
RL_Full,2,50,2,3,11,inf
RL_Full,2,50,2,3,12,inf
RL_Full,2,50,2,3,13,inf
RL_Full,2,50,2,3,14,inf
RL_Full,2,50,2,3,15,inf
RL_Full,2,50,2,3,16,inf
RL_Full,2,50,2,3,17,inf
RL_Full,2,50,2,3,18,inf
RL_Full,2,50,2,3,19,inf
RL_Full,2,50,2,3,20,inf
Random,2,50,2,4,1,inf
Random,2,50,2,4,2,inf
Random,2,50,2,4,3,inf
Random,2,50,2,4,4,inf
Random,2,50,2,4,5,inf
Random,2,50,2,4,6,inf
Random,2,50,2,4,7,inf
Random,2,50,2,4,8,inf
Random,2,50,2,4,9,inf
Random,2,50,2,4,10,inf
Random,2,50,2,4,11,8691.181356974712
Random,2,50,2,4,12,8652.634353159492
Random,2,50,2,4,13,8652.634353159492
Random,2,50,2,4,14,8652.634353159492
Random,2,50,2,4,15,8652.634353159492
Random,2,50,2,4,16,8652.634353159492
Random,2,50,2,4,17,8652.634353159492
Random,2,50,2,4,18,8652.634353159492
Random,2,50,2,4,19,8652.634353159492
Random,2,50,2,4,20,8652.634353159492
qLogEI,2,50,2,4,1,inf
qLogEI,2,50,2,4,2,inf
qLogEI,2,50,2,4,3,inf
qLogEI,2,50,2,4,4,inf
qLogEI,2,50,2,4,5,inf
qLogEI,2,50,2,4,6,8853.49459388276
qLogEI,2,50,2,4,7,8853.49459388276
qLogEI,2,50,2,4,8,8853.49459388276
qLogEI,2,50,2,4,9,8743.386173898303
qLogEI,2,50,2,4,10,8743.386173898303
qLogEI,2,50,2,4,11,8743.386173898303
qLogEI,2,50,2,4,12,8743.386173898303
qLogEI,2,50,2,4,13,8699.750700702863
qLogEI,2,50,2,4,14,8699.750700702863
qLogEI,2,50,2,4,15,8699.750700702863
qLogEI,2,50,2,4,16,8699.750700702863
qLogEI,2,50,2,4,17,8699.750700702863
qLogEI,2,50,2,4,18,8690.636824294621
qLogEI,2,50,2,4,19,8617.876315906837
qLogEI,2,50,2,4,20,8582.286061675824
RL_Full,2,50,2,4,1,inf
RL_Full,2,50,2,4,2,inf
RL_Full,2,50,2,4,3,inf
RL_Full,2,50,2,4,4,inf
RL_Full,2,50,2,4,5,inf
RL_Full,2,50,2,4,6,inf
RL_Full,2,50,2,4,7,inf
RL_Full,2,50,2,4,8,inf
RL_Full,2,50,2,4,9,inf
RL_Full,2,50,2,4,10,inf
RL_Full,2,50,2,4,11,inf
RL_Full,2,50,2,4,12,inf
RL_Full,2,50,2,4,13,inf
RL_Full,2,50,2,4,14,inf
RL_Full,2,50,2,4,15,inf
RL_Full,2,50,2,4,16,inf
RL_Full,2,50,2,4,17,inf
RL_Full,2,50,2,4,18,inf
RL_Full,2,50,2,4,19,inf
RL_Full,2,50,2,4,20,inf
Random,2,50,3,0,1,inf
Random,2,50,3,0,2,inf
Random,2,50,3,0,3,inf
Random,2,50,3,0,4,inf
Random,2,50,3,0,5,inf
Random,2,50,3,0,6,inf
Random,2,50,3,0,7,inf
Random,2,50,3,0,8,inf
Random,2,50,3,0,9,inf
Random,2,50,3,0,10,700.5965878960203
Random,2,50,3,0,11,700.5965878960203
Random,2,50,3,0,12,700.5965878960203
Random,2,50,3,0,13,700.5965878960203
Random,2,50,3,0,14,700.5965878960203
Random,2,50,3,0,15,700.5965878960203
Random,2,50,3,0,16,700.5965878960203
Random,2,50,3,0,17,700.5965878960203
Random,2,50,3,0,18,700.5965878960203
Random,2,50,3,0,19,700.5965878960203
Random,2,50,3,0,20,657.5094577237819
qLogEI,2,50,3,0,1,inf
qLogEI,2,50,3,0,2,inf
qLogEI,2,50,3,0,3,inf
qLogEI,2,50,3,0,4,inf
qLogEI,2,50,3,0,5,620.2856454942305
qLogEI,2,50,3,0,6,620.2856454942305
qLogEI,2,50,3,0,7,416.150928475814
qLogEI,2,50,3,0,8,416.150928475814
qLogEI,2,50,3,0,9,416.150928475814
qLogEI,2,50,3,0,10,416.150928475814
qLogEI,2,50,3,0,11,416.150928475814
qLogEI,2,50,3,0,12,416.150928475814
qLogEI,2,50,3,0,13,416.150928475814
qLogEI,2,50,3,0,14,416.150928475814
qLogEI,2,50,3,0,15,416.150928475814
qLogEI,2,50,3,0,16,416.150928475814
qLogEI,2,50,3,0,17,416.150928475814
qLogEI,2,50,3,0,18,416.150928475814
qLogEI,2,50,3,0,19,416.150928475814
qLogEI,2,50,3,0,20,284.857415257628
RL_Full,2,50,3,0,1,inf
RL_Full,2,50,3,0,2,inf
RL_Full,2,50,3,0,3,inf
RL_Full,2,50,3,0,4,inf
RL_Full,2,50,3,0,5,inf
RL_Full,2,50,3,0,6,inf
RL_Full,2,50,3,0,7,inf
RL_Full,2,50,3,0,8,inf
RL_Full,2,50,3,0,9,inf
RL_Full,2,50,3,0,10,inf
RL_Full,2,50,3,0,11,inf
RL_Full,2,50,3,0,12,inf
RL_Full,2,50,3,0,13,inf
RL_Full,2,50,3,0,14,inf
RL_Full,2,50,3,0,15,inf
RL_Full,2,50,3,0,16,inf
RL_Full,2,50,3,0,17,inf
RL_Full,2,50,3,0,18,inf
RL_Full,2,50,3,0,19,inf
RL_Full,2,50,3,0,20,inf
Random,2,50,3,1,1,inf
Random,2,50,3,1,2,458.8079018534427
Random,2,50,3,1,3,458.8079018534427
Random,2,50,3,1,4,458.8079018534427
Random,2,50,3,1,5,458.8079018534427
Random,2,50,3,1,6,458.8079018534427
Random,2,50,3,1,7,458.8079018534427
Random,2,50,3,1,8,458.8079018534427
Random,2,50,3,1,9,458.8079018534427
Random,2,50,3,1,10,458.8079018534427
Random,2,50,3,1,11,458.8079018534427
Random,2,50,3,1,12,458.8079018534427
Random,2,50,3,1,13,458.8079018534427
Random,2,50,3,1,14,458.8079018534427
Random,2,50,3,1,15,458.8079018534427
Random,2,50,3,1,16,359.5641880196198
Random,2,50,3,1,17,359.5641880196198
Random,2,50,3,1,18,359.5641880196198
Random,2,50,3,1,19,359.5641880196198
Random,2,50,3,1,20,359.5641880196198
qLogEI,2,50,3,1,1,inf
qLogEI,2,50,3,1,2,458.8079018534427
qLogEI,2,50,3,1,3,458.8079018534427
qLogEI,2,50,3,1,4,458.8079018534427
qLogEI,2,50,3,1,5,458.8079018534427
qLogEI,2,50,3,1,6,458.8079018534427
qLogEI,2,50,3,1,7,458.8079018534427
qLogEI,2,50,3,1,8,458.8079018534427
qLogEI,2,50,3,1,9,458.8079018534427
qLogEI,2,50,3,1,10,458.8079018534427
qLogEI,2,50,3,1,11,458.8079018534427
qLogEI,2,50,3,1,12,204.3265348591318
qLogEI,2,50,3,1,13,204.3265348591318
qLogEI,2,50,3,1,14,204.3265348591318
qLogEI,2,50,3,1,15,204.3265348591318
qLogEI,2,50,3,1,16,204.3265348591318
qLogEI,2,50,3,1,17,204.3265348591318
qLogEI,2,50,3,1,18,204.3265348591318
qLogEI,2,50,3,1,19,204.3265348591318
qLogEI,2,50,3,1,20,204.3265348591318
RL_Full,2,50,3,1,1,inf
RL_Full,2,50,3,1,2,458.8079018534427
RL_Full,2,50,3,1,3,458.8079018534427
RL_Full,2,50,3,1,4,458.8079018534427
RL_Full,2,50,3,1,5,458.8079018534427
RL_Full,2,50,3,1,6,458.8079018534427
RL_Full,2,50,3,1,7,458.8079018534427
RL_Full,2,50,3,1,8,458.8079018534427
RL_Full,2,50,3,1,9,458.8079018534427
RL_Full,2,50,3,1,10,458.8079018534427
RL_Full,2,50,3,1,11,458.8079018534427
RL_Full,2,50,3,1,12,458.8079018534427
RL_Full,2,50,3,1,13,458.8079018534427
RL_Full,2,50,3,1,14,458.8079018534427
RL_Full,2,50,3,1,15,458.8079018534427
RL_Full,2,50,3,1,16,458.8079018534427
RL_Full,2,50,3,1,17,458.8079018534427
RL_Full,2,50,3,1,18,458.8079018534427
RL_Full,2,50,3,1,19,458.8079018534427
RL_Full,2,50,3,1,20,458.8079018534427
Random,2,50,3,2,1,inf
Random,2,50,3,2,2,inf
Random,2,50,3,2,3,inf
Random,2,50,3,2,4,627.0200498318243
Random,2,50,3,2,5,627.0200498318243
Random,2,50,3,2,6,627.0200498318243
Random,2,50,3,2,7,627.0200498318243
Random,2,50,3,2,8,247.12572070497617
Random,2,50,3,2,9,247.12572070497617
Random,2,50,3,2,10,247.12572070497617
Random,2,50,3,2,11,247.12572070497617
Random,2,50,3,2,12,247.12572070497617
Random,2,50,3,2,13,247.12572070497617
Random,2,50,3,2,14,247.12572070497617
Random,2,50,3,2,15,247.12572070497617
Random,2,50,3,2,16,247.12572070497617
Random,2,50,3,2,17,247.12572070497617
Random,2,50,3,2,18,247.12572070497617
Random,2,50,3,2,19,247.12572070497617
Random,2,50,3,2,20,247.12572070497617
qLogEI,2,50,3,2,1,inf
qLogEI,2,50,3,2,2,inf
qLogEI,2,50,3,2,3,inf
qLogEI,2,50,3,2,4,627.0200498318243
qLogEI,2,50,3,2,5,627.0200498318243
qLogEI,2,50,3,2,6,627.0200498318243
qLogEI,2,50,3,2,7,571.6739509822389
qLogEI,2,50,3,2,8,571.6739509822389
qLogEI,2,50,3,2,9,571.6739509822389
qLogEI,2,50,3,2,10,571.6739509822389
qLogEI,2,50,3,2,11,571.6739509822389
qLogEI,2,50,3,2,12,571.6739509822389
qLogEI,2,50,3,2,13,571.6739509822389
qLogEI,2,50,3,2,14,571.6739509822389
qLogEI,2,50,3,2,15,571.6739509822389
qLogEI,2,50,3,2,16,571.6739509822389
qLogEI,2,50,3,2,17,571.6739509822389
qLogEI,2,50,3,2,18,571.6739509822389
qLogEI,2,50,3,2,19,350.85871746959236
qLogEI,2,50,3,2,20,350.85871746959236
RL_Full,2,50,3,2,1,inf
RL_Full,2,50,3,2,2,inf
RL_Full,2,50,3,2,3,inf
RL_Full,2,50,3,2,4,627.0200498318243
RL_Full,2,50,3,2,5,627.0200498318243
RL_Full,2,50,3,2,6,627.0200498318243
RL_Full,2,50,3,2,7,627.0200498318243
RL_Full,2,50,3,2,8,627.0200498318243
RL_Full,2,50,3,2,9,627.0200498318243
RL_Full,2,50,3,2,10,627.0200498318243
RL_Full,2,50,3,2,11,627.0200498318243
RL_Full,2,50,3,2,12,627.0200498318243
RL_Full,2,50,3,2,13,627.0200498318243
RL_Full,2,50,3,2,14,627.0200498318243
RL_Full,2,50,3,2,15,627.0200498318243
RL_Full,2,50,3,2,16,627.0200498318243
RL_Full,2,50,3,2,17,627.0200498318243
RL_Full,2,50,3,2,18,627.0200498318243
RL_Full,2,50,3,2,19,627.0200498318243
RL_Full,2,50,3,2,20,627.0200498318243
Random,2,50,3,3,1,inf
Random,2,50,3,3,2,inf
Random,2,50,3,3,3,inf
Random,2,50,3,3,4,inf
Random,2,50,3,3,5,inf
Random,2,50,3,3,6,inf
Random,2,50,3,3,7,inf
Random,2,50,3,3,8,inf
Random,2,50,3,3,9,inf
Random,2,50,3,3,10,inf
Random,2,50,3,3,11,inf
Random,2,50,3,3,12,inf
Random,2,50,3,3,13,inf
Random,2,50,3,3,14,inf
Random,2,50,3,3,15,inf
Random,2,50,3,3,16,inf
Random,2,50,3,3,17,inf
Random,2,50,3,3,18,394.22402658173723
Random,2,50,3,3,19,394.22402658173723
Random,2,50,3,3,20,394.22402658173723
qLogEI,2,50,3,3,1,inf
qLogEI,2,50,3,3,2,inf
qLogEI,2,50,3,3,3,inf
qLogEI,2,50,3,3,4,inf
qLogEI,2,50,3,3,5,481.20426956338724
qLogEI,2,50,3,3,6,337.8992180541383
qLogEI,2,50,3,3,7,337.8992180541383
qLogEI,2,50,3,3,8,337.8992180541383
qLogEI,2,50,3,3,9,250.08103287553627
qLogEI,2,50,3,3,10,167.88360883993607
qLogEI,2,50,3,3,11,167.88360883993607
qLogEI,2,50,3,3,12,167.88360883993607
qLogEI,2,50,3,3,13,167.88360883993607
qLogEI,2,50,3,3,14,167.88360883993607
qLogEI,2,50,3,3,15,167.88360883993607
qLogEI,2,50,3,3,16,167.88360883993607
qLogEI,2,50,3,3,17,167.88360883993607
qLogEI,2,50,3,3,18,167.88360883993607
qLogEI,2,50,3,3,19,167.88360883993607
qLogEI,2,50,3,3,20,167.88360883993607
RL_Full,2,50,3,3,1,inf
RL_Full,2,50,3,3,2,inf
RL_Full,2,50,3,3,3,inf
RL_Full,2,50,3,3,4,inf
RL_Full,2,50,3,3,5,inf
RL_Full,2,50,3,3,6,inf
RL_Full,2,50,3,3,7,inf
RL_Full,2,50,3,3,8,inf
RL_Full,2,50,3,3,9,inf
RL_Full,2,50,3,3,10,inf
RL_Full,2,50,3,3,11,inf
RL_Full,2,50,3,3,12,inf
RL_Full,2,50,3,3,13,inf
RL_Full,2,50,3,3,14,inf
RL_Full,2,50,3,3,15,inf
RL_Full,2,50,3,3,16,inf
RL_Full,2,50,3,3,17,inf
RL_Full,2,50,3,3,18,inf
RL_Full,2,50,3,3,19,inf
RL_Full,2,50,3,3,20,inf
Random,2,50,3,4,1,inf
Random,2,50,3,4,2,inf
Random,2,50,3,4,3,inf
Random,2,50,3,4,4,inf
Random,2,50,3,4,5,inf
Random,2,50,3,4,6,inf
Random,2,50,3,4,7,inf
Random,2,50,3,4,8,inf
Random,2,50,3,4,9,inf
Random,2,50,3,4,10,inf
Random,2,50,3,4,11,inf
Random,2,50,3,4,12,540.5219591072765
Random,2,50,3,4,13,324.46652152338777
Random,2,50,3,4,14,324.46652152338777
Random,2,50,3,4,15,324.46652152338777
Random,2,50,3,4,16,324.46652152338777
Random,2,50,3,4,17,324.46652152338777
Random,2,50,3,4,18,324.46652152338777
Random,2,50,3,4,19,324.46652152338777
Random,2,50,3,4,20,324.46652152338777
qLogEI,2,50,3,4,1,inf
qLogEI,2,50,3,4,2,inf
qLogEI,2,50,3,4,3,inf
qLogEI,2,50,3,4,4,inf
qLogEI,2,50,3,4,5,inf
qLogEI,2,50,3,4,6,inf
qLogEI,2,50,3,4,7,inf
qLogEI,2,50,3,4,8,387.0638358981037
qLogEI,2,50,3,4,9,211.55458486298866
qLogEI,2,50,3,4,10,211.55458486298866
qLogEI,2,50,3,4,11,211.55458486298866
qLogEI,2,50,3,4,12,211.55458486298866
qLogEI,2,50,3,4,13,211.55458486298866
qLogEI,2,50,3,4,14,211.55458486298866
qLogEI,2,50,3,4,15,211.55458486298866
qLogEI,2,50,3,4,16,211.55458486298866
qLogEI,2,50,3,4,17,211.55458486298866
qLogEI,2,50,3,4,18,211.55458486298866
qLogEI,2,50,3,4,19,211.55458486298866
qLogEI,2,50,3,4,20,211.55458486298866
RL_Full,2,50,3,4,1,inf
RL_Full,2,50,3,4,2,inf
RL_Full,2,50,3,4,3,inf
RL_Full,2,50,3,4,4,inf
RL_Full,2,50,3,4,5,inf
RL_Full,2,50,3,4,6,inf
RL_Full,2,50,3,4,7,inf
RL_Full,2,50,3,4,8,inf
RL_Full,2,50,3,4,9,inf
RL_Full,2,50,3,4,10,inf
RL_Full,2,50,3,4,11,inf
RL_Full,2,50,3,4,12,inf
RL_Full,2,50,3,4,13,inf
RL_Full,2,50,3,4,14,inf
RL_Full,2,50,3,4,15,inf
RL_Full,2,50,3,4,16,inf
RL_Full,2,50,3,4,17,inf
RL_Full,2,50,3,4,18,inf
RL_Full,2,50,3,4,19,inf
RL_Full,2,50,3,4,20,inf
Random,2,52,1,0,1,inf
Random,2,52,1,0,2,inf
Random,2,52,1,0,3,inf
Random,2,52,1,0,4,inf
Random,2,52,1,0,5,inf
Random,2,52,1,0,6,3027.203710059141
Random,2,52,1,0,7,3027.203710059141
Random,2,52,1,0,8,3027.203710059141
Random,2,52,1,0,9,3027.203710059141
Random,2,52,1,0,10,3027.203710059141
Random,2,52,1,0,11,3027.203710059141
Random,2,52,1,0,12,3027.203710059141
Random,2,52,1,0,13,3027.203710059141
Random,2,52,1,0,14,2645.5150045330956
Random,2,52,1,0,15,2645.5150045330956
Random,2,52,1,0,16,2645.5150045330956
Random,2,52,1,0,17,2645.5150045330956
Random,2,52,1,0,18,2645.5150045330956
Random,2,52,1,0,19,2645.5150045330956
Random,2,52,1,0,20,2645.5150045330956
qLogEI,2,52,1,0,1,inf
qLogEI,2,52,1,0,2,inf
qLogEI,2,52,1,0,3,inf
qLogEI,2,52,1,0,4,inf
qLogEI,2,52,1,0,5,inf
qLogEI,2,52,1,0,6,inf
qLogEI,2,52,1,0,7,inf
qLogEI,2,52,1,0,8,inf
qLogEI,2,52,1,0,9,inf
qLogEI,2,52,1,0,10,1926.3737291004736
qLogEI,2,52,1,0,11,1925.0797692282551
qLogEI,2,52,1,0,12,1923.971852716205
qLogEI,2,52,1,0,13,1920.5405930037746
qLogEI,2,52,1,0,14,1913.7903587634105
qLogEI,2,52,1,0,15,1913.7903587634105
qLogEI,2,52,1,0,16,1913.7903587634105
qLogEI,2,52,1,0,17,1913.7903587634105
qLogEI,2,52,1,0,18,1913.7903587634105
qLogEI,2,52,1,0,19,1913.7903587634105
qLogEI,2,52,1,0,20,1913.7903587634105
RL_Full,2,52,1,0,1,inf
RL_Full,2,52,1,0,2,inf
RL_Full,2,52,1,0,3,inf
RL_Full,2,52,1,0,4,inf
RL_Full,2,52,1,0,5,inf
RL_Full,2,52,1,0,6,inf
RL_Full,2,52,1,0,7,inf
RL_Full,2,52,1,0,8,inf
RL_Full,2,52,1,0,9,inf
RL_Full,2,52,1,0,10,inf
RL_Full,2,52,1,0,11,inf
RL_Full,2,52,1,0,12,inf
RL_Full,2,52,1,0,13,inf
RL_Full,2,52,1,0,14,inf
RL_Full,2,52,1,0,15,inf
RL_Full,2,52,1,0,16,inf
RL_Full,2,52,1,0,17,inf
RL_Full,2,52,1,0,18,inf
RL_Full,2,52,1,0,19,inf
RL_Full,2,52,1,0,20,inf
Random,2,52,1,1,1,inf
Random,2,52,1,1,2,inf
Random,2,52,1,1,3,inf
Random,2,52,1,1,4,inf
Random,2,52,1,1,5,inf
Random,2,52,1,1,6,2134.778090229137
Random,2,52,1,1,7,2086.9580698037407
Random,2,52,1,1,8,2086.9580698037407
Random,2,52,1,1,9,2086.9580698037407
Random,2,52,1,1,10,2086.9580698037407
Random,2,52,1,1,11,2086.9580698037407
Random,2,52,1,1,12,2086.9580698037407
Random,2,52,1,1,13,2086.9580698037407
Random,2,52,1,1,14,2086.9580698037407
Random,2,52,1,1,15,2086.9580698037407
Random,2,52,1,1,16,2086.9580698037407
Random,2,52,1,1,17,2086.9580698037407
Random,2,52,1,1,18,2086.9580698037407
Random,2,52,1,1,19,2086.9580698037407
Random,2,52,1,1,20,2086.9580698037407
qLogEI,2,52,1,1,1,inf
qLogEI,2,52,1,1,2,inf
qLogEI,2,52,1,1,3,inf
qLogEI,2,52,1,1,4,inf
qLogEI,2,52,1,1,5,3572.833491436776
qLogEI,2,52,1,1,6,3572.833491436776
qLogEI,2,52,1,1,7,3572.833491436776
qLogEI,2,52,1,1,8,2546.3818481201215
qLogEI,2,52,1,1,9,2546.3818481201215
qLogEI,2,52,1,1,10,2546.3818481201215
qLogEI,2,52,1,1,11,2546.3818481201215
qLogEI,2,52,1,1,12,2546.3818481201215
qLogEI,2,52,1,1,13,2546.3818481201215
qLogEI,2,52,1,1,14,2546.3818481201215
qLogEI,2,52,1,1,15,2546.3818481201215
qLogEI,2,52,1,1,16,2546.3818481201215
qLogEI,2,52,1,1,17,2546.3818481201215
qLogEI,2,52,1,1,18,2546.3818481201215
qLogEI,2,52,1,1,19,2546.3818481201215
qLogEI,2,52,1,1,20,2546.3818481201215
RL_Full,2,52,1,1,1,inf
RL_Full,2,52,1,1,2,inf
RL_Full,2,52,1,1,3,inf
RL_Full,2,52,1,1,4,inf
RL_Full,2,52,1,1,5,inf
RL_Full,2,52,1,1,6,inf
RL_Full,2,52,1,1,7,inf
RL_Full,2,52,1,1,8,inf
RL_Full,2,52,1,1,9,inf
RL_Full,2,52,1,1,10,inf
RL_Full,2,52,1,1,11,inf
RL_Full,2,52,1,1,12,inf
RL_Full,2,52,1,1,13,inf
RL_Full,2,52,1,1,14,inf
RL_Full,2,52,1,1,15,inf
RL_Full,2,52,1,1,16,inf
RL_Full,2,52,1,1,17,inf
RL_Full,2,52,1,1,18,inf
RL_Full,2,52,1,1,19,inf
RL_Full,2,52,1,1,20,inf
Random,2,52,1,2,1,10476.174284912777
Random,2,52,1,2,2,10476.174284912777
Random,2,52,1,2,3,3260.4147138106987
Random,2,52,1,2,4,3260.4147138106987
Random,2,52,1,2,5,3260.4147138106987
Random,2,52,1,2,6,3260.4147138106987
Random,2,52,1,2,7,2500.7755206487923
Random,2,52,1,2,8,2500.7755206487923
Random,2,52,1,2,9,2500.7755206487923
Random,2,52,1,2,10,2500.7755206487923
Random,2,52,1,2,11,2500.7755206487923
Random,2,52,1,2,12,2500.7755206487923
Random,2,52,1,2,13,2500.7755206487923
Random,2,52,1,2,14,2500.7755206487923
Random,2,52,1,2,15,2500.7755206487923
Random,2,52,1,2,16,2500.7755206487923
Random,2,52,1,2,17,2500.7755206487923
Random,2,52,1,2,18,2500.7755206487923
Random,2,52,1,2,19,2500.7755206487923
Random,2,52,1,2,20,2500.7755206487923
qLogEI,2,52,1,2,1,10476.174284912777
qLogEI,2,52,1,2,2,10476.174284912777
qLogEI,2,52,1,2,3,3260.4147138106987
qLogEI,2,52,1,2,4,3260.4147138106987
qLogEI,2,52,1,2,5,2250.9441057500962
qLogEI,2,52,1,2,6,2250.9441057500962
qLogEI,2,52,1,2,7,2250.9441057500962
qLogEI,2,52,1,2,8,2250.9441057500962
qLogEI,2,52,1,2,9,2250.9441057500962
qLogEI,2,52,1,2,10,2208.1869598097182
qLogEI,2,52,1,2,11,2208.1869598097182
qLogEI,2,52,1,2,12,2208.1869598097182
qLogEI,2,52,1,2,13,2208.1869598097182
qLogEI,2,52,1,2,14,2208.1869598097182
qLogEI,2,52,1,2,15,2208.1869598097182
qLogEI,2,52,1,2,16,2208.1869598097182
qLogEI,2,52,1,2,17,2208.1869598097182
qLogEI,2,52,1,2,18,2208.1869598097182
qLogEI,2,52,1,2,19,2208.1869598097182
qLogEI,2,52,1,2,20,2208.1869598097182
RL_Full,2,52,1,2,1,10476.174284912777
RL_Full,2,52,1,2,2,10476.174284912777
RL_Full,2,52,1,2,3,3260.4147138106987
RL_Full,2,52,1,2,4,3260.4147138106987
RL_Full,2,52,1,2,5,3260.4147138106987
RL_Full,2,52,1,2,6,3260.4147138106987
RL_Full,2,52,1,2,7,3260.4147138106987
RL_Full,2,52,1,2,8,3260.4147138106987
RL_Full,2,52,1,2,9,3260.4147138106987
RL_Full,2,52,1,2,10,3260.4147138106987
RL_Full,2,52,1,2,11,3260.4147138106987
RL_Full,2,52,1,2,12,3260.4147138106987
RL_Full,2,52,1,2,13,3260.4147138106987
RL_Full,2,52,1,2,14,3260.4147138106987
RL_Full,2,52,1,2,15,3260.4147138106987
RL_Full,2,52,1,2,16,3260.4147138106987
RL_Full,2,52,1,2,17,3260.4147138106987
RL_Full,2,52,1,2,18,3260.4147138106987
RL_Full,2,52,1,2,19,3260.4147138106987
RL_Full,2,52,1,2,20,3260.4147138106987
Random,2,52,1,3,1,3652.7691660256346
Random,2,52,1,3,2,3652.7691660256346
Random,2,52,1,3,3,2724.3909338929966
Random,2,52,1,3,4,2724.3909338929966
Random,2,52,1,3,5,2724.3909338929966
Random,2,52,1,3,6,2724.3909338929966
Random,2,52,1,3,7,2724.3909338929966
Random,2,52,1,3,8,2724.3909338929966
Random,2,52,1,3,9,2724.3909338929966
Random,2,52,1,3,10,2724.3909338929966
Random,2,52,1,3,11,2724.3909338929966
Random,2,52,1,3,12,2724.3909338929966
Random,2,52,1,3,13,2724.3909338929966
Random,2,52,1,3,14,2724.3909338929966
Random,2,52,1,3,15,2724.3909338929966
Random,2,52,1,3,16,2724.3909338929966
Random,2,52,1,3,17,2258.3579005903107
Random,2,52,1,3,18,2258.3579005903107
Random,2,52,1,3,19,2258.3579005903107
Random,2,52,1,3,20,2258.3579005903107
qLogEI,2,52,1,3,1,3652.7691660256346
qLogEI,2,52,1,3,2,3652.7691660256346
qLogEI,2,52,1,3,3,2724.3909338929966
qLogEI,2,52,1,3,4,2724.3909338929966
qLogEI,2,52,1,3,5,2580.2282517113686
qLogEI,2,52,1,3,6,2580.2282517113686
qLogEI,2,52,1,3,7,2391.483798474068
qLogEI,2,52,1,3,8,2391.483798474068
qLogEI,2,52,1,3,9,2391.483798474068
qLogEI,2,52,1,3,10,2391.483798474068
qLogEI,2,52,1,3,11,2391.483798474068
qLogEI,2,52,1,3,12,2382.1236828387214
qLogEI,2,52,1,3,13,2382.1236828387214
qLogEI,2,52,1,3,14,2382.1236828387214
qLogEI,2,52,1,3,15,2382.1236828387214
qLogEI,2,52,1,3,16,2371.9708102583645
qLogEI,2,52,1,3,17,2370.5465859218702
qLogEI,2,52,1,3,18,2370.5465859218702
qLogEI,2,52,1,3,19,2370.5465859218702
qLogEI,2,52,1,3,20,2357.4743467517383
RL_Full,2,52,1,3,1,3652.7691660256346
RL_Full,2,52,1,3,2,3652.7691660256346
RL_Full,2,52,1,3,3,2724.3909338929966
RL_Full,2,52,1,3,4,2724.3909338929966
RL_Full,2,52,1,3,5,2724.3909338929966
RL_Full,2,52,1,3,6,2724.3909338929966
RL_Full,2,52,1,3,7,2724.3909338929966
RL_Full,2,52,1,3,8,2724.3909338929966
RL_Full,2,52,1,3,9,2724.3909338929966
RL_Full,2,52,1,3,10,2724.3909338929966
RL_Full,2,52,1,3,11,2724.3909338929966
RL_Full,2,52,1,3,12,2724.3909338929966
RL_Full,2,52,1,3,13,2724.3909338929966
RL_Full,2,52,1,3,14,2724.3909338929966
RL_Full,2,52,1,3,15,2724.3909338929966
RL_Full,2,52,1,3,16,2724.3909338929966
RL_Full,2,52,1,3,17,2724.3909338929966
RL_Full,2,52,1,3,18,2724.3909338929966
RL_Full,2,52,1,3,19,2724.3909338929966
RL_Full,2,52,1,3,20,2724.3909338929966
Random,2,52,1,4,1,inf
Random,2,52,1,4,2,3197.809037593691
Random,2,52,1,4,3,3197.809037593691
Random,2,52,1,4,4,3036.5843624682784
Random,2,52,1,4,5,3036.5843624682784
Random,2,52,1,4,6,3036.5843624682784
Random,2,52,1,4,7,2207.6306520176463
Random,2,52,1,4,8,2207.6306520176463
Random,2,52,1,4,9,2207.6306520176463
Random,2,52,1,4,10,2207.6306520176463
Random,2,52,1,4,11,2207.6306520176463
Random,2,52,1,4,12,2207.6306520176463
Random,2,52,1,4,13,2207.6306520176463
Random,2,52,1,4,14,2207.6306520176463
Random,2,52,1,4,15,2207.6306520176463
Random,2,52,1,4,16,2207.6306520176463
Random,2,52,1,4,17,2207.6306520176463
Random,2,52,1,4,18,2207.6306520176463
Random,2,52,1,4,19,2207.6306520176463
Random,2,52,1,4,20,2207.6306520176463
qLogEI,2,52,1,4,1,inf
qLogEI,2,52,1,4,2,3197.809037593691
qLogEI,2,52,1,4,3,3197.809037593691
qLogEI,2,52,1,4,4,3036.5843624682784
qLogEI,2,52,1,4,5,3036.5843624682784
qLogEI,2,52,1,4,6,2223.6990081271274
qLogEI,2,52,1,4,7,2223.6990081271274
qLogEI,2,52,1,4,8,2223.6990081271274
qLogEI,2,52,1,4,9,2223.6990081271274
qLogEI,2,52,1,4,10,2223.6990081271274
qLogEI,2,52,1,4,11,2223.6990081271274
qLogEI,2,52,1,4,12,2223.6990081271274
qLogEI,2,52,1,4,13,2223.6990081271274
qLogEI,2,52,1,4,14,2220.8668435280615
qLogEI,2,52,1,4,15,2218.5690297613114
qLogEI,2,52,1,4,16,2218.0530124651423
qLogEI,2,52,1,4,17,2218.0530124651423
qLogEI,2,52,1,4,18,2218.0530124651423
qLogEI,2,52,1,4,19,2218.0530124651423
qLogEI,2,52,1,4,20,2211.3276980823266
RL_Full,2,52,1,4,1,inf
RL_Full,2,52,1,4,2,3197.809037593691
RL_Full,2,52,1,4,3,3197.809037593691
RL_Full,2,52,1,4,4,3036.5843624682784
RL_Full,2,52,1,4,5,3036.5843624682784
RL_Full,2,52,1,4,6,3036.5843624682784
RL_Full,2,52,1,4,7,3036.5843624682784
RL_Full,2,52,1,4,8,3036.5843624682784
RL_Full,2,52,1,4,9,3036.5843624682784
RL_Full,2,52,1,4,10,3036.5843624682784
RL_Full,2,52,1,4,11,3036.5843624682784
RL_Full,2,52,1,4,12,3036.5843624682784
RL_Full,2,52,1,4,13,3036.5843624682784
RL_Full,2,52,1,4,14,3036.5843624682784
RL_Full,2,52,1,4,15,3036.5843624682784
RL_Full,2,52,1,4,16,3036.5843624682784
RL_Full,2,52,1,4,17,3036.5843624682784
RL_Full,2,52,1,4,18,3036.5843624682784
RL_Full,2,52,1,4,19,3036.5843624682784
RL_Full,2,52,1,4,20,3036.5843624682784
Random,2,52,2,0,1,inf
Random,2,52,2,0,2,inf
Random,2,52,2,0,3,inf
Random,2,52,2,0,4,inf
Random,2,52,2,0,5,inf
Random,2,52,2,0,6,inf
Random,2,52,2,0,7,inf
Random,2,52,2,0,8,inf
Random,2,52,2,0,9,inf
Random,2,52,2,0,10,inf
Random,2,52,2,0,11,inf
Random,2,52,2,0,12,inf
Random,2,52,2,0,13,inf
Random,2,52,2,0,14,inf
Random,2,52,2,0,15,inf
Random,2,52,2,0,16,inf
Random,2,52,2,0,17,inf
Random,2,52,2,0,18,inf
Random,2,52,2,0,19,inf
Random,2,52,2,0,20,inf
qLogEI,2,52,2,0,1,inf
qLogEI,2,52,2,0,2,inf
qLogEI,2,52,2,0,3,inf
qLogEI,2,52,2,0,4,inf
qLogEI,2,52,2,0,5,inf
qLogEI,2,52,2,0,6,inf
qLogEI,2,52,2,0,7,inf
qLogEI,2,52,2,0,8,-339.8067773979983
qLogEI,2,52,2,0,9,-339.8067773979983
qLogEI,2,52,2,0,10,-700.003863789944
qLogEI,2,52,2,0,11,-700.003863789944
qLogEI,2,52,2,0,12,-707.2292905667757
qLogEI,2,52,2,0,13,-707.2292905667757
qLogEI,2,52,2,0,14,-707.2292905667757
qLogEI,2,52,2,0,15,-707.2292905667757
qLogEI,2,52,2,0,16,-707.2292905667757
qLogEI,2,52,2,0,17,-707.2292905667757
qLogEI,2,52,2,0,18,-707.2292905667757
qLogEI,2,52,2,0,19,-707.2292905667757
qLogEI,2,52,2,0,20,-707.2292905667757
RL_Full,2,52,2,0,1,inf
RL_Full,2,52,2,0,2,inf
RL_Full,2,52,2,0,3,inf
RL_Full,2,52,2,0,4,inf
RL_Full,2,52,2,0,5,inf
RL_Full,2,52,2,0,6,inf
RL_Full,2,52,2,0,7,inf
RL_Full,2,52,2,0,8,inf
RL_Full,2,52,2,0,9,inf
RL_Full,2,52,2,0,10,inf
RL_Full,2,52,2,0,11,inf
RL_Full,2,52,2,0,12,inf
RL_Full,2,52,2,0,13,inf
RL_Full,2,52,2,0,14,inf
RL_Full,2,52,2,0,15,inf
RL_Full,2,52,2,0,16,inf
RL_Full,2,52,2,0,17,inf
RL_Full,2,52,2,0,18,inf
RL_Full,2,52,2,0,19,inf
RL_Full,2,52,2,0,20,inf
Random,2,52,2,1,1,inf
Random,2,52,2,1,2,inf
Random,2,52,2,1,3,inf
Random,2,52,2,1,4,inf
Random,2,52,2,1,5,inf
Random,2,52,2,1,6,inf
Random,2,52,2,1,7,inf
Random,2,52,2,1,8,inf
Random,2,52,2,1,9,inf
Random,2,52,2,1,10,inf
Random,2,52,2,1,11,inf
Random,2,52,2,1,12,inf
Random,2,52,2,1,13,inf
Random,2,52,2,1,14,inf
Random,2,52,2,1,15,inf
Random,2,52,2,1,16,inf
Random,2,52,2,1,17,inf
Random,2,52,2,1,18,inf
Random,2,52,2,1,19,inf
Random,2,52,2,1,20,inf
qLogEI,2,52,2,1,1,inf
qLogEI,2,52,2,1,2,inf
qLogEI,2,52,2,1,3,inf
qLogEI,2,52,2,1,4,inf
qLogEI,2,52,2,1,5,inf
qLogEI,2,52,2,1,6,inf
qLogEI,2,52,2,1,7,inf
qLogEI,2,52,2,1,8,-389.35921866944255
qLogEI,2,52,2,1,9,-389.35921866944255
qLogEI,2,52,2,1,10,-446.1903477539309
qLogEI,2,52,2,1,11,-446.1903477539309
qLogEI,2,52,2,1,12,-446.1903477539309
qLogEI,2,52,2,1,13,-446.1903477539309
qLogEI,2,52,2,1,14,-446.1903477539309
qLogEI,2,52,2,1,15,-446.1903477539309
qLogEI,2,52,2,1,16,-635.2890651831079
qLogEI,2,52,2,1,17,-635.2890651831079
qLogEI,2,52,2,1,18,-635.2890651831079
qLogEI,2,52,2,1,19,-635.2890651831079
qLogEI,2,52,2,1,20,-635.2890651831079
RL_Full,2,52,2,1,1,inf
RL_Full,2,52,2,1,2,inf
RL_Full,2,52,2,1,3,inf
RL_Full,2,52,2,1,4,inf
RL_Full,2,52,2,1,5,inf
RL_Full,2,52,2,1,6,inf
RL_Full,2,52,2,1,7,inf
RL_Full,2,52,2,1,8,inf
RL_Full,2,52,2,1,9,inf
RL_Full,2,52,2,1,10,inf
RL_Full,2,52,2,1,11,inf
RL_Full,2,52,2,1,12,inf
RL_Full,2,52,2,1,13,inf
RL_Full,2,52,2,1,14,inf
RL_Full,2,52,2,1,15,inf
RL_Full,2,52,2,1,16,inf
RL_Full,2,52,2,1,17,inf
RL_Full,2,52,2,1,18,inf
RL_Full,2,52,2,1,19,inf
RL_Full,2,52,2,1,20,inf
Random,2,52,2,2,1,inf
Random,2,52,2,2,2,inf
Random,2,52,2,2,3,inf
Random,2,52,2,2,4,inf
Random,2,52,2,2,5,-576.3718780154411
Random,2,52,2,2,6,-576.3718780154411
Random,2,52,2,2,7,-576.3718780154411
Random,2,52,2,2,8,-576.3718780154411
Random,2,52,2,2,9,-576.3718780154411
Random,2,52,2,2,10,-576.3718780154411
Random,2,52,2,2,11,-576.3718780154411
Random,2,52,2,2,12,-576.3718780154411
Random,2,52,2,2,13,-576.3718780154411
Random,2,52,2,2,14,-576.3718780154411
Random,2,52,2,2,15,-576.3718780154411
Random,2,52,2,2,16,-576.3718780154411
Random,2,52,2,2,17,-576.3718780154411
Random,2,52,2,2,18,-576.3718780154411
Random,2,52,2,2,19,-576.3718780154411
Random,2,52,2,2,20,-576.3718780154411
qLogEI,2,52,2,2,1,inf
qLogEI,2,52,2,2,2,inf
qLogEI,2,52,2,2,3,inf
qLogEI,2,52,2,2,4,inf
qLogEI,2,52,2,2,5,inf
qLogEI,2,52,2,2,6,-254.2655311877869
qLogEI,2,52,2,2,7,-254.2655311877869
qLogEI,2,52,2,2,8,-254.2655311877869
qLogEI,2,52,2,2,9,-254.2655311877869
qLogEI,2,52,2,2,10,-254.2655311877869
qLogEI,2,52,2,2,11,-254.2655311877869
qLogEI,2,52,2,2,12,-254.2655311877869
qLogEI,2,52,2,2,13,-308.3424798468694
qLogEI,2,52,2,2,14,-308.3424798468694
qLogEI,2,52,2,2,15,-500.53336021899213
qLogEI,2,52,2,2,16,-504.5446488000653
qLogEI,2,52,2,2,17,-505.845181334705
qLogEI,2,52,2,2,18,-630.4967743054759
qLogEI,2,52,2,2,19,-692.8815944642245
qLogEI,2,52,2,2,20,-692.8815944642245
RL_Full,2,52,2,2,1,inf
RL_Full,2,52,2,2,2,inf
RL_Full,2,52,2,2,3,inf
RL_Full,2,52,2,2,4,inf
RL_Full,2,52,2,2,5,inf
RL_Full,2,52,2,2,6,inf
RL_Full,2,52,2,2,7,inf
RL_Full,2,52,2,2,8,inf
RL_Full,2,52,2,2,9,inf
RL_Full,2,52,2,2,10,inf
RL_Full,2,52,2,2,11,inf
RL_Full,2,52,2,2,12,inf
RL_Full,2,52,2,2,13,inf
RL_Full,2,52,2,2,14,inf
RL_Full,2,52,2,2,15,inf
RL_Full,2,52,2,2,16,inf
RL_Full,2,52,2,2,17,inf
RL_Full,2,52,2,2,18,inf
RL_Full,2,52,2,2,19,inf
RL_Full,2,52,2,2,20,inf
Random,2,52,2,3,1,inf
Random,2,52,2,3,2,inf
Random,2,52,2,3,3,inf
Random,2,52,2,3,4,inf
Random,2,52,2,3,5,-389.0386436060365
Random,2,52,2,3,6,-389.0386436060365
Random,2,52,2,3,7,-389.0386436060365
Random,2,52,2,3,8,-389.0386436060365
Random,2,52,2,3,9,-389.0386436060365
Random,2,52,2,3,10,-389.0386436060365
Random,2,52,2,3,11,-389.0386436060365
Random,2,52,2,3,12,-389.0386436060365
Random,2,52,2,3,13,-820.2039774845838
Random,2,52,2,3,14,-820.2039774845838
Random,2,52,2,3,15,-820.2039774845838
Random,2,52,2,3,16,-820.2039774845838
Random,2,52,2,3,17,-820.2039774845838
Random,2,52,2,3,18,-820.2039774845838
Random,2,52,2,3,19,-820.2039774845838
Random,2,52,2,3,20,-820.2039774845838
qLogEI,2,52,2,3,1,inf
qLogEI,2,52,2,3,2,inf
qLogEI,2,52,2,3,3,inf
qLogEI,2,52,2,3,4,inf
qLogEI,2,52,2,3,5,inf
qLogEI,2,52,2,3,6,inf
qLogEI,2,52,2,3,7,-499.64460570824684
qLogEI,2,52,2,3,8,-499.64460570824684
qLogEI,2,52,2,3,9,-499.64460570824684
qLogEI,2,52,2,3,10,-499.64460570824684
qLogEI,2,52,2,3,11,-499.64460570824684
qLogEI,2,52,2,3,12,-499.64460570824684
qLogEI,2,52,2,3,13,-499.64460570824684
qLogEI,2,52,2,3,14,-499.64460570824684
qLogEI,2,52,2,3,15,-499.64460570824684
qLogEI,2,52,2,3,16,-537.4040717510077
qLogEI,2,52,2,3,17,-537.4040717510077
qLogEI,2,52,2,3,18,-596.8871393777035
qLogEI,2,52,2,3,19,-596.8871393777035
qLogEI,2,52,2,3,20,-596.8871393777035
RL_Full,2,52,2,3,1,inf
RL_Full,2,52,2,3,2,inf
RL_Full,2,52,2,3,3,inf
RL_Full,2,52,2,3,4,inf
RL_Full,2,52,2,3,5,inf
RL_Full,2,52,2,3,6,inf
RL_Full,2,52,2,3,7,inf
RL_Full,2,52,2,3,8,inf
RL_Full,2,52,2,3,9,inf
RL_Full,2,52,2,3,10,inf
RL_Full,2,52,2,3,11,inf
RL_Full,2,52,2,3,12,inf
RL_Full,2,52,2,3,13,inf
RL_Full,2,52,2,3,14,inf
RL_Full,2,52,2,3,15,inf
RL_Full,2,52,2,3,16,inf
RL_Full,2,52,2,3,17,inf
RL_Full,2,52,2,3,18,inf
RL_Full,2,52,2,3,19,inf
RL_Full,2,52,2,3,20,inf
Random,2,52,2,4,1,-180.82752404803983
Random,2,52,2,4,2,-180.82752404803983
Random,2,52,2,4,3,-180.82752404803983
Random,2,52,2,4,4,-180.82752404803983
Random,2,52,2,4,5,-180.82752404803983
Random,2,52,2,4,6,-440.355857954459
Random,2,52,2,4,7,-440.355857954459
Random,2,52,2,4,8,-440.355857954459
Random,2,52,2,4,9,-440.355857954459
Random,2,52,2,4,10,-440.355857954459
Random,2,52,2,4,11,-440.355857954459
Random,2,52,2,4,12,-440.355857954459
Random,2,52,2,4,13,-440.355857954459
Random,2,52,2,4,14,-440.355857954459
Random,2,52,2,4,15,-440.355857954459
Random,2,52,2,4,16,-440.355857954459
Random,2,52,2,4,17,-440.355857954459
Random,2,52,2,4,18,-440.355857954459
Random,2,52,2,4,19,-440.355857954459
Random,2,52,2,4,20,-440.355857954459
qLogEI,2,52,2,4,1,-180.82752404803983
qLogEI,2,52,2,4,2,-180.82752404803983
qLogEI,2,52,2,4,3,-180.82752404803983
qLogEI,2,52,2,4,4,-180.82752404803983
qLogEI,2,52,2,4,5,-180.82752404803983
qLogEI,2,52,2,4,6,-180.82752404803983
qLogEI,2,52,2,4,7,-428.40656026354566
qLogEI,2,52,2,4,8,-428.40656026354566
qLogEI,2,52,2,4,9,-428.40656026354566
qLogEI,2,52,2,4,10,-446.1853752260339
qLogEI,2,52,2,4,11,-446.1853752260339
qLogEI,2,52,2,4,12,-453.12076233611594
qLogEI,2,52,2,4,13,-490.15184650518785
qLogEI,2,52,2,4,14,-490.15184650518785
qLogEI,2,52,2,4,15,-490.15184650518785
qLogEI,2,52,2,4,16,-490.15184650518785
qLogEI,2,52,2,4,17,-551.4963241878603
qLogEI,2,52,2,4,18,-607.542740298838
qLogEI,2,52,2,4,19,-607.542740298838
qLogEI,2,52,2,4,20,-607.542740298838
RL_Full,2,52,2,4,1,-180.82752404803983
RL_Full,2,52,2,4,2,-180.82752404803983
RL_Full,2,52,2,4,3,-180.82752404803983
RL_Full,2,52,2,4,4,-180.82752404803983
RL_Full,2,52,2,4,5,-180.82752404803983
RL_Full,2,52,2,4,6,-180.82752404803983
RL_Full,2,52,2,4,7,-180.82752404803983
RL_Full,2,52,2,4,8,-180.82752404803983
RL_Full,2,52,2,4,9,-180.82752404803983
RL_Full,2,52,2,4,10,-180.82752404803983
RL_Full,2,52,2,4,11,-180.82752404803983
RL_Full,2,52,2,4,12,-180.82752404803983
RL_Full,2,52,2,4,13,-180.82752404803983
RL_Full,2,52,2,4,14,-180.82752404803983
RL_Full,2,52,2,4,15,-180.82752404803983
RL_Full,2,52,2,4,16,-180.82752404803983
RL_Full,2,52,2,4,17,-180.82752404803983
RL_Full,2,52,2,4,18,-180.82752404803983
RL_Full,2,52,2,4,19,-180.82752404803983
RL_Full,2,52,2,4,20,-180.82752404803983
Random,2,52,3,0,1,inf
Random,2,52,3,0,2,inf
Random,2,52,3,0,3,inf
Random,2,52,3,0,4,inf
Random,2,52,3,0,5,inf
Random,2,52,3,0,6,inf
Random,2,52,3,0,7,inf
Random,2,52,3,0,8,inf
Random,2,52,3,0,9,inf
Random,2,52,3,0,10,inf
Random,2,52,3,0,11,inf
Random,2,52,3,0,12,inf
Random,2,52,3,0,13,inf
Random,2,52,3,0,14,inf
Random,2,52,3,0,15,inf
Random,2,52,3,0,16,inf
Random,2,52,3,0,17,inf
Random,2,52,3,0,18,inf
Random,2,52,3,0,19,inf
Random,2,52,3,0,20,inf
qLogEI,2,52,3,0,1,inf
qLogEI,2,52,3,0,2,inf
qLogEI,2,52,3,0,3,inf
qLogEI,2,52,3,0,4,inf
qLogEI,2,52,3,0,5,inf
qLogEI,2,52,3,0,6,inf
qLogEI,2,52,3,0,7,inf
qLogEI,2,52,3,0,8,inf
qLogEI,2,52,3,0,9,inf
qLogEI,2,52,3,0,10,inf
qLogEI,2,52,3,0,11,inf
qLogEI,2,52,3,0,12,inf
qLogEI,2,52,3,0,13,inf
qLogEI,2,52,3,0,14,inf
qLogEI,2,52,3,0,15,inf
qLogEI,2,52,3,0,16,inf
qLogEI,2,52,3,0,17,inf
qLogEI,2,52,3,0,18,inf
qLogEI,2,52,3,0,19,-289.65702593283254
qLogEI,2,52,3,0,20,-289.65702593283254
RL_Full,2,52,3,0,1,inf
RL_Full,2,52,3,0,2,inf
RL_Full,2,52,3,0,3,inf
RL_Full,2,52,3,0,4,inf
RL_Full,2,52,3,0,5,inf
RL_Full,2,52,3,0,6,inf
RL_Full,2,52,3,0,7,inf
RL_Full,2,52,3,0,8,inf
RL_Full,2,52,3,0,9,inf
RL_Full,2,52,3,0,10,inf
RL_Full,2,52,3,0,11,inf
RL_Full,2,52,3,0,12,inf
RL_Full,2,52,3,0,13,inf
RL_Full,2,52,3,0,14,inf
RL_Full,2,52,3,0,15,inf
RL_Full,2,52,3,0,16,inf
RL_Full,2,52,3,0,17,inf
RL_Full,2,52,3,0,18,inf
RL_Full,2,52,3,0,19,inf
RL_Full,2,52,3,0,20,inf
Random,2,52,3,1,1,inf
Random,2,52,3,1,2,inf
Random,2,52,3,1,3,inf
Random,2,52,3,1,4,inf
Random,2,52,3,1,5,inf
Random,2,52,3,1,6,inf
Random,2,52,3,1,7,inf
Random,2,52,3,1,8,167.55868150587872
Random,2,52,3,1,9,167.55868150587872
Random,2,52,3,1,10,-732.7894642587233
Random,2,52,3,1,11,-732.7894642587233
Random,2,52,3,1,12,-732.7894642587233
Random,2,52,3,1,13,-732.7894642587233
Random,2,52,3,1,14,-732.7894642587233
Random,2,52,3,1,15,-732.7894642587233
Random,2,52,3,1,16,-732.7894642587233
Random,2,52,3,1,17,-732.7894642587233
Random,2,52,3,1,18,-732.7894642587233
Random,2,52,3,1,19,-732.7894642587233
Random,2,52,3,1,20,-732.7894642587233
qLogEI,2,52,3,1,1,inf
qLogEI,2,52,3,1,2,inf
qLogEI,2,52,3,1,3,inf
qLogEI,2,52,3,1,4,inf
qLogEI,2,52,3,1,5,inf
qLogEI,2,52,3,1,6,inf
qLogEI,2,52,3,1,7,inf
qLogEI,2,52,3,1,8,inf
qLogEI,2,52,3,1,9,inf
qLogEI,2,52,3,1,10,-220.70331844329758
qLogEI,2,52,3,1,11,-220.70331844329758
qLogEI,2,52,3,1,12,-220.70331844329758
qLogEI,2,52,3,1,13,-220.70331844329758
qLogEI,2,52,3,1,14,-220.70331844329758
qLogEI,2,52,3,1,15,-220.70331844329758
qLogEI,2,52,3,1,16,-220.70331844329758
qLogEI,2,52,3,1,17,-220.70331844329758
qLogEI,2,52,3,1,18,-220.70331844329758
qLogEI,2,52,3,1,19,-220.70331844329758
qLogEI,2,52,3,1,20,-220.70331844329758
RL_Full,2,52,3,1,1,inf
RL_Full,2,52,3,1,2,inf
RL_Full,2,52,3,1,3,inf
RL_Full,2,52,3,1,4,inf
RL_Full,2,52,3,1,5,inf
RL_Full,2,52,3,1,6,inf
RL_Full,2,52,3,1,7,inf
RL_Full,2,52,3,1,8,inf
RL_Full,2,52,3,1,9,inf
RL_Full,2,52,3,1,10,inf
RL_Full,2,52,3,1,11,inf
RL_Full,2,52,3,1,12,inf
RL_Full,2,52,3,1,13,inf
RL_Full,2,52,3,1,14,inf
RL_Full,2,52,3,1,15,inf
RL_Full,2,52,3,1,16,inf
RL_Full,2,52,3,1,17,inf
RL_Full,2,52,3,1,18,inf
RL_Full,2,52,3,1,19,inf
RL_Full,2,52,3,1,20,inf
Random,2,52,3,2,1,inf
Random,2,52,3,2,2,inf
Random,2,52,3,2,3,inf
Random,2,52,3,2,4,inf
Random,2,52,3,2,5,inf
Random,2,52,3,2,6,inf
Random,2,52,3,2,7,inf
Random,2,52,3,2,8,inf
Random,2,52,3,2,9,inf
Random,2,52,3,2,10,inf
Random,2,52,3,2,11,inf
Random,2,52,3,2,12,inf
Random,2,52,3,2,13,inf
Random,2,52,3,2,14,inf
Random,2,52,3,2,15,inf
Random,2,52,3,2,16,inf
Random,2,52,3,2,17,inf
Random,2,52,3,2,18,inf
Random,2,52,3,2,19,inf
Random,2,52,3,2,20,inf
qLogEI,2,52,3,2,1,inf
qLogEI,2,52,3,2,2,inf
qLogEI,2,52,3,2,3,inf
qLogEI,2,52,3,2,4,inf
qLogEI,2,52,3,2,5,inf
qLogEI,2,52,3,2,6,inf
qLogEI,2,52,3,2,7,inf
qLogEI,2,52,3,2,8,inf
qLogEI,2,52,3,2,9,inf
qLogEI,2,52,3,2,10,inf
qLogEI,2,52,3,2,11,inf
qLogEI,2,52,3,2,12,inf
qLogEI,2,52,3,2,13,inf
qLogEI,2,52,3,2,14,inf
qLogEI,2,52,3,2,15,inf
qLogEI,2,52,3,2,16,inf
qLogEI,2,52,3,2,17,inf
qLogEI,2,52,3,2,18,inf
qLogEI,2,52,3,2,19,inf
qLogEI,2,52,3,2,20,inf
RL_Full,2,52,3,2,1,inf
RL_Full,2,52,3,2,2,inf
RL_Full,2,52,3,2,3,inf
RL_Full,2,52,3,2,4,inf
RL_Full,2,52,3,2,5,inf
RL_Full,2,52,3,2,6,inf
RL_Full,2,52,3,2,7,inf
RL_Full,2,52,3,2,8,inf
RL_Full,2,52,3,2,9,inf
RL_Full,2,52,3,2,10,inf
RL_Full,2,52,3,2,11,inf
RL_Full,2,52,3,2,12,inf
RL_Full,2,52,3,2,13,inf
RL_Full,2,52,3,2,14,inf
RL_Full,2,52,3,2,15,inf
RL_Full,2,52,3,2,16,inf
RL_Full,2,52,3,2,17,inf
RL_Full,2,52,3,2,18,inf
RL_Full,2,52,3,2,19,inf
RL_Full,2,52,3,2,20,inf
Random,2,52,3,3,1,inf
Random,2,52,3,3,2,inf
Random,2,52,3,3,3,inf
Random,2,52,3,3,4,inf
Random,2,52,3,3,5,inf
Random,2,52,3,3,6,-29.80829067730454
Random,2,52,3,3,7,-29.80829067730454
Random,2,52,3,3,8,-29.80829067730454
Random,2,52,3,3,9,-29.80829067730454
Random,2,52,3,3,10,-29.80829067730454
Random,2,52,3,3,11,-29.80829067730454
Random,2,52,3,3,12,-29.80829067730454
Random,2,52,3,3,13,-300.70894611209724
Random,2,52,3,3,14,-300.70894611209724
Random,2,52,3,3,15,-300.70894611209724
Random,2,52,3,3,16,-300.70894611209724
Random,2,52,3,3,17,-300.70894611209724
Random,2,52,3,3,18,-300.70894611209724
Random,2,52,3,3,19,-300.70894611209724
Random,2,52,3,3,20,-300.70894611209724
qLogEI,2,52,3,3,1,inf
qLogEI,2,52,3,3,2,inf
qLogEI,2,52,3,3,3,inf
qLogEI,2,52,3,3,4,inf
qLogEI,2,52,3,3,5,inf
qLogEI,2,52,3,3,6,inf
qLogEI,2,52,3,3,7,inf
qLogEI,2,52,3,3,8,inf
qLogEI,2,52,3,3,9,inf
qLogEI,2,52,3,3,10,inf
qLogEI,2,52,3,3,11,inf
qLogEI,2,52,3,3,12,-49.0691997472625
qLogEI,2,52,3,3,13,-49.0691997472625
qLogEI,2,52,3,3,14,-49.0691997472625
qLogEI,2,52,3,3,15,-49.0691997472625
qLogEI,2,52,3,3,16,-49.0691997472625
qLogEI,2,52,3,3,17,-152.29172697517654
qLogEI,2,52,3,3,18,-152.29172697517654
qLogEI,2,52,3,3,19,-152.29172697517654
qLogEI,2,52,3,3,20,-152.29172697517654
RL_Full,2,52,3,3,1,inf
RL_Full,2,52,3,3,2,inf
RL_Full,2,52,3,3,3,inf
RL_Full,2,52,3,3,4,inf
RL_Full,2,52,3,3,5,inf
RL_Full,2,52,3,3,6,inf
RL_Full,2,52,3,3,7,inf
RL_Full,2,52,3,3,8,inf
RL_Full,2,52,3,3,9,inf
RL_Full,2,52,3,3,10,inf
RL_Full,2,52,3,3,11,inf
RL_Full,2,52,3,3,12,inf
RL_Full,2,52,3,3,13,inf
RL_Full,2,52,3,3,14,inf
RL_Full,2,52,3,3,15,inf
RL_Full,2,52,3,3,16,inf
RL_Full,2,52,3,3,17,inf
RL_Full,2,52,3,3,18,inf
RL_Full,2,52,3,3,19,inf
RL_Full,2,52,3,3,20,inf
Random,2,52,3,4,1,inf
Random,2,52,3,4,2,inf
Random,2,52,3,4,3,inf
Random,2,52,3,4,4,inf
Random,2,52,3,4,5,inf
Random,2,52,3,4,6,inf
Random,2,52,3,4,7,inf
Random,2,52,3,4,8,inf
Random,2,52,3,4,9,inf
Random,2,52,3,4,10,inf
Random,2,52,3,4,11,inf
Random,2,52,3,4,12,inf
Random,2,52,3,4,13,inf
Random,2,52,3,4,14,inf
Random,2,52,3,4,15,inf
Random,2,52,3,4,16,inf
Random,2,52,3,4,17,inf
Random,2,52,3,4,18,inf
Random,2,52,3,4,19,inf
Random,2,52,3,4,20,inf
qLogEI,2,52,3,4,1,inf
qLogEI,2,52,3,4,2,inf
qLogEI,2,52,3,4,3,inf
qLogEI,2,52,3,4,4,inf
qLogEI,2,52,3,4,5,inf
qLogEI,2,52,3,4,6,inf
qLogEI,2,52,3,4,7,inf
qLogEI,2,52,3,4,8,inf
qLogEI,2,52,3,4,9,inf
qLogEI,2,52,3,4,10,inf
qLogEI,2,52,3,4,11,inf
qLogEI,2,52,3,4,12,inf
qLogEI,2,52,3,4,13,inf
qLogEI,2,52,3,4,14,inf
qLogEI,2,52,3,4,15,inf
qLogEI,2,52,3,4,16,inf
qLogEI,2,52,3,4,17,inf
qLogEI,2,52,3,4,18,inf
qLogEI,2,52,3,4,19,inf
qLogEI,2,52,3,4,20,inf
RL_Full,2,52,3,4,1,inf
RL_Full,2,52,3,4,2,inf
RL_Full,2,52,3,4,3,inf
RL_Full,2,52,3,4,4,inf
RL_Full,2,52,3,4,5,inf
RL_Full,2,52,3,4,6,inf
RL_Full,2,52,3,4,7,inf
RL_Full,2,52,3,4,8,inf
RL_Full,2,52,3,4,9,inf
RL_Full,2,52,3,4,10,inf
RL_Full,2,52,3,4,11,inf
RL_Full,2,52,3,4,12,inf
RL_Full,2,52,3,4,13,inf
RL_Full,2,52,3,4,14,inf
RL_Full,2,52,3,4,15,inf
RL_Full,2,52,3,4,16,inf
RL_Full,2,52,3,4,17,inf
RL_Full,2,52,3,4,18,inf
RL_Full,2,52,3,4,19,inf
RL_Full,2,52,3,4,20,inf
Random,2,54,1,0,1,inf
Random,2,54,1,0,2,inf
Random,2,54,1,0,3,inf
Random,2,54,1,0,4,inf
Random,2,54,1,0,5,inf
Random,2,54,1,0,6,inf
Random,2,54,1,0,7,inf
Random,2,54,1,0,8,inf
Random,2,54,1,0,9,inf
Random,2,54,1,0,10,inf
Random,2,54,1,0,11,inf
Random,2,54,1,0,12,10645.168437854829
Random,2,54,1,0,13,10645.168437854829
Random,2,54,1,0,14,10645.168437854829
Random,2,54,1,0,15,10645.168437854829
Random,2,54,1,0,16,10645.168437854829
Random,2,54,1,0,17,10645.168437854829
Random,2,54,1,0,18,10645.168437854829
Random,2,54,1,0,19,10645.168437854829
Random,2,54,1,0,20,10645.168437854829
qLogEI,2,54,1,0,1,inf
qLogEI,2,54,1,0,2,inf
qLogEI,2,54,1,0,3,inf
qLogEI,2,54,1,0,4,inf
qLogEI,2,54,1,0,5,inf
qLogEI,2,54,1,0,6,inf
qLogEI,2,54,1,0,7,inf
qLogEI,2,54,1,0,8,inf
qLogEI,2,54,1,0,9,inf
qLogEI,2,54,1,0,10,inf
qLogEI,2,54,1,0,11,inf
qLogEI,2,54,1,0,12,inf
qLogEI,2,54,1,0,13,inf
qLogEI,2,54,1,0,14,inf
qLogEI,2,54,1,0,15,inf
qLogEI,2,54,1,0,16,inf
qLogEI,2,54,1,0,17,inf
qLogEI,2,54,1,0,18,inf
qLogEI,2,54,1,0,19,inf
qLogEI,2,54,1,0,20,inf
RL_Full,2,54,1,0,1,inf
RL_Full,2,54,1,0,2,inf
RL_Full,2,54,1,0,3,inf
RL_Full,2,54,1,0,4,inf
RL_Full,2,54,1,0,5,inf
RL_Full,2,54,1,0,6,inf
RL_Full,2,54,1,0,7,inf
RL_Full,2,54,1,0,8,inf
RL_Full,2,54,1,0,9,inf
RL_Full,2,54,1,0,10,inf
RL_Full,2,54,1,0,11,inf
RL_Full,2,54,1,0,12,inf
RL_Full,2,54,1,0,13,inf
RL_Full,2,54,1,0,14,inf
RL_Full,2,54,1,0,15,inf
RL_Full,2,54,1,0,16,inf
RL_Full,2,54,1,0,17,inf
RL_Full,2,54,1,0,18,inf
RL_Full,2,54,1,0,19,inf
RL_Full,2,54,1,0,20,inf
Random,2,54,1,1,1,inf
Random,2,54,1,1,2,inf
Random,2,54,1,1,3,inf
Random,2,54,1,1,4,inf
Random,2,54,1,1,5,inf
Random,2,54,1,1,6,inf
Random,2,54,1,1,7,inf
Random,2,54,1,1,8,inf
Random,2,54,1,1,9,inf
Random,2,54,1,1,10,inf
Random,2,54,1,1,11,inf
Random,2,54,1,1,12,inf
Random,2,54,1,1,13,inf
Random,2,54,1,1,14,inf
Random,2,54,1,1,15,inf
Random,2,54,1,1,16,inf
Random,2,54,1,1,17,inf
Random,2,54,1,1,18,inf
Random,2,54,1,1,19,inf
Random,2,54,1,1,20,inf
qLogEI,2,54,1,1,1,inf
qLogEI,2,54,1,1,2,inf
qLogEI,2,54,1,1,3,inf
qLogEI,2,54,1,1,4,inf
qLogEI,2,54,1,1,5,inf
qLogEI,2,54,1,1,6,inf
qLogEI,2,54,1,1,7,inf
qLogEI,2,54,1,1,8,inf
qLogEI,2,54,1,1,9,inf
qLogEI,2,54,1,1,10,inf
qLogEI,2,54,1,1,11,inf
qLogEI,2,54,1,1,12,inf
qLogEI,2,54,1,1,13,inf
qLogEI,2,54,1,1,14,inf
qLogEI,2,54,1,1,15,inf
qLogEI,2,54,1,1,16,inf
qLogEI,2,54,1,1,17,inf
qLogEI,2,54,1,1,18,inf
qLogEI,2,54,1,1,19,inf
qLogEI,2,54,1,1,20,inf
RL_Full,2,54,1,1,1,inf
RL_Full,2,54,1,1,2,inf
RL_Full,2,54,1,1,3,inf
RL_Full,2,54,1,1,4,inf
RL_Full,2,54,1,1,5,inf
RL_Full,2,54,1,1,6,inf
RL_Full,2,54,1,1,7,inf
RL_Full,2,54,1,1,8,inf
RL_Full,2,54,1,1,9,inf
RL_Full,2,54,1,1,10,inf
RL_Full,2,54,1,1,11,inf
RL_Full,2,54,1,1,12,inf
RL_Full,2,54,1,1,13,inf
RL_Full,2,54,1,1,14,inf
RL_Full,2,54,1,1,15,inf
RL_Full,2,54,1,1,16,inf
RL_Full,2,54,1,1,17,inf
RL_Full,2,54,1,1,18,inf
RL_Full,2,54,1,1,19,inf
RL_Full,2,54,1,1,20,inf
Random,2,54,1,2,1,inf
Random,2,54,1,2,2,inf
Random,2,54,1,2,3,inf
Random,2,54,1,2,4,inf
Random,2,54,1,2,5,inf
Random,2,54,1,2,6,inf
Random,2,54,1,2,7,inf
Random,2,54,1,2,8,inf
Random,2,54,1,2,9,inf
Random,2,54,1,2,10,inf
Random,2,54,1,2,11,inf
Random,2,54,1,2,12,inf
Random,2,54,1,2,13,inf
Random,2,54,1,2,14,inf
Random,2,54,1,2,15,inf
Random,2,54,1,2,16,inf
Random,2,54,1,2,17,inf
Random,2,54,1,2,18,inf
Random,2,54,1,2,19,inf
Random,2,54,1,2,20,inf
qLogEI,2,54,1,2,1,inf
qLogEI,2,54,1,2,2,inf
qLogEI,2,54,1,2,3,inf
qLogEI,2,54,1,2,4,inf
qLogEI,2,54,1,2,5,inf
qLogEI,2,54,1,2,6,inf
qLogEI,2,54,1,2,7,inf
qLogEI,2,54,1,2,8,inf
qLogEI,2,54,1,2,9,inf
qLogEI,2,54,1,2,10,inf
qLogEI,2,54,1,2,11,inf
qLogEI,2,54,1,2,12,inf
qLogEI,2,54,1,2,13,inf
qLogEI,2,54,1,2,14,inf
qLogEI,2,54,1,2,15,inf
qLogEI,2,54,1,2,16,inf
qLogEI,2,54,1,2,17,inf
qLogEI,2,54,1,2,18,inf
qLogEI,2,54,1,2,19,inf
qLogEI,2,54,1,2,20,inf
RL_Full,2,54,1,2,1,inf
RL_Full,2,54,1,2,2,inf
RL_Full,2,54,1,2,3,inf
RL_Full,2,54,1,2,4,inf
RL_Full,2,54,1,2,5,inf
RL_Full,2,54,1,2,6,inf
RL_Full,2,54,1,2,7,inf
RL_Full,2,54,1,2,8,inf
RL_Full,2,54,1,2,9,inf
RL_Full,2,54,1,2,10,inf
RL_Full,2,54,1,2,11,inf
RL_Full,2,54,1,2,12,inf
RL_Full,2,54,1,2,13,inf
RL_Full,2,54,1,2,14,inf
RL_Full,2,54,1,2,15,inf
RL_Full,2,54,1,2,16,inf
RL_Full,2,54,1,2,17,inf
RL_Full,2,54,1,2,18,inf
RL_Full,2,54,1,2,19,inf
RL_Full,2,54,1,2,20,inf
Random,2,54,1,3,1,inf
Random,2,54,1,3,2,inf
Random,2,54,1,3,3,inf
Random,2,54,1,3,4,inf
Random,2,54,1,3,5,inf
Random,2,54,1,3,6,inf
Random,2,54,1,3,7,inf
Random,2,54,1,3,8,inf
Random,2,54,1,3,9,inf
Random,2,54,1,3,10,inf
Random,2,54,1,3,11,inf
Random,2,54,1,3,12,inf
Random,2,54,1,3,13,inf
Random,2,54,1,3,14,inf
Random,2,54,1,3,15,inf
Random,2,54,1,3,16,inf
Random,2,54,1,3,17,inf
Random,2,54,1,3,18,inf
Random,2,54,1,3,19,inf
Random,2,54,1,3,20,inf
qLogEI,2,54,1,3,1,inf
qLogEI,2,54,1,3,2,inf
qLogEI,2,54,1,3,3,inf
qLogEI,2,54,1,3,4,inf
qLogEI,2,54,1,3,5,inf
qLogEI,2,54,1,3,6,inf
qLogEI,2,54,1,3,7,inf
qLogEI,2,54,1,3,8,inf
qLogEI,2,54,1,3,9,inf
qLogEI,2,54,1,3,10,inf
qLogEI,2,54,1,3,11,inf
qLogEI,2,54,1,3,12,inf
qLogEI,2,54,1,3,13,inf
qLogEI,2,54,1,3,14,inf
qLogEI,2,54,1,3,15,inf
qLogEI,2,54,1,3,16,inf
qLogEI,2,54,1,3,17,inf
qLogEI,2,54,1,3,18,inf
qLogEI,2,54,1,3,19,10554.83511140151
qLogEI,2,54,1,3,20,10554.83511140151
RL_Full,2,54,1,3,1,inf
RL_Full,2,54,1,3,2,inf
RL_Full,2,54,1,3,3,inf
RL_Full,2,54,1,3,4,inf
RL_Full,2,54,1,3,5,inf
RL_Full,2,54,1,3,6,inf
RL_Full,2,54,1,3,7,inf
RL_Full,2,54,1,3,8,inf
RL_Full,2,54,1,3,9,inf
RL_Full,2,54,1,3,10,inf
RL_Full,2,54,1,3,11,inf
RL_Full,2,54,1,3,12,inf
RL_Full,2,54,1,3,13,inf
RL_Full,2,54,1,3,14,inf
RL_Full,2,54,1,3,15,inf
RL_Full,2,54,1,3,16,inf
RL_Full,2,54,1,3,17,inf
RL_Full,2,54,1,3,18,inf
RL_Full,2,54,1,3,19,inf
RL_Full,2,54,1,3,20,inf
Random,2,54,1,4,1,inf
Random,2,54,1,4,2,inf
Random,2,54,1,4,3,inf
Random,2,54,1,4,4,inf
Random,2,54,1,4,5,inf
Random,2,54,1,4,6,inf
Random,2,54,1,4,7,inf
Random,2,54,1,4,8,inf
Random,2,54,1,4,9,inf
Random,2,54,1,4,10,inf
Random,2,54,1,4,11,inf
Random,2,54,1,4,12,inf
Random,2,54,1,4,13,inf
Random,2,54,1,4,14,inf
Random,2,54,1,4,15,inf
Random,2,54,1,4,16,inf
Random,2,54,1,4,17,inf
Random,2,54,1,4,18,inf
Random,2,54,1,4,19,inf
Random,2,54,1,4,20,inf
qLogEI,2,54,1,4,1,inf
qLogEI,2,54,1,4,2,inf
qLogEI,2,54,1,4,3,inf
qLogEI,2,54,1,4,4,inf
qLogEI,2,54,1,4,5,inf
qLogEI,2,54,1,4,6,inf
qLogEI,2,54,1,4,7,inf
qLogEI,2,54,1,4,8,inf
qLogEI,2,54,1,4,9,inf
qLogEI,2,54,1,4,10,inf
qLogEI,2,54,1,4,11,inf
qLogEI,2,54,1,4,12,inf
qLogEI,2,54,1,4,13,inf
qLogEI,2,54,1,4,14,inf
qLogEI,2,54,1,4,15,inf
qLogEI,2,54,1,4,16,inf
qLogEI,2,54,1,4,17,inf
qLogEI,2,54,1,4,18,inf
qLogEI,2,54,1,4,19,inf
qLogEI,2,54,1,4,20,inf
RL_Full,2,54,1,4,1,inf
RL_Full,2,54,1,4,2,inf
RL_Full,2,54,1,4,3,inf
RL_Full,2,54,1,4,4,inf
RL_Full,2,54,1,4,5,inf
RL_Full,2,54,1,4,6,inf
RL_Full,2,54,1,4,7,inf
RL_Full,2,54,1,4,8,inf
RL_Full,2,54,1,4,9,inf
RL_Full,2,54,1,4,10,inf
RL_Full,2,54,1,4,11,inf
RL_Full,2,54,1,4,12,inf
RL_Full,2,54,1,4,13,inf
RL_Full,2,54,1,4,14,inf
RL_Full,2,54,1,4,15,inf
RL_Full,2,54,1,4,16,inf
RL_Full,2,54,1,4,17,inf
RL_Full,2,54,1,4,18,inf
RL_Full,2,54,1,4,19,inf
RL_Full,2,54,1,4,20,inf
Random,2,54,2,0,1,inf
Random,2,54,2,0,2,inf
Random,2,54,2,0,3,inf
Random,2,54,2,0,4,inf
Random,2,54,2,0,5,inf
Random,2,54,2,0,6,inf
Random,2,54,2,0,7,inf
Random,2,54,2,0,8,inf
Random,2,54,2,0,9,inf
Random,2,54,2,0,10,inf
Random,2,54,2,0,11,inf
Random,2,54,2,0,12,inf
Random,2,54,2,0,13,inf
Random,2,54,2,0,14,inf
Random,2,54,2,0,15,inf
Random,2,54,2,0,16,inf
Random,2,54,2,0,17,inf
Random,2,54,2,0,18,inf
Random,2,54,2,0,19,inf
Random,2,54,2,0,20,inf
qLogEI,2,54,2,0,1,inf
qLogEI,2,54,2,0,2,inf
qLogEI,2,54,2,0,3,inf
qLogEI,2,54,2,0,4,inf
qLogEI,2,54,2,0,5,inf
qLogEI,2,54,2,0,6,inf
qLogEI,2,54,2,0,7,inf
qLogEI,2,54,2,0,8,inf
qLogEI,2,54,2,0,9,inf
qLogEI,2,54,2,0,10,inf
qLogEI,2,54,2,0,11,inf
qLogEI,2,54,2,0,12,inf
qLogEI,2,54,2,0,13,inf
qLogEI,2,54,2,0,14,inf
qLogEI,2,54,2,0,15,inf
qLogEI,2,54,2,0,16,inf
qLogEI,2,54,2,0,17,inf
qLogEI,2,54,2,0,18,inf
qLogEI,2,54,2,0,19,inf
qLogEI,2,54,2,0,20,inf
RL_Full,2,54,2,0,1,inf
RL_Full,2,54,2,0,2,inf
RL_Full,2,54,2,0,3,inf
RL_Full,2,54,2,0,4,inf
RL_Full,2,54,2,0,5,inf
RL_Full,2,54,2,0,6,inf
RL_Full,2,54,2,0,7,inf
RL_Full,2,54,2,0,8,inf
RL_Full,2,54,2,0,9,inf
RL_Full,2,54,2,0,10,inf
RL_Full,2,54,2,0,11,inf
RL_Full,2,54,2,0,12,inf
RL_Full,2,54,2,0,13,inf
RL_Full,2,54,2,0,14,inf
RL_Full,2,54,2,0,15,inf
RL_Full,2,54,2,0,16,inf
RL_Full,2,54,2,0,17,inf
RL_Full,2,54,2,0,18,inf
RL_Full,2,54,2,0,19,inf
RL_Full,2,54,2,0,20,inf
Random,2,54,2,1,1,inf
Random,2,54,2,1,2,inf
Random,2,54,2,1,3,inf
Random,2,54,2,1,4,inf
Random,2,54,2,1,5,inf
Random,2,54,2,1,6,inf
Random,2,54,2,1,7,inf
Random,2,54,2,1,8,inf
Random,2,54,2,1,9,inf
Random,2,54,2,1,10,inf
Random,2,54,2,1,11,inf
Random,2,54,2,1,12,inf
Random,2,54,2,1,13,inf
Random,2,54,2,1,14,inf
Random,2,54,2,1,15,inf
Random,2,54,2,1,16,inf
Random,2,54,2,1,17,inf
Random,2,54,2,1,18,inf
Random,2,54,2,1,19,inf
Random,2,54,2,1,20,inf
qLogEI,2,54,2,1,1,inf
qLogEI,2,54,2,1,2,inf
qLogEI,2,54,2,1,3,inf
qLogEI,2,54,2,1,4,inf
qLogEI,2,54,2,1,5,inf
qLogEI,2,54,2,1,6,inf
qLogEI,2,54,2,1,7,inf
qLogEI,2,54,2,1,8,inf
qLogEI,2,54,2,1,9,inf
qLogEI,2,54,2,1,10,inf
qLogEI,2,54,2,1,11,inf
qLogEI,2,54,2,1,12,inf
qLogEI,2,54,2,1,13,inf
qLogEI,2,54,2,1,14,inf
qLogEI,2,54,2,1,15,inf
qLogEI,2,54,2,1,16,inf
qLogEI,2,54,2,1,17,inf
qLogEI,2,54,2,1,18,inf
qLogEI,2,54,2,1,19,inf
qLogEI,2,54,2,1,20,inf
RL_Full,2,54,2,1,1,inf
RL_Full,2,54,2,1,2,inf
RL_Full,2,54,2,1,3,inf
RL_Full,2,54,2,1,4,inf
RL_Full,2,54,2,1,5,inf
RL_Full,2,54,2,1,6,inf
RL_Full,2,54,2,1,7,inf
RL_Full,2,54,2,1,8,inf
RL_Full,2,54,2,1,9,inf
RL_Full,2,54,2,1,10,inf
RL_Full,2,54,2,1,11,inf
RL_Full,2,54,2,1,12,inf
RL_Full,2,54,2,1,13,inf
RL_Full,2,54,2,1,14,inf
RL_Full,2,54,2,1,15,inf
RL_Full,2,54,2,1,16,inf
RL_Full,2,54,2,1,17,inf
RL_Full,2,54,2,1,18,inf
RL_Full,2,54,2,1,19,inf
RL_Full,2,54,2,1,20,inf
Random,2,54,2,2,1,inf
Random,2,54,2,2,2,inf
Random,2,54,2,2,3,inf
Random,2,54,2,2,4,inf
Random,2,54,2,2,5,inf
Random,2,54,2,2,6,inf
Random,2,54,2,2,7,inf
Random,2,54,2,2,8,inf
Random,2,54,2,2,9,inf
Random,2,54,2,2,10,inf
Random,2,54,2,2,11,inf
Random,2,54,2,2,12,inf
Random,2,54,2,2,13,inf
Random,2,54,2,2,14,inf
Random,2,54,2,2,15,inf
Random,2,54,2,2,16,inf
Random,2,54,2,2,17,inf
Random,2,54,2,2,18,inf
Random,2,54,2,2,19,inf
Random,2,54,2,2,20,inf
qLogEI,2,54,2,2,1,inf
qLogEI,2,54,2,2,2,inf
qLogEI,2,54,2,2,3,inf
qLogEI,2,54,2,2,4,inf
qLogEI,2,54,2,2,5,inf
qLogEI,2,54,2,2,6,inf
qLogEI,2,54,2,2,7,inf
qLogEI,2,54,2,2,8,inf
qLogEI,2,54,2,2,9,inf
qLogEI,2,54,2,2,10,inf
qLogEI,2,54,2,2,11,inf
qLogEI,2,54,2,2,12,inf
qLogEI,2,54,2,2,13,inf
qLogEI,2,54,2,2,14,inf
qLogEI,2,54,2,2,15,inf
qLogEI,2,54,2,2,16,inf
qLogEI,2,54,2,2,17,inf
qLogEI,2,54,2,2,18,inf
qLogEI,2,54,2,2,19,inf
qLogEI,2,54,2,2,20,inf
RL_Full,2,54,2,2,1,inf
RL_Full,2,54,2,2,2,inf
RL_Full,2,54,2,2,3,inf
RL_Full,2,54,2,2,4,inf
RL_Full,2,54,2,2,5,inf
RL_Full,2,54,2,2,6,inf
RL_Full,2,54,2,2,7,inf
RL_Full,2,54,2,2,8,inf
RL_Full,2,54,2,2,9,inf
RL_Full,2,54,2,2,10,inf
RL_Full,2,54,2,2,11,inf
RL_Full,2,54,2,2,12,inf
RL_Full,2,54,2,2,13,inf
RL_Full,2,54,2,2,14,inf
RL_Full,2,54,2,2,15,inf
RL_Full,2,54,2,2,16,inf
RL_Full,2,54,2,2,17,inf
RL_Full,2,54,2,2,18,inf
RL_Full,2,54,2,2,19,inf
RL_Full,2,54,2,2,20,inf
Random,2,54,2,3,1,inf
Random,2,54,2,3,2,inf
Random,2,54,2,3,3,inf
Random,2,54,2,3,4,inf
Random,2,54,2,3,5,inf
Random,2,54,2,3,6,inf
Random,2,54,2,3,7,inf
Random,2,54,2,3,8,inf
Random,2,54,2,3,9,inf
Random,2,54,2,3,10,inf
Random,2,54,2,3,11,inf
Random,2,54,2,3,12,inf
Random,2,54,2,3,13,inf
Random,2,54,2,3,14,inf
Random,2,54,2,3,15,inf
Random,2,54,2,3,16,inf
Random,2,54,2,3,17,inf
Random,2,54,2,3,18,inf
Random,2,54,2,3,19,inf
Random,2,54,2,3,20,inf
qLogEI,2,54,2,3,1,inf
qLogEI,2,54,2,3,2,inf
qLogEI,2,54,2,3,3,inf
qLogEI,2,54,2,3,4,inf
qLogEI,2,54,2,3,5,inf
qLogEI,2,54,2,3,6,inf
qLogEI,2,54,2,3,7,inf
qLogEI,2,54,2,3,8,inf
qLogEI,2,54,2,3,9,inf
qLogEI,2,54,2,3,10,inf
qLogEI,2,54,2,3,11,inf
qLogEI,2,54,2,3,12,inf
qLogEI,2,54,2,3,13,inf
qLogEI,2,54,2,3,14,inf
qLogEI,2,54,2,3,15,557.434349552554
qLogEI,2,54,2,3,16,557.434349552554
qLogEI,2,54,2,3,17,557.434349552554
qLogEI,2,54,2,3,18,557.434349552554
qLogEI,2,54,2,3,19,557.434349552554
qLogEI,2,54,2,3,20,557.434349552554
RL_Full,2,54,2,3,1,inf
RL_Full,2,54,2,3,2,inf
RL_Full,2,54,2,3,3,inf
RL_Full,2,54,2,3,4,inf
RL_Full,2,54,2,3,5,inf
RL_Full,2,54,2,3,6,inf
RL_Full,2,54,2,3,7,inf
RL_Full,2,54,2,3,8,inf
RL_Full,2,54,2,3,9,inf
RL_Full,2,54,2,3,10,inf
RL_Full,2,54,2,3,11,inf
RL_Full,2,54,2,3,12,inf
RL_Full,2,54,2,3,13,inf
RL_Full,2,54,2,3,14,inf
RL_Full,2,54,2,3,15,inf
RL_Full,2,54,2,3,16,inf
RL_Full,2,54,2,3,17,inf
RL_Full,2,54,2,3,18,inf
RL_Full,2,54,2,3,19,inf
RL_Full,2,54,2,3,20,inf
Random,2,54,2,4,1,inf
Random,2,54,2,4,2,inf
Random,2,54,2,4,3,inf
Random,2,54,2,4,4,inf
Random,2,54,2,4,5,inf
Random,2,54,2,4,6,inf
Random,2,54,2,4,7,inf
Random,2,54,2,4,8,inf
Random,2,54,2,4,9,inf
Random,2,54,2,4,10,inf
Random,2,54,2,4,11,inf
Random,2,54,2,4,12,inf
Random,2,54,2,4,13,inf
Random,2,54,2,4,14,inf
Random,2,54,2,4,15,inf
Random,2,54,2,4,16,inf
Random,2,54,2,4,17,inf
Random,2,54,2,4,18,inf
Random,2,54,2,4,19,inf
Random,2,54,2,4,20,inf
qLogEI,2,54,2,4,1,inf
qLogEI,2,54,2,4,2,inf
qLogEI,2,54,2,4,3,inf
qLogEI,2,54,2,4,4,inf
qLogEI,2,54,2,4,5,inf
qLogEI,2,54,2,4,6,inf
qLogEI,2,54,2,4,7,inf
qLogEI,2,54,2,4,8,inf
qLogEI,2,54,2,4,9,inf
qLogEI,2,54,2,4,10,inf
qLogEI,2,54,2,4,11,inf
qLogEI,2,54,2,4,12,inf
qLogEI,2,54,2,4,13,inf
qLogEI,2,54,2,4,14,inf
qLogEI,2,54,2,4,15,inf
qLogEI,2,54,2,4,16,inf
qLogEI,2,54,2,4,17,inf
qLogEI,2,54,2,4,18,inf
qLogEI,2,54,2,4,19,inf
qLogEI,2,54,2,4,20,inf
RL_Full,2,54,2,4,1,inf
RL_Full,2,54,2,4,2,inf
RL_Full,2,54,2,4,3,inf
RL_Full,2,54,2,4,4,inf
RL_Full,2,54,2,4,5,inf
RL_Full,2,54,2,4,6,inf
RL_Full,2,54,2,4,7,inf
RL_Full,2,54,2,4,8,inf
RL_Full,2,54,2,4,9,inf
RL_Full,2,54,2,4,10,inf
RL_Full,2,54,2,4,11,inf
RL_Full,2,54,2,4,12,inf
RL_Full,2,54,2,4,13,inf
RL_Full,2,54,2,4,14,inf
RL_Full,2,54,2,4,15,inf
RL_Full,2,54,2,4,16,inf
RL_Full,2,54,2,4,17,inf
RL_Full,2,54,2,4,18,inf
RL_Full,2,54,2,4,19,inf
RL_Full,2,54,2,4,20,inf
Random,2,54,3,0,1,inf
Random,2,54,3,0,2,inf
Random,2,54,3,0,3,inf
Random,2,54,3,0,4,inf
Random,2,54,3,0,5,inf
Random,2,54,3,0,6,inf
Random,2,54,3,0,7,inf
Random,2,54,3,0,8,inf
Random,2,54,3,0,9,inf
Random,2,54,3,0,10,inf
Random,2,54,3,0,11,inf
Random,2,54,3,0,12,inf
Random,2,54,3,0,13,inf
Random,2,54,3,0,14,inf
Random,2,54,3,0,15,inf
Random,2,54,3,0,16,inf
Random,2,54,3,0,17,inf
Random,2,54,3,0,18,inf
Random,2,54,3,0,19,inf
Random,2,54,3,0,20,inf
qLogEI,2,54,3,0,1,inf
qLogEI,2,54,3,0,2,inf
qLogEI,2,54,3,0,3,inf
qLogEI,2,54,3,0,4,inf
qLogEI,2,54,3,0,5,inf
qLogEI,2,54,3,0,6,inf
qLogEI,2,54,3,0,7,inf
qLogEI,2,54,3,0,8,inf
qLogEI,2,54,3,0,9,inf
qLogEI,2,54,3,0,10,-2839.8659153152876
qLogEI,2,54,3,0,11,-2839.8659153152876
qLogEI,2,54,3,0,12,-2839.8659153152876
qLogEI,2,54,3,0,13,-2839.8659153152876
qLogEI,2,54,3,0,14,-2839.8659153152876
qLogEI,2,54,3,0,15,-2948.617351607763
qLogEI,2,54,3,0,16,-2948.617351607763
qLogEI,2,54,3,0,17,-2948.617351607763
qLogEI,2,54,3,0,18,-2948.617351607763
qLogEI,2,54,3,0,19,-2948.617351607763
qLogEI,2,54,3,0,20,-2948.617351607763
RL_Full,2,54,3,0,1,inf
RL_Full,2,54,3,0,2,inf
RL_Full,2,54,3,0,3,inf
RL_Full,2,54,3,0,4,inf
RL_Full,2,54,3,0,5,inf
RL_Full,2,54,3,0,6,inf
RL_Full,2,54,3,0,7,inf
RL_Full,2,54,3,0,8,inf
RL_Full,2,54,3,0,9,inf
RL_Full,2,54,3,0,10,inf
RL_Full,2,54,3,0,11,inf
RL_Full,2,54,3,0,12,inf
RL_Full,2,54,3,0,13,inf
RL_Full,2,54,3,0,14,inf
RL_Full,2,54,3,0,15,inf
RL_Full,2,54,3,0,16,inf
RL_Full,2,54,3,0,17,inf
RL_Full,2,54,3,0,18,inf
RL_Full,2,54,3,0,19,inf
RL_Full,2,54,3,0,20,inf
Random,2,54,3,1,1,inf
Random,2,54,3,1,2,inf
Random,2,54,3,1,3,inf
Random,2,54,3,1,4,inf
Random,2,54,3,1,5,inf
Random,2,54,3,1,6,inf
Random,2,54,3,1,7,inf
Random,2,54,3,1,8,inf
Random,2,54,3,1,9,inf
Random,2,54,3,1,10,inf
Random,2,54,3,1,11,inf
Random,2,54,3,1,12,inf
Random,2,54,3,1,13,inf
Random,2,54,3,1,14,inf
Random,2,54,3,1,15,inf
Random,2,54,3,1,16,inf
Random,2,54,3,1,17,inf
Random,2,54,3,1,18,inf
Random,2,54,3,1,19,inf
Random,2,54,3,1,20,inf
qLogEI,2,54,3,1,1,inf
qLogEI,2,54,3,1,2,inf
qLogEI,2,54,3,1,3,inf
qLogEI,2,54,3,1,4,inf
qLogEI,2,54,3,1,5,inf
qLogEI,2,54,3,1,6,inf
qLogEI,2,54,3,1,7,inf
qLogEI,2,54,3,1,8,inf
qLogEI,2,54,3,1,9,inf
qLogEI,2,54,3,1,10,inf
qLogEI,2,54,3,1,11,inf
qLogEI,2,54,3,1,12,inf
qLogEI,2,54,3,1,13,inf
qLogEI,2,54,3,1,14,-2920.44314283592
qLogEI,2,54,3,1,15,-2920.44314283592
qLogEI,2,54,3,1,16,-2920.44314283592
qLogEI,2,54,3,1,17,-2920.44314283592
qLogEI,2,54,3,1,18,-2920.44314283592
qLogEI,2,54,3,1,19,-2920.44314283592
qLogEI,2,54,3,1,20,-2920.44314283592
RL_Full,2,54,3,1,1,inf
RL_Full,2,54,3,1,2,inf
RL_Full,2,54,3,1,3,inf
RL_Full,2,54,3,1,4,inf
RL_Full,2,54,3,1,5,inf
RL_Full,2,54,3,1,6,inf
RL_Full,2,54,3,1,7,inf
RL_Full,2,54,3,1,8,inf
RL_Full,2,54,3,1,9,inf
RL_Full,2,54,3,1,10,inf
RL_Full,2,54,3,1,11,inf
RL_Full,2,54,3,1,12,inf
RL_Full,2,54,3,1,13,inf
RL_Full,2,54,3,1,14,inf
RL_Full,2,54,3,1,15,inf
RL_Full,2,54,3,1,16,inf
RL_Full,2,54,3,1,17,inf
RL_Full,2,54,3,1,18,inf
RL_Full,2,54,3,1,19,inf
RL_Full,2,54,3,1,20,inf
Random,2,54,3,2,1,inf
Random,2,54,3,2,2,inf
Random,2,54,3,2,3,inf
Random,2,54,3,2,4,inf
Random,2,54,3,2,5,inf
Random,2,54,3,2,6,inf
Random,2,54,3,2,7,inf
Random,2,54,3,2,8,inf
Random,2,54,3,2,9,inf
Random,2,54,3,2,10,inf
Random,2,54,3,2,11,inf
Random,2,54,3,2,12,inf
Random,2,54,3,2,13,inf
Random,2,54,3,2,14,inf
Random,2,54,3,2,15,inf
Random,2,54,3,2,16,inf
Random,2,54,3,2,17,inf
Random,2,54,3,2,18,inf
Random,2,54,3,2,19,inf
Random,2,54,3,2,20,inf
qLogEI,2,54,3,2,1,inf
qLogEI,2,54,3,2,2,inf
qLogEI,2,54,3,2,3,inf
qLogEI,2,54,3,2,4,inf
qLogEI,2,54,3,2,5,inf
qLogEI,2,54,3,2,6,inf
qLogEI,2,54,3,2,7,inf
qLogEI,2,54,3,2,8,inf
qLogEI,2,54,3,2,9,inf
qLogEI,2,54,3,2,10,inf
qLogEI,2,54,3,2,11,inf
qLogEI,2,54,3,2,12,inf
qLogEI,2,54,3,2,13,inf
qLogEI,2,54,3,2,14,inf
qLogEI,2,54,3,2,15,inf
qLogEI,2,54,3,2,16,inf
qLogEI,2,54,3,2,17,inf
qLogEI,2,54,3,2,18,inf
qLogEI,2,54,3,2,19,inf
qLogEI,2,54,3,2,20,inf
RL_Full,2,54,3,2,1,inf
RL_Full,2,54,3,2,2,inf
RL_Full,2,54,3,2,3,inf
RL_Full,2,54,3,2,4,inf
RL_Full,2,54,3,2,5,inf
RL_Full,2,54,3,2,6,inf
RL_Full,2,54,3,2,7,inf
RL_Full,2,54,3,2,8,inf
RL_Full,2,54,3,2,9,inf
RL_Full,2,54,3,2,10,inf
RL_Full,2,54,3,2,11,inf
RL_Full,2,54,3,2,12,inf
RL_Full,2,54,3,2,13,inf
RL_Full,2,54,3,2,14,inf
RL_Full,2,54,3,2,15,inf
RL_Full,2,54,3,2,16,inf
RL_Full,2,54,3,2,17,inf
RL_Full,2,54,3,2,18,inf
RL_Full,2,54,3,2,19,inf
RL_Full,2,54,3,2,20,inf
Random,2,54,3,3,1,inf
Random,2,54,3,3,2,inf
Random,2,54,3,3,3,inf
Random,2,54,3,3,4,inf
Random,2,54,3,3,5,inf
Random,2,54,3,3,6,inf
Random,2,54,3,3,7,inf
Random,2,54,3,3,8,inf
Random,2,54,3,3,9,inf
Random,2,54,3,3,10,inf
Random,2,54,3,3,11,inf
Random,2,54,3,3,12,inf
Random,2,54,3,3,13,inf
Random,2,54,3,3,14,inf
Random,2,54,3,3,15,inf
Random,2,54,3,3,16,inf
Random,2,54,3,3,17,inf
Random,2,54,3,3,18,inf
Random,2,54,3,3,19,inf
Random,2,54,3,3,20,inf
qLogEI,2,54,3,3,1,inf
qLogEI,2,54,3,3,2,inf
qLogEI,2,54,3,3,3,inf
qLogEI,2,54,3,3,4,inf
qLogEI,2,54,3,3,5,inf
qLogEI,2,54,3,3,6,inf
qLogEI,2,54,3,3,7,inf
qLogEI,2,54,3,3,8,inf
qLogEI,2,54,3,3,9,inf
qLogEI,2,54,3,3,10,inf
qLogEI,2,54,3,3,11,inf
qLogEI,2,54,3,3,12,inf
qLogEI,2,54,3,3,13,-2832.857877650968
qLogEI,2,54,3,3,14,-2832.857877650968
qLogEI,2,54,3,3,15,-2832.857877650968
qLogEI,2,54,3,3,16,-2832.857877650968
qLogEI,2,54,3,3,17,-2832.857877650968
qLogEI,2,54,3,3,18,-2832.857877650968
qLogEI,2,54,3,3,19,-2832.857877650968
qLogEI,2,54,3,3,20,-2832.857877650968
RL_Full,2,54,3,3,1,inf
RL_Full,2,54,3,3,2,inf
RL_Full,2,54,3,3,3,inf
RL_Full,2,54,3,3,4,inf
RL_Full,2,54,3,3,5,inf
RL_Full,2,54,3,3,6,inf
RL_Full,2,54,3,3,7,inf
RL_Full,2,54,3,3,8,inf
RL_Full,2,54,3,3,9,inf
RL_Full,2,54,3,3,10,inf
RL_Full,2,54,3,3,11,inf
RL_Full,2,54,3,3,12,inf
RL_Full,2,54,3,3,13,inf
RL_Full,2,54,3,3,14,inf
RL_Full,2,54,3,3,15,inf
RL_Full,2,54,3,3,16,inf
RL_Full,2,54,3,3,17,inf
RL_Full,2,54,3,3,18,inf
RL_Full,2,54,3,3,19,inf
RL_Full,2,54,3,3,20,inf
Random,2,54,3,4,1,inf
Random,2,54,3,4,2,inf
Random,2,54,3,4,3,inf
Random,2,54,3,4,4,inf
Random,2,54,3,4,5,inf
Random,2,54,3,4,6,inf
Random,2,54,3,4,7,inf
Random,2,54,3,4,8,inf
Random,2,54,3,4,9,inf
Random,2,54,3,4,10,inf
Random,2,54,3,4,11,inf
Random,2,54,3,4,12,inf
Random,2,54,3,4,13,inf
Random,2,54,3,4,14,inf
Random,2,54,3,4,15,inf
Random,2,54,3,4,16,inf
Random,2,54,3,4,17,inf
Random,2,54,3,4,18,inf
Random,2,54,3,4,19,inf
Random,2,54,3,4,20,inf
qLogEI,2,54,3,4,1,inf
qLogEI,2,54,3,4,2,inf
qLogEI,2,54,3,4,3,inf
qLogEI,2,54,3,4,4,inf
qLogEI,2,54,3,4,5,inf
qLogEI,2,54,3,4,6,inf
qLogEI,2,54,3,4,7,inf
qLogEI,2,54,3,4,8,inf
qLogEI,2,54,3,4,9,inf
qLogEI,2,54,3,4,10,inf
qLogEI,2,54,3,4,11,inf
qLogEI,2,54,3,4,12,inf
qLogEI,2,54,3,4,13,inf
qLogEI,2,54,3,4,14,inf
qLogEI,2,54,3,4,15,inf
qLogEI,2,54,3,4,16,inf
qLogEI,2,54,3,4,17,inf
qLogEI,2,54,3,4,18,inf
qLogEI,2,54,3,4,19,inf
qLogEI,2,54,3,4,20,inf
RL_Full,2,54,3,4,1,inf
RL_Full,2,54,3,4,2,inf
RL_Full,2,54,3,4,3,inf
RL_Full,2,54,3,4,4,inf
RL_Full,2,54,3,4,5,inf
RL_Full,2,54,3,4,6,inf
RL_Full,2,54,3,4,7,inf
RL_Full,2,54,3,4,8,inf
RL_Full,2,54,3,4,9,inf
RL_Full,2,54,3,4,10,inf
RL_Full,2,54,3,4,11,inf
RL_Full,2,54,3,4,12,inf
RL_Full,2,54,3,4,13,inf
RL_Full,2,54,3,4,14,inf
RL_Full,2,54,3,4,15,inf
RL_Full,2,54,3,4,16,inf
RL_Full,2,54,3,4,17,inf
RL_Full,2,54,3,4,18,inf
RL_Full,2,54,3,4,19,inf
RL_Full,2,54,3,4,20,inf
Random,10,2,1,0,1,inf
Random,10,2,1,0,2,inf
Random,10,2,1,0,3,inf
Random,10,2,1,0,4,inf
Random,10,2,1,0,5,inf
Random,10,2,1,0,6,inf
Random,10,2,1,0,7,inf
Random,10,2,1,0,8,inf
Random,10,2,1,0,9,inf
Random,10,2,1,0,10,inf
Random,10,2,1,0,11,inf
Random,10,2,1,0,12,inf
Random,10,2,1,0,13,inf
Random,10,2,1,0,14,inf
Random,10,2,1,0,15,inf
Random,10,2,1,0,16,-330.99581010627134
Random,10,2,1,0,17,-330.99581010627134
Random,10,2,1,0,18,-330.99581010627134
Random,10,2,1,0,19,-330.99581010627134
Random,10,2,1,0,20,-330.99581010627134
Random,10,2,1,0,21,-330.99581010627134
Random,10,2,1,0,22,-330.99581010627134
Random,10,2,1,0,23,-330.99581010627134
Random,10,2,1,0,24,-330.99581010627134
Random,10,2,1,0,25,-330.99581010627134
Random,10,2,1,0,26,-330.99581010627134
Random,10,2,1,0,27,-330.99581010627134
Random,10,2,1,0,28,-330.99581010627134
Random,10,2,1,0,29,-330.99581010627134
Random,10,2,1,0,30,-330.99581010627134
Random,10,2,1,0,31,-330.99581010627134
Random,10,2,1,0,32,-330.99581010627134
Random,10,2,1,0,33,-330.99581010627134
Random,10,2,1,0,34,-330.99581010627134
Random,10,2,1,0,35,-330.99581010627134
Random,10,2,1,0,36,-330.99581010627134
Random,10,2,1,0,37,-330.99581010627134
Random,10,2,1,0,38,-330.99581010627134
Random,10,2,1,0,39,-330.99581010627134
Random,10,2,1,0,40,-330.99581010627134
Random,10,2,1,0,41,-330.99581010627134
Random,10,2,1,0,42,-330.99581010627134
Random,10,2,1,0,43,-330.99581010627134
Random,10,2,1,0,44,-330.99581010627134
Random,10,2,1,0,45,-330.99581010627134
Random,10,2,1,0,46,-330.99581010627134
Random,10,2,1,0,47,-330.99581010627134
Random,10,2,1,0,48,-330.99581010627134
Random,10,2,1,0,49,-330.99581010627134
Random,10,2,1,0,50,-330.99581010627134
Random,10,2,1,0,51,-744.386674695287
Random,10,2,1,0,52,-744.386674695287
Random,10,2,1,0,53,-744.386674695287
Random,10,2,1,0,54,-744.386674695287
Random,10,2,1,0,55,-744.386674695287
Random,10,2,1,0,56,-744.386674695287
Random,10,2,1,0,57,-744.386674695287
Random,10,2,1,0,58,-744.386674695287
Random,10,2,1,0,59,-744.386674695287
Random,10,2,1,0,60,-744.386674695287
Random,10,2,1,0,61,-744.386674695287
Random,10,2,1,0,62,-744.386674695287
Random,10,2,1,0,63,-744.386674695287
Random,10,2,1,0,64,-744.386674695287
Random,10,2,1,0,65,-744.386674695287
Random,10,2,1,0,66,-744.386674695287
Random,10,2,1,0,67,-744.386674695287
Random,10,2,1,0,68,-744.386674695287
Random,10,2,1,0,69,-744.386674695287
Random,10,2,1,0,70,-744.386674695287
Random,10,2,1,0,71,-744.386674695287
Random,10,2,1,0,72,-744.386674695287
Random,10,2,1,0,73,-744.386674695287
Random,10,2,1,0,74,-744.386674695287
Random,10,2,1,0,75,-744.386674695287
Random,10,2,1,0,76,-744.386674695287
Random,10,2,1,0,77,-744.386674695287
Random,10,2,1,0,78,-744.386674695287
Random,10,2,1,0,79,-744.386674695287
Random,10,2,1,0,80,-744.386674695287
Random,10,2,1,0,81,-744.386674695287
Random,10,2,1,0,82,-744.386674695287
Random,10,2,1,0,83,-744.386674695287
Random,10,2,1,0,84,-744.386674695287
Random,10,2,1,0,85,-744.386674695287
Random,10,2,1,0,86,-744.386674695287
Random,10,2,1,0,87,-744.386674695287
Random,10,2,1,0,88,-744.386674695287
Random,10,2,1,0,89,-744.386674695287
Random,10,2,1,0,90,-744.386674695287
Random,10,2,1,0,91,-872.495448054011
Random,10,2,1,0,92,-872.495448054011
Random,10,2,1,0,93,-872.495448054011
Random,10,2,1,0,94,-872.495448054011
Random,10,2,1,0,95,-872.495448054011
Random,10,2,1,0,96,-872.495448054011
Random,10,2,1,0,97,-872.495448054011
Random,10,2,1,0,98,-872.495448054011
Random,10,2,1,0,99,-872.495448054011
Random,10,2,1,0,100,-872.495448054011
qLogEI,10,2,1,0,1,inf
qLogEI,10,2,1,0,2,inf
qLogEI,10,2,1,0,3,inf
qLogEI,10,2,1,0,4,inf
qLogEI,10,2,1,0,5,inf
qLogEI,10,2,1,0,6,inf
qLogEI,10,2,1,0,7,inf
qLogEI,10,2,1,0,8,inf
qLogEI,10,2,1,0,9,inf
qLogEI,10,2,1,0,10,inf
qLogEI,10,2,1,0,11,inf
qLogEI,10,2,1,0,12,inf
qLogEI,10,2,1,0,13,inf
qLogEI,10,2,1,0,14,inf
qLogEI,10,2,1,0,15,inf
qLogEI,10,2,1,0,16,-330.99581010627134
qLogEI,10,2,1,0,17,-330.99581010627134
qLogEI,10,2,1,0,18,-330.99581010627134
qLogEI,10,2,1,0,19,-330.99581010627134
qLogEI,10,2,1,0,20,-330.99581010627134
qLogEI,10,2,1,0,21,-330.99581010627134
qLogEI,10,2,1,0,22,-330.99581010627134
qLogEI,10,2,1,0,23,-330.99581010627134
qLogEI,10,2,1,0,24,-330.99581010627134
qLogEI,10,2,1,0,25,-330.99581010627134
qLogEI,10,2,1,0,26,-330.99581010627134
qLogEI,10,2,1,0,27,-330.99581010627134
qLogEI,10,2,1,0,28,-330.99581010627134
qLogEI,10,2,1,0,29,-1535.3176699373319
qLogEI,10,2,1,0,30,-1535.3176699373319
qLogEI,10,2,1,0,31,-1535.3176699373319
qLogEI,10,2,1,0,32,-1535.3176699373319
qLogEI,10,2,1,0,33,-1535.3176699373319
qLogEI,10,2,1,0,34,-1535.3176699373319
qLogEI,10,2,1,0,35,-1535.3176699373319
qLogEI,10,2,1,0,36,-1535.3176699373319
qLogEI,10,2,1,0,37,-1535.3176699373319
qLogEI,10,2,1,0,38,-1535.3176699373319
qLogEI,10,2,1,0,39,-1535.3176699373319
qLogEI,10,2,1,0,40,-1535.3176699373319
qLogEI,10,2,1,0,41,-1535.3176699373319
qLogEI,10,2,1,0,42,-1535.3176699373319
qLogEI,10,2,1,0,43,-1535.3176699373319
qLogEI,10,2,1,0,44,-1535.3176699373319
qLogEI,10,2,1,0,45,-1535.3176699373319
qLogEI,10,2,1,0,46,-1535.3176699373319
qLogEI,10,2,1,0,47,-1535.3176699373319
qLogEI,10,2,1,0,48,-1535.3176699373319
qLogEI,10,2,1,0,49,-1535.3176699373319
qLogEI,10,2,1,0,50,-1535.3176699373319
qLogEI,10,2,1,0,51,-1535.3176699373319
qLogEI,10,2,1,0,52,-1535.3176699373319
qLogEI,10,2,1,0,53,-1535.3176699373319
qLogEI,10,2,1,0,54,-1535.3176699373319
qLogEI,10,2,1,0,55,-1535.3176699373319
qLogEI,10,2,1,0,56,-1535.3176699373319
qLogEI,10,2,1,0,57,-1535.3176699373319
qLogEI,10,2,1,0,58,-1535.3176699373319
qLogEI,10,2,1,0,59,-1535.3176699373319
qLogEI,10,2,1,0,60,-1535.3176699373319
qLogEI,10,2,1,0,61,-1535.3176699373319
qLogEI,10,2,1,0,62,-1535.3176699373319
qLogEI,10,2,1,0,63,-1535.3176699373319
qLogEI,10,2,1,0,64,-1535.3176699373319
qLogEI,10,2,1,0,65,-1535.3176699373319
qLogEI,10,2,1,0,66,-1535.3176699373319
qLogEI,10,2,1,0,67,-1535.3176699373319
qLogEI,10,2,1,0,68,-1535.3176699373319
qLogEI,10,2,1,0,69,-1535.3176699373319
qLogEI,10,2,1,0,70,-1535.3176699373319
qLogEI,10,2,1,0,71,-1535.3176699373319
qLogEI,10,2,1,0,72,-1535.3176699373319
qLogEI,10,2,1,0,73,-1535.3176699373319
qLogEI,10,2,1,0,74,-1535.3176699373319
qLogEI,10,2,1,0,75,-1535.3176699373319
qLogEI,10,2,1,0,76,-1535.3176699373319
qLogEI,10,2,1,0,77,-1535.3176699373319
qLogEI,10,2,1,0,78,-1535.3176699373319
qLogEI,10,2,1,0,79,-1535.3176699373319
qLogEI,10,2,1,0,80,-1535.3176699373319
qLogEI,10,2,1,0,81,-1535.3176699373319
qLogEI,10,2,1,0,82,-1535.3176699373319
qLogEI,10,2,1,0,83,-1535.3176699373319
qLogEI,10,2,1,0,84,-1535.3176699373319
qLogEI,10,2,1,0,85,-1535.3176699373319
qLogEI,10,2,1,0,86,-1535.3176699373319
qLogEI,10,2,1,0,87,-1535.3176699373319
qLogEI,10,2,1,0,88,-1535.3176699373319
qLogEI,10,2,1,0,89,-1535.3176699373319
qLogEI,10,2,1,0,90,-1535.3176699373319
qLogEI,10,2,1,0,91,-1535.3176699373319
qLogEI,10,2,1,0,92,-1535.3176699373319
qLogEI,10,2,1,0,93,-1535.3176699373319
qLogEI,10,2,1,0,94,-1535.3176699373319
qLogEI,10,2,1,0,95,-1535.3176699373319
qLogEI,10,2,1,0,96,-1535.3176699373319
qLogEI,10,2,1,0,97,-1535.3176699373319
qLogEI,10,2,1,0,98,-1535.3176699373319
qLogEI,10,2,1,0,99,-1535.3176699373319
qLogEI,10,2,1,0,100,-1535.3176699373319
RL_Full,10,2,1,0,1,inf
RL_Full,10,2,1,0,2,inf
RL_Full,10,2,1,0,3,inf
RL_Full,10,2,1,0,4,inf
RL_Full,10,2,1,0,5,inf
RL_Full,10,2,1,0,6,inf
RL_Full,10,2,1,0,7,inf
RL_Full,10,2,1,0,8,inf
RL_Full,10,2,1,0,9,inf
RL_Full,10,2,1,0,10,inf
RL_Full,10,2,1,0,11,inf
RL_Full,10,2,1,0,12,inf
RL_Full,10,2,1,0,13,inf
RL_Full,10,2,1,0,14,inf
RL_Full,10,2,1,0,15,inf
RL_Full,10,2,1,0,16,-330.99581010627134
RL_Full,10,2,1,0,17,-330.99581010627134
RL_Full,10,2,1,0,18,-330.99581010627134
RL_Full,10,2,1,0,19,-330.99581010627134
RL_Full,10,2,1,0,20,-330.99581010627134
RL_Full,10,2,1,0,21,-330.99581010627134
RL_Full,10,2,1,0,22,-330.99581010627134
RL_Full,10,2,1,0,23,-330.99581010627134
RL_Full,10,2,1,0,24,-330.99581010627134
RL_Full,10,2,1,0,25,-330.99581010627134
RL_Full,10,2,1,0,26,-330.99581010627134
RL_Full,10,2,1,0,27,-330.99581010627134
RL_Full,10,2,1,0,28,-330.99581010627134
RL_Full,10,2,1,0,29,-330.99581010627134
RL_Full,10,2,1,0,30,-330.99581010627134
RL_Full,10,2,1,0,31,-330.99581010627134
RL_Full,10,2,1,0,32,-330.99581010627134
RL_Full,10,2,1,0,33,-330.99581010627134
RL_Full,10,2,1,0,34,-330.99581010627134
RL_Full,10,2,1,0,35,-330.99581010627134
RL_Full,10,2,1,0,36,-330.99581010627134
RL_Full,10,2,1,0,37,-330.99581010627134
RL_Full,10,2,1,0,38,-330.99581010627134
RL_Full,10,2,1,0,39,-330.99581010627134
RL_Full,10,2,1,0,40,-330.99581010627134
RL_Full,10,2,1,0,41,-330.99581010627134
RL_Full,10,2,1,0,42,-330.99581010627134
RL_Full,10,2,1,0,43,-330.99581010627134
RL_Full,10,2,1,0,44,-330.99581010627134
RL_Full,10,2,1,0,45,-330.99581010627134
RL_Full,10,2,1,0,46,-330.99581010627134
RL_Full,10,2,1,0,47,-330.99581010627134
RL_Full,10,2,1,0,48,-330.99581010627134
RL_Full,10,2,1,0,49,-330.99581010627134
RL_Full,10,2,1,0,50,-330.99581010627134
RL_Full,10,2,1,0,51,-330.99581010627134
RL_Full,10,2,1,0,52,-330.99581010627134
RL_Full,10,2,1,0,53,-330.99581010627134
RL_Full,10,2,1,0,54,-330.99581010627134
RL_Full,10,2,1,0,55,-330.99581010627134
RL_Full,10,2,1,0,56,-330.99581010627134
RL_Full,10,2,1,0,57,-330.99581010627134
RL_Full,10,2,1,0,58,-330.99581010627134
RL_Full,10,2,1,0,59,-330.99581010627134
RL_Full,10,2,1,0,60,-330.99581010627134
RL_Full,10,2,1,0,61,-330.99581010627134
RL_Full,10,2,1,0,62,-330.99581010627134
RL_Full,10,2,1,0,63,-330.99581010627134
RL_Full,10,2,1,0,64,-330.99581010627134
RL_Full,10,2,1,0,65,-330.99581010627134
RL_Full,10,2,1,0,66,-330.99581010627134
RL_Full,10,2,1,0,67,-330.99581010627134
RL_Full,10,2,1,0,68,-330.99581010627134
RL_Full,10,2,1,0,69,-330.99581010627134
RL_Full,10,2,1,0,70,-330.99581010627134
RL_Full,10,2,1,0,71,-330.99581010627134
RL_Full,10,2,1,0,72,-330.99581010627134
RL_Full,10,2,1,0,73,-330.99581010627134
RL_Full,10,2,1,0,74,-330.99581010627134
RL_Full,10,2,1,0,75,-330.99581010627134
RL_Full,10,2,1,0,76,-330.99581010627134
RL_Full,10,2,1,0,77,-330.99581010627134
RL_Full,10,2,1,0,78,-330.99581010627134
RL_Full,10,2,1,0,79,-330.99581010627134
RL_Full,10,2,1,0,80,-330.99581010627134
RL_Full,10,2,1,0,81,-330.99581010627134
RL_Full,10,2,1,0,82,-330.99581010627134
RL_Full,10,2,1,0,83,-330.99581010627134
RL_Full,10,2,1,0,84,-330.99581010627134
RL_Full,10,2,1,0,85,-330.99581010627134
RL_Full,10,2,1,0,86,-330.99581010627134
RL_Full,10,2,1,0,87,-330.99581010627134
RL_Full,10,2,1,0,88,-330.99581010627134
RL_Full,10,2,1,0,89,-330.99581010627134
RL_Full,10,2,1,0,90,-330.99581010627134
RL_Full,10,2,1,0,91,-330.99581010627134
RL_Full,10,2,1,0,92,-330.99581010627134
RL_Full,10,2,1,0,93,-330.99581010627134
RL_Full,10,2,1,0,94,-330.99581010627134
RL_Full,10,2,1,0,95,-330.99581010627134
RL_Full,10,2,1,0,96,-330.99581010627134
RL_Full,10,2,1,0,97,-330.99581010627134
RL_Full,10,2,1,0,98,-330.99581010627134
RL_Full,10,2,1,0,99,-330.99581010627134
RL_Full,10,2,1,0,100,-330.99581010627134
Random,10,2,1,1,1,inf
Random,10,2,1,1,2,inf
Random,10,2,1,1,3,inf
Random,10,2,1,1,4,inf
Random,10,2,1,1,5,inf
Random,10,2,1,1,6,inf
Random,10,2,1,1,7,inf
Random,10,2,1,1,8,inf
Random,10,2,1,1,9,inf
Random,10,2,1,1,10,inf
Random,10,2,1,1,11,inf
Random,10,2,1,1,12,inf
Random,10,2,1,1,13,inf
Random,10,2,1,1,14,inf
Random,10,2,1,1,15,inf
Random,10,2,1,1,16,inf
Random,10,2,1,1,17,inf
Random,10,2,1,1,18,inf
Random,10,2,1,1,19,inf
Random,10,2,1,1,20,inf
Random,10,2,1,1,21,inf
Random,10,2,1,1,22,inf
Random,10,2,1,1,23,-435.5779768192073
Random,10,2,1,1,24,-435.5779768192073
Random,10,2,1,1,25,-435.5779768192073
Random,10,2,1,1,26,-435.5779768192073
Random,10,2,1,1,27,-435.5779768192073
Random,10,2,1,1,28,-435.5779768192073
Random,10,2,1,1,29,-435.5779768192073
Random,10,2,1,1,30,-435.5779768192073
Random,10,2,1,1,31,-435.5779768192073
Random,10,2,1,1,32,-435.5779768192073
Random,10,2,1,1,33,-435.5779768192073
Random,10,2,1,1,34,-435.5779768192073
Random,10,2,1,1,35,-435.5779768192073
Random,10,2,1,1,36,-435.5779768192073
Random,10,2,1,1,37,-435.5779768192073
Random,10,2,1,1,38,-435.5779768192073
Random,10,2,1,1,39,-435.5779768192073
Random,10,2,1,1,40,-435.5779768192073
Random,10,2,1,1,41,-435.5779768192073
Random,10,2,1,1,42,-435.5779768192073
Random,10,2,1,1,43,-435.5779768192073
Random,10,2,1,1,44,-435.5779768192073
Random,10,2,1,1,45,-435.5779768192073
Random,10,2,1,1,46,-435.5779768192073
Random,10,2,1,1,47,-435.5779768192073
Random,10,2,1,1,48,-435.5779768192073
Random,10,2,1,1,49,-435.5779768192073
Random,10,2,1,1,50,-435.5779768192073
Random,10,2,1,1,51,-435.5779768192073
Random,10,2,1,1,52,-435.5779768192073
Random,10,2,1,1,53,-435.5779768192073
Random,10,2,1,1,54,-435.5779768192073
Random,10,2,1,1,55,-435.5779768192073
Random,10,2,1,1,56,-435.5779768192073
Random,10,2,1,1,57,-435.5779768192073
Random,10,2,1,1,58,-435.5779768192073
Random,10,2,1,1,59,-435.5779768192073
Random,10,2,1,1,60,-435.5779768192073
Random,10,2,1,1,61,-435.5779768192073
Random,10,2,1,1,62,-435.5779768192073
Random,10,2,1,1,63,-435.5779768192073
Random,10,2,1,1,64,-435.5779768192073
Random,10,2,1,1,65,-435.5779768192073
Random,10,2,1,1,66,-435.5779768192073
Random,10,2,1,1,67,-435.5779768192073
Random,10,2,1,1,68,-435.5779768192073
Random,10,2,1,1,69,-435.5779768192073
Random,10,2,1,1,70,-435.5779768192073
Random,10,2,1,1,71,-435.5779768192073
Random,10,2,1,1,72,-435.5779768192073
Random,10,2,1,1,73,-435.5779768192073
Random,10,2,1,1,74,-435.5779768192073
Random,10,2,1,1,75,-435.5779768192073
Random,10,2,1,1,76,-435.5779768192073
Random,10,2,1,1,77,-435.5779768192073
Random,10,2,1,1,78,-435.5779768192073
Random,10,2,1,1,79,-435.5779768192073
Random,10,2,1,1,80,-435.5779768192073
Random,10,2,1,1,81,-435.5779768192073
Random,10,2,1,1,82,-435.5779768192073
Random,10,2,1,1,83,-435.5779768192073
Random,10,2,1,1,84,-435.5779768192073
Random,10,2,1,1,85,-435.5779768192073
Random,10,2,1,1,86,-435.5779768192073
Random,10,2,1,1,87,-435.5779768192073
Random,10,2,1,1,88,-435.5779768192073
Random,10,2,1,1,89,-917.4980731074888
Random,10,2,1,1,90,-917.4980731074888
Random,10,2,1,1,91,-917.4980731074888
Random,10,2,1,1,92,-917.4980731074888
Random,10,2,1,1,93,-917.4980731074888
Random,10,2,1,1,94,-917.4980731074888
Random,10,2,1,1,95,-917.4980731074888
Random,10,2,1,1,96,-917.4980731074888
Random,10,2,1,1,97,-917.4980731074888
Random,10,2,1,1,98,-917.4980731074888
Random,10,2,1,1,99,-917.4980731074888
Random,10,2,1,1,100,-917.4980731074888
qLogEI,10,2,1,1,1,inf
qLogEI,10,2,1,1,2,inf
qLogEI,10,2,1,1,3,inf
qLogEI,10,2,1,1,4,inf
qLogEI,10,2,1,1,5,inf
qLogEI,10,2,1,1,6,inf
qLogEI,10,2,1,1,7,inf
qLogEI,10,2,1,1,8,inf
qLogEI,10,2,1,1,9,inf
qLogEI,10,2,1,1,10,inf
qLogEI,10,2,1,1,11,inf
qLogEI,10,2,1,1,12,inf
qLogEI,10,2,1,1,13,inf
qLogEI,10,2,1,1,14,inf
qLogEI,10,2,1,1,15,inf
qLogEI,10,2,1,1,16,inf
qLogEI,10,2,1,1,17,inf
qLogEI,10,2,1,1,18,inf
qLogEI,10,2,1,1,19,inf
qLogEI,10,2,1,1,20,inf
qLogEI,10,2,1,1,21,inf
qLogEI,10,2,1,1,22,inf
qLogEI,10,2,1,1,23,inf
qLogEI,10,2,1,1,24,inf
qLogEI,10,2,1,1,25,inf
qLogEI,10,2,1,1,26,inf
qLogEI,10,2,1,1,27,inf
qLogEI,10,2,1,1,28,inf
qLogEI,10,2,1,1,29,inf
qLogEI,10,2,1,1,30,inf
qLogEI,10,2,1,1,31,inf
qLogEI,10,2,1,1,32,inf
qLogEI,10,2,1,1,33,inf
qLogEI,10,2,1,1,34,inf
qLogEI,10,2,1,1,35,inf
qLogEI,10,2,1,1,36,inf
qLogEI,10,2,1,1,37,inf
qLogEI,10,2,1,1,38,inf
qLogEI,10,2,1,1,39,inf
qLogEI,10,2,1,1,40,inf
qLogEI,10,2,1,1,41,inf
qLogEI,10,2,1,1,42,inf
qLogEI,10,2,1,1,43,inf
qLogEI,10,2,1,1,44,inf
qLogEI,10,2,1,1,45,inf
qLogEI,10,2,1,1,46,inf
qLogEI,10,2,1,1,47,inf
qLogEI,10,2,1,1,48,inf
qLogEI,10,2,1,1,49,inf
qLogEI,10,2,1,1,50,inf
qLogEI,10,2,1,1,51,inf
qLogEI,10,2,1,1,52,inf
qLogEI,10,2,1,1,53,inf
qLogEI,10,2,1,1,54,inf
qLogEI,10,2,1,1,55,inf
qLogEI,10,2,1,1,56,inf
qLogEI,10,2,1,1,57,inf
qLogEI,10,2,1,1,58,inf
qLogEI,10,2,1,1,59,inf
qLogEI,10,2,1,1,60,inf
qLogEI,10,2,1,1,61,inf
qLogEI,10,2,1,1,62,inf
qLogEI,10,2,1,1,63,inf
qLogEI,10,2,1,1,64,inf
qLogEI,10,2,1,1,65,inf
qLogEI,10,2,1,1,66,inf
qLogEI,10,2,1,1,67,inf
qLogEI,10,2,1,1,68,inf
qLogEI,10,2,1,1,69,inf
qLogEI,10,2,1,1,70,inf
qLogEI,10,2,1,1,71,inf
qLogEI,10,2,1,1,72,inf
qLogEI,10,2,1,1,73,-1467.0728829351733
qLogEI,10,2,1,1,74,-1467.0728829351733
qLogEI,10,2,1,1,75,-1467.0728829351733
qLogEI,10,2,1,1,76,-1467.0728829351733
qLogEI,10,2,1,1,77,-1467.0728829351733
qLogEI,10,2,1,1,78,-1467.0728829351733
qLogEI,10,2,1,1,79,-1467.0728829351733
qLogEI,10,2,1,1,80,-1467.0728829351733
qLogEI,10,2,1,1,81,-1467.0728829351733
qLogEI,10,2,1,1,82,-1467.0728829351733
qLogEI,10,2,1,1,83,-1467.0728829351733
qLogEI,10,2,1,1,84,-1467.0728829351733
qLogEI,10,2,1,1,85,-1467.0728829351733
qLogEI,10,2,1,1,86,-1467.0728829351733
qLogEI,10,2,1,1,87,-1467.0728829351733
qLogEI,10,2,1,1,88,-1467.0728829351733
qLogEI,10,2,1,1,89,-1467.0728829351733
qLogEI,10,2,1,1,90,-1467.0728829351733
qLogEI,10,2,1,1,91,-1467.0728829351733
qLogEI,10,2,1,1,92,-1467.0728829351733
qLogEI,10,2,1,1,93,-1467.0728829351733
qLogEI,10,2,1,1,94,-1467.0728829351733
qLogEI,10,2,1,1,95,-1467.0728829351733
qLogEI,10,2,1,1,96,-1467.0728829351733
qLogEI,10,2,1,1,97,-1467.0728829351733
qLogEI,10,2,1,1,98,-1467.0728829351733
qLogEI,10,2,1,1,99,-1467.0728829351733
qLogEI,10,2,1,1,100,-1467.0728829351733
RL_Full,10,2,1,1,1,inf
RL_Full,10,2,1,1,2,inf
RL_Full,10,2,1,1,3,inf
RL_Full,10,2,1,1,4,inf
RL_Full,10,2,1,1,5,inf
RL_Full,10,2,1,1,6,inf
RL_Full,10,2,1,1,7,inf
RL_Full,10,2,1,1,8,inf
RL_Full,10,2,1,1,9,inf
RL_Full,10,2,1,1,10,inf
RL_Full,10,2,1,1,11,inf
RL_Full,10,2,1,1,12,inf
RL_Full,10,2,1,1,13,inf
RL_Full,10,2,1,1,14,inf
RL_Full,10,2,1,1,15,inf
RL_Full,10,2,1,1,16,inf
RL_Full,10,2,1,1,17,inf
RL_Full,10,2,1,1,18,inf
RL_Full,10,2,1,1,19,inf
RL_Full,10,2,1,1,20,inf
RL_Full,10,2,1,1,21,inf
RL_Full,10,2,1,1,22,inf
RL_Full,10,2,1,1,23,inf
RL_Full,10,2,1,1,24,inf
RL_Full,10,2,1,1,25,inf
RL_Full,10,2,1,1,26,inf
RL_Full,10,2,1,1,27,inf
RL_Full,10,2,1,1,28,inf
RL_Full,10,2,1,1,29,inf
RL_Full,10,2,1,1,30,inf
RL_Full,10,2,1,1,31,inf
RL_Full,10,2,1,1,32,inf
RL_Full,10,2,1,1,33,inf
RL_Full,10,2,1,1,34,inf
RL_Full,10,2,1,1,35,inf
RL_Full,10,2,1,1,36,inf
RL_Full,10,2,1,1,37,inf
RL_Full,10,2,1,1,38,inf
RL_Full,10,2,1,1,39,inf
RL_Full,10,2,1,1,40,inf
RL_Full,10,2,1,1,41,inf
RL_Full,10,2,1,1,42,inf
RL_Full,10,2,1,1,43,inf
RL_Full,10,2,1,1,44,inf
RL_Full,10,2,1,1,45,inf
RL_Full,10,2,1,1,46,inf
RL_Full,10,2,1,1,47,inf
RL_Full,10,2,1,1,48,inf
RL_Full,10,2,1,1,49,inf
RL_Full,10,2,1,1,50,inf
RL_Full,10,2,1,1,51,inf
RL_Full,10,2,1,1,52,inf
RL_Full,10,2,1,1,53,inf
RL_Full,10,2,1,1,54,inf
RL_Full,10,2,1,1,55,inf
RL_Full,10,2,1,1,56,inf
RL_Full,10,2,1,1,57,inf
RL_Full,10,2,1,1,58,inf
RL_Full,10,2,1,1,59,inf
RL_Full,10,2,1,1,60,inf
RL_Full,10,2,1,1,61,inf
RL_Full,10,2,1,1,62,inf
RL_Full,10,2,1,1,63,inf
RL_Full,10,2,1,1,64,inf
RL_Full,10,2,1,1,65,inf
RL_Full,10,2,1,1,66,inf
RL_Full,10,2,1,1,67,inf
RL_Full,10,2,1,1,68,inf
RL_Full,10,2,1,1,69,inf
RL_Full,10,2,1,1,70,inf
RL_Full,10,2,1,1,71,inf
RL_Full,10,2,1,1,72,inf
RL_Full,10,2,1,1,73,inf
RL_Full,10,2,1,1,74,inf
RL_Full,10,2,1,1,75,inf
RL_Full,10,2,1,1,76,inf
RL_Full,10,2,1,1,77,inf
RL_Full,10,2,1,1,78,inf
RL_Full,10,2,1,1,79,inf
RL_Full,10,2,1,1,80,inf
RL_Full,10,2,1,1,81,inf
RL_Full,10,2,1,1,82,inf
RL_Full,10,2,1,1,83,inf
RL_Full,10,2,1,1,84,inf
RL_Full,10,2,1,1,85,inf
RL_Full,10,2,1,1,86,inf
RL_Full,10,2,1,1,87,inf
RL_Full,10,2,1,1,88,inf
RL_Full,10,2,1,1,89,inf
RL_Full,10,2,1,1,90,inf
RL_Full,10,2,1,1,91,inf
RL_Full,10,2,1,1,92,inf
RL_Full,10,2,1,1,93,inf
RL_Full,10,2,1,1,94,inf
RL_Full,10,2,1,1,95,inf
RL_Full,10,2,1,1,96,inf
RL_Full,10,2,1,1,97,inf
RL_Full,10,2,1,1,98,inf
RL_Full,10,2,1,1,99,inf
RL_Full,10,2,1,1,100,inf
Random,10,2,1,2,1,inf
Random,10,2,1,2,2,inf
Random,10,2,1,2,3,inf
Random,10,2,1,2,4,inf
Random,10,2,1,2,5,inf
Random,10,2,1,2,6,inf
Random,10,2,1,2,7,inf
Random,10,2,1,2,8,-990.7343163328561
Random,10,2,1,2,9,-990.7343163328561
Random,10,2,1,2,10,-990.7343163328561
Random,10,2,1,2,11,-990.7343163328561
Random,10,2,1,2,12,-990.7343163328561
Random,10,2,1,2,13,-990.7343163328561
Random,10,2,1,2,14,-990.7343163328561
Random,10,2,1,2,15,-990.7343163328561
Random,10,2,1,2,16,-990.7343163328561
Random,10,2,1,2,17,-990.7343163328561
Random,10,2,1,2,18,-990.7343163328561
Random,10,2,1,2,19,-990.7343163328561
Random,10,2,1,2,20,-990.7343163328561
Random,10,2,1,2,21,-990.7343163328561
Random,10,2,1,2,22,-990.7343163328561
Random,10,2,1,2,23,-990.7343163328561
Random,10,2,1,2,24,-990.7343163328561
Random,10,2,1,2,25,-990.7343163328561
Random,10,2,1,2,26,-990.7343163328561
Random,10,2,1,2,27,-990.7343163328561
Random,10,2,1,2,28,-1317.7090610685175
Random,10,2,1,2,29,-1317.7090610685175
Random,10,2,1,2,30,-1317.7090610685175
Random,10,2,1,2,31,-1317.7090610685175
Random,10,2,1,2,32,-1317.7090610685175
Random,10,2,1,2,33,-1317.7090610685175
Random,10,2,1,2,34,-1317.7090610685175
Random,10,2,1,2,35,-1317.7090610685175
Random,10,2,1,2,36,-1317.7090610685175
Random,10,2,1,2,37,-1317.7090610685175
Random,10,2,1,2,38,-1317.7090610685175
Random,10,2,1,2,39,-1317.7090610685175
Random,10,2,1,2,40,-1317.7090610685175
Random,10,2,1,2,41,-1317.7090610685175
Random,10,2,1,2,42,-1317.7090610685175
Random,10,2,1,2,43,-1317.7090610685175
Random,10,2,1,2,44,-1317.7090610685175
Random,10,2,1,2,45,-1317.7090610685175
Random,10,2,1,2,46,-1317.7090610685175
Random,10,2,1,2,47,-1317.7090610685175
Random,10,2,1,2,48,-1317.7090610685175
Random,10,2,1,2,49,-1317.7090610685175
Random,10,2,1,2,50,-1317.7090610685175
Random,10,2,1,2,51,-1317.7090610685175
Random,10,2,1,2,52,-1317.7090610685175
Random,10,2,1,2,53,-1317.7090610685175
Random,10,2,1,2,54,-1317.7090610685175
Random,10,2,1,2,55,-1317.7090610685175
Random,10,2,1,2,56,-1317.7090610685175
Random,10,2,1,2,57,-1317.7090610685175
Random,10,2,1,2,58,-1317.7090610685175
Random,10,2,1,2,59,-1317.7090610685175
Random,10,2,1,2,60,-1317.7090610685175
Random,10,2,1,2,61,-1317.7090610685175
Random,10,2,1,2,62,-1317.7090610685175
Random,10,2,1,2,63,-1317.7090610685175
Random,10,2,1,2,64,-1317.7090610685175
Random,10,2,1,2,65,-1317.7090610685175
Random,10,2,1,2,66,-1317.7090610685175
Random,10,2,1,2,67,-1317.7090610685175
Random,10,2,1,2,68,-1317.7090610685175
Random,10,2,1,2,69,-1317.7090610685175
Random,10,2,1,2,70,-1317.7090610685175
Random,10,2,1,2,71,-1317.7090610685175
Random,10,2,1,2,72,-1317.7090610685175
Random,10,2,1,2,73,-1317.7090610685175
Random,10,2,1,2,74,-1317.7090610685175
Random,10,2,1,2,75,-1317.7090610685175
Random,10,2,1,2,76,-1317.7090610685175
Random,10,2,1,2,77,-1317.7090610685175
Random,10,2,1,2,78,-1317.7090610685175
Random,10,2,1,2,79,-1317.7090610685175
Random,10,2,1,2,80,-1317.7090610685175
Random,10,2,1,2,81,-1317.7090610685175
Random,10,2,1,2,82,-1317.7090610685175
Random,10,2,1,2,83,-1317.7090610685175
Random,10,2,1,2,84,-1317.7090610685175
Random,10,2,1,2,85,-1317.7090610685175
Random,10,2,1,2,86,-1317.7090610685175
Random,10,2,1,2,87,-1317.7090610685175
Random,10,2,1,2,88,-1317.7090610685175
Random,10,2,1,2,89,-1317.7090610685175
Random,10,2,1,2,90,-1317.7090610685175
Random,10,2,1,2,91,-1317.7090610685175
Random,10,2,1,2,92,-1317.7090610685175
Random,10,2,1,2,93,-1317.7090610685175
Random,10,2,1,2,94,-1317.7090610685175
Random,10,2,1,2,95,-1317.7090610685175
Random,10,2,1,2,96,-1317.7090610685175
Random,10,2,1,2,97,-1317.7090610685175
Random,10,2,1,2,98,-1317.7090610685175
Random,10,2,1,2,99,-1317.7090610685175
Random,10,2,1,2,100,-1317.7090610685175
qLogEI,10,2,1,2,1,inf
qLogEI,10,2,1,2,2,inf
qLogEI,10,2,1,2,3,inf
qLogEI,10,2,1,2,4,inf
qLogEI,10,2,1,2,5,inf
qLogEI,10,2,1,2,6,inf
qLogEI,10,2,1,2,7,inf
qLogEI,10,2,1,2,8,-990.7343163328561
qLogEI,10,2,1,2,9,-990.7343163328561
qLogEI,10,2,1,2,10,-990.7343163328561
qLogEI,10,2,1,2,11,-990.7343163328561
qLogEI,10,2,1,2,12,-990.7343163328561
qLogEI,10,2,1,2,13,-990.7343163328561
qLogEI,10,2,1,2,14,-990.7343163328561
qLogEI,10,2,1,2,15,-990.7343163328561
qLogEI,10,2,1,2,16,-990.7343163328561
qLogEI,10,2,1,2,17,-990.7343163328561
qLogEI,10,2,1,2,18,-990.7343163328561
qLogEI,10,2,1,2,19,-990.7343163328561
qLogEI,10,2,1,2,20,-990.7343163328561
qLogEI,10,2,1,2,21,-990.7343163328561
qLogEI,10,2,1,2,22,-990.7343163328561
qLogEI,10,2,1,2,23,-990.7343163328561
qLogEI,10,2,1,2,24,-990.7343163328561
qLogEI,10,2,1,2,25,-990.7343163328561
qLogEI,10,2,1,2,26,-990.7343163328561
qLogEI,10,2,1,2,27,-990.7343163328561
qLogEI,10,2,1,2,28,-990.7343163328561
qLogEI,10,2,1,2,29,-990.7343163328561
qLogEI,10,2,1,2,30,-990.7343163328561
qLogEI,10,2,1,2,31,-990.7343163328561
qLogEI,10,2,1,2,32,-990.7343163328561
qLogEI,10,2,1,2,33,-990.7343163328561
qLogEI,10,2,1,2,34,-990.7343163328561
qLogEI,10,2,1,2,35,-990.7343163328561
qLogEI,10,2,1,2,36,-990.7343163328561
qLogEI,10,2,1,2,37,-990.7343163328561
qLogEI,10,2,1,2,38,-990.7343163328561
qLogEI,10,2,1,2,39,-990.7343163328561
qLogEI,10,2,1,2,40,-990.7343163328561
qLogEI,10,2,1,2,41,-990.7343163328561
qLogEI,10,2,1,2,42,-990.7343163328561
qLogEI,10,2,1,2,43,-990.7343163328561
qLogEI,10,2,1,2,44,-990.7343163328561
qLogEI,10,2,1,2,45,-990.7343163328561
qLogEI,10,2,1,2,46,-990.7343163328561
qLogEI,10,2,1,2,47,-990.7343163328561
qLogEI,10,2,1,2,48,-990.7343163328561
qLogEI,10,2,1,2,49,-990.7343163328561
qLogEI,10,2,1,2,50,-990.7343163328561
qLogEI,10,2,1,2,51,-990.7343163328561
qLogEI,10,2,1,2,52,-990.7343163328561
qLogEI,10,2,1,2,53,-990.7343163328561
qLogEI,10,2,1,2,54,-990.7343163328561
qLogEI,10,2,1,2,55,-990.7343163328561
qLogEI,10,2,1,2,56,-990.7343163328561
qLogEI,10,2,1,2,57,-990.7343163328561
qLogEI,10,2,1,2,58,-1704.7506856383625
qLogEI,10,2,1,2,59,-1704.7506856383625
qLogEI,10,2,1,2,60,-1704.7506856383625
qLogEI,10,2,1,2,61,-1704.7506856383625
qLogEI,10,2,1,2,62,-1704.7506856383625
qLogEI,10,2,1,2,63,-1704.7506856383625
qLogEI,10,2,1,2,64,-1704.7506856383625
qLogEI,10,2,1,2,65,-1704.7506856383625
qLogEI,10,2,1,2,66,-1704.7506856383625
qLogEI,10,2,1,2,67,-1704.7506856383625
qLogEI,10,2,1,2,68,-1704.7506856383625
qLogEI,10,2,1,2,69,-1704.7506856383625
qLogEI,10,2,1,2,70,-1704.7506856383625
qLogEI,10,2,1,2,71,-1704.7506856383625
qLogEI,10,2,1,2,72,-1704.7506856383625
qLogEI,10,2,1,2,73,-1704.7506856383625
qLogEI,10,2,1,2,74,-1704.7506856383625
qLogEI,10,2,1,2,75,-1704.7506856383625
qLogEI,10,2,1,2,76,-1704.7506856383625
qLogEI,10,2,1,2,77,-1704.7506856383625
qLogEI,10,2,1,2,78,-1704.7506856383625
qLogEI,10,2,1,2,79,-1704.7506856383625
qLogEI,10,2,1,2,80,-1704.7506856383625
qLogEI,10,2,1,2,81,-1704.7506856383625
qLogEI,10,2,1,2,82,-1704.7506856383625
qLogEI,10,2,1,2,83,-1704.7506856383625
qLogEI,10,2,1,2,84,-1704.7506856383625
qLogEI,10,2,1,2,85,-1704.7506856383625
qLogEI,10,2,1,2,86,-1704.7506856383625
qLogEI,10,2,1,2,87,-1704.7506856383625
qLogEI,10,2,1,2,88,-1704.7506856383625
qLogEI,10,2,1,2,89,-1704.7506856383625
qLogEI,10,2,1,2,90,-1704.7506856383625
qLogEI,10,2,1,2,91,-1704.7506856383625
qLogEI,10,2,1,2,92,-1704.7506856383625
qLogEI,10,2,1,2,93,-1704.7506856383625
qLogEI,10,2,1,2,94,-1704.7506856383625
qLogEI,10,2,1,2,95,-1704.7506856383625
qLogEI,10,2,1,2,96,-1704.7506856383625
qLogEI,10,2,1,2,97,-1704.7506856383625
qLogEI,10,2,1,2,98,-1704.7506856383625
qLogEI,10,2,1,2,99,-1704.7506856383625
qLogEI,10,2,1,2,100,-1704.7506856383625
RL_Full,10,2,1,2,1,inf
RL_Full,10,2,1,2,2,inf
RL_Full,10,2,1,2,3,inf
RL_Full,10,2,1,2,4,inf
RL_Full,10,2,1,2,5,inf
RL_Full,10,2,1,2,6,inf
RL_Full,10,2,1,2,7,inf
RL_Full,10,2,1,2,8,-990.7343163328561
RL_Full,10,2,1,2,9,-990.7343163328561
RL_Full,10,2,1,2,10,-990.7343163328561
RL_Full,10,2,1,2,11,-990.7343163328561
RL_Full,10,2,1,2,12,-990.7343163328561
RL_Full,10,2,1,2,13,-990.7343163328561
RL_Full,10,2,1,2,14,-990.7343163328561
RL_Full,10,2,1,2,15,-990.7343163328561
RL_Full,10,2,1,2,16,-990.7343163328561
RL_Full,10,2,1,2,17,-990.7343163328561
RL_Full,10,2,1,2,18,-990.7343163328561
RL_Full,10,2,1,2,19,-990.7343163328561
RL_Full,10,2,1,2,20,-990.7343163328561
RL_Full,10,2,1,2,21,-990.7343163328561
RL_Full,10,2,1,2,22,-990.7343163328561
RL_Full,10,2,1,2,23,-990.7343163328561
RL_Full,10,2,1,2,24,-990.7343163328561
RL_Full,10,2,1,2,25,-990.7343163328561
RL_Full,10,2,1,2,26,-990.7343163328561
RL_Full,10,2,1,2,27,-990.7343163328561
RL_Full,10,2,1,2,28,-990.7343163328561
RL_Full,10,2,1,2,29,-990.7343163328561
RL_Full,10,2,1,2,30,-990.7343163328561
RL_Full,10,2,1,2,31,-990.7343163328561
RL_Full,10,2,1,2,32,-990.7343163328561
RL_Full,10,2,1,2,33,-990.7343163328561
RL_Full,10,2,1,2,34,-990.7343163328561
RL_Full,10,2,1,2,35,-990.7343163328561
RL_Full,10,2,1,2,36,-990.7343163328561
RL_Full,10,2,1,2,37,-990.7343163328561
RL_Full,10,2,1,2,38,-990.7343163328561
RL_Full,10,2,1,2,39,-990.7343163328561
RL_Full,10,2,1,2,40,-990.7343163328561
RL_Full,10,2,1,2,41,-990.7343163328561
RL_Full,10,2,1,2,42,-990.7343163328561
RL_Full,10,2,1,2,43,-990.7343163328561
RL_Full,10,2,1,2,44,-990.7343163328561
RL_Full,10,2,1,2,45,-990.7343163328561
RL_Full,10,2,1,2,46,-990.7343163328561
RL_Full,10,2,1,2,47,-990.7343163328561
RL_Full,10,2,1,2,48,-990.7343163328561
RL_Full,10,2,1,2,49,-990.7343163328561
RL_Full,10,2,1,2,50,-990.7343163328561
RL_Full,10,2,1,2,51,-990.7343163328561
RL_Full,10,2,1,2,52,-990.7343163328561
RL_Full,10,2,1,2,53,-990.7343163328561
RL_Full,10,2,1,2,54,-990.7343163328561
RL_Full,10,2,1,2,55,-990.7343163328561
RL_Full,10,2,1,2,56,-990.7343163328561
RL_Full,10,2,1,2,57,-990.7343163328561
RL_Full,10,2,1,2,58,-990.7343163328561
RL_Full,10,2,1,2,59,-990.7343163328561
RL_Full,10,2,1,2,60,-990.7343163328561
RL_Full,10,2,1,2,61,-990.7343163328561
RL_Full,10,2,1,2,62,-990.7343163328561
RL_Full,10,2,1,2,63,-990.7343163328561
RL_Full,10,2,1,2,64,-990.7343163328561
RL_Full,10,2,1,2,65,-990.7343163328561
RL_Full,10,2,1,2,66,-990.7343163328561
RL_Full,10,2,1,2,67,-990.7343163328561
RL_Full,10,2,1,2,68,-990.7343163328561
RL_Full,10,2,1,2,69,-990.7343163328561
RL_Full,10,2,1,2,70,-990.7343163328561
RL_Full,10,2,1,2,71,-990.7343163328561
RL_Full,10,2,1,2,72,-990.7343163328561
RL_Full,10,2,1,2,73,-990.7343163328561
RL_Full,10,2,1,2,74,-990.7343163328561
RL_Full,10,2,1,2,75,-990.7343163328561
RL_Full,10,2,1,2,76,-990.7343163328561
RL_Full,10,2,1,2,77,-990.7343163328561
RL_Full,10,2,1,2,78,-990.7343163328561
RL_Full,10,2,1,2,79,-990.7343163328561
RL_Full,10,2,1,2,80,-990.7343163328561
RL_Full,10,2,1,2,81,-990.7343163328561
RL_Full,10,2,1,2,82,-990.7343163328561
RL_Full,10,2,1,2,83,-990.7343163328561
RL_Full,10,2,1,2,84,-990.7343163328561
RL_Full,10,2,1,2,85,-990.7343163328561
RL_Full,10,2,1,2,86,-990.7343163328561
RL_Full,10,2,1,2,87,-990.7343163328561
RL_Full,10,2,1,2,88,-990.7343163328561
RL_Full,10,2,1,2,89,-990.7343163328561
RL_Full,10,2,1,2,90,-990.7343163328561
RL_Full,10,2,1,2,91,-990.7343163328561
RL_Full,10,2,1,2,92,-990.7343163328561
RL_Full,10,2,1,2,93,-990.7343163328561
RL_Full,10,2,1,2,94,-990.7343163328561
RL_Full,10,2,1,2,95,-990.7343163328561
RL_Full,10,2,1,2,96,-990.7343163328561
RL_Full,10,2,1,2,97,-990.7343163328561
RL_Full,10,2,1,2,98,-990.7343163328561
RL_Full,10,2,1,2,99,-990.7343163328561
RL_Full,10,2,1,2,100,-990.7343163328561
Random,10,2,1,3,1,inf
Random,10,2,1,3,2,inf
Random,10,2,1,3,3,inf
Random,10,2,1,3,4,inf
Random,10,2,1,3,5,inf
Random,10,2,1,3,6,-465.66309781992743
Random,10,2,1,3,7,-465.66309781992743
Random,10,2,1,3,8,-465.66309781992743
Random,10,2,1,3,9,-465.66309781992743
Random,10,2,1,3,10,-465.66309781992743
Random,10,2,1,3,11,-465.66309781992743
Random,10,2,1,3,12,-465.66309781992743
Random,10,2,1,3,13,-465.66309781992743
Random,10,2,1,3,14,-465.66309781992743
Random,10,2,1,3,15,-465.66309781992743
Random,10,2,1,3,16,-465.66309781992743
Random,10,2,1,3,17,-465.66309781992743
Random,10,2,1,3,18,-465.66309781992743
Random,10,2,1,3,19,-465.66309781992743
Random,10,2,1,3,20,-465.66309781992743
Random,10,2,1,3,21,-465.66309781992743
Random,10,2,1,3,22,-465.66309781992743
Random,10,2,1,3,23,-465.66309781992743
Random,10,2,1,3,24,-465.66309781992743
Random,10,2,1,3,25,-465.66309781992743
Random,10,2,1,3,26,-465.66309781992743
Random,10,2,1,3,27,-465.66309781992743
Random,10,2,1,3,28,-465.66309781992743
Random,10,2,1,3,29,-465.66309781992743
Random,10,2,1,3,30,-465.66309781992743
Random,10,2,1,3,31,-465.66309781992743
Random,10,2,1,3,32,-465.66309781992743
Random,10,2,1,3,33,-465.66309781992743
Random,10,2,1,3,34,-465.66309781992743
Random,10,2,1,3,35,-465.66309781992743
Random,10,2,1,3,36,-465.66309781992743
Random,10,2,1,3,37,-465.66309781992743
Random,10,2,1,3,38,-465.66309781992743
Random,10,2,1,3,39,-465.66309781992743
Random,10,2,1,3,40,-465.66309781992743
Random,10,2,1,3,41,-465.66309781992743
Random,10,2,1,3,42,-465.66309781992743
Random,10,2,1,3,43,-465.66309781992743
Random,10,2,1,3,44,-465.66309781992743
Random,10,2,1,3,45,-465.66309781992743
Random,10,2,1,3,46,-465.66309781992743
Random,10,2,1,3,47,-465.66309781992743
Random,10,2,1,3,48,-465.66309781992743
Random,10,2,1,3,49,-465.66309781992743
Random,10,2,1,3,50,-465.66309781992743
Random,10,2,1,3,51,-465.66309781992743
Random,10,2,1,3,52,-465.66309781992743
Random,10,2,1,3,53,-465.66309781992743
Random,10,2,1,3,54,-465.66309781992743
Random,10,2,1,3,55,-465.66309781992743
Random,10,2,1,3,56,-465.66309781992743
Random,10,2,1,3,57,-465.66309781992743
Random,10,2,1,3,58,-465.66309781992743
Random,10,2,1,3,59,-465.66309781992743
Random,10,2,1,3,60,-465.66309781992743
Random,10,2,1,3,61,-465.66309781992743
Random,10,2,1,3,62,-465.66309781992743
Random,10,2,1,3,63,-465.66309781992743
Random,10,2,1,3,64,-465.66309781992743
Random,10,2,1,3,65,-465.66309781992743
Random,10,2,1,3,66,-465.66309781992743
Random,10,2,1,3,67,-465.66309781992743
Random,10,2,1,3,68,-465.66309781992743
Random,10,2,1,3,69,-465.66309781992743
Random,10,2,1,3,70,-465.66309781992743
Random,10,2,1,3,71,-465.66309781992743
Random,10,2,1,3,72,-465.66309781992743
Random,10,2,1,3,73,-465.66309781992743
Random,10,2,1,3,74,-465.66309781992743
Random,10,2,1,3,75,-465.66309781992743
Random,10,2,1,3,76,-465.66309781992743
Random,10,2,1,3,77,-465.66309781992743
Random,10,2,1,3,78,-465.66309781992743
Random,10,2,1,3,79,-465.66309781992743
Random,10,2,1,3,80,-465.66309781992743
Random,10,2,1,3,81,-465.66309781992743
Random,10,2,1,3,82,-465.66309781992743
Random,10,2,1,3,83,-465.66309781992743
Random,10,2,1,3,84,-465.66309781992743
Random,10,2,1,3,85,-465.66309781992743
Random,10,2,1,3,86,-465.66309781992743
Random,10,2,1,3,87,-465.66309781992743
Random,10,2,1,3,88,-465.66309781992743
Random,10,2,1,3,89,-465.66309781992743
Random,10,2,1,3,90,-465.66309781992743
Random,10,2,1,3,91,-465.66309781992743
Random,10,2,1,3,92,-465.66309781992743
Random,10,2,1,3,93,-465.66309781992743
Random,10,2,1,3,94,-465.66309781992743
Random,10,2,1,3,95,-465.66309781992743
Random,10,2,1,3,96,-465.66309781992743
Random,10,2,1,3,97,-465.66309781992743
Random,10,2,1,3,98,-465.66309781992743
Random,10,2,1,3,99,-465.66309781992743
Random,10,2,1,3,100,-465.66309781992743
qLogEI,10,2,1,3,1,inf
qLogEI,10,2,1,3,2,inf
qLogEI,10,2,1,3,3,inf
qLogEI,10,2,1,3,4,inf
qLogEI,10,2,1,3,5,inf
qLogEI,10,2,1,3,6,-465.66309781992743
qLogEI,10,2,1,3,7,-465.66309781992743
qLogEI,10,2,1,3,8,-465.66309781992743
qLogEI,10,2,1,3,9,-465.66309781992743
qLogEI,10,2,1,3,10,-465.66309781992743
qLogEI,10,2,1,3,11,-465.66309781992743
qLogEI,10,2,1,3,12,-465.66309781992743
qLogEI,10,2,1,3,13,-465.66309781992743
qLogEI,10,2,1,3,14,-465.66309781992743
qLogEI,10,2,1,3,15,-465.66309781992743
qLogEI,10,2,1,3,16,-465.66309781992743
qLogEI,10,2,1,3,17,-465.66309781992743
qLogEI,10,2,1,3,18,-465.66309781992743
qLogEI,10,2,1,3,19,-465.66309781992743
qLogEI,10,2,1,3,20,-465.66309781992743
qLogEI,10,2,1,3,21,-465.66309781992743
qLogEI,10,2,1,3,22,-465.66309781992743
qLogEI,10,2,1,3,23,-465.66309781992743
qLogEI,10,2,1,3,24,-465.66309781992743
qLogEI,10,2,1,3,25,-465.66309781992743
qLogEI,10,2,1,3,26,-465.66309781992743
qLogEI,10,2,1,3,27,-465.66309781992743
qLogEI,10,2,1,3,28,-465.66309781992743
qLogEI,10,2,1,3,29,-465.66309781992743
qLogEI,10,2,1,3,30,-465.66309781992743
qLogEI,10,2,1,3,31,-465.66309781992743
qLogEI,10,2,1,3,32,-465.66309781992743
qLogEI,10,2,1,3,33,-465.66309781992743
qLogEI,10,2,1,3,34,-465.66309781992743
qLogEI,10,2,1,3,35,-465.66309781992743
qLogEI,10,2,1,3,36,-465.66309781992743
qLogEI,10,2,1,3,37,-465.66309781992743
qLogEI,10,2,1,3,38,-465.66309781992743
qLogEI,10,2,1,3,39,-465.66309781992743
qLogEI,10,2,1,3,40,-465.66309781992743
qLogEI,10,2,1,3,41,-1445.8104436713506
qLogEI,10,2,1,3,42,-1445.8104436713506
qLogEI,10,2,1,3,43,-1445.8104436713506
qLogEI,10,2,1,3,44,-1445.8104436713506
qLogEI,10,2,1,3,45,-1445.8104436713506
qLogEI,10,2,1,3,46,-1445.8104436713506
qLogEI,10,2,1,3,47,-1445.8104436713506
qLogEI,10,2,1,3,48,-1445.8104436713506
qLogEI,10,2,1,3,49,-1445.8104436713506
qLogEI,10,2,1,3,50,-1445.8104436713506
qLogEI,10,2,1,3,51,-1445.8104436713506
qLogEI,10,2,1,3,52,-1445.8104436713506
qLogEI,10,2,1,3,53,-1445.8104436713506
qLogEI,10,2,1,3,54,-1445.8104436713506
qLogEI,10,2,1,3,55,-1445.8104436713506
qLogEI,10,2,1,3,56,-1445.8104436713506
qLogEI,10,2,1,3,57,-1445.8104436713506
qLogEI,10,2,1,3,58,-1445.8104436713506
qLogEI,10,2,1,3,59,-1445.8104436713506
qLogEI,10,2,1,3,60,-1445.8104436713506
qLogEI,10,2,1,3,61,-1445.8104436713506
qLogEI,10,2,1,3,62,-1445.8104436713506
qLogEI,10,2,1,3,63,-1445.8104436713506
qLogEI,10,2,1,3,64,-1445.8104436713506
qLogEI,10,2,1,3,65,-1445.8104436713506
qLogEI,10,2,1,3,66,-1445.8104436713506
qLogEI,10,2,1,3,67,-1445.8104436713506
qLogEI,10,2,1,3,68,-1445.8104436713506
qLogEI,10,2,1,3,69,-1445.8104436713506
qLogEI,10,2,1,3,70,-1445.8104436713506
qLogEI,10,2,1,3,71,-1445.8104436713506
qLogEI,10,2,1,3,72,-1445.8104436713506
qLogEI,10,2,1,3,73,-1445.8104436713506
qLogEI,10,2,1,3,74,-1445.8104436713506
qLogEI,10,2,1,3,75,-1445.8104436713506
qLogEI,10,2,1,3,76,-1445.8104436713506
qLogEI,10,2,1,3,77,-1445.8104436713506
qLogEI,10,2,1,3,78,-1445.8104436713506
qLogEI,10,2,1,3,79,-1445.8104436713506
qLogEI,10,2,1,3,80,-1445.8104436713506
qLogEI,10,2,1,3,81,-1445.8104436713506
qLogEI,10,2,1,3,82,-1445.8104436713506
qLogEI,10,2,1,3,83,-1445.8104436713506
qLogEI,10,2,1,3,84,-1445.8104436713506
qLogEI,10,2,1,3,85,-1445.8104436713506
qLogEI,10,2,1,3,86,-1445.8104436713506
qLogEI,10,2,1,3,87,-1445.8104436713506
qLogEI,10,2,1,3,88,-1445.8104436713506
qLogEI,10,2,1,3,89,-1445.8104436713506
qLogEI,10,2,1,3,90,-1445.8104436713506
qLogEI,10,2,1,3,91,-1445.8104436713506
qLogEI,10,2,1,3,92,-1445.8104436713506
qLogEI,10,2,1,3,93,-1445.8104436713506
qLogEI,10,2,1,3,94,-1445.8104436713506
qLogEI,10,2,1,3,95,-1445.8104436713506
qLogEI,10,2,1,3,96,-1445.8104436713506
qLogEI,10,2,1,3,97,-1445.8104436713506
qLogEI,10,2,1,3,98,-1445.8104436713506
qLogEI,10,2,1,3,99,-1445.8104436713506
qLogEI,10,2,1,3,100,-1445.8104436713506
RL_Full,10,2,1,3,1,inf
RL_Full,10,2,1,3,2,inf
RL_Full,10,2,1,3,3,inf
RL_Full,10,2,1,3,4,inf
RL_Full,10,2,1,3,5,inf
RL_Full,10,2,1,3,6,-465.66309781992743
RL_Full,10,2,1,3,7,-465.66309781992743
RL_Full,10,2,1,3,8,-465.66309781992743
RL_Full,10,2,1,3,9,-465.66309781992743
RL_Full,10,2,1,3,10,-465.66309781992743
RL_Full,10,2,1,3,11,-465.66309781992743
RL_Full,10,2,1,3,12,-465.66309781992743
RL_Full,10,2,1,3,13,-465.66309781992743
RL_Full,10,2,1,3,14,-465.66309781992743
RL_Full,10,2,1,3,15,-465.66309781992743
RL_Full,10,2,1,3,16,-465.66309781992743
RL_Full,10,2,1,3,17,-465.66309781992743
RL_Full,10,2,1,3,18,-465.66309781992743
RL_Full,10,2,1,3,19,-465.66309781992743
RL_Full,10,2,1,3,20,-465.66309781992743
RL_Full,10,2,1,3,21,-465.66309781992743
RL_Full,10,2,1,3,22,-465.66309781992743
RL_Full,10,2,1,3,23,-465.66309781992743
RL_Full,10,2,1,3,24,-465.66309781992743
RL_Full,10,2,1,3,25,-465.66309781992743
RL_Full,10,2,1,3,26,-465.66309781992743
RL_Full,10,2,1,3,27,-465.66309781992743
RL_Full,10,2,1,3,28,-465.66309781992743
RL_Full,10,2,1,3,29,-465.66309781992743
RL_Full,10,2,1,3,30,-465.66309781992743
RL_Full,10,2,1,3,31,-465.66309781992743
RL_Full,10,2,1,3,32,-465.66309781992743
RL_Full,10,2,1,3,33,-465.66309781992743
RL_Full,10,2,1,3,34,-465.66309781992743
RL_Full,10,2,1,3,35,-465.66309781992743
RL_Full,10,2,1,3,36,-465.66309781992743
RL_Full,10,2,1,3,37,-465.66309781992743
RL_Full,10,2,1,3,38,-465.66309781992743
RL_Full,10,2,1,3,39,-465.66309781992743
RL_Full,10,2,1,3,40,-465.66309781992743
RL_Full,10,2,1,3,41,-465.66309781992743
RL_Full,10,2,1,3,42,-465.66309781992743
RL_Full,10,2,1,3,43,-465.66309781992743
RL_Full,10,2,1,3,44,-465.66309781992743
RL_Full,10,2,1,3,45,-465.66309781992743
RL_Full,10,2,1,3,46,-465.66309781992743
RL_Full,10,2,1,3,47,-465.66309781992743
RL_Full,10,2,1,3,48,-465.66309781992743
RL_Full,10,2,1,3,49,-465.66309781992743
RL_Full,10,2,1,3,50,-465.66309781992743
RL_Full,10,2,1,3,51,-465.66309781992743
RL_Full,10,2,1,3,52,-465.66309781992743
RL_Full,10,2,1,3,53,-465.66309781992743
RL_Full,10,2,1,3,54,-465.66309781992743
RL_Full,10,2,1,3,55,-465.66309781992743
RL_Full,10,2,1,3,56,-465.66309781992743
RL_Full,10,2,1,3,57,-465.66309781992743
RL_Full,10,2,1,3,58,-465.66309781992743
RL_Full,10,2,1,3,59,-465.66309781992743
RL_Full,10,2,1,3,60,-465.66309781992743
RL_Full,10,2,1,3,61,-465.66309781992743
RL_Full,10,2,1,3,62,-465.66309781992743
RL_Full,10,2,1,3,63,-465.66309781992743
RL_Full,10,2,1,3,64,-465.66309781992743
RL_Full,10,2,1,3,65,-465.66309781992743
RL_Full,10,2,1,3,66,-465.66309781992743
RL_Full,10,2,1,3,67,-465.66309781992743
RL_Full,10,2,1,3,68,-465.66309781992743
RL_Full,10,2,1,3,69,-465.66309781992743
RL_Full,10,2,1,3,70,-465.66309781992743
RL_Full,10,2,1,3,71,-465.66309781992743
RL_Full,10,2,1,3,72,-465.66309781992743
RL_Full,10,2,1,3,73,-465.66309781992743
RL_Full,10,2,1,3,74,-465.66309781992743
RL_Full,10,2,1,3,75,-465.66309781992743
RL_Full,10,2,1,3,76,-465.66309781992743
RL_Full,10,2,1,3,77,-465.66309781992743
RL_Full,10,2,1,3,78,-465.66309781992743
RL_Full,10,2,1,3,79,-465.66309781992743
RL_Full,10,2,1,3,80,-465.66309781992743
RL_Full,10,2,1,3,81,-465.66309781992743
RL_Full,10,2,1,3,82,-465.66309781992743
RL_Full,10,2,1,3,83,-465.66309781992743
RL_Full,10,2,1,3,84,-465.66309781992743
RL_Full,10,2,1,3,85,-465.66309781992743
RL_Full,10,2,1,3,86,-465.66309781992743
RL_Full,10,2,1,3,87,-465.66309781992743
RL_Full,10,2,1,3,88,-465.66309781992743
RL_Full,10,2,1,3,89,-465.66309781992743
RL_Full,10,2,1,3,90,-465.66309781992743
RL_Full,10,2,1,3,91,-465.66309781992743
RL_Full,10,2,1,3,92,-465.66309781992743
RL_Full,10,2,1,3,93,-465.66309781992743
RL_Full,10,2,1,3,94,-465.66309781992743
RL_Full,10,2,1,3,95,-465.66309781992743
RL_Full,10,2,1,3,96,-465.66309781992743
RL_Full,10,2,1,3,97,-465.66309781992743
RL_Full,10,2,1,3,98,-465.66309781992743
RL_Full,10,2,1,3,99,-465.66309781992743
RL_Full,10,2,1,3,100,-465.66309781992743
Random,10,2,1,4,1,-570.1492847065092
Random,10,2,1,4,2,-570.1492847065092
Random,10,2,1,4,3,-570.1492847065092
Random,10,2,1,4,4,-570.1492847065092
Random,10,2,1,4,5,-570.1492847065092
Random,10,2,1,4,6,-570.1492847065092
Random,10,2,1,4,7,-570.1492847065092
Random,10,2,1,4,8,-570.1492847065092
Random,10,2,1,4,9,-570.1492847065092
Random,10,2,1,4,10,-570.1492847065092
Random,10,2,1,4,11,-570.1492847065092
Random,10,2,1,4,12,-570.1492847065092
Random,10,2,1,4,13,-570.1492847065092
Random,10,2,1,4,14,-570.1492847065092
Random,10,2,1,4,15,-570.1492847065092
Random,10,2,1,4,16,-570.1492847065092
Random,10,2,1,4,17,-570.1492847065092
Random,10,2,1,4,18,-570.1492847065092
Random,10,2,1,4,19,-570.1492847065092
Random,10,2,1,4,20,-570.1492847065092
Random,10,2,1,4,21,-570.1492847065092
Random,10,2,1,4,22,-570.1492847065092
Random,10,2,1,4,23,-570.1492847065092
Random,10,2,1,4,24,-570.1492847065092
Random,10,2,1,4,25,-570.1492847065092
Random,10,2,1,4,26,-570.1492847065092
Random,10,2,1,4,27,-570.1492847065092
Random,10,2,1,4,28,-570.1492847065092
Random,10,2,1,4,29,-570.1492847065092
Random,10,2,1,4,30,-570.1492847065092
Random,10,2,1,4,31,-570.1492847065092
Random,10,2,1,4,32,-570.1492847065092
Random,10,2,1,4,33,-570.1492847065092
Random,10,2,1,4,34,-570.1492847065092
Random,10,2,1,4,35,-570.1492847065092
Random,10,2,1,4,36,-570.1492847065092
Random,10,2,1,4,37,-570.1492847065092
Random,10,2,1,4,38,-570.1492847065092
Random,10,2,1,4,39,-570.1492847065092
Random,10,2,1,4,40,-570.1492847065092
Random,10,2,1,4,41,-570.1492847065092
Random,10,2,1,4,42,-570.1492847065092
Random,10,2,1,4,43,-570.1492847065092
Random,10,2,1,4,44,-570.1492847065092
Random,10,2,1,4,45,-570.1492847065092
Random,10,2,1,4,46,-570.1492847065092
Random,10,2,1,4,47,-570.1492847065092
Random,10,2,1,4,48,-570.1492847065092
Random,10,2,1,4,49,-570.1492847065092
Random,10,2,1,4,50,-570.1492847065092
Random,10,2,1,4,51,-570.1492847065092
Random,10,2,1,4,52,-570.1492847065092
Random,10,2,1,4,53,-570.1492847065092
Random,10,2,1,4,54,-570.1492847065092
Random,10,2,1,4,55,-570.1492847065092
Random,10,2,1,4,56,-570.1492847065092
Random,10,2,1,4,57,-570.1492847065092
Random,10,2,1,4,58,-570.1492847065092
Random,10,2,1,4,59,-570.1492847065092
Random,10,2,1,4,60,-570.1492847065092
Random,10,2,1,4,61,-570.1492847065092
Random,10,2,1,4,62,-570.1492847065092
Random,10,2,1,4,63,-570.1492847065092
Random,10,2,1,4,64,-570.1492847065092
Random,10,2,1,4,65,-570.1492847065092
Random,10,2,1,4,66,-570.1492847065092
Random,10,2,1,4,67,-570.1492847065092
Random,10,2,1,4,68,-570.1492847065092
Random,10,2,1,4,69,-570.1492847065092
Random,10,2,1,4,70,-570.1492847065092
Random,10,2,1,4,71,-570.1492847065092
Random,10,2,1,4,72,-570.1492847065092
Random,10,2,1,4,73,-570.1492847065092
Random,10,2,1,4,74,-570.1492847065092
Random,10,2,1,4,75,-570.1492847065092
Random,10,2,1,4,76,-570.1492847065092
Random,10,2,1,4,77,-570.1492847065092
Random,10,2,1,4,78,-570.1492847065092
Random,10,2,1,4,79,-570.1492847065092
Random,10,2,1,4,80,-570.1492847065092
Random,10,2,1,4,81,-570.1492847065092
Random,10,2,1,4,82,-570.1492847065092
Random,10,2,1,4,83,-570.1492847065092
Random,10,2,1,4,84,-570.1492847065092
Random,10,2,1,4,85,-570.1492847065092
Random,10,2,1,4,86,-570.1492847065092
Random,10,2,1,4,87,-570.1492847065092
Random,10,2,1,4,88,-570.1492847065092
Random,10,2,1,4,89,-570.1492847065092
Random,10,2,1,4,90,-570.1492847065092
Random,10,2,1,4,91,-570.1492847065092
Random,10,2,1,4,92,-570.1492847065092
Random,10,2,1,4,93,-570.1492847065092
Random,10,2,1,4,94,-570.1492847065092
Random,10,2,1,4,95,-570.1492847065092
Random,10,2,1,4,96,-570.1492847065092
Random,10,2,1,4,97,-570.1492847065092
Random,10,2,1,4,98,-570.1492847065092
Random,10,2,1,4,99,-570.1492847065092
Random,10,2,1,4,100,-570.1492847065092
qLogEI,10,2,1,4,1,-570.1492847065092
qLogEI,10,2,1,4,2,-570.1492847065092
qLogEI,10,2,1,4,3,-570.1492847065092
qLogEI,10,2,1,4,4,-570.1492847065092
qLogEI,10,2,1,4,5,-570.1492847065092
qLogEI,10,2,1,4,6,-570.1492847065092
qLogEI,10,2,1,4,7,-570.1492847065092
qLogEI,10,2,1,4,8,-570.1492847065092
qLogEI,10,2,1,4,9,-570.1492847065092
qLogEI,10,2,1,4,10,-570.1492847065092
qLogEI,10,2,1,4,11,-570.1492847065092
qLogEI,10,2,1,4,12,-570.1492847065092
qLogEI,10,2,1,4,13,-570.1492847065092
qLogEI,10,2,1,4,14,-570.1492847065092
qLogEI,10,2,1,4,15,-570.1492847065092
qLogEI,10,2,1,4,16,-570.1492847065092
qLogEI,10,2,1,4,17,-570.1492847065092
qLogEI,10,2,1,4,18,-570.1492847065092
qLogEI,10,2,1,4,19,-570.1492847065092
qLogEI,10,2,1,4,20,-570.1492847065092
qLogEI,10,2,1,4,21,-570.1492847065092
qLogEI,10,2,1,4,22,-570.1492847065092
qLogEI,10,2,1,4,23,-570.1492847065092
qLogEI,10,2,1,4,24,-570.1492847065092
qLogEI,10,2,1,4,25,-570.1492847065092
qLogEI,10,2,1,4,26,-570.1492847065092
qLogEI,10,2,1,4,27,-570.1492847065092
qLogEI,10,2,1,4,28,-570.1492847065092
qLogEI,10,2,1,4,29,-570.1492847065092
qLogEI,10,2,1,4,30,-570.1492847065092
qLogEI,10,2,1,4,31,-570.1492847065092
qLogEI,10,2,1,4,32,-570.1492847065092
qLogEI,10,2,1,4,33,-570.1492847065092
qLogEI,10,2,1,4,34,-570.1492847065092
qLogEI,10,2,1,4,35,-570.1492847065092
qLogEI,10,2,1,4,36,-570.1492847065092
qLogEI,10,2,1,4,37,-570.1492847065092
qLogEI,10,2,1,4,38,-570.1492847065092
qLogEI,10,2,1,4,39,-570.1492847065092
qLogEI,10,2,1,4,40,-570.1492847065092
qLogEI,10,2,1,4,41,-570.1492847065092
qLogEI,10,2,1,4,42,-570.1492847065092
qLogEI,10,2,1,4,43,-1210.3269541189416
qLogEI,10,2,1,4,44,-1210.3269541189416
qLogEI,10,2,1,4,45,-1210.3269541189416
qLogEI,10,2,1,4,46,-1210.3269541189416
qLogEI,10,2,1,4,47,-1210.3269541189416
qLogEI,10,2,1,4,48,-1210.3269541189416
qLogEI,10,2,1,4,49,-1210.3269541189416
qLogEI,10,2,1,4,50,-1210.3269541189416
qLogEI,10,2,1,4,51,-1210.3269541189416
qLogEI,10,2,1,4,52,-1210.3269541189416
qLogEI,10,2,1,4,53,-1210.3269541189416
qLogEI,10,2,1,4,54,-1210.3269541189416
qLogEI,10,2,1,4,55,-1210.3269541189416
qLogEI,10,2,1,4,56,-1210.3269541189416
qLogEI,10,2,1,4,57,-1210.3269541189416
qLogEI,10,2,1,4,58,-1210.3269541189416
qLogEI,10,2,1,4,59,-1210.3269541189416
qLogEI,10,2,1,4,60,-1210.3269541189416
qLogEI,10,2,1,4,61,-1210.3269541189416
qLogEI,10,2,1,4,62,-1210.3269541189416
qLogEI,10,2,1,4,63,-1210.3269541189416
qLogEI,10,2,1,4,64,-1210.3269541189416
qLogEI,10,2,1,4,65,-1210.3269541189416
qLogEI,10,2,1,4,66,-1210.3269541189416
qLogEI,10,2,1,4,67,-1537.7616719222576
qLogEI,10,2,1,4,68,-1537.7616719222576
qLogEI,10,2,1,4,69,-1688.9654110593472
qLogEI,10,2,1,4,70,-1688.9654110593472
qLogEI,10,2,1,4,71,-1688.9654110593472
qLogEI,10,2,1,4,72,-1688.9654110593472
qLogEI,10,2,1,4,73,-1688.9654110593472
qLogEI,10,2,1,4,74,-1688.9654110593472
qLogEI,10,2,1,4,75,-1688.9654110593472
qLogEI,10,2,1,4,76,-1688.9654110593472
qLogEI,10,2,1,4,77,-1688.9654110593472
qLogEI,10,2,1,4,78,-1688.9654110593472
qLogEI,10,2,1,4,79,-1688.9654110593472
qLogEI,10,2,1,4,80,-1688.9654110593472
qLogEI,10,2,1,4,81,-1688.9654110593472
qLogEI,10,2,1,4,82,-1688.9654110593472
qLogEI,10,2,1,4,83,-1688.9654110593472
qLogEI,10,2,1,4,84,-1688.9654110593472
qLogEI,10,2,1,4,85,-1688.9654110593472
qLogEI,10,2,1,4,86,-1688.9654110593472
qLogEI,10,2,1,4,87,-1688.9654110593472
qLogEI,10,2,1,4,88,-1688.9654110593472
qLogEI,10,2,1,4,89,-1688.9654110593472
qLogEI,10,2,1,4,90,-1688.9654110593472
qLogEI,10,2,1,4,91,-1688.9654110593472
qLogEI,10,2,1,4,92,-1688.9654110593472
qLogEI,10,2,1,4,93,-1688.9654110593472
qLogEI,10,2,1,4,94,-1688.9654110593472
qLogEI,10,2,1,4,95,-1688.9654110593472
qLogEI,10,2,1,4,96,-1688.9654110593472
qLogEI,10,2,1,4,97,-1688.9654110593472
qLogEI,10,2,1,4,98,-1688.9654110593472
qLogEI,10,2,1,4,99,-1688.9654110593472
qLogEI,10,2,1,4,100,-1688.9654110593472
RL_Full,10,2,1,4,1,-570.1492847065092
RL_Full,10,2,1,4,2,-570.1492847065092
RL_Full,10,2,1,4,3,-570.1492847065092
RL_Full,10,2,1,4,4,-570.1492847065092
RL_Full,10,2,1,4,5,-570.1492847065092
RL_Full,10,2,1,4,6,-570.1492847065092
RL_Full,10,2,1,4,7,-570.1492847065092
RL_Full,10,2,1,4,8,-570.1492847065092
RL_Full,10,2,1,4,9,-570.1492847065092
RL_Full,10,2,1,4,10,-570.1492847065092
RL_Full,10,2,1,4,11,-570.1492847065092
RL_Full,10,2,1,4,12,-570.1492847065092
RL_Full,10,2,1,4,13,-570.1492847065092
RL_Full,10,2,1,4,14,-570.1492847065092
RL_Full,10,2,1,4,15,-570.1492847065092
RL_Full,10,2,1,4,16,-570.1492847065092
RL_Full,10,2,1,4,17,-570.1492847065092
RL_Full,10,2,1,4,18,-570.1492847065092
RL_Full,10,2,1,4,19,-570.1492847065092
RL_Full,10,2,1,4,20,-570.1492847065092
RL_Full,10,2,1,4,21,-570.1492847065092
RL_Full,10,2,1,4,22,-570.1492847065092
RL_Full,10,2,1,4,23,-570.1492847065092
RL_Full,10,2,1,4,24,-570.1492847065092
RL_Full,10,2,1,4,25,-570.1492847065092
RL_Full,10,2,1,4,26,-570.1492847065092
RL_Full,10,2,1,4,27,-570.1492847065092
RL_Full,10,2,1,4,28,-570.1492847065092
RL_Full,10,2,1,4,29,-570.1492847065092
RL_Full,10,2,1,4,30,-570.1492847065092
RL_Full,10,2,1,4,31,-570.1492847065092
RL_Full,10,2,1,4,32,-570.1492847065092
RL_Full,10,2,1,4,33,-570.1492847065092
RL_Full,10,2,1,4,34,-570.1492847065092
RL_Full,10,2,1,4,35,-570.1492847065092
RL_Full,10,2,1,4,36,-570.1492847065092
RL_Full,10,2,1,4,37,-570.1492847065092
RL_Full,10,2,1,4,38,-570.1492847065092
RL_Full,10,2,1,4,39,-570.1492847065092
RL_Full,10,2,1,4,40,-570.1492847065092
RL_Full,10,2,1,4,41,-570.1492847065092
RL_Full,10,2,1,4,42,-570.1492847065092
RL_Full,10,2,1,4,43,-570.1492847065092
RL_Full,10,2,1,4,44,-570.1492847065092
RL_Full,10,2,1,4,45,-570.1492847065092
RL_Full,10,2,1,4,46,-570.1492847065092
RL_Full,10,2,1,4,47,-570.1492847065092
RL_Full,10,2,1,4,48,-570.1492847065092
RL_Full,10,2,1,4,49,-570.1492847065092
RL_Full,10,2,1,4,50,-570.1492847065092
RL_Full,10,2,1,4,51,-570.1492847065092
RL_Full,10,2,1,4,52,-570.1492847065092
RL_Full,10,2,1,4,53,-570.1492847065092
RL_Full,10,2,1,4,54,-570.1492847065092
RL_Full,10,2,1,4,55,-570.1492847065092
RL_Full,10,2,1,4,56,-570.1492847065092
RL_Full,10,2,1,4,57,-570.1492847065092
RL_Full,10,2,1,4,58,-570.1492847065092
RL_Full,10,2,1,4,59,-570.1492847065092
RL_Full,10,2,1,4,60,-570.1492847065092
RL_Full,10,2,1,4,61,-570.1492847065092
RL_Full,10,2,1,4,62,-570.1492847065092
RL_Full,10,2,1,4,63,-570.1492847065092
RL_Full,10,2,1,4,64,-570.1492847065092
RL_Full,10,2,1,4,65,-570.1492847065092
RL_Full,10,2,1,4,66,-570.1492847065092
RL_Full,10,2,1,4,67,-570.1492847065092
RL_Full,10,2,1,4,68,-570.1492847065092
RL_Full,10,2,1,4,69,-570.1492847065092
RL_Full,10,2,1,4,70,-570.1492847065092
RL_Full,10,2,1,4,71,-570.1492847065092
RL_Full,10,2,1,4,72,-570.1492847065092
RL_Full,10,2,1,4,73,-570.1492847065092
RL_Full,10,2,1,4,74,-570.1492847065092
RL_Full,10,2,1,4,75,-570.1492847065092
RL_Full,10,2,1,4,76,-570.1492847065092
RL_Full,10,2,1,4,77,-570.1492847065092
RL_Full,10,2,1,4,78,-570.1492847065092
RL_Full,10,2,1,4,79,-570.1492847065092
RL_Full,10,2,1,4,80,-570.1492847065092
RL_Full,10,2,1,4,81,-570.1492847065092
RL_Full,10,2,1,4,82,-570.1492847065092
RL_Full,10,2,1,4,83,-570.1492847065092
RL_Full,10,2,1,4,84,-570.1492847065092
RL_Full,10,2,1,4,85,-570.1492847065092
RL_Full,10,2,1,4,86,-570.1492847065092
RL_Full,10,2,1,4,87,-570.1492847065092
RL_Full,10,2,1,4,88,-570.1492847065092
RL_Full,10,2,1,4,89,-570.1492847065092
RL_Full,10,2,1,4,90,-570.1492847065092
RL_Full,10,2,1,4,91,-570.1492847065092
RL_Full,10,2,1,4,92,-570.1492847065092
RL_Full,10,2,1,4,93,-570.1492847065092
RL_Full,10,2,1,4,94,-570.1492847065092
RL_Full,10,2,1,4,95,-570.1492847065092
RL_Full,10,2,1,4,96,-570.1492847065092
RL_Full,10,2,1,4,97,-570.1492847065092
RL_Full,10,2,1,4,98,-570.1492847065092
RL_Full,10,2,1,4,99,-570.1492847065092
RL_Full,10,2,1,4,100,-570.1492847065092
Random,10,2,2,0,1,inf
Random,10,2,2,0,2,inf
Random,10,2,2,0,3,inf
Random,10,2,2,0,4,inf
Random,10,2,2,0,5,inf
Random,10,2,2,0,6,inf
Random,10,2,2,0,7,inf
Random,10,2,2,0,8,inf
Random,10,2,2,0,9,inf
Random,10,2,2,0,10,inf
Random,10,2,2,0,11,inf
Random,10,2,2,0,12,inf
Random,10,2,2,0,13,inf
Random,10,2,2,0,14,inf
Random,10,2,2,0,15,inf
Random,10,2,2,0,16,inf
Random,10,2,2,0,17,inf
Random,10,2,2,0,18,inf
Random,10,2,2,0,19,inf
Random,10,2,2,0,20,inf
Random,10,2,2,0,21,inf
Random,10,2,2,0,22,inf
Random,10,2,2,0,23,inf
Random,10,2,2,0,24,inf
Random,10,2,2,0,25,inf
Random,10,2,2,0,26,838.4302298090427
Random,10,2,2,0,27,838.4302298090427
Random,10,2,2,0,28,838.4302298090427
Random,10,2,2,0,29,643.2130342099058
Random,10,2,2,0,30,643.2130342099058
Random,10,2,2,0,31,643.2130342099058
Random,10,2,2,0,32,643.2130342099058
Random,10,2,2,0,33,643.2130342099058
Random,10,2,2,0,34,643.2130342099058
Random,10,2,2,0,35,643.2130342099058
Random,10,2,2,0,36,643.2130342099058
Random,10,2,2,0,37,643.2130342099058
Random,10,2,2,0,38,643.2130342099058
Random,10,2,2,0,39,643.2130342099058
Random,10,2,2,0,40,643.2130342099058
Random,10,2,2,0,41,643.2130342099058
Random,10,2,2,0,42,643.2130342099058
Random,10,2,2,0,43,643.2130342099058
Random,10,2,2,0,44,643.2130342099058
Random,10,2,2,0,45,643.2130342099058
Random,10,2,2,0,46,643.2130342099058
Random,10,2,2,0,47,643.2130342099058
Random,10,2,2,0,48,643.2130342099058
Random,10,2,2,0,49,643.2130342099058
Random,10,2,2,0,50,643.2130342099058
Random,10,2,2,0,51,643.2130342099058
Random,10,2,2,0,52,643.2130342099058
Random,10,2,2,0,53,643.2130342099058
Random,10,2,2,0,54,643.2130342099058
Random,10,2,2,0,55,643.2130342099058
Random,10,2,2,0,56,643.2130342099058
Random,10,2,2,0,57,643.2130342099058
Random,10,2,2,0,58,643.2130342099058
Random,10,2,2,0,59,643.2130342099058
Random,10,2,2,0,60,643.2130342099058
Random,10,2,2,0,61,643.2130342099058
Random,10,2,2,0,62,643.2130342099058
Random,10,2,2,0,63,643.2130342099058
Random,10,2,2,0,64,643.2130342099058
Random,10,2,2,0,65,643.2130342099058
Random,10,2,2,0,66,643.2130342099058
Random,10,2,2,0,67,643.2130342099058
Random,10,2,2,0,68,643.2130342099058
Random,10,2,2,0,69,643.2130342099058
Random,10,2,2,0,70,643.2130342099058
Random,10,2,2,0,71,643.2130342099058
Random,10,2,2,0,72,643.2130342099058
Random,10,2,2,0,73,643.2130342099058
Random,10,2,2,0,74,643.2130342099058
Random,10,2,2,0,75,643.2130342099058
Random,10,2,2,0,76,643.2130342099058
Random,10,2,2,0,77,643.2130342099058
Random,10,2,2,0,78,643.2130342099058
Random,10,2,2,0,79,643.2130342099058
Random,10,2,2,0,80,643.2130342099058
Random,10,2,2,0,81,643.2130342099058
Random,10,2,2,0,82,643.2130342099058
Random,10,2,2,0,83,643.2130342099058
Random,10,2,2,0,84,643.2130342099058
Random,10,2,2,0,85,643.2130342099058
Random,10,2,2,0,86,643.2130342099058
Random,10,2,2,0,87,643.2130342099058
Random,10,2,2,0,88,643.2130342099058
Random,10,2,2,0,89,643.2130342099058
Random,10,2,2,0,90,643.2130342099058
Random,10,2,2,0,91,643.2130342099058
Random,10,2,2,0,92,643.2130342099058
Random,10,2,2,0,93,643.2130342099058
Random,10,2,2,0,94,643.2130342099058
Random,10,2,2,0,95,643.2130342099058
Random,10,2,2,0,96,643.2130342099058
Random,10,2,2,0,97,643.2130342099058
Random,10,2,2,0,98,643.2130342099058
Random,10,2,2,0,99,643.2130342099058
Random,10,2,2,0,100,643.2130342099058
qLogEI,10,2,2,0,1,inf
qLogEI,10,2,2,0,2,inf
qLogEI,10,2,2,0,3,inf
qLogEI,10,2,2,0,4,inf
qLogEI,10,2,2,0,5,inf
qLogEI,10,2,2,0,6,inf
qLogEI,10,2,2,0,7,inf
qLogEI,10,2,2,0,8,inf
qLogEI,10,2,2,0,9,inf
qLogEI,10,2,2,0,10,inf
qLogEI,10,2,2,0,11,inf
qLogEI,10,2,2,0,12,inf
qLogEI,10,2,2,0,13,inf
qLogEI,10,2,2,0,14,inf
qLogEI,10,2,2,0,15,inf
qLogEI,10,2,2,0,16,inf
qLogEI,10,2,2,0,17,inf
qLogEI,10,2,2,0,18,inf
qLogEI,10,2,2,0,19,inf
qLogEI,10,2,2,0,20,inf
qLogEI,10,2,2,0,21,inf
qLogEI,10,2,2,0,22,inf
qLogEI,10,2,2,0,23,inf
qLogEI,10,2,2,0,24,inf
qLogEI,10,2,2,0,25,inf
qLogEI,10,2,2,0,26,inf
qLogEI,10,2,2,0,27,inf
qLogEI,10,2,2,0,28,inf
qLogEI,10,2,2,0,29,inf
qLogEI,10,2,2,0,30,inf
qLogEI,10,2,2,0,31,inf
qLogEI,10,2,2,0,32,inf
qLogEI,10,2,2,0,33,inf
qLogEI,10,2,2,0,34,inf
qLogEI,10,2,2,0,35,inf
qLogEI,10,2,2,0,36,inf
qLogEI,10,2,2,0,37,inf
qLogEI,10,2,2,0,38,inf
qLogEI,10,2,2,0,39,inf
qLogEI,10,2,2,0,40,inf
qLogEI,10,2,2,0,41,inf
qLogEI,10,2,2,0,42,inf
qLogEI,10,2,2,0,43,inf
qLogEI,10,2,2,0,44,inf
qLogEI,10,2,2,0,45,inf
qLogEI,10,2,2,0,46,inf
qLogEI,10,2,2,0,47,inf
qLogEI,10,2,2,0,48,inf
qLogEI,10,2,2,0,49,inf
qLogEI,10,2,2,0,50,inf
qLogEI,10,2,2,0,51,inf
qLogEI,10,2,2,0,52,inf
qLogEI,10,2,2,0,53,inf
qLogEI,10,2,2,0,54,inf
qLogEI,10,2,2,0,55,inf
qLogEI,10,2,2,0,56,inf
qLogEI,10,2,2,0,57,inf
qLogEI,10,2,2,0,58,inf
qLogEI,10,2,2,0,59,inf
qLogEI,10,2,2,0,60,inf
qLogEI,10,2,2,0,61,inf
qLogEI,10,2,2,0,62,inf
qLogEI,10,2,2,0,63,inf
qLogEI,10,2,2,0,64,inf
qLogEI,10,2,2,0,65,inf
qLogEI,10,2,2,0,66,inf
qLogEI,10,2,2,0,67,inf
qLogEI,10,2,2,0,68,inf
qLogEI,10,2,2,0,69,inf
qLogEI,10,2,2,0,70,inf
qLogEI,10,2,2,0,71,inf
qLogEI,10,2,2,0,72,inf
qLogEI,10,2,2,0,73,inf
qLogEI,10,2,2,0,74,inf
qLogEI,10,2,2,0,75,inf
qLogEI,10,2,2,0,76,inf
qLogEI,10,2,2,0,77,inf
qLogEI,10,2,2,0,78,inf
qLogEI,10,2,2,0,79,inf
qLogEI,10,2,2,0,80,inf
qLogEI,10,2,2,0,81,inf
qLogEI,10,2,2,0,82,inf
qLogEI,10,2,2,0,83,inf
qLogEI,10,2,2,0,84,inf
qLogEI,10,2,2,0,85,inf
qLogEI,10,2,2,0,86,inf
qLogEI,10,2,2,0,87,inf
qLogEI,10,2,2,0,88,inf
qLogEI,10,2,2,0,89,inf
qLogEI,10,2,2,0,90,inf
qLogEI,10,2,2,0,91,inf
qLogEI,10,2,2,0,92,inf
qLogEI,10,2,2,0,93,inf
qLogEI,10,2,2,0,94,inf
qLogEI,10,2,2,0,95,inf
qLogEI,10,2,2,0,96,inf
qLogEI,10,2,2,0,97,inf
qLogEI,10,2,2,0,98,inf
qLogEI,10,2,2,0,99,inf
qLogEI,10,2,2,0,100,inf
RL_Full,10,2,2,0,1,inf
RL_Full,10,2,2,0,2,inf
RL_Full,10,2,2,0,3,inf
RL_Full,10,2,2,0,4,inf
RL_Full,10,2,2,0,5,inf
RL_Full,10,2,2,0,6,inf
RL_Full,10,2,2,0,7,inf
RL_Full,10,2,2,0,8,inf
RL_Full,10,2,2,0,9,inf
RL_Full,10,2,2,0,10,inf
RL_Full,10,2,2,0,11,inf
RL_Full,10,2,2,0,12,inf
RL_Full,10,2,2,0,13,inf
RL_Full,10,2,2,0,14,inf
RL_Full,10,2,2,0,15,inf
RL_Full,10,2,2,0,16,inf
RL_Full,10,2,2,0,17,inf
RL_Full,10,2,2,0,18,inf
RL_Full,10,2,2,0,19,inf
RL_Full,10,2,2,0,20,inf
RL_Full,10,2,2,0,21,inf
RL_Full,10,2,2,0,22,inf
RL_Full,10,2,2,0,23,inf
RL_Full,10,2,2,0,24,inf
RL_Full,10,2,2,0,25,inf
RL_Full,10,2,2,0,26,inf
RL_Full,10,2,2,0,27,inf
RL_Full,10,2,2,0,28,inf
RL_Full,10,2,2,0,29,inf
RL_Full,10,2,2,0,30,inf
RL_Full,10,2,2,0,31,inf
RL_Full,10,2,2,0,32,inf
RL_Full,10,2,2,0,33,inf
RL_Full,10,2,2,0,34,inf
RL_Full,10,2,2,0,35,inf
RL_Full,10,2,2,0,36,inf
RL_Full,10,2,2,0,37,inf
RL_Full,10,2,2,0,38,inf
RL_Full,10,2,2,0,39,inf
RL_Full,10,2,2,0,40,inf
RL_Full,10,2,2,0,41,inf
RL_Full,10,2,2,0,42,inf
RL_Full,10,2,2,0,43,inf
RL_Full,10,2,2,0,44,inf
RL_Full,10,2,2,0,45,inf
RL_Full,10,2,2,0,46,inf
RL_Full,10,2,2,0,47,inf
RL_Full,10,2,2,0,48,inf
RL_Full,10,2,2,0,49,inf
RL_Full,10,2,2,0,50,inf
RL_Full,10,2,2,0,51,inf
RL_Full,10,2,2,0,52,inf
RL_Full,10,2,2,0,53,inf
RL_Full,10,2,2,0,54,inf
RL_Full,10,2,2,0,55,inf
RL_Full,10,2,2,0,56,inf
RL_Full,10,2,2,0,57,inf
RL_Full,10,2,2,0,58,inf
RL_Full,10,2,2,0,59,inf
RL_Full,10,2,2,0,60,inf
RL_Full,10,2,2,0,61,inf
RL_Full,10,2,2,0,62,inf
RL_Full,10,2,2,0,63,inf
RL_Full,10,2,2,0,64,inf
RL_Full,10,2,2,0,65,inf
RL_Full,10,2,2,0,66,inf
RL_Full,10,2,2,0,67,inf
RL_Full,10,2,2,0,68,inf
RL_Full,10,2,2,0,69,inf
RL_Full,10,2,2,0,70,inf
RL_Full,10,2,2,0,71,inf
RL_Full,10,2,2,0,72,inf
RL_Full,10,2,2,0,73,inf
RL_Full,10,2,2,0,74,inf
RL_Full,10,2,2,0,75,inf
RL_Full,10,2,2,0,76,inf
RL_Full,10,2,2,0,77,inf
RL_Full,10,2,2,0,78,inf
RL_Full,10,2,2,0,79,inf
RL_Full,10,2,2,0,80,inf
RL_Full,10,2,2,0,81,inf
RL_Full,10,2,2,0,82,inf
RL_Full,10,2,2,0,83,inf
RL_Full,10,2,2,0,84,inf
RL_Full,10,2,2,0,85,inf
RL_Full,10,2,2,0,86,inf
RL_Full,10,2,2,0,87,inf
RL_Full,10,2,2,0,88,inf
RL_Full,10,2,2,0,89,inf
RL_Full,10,2,2,0,90,inf
RL_Full,10,2,2,0,91,inf
RL_Full,10,2,2,0,92,inf
RL_Full,10,2,2,0,93,inf
RL_Full,10,2,2,0,94,inf
RL_Full,10,2,2,0,95,inf
RL_Full,10,2,2,0,96,inf
RL_Full,10,2,2,0,97,inf
RL_Full,10,2,2,0,98,inf
RL_Full,10,2,2,0,99,inf
RL_Full,10,2,2,0,100,inf
Random,10,2,2,1,1,inf
Random,10,2,2,1,2,inf
Random,10,2,2,1,3,inf
Random,10,2,2,1,4,inf
Random,10,2,2,1,5,inf
Random,10,2,2,1,6,inf
Random,10,2,2,1,7,inf
Random,10,2,2,1,8,inf
Random,10,2,2,1,9,inf
Random,10,2,2,1,10,inf
Random,10,2,2,1,11,inf
Random,10,2,2,1,12,inf
Random,10,2,2,1,13,inf
Random,10,2,2,1,14,inf
Random,10,2,2,1,15,inf
Random,10,2,2,1,16,inf
Random,10,2,2,1,17,inf
Random,10,2,2,1,18,inf
Random,10,2,2,1,19,inf
Random,10,2,2,1,20,inf
Random,10,2,2,1,21,inf
Random,10,2,2,1,22,inf
Random,10,2,2,1,23,inf
Random,10,2,2,1,24,inf
Random,10,2,2,1,25,inf
Random,10,2,2,1,26,inf
Random,10,2,2,1,27,inf
Random,10,2,2,1,28,inf
Random,10,2,2,1,29,inf
Random,10,2,2,1,30,inf
Random,10,2,2,1,31,inf
Random,10,2,2,1,32,inf
Random,10,2,2,1,33,inf
Random,10,2,2,1,34,inf
Random,10,2,2,1,35,inf
Random,10,2,2,1,36,inf
Random,10,2,2,1,37,inf
Random,10,2,2,1,38,inf
Random,10,2,2,1,39,inf
Random,10,2,2,1,40,inf
Random,10,2,2,1,41,inf
Random,10,2,2,1,42,inf
Random,10,2,2,1,43,inf
Random,10,2,2,1,44,inf
Random,10,2,2,1,45,inf
Random,10,2,2,1,46,inf
Random,10,2,2,1,47,inf
Random,10,2,2,1,48,inf
Random,10,2,2,1,49,inf
Random,10,2,2,1,50,inf
Random,10,2,2,1,51,inf
Random,10,2,2,1,52,inf
Random,10,2,2,1,53,inf
Random,10,2,2,1,54,inf
Random,10,2,2,1,55,inf
Random,10,2,2,1,56,inf
Random,10,2,2,1,57,inf
Random,10,2,2,1,58,inf
Random,10,2,2,1,59,inf
Random,10,2,2,1,60,inf
Random,10,2,2,1,61,inf
Random,10,2,2,1,62,inf
Random,10,2,2,1,63,inf
Random,10,2,2,1,64,inf
Random,10,2,2,1,65,inf
Random,10,2,2,1,66,inf
Random,10,2,2,1,67,inf
Random,10,2,2,1,68,inf
Random,10,2,2,1,69,inf
Random,10,2,2,1,70,inf
Random,10,2,2,1,71,inf
Random,10,2,2,1,72,inf
Random,10,2,2,1,73,inf
Random,10,2,2,1,74,inf
Random,10,2,2,1,75,inf
Random,10,2,2,1,76,inf
Random,10,2,2,1,77,inf
Random,10,2,2,1,78,inf
Random,10,2,2,1,79,inf
Random,10,2,2,1,80,inf
Random,10,2,2,1,81,inf
Random,10,2,2,1,82,inf
Random,10,2,2,1,83,inf
Random,10,2,2,1,84,inf
Random,10,2,2,1,85,inf
Random,10,2,2,1,86,inf
Random,10,2,2,1,87,inf
Random,10,2,2,1,88,inf
Random,10,2,2,1,89,inf
Random,10,2,2,1,90,inf
Random,10,2,2,1,91,inf
Random,10,2,2,1,92,inf
Random,10,2,2,1,93,inf
Random,10,2,2,1,94,inf
Random,10,2,2,1,95,inf
Random,10,2,2,1,96,inf
Random,10,2,2,1,97,inf
Random,10,2,2,1,98,inf
Random,10,2,2,1,99,inf
Random,10,2,2,1,100,inf
qLogEI,10,2,2,1,1,inf
qLogEI,10,2,2,1,2,inf
qLogEI,10,2,2,1,3,inf
qLogEI,10,2,2,1,4,inf
qLogEI,10,2,2,1,5,inf
qLogEI,10,2,2,1,6,inf
qLogEI,10,2,2,1,7,inf
qLogEI,10,2,2,1,8,inf
qLogEI,10,2,2,1,9,inf
qLogEI,10,2,2,1,10,inf
qLogEI,10,2,2,1,11,inf
qLogEI,10,2,2,1,12,inf
qLogEI,10,2,2,1,13,inf
qLogEI,10,2,2,1,14,inf
qLogEI,10,2,2,1,15,inf
qLogEI,10,2,2,1,16,inf
qLogEI,10,2,2,1,17,inf
qLogEI,10,2,2,1,18,inf
qLogEI,10,2,2,1,19,inf
qLogEI,10,2,2,1,20,inf
qLogEI,10,2,2,1,21,inf
qLogEI,10,2,2,1,22,inf
qLogEI,10,2,2,1,23,inf
qLogEI,10,2,2,1,24,inf
qLogEI,10,2,2,1,25,inf
qLogEI,10,2,2,1,26,inf
qLogEI,10,2,2,1,27,inf
qLogEI,10,2,2,1,28,inf
qLogEI,10,2,2,1,29,inf
qLogEI,10,2,2,1,30,inf
qLogEI,10,2,2,1,31,inf
qLogEI,10,2,2,1,32,inf
qLogEI,10,2,2,1,33,inf
qLogEI,10,2,2,1,34,inf
qLogEI,10,2,2,1,35,inf
qLogEI,10,2,2,1,36,inf
qLogEI,10,2,2,1,37,inf
qLogEI,10,2,2,1,38,inf
qLogEI,10,2,2,1,39,inf
qLogEI,10,2,2,1,40,inf
qLogEI,10,2,2,1,41,inf
qLogEI,10,2,2,1,42,inf
qLogEI,10,2,2,1,43,inf
qLogEI,10,2,2,1,44,inf
qLogEI,10,2,2,1,45,inf
qLogEI,10,2,2,1,46,inf
qLogEI,10,2,2,1,47,inf
qLogEI,10,2,2,1,48,inf
qLogEI,10,2,2,1,49,inf
qLogEI,10,2,2,1,50,inf
qLogEI,10,2,2,1,51,inf
qLogEI,10,2,2,1,52,inf
qLogEI,10,2,2,1,53,inf
qLogEI,10,2,2,1,54,inf
qLogEI,10,2,2,1,55,inf
qLogEI,10,2,2,1,56,inf
qLogEI,10,2,2,1,57,inf
qLogEI,10,2,2,1,58,inf
qLogEI,10,2,2,1,59,inf
qLogEI,10,2,2,1,60,inf
qLogEI,10,2,2,1,61,inf
qLogEI,10,2,2,1,62,inf
qLogEI,10,2,2,1,63,inf
qLogEI,10,2,2,1,64,inf
qLogEI,10,2,2,1,65,inf
qLogEI,10,2,2,1,66,inf
qLogEI,10,2,2,1,67,inf
qLogEI,10,2,2,1,68,inf
qLogEI,10,2,2,1,69,inf
qLogEI,10,2,2,1,70,inf
qLogEI,10,2,2,1,71,inf
qLogEI,10,2,2,1,72,inf
qLogEI,10,2,2,1,73,inf
qLogEI,10,2,2,1,74,inf
qLogEI,10,2,2,1,75,inf
qLogEI,10,2,2,1,76,inf
qLogEI,10,2,2,1,77,inf
qLogEI,10,2,2,1,78,inf
qLogEI,10,2,2,1,79,32.6104520034842
qLogEI,10,2,2,1,80,32.6104520034842
qLogEI,10,2,2,1,81,32.6104520034842
qLogEI,10,2,2,1,82,32.6104520034842
qLogEI,10,2,2,1,83,32.6104520034842
qLogEI,10,2,2,1,84,32.6104520034842
qLogEI,10,2,2,1,85,32.6104520034842
qLogEI,10,2,2,1,86,32.6104520034842
qLogEI,10,2,2,1,87,32.6104520034842
qLogEI,10,2,2,1,88,32.6104520034842
qLogEI,10,2,2,1,89,32.6104520034842
qLogEI,10,2,2,1,90,32.6104520034842
qLogEI,10,2,2,1,91,32.6104520034842
qLogEI,10,2,2,1,92,-265.0490305231415
qLogEI,10,2,2,1,93,-265.0490305231415
qLogEI,10,2,2,1,94,-265.0490305231415
qLogEI,10,2,2,1,95,-265.0490305231415
qLogEI,10,2,2,1,96,-265.0490305231415
qLogEI,10,2,2,1,97,-265.0490305231415
qLogEI,10,2,2,1,98,-265.0490305231415
qLogEI,10,2,2,1,99,-265.0490305231415
qLogEI,10,2,2,1,100,-265.0490305231415
RL_Full,10,2,2,1,1,inf
RL_Full,10,2,2,1,2,inf
RL_Full,10,2,2,1,3,inf
RL_Full,10,2,2,1,4,inf
RL_Full,10,2,2,1,5,inf
RL_Full,10,2,2,1,6,inf
RL_Full,10,2,2,1,7,inf
RL_Full,10,2,2,1,8,inf
RL_Full,10,2,2,1,9,inf
RL_Full,10,2,2,1,10,inf
RL_Full,10,2,2,1,11,inf
RL_Full,10,2,2,1,12,inf
RL_Full,10,2,2,1,13,inf
RL_Full,10,2,2,1,14,inf
RL_Full,10,2,2,1,15,inf
RL_Full,10,2,2,1,16,inf
RL_Full,10,2,2,1,17,inf
RL_Full,10,2,2,1,18,inf
RL_Full,10,2,2,1,19,inf
RL_Full,10,2,2,1,20,inf
RL_Full,10,2,2,1,21,inf
RL_Full,10,2,2,1,22,inf
RL_Full,10,2,2,1,23,inf
RL_Full,10,2,2,1,24,inf
RL_Full,10,2,2,1,25,inf
RL_Full,10,2,2,1,26,inf
RL_Full,10,2,2,1,27,inf
RL_Full,10,2,2,1,28,inf
RL_Full,10,2,2,1,29,inf
RL_Full,10,2,2,1,30,inf
RL_Full,10,2,2,1,31,inf
RL_Full,10,2,2,1,32,inf
RL_Full,10,2,2,1,33,inf
RL_Full,10,2,2,1,34,inf
RL_Full,10,2,2,1,35,inf
RL_Full,10,2,2,1,36,inf
RL_Full,10,2,2,1,37,inf
RL_Full,10,2,2,1,38,inf
RL_Full,10,2,2,1,39,inf
RL_Full,10,2,2,1,40,inf
RL_Full,10,2,2,1,41,inf
RL_Full,10,2,2,1,42,inf
RL_Full,10,2,2,1,43,inf
RL_Full,10,2,2,1,44,inf
RL_Full,10,2,2,1,45,inf
RL_Full,10,2,2,1,46,inf
RL_Full,10,2,2,1,47,inf
RL_Full,10,2,2,1,48,inf
RL_Full,10,2,2,1,49,inf
RL_Full,10,2,2,1,50,inf
RL_Full,10,2,2,1,51,inf
RL_Full,10,2,2,1,52,inf
RL_Full,10,2,2,1,53,inf
RL_Full,10,2,2,1,54,inf
RL_Full,10,2,2,1,55,inf
RL_Full,10,2,2,1,56,inf
RL_Full,10,2,2,1,57,inf
RL_Full,10,2,2,1,58,inf
RL_Full,10,2,2,1,59,inf
RL_Full,10,2,2,1,60,inf
RL_Full,10,2,2,1,61,inf
RL_Full,10,2,2,1,62,inf
RL_Full,10,2,2,1,63,inf
RL_Full,10,2,2,1,64,inf
RL_Full,10,2,2,1,65,inf
RL_Full,10,2,2,1,66,inf
RL_Full,10,2,2,1,67,inf
RL_Full,10,2,2,1,68,inf
RL_Full,10,2,2,1,69,inf
RL_Full,10,2,2,1,70,inf
RL_Full,10,2,2,1,71,inf
RL_Full,10,2,2,1,72,inf
RL_Full,10,2,2,1,73,inf
RL_Full,10,2,2,1,74,inf
RL_Full,10,2,2,1,75,inf
RL_Full,10,2,2,1,76,inf
RL_Full,10,2,2,1,77,inf
RL_Full,10,2,2,1,78,inf
RL_Full,10,2,2,1,79,inf
RL_Full,10,2,2,1,80,inf
RL_Full,10,2,2,1,81,inf
RL_Full,10,2,2,1,82,inf
RL_Full,10,2,2,1,83,inf
RL_Full,10,2,2,1,84,inf
RL_Full,10,2,2,1,85,inf
RL_Full,10,2,2,1,86,inf
RL_Full,10,2,2,1,87,inf
RL_Full,10,2,2,1,88,inf
RL_Full,10,2,2,1,89,inf
RL_Full,10,2,2,1,90,inf
RL_Full,10,2,2,1,91,inf
RL_Full,10,2,2,1,92,inf
RL_Full,10,2,2,1,93,inf
RL_Full,10,2,2,1,94,inf
RL_Full,10,2,2,1,95,inf
RL_Full,10,2,2,1,96,inf
RL_Full,10,2,2,1,97,inf
RL_Full,10,2,2,1,98,inf
RL_Full,10,2,2,1,99,inf
RL_Full,10,2,2,1,100,inf
Random,10,2,2,2,1,790.4101432023654
Random,10,2,2,2,2,790.4101432023654
Random,10,2,2,2,3,790.4101432023654
Random,10,2,2,2,4,790.4101432023654
Random,10,2,2,2,5,790.4101432023654
Random,10,2,2,2,6,790.4101432023654
Random,10,2,2,2,7,790.4101432023654
Random,10,2,2,2,8,790.4101432023654
Random,10,2,2,2,9,790.4101432023654
Random,10,2,2,2,10,790.4101432023654
Random,10,2,2,2,11,790.4101432023654
Random,10,2,2,2,12,790.4101432023654
Random,10,2,2,2,13,790.4101432023654
Random,10,2,2,2,14,790.4101432023654
Random,10,2,2,2,15,790.4101432023654
Random,10,2,2,2,16,790.4101432023654
Random,10,2,2,2,17,790.4101432023654
Random,10,2,2,2,18,790.4101432023654
Random,10,2,2,2,19,790.4101432023654
Random,10,2,2,2,20,790.4101432023654
Random,10,2,2,2,21,790.4101432023654
Random,10,2,2,2,22,790.4101432023654
Random,10,2,2,2,23,790.4101432023654
Random,10,2,2,2,24,790.4101432023654
Random,10,2,2,2,25,790.4101432023654
Random,10,2,2,2,26,790.4101432023654
Random,10,2,2,2,27,790.4101432023654
Random,10,2,2,2,28,790.4101432023654
Random,10,2,2,2,29,790.4101432023654
Random,10,2,2,2,30,790.4101432023654
Random,10,2,2,2,31,790.4101432023654
Random,10,2,2,2,32,790.4101432023654
Random,10,2,2,2,33,790.4101432023654
Random,10,2,2,2,34,790.4101432023654
Random,10,2,2,2,35,790.4101432023654
Random,10,2,2,2,36,790.4101432023654
Random,10,2,2,2,37,790.4101432023654
Random,10,2,2,2,38,790.4101432023654
Random,10,2,2,2,39,790.4101432023654
Random,10,2,2,2,40,790.4101432023654
Random,10,2,2,2,41,790.4101432023654
Random,10,2,2,2,42,790.4101432023654
Random,10,2,2,2,43,790.4101432023654
Random,10,2,2,2,44,790.4101432023654
Random,10,2,2,2,45,790.4101432023654
Random,10,2,2,2,46,790.4101432023654
Random,10,2,2,2,47,790.4101432023654
Random,10,2,2,2,48,790.4101432023654
Random,10,2,2,2,49,790.4101432023654
Random,10,2,2,2,50,790.4101432023654
Random,10,2,2,2,51,790.4101432023654
Random,10,2,2,2,52,790.4101432023654
Random,10,2,2,2,53,790.4101432023654
Random,10,2,2,2,54,790.4101432023654
Random,10,2,2,2,55,790.4101432023654
Random,10,2,2,2,56,790.4101432023654
Random,10,2,2,2,57,790.4101432023654
Random,10,2,2,2,58,790.4101432023654
Random,10,2,2,2,59,790.4101432023654
Random,10,2,2,2,60,790.4101432023654
Random,10,2,2,2,61,790.4101432023654
Random,10,2,2,2,62,790.4101432023654
Random,10,2,2,2,63,790.4101432023654
Random,10,2,2,2,64,790.4101432023654
Random,10,2,2,2,65,790.4101432023654
Random,10,2,2,2,66,790.4101432023654
Random,10,2,2,2,67,790.4101432023654
Random,10,2,2,2,68,790.4101432023654
Random,10,2,2,2,69,790.4101432023654
Random,10,2,2,2,70,790.4101432023654
Random,10,2,2,2,71,790.4101432023654
Random,10,2,2,2,72,790.4101432023654
Random,10,2,2,2,73,790.4101432023654
Random,10,2,2,2,74,790.4101432023654
Random,10,2,2,2,75,790.4101432023654
Random,10,2,2,2,76,790.4101432023654
Random,10,2,2,2,77,790.4101432023654
Random,10,2,2,2,78,790.4101432023654
Random,10,2,2,2,79,790.4101432023654
Random,10,2,2,2,80,790.4101432023654
Random,10,2,2,2,81,596.1498646729353
Random,10,2,2,2,82,596.1498646729353
Random,10,2,2,2,83,596.1498646729353
Random,10,2,2,2,84,596.1498646729353
Random,10,2,2,2,85,596.1498646729353
Random,10,2,2,2,86,596.1498646729353
Random,10,2,2,2,87,596.1498646729353
Random,10,2,2,2,88,596.1498646729353
Random,10,2,2,2,89,576.919230566215
Random,10,2,2,2,90,576.919230566215
Random,10,2,2,2,91,576.919230566215
Random,10,2,2,2,92,576.919230566215
Random,10,2,2,2,93,576.919230566215
Random,10,2,2,2,94,576.919230566215
Random,10,2,2,2,95,576.919230566215
Random,10,2,2,2,96,576.919230566215
Random,10,2,2,2,97,576.919230566215
Random,10,2,2,2,98,576.919230566215
Random,10,2,2,2,99,576.919230566215
Random,10,2,2,2,100,576.919230566215
qLogEI,10,2,2,2,1,790.4101432023654
qLogEI,10,2,2,2,2,790.4101432023654
qLogEI,10,2,2,2,3,790.4101432023654
qLogEI,10,2,2,2,4,790.4101432023654
qLogEI,10,2,2,2,5,790.4101432023654
qLogEI,10,2,2,2,6,790.4101432023654
qLogEI,10,2,2,2,7,790.4101432023654
qLogEI,10,2,2,2,8,790.4101432023654
qLogEI,10,2,2,2,9,790.4101432023654
qLogEI,10,2,2,2,10,790.4101432023654
qLogEI,10,2,2,2,11,790.4101432023654
qLogEI,10,2,2,2,12,790.4101432023654
qLogEI,10,2,2,2,13,790.4101432023654
qLogEI,10,2,2,2,14,790.4101432023654
qLogEI,10,2,2,2,15,790.4101432023654
qLogEI,10,2,2,2,16,790.4101432023654
qLogEI,10,2,2,2,17,790.4101432023654
qLogEI,10,2,2,2,18,790.4101432023654
qLogEI,10,2,2,2,19,790.4101432023654
qLogEI,10,2,2,2,20,790.4101432023654
qLogEI,10,2,2,2,21,790.4101432023654
qLogEI,10,2,2,2,22,790.4101432023654
qLogEI,10,2,2,2,23,790.4101432023654
qLogEI,10,2,2,2,24,790.4101432023654
qLogEI,10,2,2,2,25,790.4101432023654
qLogEI,10,2,2,2,26,790.4101432023654
qLogEI,10,2,2,2,27,790.4101432023654
qLogEI,10,2,2,2,28,790.4101432023654
qLogEI,10,2,2,2,29,790.4101432023654
qLogEI,10,2,2,2,30,790.4101432023654
qLogEI,10,2,2,2,31,790.4101432023654
qLogEI,10,2,2,2,32,790.4101432023654
qLogEI,10,2,2,2,33,790.4101432023654
qLogEI,10,2,2,2,34,790.4101432023654
qLogEI,10,2,2,2,35,790.4101432023654
qLogEI,10,2,2,2,36,790.4101432023654
qLogEI,10,2,2,2,37,790.4101432023654
qLogEI,10,2,2,2,38,790.4101432023654
qLogEI,10,2,2,2,39,790.4101432023654
qLogEI,10,2,2,2,40,790.4101432023654
qLogEI,10,2,2,2,41,790.4101432023654
qLogEI,10,2,2,2,42,790.4101432023654
qLogEI,10,2,2,2,43,790.4101432023654
qLogEI,10,2,2,2,44,790.4101432023654
qLogEI,10,2,2,2,45,790.4101432023654
qLogEI,10,2,2,2,46,790.4101432023654
qLogEI,10,2,2,2,47,790.4101432023654
qLogEI,10,2,2,2,48,790.4101432023654
qLogEI,10,2,2,2,49,790.4101432023654
qLogEI,10,2,2,2,50,790.4101432023654
qLogEI,10,2,2,2,51,790.4101432023654
qLogEI,10,2,2,2,52,790.4101432023654
qLogEI,10,2,2,2,53,790.4101432023654
qLogEI,10,2,2,2,54,790.4101432023654
qLogEI,10,2,2,2,55,790.4101432023654
qLogEI,10,2,2,2,56,790.4101432023654
qLogEI,10,2,2,2,57,790.4101432023654
qLogEI,10,2,2,2,58,790.4101432023654
qLogEI,10,2,2,2,59,790.4101432023654
qLogEI,10,2,2,2,60,790.4101432023654
qLogEI,10,2,2,2,61,790.4101432023654
qLogEI,10,2,2,2,62,790.4101432023654
qLogEI,10,2,2,2,63,790.4101432023654
qLogEI,10,2,2,2,64,790.4101432023654
qLogEI,10,2,2,2,65,790.4101432023654
qLogEI,10,2,2,2,66,790.4101432023654
qLogEI,10,2,2,2,67,790.4101432023654
qLogEI,10,2,2,2,68,790.4101432023654
qLogEI,10,2,2,2,69,790.4101432023654
qLogEI,10,2,2,2,70,790.4101432023654
qLogEI,10,2,2,2,71,790.4101432023654
qLogEI,10,2,2,2,72,790.4101432023654
qLogEI,10,2,2,2,73,-137.7831684928718
qLogEI,10,2,2,2,74,-232.54395102537444
qLogEI,10,2,2,2,75,-232.54395102537444
qLogEI,10,2,2,2,76,-232.54395102537444
qLogEI,10,2,2,2,77,-232.54395102537444
qLogEI,10,2,2,2,78,-232.54395102537444
qLogEI,10,2,2,2,79,-232.54395102537444
qLogEI,10,2,2,2,80,-232.54395102537444
qLogEI,10,2,2,2,81,-232.54395102537444
qLogEI,10,2,2,2,82,-232.54395102537444
qLogEI,10,2,2,2,83,-232.54395102537444
qLogEI,10,2,2,2,84,-232.54395102537444
qLogEI,10,2,2,2,85,-232.54395102537444
qLogEI,10,2,2,2,86,-232.54395102537444
qLogEI,10,2,2,2,87,-232.54395102537444
qLogEI,10,2,2,2,88,-232.54395102537444
qLogEI,10,2,2,2,89,-232.54395102537444
qLogEI,10,2,2,2,90,-232.54395102537444
qLogEI,10,2,2,2,91,-232.54395102537444
qLogEI,10,2,2,2,92,-232.54395102537444
qLogEI,10,2,2,2,93,-232.54395102537444
qLogEI,10,2,2,2,94,-232.54395102537444
qLogEI,10,2,2,2,95,-232.54395102537444
qLogEI,10,2,2,2,96,-232.54395102537444
qLogEI,10,2,2,2,97,-232.54395102537444
qLogEI,10,2,2,2,98,-232.54395102537444
qLogEI,10,2,2,2,99,-232.54395102537444
qLogEI,10,2,2,2,100,-232.54395102537444
RL_Full,10,2,2,2,1,790.4101432023654
RL_Full,10,2,2,2,2,790.4101432023654
RL_Full,10,2,2,2,3,790.4101432023654
RL_Full,10,2,2,2,4,790.4101432023654
RL_Full,10,2,2,2,5,790.4101432023654
RL_Full,10,2,2,2,6,790.4101432023654
RL_Full,10,2,2,2,7,790.4101432023654
RL_Full,10,2,2,2,8,790.4101432023654
RL_Full,10,2,2,2,9,790.4101432023654
RL_Full,10,2,2,2,10,790.4101432023654
RL_Full,10,2,2,2,11,790.4101432023654
RL_Full,10,2,2,2,12,790.4101432023654
RL_Full,10,2,2,2,13,790.4101432023654
RL_Full,10,2,2,2,14,790.4101432023654
RL_Full,10,2,2,2,15,790.4101432023654
RL_Full,10,2,2,2,16,790.4101432023654
RL_Full,10,2,2,2,17,790.4101432023654
RL_Full,10,2,2,2,18,790.4101432023654
RL_Full,10,2,2,2,19,790.4101432023654
RL_Full,10,2,2,2,20,790.4101432023654
RL_Full,10,2,2,2,21,790.4101432023654
RL_Full,10,2,2,2,22,790.4101432023654
RL_Full,10,2,2,2,23,790.4101432023654
RL_Full,10,2,2,2,24,790.4101432023654
RL_Full,10,2,2,2,25,790.4101432023654
RL_Full,10,2,2,2,26,790.4101432023654
RL_Full,10,2,2,2,27,790.4101432023654
RL_Full,10,2,2,2,28,790.4101432023654
RL_Full,10,2,2,2,29,790.4101432023654
RL_Full,10,2,2,2,30,790.4101432023654
RL_Full,10,2,2,2,31,790.4101432023654
RL_Full,10,2,2,2,32,790.4101432023654
RL_Full,10,2,2,2,33,790.4101432023654
RL_Full,10,2,2,2,34,790.4101432023654
RL_Full,10,2,2,2,35,790.4101432023654
RL_Full,10,2,2,2,36,790.4101432023654
RL_Full,10,2,2,2,37,790.4101432023654
RL_Full,10,2,2,2,38,790.4101432023654
RL_Full,10,2,2,2,39,790.4101432023654
RL_Full,10,2,2,2,40,790.4101432023654
RL_Full,10,2,2,2,41,790.4101432023654
RL_Full,10,2,2,2,42,790.4101432023654
RL_Full,10,2,2,2,43,790.4101432023654
RL_Full,10,2,2,2,44,790.4101432023654
RL_Full,10,2,2,2,45,790.4101432023654
RL_Full,10,2,2,2,46,790.4101432023654
RL_Full,10,2,2,2,47,790.4101432023654
RL_Full,10,2,2,2,48,790.4101432023654
RL_Full,10,2,2,2,49,790.4101432023654
RL_Full,10,2,2,2,50,790.4101432023654
RL_Full,10,2,2,2,51,790.4101432023654
RL_Full,10,2,2,2,52,790.4101432023654
RL_Full,10,2,2,2,53,790.4101432023654
RL_Full,10,2,2,2,54,790.4101432023654
RL_Full,10,2,2,2,55,790.4101432023654
RL_Full,10,2,2,2,56,790.4101432023654
RL_Full,10,2,2,2,57,790.4101432023654
RL_Full,10,2,2,2,58,790.4101432023654
RL_Full,10,2,2,2,59,790.4101432023654
RL_Full,10,2,2,2,60,790.4101432023654
RL_Full,10,2,2,2,61,790.4101432023654
RL_Full,10,2,2,2,62,790.4101432023654
RL_Full,10,2,2,2,63,790.4101432023654
RL_Full,10,2,2,2,64,790.4101432023654
RL_Full,10,2,2,2,65,790.4101432023654
RL_Full,10,2,2,2,66,790.4101432023654
RL_Full,10,2,2,2,67,790.4101432023654
RL_Full,10,2,2,2,68,790.4101432023654
RL_Full,10,2,2,2,69,790.4101432023654
RL_Full,10,2,2,2,70,790.4101432023654
RL_Full,10,2,2,2,71,790.4101432023654
RL_Full,10,2,2,2,72,790.4101432023654
RL_Full,10,2,2,2,73,790.4101432023654
RL_Full,10,2,2,2,74,790.4101432023654
RL_Full,10,2,2,2,75,790.4101432023654
RL_Full,10,2,2,2,76,790.4101432023654
RL_Full,10,2,2,2,77,790.4101432023654
RL_Full,10,2,2,2,78,790.4101432023654
RL_Full,10,2,2,2,79,790.4101432023654
RL_Full,10,2,2,2,80,790.4101432023654
RL_Full,10,2,2,2,81,790.4101432023654
RL_Full,10,2,2,2,82,790.4101432023654
RL_Full,10,2,2,2,83,790.4101432023654
RL_Full,10,2,2,2,84,790.4101432023654
RL_Full,10,2,2,2,85,790.4101432023654
RL_Full,10,2,2,2,86,790.4101432023654
RL_Full,10,2,2,2,87,790.4101432023654
RL_Full,10,2,2,2,88,790.4101432023654
RL_Full,10,2,2,2,89,790.4101432023654
RL_Full,10,2,2,2,90,790.4101432023654
RL_Full,10,2,2,2,91,790.4101432023654
RL_Full,10,2,2,2,92,790.4101432023654
RL_Full,10,2,2,2,93,790.4101432023654
RL_Full,10,2,2,2,94,790.4101432023654
RL_Full,10,2,2,2,95,790.4101432023654
RL_Full,10,2,2,2,96,790.4101432023654
RL_Full,10,2,2,2,97,790.4101432023654
RL_Full,10,2,2,2,98,790.4101432023654
RL_Full,10,2,2,2,99,790.4101432023654
RL_Full,10,2,2,2,100,790.4101432023654
Random,10,2,2,3,1,inf
Random,10,2,2,3,2,inf
Random,10,2,2,3,3,inf
Random,10,2,2,3,4,inf
Random,10,2,2,3,5,inf
Random,10,2,2,3,6,inf
Random,10,2,2,3,7,inf
Random,10,2,2,3,8,inf
Random,10,2,2,3,9,inf
Random,10,2,2,3,10,inf
Random,10,2,2,3,11,inf
Random,10,2,2,3,12,inf
Random,10,2,2,3,13,inf
Random,10,2,2,3,14,inf
Random,10,2,2,3,15,inf
Random,10,2,2,3,16,inf
Random,10,2,2,3,17,inf
Random,10,2,2,3,18,inf
Random,10,2,2,3,19,inf
Random,10,2,2,3,20,inf
Random,10,2,2,3,21,inf
Random,10,2,2,3,22,inf
Random,10,2,2,3,23,inf
Random,10,2,2,3,24,inf
Random,10,2,2,3,25,inf
Random,10,2,2,3,26,inf
Random,10,2,2,3,27,inf
Random,10,2,2,3,28,inf
Random,10,2,2,3,29,inf
Random,10,2,2,3,30,inf
Random,10,2,2,3,31,inf
Random,10,2,2,3,32,inf
Random,10,2,2,3,33,inf
Random,10,2,2,3,34,inf
Random,10,2,2,3,35,inf
Random,10,2,2,3,36,inf
Random,10,2,2,3,37,inf
Random,10,2,2,3,38,inf
Random,10,2,2,3,39,inf
Random,10,2,2,3,40,inf
Random,10,2,2,3,41,inf
Random,10,2,2,3,42,inf
Random,10,2,2,3,43,inf
Random,10,2,2,3,44,inf
Random,10,2,2,3,45,inf
Random,10,2,2,3,46,inf
Random,10,2,2,3,47,inf
Random,10,2,2,3,48,inf
Random,10,2,2,3,49,inf
Random,10,2,2,3,50,inf
Random,10,2,2,3,51,inf
Random,10,2,2,3,52,inf
Random,10,2,2,3,53,inf
Random,10,2,2,3,54,inf
Random,10,2,2,3,55,inf
Random,10,2,2,3,56,inf
Random,10,2,2,3,57,inf
Random,10,2,2,3,58,inf
Random,10,2,2,3,59,inf
Random,10,2,2,3,60,inf
Random,10,2,2,3,61,inf
Random,10,2,2,3,62,inf
Random,10,2,2,3,63,inf
Random,10,2,2,3,64,inf
Random,10,2,2,3,65,inf
Random,10,2,2,3,66,inf
Random,10,2,2,3,67,inf
Random,10,2,2,3,68,inf
Random,10,2,2,3,69,inf
Random,10,2,2,3,70,inf
Random,10,2,2,3,71,inf
Random,10,2,2,3,72,inf
Random,10,2,2,3,73,inf
Random,10,2,2,3,74,inf
Random,10,2,2,3,75,inf
Random,10,2,2,3,76,inf
Random,10,2,2,3,77,inf
Random,10,2,2,3,78,inf
Random,10,2,2,3,79,inf
Random,10,2,2,3,80,inf
Random,10,2,2,3,81,inf
Random,10,2,2,3,82,inf
Random,10,2,2,3,83,inf
Random,10,2,2,3,84,inf
Random,10,2,2,3,85,inf
Random,10,2,2,3,86,inf
Random,10,2,2,3,87,inf
Random,10,2,2,3,88,inf
Random,10,2,2,3,89,inf
Random,10,2,2,3,90,inf
Random,10,2,2,3,91,inf
Random,10,2,2,3,92,inf
Random,10,2,2,3,93,inf
Random,10,2,2,3,94,inf
Random,10,2,2,3,95,inf
Random,10,2,2,3,96,inf
Random,10,2,2,3,97,inf
Random,10,2,2,3,98,inf
Random,10,2,2,3,99,inf
Random,10,2,2,3,100,inf
qLogEI,10,2,2,3,1,inf
qLogEI,10,2,2,3,2,inf
qLogEI,10,2,2,3,3,inf
qLogEI,10,2,2,3,4,inf
qLogEI,10,2,2,3,5,inf
qLogEI,10,2,2,3,6,inf
qLogEI,10,2,2,3,7,inf
qLogEI,10,2,2,3,8,inf
qLogEI,10,2,2,3,9,inf
qLogEI,10,2,2,3,10,inf
qLogEI,10,2,2,3,11,inf
qLogEI,10,2,2,3,12,inf
qLogEI,10,2,2,3,13,inf
qLogEI,10,2,2,3,14,inf
qLogEI,10,2,2,3,15,inf
qLogEI,10,2,2,3,16,inf
qLogEI,10,2,2,3,17,inf
qLogEI,10,2,2,3,18,inf
qLogEI,10,2,2,3,19,inf
qLogEI,10,2,2,3,20,inf
qLogEI,10,2,2,3,21,inf
qLogEI,10,2,2,3,22,inf
qLogEI,10,2,2,3,23,inf
qLogEI,10,2,2,3,24,inf
qLogEI,10,2,2,3,25,inf
qLogEI,10,2,2,3,26,inf
qLogEI,10,2,2,3,27,inf
qLogEI,10,2,2,3,28,inf
qLogEI,10,2,2,3,29,inf
qLogEI,10,2,2,3,30,inf
qLogEI,10,2,2,3,31,inf
qLogEI,10,2,2,3,32,inf
qLogEI,10,2,2,3,33,inf
qLogEI,10,2,2,3,34,inf
qLogEI,10,2,2,3,35,inf
qLogEI,10,2,2,3,36,inf
qLogEI,10,2,2,3,37,inf
qLogEI,10,2,2,3,38,inf
qLogEI,10,2,2,3,39,inf
qLogEI,10,2,2,3,40,inf
qLogEI,10,2,2,3,41,inf
qLogEI,10,2,2,3,42,inf
qLogEI,10,2,2,3,43,inf
qLogEI,10,2,2,3,44,inf
qLogEI,10,2,2,3,45,inf
qLogEI,10,2,2,3,46,inf
qLogEI,10,2,2,3,47,inf
qLogEI,10,2,2,3,48,inf
qLogEI,10,2,2,3,49,inf
qLogEI,10,2,2,3,50,inf
qLogEI,10,2,2,3,51,inf
qLogEI,10,2,2,3,52,inf
qLogEI,10,2,2,3,53,inf
qLogEI,10,2,2,3,54,inf
qLogEI,10,2,2,3,55,inf
qLogEI,10,2,2,3,56,inf
qLogEI,10,2,2,3,57,inf
qLogEI,10,2,2,3,58,inf
qLogEI,10,2,2,3,59,inf
qLogEI,10,2,2,3,60,inf
qLogEI,10,2,2,3,61,-28.15482909687205
qLogEI,10,2,2,3,62,-28.15482909687205
qLogEI,10,2,2,3,63,-28.15482909687205
qLogEI,10,2,2,3,64,-28.15482909687205
qLogEI,10,2,2,3,65,-28.15482909687205
qLogEI,10,2,2,3,66,-28.15482909687205
qLogEI,10,2,2,3,67,-28.15482909687205
qLogEI,10,2,2,3,68,-28.15482909687205
qLogEI,10,2,2,3,69,-28.15482909687205
qLogEI,10,2,2,3,70,-28.15482909687205
qLogEI,10,2,2,3,71,-28.15482909687205
qLogEI,10,2,2,3,72,-28.15482909687205
qLogEI,10,2,2,3,73,-28.15482909687205
qLogEI,10,2,2,3,74,-28.15482909687205
qLogEI,10,2,2,3,75,-28.15482909687205
qLogEI,10,2,2,3,76,-28.15482909687205
qLogEI,10,2,2,3,77,-28.15482909687205
qLogEI,10,2,2,3,78,-28.15482909687205
qLogEI,10,2,2,3,79,-28.15482909687205
qLogEI,10,2,2,3,80,-28.15482909687205
qLogEI,10,2,2,3,81,-28.15482909687205
qLogEI,10,2,2,3,82,-28.15482909687205
qLogEI,10,2,2,3,83,-28.15482909687205
qLogEI,10,2,2,3,84,-28.15482909687205
qLogEI,10,2,2,3,85,-28.15482909687205
qLogEI,10,2,2,3,86,-28.15482909687205
qLogEI,10,2,2,3,87,-28.15482909687205
qLogEI,10,2,2,3,88,-28.15482909687205
qLogEI,10,2,2,3,89,-28.15482909687205
qLogEI,10,2,2,3,90,-28.15482909687205
qLogEI,10,2,2,3,91,-28.15482909687205
qLogEI,10,2,2,3,92,-28.15482909687205
qLogEI,10,2,2,3,93,-28.15482909687205
qLogEI,10,2,2,3,94,-28.15482909687205
qLogEI,10,2,2,3,95,-28.15482909687205
qLogEI,10,2,2,3,96,-28.15482909687205
qLogEI,10,2,2,3,97,-28.15482909687205
qLogEI,10,2,2,3,98,-28.15482909687205
qLogEI,10,2,2,3,99,-28.15482909687205
qLogEI,10,2,2,3,100,-28.15482909687205
RL_Full,10,2,2,3,1,inf
RL_Full,10,2,2,3,2,inf
RL_Full,10,2,2,3,3,inf
RL_Full,10,2,2,3,4,inf
RL_Full,10,2,2,3,5,inf
RL_Full,10,2,2,3,6,inf
RL_Full,10,2,2,3,7,inf
RL_Full,10,2,2,3,8,inf
RL_Full,10,2,2,3,9,inf
RL_Full,10,2,2,3,10,inf
RL_Full,10,2,2,3,11,inf
RL_Full,10,2,2,3,12,inf
RL_Full,10,2,2,3,13,inf
RL_Full,10,2,2,3,14,inf
RL_Full,10,2,2,3,15,inf
RL_Full,10,2,2,3,16,inf
RL_Full,10,2,2,3,17,inf
RL_Full,10,2,2,3,18,inf
RL_Full,10,2,2,3,19,inf
RL_Full,10,2,2,3,20,inf
RL_Full,10,2,2,3,21,inf
RL_Full,10,2,2,3,22,inf
RL_Full,10,2,2,3,23,inf
RL_Full,10,2,2,3,24,inf
RL_Full,10,2,2,3,25,inf
RL_Full,10,2,2,3,26,inf
RL_Full,10,2,2,3,27,inf
RL_Full,10,2,2,3,28,inf
RL_Full,10,2,2,3,29,inf
RL_Full,10,2,2,3,30,inf
RL_Full,10,2,2,3,31,inf
RL_Full,10,2,2,3,32,inf
RL_Full,10,2,2,3,33,inf
RL_Full,10,2,2,3,34,inf
RL_Full,10,2,2,3,35,inf
RL_Full,10,2,2,3,36,inf
RL_Full,10,2,2,3,37,inf
RL_Full,10,2,2,3,38,inf
RL_Full,10,2,2,3,39,inf
RL_Full,10,2,2,3,40,inf
RL_Full,10,2,2,3,41,inf
RL_Full,10,2,2,3,42,inf
RL_Full,10,2,2,3,43,inf
RL_Full,10,2,2,3,44,inf
RL_Full,10,2,2,3,45,inf
RL_Full,10,2,2,3,46,inf
RL_Full,10,2,2,3,47,inf
RL_Full,10,2,2,3,48,inf
RL_Full,10,2,2,3,49,inf
RL_Full,10,2,2,3,50,inf
RL_Full,10,2,2,3,51,inf
RL_Full,10,2,2,3,52,inf
RL_Full,10,2,2,3,53,inf
RL_Full,10,2,2,3,54,inf
RL_Full,10,2,2,3,55,inf
RL_Full,10,2,2,3,56,inf
RL_Full,10,2,2,3,57,inf
RL_Full,10,2,2,3,58,inf
RL_Full,10,2,2,3,59,inf
RL_Full,10,2,2,3,60,inf
RL_Full,10,2,2,3,61,inf
RL_Full,10,2,2,3,62,inf
RL_Full,10,2,2,3,63,inf
RL_Full,10,2,2,3,64,inf
RL_Full,10,2,2,3,65,inf
RL_Full,10,2,2,3,66,inf
RL_Full,10,2,2,3,67,inf
RL_Full,10,2,2,3,68,inf
RL_Full,10,2,2,3,69,inf
RL_Full,10,2,2,3,70,inf
RL_Full,10,2,2,3,71,inf
RL_Full,10,2,2,3,72,inf
RL_Full,10,2,2,3,73,inf
RL_Full,10,2,2,3,74,inf
RL_Full,10,2,2,3,75,inf
RL_Full,10,2,2,3,76,inf
RL_Full,10,2,2,3,77,inf
RL_Full,10,2,2,3,78,inf
RL_Full,10,2,2,3,79,inf
RL_Full,10,2,2,3,80,inf
RL_Full,10,2,2,3,81,inf
RL_Full,10,2,2,3,82,inf
RL_Full,10,2,2,3,83,inf
RL_Full,10,2,2,3,84,inf
RL_Full,10,2,2,3,85,inf
RL_Full,10,2,2,3,86,inf
RL_Full,10,2,2,3,87,inf
RL_Full,10,2,2,3,88,inf
RL_Full,10,2,2,3,89,inf
RL_Full,10,2,2,3,90,inf
RL_Full,10,2,2,3,91,inf
RL_Full,10,2,2,3,92,inf
RL_Full,10,2,2,3,93,inf
RL_Full,10,2,2,3,94,inf
RL_Full,10,2,2,3,95,inf
RL_Full,10,2,2,3,96,inf
RL_Full,10,2,2,3,97,inf
RL_Full,10,2,2,3,98,inf
RL_Full,10,2,2,3,99,inf
RL_Full,10,2,2,3,100,inf
Random,10,2,2,4,1,inf
Random,10,2,2,4,2,inf
Random,10,2,2,4,3,inf
Random,10,2,2,4,4,inf
Random,10,2,2,4,5,inf
Random,10,2,2,4,6,inf
Random,10,2,2,4,7,inf
Random,10,2,2,4,8,inf
Random,10,2,2,4,9,inf
Random,10,2,2,4,10,inf
Random,10,2,2,4,11,inf
Random,10,2,2,4,12,inf
Random,10,2,2,4,13,inf
Random,10,2,2,4,14,inf
Random,10,2,2,4,15,inf
Random,10,2,2,4,16,inf
Random,10,2,2,4,17,inf
Random,10,2,2,4,18,inf
Random,10,2,2,4,19,inf
Random,10,2,2,4,20,586.1677105463281
Random,10,2,2,4,21,586.1677105463281
Random,10,2,2,4,22,586.1677105463281
Random,10,2,2,4,23,586.1677105463281
Random,10,2,2,4,24,586.1677105463281
Random,10,2,2,4,25,586.1677105463281
Random,10,2,2,4,26,586.1677105463281
Random,10,2,2,4,27,586.1677105463281
Random,10,2,2,4,28,586.1677105463281
Random,10,2,2,4,29,586.1677105463281
Random,10,2,2,4,30,586.1677105463281
Random,10,2,2,4,31,586.1677105463281
Random,10,2,2,4,32,586.1677105463281
Random,10,2,2,4,33,586.1677105463281
Random,10,2,2,4,34,586.1677105463281
Random,10,2,2,4,35,586.1677105463281
Random,10,2,2,4,36,586.1677105463281
Random,10,2,2,4,37,586.1677105463281
Random,10,2,2,4,38,586.1677105463281
Random,10,2,2,4,39,586.1677105463281
Random,10,2,2,4,40,586.1677105463281
Random,10,2,2,4,41,586.1677105463281
Random,10,2,2,4,42,586.1677105463281
Random,10,2,2,4,43,586.1677105463281
Random,10,2,2,4,44,586.1677105463281
Random,10,2,2,4,45,586.1677105463281
Random,10,2,2,4,46,586.1677105463281
Random,10,2,2,4,47,586.1677105463281
Random,10,2,2,4,48,586.1677105463281
Random,10,2,2,4,49,586.1677105463281
Random,10,2,2,4,50,586.1677105463281
Random,10,2,2,4,51,586.1677105463281
Random,10,2,2,4,52,586.1677105463281
Random,10,2,2,4,53,586.1677105463281
Random,10,2,2,4,54,586.1677105463281
Random,10,2,2,4,55,586.1677105463281
Random,10,2,2,4,56,586.1677105463281
Random,10,2,2,4,57,586.1677105463281
Random,10,2,2,4,58,586.1677105463281
Random,10,2,2,4,59,586.1677105463281
Random,10,2,2,4,60,586.1677105463281
Random,10,2,2,4,61,586.1677105463281
Random,10,2,2,4,62,586.1677105463281
Random,10,2,2,4,63,586.1677105463281
Random,10,2,2,4,64,586.1677105463281
Random,10,2,2,4,65,586.1677105463281
Random,10,2,2,4,66,586.1677105463281
Random,10,2,2,4,67,586.1677105463281
Random,10,2,2,4,68,586.1677105463281
Random,10,2,2,4,69,586.1677105463281
Random,10,2,2,4,70,586.1677105463281
Random,10,2,2,4,71,586.1677105463281
Random,10,2,2,4,72,586.1677105463281
Random,10,2,2,4,73,586.1677105463281
Random,10,2,2,4,74,586.1677105463281
Random,10,2,2,4,75,586.1677105463281
Random,10,2,2,4,76,586.1677105463281
Random,10,2,2,4,77,586.1677105463281
Random,10,2,2,4,78,586.1677105463281
Random,10,2,2,4,79,586.1677105463281
Random,10,2,2,4,80,586.1677105463281
Random,10,2,2,4,81,586.1677105463281
Random,10,2,2,4,82,586.1677105463281
Random,10,2,2,4,83,586.1677105463281
Random,10,2,2,4,84,586.1677105463281
Random,10,2,2,4,85,586.1677105463281
Random,10,2,2,4,86,586.1677105463281
Random,10,2,2,4,87,586.1677105463281
Random,10,2,2,4,88,586.1677105463281
Random,10,2,2,4,89,586.1677105463281
Random,10,2,2,4,90,586.1677105463281
Random,10,2,2,4,91,586.1677105463281
Random,10,2,2,4,92,586.1677105463281
Random,10,2,2,4,93,586.1677105463281
Random,10,2,2,4,94,586.1677105463281
Random,10,2,2,4,95,586.1677105463281
Random,10,2,2,4,96,586.1677105463281
Random,10,2,2,4,97,586.1677105463281
Random,10,2,2,4,98,586.1677105463281
Random,10,2,2,4,99,586.1677105463281
Random,10,2,2,4,100,586.1677105463281
qLogEI,10,2,2,4,1,inf
qLogEI,10,2,2,4,2,inf
qLogEI,10,2,2,4,3,inf
qLogEI,10,2,2,4,4,inf
qLogEI,10,2,2,4,5,inf
qLogEI,10,2,2,4,6,inf
qLogEI,10,2,2,4,7,inf
qLogEI,10,2,2,4,8,inf
qLogEI,10,2,2,4,9,inf
qLogEI,10,2,2,4,10,inf
qLogEI,10,2,2,4,11,inf
qLogEI,10,2,2,4,12,inf
qLogEI,10,2,2,4,13,inf
qLogEI,10,2,2,4,14,inf
qLogEI,10,2,2,4,15,inf
qLogEI,10,2,2,4,16,inf
qLogEI,10,2,2,4,17,inf
qLogEI,10,2,2,4,18,inf
qLogEI,10,2,2,4,19,inf
qLogEI,10,2,2,4,20,586.1677105463281
qLogEI,10,2,2,4,21,586.1677105463281
qLogEI,10,2,2,4,22,586.1677105463281
qLogEI,10,2,2,4,23,586.1677105463281
qLogEI,10,2,2,4,24,586.1677105463281
qLogEI,10,2,2,4,25,586.1677105463281
qLogEI,10,2,2,4,26,586.1677105463281
qLogEI,10,2,2,4,27,586.1677105463281
qLogEI,10,2,2,4,28,586.1677105463281
qLogEI,10,2,2,4,29,586.1677105463281
qLogEI,10,2,2,4,30,586.1677105463281
qLogEI,10,2,2,4,31,586.1677105463281
qLogEI,10,2,2,4,32,586.1677105463281
qLogEI,10,2,2,4,33,586.1677105463281
qLogEI,10,2,2,4,34,586.1677105463281
qLogEI,10,2,2,4,35,586.1677105463281
qLogEI,10,2,2,4,36,586.1677105463281
qLogEI,10,2,2,4,37,586.1677105463281
qLogEI,10,2,2,4,38,586.1677105463281
qLogEI,10,2,2,4,39,586.1677105463281
qLogEI,10,2,2,4,40,586.1677105463281
qLogEI,10,2,2,4,41,586.1677105463281
qLogEI,10,2,2,4,42,586.1677105463281
qLogEI,10,2,2,4,43,586.1677105463281
qLogEI,10,2,2,4,44,586.1677105463281
qLogEI,10,2,2,4,45,586.1677105463281
qLogEI,10,2,2,4,46,586.1677105463281
qLogEI,10,2,2,4,47,586.1677105463281
qLogEI,10,2,2,4,48,586.1677105463281
qLogEI,10,2,2,4,49,586.1677105463281
qLogEI,10,2,2,4,50,586.1677105463281
qLogEI,10,2,2,4,51,586.1677105463281
qLogEI,10,2,2,4,52,586.1677105463281
qLogEI,10,2,2,4,53,586.1677105463281
qLogEI,10,2,2,4,54,586.1677105463281
qLogEI,10,2,2,4,55,586.1677105463281
qLogEI,10,2,2,4,56,586.1677105463281
qLogEI,10,2,2,4,57,586.1677105463281
qLogEI,10,2,2,4,58,586.1677105463281
qLogEI,10,2,2,4,59,-176.89965937089653
qLogEI,10,2,2,4,60,-176.89965937089653
qLogEI,10,2,2,4,61,-176.89965937089653
qLogEI,10,2,2,4,62,-176.89965937089653
qLogEI,10,2,2,4,63,-176.89965937089653
qLogEI,10,2,2,4,64,-176.89965937089653
qLogEI,10,2,2,4,65,-176.89965937089653
qLogEI,10,2,2,4,66,-176.89965937089653
qLogEI,10,2,2,4,67,-176.89965937089653
qLogEI,10,2,2,4,68,-176.89965937089653
qLogEI,10,2,2,4,69,-176.89965937089653
qLogEI,10,2,2,4,70,-176.89965937089653
qLogEI,10,2,2,4,71,-176.89965937089653
qLogEI,10,2,2,4,72,-176.89965937089653
qLogEI,10,2,2,4,73,-176.89965937089653
qLogEI,10,2,2,4,74,-176.89965937089653
qLogEI,10,2,2,4,75,-176.89965937089653
qLogEI,10,2,2,4,76,-176.89965937089653
qLogEI,10,2,2,4,77,-176.89965937089653
qLogEI,10,2,2,4,78,-176.89965937089653
qLogEI,10,2,2,4,79,-176.89965937089653
qLogEI,10,2,2,4,80,-176.89965937089653
qLogEI,10,2,2,4,81,-176.89965937089653
qLogEI,10,2,2,4,82,-176.89965937089653
qLogEI,10,2,2,4,83,-176.89965937089653
qLogEI,10,2,2,4,84,-176.89965937089653
qLogEI,10,2,2,4,85,-176.89965937089653
qLogEI,10,2,2,4,86,-176.89965937089653
qLogEI,10,2,2,4,87,-176.89965937089653
qLogEI,10,2,2,4,88,-176.89965937089653
qLogEI,10,2,2,4,89,-176.89965937089653
qLogEI,10,2,2,4,90,-176.89965937089653
qLogEI,10,2,2,4,91,-176.89965937089653
qLogEI,10,2,2,4,92,-176.89965937089653
qLogEI,10,2,2,4,93,-176.89965937089653
qLogEI,10,2,2,4,94,-176.89965937089653
qLogEI,10,2,2,4,95,-176.89965937089653
qLogEI,10,2,2,4,96,-176.89965937089653
qLogEI,10,2,2,4,97,-176.89965937089653
qLogEI,10,2,2,4,98,-176.89965937089653
qLogEI,10,2,2,4,99,-176.89965937089653
qLogEI,10,2,2,4,100,-176.89965937089653
RL_Full,10,2,2,4,1,inf
RL_Full,10,2,2,4,2,inf
RL_Full,10,2,2,4,3,inf
RL_Full,10,2,2,4,4,inf
RL_Full,10,2,2,4,5,inf
RL_Full,10,2,2,4,6,inf
RL_Full,10,2,2,4,7,inf
RL_Full,10,2,2,4,8,inf
RL_Full,10,2,2,4,9,inf
RL_Full,10,2,2,4,10,inf
RL_Full,10,2,2,4,11,inf
RL_Full,10,2,2,4,12,inf
RL_Full,10,2,2,4,13,inf
RL_Full,10,2,2,4,14,inf
RL_Full,10,2,2,4,15,inf
RL_Full,10,2,2,4,16,inf
RL_Full,10,2,2,4,17,inf
RL_Full,10,2,2,4,18,inf
RL_Full,10,2,2,4,19,inf
RL_Full,10,2,2,4,20,586.1677105463281
RL_Full,10,2,2,4,21,586.1677105463281
RL_Full,10,2,2,4,22,586.1677105463281
RL_Full,10,2,2,4,23,586.1677105463281
RL_Full,10,2,2,4,24,586.1677105463281
RL_Full,10,2,2,4,25,586.1677105463281
RL_Full,10,2,2,4,26,586.1677105463281
RL_Full,10,2,2,4,27,586.1677105463281
RL_Full,10,2,2,4,28,586.1677105463281
RL_Full,10,2,2,4,29,586.1677105463281
RL_Full,10,2,2,4,30,586.1677105463281
RL_Full,10,2,2,4,31,586.1677105463281
RL_Full,10,2,2,4,32,586.1677105463281
RL_Full,10,2,2,4,33,586.1677105463281
RL_Full,10,2,2,4,34,586.1677105463281
RL_Full,10,2,2,4,35,586.1677105463281
RL_Full,10,2,2,4,36,586.1677105463281
RL_Full,10,2,2,4,37,586.1677105463281
RL_Full,10,2,2,4,38,586.1677105463281
RL_Full,10,2,2,4,39,586.1677105463281
RL_Full,10,2,2,4,40,586.1677105463281
RL_Full,10,2,2,4,41,586.1677105463281
RL_Full,10,2,2,4,42,586.1677105463281
RL_Full,10,2,2,4,43,586.1677105463281
RL_Full,10,2,2,4,44,586.1677105463281
RL_Full,10,2,2,4,45,586.1677105463281
RL_Full,10,2,2,4,46,586.1677105463281
RL_Full,10,2,2,4,47,586.1677105463281
RL_Full,10,2,2,4,48,586.1677105463281
RL_Full,10,2,2,4,49,586.1677105463281
RL_Full,10,2,2,4,50,586.1677105463281
RL_Full,10,2,2,4,51,586.1677105463281
RL_Full,10,2,2,4,52,586.1677105463281
RL_Full,10,2,2,4,53,586.1677105463281
RL_Full,10,2,2,4,54,586.1677105463281
RL_Full,10,2,2,4,55,586.1677105463281
RL_Full,10,2,2,4,56,586.1677105463281
RL_Full,10,2,2,4,57,586.1677105463281
RL_Full,10,2,2,4,58,586.1677105463281
RL_Full,10,2,2,4,59,586.1677105463281
RL_Full,10,2,2,4,60,586.1677105463281
RL_Full,10,2,2,4,61,586.1677105463281
RL_Full,10,2,2,4,62,586.1677105463281
RL_Full,10,2,2,4,63,586.1677105463281
RL_Full,10,2,2,4,64,586.1677105463281
RL_Full,10,2,2,4,65,586.1677105463281
RL_Full,10,2,2,4,66,586.1677105463281
RL_Full,10,2,2,4,67,586.1677105463281
RL_Full,10,2,2,4,68,586.1677105463281
RL_Full,10,2,2,4,69,586.1677105463281
RL_Full,10,2,2,4,70,586.1677105463281
RL_Full,10,2,2,4,71,586.1677105463281
RL_Full,10,2,2,4,72,586.1677105463281
RL_Full,10,2,2,4,73,586.1677105463281
RL_Full,10,2,2,4,74,586.1677105463281
RL_Full,10,2,2,4,75,586.1677105463281
RL_Full,10,2,2,4,76,586.1677105463281
RL_Full,10,2,2,4,77,586.1677105463281
RL_Full,10,2,2,4,78,586.1677105463281
RL_Full,10,2,2,4,79,586.1677105463281
RL_Full,10,2,2,4,80,586.1677105463281
RL_Full,10,2,2,4,81,586.1677105463281
RL_Full,10,2,2,4,82,586.1677105463281
RL_Full,10,2,2,4,83,586.1677105463281
RL_Full,10,2,2,4,84,586.1677105463281
RL_Full,10,2,2,4,85,586.1677105463281
RL_Full,10,2,2,4,86,586.1677105463281
RL_Full,10,2,2,4,87,586.1677105463281
RL_Full,10,2,2,4,88,586.1677105463281
RL_Full,10,2,2,4,89,586.1677105463281
RL_Full,10,2,2,4,90,586.1677105463281
RL_Full,10,2,2,4,91,586.1677105463281
RL_Full,10,2,2,4,92,586.1677105463281
RL_Full,10,2,2,4,93,586.1677105463281
RL_Full,10,2,2,4,94,586.1677105463281
RL_Full,10,2,2,4,95,586.1677105463281
RL_Full,10,2,2,4,96,586.1677105463281
RL_Full,10,2,2,4,97,586.1677105463281
RL_Full,10,2,2,4,98,586.1677105463281
RL_Full,10,2,2,4,99,586.1677105463281
RL_Full,10,2,2,4,100,586.1677105463281
Random,10,2,3,0,1,1709.547164083051
Random,10,2,3,0,2,1709.547164083051
Random,10,2,3,0,3,1709.547164083051
Random,10,2,3,0,4,1709.547164083051
Random,10,2,3,0,5,1709.547164083051
Random,10,2,3,0,6,1709.547164083051
Random,10,2,3,0,7,1709.547164083051
Random,10,2,3,0,8,1709.547164083051
Random,10,2,3,0,9,1709.547164083051
Random,10,2,3,0,10,1709.547164083051
Random,10,2,3,0,11,1709.547164083051
Random,10,2,3,0,12,1709.547164083051
Random,10,2,3,0,13,1709.547164083051
Random,10,2,3,0,14,1709.547164083051
Random,10,2,3,0,15,1709.547164083051
Random,10,2,3,0,16,1709.547164083051
Random,10,2,3,0,17,1709.547164083051
Random,10,2,3,0,18,1709.547164083051
Random,10,2,3,0,19,1709.547164083051
Random,10,2,3,0,20,1709.547164083051
Random,10,2,3,0,21,1709.547164083051
Random,10,2,3,0,22,1709.547164083051
Random,10,2,3,0,23,1709.547164083051
Random,10,2,3,0,24,1709.547164083051
Random,10,2,3,0,25,1709.547164083051
Random,10,2,3,0,26,1709.547164083051
Random,10,2,3,0,27,1709.547164083051
Random,10,2,3,0,28,1709.547164083051
Random,10,2,3,0,29,1709.547164083051
Random,10,2,3,0,30,1709.547164083051
Random,10,2,3,0,31,1709.547164083051
Random,10,2,3,0,32,1709.547164083051
Random,10,2,3,0,33,1709.547164083051
Random,10,2,3,0,34,1709.547164083051
Random,10,2,3,0,35,1709.547164083051
Random,10,2,3,0,36,1709.547164083051
Random,10,2,3,0,37,1709.547164083051
Random,10,2,3,0,38,1709.547164083051
Random,10,2,3,0,39,1709.547164083051
Random,10,2,3,0,40,1709.547164083051
Random,10,2,3,0,41,1709.547164083051
Random,10,2,3,0,42,1709.547164083051
Random,10,2,3,0,43,1709.547164083051
Random,10,2,3,0,44,1709.547164083051
Random,10,2,3,0,45,1709.547164083051
Random,10,2,3,0,46,1709.547164083051
Random,10,2,3,0,47,1709.547164083051
Random,10,2,3,0,48,1709.547164083051
Random,10,2,3,0,49,1709.547164083051
Random,10,2,3,0,50,1709.547164083051
Random,10,2,3,0,51,1709.547164083051
Random,10,2,3,0,52,1709.547164083051
Random,10,2,3,0,53,1709.547164083051
Random,10,2,3,0,54,1709.547164083051
Random,10,2,3,0,55,1709.547164083051
Random,10,2,3,0,56,1709.547164083051
Random,10,2,3,0,57,1709.547164083051
Random,10,2,3,0,58,1709.547164083051
Random,10,2,3,0,59,1709.547164083051
Random,10,2,3,0,60,1709.547164083051
Random,10,2,3,0,61,1709.547164083051
Random,10,2,3,0,62,1709.547164083051
Random,10,2,3,0,63,1709.547164083051
Random,10,2,3,0,64,1709.547164083051
Random,10,2,3,0,65,1709.547164083051
Random,10,2,3,0,66,1709.547164083051
Random,10,2,3,0,67,1709.547164083051
Random,10,2,3,0,68,1709.547164083051
Random,10,2,3,0,69,1709.547164083051
Random,10,2,3,0,70,1709.547164083051
Random,10,2,3,0,71,1709.547164083051
Random,10,2,3,0,72,1709.547164083051
Random,10,2,3,0,73,1709.547164083051
Random,10,2,3,0,74,1709.547164083051
Random,10,2,3,0,75,1709.547164083051
Random,10,2,3,0,76,1709.547164083051
Random,10,2,3,0,77,1709.547164083051
Random,10,2,3,0,78,1709.547164083051
Random,10,2,3,0,79,1709.547164083051
Random,10,2,3,0,80,1709.547164083051
Random,10,2,3,0,81,1709.547164083051
Random,10,2,3,0,82,1709.547164083051
Random,10,2,3,0,83,1709.547164083051
Random,10,2,3,0,84,1709.547164083051
Random,10,2,3,0,85,1709.547164083051
Random,10,2,3,0,86,1709.547164083051
Random,10,2,3,0,87,1709.547164083051
Random,10,2,3,0,88,1709.547164083051
Random,10,2,3,0,89,1709.547164083051
Random,10,2,3,0,90,1709.547164083051
Random,10,2,3,0,91,1709.547164083051
Random,10,2,3,0,92,1709.547164083051
Random,10,2,3,0,93,1709.547164083051
Random,10,2,3,0,94,1709.547164083051
Random,10,2,3,0,95,1709.547164083051
Random,10,2,3,0,96,1709.547164083051
Random,10,2,3,0,97,1709.547164083051
Random,10,2,3,0,98,1709.547164083051
Random,10,2,3,0,99,1709.547164083051
Random,10,2,3,0,100,1709.547164083051
qLogEI,10,2,3,0,1,1709.547164083051
qLogEI,10,2,3,0,2,1709.547164083051
qLogEI,10,2,3,0,3,1709.547164083051
qLogEI,10,2,3,0,4,1709.547164083051
qLogEI,10,2,3,0,5,1709.547164083051
qLogEI,10,2,3,0,6,1709.547164083051
qLogEI,10,2,3,0,7,1709.547164083051
qLogEI,10,2,3,0,8,1709.547164083051
qLogEI,10,2,3,0,9,1709.547164083051
qLogEI,10,2,3,0,10,1709.547164083051
qLogEI,10,2,3,0,11,1709.547164083051
qLogEI,10,2,3,0,12,1709.547164083051
qLogEI,10,2,3,0,13,1709.547164083051
qLogEI,10,2,3,0,14,1709.547164083051
qLogEI,10,2,3,0,15,1709.547164083051
qLogEI,10,2,3,0,16,1709.547164083051
qLogEI,10,2,3,0,17,1709.547164083051
qLogEI,10,2,3,0,18,1709.547164083051
qLogEI,10,2,3,0,19,1709.547164083051
qLogEI,10,2,3,0,20,1709.547164083051
qLogEI,10,2,3,0,21,1709.547164083051
qLogEI,10,2,3,0,22,1709.547164083051
qLogEI,10,2,3,0,23,1709.547164083051
qLogEI,10,2,3,0,24,1709.547164083051
qLogEI,10,2,3,0,25,1709.547164083051
qLogEI,10,2,3,0,26,1709.547164083051
qLogEI,10,2,3,0,27,1709.547164083051
qLogEI,10,2,3,0,28,1709.547164083051
qLogEI,10,2,3,0,29,1709.547164083051
qLogEI,10,2,3,0,30,1709.547164083051
qLogEI,10,2,3,0,31,1709.547164083051
qLogEI,10,2,3,0,32,1709.547164083051
qLogEI,10,2,3,0,33,1709.547164083051
qLogEI,10,2,3,0,34,1709.547164083051
qLogEI,10,2,3,0,35,1709.547164083051
qLogEI,10,2,3,0,36,1709.547164083051
qLogEI,10,2,3,0,37,1709.547164083051
qLogEI,10,2,3,0,38,1709.547164083051
qLogEI,10,2,3,0,39,1709.547164083051
qLogEI,10,2,3,0,40,1709.547164083051
qLogEI,10,2,3,0,41,1709.547164083051
qLogEI,10,2,3,0,42,1709.547164083051
qLogEI,10,2,3,0,43,1709.547164083051
qLogEI,10,2,3,0,44,1709.547164083051
qLogEI,10,2,3,0,45,1709.547164083051
qLogEI,10,2,3,0,46,1709.547164083051
qLogEI,10,2,3,0,47,1709.547164083051
qLogEI,10,2,3,0,48,1709.547164083051
qLogEI,10,2,3,0,49,1709.547164083051
qLogEI,10,2,3,0,50,1709.547164083051
qLogEI,10,2,3,0,51,1709.547164083051
qLogEI,10,2,3,0,52,1709.547164083051
qLogEI,10,2,3,0,53,1709.547164083051
qLogEI,10,2,3,0,54,1709.547164083051
qLogEI,10,2,3,0,55,1709.547164083051
qLogEI,10,2,3,0,56,1709.547164083051
qLogEI,10,2,3,0,57,1709.547164083051
qLogEI,10,2,3,0,58,1709.547164083051
qLogEI,10,2,3,0,59,1709.547164083051
qLogEI,10,2,3,0,60,1709.547164083051
qLogEI,10,2,3,0,61,1709.547164083051
qLogEI,10,2,3,0,62,1709.547164083051
qLogEI,10,2,3,0,63,1709.547164083051
qLogEI,10,2,3,0,64,1709.547164083051
qLogEI,10,2,3,0,65,1709.547164083051
qLogEI,10,2,3,0,66,1709.547164083051
qLogEI,10,2,3,0,67,1709.547164083051
qLogEI,10,2,3,0,68,1709.547164083051
qLogEI,10,2,3,0,69,1709.547164083051
qLogEI,10,2,3,0,70,1709.547164083051
qLogEI,10,2,3,0,71,1709.547164083051
qLogEI,10,2,3,0,72,1709.547164083051
qLogEI,10,2,3,0,73,1709.547164083051
qLogEI,10,2,3,0,74,1709.547164083051
qLogEI,10,2,3,0,75,1709.547164083051
qLogEI,10,2,3,0,76,1709.547164083051
qLogEI,10,2,3,0,77,1709.547164083051
qLogEI,10,2,3,0,78,1709.547164083051
qLogEI,10,2,3,0,79,1709.547164083051
qLogEI,10,2,3,0,80,1709.547164083051
qLogEI,10,2,3,0,81,1709.547164083051
qLogEI,10,2,3,0,82,1709.547164083051
qLogEI,10,2,3,0,83,1709.547164083051
qLogEI,10,2,3,0,84,1709.547164083051
qLogEI,10,2,3,0,85,1709.547164083051
qLogEI,10,2,3,0,86,1709.547164083051
qLogEI,10,2,3,0,87,1709.547164083051
qLogEI,10,2,3,0,88,1709.547164083051
qLogEI,10,2,3,0,89,1709.547164083051
qLogEI,10,2,3,0,90,1709.547164083051
qLogEI,10,2,3,0,91,1709.547164083051
qLogEI,10,2,3,0,92,1709.547164083051
qLogEI,10,2,3,0,93,1709.547164083051
qLogEI,10,2,3,0,94,1709.547164083051
qLogEI,10,2,3,0,95,1709.547164083051
qLogEI,10,2,3,0,96,1709.547164083051
qLogEI,10,2,3,0,97,1709.547164083051
qLogEI,10,2,3,0,98,1709.547164083051
qLogEI,10,2,3,0,99,1709.547164083051
qLogEI,10,2,3,0,100,1709.547164083051
RL_Full,10,2,3,0,1,1709.547164083051
RL_Full,10,2,3,0,2,1709.547164083051
RL_Full,10,2,3,0,3,1709.547164083051
RL_Full,10,2,3,0,4,1709.547164083051
RL_Full,10,2,3,0,5,1709.547164083051
RL_Full,10,2,3,0,6,1709.547164083051
RL_Full,10,2,3,0,7,1709.547164083051
RL_Full,10,2,3,0,8,1709.547164083051
RL_Full,10,2,3,0,9,1709.547164083051
RL_Full,10,2,3,0,10,1709.547164083051
RL_Full,10,2,3,0,11,1709.547164083051
RL_Full,10,2,3,0,12,1709.547164083051
RL_Full,10,2,3,0,13,1709.547164083051
RL_Full,10,2,3,0,14,1709.547164083051
RL_Full,10,2,3,0,15,1709.547164083051
RL_Full,10,2,3,0,16,1709.547164083051
RL_Full,10,2,3,0,17,1709.547164083051
RL_Full,10,2,3,0,18,1709.547164083051
RL_Full,10,2,3,0,19,1709.547164083051
RL_Full,10,2,3,0,20,1709.547164083051
RL_Full,10,2,3,0,21,1709.547164083051
RL_Full,10,2,3,0,22,1709.547164083051
RL_Full,10,2,3,0,23,1709.547164083051
RL_Full,10,2,3,0,24,1709.547164083051
RL_Full,10,2,3,0,25,1709.547164083051
RL_Full,10,2,3,0,26,1709.547164083051
RL_Full,10,2,3,0,27,1709.547164083051
RL_Full,10,2,3,0,28,1709.547164083051
RL_Full,10,2,3,0,29,1709.547164083051
RL_Full,10,2,3,0,30,1709.547164083051
RL_Full,10,2,3,0,31,1709.547164083051
RL_Full,10,2,3,0,32,1709.547164083051
RL_Full,10,2,3,0,33,1709.547164083051
RL_Full,10,2,3,0,34,1709.547164083051
RL_Full,10,2,3,0,35,1709.547164083051
RL_Full,10,2,3,0,36,1709.547164083051
RL_Full,10,2,3,0,37,1709.547164083051
RL_Full,10,2,3,0,38,1709.547164083051
RL_Full,10,2,3,0,39,1709.547164083051
RL_Full,10,2,3,0,40,1709.547164083051
RL_Full,10,2,3,0,41,1709.547164083051
RL_Full,10,2,3,0,42,1709.547164083051
RL_Full,10,2,3,0,43,1709.547164083051
RL_Full,10,2,3,0,44,1709.547164083051
RL_Full,10,2,3,0,45,1709.547164083051
RL_Full,10,2,3,0,46,1709.547164083051
RL_Full,10,2,3,0,47,1709.547164083051
RL_Full,10,2,3,0,48,1709.547164083051
RL_Full,10,2,3,0,49,1709.547164083051
RL_Full,10,2,3,0,50,1709.547164083051
RL_Full,10,2,3,0,51,1709.547164083051
RL_Full,10,2,3,0,52,1709.547164083051
RL_Full,10,2,3,0,53,1709.547164083051
RL_Full,10,2,3,0,54,1709.547164083051
RL_Full,10,2,3,0,55,1709.547164083051
RL_Full,10,2,3,0,56,1709.547164083051
RL_Full,10,2,3,0,57,1709.547164083051
RL_Full,10,2,3,0,58,1709.547164083051
RL_Full,10,2,3,0,59,1709.547164083051
RL_Full,10,2,3,0,60,1709.547164083051
RL_Full,10,2,3,0,61,1709.547164083051
RL_Full,10,2,3,0,62,1709.547164083051
RL_Full,10,2,3,0,63,1709.547164083051
RL_Full,10,2,3,0,64,1709.547164083051
RL_Full,10,2,3,0,65,1709.547164083051
RL_Full,10,2,3,0,66,1709.547164083051
RL_Full,10,2,3,0,67,1709.547164083051
RL_Full,10,2,3,0,68,1709.547164083051
RL_Full,10,2,3,0,69,1709.547164083051
RL_Full,10,2,3,0,70,1709.547164083051
RL_Full,10,2,3,0,71,1709.547164083051
RL_Full,10,2,3,0,72,1709.547164083051
RL_Full,10,2,3,0,73,1709.547164083051
RL_Full,10,2,3,0,74,1709.547164083051
RL_Full,10,2,3,0,75,1709.547164083051
RL_Full,10,2,3,0,76,1709.547164083051
RL_Full,10,2,3,0,77,1709.547164083051
RL_Full,10,2,3,0,78,1709.547164083051
RL_Full,10,2,3,0,79,1709.547164083051
RL_Full,10,2,3,0,80,1709.547164083051
RL_Full,10,2,3,0,81,1709.547164083051
RL_Full,10,2,3,0,82,1709.547164083051
RL_Full,10,2,3,0,83,1709.547164083051
RL_Full,10,2,3,0,84,1709.547164083051
RL_Full,10,2,3,0,85,1709.547164083051
RL_Full,10,2,3,0,86,1709.547164083051
RL_Full,10,2,3,0,87,1709.547164083051
RL_Full,10,2,3,0,88,1709.547164083051
RL_Full,10,2,3,0,89,1709.547164083051
RL_Full,10,2,3,0,90,1709.547164083051
RL_Full,10,2,3,0,91,1709.547164083051
RL_Full,10,2,3,0,92,1709.547164083051
RL_Full,10,2,3,0,93,1709.547164083051
RL_Full,10,2,3,0,94,1709.547164083051
RL_Full,10,2,3,0,95,1709.547164083051
RL_Full,10,2,3,0,96,1709.547164083051
RL_Full,10,2,3,0,97,1709.547164083051
RL_Full,10,2,3,0,98,1709.547164083051
RL_Full,10,2,3,0,99,1709.547164083051
RL_Full,10,2,3,0,100,1709.547164083051
Random,10,2,3,1,1,inf
Random,10,2,3,1,2,inf
Random,10,2,3,1,3,inf
Random,10,2,3,1,4,inf
Random,10,2,3,1,5,inf
Random,10,2,3,1,6,inf
Random,10,2,3,1,7,inf
Random,10,2,3,1,8,inf
Random,10,2,3,1,9,inf
Random,10,2,3,1,10,inf
Random,10,2,3,1,11,inf
Random,10,2,3,1,12,inf
Random,10,2,3,1,13,inf
Random,10,2,3,1,14,inf
Random,10,2,3,1,15,inf
Random,10,2,3,1,16,inf
Random,10,2,3,1,17,inf
Random,10,2,3,1,18,inf
Random,10,2,3,1,19,inf
Random,10,2,3,1,20,inf
Random,10,2,3,1,21,inf
Random,10,2,3,1,22,inf
Random,10,2,3,1,23,inf
Random,10,2,3,1,24,inf
Random,10,2,3,1,25,inf
Random,10,2,3,1,26,inf
Random,10,2,3,1,27,1684.6367186971866
Random,10,2,3,1,28,1684.6367186971866
Random,10,2,3,1,29,1684.6367186971866
Random,10,2,3,1,30,1684.6367186971866
Random,10,2,3,1,31,1684.6367186971866
Random,10,2,3,1,32,1684.6367186971866
Random,10,2,3,1,33,1684.6367186971866
Random,10,2,3,1,34,1684.6367186971866
Random,10,2,3,1,35,1684.6367186971866
Random,10,2,3,1,36,1684.6367186971866
Random,10,2,3,1,37,1684.6367186971866
Random,10,2,3,1,38,1684.6367186971866
Random,10,2,3,1,39,1684.6367186971866
Random,10,2,3,1,40,1684.6367186971866
Random,10,2,3,1,41,1684.6367186971866
Random,10,2,3,1,42,1684.6367186971866
Random,10,2,3,1,43,1684.6367186971866
Random,10,2,3,1,44,1684.6367186971866
Random,10,2,3,1,45,1684.6367186971866
Random,10,2,3,1,46,1684.6367186971866
Random,10,2,3,1,47,1684.6367186971866
Random,10,2,3,1,48,1684.6367186971866
Random,10,2,3,1,49,1684.6367186971866
Random,10,2,3,1,50,1684.6367186971866
Random,10,2,3,1,51,1684.6367186971866
Random,10,2,3,1,52,1684.6367186971866
Random,10,2,3,1,53,1684.6367186971866
Random,10,2,3,1,54,1684.6367186971866
Random,10,2,3,1,55,1684.6367186971866
Random,10,2,3,1,56,1684.6367186971866
Random,10,2,3,1,57,1684.6367186971866
Random,10,2,3,1,58,1684.6367186971866
Random,10,2,3,1,59,1684.6367186971866
Random,10,2,3,1,60,1684.6367186971866
Random,10,2,3,1,61,1684.6367186971866
Random,10,2,3,1,62,1684.6367186971866
Random,10,2,3,1,63,1684.6367186971866
Random,10,2,3,1,64,1684.6367186971866
Random,10,2,3,1,65,1684.6367186971866
Random,10,2,3,1,66,1684.6367186971866
Random,10,2,3,1,67,1684.6367186971866
Random,10,2,3,1,68,1684.6367186971866
Random,10,2,3,1,69,1684.6367186971866
Random,10,2,3,1,70,1684.6367186971866
Random,10,2,3,1,71,1684.6367186971866
Random,10,2,3,1,72,1004.8580745790458
Random,10,2,3,1,73,1004.8580745790458
Random,10,2,3,1,74,1004.8580745790458
Random,10,2,3,1,75,1004.8580745790458
Random,10,2,3,1,76,1004.8580745790458
Random,10,2,3,1,77,1004.8580745790458
Random,10,2,3,1,78,1004.8580745790458
Random,10,2,3,1,79,1004.8580745790458
Random,10,2,3,1,80,1004.8580745790458
Random,10,2,3,1,81,1004.8580745790458
Random,10,2,3,1,82,1004.8580745790458
Random,10,2,3,1,83,1004.8580745790458
Random,10,2,3,1,84,1004.8580745790458
Random,10,2,3,1,85,1004.8580745790458
Random,10,2,3,1,86,1004.8580745790458
Random,10,2,3,1,87,1004.8580745790458
Random,10,2,3,1,88,1004.8580745790458
Random,10,2,3,1,89,1004.8580745790458
Random,10,2,3,1,90,1004.8580745790458
Random,10,2,3,1,91,1004.8580745790458
Random,10,2,3,1,92,1004.8580745790458
Random,10,2,3,1,93,1004.8580745790458
Random,10,2,3,1,94,1004.8580745790458
Random,10,2,3,1,95,1004.8580745790458
Random,10,2,3,1,96,1004.8580745790458
Random,10,2,3,1,97,1004.8580745790458
Random,10,2,3,1,98,1004.8580745790458
Random,10,2,3,1,99,1004.8580745790458
Random,10,2,3,1,100,1004.8580745790458
qLogEI,10,2,3,1,1,inf
qLogEI,10,2,3,1,2,inf
qLogEI,10,2,3,1,3,inf
qLogEI,10,2,3,1,4,inf
qLogEI,10,2,3,1,5,inf
qLogEI,10,2,3,1,6,inf
qLogEI,10,2,3,1,7,inf
qLogEI,10,2,3,1,8,inf
qLogEI,10,2,3,1,9,inf
qLogEI,10,2,3,1,10,inf
qLogEI,10,2,3,1,11,inf
qLogEI,10,2,3,1,12,inf
qLogEI,10,2,3,1,13,inf
qLogEI,10,2,3,1,14,inf
qLogEI,10,2,3,1,15,inf
qLogEI,10,2,3,1,16,inf
qLogEI,10,2,3,1,17,inf
qLogEI,10,2,3,1,18,inf
qLogEI,10,2,3,1,19,inf
qLogEI,10,2,3,1,20,inf
qLogEI,10,2,3,1,21,inf
qLogEI,10,2,3,1,22,inf
qLogEI,10,2,3,1,23,inf
qLogEI,10,2,3,1,24,inf
qLogEI,10,2,3,1,25,inf
qLogEI,10,2,3,1,26,inf
qLogEI,10,2,3,1,27,inf
qLogEI,10,2,3,1,28,inf
qLogEI,10,2,3,1,29,inf
qLogEI,10,2,3,1,30,inf
qLogEI,10,2,3,1,31,inf
qLogEI,10,2,3,1,32,inf
qLogEI,10,2,3,1,33,inf
qLogEI,10,2,3,1,34,inf
qLogEI,10,2,3,1,35,inf
qLogEI,10,2,3,1,36,inf
qLogEI,10,2,3,1,37,inf
qLogEI,10,2,3,1,38,inf
qLogEI,10,2,3,1,39,inf
qLogEI,10,2,3,1,40,inf
qLogEI,10,2,3,1,41,inf
qLogEI,10,2,3,1,42,inf
qLogEI,10,2,3,1,43,inf
qLogEI,10,2,3,1,44,inf
qLogEI,10,2,3,1,45,inf
qLogEI,10,2,3,1,46,inf
qLogEI,10,2,3,1,47,inf
qLogEI,10,2,3,1,48,inf
qLogEI,10,2,3,1,49,inf
qLogEI,10,2,3,1,50,inf
qLogEI,10,2,3,1,51,inf
qLogEI,10,2,3,1,52,inf
qLogEI,10,2,3,1,53,inf
qLogEI,10,2,3,1,54,inf
qLogEI,10,2,3,1,55,inf
qLogEI,10,2,3,1,56,inf
qLogEI,10,2,3,1,57,inf
qLogEI,10,2,3,1,58,inf
qLogEI,10,2,3,1,59,inf
qLogEI,10,2,3,1,60,inf
qLogEI,10,2,3,1,61,inf
qLogEI,10,2,3,1,62,inf
qLogEI,10,2,3,1,63,inf
qLogEI,10,2,3,1,64,inf
qLogEI,10,2,3,1,65,inf
qLogEI,10,2,3,1,66,inf
qLogEI,10,2,3,1,67,inf
qLogEI,10,2,3,1,68,inf
qLogEI,10,2,3,1,69,inf
qLogEI,10,2,3,1,70,inf
qLogEI,10,2,3,1,71,inf
qLogEI,10,2,3,1,72,inf
qLogEI,10,2,3,1,73,inf
qLogEI,10,2,3,1,74,inf
qLogEI,10,2,3,1,75,inf
qLogEI,10,2,3,1,76,inf
qLogEI,10,2,3,1,77,inf
qLogEI,10,2,3,1,78,inf
qLogEI,10,2,3,1,79,inf
qLogEI,10,2,3,1,80,inf
qLogEI,10,2,3,1,81,inf
qLogEI,10,2,3,1,82,inf
qLogEI,10,2,3,1,83,inf
qLogEI,10,2,3,1,84,inf
qLogEI,10,2,3,1,85,inf
qLogEI,10,2,3,1,86,inf
qLogEI,10,2,3,1,87,inf
qLogEI,10,2,3,1,88,inf
qLogEI,10,2,3,1,89,inf
qLogEI,10,2,3,1,90,inf
qLogEI,10,2,3,1,91,inf
qLogEI,10,2,3,1,92,inf
qLogEI,10,2,3,1,93,inf
qLogEI,10,2,3,1,94,inf
qLogEI,10,2,3,1,95,inf
qLogEI,10,2,3,1,96,inf
qLogEI,10,2,3,1,97,inf
qLogEI,10,2,3,1,98,inf
qLogEI,10,2,3,1,99,inf
qLogEI,10,2,3,1,100,inf
RL_Full,10,2,3,1,1,inf
RL_Full,10,2,3,1,2,inf
RL_Full,10,2,3,1,3,inf
RL_Full,10,2,3,1,4,inf
RL_Full,10,2,3,1,5,inf
RL_Full,10,2,3,1,6,inf
RL_Full,10,2,3,1,7,inf
RL_Full,10,2,3,1,8,inf
RL_Full,10,2,3,1,9,inf
RL_Full,10,2,3,1,10,inf
RL_Full,10,2,3,1,11,inf
RL_Full,10,2,3,1,12,inf
RL_Full,10,2,3,1,13,inf
RL_Full,10,2,3,1,14,inf
RL_Full,10,2,3,1,15,inf
RL_Full,10,2,3,1,16,inf
RL_Full,10,2,3,1,17,inf
RL_Full,10,2,3,1,18,inf
RL_Full,10,2,3,1,19,inf
RL_Full,10,2,3,1,20,inf
RL_Full,10,2,3,1,21,inf
RL_Full,10,2,3,1,22,inf
RL_Full,10,2,3,1,23,inf
RL_Full,10,2,3,1,24,inf
RL_Full,10,2,3,1,25,inf
RL_Full,10,2,3,1,26,inf
RL_Full,10,2,3,1,27,inf
RL_Full,10,2,3,1,28,inf
RL_Full,10,2,3,1,29,inf
RL_Full,10,2,3,1,30,inf
RL_Full,10,2,3,1,31,inf
RL_Full,10,2,3,1,32,inf
RL_Full,10,2,3,1,33,inf
RL_Full,10,2,3,1,34,inf
RL_Full,10,2,3,1,35,inf
RL_Full,10,2,3,1,36,inf
RL_Full,10,2,3,1,37,inf
RL_Full,10,2,3,1,38,inf
RL_Full,10,2,3,1,39,inf
RL_Full,10,2,3,1,40,inf
RL_Full,10,2,3,1,41,inf
RL_Full,10,2,3,1,42,inf
RL_Full,10,2,3,1,43,inf
RL_Full,10,2,3,1,44,inf
RL_Full,10,2,3,1,45,inf
RL_Full,10,2,3,1,46,inf
RL_Full,10,2,3,1,47,inf
RL_Full,10,2,3,1,48,inf
RL_Full,10,2,3,1,49,inf
RL_Full,10,2,3,1,50,inf
RL_Full,10,2,3,1,51,inf
RL_Full,10,2,3,1,52,inf
RL_Full,10,2,3,1,53,inf
RL_Full,10,2,3,1,54,inf
RL_Full,10,2,3,1,55,inf
RL_Full,10,2,3,1,56,inf
RL_Full,10,2,3,1,57,inf
RL_Full,10,2,3,1,58,inf
RL_Full,10,2,3,1,59,inf
RL_Full,10,2,3,1,60,inf
RL_Full,10,2,3,1,61,inf
RL_Full,10,2,3,1,62,inf
RL_Full,10,2,3,1,63,inf
RL_Full,10,2,3,1,64,inf
RL_Full,10,2,3,1,65,inf
RL_Full,10,2,3,1,66,inf
RL_Full,10,2,3,1,67,inf
RL_Full,10,2,3,1,68,inf
RL_Full,10,2,3,1,69,inf
RL_Full,10,2,3,1,70,inf
RL_Full,10,2,3,1,71,inf
RL_Full,10,2,3,1,72,inf
RL_Full,10,2,3,1,73,inf
RL_Full,10,2,3,1,74,inf
RL_Full,10,2,3,1,75,inf
RL_Full,10,2,3,1,76,inf
RL_Full,10,2,3,1,77,inf
RL_Full,10,2,3,1,78,inf
RL_Full,10,2,3,1,79,inf
RL_Full,10,2,3,1,80,inf
RL_Full,10,2,3,1,81,inf
RL_Full,10,2,3,1,82,inf
RL_Full,10,2,3,1,83,inf
RL_Full,10,2,3,1,84,inf
RL_Full,10,2,3,1,85,inf
RL_Full,10,2,3,1,86,inf
RL_Full,10,2,3,1,87,inf
RL_Full,10,2,3,1,88,inf
RL_Full,10,2,3,1,89,inf
RL_Full,10,2,3,1,90,inf
RL_Full,10,2,3,1,91,inf
RL_Full,10,2,3,1,92,inf
RL_Full,10,2,3,1,93,inf
RL_Full,10,2,3,1,94,inf
RL_Full,10,2,3,1,95,inf
RL_Full,10,2,3,1,96,inf
RL_Full,10,2,3,1,97,inf
RL_Full,10,2,3,1,98,inf
RL_Full,10,2,3,1,99,inf
RL_Full,10,2,3,1,100,inf
Random,10,2,3,2,1,2119.144865334256
Random,10,2,3,2,2,2119.144865334256
Random,10,2,3,2,3,2119.144865334256
Random,10,2,3,2,4,2119.144865334256
Random,10,2,3,2,5,2119.144865334256
Random,10,2,3,2,6,2119.144865334256
Random,10,2,3,2,7,2119.144865334256
Random,10,2,3,2,8,2119.144865334256
Random,10,2,3,2,9,2119.144865334256
Random,10,2,3,2,10,2119.144865334256
Random,10,2,3,2,11,2119.144865334256
Random,10,2,3,2,12,2119.144865334256
Random,10,2,3,2,13,2119.144865334256
Random,10,2,3,2,14,2119.144865334256
Random,10,2,3,2,15,2119.144865334256
Random,10,2,3,2,16,2119.144865334256
Random,10,2,3,2,17,2119.144865334256
Random,10,2,3,2,18,2119.144865334256
Random,10,2,3,2,19,2119.144865334256
Random,10,2,3,2,20,2119.144865334256
Random,10,2,3,2,21,2119.144865334256
Random,10,2,3,2,22,1542.8585962616694
Random,10,2,3,2,23,1542.8585962616694
Random,10,2,3,2,24,1542.8585962616694
Random,10,2,3,2,25,1542.8585962616694
Random,10,2,3,2,26,1542.8585962616694
Random,10,2,3,2,27,1542.8585962616694
Random,10,2,3,2,28,1542.8585962616694
Random,10,2,3,2,29,1542.8585962616694
Random,10,2,3,2,30,1542.8585962616694
Random,10,2,3,2,31,1542.8585962616694
Random,10,2,3,2,32,1542.8585962616694
Random,10,2,3,2,33,1542.8585962616694
Random,10,2,3,2,34,1542.8585962616694
Random,10,2,3,2,35,1542.8585962616694
Random,10,2,3,2,36,1542.8585962616694
Random,10,2,3,2,37,1542.8585962616694
Random,10,2,3,2,38,1542.8585962616694
Random,10,2,3,2,39,1542.8585962616694
Random,10,2,3,2,40,1542.8585962616694
Random,10,2,3,2,41,955.8440563944829
Random,10,2,3,2,42,955.8440563944829
Random,10,2,3,2,43,955.8440563944829
Random,10,2,3,2,44,955.8440563944829
Random,10,2,3,2,45,955.8440563944829
Random,10,2,3,2,46,955.8440563944829
Random,10,2,3,2,47,955.8440563944829
Random,10,2,3,2,48,955.8440563944829
Random,10,2,3,2,49,955.8440563944829
Random,10,2,3,2,50,955.8440563944829
Random,10,2,3,2,51,955.8440563944829
Random,10,2,3,2,52,955.8440563944829
Random,10,2,3,2,53,955.8440563944829
Random,10,2,3,2,54,955.8440563944829
Random,10,2,3,2,55,955.8440563944829
Random,10,2,3,2,56,955.8440563944829
Random,10,2,3,2,57,955.8440563944829
Random,10,2,3,2,58,955.8440563944829
Random,10,2,3,2,59,955.8440563944829
Random,10,2,3,2,60,955.8440563944829
Random,10,2,3,2,61,955.8440563944829
Random,10,2,3,2,62,955.8440563944829
Random,10,2,3,2,63,955.8440563944829
Random,10,2,3,2,64,955.8440563944829
Random,10,2,3,2,65,955.8440563944829
Random,10,2,3,2,66,955.8440563944829
Random,10,2,3,2,67,955.8440563944829
Random,10,2,3,2,68,955.8440563944829
Random,10,2,3,2,69,955.8440563944829
Random,10,2,3,2,70,955.8440563944829
Random,10,2,3,2,71,955.8440563944829
Random,10,2,3,2,72,955.8440563944829
Random,10,2,3,2,73,955.8440563944829
Random,10,2,3,2,74,955.8440563944829
Random,10,2,3,2,75,955.8440563944829
Random,10,2,3,2,76,955.8440563944829
Random,10,2,3,2,77,955.8440563944829
Random,10,2,3,2,78,955.8440563944829
Random,10,2,3,2,79,955.8440563944829
Random,10,2,3,2,80,955.8440563944829
Random,10,2,3,2,81,955.8440563944829
Random,10,2,3,2,82,955.8440563944829
Random,10,2,3,2,83,955.8440563944829
Random,10,2,3,2,84,955.8440563944829
Random,10,2,3,2,85,955.8440563944829
Random,10,2,3,2,86,955.8440563944829
Random,10,2,3,2,87,955.8440563944829
Random,10,2,3,2,88,955.8440563944829
Random,10,2,3,2,89,955.8440563944829
Random,10,2,3,2,90,955.8440563944829
Random,10,2,3,2,91,955.8440563944829
Random,10,2,3,2,92,955.8440563944829
Random,10,2,3,2,93,955.8440563944829
Random,10,2,3,2,94,955.8440563944829
Random,10,2,3,2,95,955.8440563944829
Random,10,2,3,2,96,955.8440563944829
Random,10,2,3,2,97,955.8440563944829
Random,10,2,3,2,98,955.8440563944829
Random,10,2,3,2,99,955.8440563944829
Random,10,2,3,2,100,955.8440563944829
qLogEI,10,2,3,2,1,2119.144865334256
qLogEI,10,2,3,2,2,2119.144865334256
qLogEI,10,2,3,2,3,2119.144865334256
qLogEI,10,2,3,2,4,2119.144865334256
qLogEI,10,2,3,2,5,2119.144865334256
qLogEI,10,2,3,2,6,2119.144865334256
qLogEI,10,2,3,2,7,2119.144865334256
qLogEI,10,2,3,2,8,2119.144865334256
qLogEI,10,2,3,2,9,2119.144865334256
qLogEI,10,2,3,2,10,2119.144865334256
qLogEI,10,2,3,2,11,2119.144865334256
qLogEI,10,2,3,2,12,2119.144865334256
qLogEI,10,2,3,2,13,2119.144865334256
qLogEI,10,2,3,2,14,2119.144865334256
qLogEI,10,2,3,2,15,2119.144865334256
qLogEI,10,2,3,2,16,2119.144865334256
qLogEI,10,2,3,2,17,2119.144865334256
qLogEI,10,2,3,2,18,2119.144865334256
qLogEI,10,2,3,2,19,2119.144865334256
qLogEI,10,2,3,2,20,2119.144865334256
qLogEI,10,2,3,2,21,2119.144865334256
qLogEI,10,2,3,2,22,2119.144865334256
qLogEI,10,2,3,2,23,2119.144865334256
qLogEI,10,2,3,2,24,2119.144865334256
qLogEI,10,2,3,2,25,2119.144865334256
qLogEI,10,2,3,2,26,2119.144865334256
qLogEI,10,2,3,2,27,2119.144865334256
qLogEI,10,2,3,2,28,2119.144865334256
qLogEI,10,2,3,2,29,2119.144865334256
qLogEI,10,2,3,2,30,2119.144865334256
qLogEI,10,2,3,2,31,2119.144865334256
qLogEI,10,2,3,2,32,2119.144865334256
qLogEI,10,2,3,2,33,2119.144865334256
qLogEI,10,2,3,2,34,2119.144865334256
qLogEI,10,2,3,2,35,2119.144865334256
qLogEI,10,2,3,2,36,2119.144865334256
qLogEI,10,2,3,2,37,2119.144865334256
qLogEI,10,2,3,2,38,2119.144865334256
qLogEI,10,2,3,2,39,2119.144865334256
qLogEI,10,2,3,2,40,2119.144865334256
qLogEI,10,2,3,2,41,2119.144865334256
qLogEI,10,2,3,2,42,2119.144865334256
qLogEI,10,2,3,2,43,2119.144865334256
qLogEI,10,2,3,2,44,2119.144865334256
qLogEI,10,2,3,2,45,2119.144865334256
qLogEI,10,2,3,2,46,2119.144865334256
qLogEI,10,2,3,2,47,2119.144865334256
qLogEI,10,2,3,2,48,2119.144865334256
qLogEI,10,2,3,2,49,2119.144865334256
qLogEI,10,2,3,2,50,2119.144865334256
qLogEI,10,2,3,2,51,2119.144865334256
qLogEI,10,2,3,2,52,2119.144865334256
qLogEI,10,2,3,2,53,2119.144865334256
qLogEI,10,2,3,2,54,2119.144865334256
qLogEI,10,2,3,2,55,2119.144865334256
qLogEI,10,2,3,2,56,2119.144865334256
qLogEI,10,2,3,2,57,2119.144865334256
qLogEI,10,2,3,2,58,2119.144865334256
qLogEI,10,2,3,2,59,2119.144865334256
qLogEI,10,2,3,2,60,2119.144865334256
qLogEI,10,2,3,2,61,2119.144865334256
qLogEI,10,2,3,2,62,2119.144865334256
qLogEI,10,2,3,2,63,2119.144865334256
qLogEI,10,2,3,2,64,2119.144865334256
qLogEI,10,2,3,2,65,2119.144865334256
qLogEI,10,2,3,2,66,2119.144865334256
qLogEI,10,2,3,2,67,2119.144865334256
qLogEI,10,2,3,2,68,2119.144865334256
qLogEI,10,2,3,2,69,2119.144865334256
qLogEI,10,2,3,2,70,2119.144865334256
qLogEI,10,2,3,2,71,2119.144865334256
qLogEI,10,2,3,2,72,2119.144865334256
qLogEI,10,2,3,2,73,2119.144865334256
qLogEI,10,2,3,2,74,2119.144865334256
qLogEI,10,2,3,2,75,2119.144865334256
qLogEI,10,2,3,2,76,2119.144865334256
qLogEI,10,2,3,2,77,2119.144865334256
qLogEI,10,2,3,2,78,2119.144865334256
qLogEI,10,2,3,2,79,2119.144865334256
qLogEI,10,2,3,2,80,2119.144865334256
qLogEI,10,2,3,2,81,2119.144865334256
qLogEI,10,2,3,2,82,2119.144865334256
qLogEI,10,2,3,2,83,2119.144865334256
qLogEI,10,2,3,2,84,2119.144865334256
qLogEI,10,2,3,2,85,2119.144865334256
qLogEI,10,2,3,2,86,2119.144865334256
qLogEI,10,2,3,2,87,2119.144865334256
qLogEI,10,2,3,2,88,2119.144865334256
qLogEI,10,2,3,2,89,2119.144865334256
qLogEI,10,2,3,2,90,2119.144865334256
qLogEI,10,2,3,2,91,2119.144865334256
qLogEI,10,2,3,2,92,2119.144865334256
qLogEI,10,2,3,2,93,2119.144865334256
qLogEI,10,2,3,2,94,2119.144865334256
qLogEI,10,2,3,2,95,2119.144865334256
qLogEI,10,2,3,2,96,2119.144865334256
qLogEI,10,2,3,2,97,2119.144865334256
qLogEI,10,2,3,2,98,2119.144865334256
qLogEI,10,2,3,2,99,2119.144865334256
qLogEI,10,2,3,2,100,2119.144865334256
RL_Full,10,2,3,2,1,2119.144865334256
RL_Full,10,2,3,2,2,2119.144865334256
RL_Full,10,2,3,2,3,2119.144865334256
RL_Full,10,2,3,2,4,2119.144865334256
RL_Full,10,2,3,2,5,2119.144865334256
RL_Full,10,2,3,2,6,2119.144865334256
RL_Full,10,2,3,2,7,2119.144865334256
RL_Full,10,2,3,2,8,2119.144865334256
RL_Full,10,2,3,2,9,2119.144865334256
RL_Full,10,2,3,2,10,2119.144865334256
RL_Full,10,2,3,2,11,2119.144865334256
RL_Full,10,2,3,2,12,2119.144865334256
RL_Full,10,2,3,2,13,2119.144865334256
RL_Full,10,2,3,2,14,2119.144865334256
RL_Full,10,2,3,2,15,2119.144865334256
RL_Full,10,2,3,2,16,2119.144865334256
RL_Full,10,2,3,2,17,2119.144865334256
RL_Full,10,2,3,2,18,2119.144865334256
RL_Full,10,2,3,2,19,2119.144865334256
RL_Full,10,2,3,2,20,2119.144865334256
RL_Full,10,2,3,2,21,2119.144865334256
RL_Full,10,2,3,2,22,2119.144865334256
RL_Full,10,2,3,2,23,2119.144865334256
RL_Full,10,2,3,2,24,2119.144865334256
RL_Full,10,2,3,2,25,2119.144865334256
RL_Full,10,2,3,2,26,2119.144865334256
RL_Full,10,2,3,2,27,2119.144865334256
RL_Full,10,2,3,2,28,2119.144865334256
RL_Full,10,2,3,2,29,2119.144865334256
RL_Full,10,2,3,2,30,2119.144865334256
RL_Full,10,2,3,2,31,2119.144865334256
RL_Full,10,2,3,2,32,2119.144865334256
RL_Full,10,2,3,2,33,2119.144865334256
RL_Full,10,2,3,2,34,2119.144865334256
RL_Full,10,2,3,2,35,2119.144865334256
RL_Full,10,2,3,2,36,2119.144865334256
RL_Full,10,2,3,2,37,2119.144865334256
RL_Full,10,2,3,2,38,2119.144865334256
RL_Full,10,2,3,2,39,2119.144865334256
RL_Full,10,2,3,2,40,2119.144865334256
RL_Full,10,2,3,2,41,2119.144865334256
RL_Full,10,2,3,2,42,2119.144865334256
RL_Full,10,2,3,2,43,2119.144865334256
RL_Full,10,2,3,2,44,2119.144865334256
RL_Full,10,2,3,2,45,2119.144865334256
RL_Full,10,2,3,2,46,2119.144865334256
RL_Full,10,2,3,2,47,2119.144865334256
RL_Full,10,2,3,2,48,2119.144865334256
RL_Full,10,2,3,2,49,2119.144865334256
RL_Full,10,2,3,2,50,2119.144865334256
RL_Full,10,2,3,2,51,2119.144865334256
RL_Full,10,2,3,2,52,2119.144865334256
RL_Full,10,2,3,2,53,2119.144865334256
RL_Full,10,2,3,2,54,2119.144865334256
RL_Full,10,2,3,2,55,2119.144865334256
RL_Full,10,2,3,2,56,2119.144865334256
RL_Full,10,2,3,2,57,2119.144865334256
RL_Full,10,2,3,2,58,2119.144865334256
RL_Full,10,2,3,2,59,2119.144865334256
RL_Full,10,2,3,2,60,2119.144865334256
RL_Full,10,2,3,2,61,2119.144865334256
RL_Full,10,2,3,2,62,2119.144865334256
RL_Full,10,2,3,2,63,2119.144865334256
RL_Full,10,2,3,2,64,2119.144865334256
RL_Full,10,2,3,2,65,2119.144865334256
RL_Full,10,2,3,2,66,2119.144865334256
RL_Full,10,2,3,2,67,2119.144865334256
RL_Full,10,2,3,2,68,2119.144865334256
RL_Full,10,2,3,2,69,2119.144865334256
RL_Full,10,2,3,2,70,2119.144865334256
RL_Full,10,2,3,2,71,2119.144865334256
RL_Full,10,2,3,2,72,2119.144865334256
RL_Full,10,2,3,2,73,2119.144865334256
RL_Full,10,2,3,2,74,2119.144865334256
RL_Full,10,2,3,2,75,2119.144865334256
RL_Full,10,2,3,2,76,2119.144865334256
RL_Full,10,2,3,2,77,2119.144865334256
RL_Full,10,2,3,2,78,2119.144865334256
RL_Full,10,2,3,2,79,2119.144865334256
RL_Full,10,2,3,2,80,2119.144865334256
RL_Full,10,2,3,2,81,2119.144865334256
RL_Full,10,2,3,2,82,2119.144865334256
RL_Full,10,2,3,2,83,2119.144865334256
RL_Full,10,2,3,2,84,2119.144865334256
RL_Full,10,2,3,2,85,2119.144865334256
RL_Full,10,2,3,2,86,2119.144865334256
RL_Full,10,2,3,2,87,2119.144865334256
RL_Full,10,2,3,2,88,2119.144865334256
RL_Full,10,2,3,2,89,2119.144865334256
RL_Full,10,2,3,2,90,2119.144865334256
RL_Full,10,2,3,2,91,2119.144865334256
RL_Full,10,2,3,2,92,2119.144865334256
RL_Full,10,2,3,2,93,2119.144865334256
RL_Full,10,2,3,2,94,2119.144865334256
RL_Full,10,2,3,2,95,2119.144865334256
RL_Full,10,2,3,2,96,2119.144865334256
RL_Full,10,2,3,2,97,2119.144865334256
RL_Full,10,2,3,2,98,2119.144865334256
RL_Full,10,2,3,2,99,2119.144865334256
RL_Full,10,2,3,2,100,2119.144865334256
Random,10,2,3,3,1,inf
Random,10,2,3,3,2,inf
Random,10,2,3,3,3,inf
Random,10,2,3,3,4,inf
Random,10,2,3,3,5,inf
Random,10,2,3,3,6,inf
Random,10,2,3,3,7,inf
Random,10,2,3,3,8,inf
Random,10,2,3,3,9,inf
Random,10,2,3,3,10,inf
Random,10,2,3,3,11,inf
Random,10,2,3,3,12,inf
Random,10,2,3,3,13,2012.444647898551
Random,10,2,3,3,14,2012.444647898551
Random,10,2,3,3,15,2012.444647898551
Random,10,2,3,3,16,2012.444647898551
Random,10,2,3,3,17,2012.444647898551
Random,10,2,3,3,18,2012.444647898551
Random,10,2,3,3,19,2012.444647898551
Random,10,2,3,3,20,2012.444647898551
Random,10,2,3,3,21,2012.444647898551
Random,10,2,3,3,22,2012.444647898551
Random,10,2,3,3,23,2012.444647898551
Random,10,2,3,3,24,2012.444647898551
Random,10,2,3,3,25,2012.444647898551
Random,10,2,3,3,26,1298.1957277792453
Random,10,2,3,3,27,1298.1957277792453
Random,10,2,3,3,28,1298.1957277792453
Random,10,2,3,3,29,1298.1957277792453
Random,10,2,3,3,30,1298.1957277792453
Random,10,2,3,3,31,1298.1957277792453
Random,10,2,3,3,32,1298.1957277792453
Random,10,2,3,3,33,1298.1957277792453
Random,10,2,3,3,34,1298.1957277792453
Random,10,2,3,3,35,1298.1957277792453
Random,10,2,3,3,36,1298.1957277792453
Random,10,2,3,3,37,1298.1957277792453
Random,10,2,3,3,38,1298.1957277792453
Random,10,2,3,3,39,1298.1957277792453
Random,10,2,3,3,40,1298.1957277792453
Random,10,2,3,3,41,1298.1957277792453
Random,10,2,3,3,42,1298.1957277792453
Random,10,2,3,3,43,1298.1957277792453
Random,10,2,3,3,44,1298.1957277792453
Random,10,2,3,3,45,1298.1957277792453
Random,10,2,3,3,46,1298.1957277792453
Random,10,2,3,3,47,1298.1957277792453
Random,10,2,3,3,48,1298.1957277792453
Random,10,2,3,3,49,1298.1957277792453
Random,10,2,3,3,50,1298.1957277792453
Random,10,2,3,3,51,1298.1957277792453
Random,10,2,3,3,52,1298.1957277792453
Random,10,2,3,3,53,1298.1957277792453
Random,10,2,3,3,54,1298.1957277792453
Random,10,2,3,3,55,1298.1957277792453
Random,10,2,3,3,56,1298.1957277792453
Random,10,2,3,3,57,1298.1957277792453
Random,10,2,3,3,58,1298.1957277792453
Random,10,2,3,3,59,1298.1957277792453
Random,10,2,3,3,60,1298.1957277792453
Random,10,2,3,3,61,1298.1957277792453
Random,10,2,3,3,62,1298.1957277792453
Random,10,2,3,3,63,1298.1957277792453
Random,10,2,3,3,64,1298.1957277792453
Random,10,2,3,3,65,1298.1957277792453
Random,10,2,3,3,66,1298.1957277792453
Random,10,2,3,3,67,1298.1957277792453
Random,10,2,3,3,68,1298.1957277792453
Random,10,2,3,3,69,1298.1957277792453
Random,10,2,3,3,70,1298.1957277792453
Random,10,2,3,3,71,1298.1957277792453
Random,10,2,3,3,72,1298.1957277792453
Random,10,2,3,3,73,1298.1957277792453
Random,10,2,3,3,74,1298.1957277792453
Random,10,2,3,3,75,1298.1957277792453
Random,10,2,3,3,76,1298.1957277792453
Random,10,2,3,3,77,1298.1957277792453
Random,10,2,3,3,78,1298.1957277792453
Random,10,2,3,3,79,1298.1957277792453
Random,10,2,3,3,80,1298.1957277792453
Random,10,2,3,3,81,1298.1957277792453
Random,10,2,3,3,82,1298.1957277792453
Random,10,2,3,3,83,1298.1957277792453
Random,10,2,3,3,84,1298.1957277792453
Random,10,2,3,3,85,1298.1957277792453
Random,10,2,3,3,86,1298.1957277792453
Random,10,2,3,3,87,1298.1957277792453
Random,10,2,3,3,88,1298.1957277792453
Random,10,2,3,3,89,1298.1957277792453
Random,10,2,3,3,90,1298.1957277792453
Random,10,2,3,3,91,1298.1957277792453
Random,10,2,3,3,92,1298.1957277792453
Random,10,2,3,3,93,1298.1957277792453
Random,10,2,3,3,94,1298.1957277792453
Random,10,2,3,3,95,1298.1957277792453
Random,10,2,3,3,96,1298.1957277792453
Random,10,2,3,3,97,1298.1957277792453
Random,10,2,3,3,98,1298.1957277792453
Random,10,2,3,3,99,1298.1957277792453
Random,10,2,3,3,100,1298.1957277792453
qLogEI,10,2,3,3,1,inf
qLogEI,10,2,3,3,2,inf
qLogEI,10,2,3,3,3,inf
qLogEI,10,2,3,3,4,inf
qLogEI,10,2,3,3,5,inf
qLogEI,10,2,3,3,6,inf
qLogEI,10,2,3,3,7,inf
qLogEI,10,2,3,3,8,inf
qLogEI,10,2,3,3,9,inf
qLogEI,10,2,3,3,10,inf
qLogEI,10,2,3,3,11,inf
qLogEI,10,2,3,3,12,inf
qLogEI,10,2,3,3,13,2012.444647898551
qLogEI,10,2,3,3,14,2012.444647898551
qLogEI,10,2,3,3,15,2012.444647898551
qLogEI,10,2,3,3,16,2012.444647898551
qLogEI,10,2,3,3,17,2012.444647898551
qLogEI,10,2,3,3,18,2012.444647898551
qLogEI,10,2,3,3,19,2012.444647898551
qLogEI,10,2,3,3,20,2012.444647898551
qLogEI,10,2,3,3,21,2012.444647898551
qLogEI,10,2,3,3,22,2012.444647898551
qLogEI,10,2,3,3,23,2012.444647898551
qLogEI,10,2,3,3,24,2012.444647898551
qLogEI,10,2,3,3,25,2012.444647898551
qLogEI,10,2,3,3,26,2012.444647898551
qLogEI,10,2,3,3,27,2012.444647898551
qLogEI,10,2,3,3,28,2012.444647898551
qLogEI,10,2,3,3,29,2012.444647898551
qLogEI,10,2,3,3,30,2012.444647898551
qLogEI,10,2,3,3,31,2012.444647898551
qLogEI,10,2,3,3,32,2012.444647898551
qLogEI,10,2,3,3,33,2012.444647898551
qLogEI,10,2,3,3,34,2012.444647898551
qLogEI,10,2,3,3,35,2012.444647898551
qLogEI,10,2,3,3,36,2012.444647898551
qLogEI,10,2,3,3,37,2012.444647898551
qLogEI,10,2,3,3,38,2012.444647898551
qLogEI,10,2,3,3,39,2012.444647898551
qLogEI,10,2,3,3,40,2012.444647898551
qLogEI,10,2,3,3,41,2012.444647898551
qLogEI,10,2,3,3,42,2012.444647898551
qLogEI,10,2,3,3,43,2012.444647898551
qLogEI,10,2,3,3,44,2012.444647898551
qLogEI,10,2,3,3,45,2012.444647898551
qLogEI,10,2,3,3,46,2012.444647898551
qLogEI,10,2,3,3,47,2012.444647898551
qLogEI,10,2,3,3,48,2012.444647898551
qLogEI,10,2,3,3,49,2012.444647898551
qLogEI,10,2,3,3,50,2012.444647898551
qLogEI,10,2,3,3,51,2012.444647898551
qLogEI,10,2,3,3,52,2012.444647898551
qLogEI,10,2,3,3,53,2012.444647898551
qLogEI,10,2,3,3,54,2012.444647898551
qLogEI,10,2,3,3,55,2012.444647898551
qLogEI,10,2,3,3,56,2012.444647898551
qLogEI,10,2,3,3,57,2012.444647898551
qLogEI,10,2,3,3,58,2012.444647898551
qLogEI,10,2,3,3,59,2012.444647898551
qLogEI,10,2,3,3,60,2012.444647898551
qLogEI,10,2,3,3,61,2012.444647898551
qLogEI,10,2,3,3,62,2012.444647898551
qLogEI,10,2,3,3,63,2012.444647898551
qLogEI,10,2,3,3,64,2012.444647898551
qLogEI,10,2,3,3,65,2012.444647898551
qLogEI,10,2,3,3,66,2012.444647898551
qLogEI,10,2,3,3,67,2012.444647898551
qLogEI,10,2,3,3,68,2012.444647898551
qLogEI,10,2,3,3,69,2012.444647898551
qLogEI,10,2,3,3,70,2012.444647898551
qLogEI,10,2,3,3,71,2012.444647898551
qLogEI,10,2,3,3,72,2012.444647898551
qLogEI,10,2,3,3,73,2012.444647898551
qLogEI,10,2,3,3,74,2012.444647898551
qLogEI,10,2,3,3,75,2012.444647898551
qLogEI,10,2,3,3,76,2012.444647898551
qLogEI,10,2,3,3,77,2012.444647898551
qLogEI,10,2,3,3,78,2012.444647898551
qLogEI,10,2,3,3,79,2012.444647898551
qLogEI,10,2,3,3,80,2012.444647898551
qLogEI,10,2,3,3,81,2012.444647898551
qLogEI,10,2,3,3,82,2012.444647898551
qLogEI,10,2,3,3,83,2012.444647898551
qLogEI,10,2,3,3,84,2012.444647898551
qLogEI,10,2,3,3,85,2012.444647898551
qLogEI,10,2,3,3,86,2012.444647898551
qLogEI,10,2,3,3,87,2012.444647898551
qLogEI,10,2,3,3,88,2012.444647898551
qLogEI,10,2,3,3,89,2012.444647898551
qLogEI,10,2,3,3,90,2012.444647898551
qLogEI,10,2,3,3,91,2012.444647898551
qLogEI,10,2,3,3,92,2012.444647898551
qLogEI,10,2,3,3,93,2012.444647898551
qLogEI,10,2,3,3,94,2012.444647898551
qLogEI,10,2,3,3,95,2012.444647898551
qLogEI,10,2,3,3,96,2012.444647898551
qLogEI,10,2,3,3,97,2012.444647898551
qLogEI,10,2,3,3,98,2012.444647898551
qLogEI,10,2,3,3,99,2012.444647898551
qLogEI,10,2,3,3,100,2012.444647898551
RL_Full,10,2,3,3,1,inf
RL_Full,10,2,3,3,2,inf
RL_Full,10,2,3,3,3,inf
RL_Full,10,2,3,3,4,inf
RL_Full,10,2,3,3,5,inf
RL_Full,10,2,3,3,6,inf
RL_Full,10,2,3,3,7,inf
RL_Full,10,2,3,3,8,inf
RL_Full,10,2,3,3,9,inf
RL_Full,10,2,3,3,10,inf
RL_Full,10,2,3,3,11,inf
RL_Full,10,2,3,3,12,inf
RL_Full,10,2,3,3,13,2012.444647898551
RL_Full,10,2,3,3,14,2012.444647898551
RL_Full,10,2,3,3,15,2012.444647898551
RL_Full,10,2,3,3,16,2012.444647898551
RL_Full,10,2,3,3,17,2012.444647898551
RL_Full,10,2,3,3,18,2012.444647898551
RL_Full,10,2,3,3,19,2012.444647898551
RL_Full,10,2,3,3,20,2012.444647898551
RL_Full,10,2,3,3,21,2012.444647898551
RL_Full,10,2,3,3,22,2012.444647898551
RL_Full,10,2,3,3,23,2012.444647898551
RL_Full,10,2,3,3,24,2012.444647898551
RL_Full,10,2,3,3,25,2012.444647898551
RL_Full,10,2,3,3,26,2012.444647898551
RL_Full,10,2,3,3,27,2012.444647898551
RL_Full,10,2,3,3,28,2012.444647898551
RL_Full,10,2,3,3,29,2012.444647898551
RL_Full,10,2,3,3,30,2012.444647898551
RL_Full,10,2,3,3,31,2012.444647898551
RL_Full,10,2,3,3,32,2012.444647898551
RL_Full,10,2,3,3,33,2012.444647898551
RL_Full,10,2,3,3,34,2012.444647898551
RL_Full,10,2,3,3,35,2012.444647898551
RL_Full,10,2,3,3,36,2012.444647898551
RL_Full,10,2,3,3,37,2012.444647898551
RL_Full,10,2,3,3,38,2012.444647898551
RL_Full,10,2,3,3,39,2012.444647898551
RL_Full,10,2,3,3,40,2012.444647898551
RL_Full,10,2,3,3,41,2012.444647898551
RL_Full,10,2,3,3,42,2012.444647898551
RL_Full,10,2,3,3,43,2012.444647898551
RL_Full,10,2,3,3,44,2012.444647898551
RL_Full,10,2,3,3,45,2012.444647898551
RL_Full,10,2,3,3,46,2012.444647898551
RL_Full,10,2,3,3,47,2012.444647898551
RL_Full,10,2,3,3,48,2012.444647898551
RL_Full,10,2,3,3,49,2012.444647898551
RL_Full,10,2,3,3,50,2012.444647898551
RL_Full,10,2,3,3,51,2012.444647898551
RL_Full,10,2,3,3,52,2012.444647898551
RL_Full,10,2,3,3,53,2012.444647898551
RL_Full,10,2,3,3,54,2012.444647898551
RL_Full,10,2,3,3,55,2012.444647898551
RL_Full,10,2,3,3,56,2012.444647898551
RL_Full,10,2,3,3,57,2012.444647898551
RL_Full,10,2,3,3,58,2012.444647898551
RL_Full,10,2,3,3,59,2012.444647898551
RL_Full,10,2,3,3,60,2012.444647898551
RL_Full,10,2,3,3,61,2012.444647898551
RL_Full,10,2,3,3,62,2012.444647898551
RL_Full,10,2,3,3,63,2012.444647898551
RL_Full,10,2,3,3,64,2012.444647898551
RL_Full,10,2,3,3,65,2012.444647898551
RL_Full,10,2,3,3,66,2012.444647898551
RL_Full,10,2,3,3,67,2012.444647898551
RL_Full,10,2,3,3,68,2012.444647898551
RL_Full,10,2,3,3,69,2012.444647898551
RL_Full,10,2,3,3,70,2012.444647898551
RL_Full,10,2,3,3,71,2012.444647898551
RL_Full,10,2,3,3,72,2012.444647898551
RL_Full,10,2,3,3,73,2012.444647898551
RL_Full,10,2,3,3,74,2012.444647898551
RL_Full,10,2,3,3,75,2012.444647898551
RL_Full,10,2,3,3,76,2012.444647898551
RL_Full,10,2,3,3,77,2012.444647898551
RL_Full,10,2,3,3,78,2012.444647898551
RL_Full,10,2,3,3,79,2012.444647898551
RL_Full,10,2,3,3,80,2012.444647898551
RL_Full,10,2,3,3,81,2012.444647898551
RL_Full,10,2,3,3,82,2012.444647898551
RL_Full,10,2,3,3,83,2012.444647898551
RL_Full,10,2,3,3,84,2012.444647898551
RL_Full,10,2,3,3,85,2012.444647898551
RL_Full,10,2,3,3,86,2012.444647898551
RL_Full,10,2,3,3,87,2012.444647898551
RL_Full,10,2,3,3,88,2012.444647898551
RL_Full,10,2,3,3,89,2012.444647898551
RL_Full,10,2,3,3,90,2012.444647898551
RL_Full,10,2,3,3,91,2012.444647898551
RL_Full,10,2,3,3,92,2012.444647898551
RL_Full,10,2,3,3,93,2012.444647898551
RL_Full,10,2,3,3,94,2012.444647898551
RL_Full,10,2,3,3,95,2012.444647898551
RL_Full,10,2,3,3,96,2012.444647898551
RL_Full,10,2,3,3,97,2012.444647898551
RL_Full,10,2,3,3,98,2012.444647898551
RL_Full,10,2,3,3,99,2012.444647898551
RL_Full,10,2,3,3,100,2012.444647898551
Random,10,2,3,4,1,inf
Random,10,2,3,4,2,inf
Random,10,2,3,4,3,inf
Random,10,2,3,4,4,inf
Random,10,2,3,4,5,inf
Random,10,2,3,4,6,inf
Random,10,2,3,4,7,inf
Random,10,2,3,4,8,inf
Random,10,2,3,4,9,inf
Random,10,2,3,4,10,inf
Random,10,2,3,4,11,inf
Random,10,2,3,4,12,inf
Random,10,2,3,4,13,inf
Random,10,2,3,4,14,inf
Random,10,2,3,4,15,inf
Random,10,2,3,4,16,inf
Random,10,2,3,4,17,inf
Random,10,2,3,4,18,inf
Random,10,2,3,4,19,inf
Random,10,2,3,4,20,inf
Random,10,2,3,4,21,inf
Random,10,2,3,4,22,inf
Random,10,2,3,4,23,inf
Random,10,2,3,4,24,inf
Random,10,2,3,4,25,inf
Random,10,2,3,4,26,inf
Random,10,2,3,4,27,inf
Random,10,2,3,4,28,inf
Random,10,2,3,4,29,inf
Random,10,2,3,4,30,inf
Random,10,2,3,4,31,inf
Random,10,2,3,4,32,inf
Random,10,2,3,4,33,inf
Random,10,2,3,4,34,inf
Random,10,2,3,4,35,inf
Random,10,2,3,4,36,inf
Random,10,2,3,4,37,inf
Random,10,2,3,4,38,inf
Random,10,2,3,4,39,inf
Random,10,2,3,4,40,inf
Random,10,2,3,4,41,inf
Random,10,2,3,4,42,inf
Random,10,2,3,4,43,inf
Random,10,2,3,4,44,inf
Random,10,2,3,4,45,inf
Random,10,2,3,4,46,inf
Random,10,2,3,4,47,inf
Random,10,2,3,4,48,inf
Random,10,2,3,4,49,inf
Random,10,2,3,4,50,1170.8465471366671
Random,10,2,3,4,51,1170.8465471366671
Random,10,2,3,4,52,1170.8465471366671
Random,10,2,3,4,53,1170.8465471366671
Random,10,2,3,4,54,1170.8465471366671
Random,10,2,3,4,55,1170.8465471366671
Random,10,2,3,4,56,1170.8465471366671
Random,10,2,3,4,57,1170.8465471366671
Random,10,2,3,4,58,1170.8465471366671
Random,10,2,3,4,59,1170.8465471366671
Random,10,2,3,4,60,1170.8465471366671
Random,10,2,3,4,61,1170.8465471366671
Random,10,2,3,4,62,1170.8465471366671
Random,10,2,3,4,63,1170.8465471366671
Random,10,2,3,4,64,1170.8465471366671
Random,10,2,3,4,65,1170.8465471366671
Random,10,2,3,4,66,1170.8465471366671
Random,10,2,3,4,67,1170.8465471366671
Random,10,2,3,4,68,1170.8465471366671
Random,10,2,3,4,69,1170.8465471366671
Random,10,2,3,4,70,1170.8465471366671
Random,10,2,3,4,71,1170.8465471366671
Random,10,2,3,4,72,1170.8465471366671
Random,10,2,3,4,73,1170.8465471366671
Random,10,2,3,4,74,1170.8465471366671
Random,10,2,3,4,75,1170.8465471366671
Random,10,2,3,4,76,1170.8465471366671
Random,10,2,3,4,77,1170.8465471366671
Random,10,2,3,4,78,1170.8465471366671
Random,10,2,3,4,79,1170.8465471366671
Random,10,2,3,4,80,1170.8465471366671
Random,10,2,3,4,81,1170.8465471366671
Random,10,2,3,4,82,1170.8465471366671
Random,10,2,3,4,83,1135.7255933270808
Random,10,2,3,4,84,1135.7255933270808
Random,10,2,3,4,85,1135.7255933270808
Random,10,2,3,4,86,1135.7255933270808
Random,10,2,3,4,87,1135.7255933270808
Random,10,2,3,4,88,1135.7255933270808
Random,10,2,3,4,89,1135.7255933270808
Random,10,2,3,4,90,1135.7255933270808
Random,10,2,3,4,91,1135.7255933270808
Random,10,2,3,4,92,1135.7255933270808
Random,10,2,3,4,93,1135.7255933270808
Random,10,2,3,4,94,1135.7255933270808
Random,10,2,3,4,95,1135.7255933270808
Random,10,2,3,4,96,1135.7255933270808
Random,10,2,3,4,97,1135.7255933270808
Random,10,2,3,4,98,1135.7255933270808
Random,10,2,3,4,99,1135.7255933270808
Random,10,2,3,4,100,1135.7255933270808
qLogEI,10,2,3,4,1,inf
qLogEI,10,2,3,4,2,inf
qLogEI,10,2,3,4,3,inf
qLogEI,10,2,3,4,4,inf
qLogEI,10,2,3,4,5,inf
qLogEI,10,2,3,4,6,inf
qLogEI,10,2,3,4,7,inf
qLogEI,10,2,3,4,8,inf
qLogEI,10,2,3,4,9,inf
qLogEI,10,2,3,4,10,inf
qLogEI,10,2,3,4,11,inf
qLogEI,10,2,3,4,12,inf
qLogEI,10,2,3,4,13,inf
qLogEI,10,2,3,4,14,inf
qLogEI,10,2,3,4,15,inf
qLogEI,10,2,3,4,16,inf
qLogEI,10,2,3,4,17,inf
qLogEI,10,2,3,4,18,inf
qLogEI,10,2,3,4,19,inf
qLogEI,10,2,3,4,20,inf
qLogEI,10,2,3,4,21,inf
qLogEI,10,2,3,4,22,inf
qLogEI,10,2,3,4,23,inf
qLogEI,10,2,3,4,24,inf
qLogEI,10,2,3,4,25,inf
qLogEI,10,2,3,4,26,inf
qLogEI,10,2,3,4,27,inf
qLogEI,10,2,3,4,28,inf
qLogEI,10,2,3,4,29,inf
qLogEI,10,2,3,4,30,inf
qLogEI,10,2,3,4,31,inf
qLogEI,10,2,3,4,32,inf
qLogEI,10,2,3,4,33,inf
qLogEI,10,2,3,4,34,inf
qLogEI,10,2,3,4,35,inf
qLogEI,10,2,3,4,36,inf
qLogEI,10,2,3,4,37,inf
qLogEI,10,2,3,4,38,inf
qLogEI,10,2,3,4,39,inf
qLogEI,10,2,3,4,40,inf
qLogEI,10,2,3,4,41,inf
qLogEI,10,2,3,4,42,inf
qLogEI,10,2,3,4,43,inf
qLogEI,10,2,3,4,44,inf
qLogEI,10,2,3,4,45,inf
qLogEI,10,2,3,4,46,inf
qLogEI,10,2,3,4,47,inf
qLogEI,10,2,3,4,48,inf
qLogEI,10,2,3,4,49,inf
qLogEI,10,2,3,4,50,inf
qLogEI,10,2,3,4,51,inf
qLogEI,10,2,3,4,52,inf
qLogEI,10,2,3,4,53,inf
qLogEI,10,2,3,4,54,inf
qLogEI,10,2,3,4,55,inf
qLogEI,10,2,3,4,56,inf
qLogEI,10,2,3,4,57,inf
qLogEI,10,2,3,4,58,inf
qLogEI,10,2,3,4,59,inf
qLogEI,10,2,3,4,60,inf
qLogEI,10,2,3,4,61,inf
qLogEI,10,2,3,4,62,inf
qLogEI,10,2,3,4,63,inf
qLogEI,10,2,3,4,64,inf
qLogEI,10,2,3,4,65,inf
qLogEI,10,2,3,4,66,inf
qLogEI,10,2,3,4,67,inf
qLogEI,10,2,3,4,68,inf
qLogEI,10,2,3,4,69,inf
qLogEI,10,2,3,4,70,inf
qLogEI,10,2,3,4,71,inf
qLogEI,10,2,3,4,72,inf
qLogEI,10,2,3,4,73,inf
qLogEI,10,2,3,4,74,inf
qLogEI,10,2,3,4,75,inf
qLogEI,10,2,3,4,76,inf
qLogEI,10,2,3,4,77,inf
qLogEI,10,2,3,4,78,inf
qLogEI,10,2,3,4,79,inf
qLogEI,10,2,3,4,80,inf
qLogEI,10,2,3,4,81,inf
qLogEI,10,2,3,4,82,inf
qLogEI,10,2,3,4,83,inf
qLogEI,10,2,3,4,84,inf
qLogEI,10,2,3,4,85,inf
qLogEI,10,2,3,4,86,inf
qLogEI,10,2,3,4,87,inf
qLogEI,10,2,3,4,88,inf
qLogEI,10,2,3,4,89,inf
qLogEI,10,2,3,4,90,inf
qLogEI,10,2,3,4,91,inf
qLogEI,10,2,3,4,92,inf
qLogEI,10,2,3,4,93,inf
qLogEI,10,2,3,4,94,inf
qLogEI,10,2,3,4,95,inf
qLogEI,10,2,3,4,96,inf
qLogEI,10,2,3,4,97,inf
qLogEI,10,2,3,4,98,inf
qLogEI,10,2,3,4,99,inf
qLogEI,10,2,3,4,100,inf
RL_Full,10,2,3,4,1,inf
RL_Full,10,2,3,4,2,inf
RL_Full,10,2,3,4,3,inf
RL_Full,10,2,3,4,4,inf
RL_Full,10,2,3,4,5,inf
RL_Full,10,2,3,4,6,inf
RL_Full,10,2,3,4,7,inf
RL_Full,10,2,3,4,8,inf
RL_Full,10,2,3,4,9,inf
RL_Full,10,2,3,4,10,inf
RL_Full,10,2,3,4,11,inf
RL_Full,10,2,3,4,12,inf
RL_Full,10,2,3,4,13,inf
RL_Full,10,2,3,4,14,inf
RL_Full,10,2,3,4,15,inf
RL_Full,10,2,3,4,16,inf
RL_Full,10,2,3,4,17,inf
RL_Full,10,2,3,4,18,inf
RL_Full,10,2,3,4,19,inf
RL_Full,10,2,3,4,20,inf
RL_Full,10,2,3,4,21,inf
RL_Full,10,2,3,4,22,inf
RL_Full,10,2,3,4,23,inf
RL_Full,10,2,3,4,24,inf
RL_Full,10,2,3,4,25,inf
RL_Full,10,2,3,4,26,inf
RL_Full,10,2,3,4,27,inf
RL_Full,10,2,3,4,28,inf
RL_Full,10,2,3,4,29,inf
RL_Full,10,2,3,4,30,inf
RL_Full,10,2,3,4,31,inf
RL_Full,10,2,3,4,32,inf
RL_Full,10,2,3,4,33,inf
RL_Full,10,2,3,4,34,inf
RL_Full,10,2,3,4,35,inf
RL_Full,10,2,3,4,36,inf
RL_Full,10,2,3,4,37,inf
RL_Full,10,2,3,4,38,inf
RL_Full,10,2,3,4,39,inf
RL_Full,10,2,3,4,40,inf
RL_Full,10,2,3,4,41,inf
RL_Full,10,2,3,4,42,inf
RL_Full,10,2,3,4,43,inf
RL_Full,10,2,3,4,44,inf
RL_Full,10,2,3,4,45,inf
RL_Full,10,2,3,4,46,inf
RL_Full,10,2,3,4,47,inf
RL_Full,10,2,3,4,48,inf
RL_Full,10,2,3,4,49,inf
RL_Full,10,2,3,4,50,inf
RL_Full,10,2,3,4,51,inf
RL_Full,10,2,3,4,52,inf
RL_Full,10,2,3,4,53,inf
RL_Full,10,2,3,4,54,inf
RL_Full,10,2,3,4,55,inf
RL_Full,10,2,3,4,56,inf
RL_Full,10,2,3,4,57,inf
RL_Full,10,2,3,4,58,inf
RL_Full,10,2,3,4,59,inf
RL_Full,10,2,3,4,60,inf
RL_Full,10,2,3,4,61,inf
RL_Full,10,2,3,4,62,inf
RL_Full,10,2,3,4,63,inf
RL_Full,10,2,3,4,64,inf
RL_Full,10,2,3,4,65,inf
RL_Full,10,2,3,4,66,inf
RL_Full,10,2,3,4,67,inf
RL_Full,10,2,3,4,68,inf
RL_Full,10,2,3,4,69,inf
RL_Full,10,2,3,4,70,inf
RL_Full,10,2,3,4,71,inf
RL_Full,10,2,3,4,72,inf
RL_Full,10,2,3,4,73,inf
RL_Full,10,2,3,4,74,inf
RL_Full,10,2,3,4,75,inf
RL_Full,10,2,3,4,76,inf
RL_Full,10,2,3,4,77,inf
RL_Full,10,2,3,4,78,inf
RL_Full,10,2,3,4,79,inf
RL_Full,10,2,3,4,80,inf
RL_Full,10,2,3,4,81,inf
RL_Full,10,2,3,4,82,inf
RL_Full,10,2,3,4,83,inf
RL_Full,10,2,3,4,84,inf
RL_Full,10,2,3,4,85,inf
RL_Full,10,2,3,4,86,inf
RL_Full,10,2,3,4,87,inf
RL_Full,10,2,3,4,88,inf
RL_Full,10,2,3,4,89,inf
RL_Full,10,2,3,4,90,inf
RL_Full,10,2,3,4,91,inf
RL_Full,10,2,3,4,92,inf
RL_Full,10,2,3,4,93,inf
RL_Full,10,2,3,4,94,inf
RL_Full,10,2,3,4,95,inf
RL_Full,10,2,3,4,96,inf
RL_Full,10,2,3,4,97,inf
RL_Full,10,2,3,4,98,inf
RL_Full,10,2,3,4,99,inf
RL_Full,10,2,3,4,100,inf
Random,10,4,1,0,1,inf
Random,10,4,1,0,2,inf
Random,10,4,1,0,3,inf
Random,10,4,1,0,4,inf
Random,10,4,1,0,5,inf
Random,10,4,1,0,6,inf
Random,10,4,1,0,7,inf
Random,10,4,1,0,8,inf
Random,10,4,1,0,9,inf
Random,10,4,1,0,10,inf
Random,10,4,1,0,11,inf
Random,10,4,1,0,12,inf
Random,10,4,1,0,13,inf
Random,10,4,1,0,14,inf
Random,10,4,1,0,15,inf
Random,10,4,1,0,16,inf
Random,10,4,1,0,17,inf
Random,10,4,1,0,18,inf
Random,10,4,1,0,19,inf
Random,10,4,1,0,20,inf
Random,10,4,1,0,21,inf
Random,10,4,1,0,22,inf
Random,10,4,1,0,23,inf
Random,10,4,1,0,24,inf
Random,10,4,1,0,25,inf
Random,10,4,1,0,26,inf
Random,10,4,1,0,27,inf
Random,10,4,1,0,28,inf
Random,10,4,1,0,29,inf
Random,10,4,1,0,30,inf
Random,10,4,1,0,31,inf
Random,10,4,1,0,32,inf
Random,10,4,1,0,33,inf
Random,10,4,1,0,34,inf
Random,10,4,1,0,35,inf
Random,10,4,1,0,36,inf
Random,10,4,1,0,37,inf
Random,10,4,1,0,38,inf
Random,10,4,1,0,39,inf
Random,10,4,1,0,40,inf
Random,10,4,1,0,41,inf
Random,10,4,1,0,42,inf
Random,10,4,1,0,43,inf
Random,10,4,1,0,44,inf
Random,10,4,1,0,45,inf
Random,10,4,1,0,46,inf
Random,10,4,1,0,47,inf
Random,10,4,1,0,48,inf
Random,10,4,1,0,49,inf
Random,10,4,1,0,50,inf
Random,10,4,1,0,51,inf
Random,10,4,1,0,52,inf
Random,10,4,1,0,53,inf
Random,10,4,1,0,54,inf
Random,10,4,1,0,55,inf
Random,10,4,1,0,56,inf
Random,10,4,1,0,57,inf
Random,10,4,1,0,58,inf
Random,10,4,1,0,59,inf
Random,10,4,1,0,60,inf
Random,10,4,1,0,61,inf
Random,10,4,1,0,62,inf
Random,10,4,1,0,63,inf
Random,10,4,1,0,64,inf
Random,10,4,1,0,65,inf
Random,10,4,1,0,66,inf
Random,10,4,1,0,67,inf
Random,10,4,1,0,68,inf
Random,10,4,1,0,69,inf
Random,10,4,1,0,70,inf
Random,10,4,1,0,71,inf
Random,10,4,1,0,72,inf
Random,10,4,1,0,73,inf
Random,10,4,1,0,74,inf
Random,10,4,1,0,75,inf
Random,10,4,1,0,76,inf
Random,10,4,1,0,77,inf
Random,10,4,1,0,78,inf
Random,10,4,1,0,79,inf
Random,10,4,1,0,80,inf
Random,10,4,1,0,81,inf
Random,10,4,1,0,82,inf
Random,10,4,1,0,83,inf
Random,10,4,1,0,84,inf
Random,10,4,1,0,85,inf
Random,10,4,1,0,86,inf
Random,10,4,1,0,87,inf
Random,10,4,1,0,88,inf
Random,10,4,1,0,89,inf
Random,10,4,1,0,90,inf
Random,10,4,1,0,91,inf
Random,10,4,1,0,92,inf
Random,10,4,1,0,93,inf
Random,10,4,1,0,94,inf
Random,10,4,1,0,95,inf
Random,10,4,1,0,96,inf
Random,10,4,1,0,97,inf
Random,10,4,1,0,98,inf
Random,10,4,1,0,99,inf
Random,10,4,1,0,100,inf
qLogEI,10,4,1,0,1,inf
qLogEI,10,4,1,0,2,inf
qLogEI,10,4,1,0,3,inf
qLogEI,10,4,1,0,4,inf
qLogEI,10,4,1,0,5,inf
qLogEI,10,4,1,0,6,inf
qLogEI,10,4,1,0,7,inf
qLogEI,10,4,1,0,8,inf
qLogEI,10,4,1,0,9,inf
qLogEI,10,4,1,0,10,inf
qLogEI,10,4,1,0,11,inf
qLogEI,10,4,1,0,12,inf
qLogEI,10,4,1,0,13,inf
qLogEI,10,4,1,0,14,inf
qLogEI,10,4,1,0,15,inf
qLogEI,10,4,1,0,16,inf
qLogEI,10,4,1,0,17,inf
qLogEI,10,4,1,0,18,inf
qLogEI,10,4,1,0,19,inf
qLogEI,10,4,1,0,20,inf
qLogEI,10,4,1,0,21,inf
qLogEI,10,4,1,0,22,inf
qLogEI,10,4,1,0,23,inf
qLogEI,10,4,1,0,24,inf
qLogEI,10,4,1,0,25,inf
qLogEI,10,4,1,0,26,inf
qLogEI,10,4,1,0,27,inf
qLogEI,10,4,1,0,28,inf
qLogEI,10,4,1,0,29,inf
qLogEI,10,4,1,0,30,inf
qLogEI,10,4,1,0,31,inf
qLogEI,10,4,1,0,32,inf
qLogEI,10,4,1,0,33,inf
qLogEI,10,4,1,0,34,inf
qLogEI,10,4,1,0,35,inf
qLogEI,10,4,1,0,36,inf
qLogEI,10,4,1,0,37,inf
qLogEI,10,4,1,0,38,inf
qLogEI,10,4,1,0,39,inf
qLogEI,10,4,1,0,40,inf
qLogEI,10,4,1,0,41,inf
qLogEI,10,4,1,0,42,inf
qLogEI,10,4,1,0,43,inf
qLogEI,10,4,1,0,44,inf
qLogEI,10,4,1,0,45,inf
qLogEI,10,4,1,0,46,inf
qLogEI,10,4,1,0,47,inf
qLogEI,10,4,1,0,48,inf
qLogEI,10,4,1,0,49,inf
qLogEI,10,4,1,0,50,inf
qLogEI,10,4,1,0,51,inf
qLogEI,10,4,1,0,52,inf
qLogEI,10,4,1,0,53,inf
qLogEI,10,4,1,0,54,inf
qLogEI,10,4,1,0,55,inf
qLogEI,10,4,1,0,56,inf
qLogEI,10,4,1,0,57,inf
qLogEI,10,4,1,0,58,inf
qLogEI,10,4,1,0,59,inf
qLogEI,10,4,1,0,60,inf
qLogEI,10,4,1,0,61,inf
qLogEI,10,4,1,0,62,inf
qLogEI,10,4,1,0,63,inf
qLogEI,10,4,1,0,64,inf
qLogEI,10,4,1,0,65,inf
qLogEI,10,4,1,0,66,inf
qLogEI,10,4,1,0,67,inf
qLogEI,10,4,1,0,68,inf
qLogEI,10,4,1,0,69,inf
qLogEI,10,4,1,0,70,inf
qLogEI,10,4,1,0,71,inf
qLogEI,10,4,1,0,72,inf
qLogEI,10,4,1,0,73,inf
qLogEI,10,4,1,0,74,inf
qLogEI,10,4,1,0,75,inf
qLogEI,10,4,1,0,76,inf
qLogEI,10,4,1,0,77,inf
qLogEI,10,4,1,0,78,inf
qLogEI,10,4,1,0,79,inf
qLogEI,10,4,1,0,80,inf
qLogEI,10,4,1,0,81,inf
qLogEI,10,4,1,0,82,inf
qLogEI,10,4,1,0,83,inf
qLogEI,10,4,1,0,84,inf
qLogEI,10,4,1,0,85,inf
qLogEI,10,4,1,0,86,inf
qLogEI,10,4,1,0,87,inf
qLogEI,10,4,1,0,88,inf
qLogEI,10,4,1,0,89,inf
qLogEI,10,4,1,0,90,inf
qLogEI,10,4,1,0,91,inf
qLogEI,10,4,1,0,92,inf
qLogEI,10,4,1,0,93,inf
qLogEI,10,4,1,0,94,inf
qLogEI,10,4,1,0,95,inf
qLogEI,10,4,1,0,96,inf
qLogEI,10,4,1,0,97,inf
qLogEI,10,4,1,0,98,inf
qLogEI,10,4,1,0,99,inf
qLogEI,10,4,1,0,100,inf
RL_Full,10,4,1,0,1,inf
RL_Full,10,4,1,0,2,inf
RL_Full,10,4,1,0,3,inf
RL_Full,10,4,1,0,4,inf
RL_Full,10,4,1,0,5,inf
RL_Full,10,4,1,0,6,inf
RL_Full,10,4,1,0,7,inf
RL_Full,10,4,1,0,8,inf
RL_Full,10,4,1,0,9,inf
RL_Full,10,4,1,0,10,inf
RL_Full,10,4,1,0,11,inf
RL_Full,10,4,1,0,12,inf
RL_Full,10,4,1,0,13,inf
RL_Full,10,4,1,0,14,inf
RL_Full,10,4,1,0,15,inf
RL_Full,10,4,1,0,16,inf
RL_Full,10,4,1,0,17,inf
RL_Full,10,4,1,0,18,inf
RL_Full,10,4,1,0,19,inf
RL_Full,10,4,1,0,20,inf
RL_Full,10,4,1,0,21,inf
RL_Full,10,4,1,0,22,inf
RL_Full,10,4,1,0,23,inf
RL_Full,10,4,1,0,24,inf
RL_Full,10,4,1,0,25,inf
RL_Full,10,4,1,0,26,inf
RL_Full,10,4,1,0,27,inf
RL_Full,10,4,1,0,28,inf
RL_Full,10,4,1,0,29,inf
RL_Full,10,4,1,0,30,inf
RL_Full,10,4,1,0,31,inf
RL_Full,10,4,1,0,32,inf
RL_Full,10,4,1,0,33,inf
RL_Full,10,4,1,0,34,inf
RL_Full,10,4,1,0,35,inf
RL_Full,10,4,1,0,36,inf
RL_Full,10,4,1,0,37,inf
RL_Full,10,4,1,0,38,inf
RL_Full,10,4,1,0,39,inf
RL_Full,10,4,1,0,40,inf
RL_Full,10,4,1,0,41,inf
RL_Full,10,4,1,0,42,inf
RL_Full,10,4,1,0,43,inf
RL_Full,10,4,1,0,44,inf
RL_Full,10,4,1,0,45,inf
RL_Full,10,4,1,0,46,inf
RL_Full,10,4,1,0,47,inf
RL_Full,10,4,1,0,48,inf
RL_Full,10,4,1,0,49,inf
RL_Full,10,4,1,0,50,inf
RL_Full,10,4,1,0,51,inf
RL_Full,10,4,1,0,52,inf
RL_Full,10,4,1,0,53,inf
RL_Full,10,4,1,0,54,inf
RL_Full,10,4,1,0,55,inf
RL_Full,10,4,1,0,56,inf
RL_Full,10,4,1,0,57,inf
RL_Full,10,4,1,0,58,inf
RL_Full,10,4,1,0,59,inf
RL_Full,10,4,1,0,60,inf
RL_Full,10,4,1,0,61,inf
RL_Full,10,4,1,0,62,inf
RL_Full,10,4,1,0,63,inf
RL_Full,10,4,1,0,64,inf
RL_Full,10,4,1,0,65,inf
RL_Full,10,4,1,0,66,inf
RL_Full,10,4,1,0,67,inf
RL_Full,10,4,1,0,68,inf
RL_Full,10,4,1,0,69,inf
RL_Full,10,4,1,0,70,inf
RL_Full,10,4,1,0,71,inf
RL_Full,10,4,1,0,72,inf
RL_Full,10,4,1,0,73,inf
RL_Full,10,4,1,0,74,inf
RL_Full,10,4,1,0,75,inf
RL_Full,10,4,1,0,76,inf
RL_Full,10,4,1,0,77,inf
RL_Full,10,4,1,0,78,inf
RL_Full,10,4,1,0,79,inf
RL_Full,10,4,1,0,80,inf
RL_Full,10,4,1,0,81,inf
RL_Full,10,4,1,0,82,inf
RL_Full,10,4,1,0,83,inf
RL_Full,10,4,1,0,84,inf
RL_Full,10,4,1,0,85,inf
RL_Full,10,4,1,0,86,inf
RL_Full,10,4,1,0,87,inf
RL_Full,10,4,1,0,88,inf
RL_Full,10,4,1,0,89,inf
RL_Full,10,4,1,0,90,inf
RL_Full,10,4,1,0,91,inf
RL_Full,10,4,1,0,92,inf
RL_Full,10,4,1,0,93,inf
RL_Full,10,4,1,0,94,inf
RL_Full,10,4,1,0,95,inf
RL_Full,10,4,1,0,96,inf
RL_Full,10,4,1,0,97,inf
RL_Full,10,4,1,0,98,inf
RL_Full,10,4,1,0,99,inf
RL_Full,10,4,1,0,100,inf
Random,10,4,1,1,1,inf
Random,10,4,1,1,2,inf
Random,10,4,1,1,3,inf
Random,10,4,1,1,4,inf
Random,10,4,1,1,5,inf
Random,10,4,1,1,6,inf
Random,10,4,1,1,7,inf
Random,10,4,1,1,8,inf
Random,10,4,1,1,9,inf
Random,10,4,1,1,10,inf
Random,10,4,1,1,11,inf
Random,10,4,1,1,12,inf
Random,10,4,1,1,13,inf
Random,10,4,1,1,14,inf
Random,10,4,1,1,15,inf
Random,10,4,1,1,16,inf
Random,10,4,1,1,17,inf
Random,10,4,1,1,18,inf
Random,10,4,1,1,19,inf
Random,10,4,1,1,20,inf
Random,10,4,1,1,21,inf
Random,10,4,1,1,22,inf
Random,10,4,1,1,23,inf
Random,10,4,1,1,24,inf
Random,10,4,1,1,25,inf
Random,10,4,1,1,26,inf
Random,10,4,1,1,27,inf
Random,10,4,1,1,28,inf
Random,10,4,1,1,29,inf
Random,10,4,1,1,30,inf
Random,10,4,1,1,31,inf
Random,10,4,1,1,32,inf
Random,10,4,1,1,33,inf
Random,10,4,1,1,34,inf
Random,10,4,1,1,35,inf
Random,10,4,1,1,36,inf
Random,10,4,1,1,37,inf
Random,10,4,1,1,38,inf
Random,10,4,1,1,39,inf
Random,10,4,1,1,40,inf
Random,10,4,1,1,41,inf
Random,10,4,1,1,42,inf
Random,10,4,1,1,43,inf
Random,10,4,1,1,44,inf
Random,10,4,1,1,45,inf
Random,10,4,1,1,46,inf
Random,10,4,1,1,47,inf
Random,10,4,1,1,48,inf
Random,10,4,1,1,49,inf
Random,10,4,1,1,50,inf
Random,10,4,1,1,51,inf
Random,10,4,1,1,52,inf
Random,10,4,1,1,53,inf
Random,10,4,1,1,54,inf
Random,10,4,1,1,55,inf
Random,10,4,1,1,56,inf
Random,10,4,1,1,57,inf
Random,10,4,1,1,58,inf
Random,10,4,1,1,59,inf
Random,10,4,1,1,60,inf
Random,10,4,1,1,61,inf
Random,10,4,1,1,62,inf
Random,10,4,1,1,63,inf
Random,10,4,1,1,64,inf
Random,10,4,1,1,65,inf
Random,10,4,1,1,66,inf
Random,10,4,1,1,67,inf
Random,10,4,1,1,68,inf
Random,10,4,1,1,69,inf
Random,10,4,1,1,70,inf
Random,10,4,1,1,71,inf
Random,10,4,1,1,72,inf
Random,10,4,1,1,73,inf
Random,10,4,1,1,74,inf
Random,10,4,1,1,75,inf
Random,10,4,1,1,76,inf
Random,10,4,1,1,77,inf
Random,10,4,1,1,78,inf
Random,10,4,1,1,79,inf
Random,10,4,1,1,80,inf
Random,10,4,1,1,81,inf
Random,10,4,1,1,82,inf
Random,10,4,1,1,83,inf
Random,10,4,1,1,84,inf
Random,10,4,1,1,85,inf
Random,10,4,1,1,86,inf
Random,10,4,1,1,87,inf
Random,10,4,1,1,88,inf
Random,10,4,1,1,89,inf
Random,10,4,1,1,90,inf
Random,10,4,1,1,91,inf
Random,10,4,1,1,92,inf
Random,10,4,1,1,93,inf
Random,10,4,1,1,94,inf
Random,10,4,1,1,95,inf
Random,10,4,1,1,96,inf
Random,10,4,1,1,97,inf
Random,10,4,1,1,98,inf
Random,10,4,1,1,99,inf
Random,10,4,1,1,100,inf
qLogEI,10,4,1,1,1,inf
qLogEI,10,4,1,1,2,inf
qLogEI,10,4,1,1,3,inf
qLogEI,10,4,1,1,4,inf
qLogEI,10,4,1,1,5,inf
qLogEI,10,4,1,1,6,inf
qLogEI,10,4,1,1,7,inf
qLogEI,10,4,1,1,8,inf
qLogEI,10,4,1,1,9,inf
qLogEI,10,4,1,1,10,inf
qLogEI,10,4,1,1,11,inf
qLogEI,10,4,1,1,12,inf
qLogEI,10,4,1,1,13,inf
qLogEI,10,4,1,1,14,inf
qLogEI,10,4,1,1,15,inf
qLogEI,10,4,1,1,16,inf
qLogEI,10,4,1,1,17,inf
qLogEI,10,4,1,1,18,inf
qLogEI,10,4,1,1,19,inf
qLogEI,10,4,1,1,20,inf
qLogEI,10,4,1,1,21,inf
qLogEI,10,4,1,1,22,inf
qLogEI,10,4,1,1,23,inf
qLogEI,10,4,1,1,24,inf
qLogEI,10,4,1,1,25,inf
qLogEI,10,4,1,1,26,inf
qLogEI,10,4,1,1,27,inf
qLogEI,10,4,1,1,28,inf
qLogEI,10,4,1,1,29,inf
qLogEI,10,4,1,1,30,inf
qLogEI,10,4,1,1,31,inf
qLogEI,10,4,1,1,32,inf
qLogEI,10,4,1,1,33,inf
qLogEI,10,4,1,1,34,inf
qLogEI,10,4,1,1,35,inf
qLogEI,10,4,1,1,36,inf
qLogEI,10,4,1,1,37,inf
qLogEI,10,4,1,1,38,inf
qLogEI,10,4,1,1,39,inf
qLogEI,10,4,1,1,40,inf
qLogEI,10,4,1,1,41,inf
qLogEI,10,4,1,1,42,inf
qLogEI,10,4,1,1,43,inf
qLogEI,10,4,1,1,44,inf
qLogEI,10,4,1,1,45,inf
qLogEI,10,4,1,1,46,inf
qLogEI,10,4,1,1,47,inf
qLogEI,10,4,1,1,48,inf
qLogEI,10,4,1,1,49,inf
qLogEI,10,4,1,1,50,inf
qLogEI,10,4,1,1,51,inf
qLogEI,10,4,1,1,52,inf
qLogEI,10,4,1,1,53,inf
qLogEI,10,4,1,1,54,inf
qLogEI,10,4,1,1,55,inf
qLogEI,10,4,1,1,56,inf
qLogEI,10,4,1,1,57,inf
qLogEI,10,4,1,1,58,inf
qLogEI,10,4,1,1,59,inf
qLogEI,10,4,1,1,60,inf
qLogEI,10,4,1,1,61,inf
qLogEI,10,4,1,1,62,inf
qLogEI,10,4,1,1,63,inf
qLogEI,10,4,1,1,64,inf
qLogEI,10,4,1,1,65,inf
qLogEI,10,4,1,1,66,inf
qLogEI,10,4,1,1,67,inf
qLogEI,10,4,1,1,68,inf
qLogEI,10,4,1,1,69,inf
qLogEI,10,4,1,1,70,inf
qLogEI,10,4,1,1,71,inf
qLogEI,10,4,1,1,72,inf
qLogEI,10,4,1,1,73,inf
qLogEI,10,4,1,1,74,inf
qLogEI,10,4,1,1,75,inf
qLogEI,10,4,1,1,76,inf
qLogEI,10,4,1,1,77,inf
qLogEI,10,4,1,1,78,inf
qLogEI,10,4,1,1,79,inf
qLogEI,10,4,1,1,80,inf
qLogEI,10,4,1,1,81,inf
qLogEI,10,4,1,1,82,inf
qLogEI,10,4,1,1,83,inf
qLogEI,10,4,1,1,84,inf
qLogEI,10,4,1,1,85,inf
qLogEI,10,4,1,1,86,inf
qLogEI,10,4,1,1,87,inf
qLogEI,10,4,1,1,88,inf
qLogEI,10,4,1,1,89,inf
qLogEI,10,4,1,1,90,inf
qLogEI,10,4,1,1,91,inf
qLogEI,10,4,1,1,92,inf
qLogEI,10,4,1,1,93,inf
qLogEI,10,4,1,1,94,inf
qLogEI,10,4,1,1,95,inf
qLogEI,10,4,1,1,96,inf
qLogEI,10,4,1,1,97,inf
qLogEI,10,4,1,1,98,inf
qLogEI,10,4,1,1,99,inf
qLogEI,10,4,1,1,100,inf
RL_Full,10,4,1,1,1,inf
RL_Full,10,4,1,1,2,inf
RL_Full,10,4,1,1,3,inf
RL_Full,10,4,1,1,4,inf
RL_Full,10,4,1,1,5,inf
RL_Full,10,4,1,1,6,inf
RL_Full,10,4,1,1,7,inf
RL_Full,10,4,1,1,8,inf
RL_Full,10,4,1,1,9,inf
RL_Full,10,4,1,1,10,inf
RL_Full,10,4,1,1,11,inf
RL_Full,10,4,1,1,12,inf
RL_Full,10,4,1,1,13,inf
RL_Full,10,4,1,1,14,inf
RL_Full,10,4,1,1,15,inf
RL_Full,10,4,1,1,16,inf
RL_Full,10,4,1,1,17,inf
RL_Full,10,4,1,1,18,inf
RL_Full,10,4,1,1,19,inf
RL_Full,10,4,1,1,20,inf
RL_Full,10,4,1,1,21,inf
RL_Full,10,4,1,1,22,inf
RL_Full,10,4,1,1,23,inf
RL_Full,10,4,1,1,24,inf
RL_Full,10,4,1,1,25,inf
RL_Full,10,4,1,1,26,inf
RL_Full,10,4,1,1,27,inf
RL_Full,10,4,1,1,28,inf
RL_Full,10,4,1,1,29,inf
RL_Full,10,4,1,1,30,inf
RL_Full,10,4,1,1,31,inf
RL_Full,10,4,1,1,32,inf
RL_Full,10,4,1,1,33,inf
RL_Full,10,4,1,1,34,inf
RL_Full,10,4,1,1,35,inf
RL_Full,10,4,1,1,36,inf
RL_Full,10,4,1,1,37,inf
RL_Full,10,4,1,1,38,inf
RL_Full,10,4,1,1,39,inf
RL_Full,10,4,1,1,40,inf
RL_Full,10,4,1,1,41,inf
RL_Full,10,4,1,1,42,inf
RL_Full,10,4,1,1,43,inf
RL_Full,10,4,1,1,44,inf
RL_Full,10,4,1,1,45,inf
RL_Full,10,4,1,1,46,inf
RL_Full,10,4,1,1,47,inf
RL_Full,10,4,1,1,48,inf
RL_Full,10,4,1,1,49,inf
RL_Full,10,4,1,1,50,inf
RL_Full,10,4,1,1,51,inf
RL_Full,10,4,1,1,52,inf
RL_Full,10,4,1,1,53,inf
RL_Full,10,4,1,1,54,inf
RL_Full,10,4,1,1,55,inf
RL_Full,10,4,1,1,56,inf
RL_Full,10,4,1,1,57,inf
RL_Full,10,4,1,1,58,inf
RL_Full,10,4,1,1,59,inf
RL_Full,10,4,1,1,60,inf
RL_Full,10,4,1,1,61,inf
RL_Full,10,4,1,1,62,inf
RL_Full,10,4,1,1,63,inf
RL_Full,10,4,1,1,64,inf
RL_Full,10,4,1,1,65,inf
RL_Full,10,4,1,1,66,inf
RL_Full,10,4,1,1,67,inf
RL_Full,10,4,1,1,68,inf
RL_Full,10,4,1,1,69,inf
RL_Full,10,4,1,1,70,inf
RL_Full,10,4,1,1,71,inf
RL_Full,10,4,1,1,72,inf
RL_Full,10,4,1,1,73,inf
RL_Full,10,4,1,1,74,inf
RL_Full,10,4,1,1,75,inf
RL_Full,10,4,1,1,76,inf
RL_Full,10,4,1,1,77,inf
RL_Full,10,4,1,1,78,inf
RL_Full,10,4,1,1,79,inf
RL_Full,10,4,1,1,80,inf
RL_Full,10,4,1,1,81,inf
RL_Full,10,4,1,1,82,inf
RL_Full,10,4,1,1,83,inf
RL_Full,10,4,1,1,84,inf
RL_Full,10,4,1,1,85,inf
RL_Full,10,4,1,1,86,inf
RL_Full,10,4,1,1,87,inf
RL_Full,10,4,1,1,88,inf
RL_Full,10,4,1,1,89,inf
RL_Full,10,4,1,1,90,inf
RL_Full,10,4,1,1,91,inf
RL_Full,10,4,1,1,92,inf
RL_Full,10,4,1,1,93,inf
RL_Full,10,4,1,1,94,inf
RL_Full,10,4,1,1,95,inf
RL_Full,10,4,1,1,96,inf
RL_Full,10,4,1,1,97,inf
RL_Full,10,4,1,1,98,inf
RL_Full,10,4,1,1,99,inf
RL_Full,10,4,1,1,100,inf
Random,10,4,1,2,1,inf
Random,10,4,1,2,2,inf
Random,10,4,1,2,3,inf
Random,10,4,1,2,4,inf
Random,10,4,1,2,5,inf
Random,10,4,1,2,6,inf
Random,10,4,1,2,7,inf
Random,10,4,1,2,8,inf
Random,10,4,1,2,9,inf
Random,10,4,1,2,10,inf
Random,10,4,1,2,11,inf
Random,10,4,1,2,12,inf
Random,10,4,1,2,13,inf
Random,10,4,1,2,14,inf
Random,10,4,1,2,15,inf
Random,10,4,1,2,16,inf
Random,10,4,1,2,17,inf
Random,10,4,1,2,18,inf
Random,10,4,1,2,19,inf
Random,10,4,1,2,20,inf
Random,10,4,1,2,21,inf
Random,10,4,1,2,22,inf
Random,10,4,1,2,23,inf
Random,10,4,1,2,24,inf
Random,10,4,1,2,25,inf
Random,10,4,1,2,26,inf
Random,10,4,1,2,27,inf
Random,10,4,1,2,28,inf
Random,10,4,1,2,29,inf
Random,10,4,1,2,30,inf
Random,10,4,1,2,31,inf
Random,10,4,1,2,32,inf
Random,10,4,1,2,33,inf
Random,10,4,1,2,34,inf
Random,10,4,1,2,35,inf
Random,10,4,1,2,36,inf
Random,10,4,1,2,37,inf
Random,10,4,1,2,38,inf
Random,10,4,1,2,39,inf
Random,10,4,1,2,40,inf
Random,10,4,1,2,41,inf
Random,10,4,1,2,42,inf
Random,10,4,1,2,43,inf
Random,10,4,1,2,44,inf
Random,10,4,1,2,45,inf
Random,10,4,1,2,46,inf
Random,10,4,1,2,47,inf
Random,10,4,1,2,48,inf
Random,10,4,1,2,49,inf
Random,10,4,1,2,50,inf
Random,10,4,1,2,51,inf
Random,10,4,1,2,52,inf
Random,10,4,1,2,53,inf
Random,10,4,1,2,54,inf
Random,10,4,1,2,55,inf
Random,10,4,1,2,56,inf
Random,10,4,1,2,57,inf
Random,10,4,1,2,58,inf
Random,10,4,1,2,59,inf
Random,10,4,1,2,60,inf
Random,10,4,1,2,61,inf
Random,10,4,1,2,62,inf
Random,10,4,1,2,63,inf
Random,10,4,1,2,64,inf
Random,10,4,1,2,65,inf
Random,10,4,1,2,66,inf
Random,10,4,1,2,67,inf
Random,10,4,1,2,68,inf
Random,10,4,1,2,69,inf
Random,10,4,1,2,70,inf
Random,10,4,1,2,71,inf
Random,10,4,1,2,72,inf
Random,10,4,1,2,73,inf
Random,10,4,1,2,74,inf
Random,10,4,1,2,75,inf
Random,10,4,1,2,76,inf
Random,10,4,1,2,77,inf
Random,10,4,1,2,78,inf
Random,10,4,1,2,79,inf
Random,10,4,1,2,80,inf
Random,10,4,1,2,81,inf
Random,10,4,1,2,82,inf
Random,10,4,1,2,83,inf
Random,10,4,1,2,84,inf
Random,10,4,1,2,85,inf
Random,10,4,1,2,86,inf
Random,10,4,1,2,87,inf
Random,10,4,1,2,88,inf
Random,10,4,1,2,89,inf
Random,10,4,1,2,90,inf
Random,10,4,1,2,91,inf
Random,10,4,1,2,92,inf
Random,10,4,1,2,93,inf
Random,10,4,1,2,94,inf
Random,10,4,1,2,95,inf
Random,10,4,1,2,96,inf
Random,10,4,1,2,97,inf
Random,10,4,1,2,98,inf
Random,10,4,1,2,99,inf
Random,10,4,1,2,100,inf
qLogEI,10,4,1,2,1,inf
qLogEI,10,4,1,2,2,inf
qLogEI,10,4,1,2,3,inf
qLogEI,10,4,1,2,4,inf
qLogEI,10,4,1,2,5,inf
qLogEI,10,4,1,2,6,inf
qLogEI,10,4,1,2,7,inf
qLogEI,10,4,1,2,8,inf
qLogEI,10,4,1,2,9,inf
qLogEI,10,4,1,2,10,inf
qLogEI,10,4,1,2,11,inf
qLogEI,10,4,1,2,12,inf
qLogEI,10,4,1,2,13,inf
qLogEI,10,4,1,2,14,inf
qLogEI,10,4,1,2,15,inf
qLogEI,10,4,1,2,16,inf
qLogEI,10,4,1,2,17,inf
qLogEI,10,4,1,2,18,inf
qLogEI,10,4,1,2,19,inf
qLogEI,10,4,1,2,20,inf
qLogEI,10,4,1,2,21,inf
qLogEI,10,4,1,2,22,inf
qLogEI,10,4,1,2,23,inf
qLogEI,10,4,1,2,24,inf
qLogEI,10,4,1,2,25,inf
qLogEI,10,4,1,2,26,inf
qLogEI,10,4,1,2,27,inf
qLogEI,10,4,1,2,28,inf
qLogEI,10,4,1,2,29,inf
qLogEI,10,4,1,2,30,inf
qLogEI,10,4,1,2,31,inf
qLogEI,10,4,1,2,32,inf
qLogEI,10,4,1,2,33,inf
qLogEI,10,4,1,2,34,inf
qLogEI,10,4,1,2,35,inf
qLogEI,10,4,1,2,36,inf
qLogEI,10,4,1,2,37,inf
qLogEI,10,4,1,2,38,inf
qLogEI,10,4,1,2,39,inf
qLogEI,10,4,1,2,40,inf
qLogEI,10,4,1,2,41,inf
qLogEI,10,4,1,2,42,inf
qLogEI,10,4,1,2,43,inf
qLogEI,10,4,1,2,44,inf
qLogEI,10,4,1,2,45,inf
qLogEI,10,4,1,2,46,inf
qLogEI,10,4,1,2,47,inf
qLogEI,10,4,1,2,48,inf
qLogEI,10,4,1,2,49,inf
qLogEI,10,4,1,2,50,inf
qLogEI,10,4,1,2,51,inf
qLogEI,10,4,1,2,52,inf
qLogEI,10,4,1,2,53,inf
qLogEI,10,4,1,2,54,inf
qLogEI,10,4,1,2,55,inf
qLogEI,10,4,1,2,56,inf
qLogEI,10,4,1,2,57,inf
qLogEI,10,4,1,2,58,inf
qLogEI,10,4,1,2,59,inf
qLogEI,10,4,1,2,60,inf
qLogEI,10,4,1,2,61,inf
qLogEI,10,4,1,2,62,inf
qLogEI,10,4,1,2,63,inf
qLogEI,10,4,1,2,64,inf
qLogEI,10,4,1,2,65,inf
qLogEI,10,4,1,2,66,inf
qLogEI,10,4,1,2,67,inf
qLogEI,10,4,1,2,68,inf
qLogEI,10,4,1,2,69,inf
qLogEI,10,4,1,2,70,inf
qLogEI,10,4,1,2,71,inf
qLogEI,10,4,1,2,72,inf
qLogEI,10,4,1,2,73,inf
qLogEI,10,4,1,2,74,inf
qLogEI,10,4,1,2,75,inf
qLogEI,10,4,1,2,76,inf
qLogEI,10,4,1,2,77,inf
qLogEI,10,4,1,2,78,inf
qLogEI,10,4,1,2,79,inf
qLogEI,10,4,1,2,80,inf
qLogEI,10,4,1,2,81,inf
qLogEI,10,4,1,2,82,inf
qLogEI,10,4,1,2,83,inf
qLogEI,10,4,1,2,84,inf
qLogEI,10,4,1,2,85,inf
qLogEI,10,4,1,2,86,inf
qLogEI,10,4,1,2,87,inf
qLogEI,10,4,1,2,88,inf
qLogEI,10,4,1,2,89,inf
qLogEI,10,4,1,2,90,inf
qLogEI,10,4,1,2,91,inf
qLogEI,10,4,1,2,92,inf
qLogEI,10,4,1,2,93,inf
qLogEI,10,4,1,2,94,inf
qLogEI,10,4,1,2,95,inf
qLogEI,10,4,1,2,96,inf
qLogEI,10,4,1,2,97,inf
qLogEI,10,4,1,2,98,inf
qLogEI,10,4,1,2,99,inf
qLogEI,10,4,1,2,100,inf
RL_Full,10,4,1,2,1,inf
RL_Full,10,4,1,2,2,inf
RL_Full,10,4,1,2,3,inf
RL_Full,10,4,1,2,4,inf
RL_Full,10,4,1,2,5,inf
RL_Full,10,4,1,2,6,inf
RL_Full,10,4,1,2,7,inf
RL_Full,10,4,1,2,8,inf
RL_Full,10,4,1,2,9,inf
RL_Full,10,4,1,2,10,inf
RL_Full,10,4,1,2,11,inf
RL_Full,10,4,1,2,12,inf
RL_Full,10,4,1,2,13,inf
RL_Full,10,4,1,2,14,inf
RL_Full,10,4,1,2,15,inf
RL_Full,10,4,1,2,16,inf
RL_Full,10,4,1,2,17,inf
RL_Full,10,4,1,2,18,inf
RL_Full,10,4,1,2,19,inf
RL_Full,10,4,1,2,20,inf
RL_Full,10,4,1,2,21,inf
RL_Full,10,4,1,2,22,inf
RL_Full,10,4,1,2,23,inf
RL_Full,10,4,1,2,24,inf
RL_Full,10,4,1,2,25,inf
RL_Full,10,4,1,2,26,inf
RL_Full,10,4,1,2,27,inf
RL_Full,10,4,1,2,28,inf
RL_Full,10,4,1,2,29,inf
RL_Full,10,4,1,2,30,inf
RL_Full,10,4,1,2,31,inf
RL_Full,10,4,1,2,32,inf
RL_Full,10,4,1,2,33,inf
RL_Full,10,4,1,2,34,inf
RL_Full,10,4,1,2,35,inf
RL_Full,10,4,1,2,36,inf
RL_Full,10,4,1,2,37,inf
RL_Full,10,4,1,2,38,inf
RL_Full,10,4,1,2,39,inf
RL_Full,10,4,1,2,40,inf
RL_Full,10,4,1,2,41,inf
RL_Full,10,4,1,2,42,inf
RL_Full,10,4,1,2,43,inf
RL_Full,10,4,1,2,44,inf
RL_Full,10,4,1,2,45,inf
RL_Full,10,4,1,2,46,inf
RL_Full,10,4,1,2,47,inf
RL_Full,10,4,1,2,48,inf
RL_Full,10,4,1,2,49,inf
RL_Full,10,4,1,2,50,inf
RL_Full,10,4,1,2,51,inf
RL_Full,10,4,1,2,52,inf
RL_Full,10,4,1,2,53,inf
RL_Full,10,4,1,2,54,inf
RL_Full,10,4,1,2,55,inf
RL_Full,10,4,1,2,56,inf
RL_Full,10,4,1,2,57,inf
RL_Full,10,4,1,2,58,inf
RL_Full,10,4,1,2,59,inf
RL_Full,10,4,1,2,60,inf
RL_Full,10,4,1,2,61,inf
RL_Full,10,4,1,2,62,inf
RL_Full,10,4,1,2,63,inf
RL_Full,10,4,1,2,64,inf
RL_Full,10,4,1,2,65,inf
RL_Full,10,4,1,2,66,inf
RL_Full,10,4,1,2,67,inf
RL_Full,10,4,1,2,68,inf
RL_Full,10,4,1,2,69,inf
RL_Full,10,4,1,2,70,inf
RL_Full,10,4,1,2,71,inf
RL_Full,10,4,1,2,72,inf
RL_Full,10,4,1,2,73,inf
RL_Full,10,4,1,2,74,inf
RL_Full,10,4,1,2,75,inf
RL_Full,10,4,1,2,76,inf
RL_Full,10,4,1,2,77,inf
RL_Full,10,4,1,2,78,inf
RL_Full,10,4,1,2,79,inf
RL_Full,10,4,1,2,80,inf
RL_Full,10,4,1,2,81,inf
RL_Full,10,4,1,2,82,inf
RL_Full,10,4,1,2,83,inf
RL_Full,10,4,1,2,84,inf
RL_Full,10,4,1,2,85,inf
RL_Full,10,4,1,2,86,inf
RL_Full,10,4,1,2,87,inf
RL_Full,10,4,1,2,88,inf
RL_Full,10,4,1,2,89,inf
RL_Full,10,4,1,2,90,inf
RL_Full,10,4,1,2,91,inf
RL_Full,10,4,1,2,92,inf
RL_Full,10,4,1,2,93,inf
RL_Full,10,4,1,2,94,inf
RL_Full,10,4,1,2,95,inf
RL_Full,10,4,1,2,96,inf
RL_Full,10,4,1,2,97,inf
RL_Full,10,4,1,2,98,inf
RL_Full,10,4,1,2,99,inf
RL_Full,10,4,1,2,100,inf
Random,10,4,1,3,1,inf
Random,10,4,1,3,2,inf
Random,10,4,1,3,3,inf
Random,10,4,1,3,4,inf
Random,10,4,1,3,5,inf
Random,10,4,1,3,6,inf
Random,10,4,1,3,7,inf
Random,10,4,1,3,8,inf
Random,10,4,1,3,9,inf
Random,10,4,1,3,10,inf
Random,10,4,1,3,11,inf
Random,10,4,1,3,12,inf
Random,10,4,1,3,13,inf
Random,10,4,1,3,14,inf
Random,10,4,1,3,15,inf
Random,10,4,1,3,16,inf
Random,10,4,1,3,17,inf
Random,10,4,1,3,18,inf
Random,10,4,1,3,19,inf
Random,10,4,1,3,20,inf
Random,10,4,1,3,21,inf
Random,10,4,1,3,22,inf
Random,10,4,1,3,23,inf
Random,10,4,1,3,24,inf
Random,10,4,1,3,25,inf
Random,10,4,1,3,26,inf
Random,10,4,1,3,27,inf
Random,10,4,1,3,28,inf
Random,10,4,1,3,29,inf
Random,10,4,1,3,30,inf
Random,10,4,1,3,31,inf
Random,10,4,1,3,32,inf
Random,10,4,1,3,33,inf
Random,10,4,1,3,34,inf
Random,10,4,1,3,35,inf
Random,10,4,1,3,36,inf
Random,10,4,1,3,37,inf
Random,10,4,1,3,38,inf
Random,10,4,1,3,39,inf
Random,10,4,1,3,40,inf
Random,10,4,1,3,41,inf
Random,10,4,1,3,42,inf
Random,10,4,1,3,43,inf
Random,10,4,1,3,44,inf
Random,10,4,1,3,45,inf
Random,10,4,1,3,46,inf
Random,10,4,1,3,47,inf
Random,10,4,1,3,48,inf
Random,10,4,1,3,49,inf
Random,10,4,1,3,50,inf
Random,10,4,1,3,51,inf
Random,10,4,1,3,52,inf
Random,10,4,1,3,53,inf
Random,10,4,1,3,54,inf
Random,10,4,1,3,55,inf
Random,10,4,1,3,56,inf
Random,10,4,1,3,57,inf
Random,10,4,1,3,58,inf
Random,10,4,1,3,59,inf
Random,10,4,1,3,60,inf
Random,10,4,1,3,61,inf
Random,10,4,1,3,62,inf
Random,10,4,1,3,63,inf
Random,10,4,1,3,64,inf
Random,10,4,1,3,65,inf
Random,10,4,1,3,66,inf
Random,10,4,1,3,67,inf
Random,10,4,1,3,68,inf
Random,10,4,1,3,69,inf
Random,10,4,1,3,70,inf
Random,10,4,1,3,71,inf
Random,10,4,1,3,72,inf
Random,10,4,1,3,73,inf
Random,10,4,1,3,74,inf
Random,10,4,1,3,75,inf
Random,10,4,1,3,76,inf
Random,10,4,1,3,77,inf
Random,10,4,1,3,78,inf
Random,10,4,1,3,79,inf
Random,10,4,1,3,80,inf
Random,10,4,1,3,81,inf
Random,10,4,1,3,82,inf
Random,10,4,1,3,83,inf
Random,10,4,1,3,84,inf
Random,10,4,1,3,85,inf
Random,10,4,1,3,86,inf
Random,10,4,1,3,87,inf
Random,10,4,1,3,88,inf
Random,10,4,1,3,89,inf
Random,10,4,1,3,90,inf
Random,10,4,1,3,91,inf
Random,10,4,1,3,92,inf
Random,10,4,1,3,93,inf
Random,10,4,1,3,94,inf
Random,10,4,1,3,95,inf
Random,10,4,1,3,96,inf
Random,10,4,1,3,97,inf
Random,10,4,1,3,98,inf
Random,10,4,1,3,99,inf
Random,10,4,1,3,100,inf
qLogEI,10,4,1,3,1,inf
qLogEI,10,4,1,3,2,inf
qLogEI,10,4,1,3,3,inf
qLogEI,10,4,1,3,4,inf
qLogEI,10,4,1,3,5,inf
qLogEI,10,4,1,3,6,inf
qLogEI,10,4,1,3,7,inf
qLogEI,10,4,1,3,8,inf
qLogEI,10,4,1,3,9,inf
qLogEI,10,4,1,3,10,inf
qLogEI,10,4,1,3,11,inf
qLogEI,10,4,1,3,12,inf
qLogEI,10,4,1,3,13,inf
qLogEI,10,4,1,3,14,inf
qLogEI,10,4,1,3,15,inf
qLogEI,10,4,1,3,16,inf
qLogEI,10,4,1,3,17,inf
qLogEI,10,4,1,3,18,inf
qLogEI,10,4,1,3,19,inf
qLogEI,10,4,1,3,20,inf
qLogEI,10,4,1,3,21,inf
qLogEI,10,4,1,3,22,inf
qLogEI,10,4,1,3,23,inf
qLogEI,10,4,1,3,24,inf
qLogEI,10,4,1,3,25,inf
qLogEI,10,4,1,3,26,inf
qLogEI,10,4,1,3,27,inf
qLogEI,10,4,1,3,28,inf
qLogEI,10,4,1,3,29,inf
qLogEI,10,4,1,3,30,inf
qLogEI,10,4,1,3,31,inf
qLogEI,10,4,1,3,32,inf
qLogEI,10,4,1,3,33,inf
qLogEI,10,4,1,3,34,inf
qLogEI,10,4,1,3,35,inf
qLogEI,10,4,1,3,36,inf
qLogEI,10,4,1,3,37,inf
qLogEI,10,4,1,3,38,inf
qLogEI,10,4,1,3,39,inf
qLogEI,10,4,1,3,40,inf
qLogEI,10,4,1,3,41,inf
qLogEI,10,4,1,3,42,inf
qLogEI,10,4,1,3,43,inf
qLogEI,10,4,1,3,44,inf
qLogEI,10,4,1,3,45,inf
qLogEI,10,4,1,3,46,inf
qLogEI,10,4,1,3,47,inf
qLogEI,10,4,1,3,48,inf
qLogEI,10,4,1,3,49,inf
qLogEI,10,4,1,3,50,inf
qLogEI,10,4,1,3,51,inf
qLogEI,10,4,1,3,52,inf
qLogEI,10,4,1,3,53,inf
qLogEI,10,4,1,3,54,inf
qLogEI,10,4,1,3,55,inf
qLogEI,10,4,1,3,56,inf
qLogEI,10,4,1,3,57,inf
qLogEI,10,4,1,3,58,inf
qLogEI,10,4,1,3,59,inf
qLogEI,10,4,1,3,60,inf
qLogEI,10,4,1,3,61,inf
qLogEI,10,4,1,3,62,inf
qLogEI,10,4,1,3,63,inf
qLogEI,10,4,1,3,64,inf
qLogEI,10,4,1,3,65,inf
qLogEI,10,4,1,3,66,inf
qLogEI,10,4,1,3,67,inf
qLogEI,10,4,1,3,68,inf
qLogEI,10,4,1,3,69,inf
qLogEI,10,4,1,3,70,inf
qLogEI,10,4,1,3,71,inf
qLogEI,10,4,1,3,72,inf
qLogEI,10,4,1,3,73,inf
qLogEI,10,4,1,3,74,inf
qLogEI,10,4,1,3,75,inf
qLogEI,10,4,1,3,76,inf
qLogEI,10,4,1,3,77,inf
qLogEI,10,4,1,3,78,inf
qLogEI,10,4,1,3,79,inf
qLogEI,10,4,1,3,80,inf
qLogEI,10,4,1,3,81,inf
qLogEI,10,4,1,3,82,inf
qLogEI,10,4,1,3,83,inf
qLogEI,10,4,1,3,84,inf
qLogEI,10,4,1,3,85,inf
qLogEI,10,4,1,3,86,inf
qLogEI,10,4,1,3,87,inf
qLogEI,10,4,1,3,88,inf
qLogEI,10,4,1,3,89,inf
qLogEI,10,4,1,3,90,inf
qLogEI,10,4,1,3,91,inf
qLogEI,10,4,1,3,92,inf
qLogEI,10,4,1,3,93,inf
qLogEI,10,4,1,3,94,inf
qLogEI,10,4,1,3,95,inf
qLogEI,10,4,1,3,96,inf
qLogEI,10,4,1,3,97,inf
qLogEI,10,4,1,3,98,inf
qLogEI,10,4,1,3,99,inf
qLogEI,10,4,1,3,100,inf
RL_Full,10,4,1,3,1,inf
RL_Full,10,4,1,3,2,inf
RL_Full,10,4,1,3,3,inf
RL_Full,10,4,1,3,4,inf
RL_Full,10,4,1,3,5,inf
RL_Full,10,4,1,3,6,inf
RL_Full,10,4,1,3,7,inf
RL_Full,10,4,1,3,8,inf
RL_Full,10,4,1,3,9,inf
RL_Full,10,4,1,3,10,inf
RL_Full,10,4,1,3,11,inf
RL_Full,10,4,1,3,12,inf
RL_Full,10,4,1,3,13,inf
RL_Full,10,4,1,3,14,inf
RL_Full,10,4,1,3,15,inf
RL_Full,10,4,1,3,16,inf
RL_Full,10,4,1,3,17,inf
RL_Full,10,4,1,3,18,inf
RL_Full,10,4,1,3,19,inf
RL_Full,10,4,1,3,20,inf
RL_Full,10,4,1,3,21,inf
RL_Full,10,4,1,3,22,inf
RL_Full,10,4,1,3,23,inf
RL_Full,10,4,1,3,24,inf
RL_Full,10,4,1,3,25,inf
RL_Full,10,4,1,3,26,inf
RL_Full,10,4,1,3,27,inf
RL_Full,10,4,1,3,28,inf
RL_Full,10,4,1,3,29,inf
RL_Full,10,4,1,3,30,inf
RL_Full,10,4,1,3,31,inf
RL_Full,10,4,1,3,32,inf
RL_Full,10,4,1,3,33,inf
RL_Full,10,4,1,3,34,inf
RL_Full,10,4,1,3,35,inf
RL_Full,10,4,1,3,36,inf
RL_Full,10,4,1,3,37,inf
RL_Full,10,4,1,3,38,inf
RL_Full,10,4,1,3,39,inf
RL_Full,10,4,1,3,40,inf
RL_Full,10,4,1,3,41,inf
RL_Full,10,4,1,3,42,inf
RL_Full,10,4,1,3,43,inf
RL_Full,10,4,1,3,44,inf
RL_Full,10,4,1,3,45,inf
RL_Full,10,4,1,3,46,inf
RL_Full,10,4,1,3,47,inf
RL_Full,10,4,1,3,48,inf
RL_Full,10,4,1,3,49,inf
RL_Full,10,4,1,3,50,inf
RL_Full,10,4,1,3,51,inf
RL_Full,10,4,1,3,52,inf
RL_Full,10,4,1,3,53,inf
RL_Full,10,4,1,3,54,inf
RL_Full,10,4,1,3,55,inf
RL_Full,10,4,1,3,56,inf
RL_Full,10,4,1,3,57,inf
RL_Full,10,4,1,3,58,inf
RL_Full,10,4,1,3,59,inf
RL_Full,10,4,1,3,60,inf
RL_Full,10,4,1,3,61,inf
RL_Full,10,4,1,3,62,inf
RL_Full,10,4,1,3,63,inf
RL_Full,10,4,1,3,64,inf
RL_Full,10,4,1,3,65,inf
RL_Full,10,4,1,3,66,inf
RL_Full,10,4,1,3,67,inf
RL_Full,10,4,1,3,68,inf
RL_Full,10,4,1,3,69,inf
RL_Full,10,4,1,3,70,inf
RL_Full,10,4,1,3,71,inf
RL_Full,10,4,1,3,72,inf
RL_Full,10,4,1,3,73,inf
RL_Full,10,4,1,3,74,inf
RL_Full,10,4,1,3,75,inf
RL_Full,10,4,1,3,76,inf
RL_Full,10,4,1,3,77,inf
RL_Full,10,4,1,3,78,inf
RL_Full,10,4,1,3,79,inf
RL_Full,10,4,1,3,80,inf
RL_Full,10,4,1,3,81,inf
RL_Full,10,4,1,3,82,inf
RL_Full,10,4,1,3,83,inf
RL_Full,10,4,1,3,84,inf
RL_Full,10,4,1,3,85,inf
RL_Full,10,4,1,3,86,inf
RL_Full,10,4,1,3,87,inf
RL_Full,10,4,1,3,88,inf
RL_Full,10,4,1,3,89,inf
RL_Full,10,4,1,3,90,inf
RL_Full,10,4,1,3,91,inf
RL_Full,10,4,1,3,92,inf
RL_Full,10,4,1,3,93,inf
RL_Full,10,4,1,3,94,inf
RL_Full,10,4,1,3,95,inf
RL_Full,10,4,1,3,96,inf
RL_Full,10,4,1,3,97,inf
RL_Full,10,4,1,3,98,inf
RL_Full,10,4,1,3,99,inf
RL_Full,10,4,1,3,100,inf
Random,10,4,1,4,1,inf
Random,10,4,1,4,2,inf
Random,10,4,1,4,3,inf
Random,10,4,1,4,4,inf
Random,10,4,1,4,5,inf
Random,10,4,1,4,6,inf
Random,10,4,1,4,7,inf
Random,10,4,1,4,8,inf
Random,10,4,1,4,9,inf
Random,10,4,1,4,10,inf
Random,10,4,1,4,11,inf
Random,10,4,1,4,12,inf
Random,10,4,1,4,13,inf
Random,10,4,1,4,14,inf
Random,10,4,1,4,15,inf
Random,10,4,1,4,16,inf
Random,10,4,1,4,17,inf
Random,10,4,1,4,18,inf
Random,10,4,1,4,19,inf
Random,10,4,1,4,20,inf
Random,10,4,1,4,21,inf
Random,10,4,1,4,22,inf
Random,10,4,1,4,23,inf
Random,10,4,1,4,24,inf
Random,10,4,1,4,25,inf
Random,10,4,1,4,26,inf
Random,10,4,1,4,27,inf
Random,10,4,1,4,28,inf
Random,10,4,1,4,29,inf
Random,10,4,1,4,30,inf
Random,10,4,1,4,31,inf
Random,10,4,1,4,32,inf
Random,10,4,1,4,33,inf
Random,10,4,1,4,34,inf
Random,10,4,1,4,35,inf
Random,10,4,1,4,36,inf
Random,10,4,1,4,37,inf
Random,10,4,1,4,38,inf
Random,10,4,1,4,39,inf
Random,10,4,1,4,40,inf
Random,10,4,1,4,41,inf
Random,10,4,1,4,42,inf
Random,10,4,1,4,43,inf
Random,10,4,1,4,44,inf
Random,10,4,1,4,45,inf
Random,10,4,1,4,46,inf
Random,10,4,1,4,47,inf
Random,10,4,1,4,48,inf
Random,10,4,1,4,49,inf
Random,10,4,1,4,50,inf
Random,10,4,1,4,51,inf
Random,10,4,1,4,52,inf
Random,10,4,1,4,53,inf
Random,10,4,1,4,54,inf
Random,10,4,1,4,55,inf
Random,10,4,1,4,56,inf
Random,10,4,1,4,57,inf
Random,10,4,1,4,58,inf
Random,10,4,1,4,59,inf
Random,10,4,1,4,60,inf
Random,10,4,1,4,61,inf
Random,10,4,1,4,62,inf
Random,10,4,1,4,63,inf
Random,10,4,1,4,64,inf
Random,10,4,1,4,65,inf
Random,10,4,1,4,66,inf
Random,10,4,1,4,67,inf
Random,10,4,1,4,68,inf
Random,10,4,1,4,69,inf
Random,10,4,1,4,70,inf
Random,10,4,1,4,71,inf
Random,10,4,1,4,72,inf
Random,10,4,1,4,73,inf
Random,10,4,1,4,74,inf
Random,10,4,1,4,75,inf
Random,10,4,1,4,76,inf
Random,10,4,1,4,77,inf
Random,10,4,1,4,78,inf
Random,10,4,1,4,79,inf
Random,10,4,1,4,80,inf
Random,10,4,1,4,81,inf
Random,10,4,1,4,82,inf
Random,10,4,1,4,83,inf
Random,10,4,1,4,84,inf
Random,10,4,1,4,85,inf
Random,10,4,1,4,86,inf
Random,10,4,1,4,87,inf
Random,10,4,1,4,88,inf
Random,10,4,1,4,89,inf
Random,10,4,1,4,90,inf
Random,10,4,1,4,91,inf
Random,10,4,1,4,92,inf
Random,10,4,1,4,93,inf
Random,10,4,1,4,94,inf
Random,10,4,1,4,95,inf
Random,10,4,1,4,96,inf
Random,10,4,1,4,97,inf
Random,10,4,1,4,98,inf
Random,10,4,1,4,99,inf
Random,10,4,1,4,100,inf
qLogEI,10,4,1,4,1,inf
qLogEI,10,4,1,4,2,inf
qLogEI,10,4,1,4,3,inf
qLogEI,10,4,1,4,4,inf
qLogEI,10,4,1,4,5,inf
qLogEI,10,4,1,4,6,inf
qLogEI,10,4,1,4,7,inf
qLogEI,10,4,1,4,8,inf
qLogEI,10,4,1,4,9,inf
qLogEI,10,4,1,4,10,inf
qLogEI,10,4,1,4,11,inf
qLogEI,10,4,1,4,12,inf
qLogEI,10,4,1,4,13,inf
qLogEI,10,4,1,4,14,inf
qLogEI,10,4,1,4,15,inf
qLogEI,10,4,1,4,16,inf
qLogEI,10,4,1,4,17,inf
qLogEI,10,4,1,4,18,inf
qLogEI,10,4,1,4,19,inf
qLogEI,10,4,1,4,20,inf
qLogEI,10,4,1,4,21,inf
qLogEI,10,4,1,4,22,inf
qLogEI,10,4,1,4,23,inf
qLogEI,10,4,1,4,24,inf
qLogEI,10,4,1,4,25,inf
qLogEI,10,4,1,4,26,inf
qLogEI,10,4,1,4,27,inf
qLogEI,10,4,1,4,28,inf
qLogEI,10,4,1,4,29,inf
qLogEI,10,4,1,4,30,inf
qLogEI,10,4,1,4,31,inf
qLogEI,10,4,1,4,32,inf
qLogEI,10,4,1,4,33,inf
qLogEI,10,4,1,4,34,inf
qLogEI,10,4,1,4,35,inf
qLogEI,10,4,1,4,36,inf
qLogEI,10,4,1,4,37,inf
qLogEI,10,4,1,4,38,inf
qLogEI,10,4,1,4,39,inf
qLogEI,10,4,1,4,40,inf
qLogEI,10,4,1,4,41,inf
qLogEI,10,4,1,4,42,inf
qLogEI,10,4,1,4,43,inf
qLogEI,10,4,1,4,44,inf
qLogEI,10,4,1,4,45,inf
qLogEI,10,4,1,4,46,inf
qLogEI,10,4,1,4,47,inf
qLogEI,10,4,1,4,48,inf
qLogEI,10,4,1,4,49,inf
qLogEI,10,4,1,4,50,inf
qLogEI,10,4,1,4,51,inf
qLogEI,10,4,1,4,52,inf
qLogEI,10,4,1,4,53,inf
qLogEI,10,4,1,4,54,inf
qLogEI,10,4,1,4,55,inf
qLogEI,10,4,1,4,56,inf
qLogEI,10,4,1,4,57,inf
qLogEI,10,4,1,4,58,inf
qLogEI,10,4,1,4,59,inf
qLogEI,10,4,1,4,60,inf
qLogEI,10,4,1,4,61,inf
qLogEI,10,4,1,4,62,inf
qLogEI,10,4,1,4,63,inf
qLogEI,10,4,1,4,64,inf
qLogEI,10,4,1,4,65,inf
qLogEI,10,4,1,4,66,inf
qLogEI,10,4,1,4,67,inf
qLogEI,10,4,1,4,68,inf
qLogEI,10,4,1,4,69,inf
qLogEI,10,4,1,4,70,inf
qLogEI,10,4,1,4,71,inf
qLogEI,10,4,1,4,72,inf
qLogEI,10,4,1,4,73,inf
qLogEI,10,4,1,4,74,inf
qLogEI,10,4,1,4,75,inf
qLogEI,10,4,1,4,76,inf
qLogEI,10,4,1,4,77,inf
qLogEI,10,4,1,4,78,inf
qLogEI,10,4,1,4,79,inf
qLogEI,10,4,1,4,80,inf
qLogEI,10,4,1,4,81,inf
qLogEI,10,4,1,4,82,inf
qLogEI,10,4,1,4,83,inf
qLogEI,10,4,1,4,84,inf
qLogEI,10,4,1,4,85,inf
qLogEI,10,4,1,4,86,inf
qLogEI,10,4,1,4,87,inf
qLogEI,10,4,1,4,88,inf
qLogEI,10,4,1,4,89,inf
qLogEI,10,4,1,4,90,inf
qLogEI,10,4,1,4,91,inf
qLogEI,10,4,1,4,92,inf
qLogEI,10,4,1,4,93,inf
qLogEI,10,4,1,4,94,inf
qLogEI,10,4,1,4,95,inf
qLogEI,10,4,1,4,96,inf
qLogEI,10,4,1,4,97,inf
qLogEI,10,4,1,4,98,inf
qLogEI,10,4,1,4,99,inf
qLogEI,10,4,1,4,100,inf
RL_Full,10,4,1,4,1,inf
RL_Full,10,4,1,4,2,inf
RL_Full,10,4,1,4,3,inf
RL_Full,10,4,1,4,4,inf
RL_Full,10,4,1,4,5,inf
RL_Full,10,4,1,4,6,inf
RL_Full,10,4,1,4,7,inf
RL_Full,10,4,1,4,8,inf
RL_Full,10,4,1,4,9,inf
RL_Full,10,4,1,4,10,inf
RL_Full,10,4,1,4,11,inf
RL_Full,10,4,1,4,12,inf
RL_Full,10,4,1,4,13,inf
RL_Full,10,4,1,4,14,inf
RL_Full,10,4,1,4,15,inf
RL_Full,10,4,1,4,16,inf
RL_Full,10,4,1,4,17,inf
RL_Full,10,4,1,4,18,inf
RL_Full,10,4,1,4,19,inf
RL_Full,10,4,1,4,20,inf
RL_Full,10,4,1,4,21,inf
RL_Full,10,4,1,4,22,inf
RL_Full,10,4,1,4,23,inf
RL_Full,10,4,1,4,24,inf
RL_Full,10,4,1,4,25,inf
RL_Full,10,4,1,4,26,inf
RL_Full,10,4,1,4,27,inf
RL_Full,10,4,1,4,28,inf
RL_Full,10,4,1,4,29,inf
RL_Full,10,4,1,4,30,inf
RL_Full,10,4,1,4,31,inf
RL_Full,10,4,1,4,32,inf
RL_Full,10,4,1,4,33,inf
RL_Full,10,4,1,4,34,inf
RL_Full,10,4,1,4,35,inf
RL_Full,10,4,1,4,36,inf
RL_Full,10,4,1,4,37,inf
RL_Full,10,4,1,4,38,inf
RL_Full,10,4,1,4,39,inf
RL_Full,10,4,1,4,40,inf
RL_Full,10,4,1,4,41,inf
RL_Full,10,4,1,4,42,inf
RL_Full,10,4,1,4,43,inf
RL_Full,10,4,1,4,44,inf
RL_Full,10,4,1,4,45,inf
RL_Full,10,4,1,4,46,inf
RL_Full,10,4,1,4,47,inf
RL_Full,10,4,1,4,48,inf
RL_Full,10,4,1,4,49,inf
RL_Full,10,4,1,4,50,inf
RL_Full,10,4,1,4,51,inf
RL_Full,10,4,1,4,52,inf
RL_Full,10,4,1,4,53,inf
RL_Full,10,4,1,4,54,inf
RL_Full,10,4,1,4,55,inf
RL_Full,10,4,1,4,56,inf
RL_Full,10,4,1,4,57,inf
RL_Full,10,4,1,4,58,inf
RL_Full,10,4,1,4,59,inf
RL_Full,10,4,1,4,60,inf
RL_Full,10,4,1,4,61,inf
RL_Full,10,4,1,4,62,inf
RL_Full,10,4,1,4,63,inf
RL_Full,10,4,1,4,64,inf
RL_Full,10,4,1,4,65,inf
RL_Full,10,4,1,4,66,inf
RL_Full,10,4,1,4,67,inf
RL_Full,10,4,1,4,68,inf
RL_Full,10,4,1,4,69,inf
RL_Full,10,4,1,4,70,inf
RL_Full,10,4,1,4,71,inf
RL_Full,10,4,1,4,72,inf
RL_Full,10,4,1,4,73,inf
RL_Full,10,4,1,4,74,inf
RL_Full,10,4,1,4,75,inf
RL_Full,10,4,1,4,76,inf
RL_Full,10,4,1,4,77,inf
RL_Full,10,4,1,4,78,inf
RL_Full,10,4,1,4,79,inf
RL_Full,10,4,1,4,80,inf
RL_Full,10,4,1,4,81,inf
RL_Full,10,4,1,4,82,inf
RL_Full,10,4,1,4,83,inf
RL_Full,10,4,1,4,84,inf
RL_Full,10,4,1,4,85,inf
RL_Full,10,4,1,4,86,inf
RL_Full,10,4,1,4,87,inf
RL_Full,10,4,1,4,88,inf
RL_Full,10,4,1,4,89,inf
RL_Full,10,4,1,4,90,inf
RL_Full,10,4,1,4,91,inf
RL_Full,10,4,1,4,92,inf
RL_Full,10,4,1,4,93,inf
RL_Full,10,4,1,4,94,inf
RL_Full,10,4,1,4,95,inf
RL_Full,10,4,1,4,96,inf
RL_Full,10,4,1,4,97,inf
RL_Full,10,4,1,4,98,inf
RL_Full,10,4,1,4,99,inf
RL_Full,10,4,1,4,100,inf
Random,10,4,2,0,1,inf
Random,10,4,2,0,2,inf
Random,10,4,2,0,3,inf
Random,10,4,2,0,4,inf
Random,10,4,2,0,5,inf
Random,10,4,2,0,6,inf
Random,10,4,2,0,7,inf
Random,10,4,2,0,8,inf
Random,10,4,2,0,9,inf
Random,10,4,2,0,10,inf
Random,10,4,2,0,11,inf
Random,10,4,2,0,12,inf
Random,10,4,2,0,13,inf
Random,10,4,2,0,14,inf
Random,10,4,2,0,15,inf
Random,10,4,2,0,16,inf
Random,10,4,2,0,17,inf
Random,10,4,2,0,18,inf
Random,10,4,2,0,19,inf
Random,10,4,2,0,20,inf
Random,10,4,2,0,21,inf
Random,10,4,2,0,22,inf
Random,10,4,2,0,23,inf
Random,10,4,2,0,24,inf
Random,10,4,2,0,25,inf
Random,10,4,2,0,26,inf
Random,10,4,2,0,27,inf
Random,10,4,2,0,28,inf
Random,10,4,2,0,29,inf
Random,10,4,2,0,30,inf
Random,10,4,2,0,31,inf
Random,10,4,2,0,32,inf
Random,10,4,2,0,33,inf
Random,10,4,2,0,34,inf
Random,10,4,2,0,35,inf
Random,10,4,2,0,36,inf
Random,10,4,2,0,37,inf
Random,10,4,2,0,38,inf
Random,10,4,2,0,39,inf
Random,10,4,2,0,40,inf
Random,10,4,2,0,41,inf
Random,10,4,2,0,42,inf
Random,10,4,2,0,43,inf
Random,10,4,2,0,44,inf
Random,10,4,2,0,45,inf
Random,10,4,2,0,46,inf
Random,10,4,2,0,47,inf
Random,10,4,2,0,48,inf
Random,10,4,2,0,49,inf
Random,10,4,2,0,50,inf
Random,10,4,2,0,51,inf
Random,10,4,2,0,52,inf
Random,10,4,2,0,53,inf
Random,10,4,2,0,54,inf
Random,10,4,2,0,55,inf
Random,10,4,2,0,56,inf
Random,10,4,2,0,57,inf
Random,10,4,2,0,58,inf
Random,10,4,2,0,59,inf
Random,10,4,2,0,60,inf
Random,10,4,2,0,61,inf
Random,10,4,2,0,62,inf
Random,10,4,2,0,63,inf
Random,10,4,2,0,64,inf
Random,10,4,2,0,65,inf
Random,10,4,2,0,66,inf
Random,10,4,2,0,67,inf
Random,10,4,2,0,68,inf
Random,10,4,2,0,69,inf
Random,10,4,2,0,70,inf
Random,10,4,2,0,71,inf
Random,10,4,2,0,72,inf
Random,10,4,2,0,73,inf
Random,10,4,2,0,74,inf
Random,10,4,2,0,75,inf
Random,10,4,2,0,76,inf
Random,10,4,2,0,77,inf
Random,10,4,2,0,78,inf
Random,10,4,2,0,79,inf
Random,10,4,2,0,80,inf
Random,10,4,2,0,81,inf
Random,10,4,2,0,82,inf
Random,10,4,2,0,83,inf
Random,10,4,2,0,84,inf
Random,10,4,2,0,85,inf
Random,10,4,2,0,86,inf
Random,10,4,2,0,87,inf
Random,10,4,2,0,88,inf
Random,10,4,2,0,89,inf
Random,10,4,2,0,90,inf
Random,10,4,2,0,91,inf
Random,10,4,2,0,92,inf
Random,10,4,2,0,93,inf
Random,10,4,2,0,94,inf
Random,10,4,2,0,95,inf
Random,10,4,2,0,96,inf
Random,10,4,2,0,97,inf
Random,10,4,2,0,98,inf
Random,10,4,2,0,99,inf
Random,10,4,2,0,100,inf
qLogEI,10,4,2,0,1,inf
qLogEI,10,4,2,0,2,inf
qLogEI,10,4,2,0,3,inf
qLogEI,10,4,2,0,4,inf
qLogEI,10,4,2,0,5,inf
qLogEI,10,4,2,0,6,inf
qLogEI,10,4,2,0,7,inf
qLogEI,10,4,2,0,8,inf
qLogEI,10,4,2,0,9,inf
qLogEI,10,4,2,0,10,inf
qLogEI,10,4,2,0,11,inf
qLogEI,10,4,2,0,12,inf
qLogEI,10,4,2,0,13,inf
qLogEI,10,4,2,0,14,inf
qLogEI,10,4,2,0,15,inf
qLogEI,10,4,2,0,16,inf
qLogEI,10,4,2,0,17,inf
qLogEI,10,4,2,0,18,inf
qLogEI,10,4,2,0,19,inf
qLogEI,10,4,2,0,20,inf
qLogEI,10,4,2,0,21,inf
qLogEI,10,4,2,0,22,inf
qLogEI,10,4,2,0,23,inf
qLogEI,10,4,2,0,24,inf
qLogEI,10,4,2,0,25,inf
qLogEI,10,4,2,0,26,inf
qLogEI,10,4,2,0,27,inf
qLogEI,10,4,2,0,28,inf
qLogEI,10,4,2,0,29,inf
qLogEI,10,4,2,0,30,inf
qLogEI,10,4,2,0,31,inf
qLogEI,10,4,2,0,32,inf
qLogEI,10,4,2,0,33,inf
qLogEI,10,4,2,0,34,inf
qLogEI,10,4,2,0,35,inf
qLogEI,10,4,2,0,36,inf
qLogEI,10,4,2,0,37,inf
qLogEI,10,4,2,0,38,inf
qLogEI,10,4,2,0,39,inf
qLogEI,10,4,2,0,40,inf
qLogEI,10,4,2,0,41,inf
qLogEI,10,4,2,0,42,inf
qLogEI,10,4,2,0,43,inf
qLogEI,10,4,2,0,44,inf
qLogEI,10,4,2,0,45,inf
qLogEI,10,4,2,0,46,inf
qLogEI,10,4,2,0,47,inf
qLogEI,10,4,2,0,48,inf
qLogEI,10,4,2,0,49,inf
qLogEI,10,4,2,0,50,inf
qLogEI,10,4,2,0,51,inf
qLogEI,10,4,2,0,52,inf
qLogEI,10,4,2,0,53,inf
qLogEI,10,4,2,0,54,inf
qLogEI,10,4,2,0,55,inf
qLogEI,10,4,2,0,56,inf
qLogEI,10,4,2,0,57,inf
qLogEI,10,4,2,0,58,inf
qLogEI,10,4,2,0,59,inf
qLogEI,10,4,2,0,60,inf
qLogEI,10,4,2,0,61,inf
qLogEI,10,4,2,0,62,inf
qLogEI,10,4,2,0,63,inf
qLogEI,10,4,2,0,64,inf
qLogEI,10,4,2,0,65,inf
qLogEI,10,4,2,0,66,inf
qLogEI,10,4,2,0,67,inf
qLogEI,10,4,2,0,68,inf
qLogEI,10,4,2,0,69,inf
qLogEI,10,4,2,0,70,inf
qLogEI,10,4,2,0,71,inf
qLogEI,10,4,2,0,72,inf
qLogEI,10,4,2,0,73,inf
qLogEI,10,4,2,0,74,inf
qLogEI,10,4,2,0,75,inf
qLogEI,10,4,2,0,76,inf
qLogEI,10,4,2,0,77,inf
qLogEI,10,4,2,0,78,inf
qLogEI,10,4,2,0,79,inf
qLogEI,10,4,2,0,80,inf
qLogEI,10,4,2,0,81,inf
qLogEI,10,4,2,0,82,inf
qLogEI,10,4,2,0,83,inf
qLogEI,10,4,2,0,84,inf
qLogEI,10,4,2,0,85,inf
qLogEI,10,4,2,0,86,inf
qLogEI,10,4,2,0,87,inf
qLogEI,10,4,2,0,88,inf
qLogEI,10,4,2,0,89,inf
qLogEI,10,4,2,0,90,inf
qLogEI,10,4,2,0,91,inf
qLogEI,10,4,2,0,92,inf
qLogEI,10,4,2,0,93,inf
qLogEI,10,4,2,0,94,inf
qLogEI,10,4,2,0,95,inf
qLogEI,10,4,2,0,96,inf
qLogEI,10,4,2,0,97,inf
qLogEI,10,4,2,0,98,inf
qLogEI,10,4,2,0,99,inf
qLogEI,10,4,2,0,100,inf
RL_Full,10,4,2,0,1,inf
RL_Full,10,4,2,0,2,inf
RL_Full,10,4,2,0,3,inf
RL_Full,10,4,2,0,4,inf
RL_Full,10,4,2,0,5,inf
RL_Full,10,4,2,0,6,inf
RL_Full,10,4,2,0,7,inf
RL_Full,10,4,2,0,8,inf
RL_Full,10,4,2,0,9,inf
RL_Full,10,4,2,0,10,inf
RL_Full,10,4,2,0,11,inf
RL_Full,10,4,2,0,12,inf
RL_Full,10,4,2,0,13,inf
RL_Full,10,4,2,0,14,inf
RL_Full,10,4,2,0,15,inf
RL_Full,10,4,2,0,16,inf
RL_Full,10,4,2,0,17,inf
RL_Full,10,4,2,0,18,inf
RL_Full,10,4,2,0,19,inf
RL_Full,10,4,2,0,20,inf
RL_Full,10,4,2,0,21,inf
RL_Full,10,4,2,0,22,inf
RL_Full,10,4,2,0,23,inf
RL_Full,10,4,2,0,24,inf
RL_Full,10,4,2,0,25,inf
RL_Full,10,4,2,0,26,inf
RL_Full,10,4,2,0,27,inf
RL_Full,10,4,2,0,28,inf
RL_Full,10,4,2,0,29,inf
RL_Full,10,4,2,0,30,inf
RL_Full,10,4,2,0,31,inf
RL_Full,10,4,2,0,32,inf
RL_Full,10,4,2,0,33,inf
RL_Full,10,4,2,0,34,inf
RL_Full,10,4,2,0,35,inf
RL_Full,10,4,2,0,36,inf
RL_Full,10,4,2,0,37,inf
RL_Full,10,4,2,0,38,inf
RL_Full,10,4,2,0,39,inf
RL_Full,10,4,2,0,40,inf
RL_Full,10,4,2,0,41,inf
RL_Full,10,4,2,0,42,inf
RL_Full,10,4,2,0,43,inf
RL_Full,10,4,2,0,44,inf
RL_Full,10,4,2,0,45,inf
RL_Full,10,4,2,0,46,inf
RL_Full,10,4,2,0,47,inf
RL_Full,10,4,2,0,48,inf
RL_Full,10,4,2,0,49,inf
RL_Full,10,4,2,0,50,inf
RL_Full,10,4,2,0,51,inf
RL_Full,10,4,2,0,52,inf
RL_Full,10,4,2,0,53,inf
RL_Full,10,4,2,0,54,inf
RL_Full,10,4,2,0,55,inf
RL_Full,10,4,2,0,56,inf
RL_Full,10,4,2,0,57,inf
RL_Full,10,4,2,0,58,inf
RL_Full,10,4,2,0,59,inf
RL_Full,10,4,2,0,60,inf
RL_Full,10,4,2,0,61,inf
RL_Full,10,4,2,0,62,inf
RL_Full,10,4,2,0,63,inf
RL_Full,10,4,2,0,64,inf
RL_Full,10,4,2,0,65,inf
RL_Full,10,4,2,0,66,inf
RL_Full,10,4,2,0,67,inf
RL_Full,10,4,2,0,68,inf
RL_Full,10,4,2,0,69,inf
RL_Full,10,4,2,0,70,inf
RL_Full,10,4,2,0,71,inf
RL_Full,10,4,2,0,72,inf
RL_Full,10,4,2,0,73,inf
RL_Full,10,4,2,0,74,inf
RL_Full,10,4,2,0,75,inf
RL_Full,10,4,2,0,76,inf
RL_Full,10,4,2,0,77,inf
RL_Full,10,4,2,0,78,inf
RL_Full,10,4,2,0,79,inf
RL_Full,10,4,2,0,80,inf
RL_Full,10,4,2,0,81,inf
RL_Full,10,4,2,0,82,inf
RL_Full,10,4,2,0,83,inf
RL_Full,10,4,2,0,84,inf
RL_Full,10,4,2,0,85,inf
RL_Full,10,4,2,0,86,inf
RL_Full,10,4,2,0,87,inf
RL_Full,10,4,2,0,88,inf
RL_Full,10,4,2,0,89,inf
RL_Full,10,4,2,0,90,inf
RL_Full,10,4,2,0,91,inf
RL_Full,10,4,2,0,92,inf
RL_Full,10,4,2,0,93,inf
RL_Full,10,4,2,0,94,inf
RL_Full,10,4,2,0,95,inf
RL_Full,10,4,2,0,96,inf
RL_Full,10,4,2,0,97,inf
RL_Full,10,4,2,0,98,inf
RL_Full,10,4,2,0,99,inf
RL_Full,10,4,2,0,100,inf
Random,10,4,2,1,1,inf
Random,10,4,2,1,2,inf
Random,10,4,2,1,3,inf
Random,10,4,2,1,4,inf
Random,10,4,2,1,5,inf
Random,10,4,2,1,6,inf
Random,10,4,2,1,7,inf
Random,10,4,2,1,8,inf
Random,10,4,2,1,9,inf
Random,10,4,2,1,10,inf
Random,10,4,2,1,11,inf
Random,10,4,2,1,12,inf
Random,10,4,2,1,13,inf
Random,10,4,2,1,14,inf
Random,10,4,2,1,15,inf
Random,10,4,2,1,16,inf
Random,10,4,2,1,17,inf
Random,10,4,2,1,18,inf
Random,10,4,2,1,19,inf
Random,10,4,2,1,20,inf
Random,10,4,2,1,21,inf
Random,10,4,2,1,22,inf
Random,10,4,2,1,23,inf
Random,10,4,2,1,24,inf
Random,10,4,2,1,25,inf
Random,10,4,2,1,26,inf
Random,10,4,2,1,27,inf
Random,10,4,2,1,28,inf
Random,10,4,2,1,29,inf
Random,10,4,2,1,30,inf
Random,10,4,2,1,31,inf
Random,10,4,2,1,32,inf
Random,10,4,2,1,33,inf
Random,10,4,2,1,34,inf
Random,10,4,2,1,35,inf
Random,10,4,2,1,36,inf
Random,10,4,2,1,37,inf
Random,10,4,2,1,38,inf
Random,10,4,2,1,39,inf
Random,10,4,2,1,40,inf
Random,10,4,2,1,41,inf
Random,10,4,2,1,42,inf
Random,10,4,2,1,43,inf
Random,10,4,2,1,44,inf
Random,10,4,2,1,45,inf
Random,10,4,2,1,46,inf
Random,10,4,2,1,47,inf
Random,10,4,2,1,48,inf
Random,10,4,2,1,49,inf
Random,10,4,2,1,50,inf
Random,10,4,2,1,51,inf
Random,10,4,2,1,52,inf
Random,10,4,2,1,53,inf
Random,10,4,2,1,54,inf
Random,10,4,2,1,55,inf
Random,10,4,2,1,56,inf
Random,10,4,2,1,57,inf
Random,10,4,2,1,58,inf
Random,10,4,2,1,59,inf
Random,10,4,2,1,60,inf
Random,10,4,2,1,61,inf
Random,10,4,2,1,62,inf
Random,10,4,2,1,63,inf
Random,10,4,2,1,64,inf
Random,10,4,2,1,65,inf
Random,10,4,2,1,66,inf
Random,10,4,2,1,67,inf
Random,10,4,2,1,68,inf
Random,10,4,2,1,69,inf
Random,10,4,2,1,70,inf
Random,10,4,2,1,71,inf
Random,10,4,2,1,72,inf
Random,10,4,2,1,73,inf
Random,10,4,2,1,74,inf
Random,10,4,2,1,75,inf
Random,10,4,2,1,76,inf
Random,10,4,2,1,77,inf
Random,10,4,2,1,78,inf
Random,10,4,2,1,79,inf
Random,10,4,2,1,80,inf
Random,10,4,2,1,81,inf
Random,10,4,2,1,82,inf
Random,10,4,2,1,83,inf
Random,10,4,2,1,84,inf
Random,10,4,2,1,85,inf
Random,10,4,2,1,86,inf
Random,10,4,2,1,87,inf
Random,10,4,2,1,88,inf
Random,10,4,2,1,89,inf
Random,10,4,2,1,90,inf
Random,10,4,2,1,91,inf
Random,10,4,2,1,92,inf
Random,10,4,2,1,93,inf
Random,10,4,2,1,94,inf
Random,10,4,2,1,95,inf
Random,10,4,2,1,96,inf
Random,10,4,2,1,97,inf
Random,10,4,2,1,98,inf
Random,10,4,2,1,99,inf
Random,10,4,2,1,100,inf
qLogEI,10,4,2,1,1,inf
qLogEI,10,4,2,1,2,inf
qLogEI,10,4,2,1,3,inf
qLogEI,10,4,2,1,4,inf
qLogEI,10,4,2,1,5,inf
qLogEI,10,4,2,1,6,inf
qLogEI,10,4,2,1,7,inf
qLogEI,10,4,2,1,8,inf
qLogEI,10,4,2,1,9,inf
qLogEI,10,4,2,1,10,inf
qLogEI,10,4,2,1,11,inf
qLogEI,10,4,2,1,12,inf
qLogEI,10,4,2,1,13,inf
qLogEI,10,4,2,1,14,inf
qLogEI,10,4,2,1,15,inf
qLogEI,10,4,2,1,16,inf
qLogEI,10,4,2,1,17,inf
qLogEI,10,4,2,1,18,inf
qLogEI,10,4,2,1,19,inf
qLogEI,10,4,2,1,20,inf
qLogEI,10,4,2,1,21,inf
qLogEI,10,4,2,1,22,inf
qLogEI,10,4,2,1,23,inf
qLogEI,10,4,2,1,24,inf
qLogEI,10,4,2,1,25,inf
qLogEI,10,4,2,1,26,inf
qLogEI,10,4,2,1,27,inf
qLogEI,10,4,2,1,28,inf
qLogEI,10,4,2,1,29,inf
qLogEI,10,4,2,1,30,inf
qLogEI,10,4,2,1,31,inf
qLogEI,10,4,2,1,32,inf
qLogEI,10,4,2,1,33,inf
qLogEI,10,4,2,1,34,inf
qLogEI,10,4,2,1,35,inf
qLogEI,10,4,2,1,36,inf
qLogEI,10,4,2,1,37,inf
qLogEI,10,4,2,1,38,inf
qLogEI,10,4,2,1,39,inf
qLogEI,10,4,2,1,40,inf
qLogEI,10,4,2,1,41,inf
qLogEI,10,4,2,1,42,inf
qLogEI,10,4,2,1,43,inf
qLogEI,10,4,2,1,44,inf
qLogEI,10,4,2,1,45,inf
qLogEI,10,4,2,1,46,inf
qLogEI,10,4,2,1,47,inf
qLogEI,10,4,2,1,48,inf
qLogEI,10,4,2,1,49,inf
qLogEI,10,4,2,1,50,inf
qLogEI,10,4,2,1,51,inf
qLogEI,10,4,2,1,52,inf
qLogEI,10,4,2,1,53,inf
qLogEI,10,4,2,1,54,inf
qLogEI,10,4,2,1,55,inf
qLogEI,10,4,2,1,56,inf
qLogEI,10,4,2,1,57,inf
qLogEI,10,4,2,1,58,inf
qLogEI,10,4,2,1,59,inf
qLogEI,10,4,2,1,60,inf
qLogEI,10,4,2,1,61,inf
qLogEI,10,4,2,1,62,inf
qLogEI,10,4,2,1,63,inf
qLogEI,10,4,2,1,64,inf
qLogEI,10,4,2,1,65,inf
qLogEI,10,4,2,1,66,inf
qLogEI,10,4,2,1,67,inf
qLogEI,10,4,2,1,68,inf
qLogEI,10,4,2,1,69,inf
qLogEI,10,4,2,1,70,inf
qLogEI,10,4,2,1,71,inf
qLogEI,10,4,2,1,72,inf
qLogEI,10,4,2,1,73,inf
qLogEI,10,4,2,1,74,inf
qLogEI,10,4,2,1,75,inf
qLogEI,10,4,2,1,76,inf
qLogEI,10,4,2,1,77,inf
qLogEI,10,4,2,1,78,inf
qLogEI,10,4,2,1,79,inf
qLogEI,10,4,2,1,80,inf
qLogEI,10,4,2,1,81,inf
qLogEI,10,4,2,1,82,inf
qLogEI,10,4,2,1,83,inf
qLogEI,10,4,2,1,84,inf
qLogEI,10,4,2,1,85,inf
qLogEI,10,4,2,1,86,inf
qLogEI,10,4,2,1,87,inf
qLogEI,10,4,2,1,88,inf
qLogEI,10,4,2,1,89,inf
qLogEI,10,4,2,1,90,inf
qLogEI,10,4,2,1,91,inf
qLogEI,10,4,2,1,92,inf
qLogEI,10,4,2,1,93,inf
qLogEI,10,4,2,1,94,inf
qLogEI,10,4,2,1,95,inf
qLogEI,10,4,2,1,96,inf
qLogEI,10,4,2,1,97,inf
qLogEI,10,4,2,1,98,inf
qLogEI,10,4,2,1,99,inf
qLogEI,10,4,2,1,100,inf
RL_Full,10,4,2,1,1,inf
RL_Full,10,4,2,1,2,inf
RL_Full,10,4,2,1,3,inf
RL_Full,10,4,2,1,4,inf
RL_Full,10,4,2,1,5,inf
RL_Full,10,4,2,1,6,inf
RL_Full,10,4,2,1,7,inf
RL_Full,10,4,2,1,8,inf
RL_Full,10,4,2,1,9,inf
RL_Full,10,4,2,1,10,inf
RL_Full,10,4,2,1,11,inf
RL_Full,10,4,2,1,12,inf
RL_Full,10,4,2,1,13,inf
RL_Full,10,4,2,1,14,inf
RL_Full,10,4,2,1,15,inf
RL_Full,10,4,2,1,16,inf
RL_Full,10,4,2,1,17,inf
RL_Full,10,4,2,1,18,inf
RL_Full,10,4,2,1,19,inf
RL_Full,10,4,2,1,20,inf
RL_Full,10,4,2,1,21,inf
RL_Full,10,4,2,1,22,inf
RL_Full,10,4,2,1,23,inf
RL_Full,10,4,2,1,24,inf
RL_Full,10,4,2,1,25,inf
RL_Full,10,4,2,1,26,inf
RL_Full,10,4,2,1,27,inf
RL_Full,10,4,2,1,28,inf
RL_Full,10,4,2,1,29,inf
RL_Full,10,4,2,1,30,inf
RL_Full,10,4,2,1,31,inf
RL_Full,10,4,2,1,32,inf
RL_Full,10,4,2,1,33,inf
RL_Full,10,4,2,1,34,inf
RL_Full,10,4,2,1,35,inf
RL_Full,10,4,2,1,36,inf
RL_Full,10,4,2,1,37,inf
RL_Full,10,4,2,1,38,inf
RL_Full,10,4,2,1,39,inf
RL_Full,10,4,2,1,40,inf
RL_Full,10,4,2,1,41,inf
RL_Full,10,4,2,1,42,inf
RL_Full,10,4,2,1,43,inf
RL_Full,10,4,2,1,44,inf
RL_Full,10,4,2,1,45,inf
RL_Full,10,4,2,1,46,inf
RL_Full,10,4,2,1,47,inf
RL_Full,10,4,2,1,48,inf
RL_Full,10,4,2,1,49,inf
RL_Full,10,4,2,1,50,inf
RL_Full,10,4,2,1,51,inf
RL_Full,10,4,2,1,52,inf
RL_Full,10,4,2,1,53,inf
RL_Full,10,4,2,1,54,inf
RL_Full,10,4,2,1,55,inf
RL_Full,10,4,2,1,56,inf
RL_Full,10,4,2,1,57,inf
RL_Full,10,4,2,1,58,inf
RL_Full,10,4,2,1,59,inf
RL_Full,10,4,2,1,60,inf
RL_Full,10,4,2,1,61,inf
RL_Full,10,4,2,1,62,inf
RL_Full,10,4,2,1,63,inf
RL_Full,10,4,2,1,64,inf
RL_Full,10,4,2,1,65,inf
RL_Full,10,4,2,1,66,inf
RL_Full,10,4,2,1,67,inf
RL_Full,10,4,2,1,68,inf
RL_Full,10,4,2,1,69,inf
RL_Full,10,4,2,1,70,inf
RL_Full,10,4,2,1,71,inf
RL_Full,10,4,2,1,72,inf
RL_Full,10,4,2,1,73,inf
RL_Full,10,4,2,1,74,inf
RL_Full,10,4,2,1,75,inf
RL_Full,10,4,2,1,76,inf
RL_Full,10,4,2,1,77,inf
RL_Full,10,4,2,1,78,inf
RL_Full,10,4,2,1,79,inf
RL_Full,10,4,2,1,80,inf
RL_Full,10,4,2,1,81,inf
RL_Full,10,4,2,1,82,inf
RL_Full,10,4,2,1,83,inf
RL_Full,10,4,2,1,84,inf
RL_Full,10,4,2,1,85,inf
RL_Full,10,4,2,1,86,inf
RL_Full,10,4,2,1,87,inf
RL_Full,10,4,2,1,88,inf
RL_Full,10,4,2,1,89,inf
RL_Full,10,4,2,1,90,inf
RL_Full,10,4,2,1,91,inf
RL_Full,10,4,2,1,92,inf
RL_Full,10,4,2,1,93,inf
RL_Full,10,4,2,1,94,inf
RL_Full,10,4,2,1,95,inf
RL_Full,10,4,2,1,96,inf
RL_Full,10,4,2,1,97,inf
RL_Full,10,4,2,1,98,inf
RL_Full,10,4,2,1,99,inf
RL_Full,10,4,2,1,100,inf
Random,10,4,2,2,1,inf
Random,10,4,2,2,2,inf
Random,10,4,2,2,3,inf
Random,10,4,2,2,4,inf
Random,10,4,2,2,5,inf
Random,10,4,2,2,6,inf
Random,10,4,2,2,7,inf
Random,10,4,2,2,8,inf
Random,10,4,2,2,9,inf
Random,10,4,2,2,10,inf
Random,10,4,2,2,11,inf
Random,10,4,2,2,12,inf
Random,10,4,2,2,13,inf
Random,10,4,2,2,14,inf
Random,10,4,2,2,15,inf
Random,10,4,2,2,16,inf
Random,10,4,2,2,17,inf
Random,10,4,2,2,18,inf
Random,10,4,2,2,19,inf
Random,10,4,2,2,20,inf
Random,10,4,2,2,21,inf
Random,10,4,2,2,22,inf
Random,10,4,2,2,23,inf
Random,10,4,2,2,24,inf
Random,10,4,2,2,25,inf
Random,10,4,2,2,26,inf
Random,10,4,2,2,27,inf
Random,10,4,2,2,28,inf
Random,10,4,2,2,29,inf
Random,10,4,2,2,30,inf
Random,10,4,2,2,31,inf
Random,10,4,2,2,32,inf
Random,10,4,2,2,33,inf
Random,10,4,2,2,34,inf
Random,10,4,2,2,35,inf
Random,10,4,2,2,36,inf
Random,10,4,2,2,37,inf
Random,10,4,2,2,38,inf
Random,10,4,2,2,39,inf
Random,10,4,2,2,40,inf
Random,10,4,2,2,41,inf
Random,10,4,2,2,42,inf
Random,10,4,2,2,43,inf
Random,10,4,2,2,44,inf
Random,10,4,2,2,45,inf
Random,10,4,2,2,46,inf
Random,10,4,2,2,47,inf
Random,10,4,2,2,48,inf
Random,10,4,2,2,49,inf
Random,10,4,2,2,50,inf
Random,10,4,2,2,51,inf
Random,10,4,2,2,52,inf
Random,10,4,2,2,53,inf
Random,10,4,2,2,54,inf
Random,10,4,2,2,55,inf
Random,10,4,2,2,56,inf
Random,10,4,2,2,57,inf
Random,10,4,2,2,58,inf
Random,10,4,2,2,59,inf
Random,10,4,2,2,60,inf
Random,10,4,2,2,61,inf
Random,10,4,2,2,62,inf
Random,10,4,2,2,63,inf
Random,10,4,2,2,64,inf
Random,10,4,2,2,65,inf
Random,10,4,2,2,66,inf
Random,10,4,2,2,67,inf
Random,10,4,2,2,68,inf
Random,10,4,2,2,69,inf
Random,10,4,2,2,70,inf
Random,10,4,2,2,71,inf
Random,10,4,2,2,72,inf
Random,10,4,2,2,73,inf
Random,10,4,2,2,74,inf
Random,10,4,2,2,75,inf
Random,10,4,2,2,76,inf
Random,10,4,2,2,77,inf
Random,10,4,2,2,78,inf
Random,10,4,2,2,79,inf
Random,10,4,2,2,80,inf
Random,10,4,2,2,81,inf
Random,10,4,2,2,82,inf
Random,10,4,2,2,83,inf
Random,10,4,2,2,84,inf
Random,10,4,2,2,85,inf
Random,10,4,2,2,86,inf
Random,10,4,2,2,87,inf
Random,10,4,2,2,88,inf
Random,10,4,2,2,89,inf
Random,10,4,2,2,90,inf
Random,10,4,2,2,91,inf
Random,10,4,2,2,92,inf
Random,10,4,2,2,93,inf
Random,10,4,2,2,94,inf
Random,10,4,2,2,95,inf
Random,10,4,2,2,96,inf
Random,10,4,2,2,97,inf
Random,10,4,2,2,98,inf
Random,10,4,2,2,99,inf
Random,10,4,2,2,100,inf
qLogEI,10,4,2,2,1,inf
qLogEI,10,4,2,2,2,inf
qLogEI,10,4,2,2,3,inf
qLogEI,10,4,2,2,4,inf
qLogEI,10,4,2,2,5,inf
qLogEI,10,4,2,2,6,inf
qLogEI,10,4,2,2,7,inf
qLogEI,10,4,2,2,8,inf
qLogEI,10,4,2,2,9,inf
qLogEI,10,4,2,2,10,inf
qLogEI,10,4,2,2,11,inf
qLogEI,10,4,2,2,12,inf
qLogEI,10,4,2,2,13,inf
qLogEI,10,4,2,2,14,inf
qLogEI,10,4,2,2,15,inf
qLogEI,10,4,2,2,16,inf
qLogEI,10,4,2,2,17,inf
qLogEI,10,4,2,2,18,inf
qLogEI,10,4,2,2,19,inf
qLogEI,10,4,2,2,20,inf
qLogEI,10,4,2,2,21,inf
qLogEI,10,4,2,2,22,inf
qLogEI,10,4,2,2,23,inf
qLogEI,10,4,2,2,24,inf
qLogEI,10,4,2,2,25,inf
qLogEI,10,4,2,2,26,inf
qLogEI,10,4,2,2,27,inf
qLogEI,10,4,2,2,28,inf
qLogEI,10,4,2,2,29,inf
qLogEI,10,4,2,2,30,inf
qLogEI,10,4,2,2,31,inf
qLogEI,10,4,2,2,32,inf
qLogEI,10,4,2,2,33,inf
qLogEI,10,4,2,2,34,inf
qLogEI,10,4,2,2,35,inf
qLogEI,10,4,2,2,36,inf
qLogEI,10,4,2,2,37,inf
qLogEI,10,4,2,2,38,inf
qLogEI,10,4,2,2,39,inf
qLogEI,10,4,2,2,40,inf
qLogEI,10,4,2,2,41,inf
qLogEI,10,4,2,2,42,inf
qLogEI,10,4,2,2,43,inf
qLogEI,10,4,2,2,44,inf
qLogEI,10,4,2,2,45,inf
qLogEI,10,4,2,2,46,inf
qLogEI,10,4,2,2,47,inf
qLogEI,10,4,2,2,48,inf
qLogEI,10,4,2,2,49,inf
qLogEI,10,4,2,2,50,inf
qLogEI,10,4,2,2,51,inf
qLogEI,10,4,2,2,52,inf
qLogEI,10,4,2,2,53,inf
qLogEI,10,4,2,2,54,inf
qLogEI,10,4,2,2,55,inf
qLogEI,10,4,2,2,56,inf
qLogEI,10,4,2,2,57,inf
qLogEI,10,4,2,2,58,inf
qLogEI,10,4,2,2,59,inf
qLogEI,10,4,2,2,60,inf
qLogEI,10,4,2,2,61,inf
qLogEI,10,4,2,2,62,inf
qLogEI,10,4,2,2,63,inf
qLogEI,10,4,2,2,64,inf
qLogEI,10,4,2,2,65,inf
qLogEI,10,4,2,2,66,inf
qLogEI,10,4,2,2,67,inf
qLogEI,10,4,2,2,68,inf
qLogEI,10,4,2,2,69,inf
qLogEI,10,4,2,2,70,inf
qLogEI,10,4,2,2,71,inf
qLogEI,10,4,2,2,72,inf
qLogEI,10,4,2,2,73,inf
qLogEI,10,4,2,2,74,inf
qLogEI,10,4,2,2,75,inf
qLogEI,10,4,2,2,76,inf
qLogEI,10,4,2,2,77,inf
qLogEI,10,4,2,2,78,inf
qLogEI,10,4,2,2,79,inf
qLogEI,10,4,2,2,80,inf
qLogEI,10,4,2,2,81,inf
qLogEI,10,4,2,2,82,inf
qLogEI,10,4,2,2,83,inf
qLogEI,10,4,2,2,84,inf
qLogEI,10,4,2,2,85,inf
qLogEI,10,4,2,2,86,inf
qLogEI,10,4,2,2,87,inf
qLogEI,10,4,2,2,88,inf
qLogEI,10,4,2,2,89,inf
qLogEI,10,4,2,2,90,inf
qLogEI,10,4,2,2,91,inf
qLogEI,10,4,2,2,92,inf
qLogEI,10,4,2,2,93,inf
qLogEI,10,4,2,2,94,inf
qLogEI,10,4,2,2,95,inf
qLogEI,10,4,2,2,96,inf
qLogEI,10,4,2,2,97,inf
qLogEI,10,4,2,2,98,inf
qLogEI,10,4,2,2,99,inf
qLogEI,10,4,2,2,100,inf
RL_Full,10,4,2,2,1,inf
RL_Full,10,4,2,2,2,inf
RL_Full,10,4,2,2,3,inf
RL_Full,10,4,2,2,4,inf
RL_Full,10,4,2,2,5,inf
RL_Full,10,4,2,2,6,inf
RL_Full,10,4,2,2,7,inf
RL_Full,10,4,2,2,8,inf
RL_Full,10,4,2,2,9,inf
RL_Full,10,4,2,2,10,inf
RL_Full,10,4,2,2,11,inf
RL_Full,10,4,2,2,12,inf
RL_Full,10,4,2,2,13,inf
RL_Full,10,4,2,2,14,inf
RL_Full,10,4,2,2,15,inf
RL_Full,10,4,2,2,16,inf
RL_Full,10,4,2,2,17,inf
RL_Full,10,4,2,2,18,inf
RL_Full,10,4,2,2,19,inf
RL_Full,10,4,2,2,20,inf
RL_Full,10,4,2,2,21,inf
RL_Full,10,4,2,2,22,inf
RL_Full,10,4,2,2,23,inf
RL_Full,10,4,2,2,24,inf
RL_Full,10,4,2,2,25,inf
RL_Full,10,4,2,2,26,inf
RL_Full,10,4,2,2,27,inf
RL_Full,10,4,2,2,28,inf
RL_Full,10,4,2,2,29,inf
RL_Full,10,4,2,2,30,inf
RL_Full,10,4,2,2,31,inf
RL_Full,10,4,2,2,32,inf
RL_Full,10,4,2,2,33,inf
RL_Full,10,4,2,2,34,inf
RL_Full,10,4,2,2,35,inf
RL_Full,10,4,2,2,36,inf
RL_Full,10,4,2,2,37,inf
RL_Full,10,4,2,2,38,inf
RL_Full,10,4,2,2,39,inf
RL_Full,10,4,2,2,40,inf
RL_Full,10,4,2,2,41,inf
RL_Full,10,4,2,2,42,inf
RL_Full,10,4,2,2,43,inf
RL_Full,10,4,2,2,44,inf
RL_Full,10,4,2,2,45,inf
RL_Full,10,4,2,2,46,inf
RL_Full,10,4,2,2,47,inf
RL_Full,10,4,2,2,48,inf
RL_Full,10,4,2,2,49,inf
RL_Full,10,4,2,2,50,inf
RL_Full,10,4,2,2,51,inf
RL_Full,10,4,2,2,52,inf
RL_Full,10,4,2,2,53,inf
RL_Full,10,4,2,2,54,inf
RL_Full,10,4,2,2,55,inf
RL_Full,10,4,2,2,56,inf
RL_Full,10,4,2,2,57,inf
RL_Full,10,4,2,2,58,inf
RL_Full,10,4,2,2,59,inf
RL_Full,10,4,2,2,60,inf
RL_Full,10,4,2,2,61,inf
RL_Full,10,4,2,2,62,inf
RL_Full,10,4,2,2,63,inf
RL_Full,10,4,2,2,64,inf
RL_Full,10,4,2,2,65,inf
RL_Full,10,4,2,2,66,inf
RL_Full,10,4,2,2,67,inf
RL_Full,10,4,2,2,68,inf
RL_Full,10,4,2,2,69,inf
RL_Full,10,4,2,2,70,inf
RL_Full,10,4,2,2,71,inf
RL_Full,10,4,2,2,72,inf
RL_Full,10,4,2,2,73,inf
RL_Full,10,4,2,2,74,inf
RL_Full,10,4,2,2,75,inf
RL_Full,10,4,2,2,76,inf
RL_Full,10,4,2,2,77,inf
RL_Full,10,4,2,2,78,inf
RL_Full,10,4,2,2,79,inf
RL_Full,10,4,2,2,80,inf
RL_Full,10,4,2,2,81,inf
RL_Full,10,4,2,2,82,inf
RL_Full,10,4,2,2,83,inf
RL_Full,10,4,2,2,84,inf
RL_Full,10,4,2,2,85,inf
RL_Full,10,4,2,2,86,inf
RL_Full,10,4,2,2,87,inf
RL_Full,10,4,2,2,88,inf
RL_Full,10,4,2,2,89,inf
RL_Full,10,4,2,2,90,inf
RL_Full,10,4,2,2,91,inf
RL_Full,10,4,2,2,92,inf
RL_Full,10,4,2,2,93,inf
RL_Full,10,4,2,2,94,inf
RL_Full,10,4,2,2,95,inf
RL_Full,10,4,2,2,96,inf
RL_Full,10,4,2,2,97,inf
RL_Full,10,4,2,2,98,inf
RL_Full,10,4,2,2,99,inf
RL_Full,10,4,2,2,100,inf
Random,10,4,2,3,1,inf
Random,10,4,2,3,2,inf
Random,10,4,2,3,3,inf
Random,10,4,2,3,4,inf
Random,10,4,2,3,5,inf
Random,10,4,2,3,6,inf
Random,10,4,2,3,7,inf
Random,10,4,2,3,8,inf
Random,10,4,2,3,9,inf
Random,10,4,2,3,10,inf
Random,10,4,2,3,11,inf
Random,10,4,2,3,12,inf
Random,10,4,2,3,13,inf
Random,10,4,2,3,14,inf
Random,10,4,2,3,15,inf
Random,10,4,2,3,16,inf
Random,10,4,2,3,17,inf
Random,10,4,2,3,18,inf
Random,10,4,2,3,19,inf
Random,10,4,2,3,20,inf
Random,10,4,2,3,21,inf
Random,10,4,2,3,22,inf
Random,10,4,2,3,23,inf
Random,10,4,2,3,24,inf
Random,10,4,2,3,25,inf
Random,10,4,2,3,26,inf
Random,10,4,2,3,27,inf
Random,10,4,2,3,28,inf
Random,10,4,2,3,29,inf
Random,10,4,2,3,30,inf
Random,10,4,2,3,31,inf
Random,10,4,2,3,32,inf
Random,10,4,2,3,33,inf
Random,10,4,2,3,34,inf
Random,10,4,2,3,35,inf
Random,10,4,2,3,36,inf
Random,10,4,2,3,37,inf
Random,10,4,2,3,38,inf
Random,10,4,2,3,39,inf
Random,10,4,2,3,40,inf
Random,10,4,2,3,41,inf
Random,10,4,2,3,42,inf
Random,10,4,2,3,43,inf
Random,10,4,2,3,44,inf
Random,10,4,2,3,45,inf
Random,10,4,2,3,46,inf
Random,10,4,2,3,47,inf
Random,10,4,2,3,48,inf
Random,10,4,2,3,49,inf
Random,10,4,2,3,50,inf
Random,10,4,2,3,51,inf
Random,10,4,2,3,52,inf
Random,10,4,2,3,53,inf
Random,10,4,2,3,54,inf
Random,10,4,2,3,55,inf
Random,10,4,2,3,56,inf
Random,10,4,2,3,57,inf
Random,10,4,2,3,58,inf
Random,10,4,2,3,59,inf
Random,10,4,2,3,60,inf
Random,10,4,2,3,61,inf
Random,10,4,2,3,62,inf
Random,10,4,2,3,63,inf
Random,10,4,2,3,64,inf
Random,10,4,2,3,65,inf
Random,10,4,2,3,66,inf
Random,10,4,2,3,67,inf
Random,10,4,2,3,68,inf
Random,10,4,2,3,69,inf
Random,10,4,2,3,70,inf
Random,10,4,2,3,71,inf
Random,10,4,2,3,72,inf
Random,10,4,2,3,73,inf
Random,10,4,2,3,74,inf
Random,10,4,2,3,75,inf
Random,10,4,2,3,76,inf
Random,10,4,2,3,77,inf
Random,10,4,2,3,78,inf
Random,10,4,2,3,79,inf
Random,10,4,2,3,80,inf
Random,10,4,2,3,81,inf
Random,10,4,2,3,82,inf
Random,10,4,2,3,83,inf
Random,10,4,2,3,84,inf
Random,10,4,2,3,85,inf
Random,10,4,2,3,86,inf
Random,10,4,2,3,87,inf
Random,10,4,2,3,88,inf
Random,10,4,2,3,89,inf
Random,10,4,2,3,90,inf
Random,10,4,2,3,91,inf
Random,10,4,2,3,92,inf
Random,10,4,2,3,93,inf
Random,10,4,2,3,94,inf
Random,10,4,2,3,95,inf
Random,10,4,2,3,96,inf
Random,10,4,2,3,97,inf
Random,10,4,2,3,98,inf
Random,10,4,2,3,99,inf
Random,10,4,2,3,100,inf
qLogEI,10,4,2,3,1,inf
qLogEI,10,4,2,3,2,inf
qLogEI,10,4,2,3,3,inf
qLogEI,10,4,2,3,4,inf
qLogEI,10,4,2,3,5,inf
qLogEI,10,4,2,3,6,inf
qLogEI,10,4,2,3,7,inf
qLogEI,10,4,2,3,8,inf
qLogEI,10,4,2,3,9,inf
qLogEI,10,4,2,3,10,inf
qLogEI,10,4,2,3,11,inf
qLogEI,10,4,2,3,12,inf
qLogEI,10,4,2,3,13,inf
qLogEI,10,4,2,3,14,inf
qLogEI,10,4,2,3,15,inf
qLogEI,10,4,2,3,16,inf
qLogEI,10,4,2,3,17,inf
qLogEI,10,4,2,3,18,inf
qLogEI,10,4,2,3,19,inf
qLogEI,10,4,2,3,20,inf
qLogEI,10,4,2,3,21,inf
qLogEI,10,4,2,3,22,inf
qLogEI,10,4,2,3,23,inf
qLogEI,10,4,2,3,24,inf
qLogEI,10,4,2,3,25,inf
qLogEI,10,4,2,3,26,inf
qLogEI,10,4,2,3,27,inf
qLogEI,10,4,2,3,28,inf
qLogEI,10,4,2,3,29,inf
qLogEI,10,4,2,3,30,inf
qLogEI,10,4,2,3,31,inf
qLogEI,10,4,2,3,32,inf
qLogEI,10,4,2,3,33,inf
qLogEI,10,4,2,3,34,inf
qLogEI,10,4,2,3,35,inf
qLogEI,10,4,2,3,36,inf
qLogEI,10,4,2,3,37,inf
qLogEI,10,4,2,3,38,inf
qLogEI,10,4,2,3,39,inf
qLogEI,10,4,2,3,40,inf
qLogEI,10,4,2,3,41,inf
qLogEI,10,4,2,3,42,inf
qLogEI,10,4,2,3,43,inf
qLogEI,10,4,2,3,44,inf
qLogEI,10,4,2,3,45,inf
qLogEI,10,4,2,3,46,inf
qLogEI,10,4,2,3,47,inf
qLogEI,10,4,2,3,48,inf
qLogEI,10,4,2,3,49,inf
qLogEI,10,4,2,3,50,inf
qLogEI,10,4,2,3,51,inf
qLogEI,10,4,2,3,52,inf
qLogEI,10,4,2,3,53,inf
qLogEI,10,4,2,3,54,inf
qLogEI,10,4,2,3,55,inf
qLogEI,10,4,2,3,56,inf
qLogEI,10,4,2,3,57,inf
qLogEI,10,4,2,3,58,inf
qLogEI,10,4,2,3,59,inf
qLogEI,10,4,2,3,60,inf
qLogEI,10,4,2,3,61,inf
qLogEI,10,4,2,3,62,inf
qLogEI,10,4,2,3,63,inf
qLogEI,10,4,2,3,64,inf
qLogEI,10,4,2,3,65,inf
qLogEI,10,4,2,3,66,inf
qLogEI,10,4,2,3,67,inf
qLogEI,10,4,2,3,68,inf
qLogEI,10,4,2,3,69,inf
qLogEI,10,4,2,3,70,inf
qLogEI,10,4,2,3,71,inf
qLogEI,10,4,2,3,72,inf
qLogEI,10,4,2,3,73,inf
qLogEI,10,4,2,3,74,inf
qLogEI,10,4,2,3,75,inf
qLogEI,10,4,2,3,76,inf
qLogEI,10,4,2,3,77,inf
qLogEI,10,4,2,3,78,inf
qLogEI,10,4,2,3,79,inf
qLogEI,10,4,2,3,80,inf
qLogEI,10,4,2,3,81,inf
qLogEI,10,4,2,3,82,inf
qLogEI,10,4,2,3,83,inf
qLogEI,10,4,2,3,84,inf
qLogEI,10,4,2,3,85,inf
qLogEI,10,4,2,3,86,inf
qLogEI,10,4,2,3,87,inf
qLogEI,10,4,2,3,88,inf
qLogEI,10,4,2,3,89,inf
qLogEI,10,4,2,3,90,inf
qLogEI,10,4,2,3,91,inf
qLogEI,10,4,2,3,92,inf
qLogEI,10,4,2,3,93,inf
qLogEI,10,4,2,3,94,inf
qLogEI,10,4,2,3,95,inf
qLogEI,10,4,2,3,96,inf
qLogEI,10,4,2,3,97,inf
qLogEI,10,4,2,3,98,inf
qLogEI,10,4,2,3,99,inf
qLogEI,10,4,2,3,100,inf
RL_Full,10,4,2,3,1,inf
RL_Full,10,4,2,3,2,inf
RL_Full,10,4,2,3,3,inf
RL_Full,10,4,2,3,4,inf
RL_Full,10,4,2,3,5,inf
RL_Full,10,4,2,3,6,inf
RL_Full,10,4,2,3,7,inf
RL_Full,10,4,2,3,8,inf
RL_Full,10,4,2,3,9,inf
RL_Full,10,4,2,3,10,inf
RL_Full,10,4,2,3,11,inf
RL_Full,10,4,2,3,12,inf
RL_Full,10,4,2,3,13,inf
RL_Full,10,4,2,3,14,inf
RL_Full,10,4,2,3,15,inf
RL_Full,10,4,2,3,16,inf
RL_Full,10,4,2,3,17,inf
RL_Full,10,4,2,3,18,inf
RL_Full,10,4,2,3,19,inf
RL_Full,10,4,2,3,20,inf
RL_Full,10,4,2,3,21,inf
RL_Full,10,4,2,3,22,inf
RL_Full,10,4,2,3,23,inf
RL_Full,10,4,2,3,24,inf
RL_Full,10,4,2,3,25,inf
RL_Full,10,4,2,3,26,inf
RL_Full,10,4,2,3,27,inf
RL_Full,10,4,2,3,28,inf
RL_Full,10,4,2,3,29,inf
RL_Full,10,4,2,3,30,inf
RL_Full,10,4,2,3,31,inf
RL_Full,10,4,2,3,32,inf
RL_Full,10,4,2,3,33,inf
RL_Full,10,4,2,3,34,inf
RL_Full,10,4,2,3,35,inf
RL_Full,10,4,2,3,36,inf
RL_Full,10,4,2,3,37,inf
RL_Full,10,4,2,3,38,inf
RL_Full,10,4,2,3,39,inf
RL_Full,10,4,2,3,40,inf
RL_Full,10,4,2,3,41,inf
RL_Full,10,4,2,3,42,inf
RL_Full,10,4,2,3,43,inf
RL_Full,10,4,2,3,44,inf
RL_Full,10,4,2,3,45,inf
RL_Full,10,4,2,3,46,inf
RL_Full,10,4,2,3,47,inf
RL_Full,10,4,2,3,48,inf
RL_Full,10,4,2,3,49,inf
RL_Full,10,4,2,3,50,inf
RL_Full,10,4,2,3,51,inf
RL_Full,10,4,2,3,52,inf
RL_Full,10,4,2,3,53,inf
RL_Full,10,4,2,3,54,inf
RL_Full,10,4,2,3,55,inf
RL_Full,10,4,2,3,56,inf
RL_Full,10,4,2,3,57,inf
RL_Full,10,4,2,3,58,inf
RL_Full,10,4,2,3,59,inf
RL_Full,10,4,2,3,60,inf
RL_Full,10,4,2,3,61,inf
RL_Full,10,4,2,3,62,inf
RL_Full,10,4,2,3,63,inf
RL_Full,10,4,2,3,64,inf
RL_Full,10,4,2,3,65,inf
RL_Full,10,4,2,3,66,inf
RL_Full,10,4,2,3,67,inf
RL_Full,10,4,2,3,68,inf
RL_Full,10,4,2,3,69,inf
RL_Full,10,4,2,3,70,inf
RL_Full,10,4,2,3,71,inf
RL_Full,10,4,2,3,72,inf
RL_Full,10,4,2,3,73,inf
RL_Full,10,4,2,3,74,inf
RL_Full,10,4,2,3,75,inf
RL_Full,10,4,2,3,76,inf
RL_Full,10,4,2,3,77,inf
RL_Full,10,4,2,3,78,inf
RL_Full,10,4,2,3,79,inf
RL_Full,10,4,2,3,80,inf
RL_Full,10,4,2,3,81,inf
RL_Full,10,4,2,3,82,inf
RL_Full,10,4,2,3,83,inf
RL_Full,10,4,2,3,84,inf
RL_Full,10,4,2,3,85,inf
RL_Full,10,4,2,3,86,inf
RL_Full,10,4,2,3,87,inf
RL_Full,10,4,2,3,88,inf
RL_Full,10,4,2,3,89,inf
RL_Full,10,4,2,3,90,inf
RL_Full,10,4,2,3,91,inf
RL_Full,10,4,2,3,92,inf
RL_Full,10,4,2,3,93,inf
RL_Full,10,4,2,3,94,inf
RL_Full,10,4,2,3,95,inf
RL_Full,10,4,2,3,96,inf
RL_Full,10,4,2,3,97,inf
RL_Full,10,4,2,3,98,inf
RL_Full,10,4,2,3,99,inf
RL_Full,10,4,2,3,100,inf
Random,10,4,2,4,1,inf
Random,10,4,2,4,2,inf
Random,10,4,2,4,3,inf
Random,10,4,2,4,4,inf
Random,10,4,2,4,5,inf
Random,10,4,2,4,6,inf
Random,10,4,2,4,7,inf
Random,10,4,2,4,8,inf
Random,10,4,2,4,9,inf
Random,10,4,2,4,10,inf
Random,10,4,2,4,11,inf
Random,10,4,2,4,12,inf
Random,10,4,2,4,13,inf
Random,10,4,2,4,14,inf
Random,10,4,2,4,15,inf
Random,10,4,2,4,16,inf
Random,10,4,2,4,17,inf
Random,10,4,2,4,18,inf
Random,10,4,2,4,19,inf
Random,10,4,2,4,20,inf
Random,10,4,2,4,21,inf
Random,10,4,2,4,22,inf
Random,10,4,2,4,23,inf
Random,10,4,2,4,24,inf
Random,10,4,2,4,25,inf
Random,10,4,2,4,26,inf
Random,10,4,2,4,27,inf
Random,10,4,2,4,28,inf
Random,10,4,2,4,29,inf
Random,10,4,2,4,30,inf
Random,10,4,2,4,31,inf
Random,10,4,2,4,32,inf
Random,10,4,2,4,33,inf
Random,10,4,2,4,34,inf
Random,10,4,2,4,35,inf
Random,10,4,2,4,36,inf
Random,10,4,2,4,37,inf
Random,10,4,2,4,38,inf
Random,10,4,2,4,39,inf
Random,10,4,2,4,40,inf
Random,10,4,2,4,41,inf
Random,10,4,2,4,42,inf
Random,10,4,2,4,43,inf
Random,10,4,2,4,44,inf
Random,10,4,2,4,45,inf
Random,10,4,2,4,46,inf
Random,10,4,2,4,47,inf
Random,10,4,2,4,48,inf
Random,10,4,2,4,49,inf
Random,10,4,2,4,50,inf
Random,10,4,2,4,51,inf
Random,10,4,2,4,52,inf
Random,10,4,2,4,53,inf
Random,10,4,2,4,54,inf
Random,10,4,2,4,55,inf
Random,10,4,2,4,56,inf
Random,10,4,2,4,57,inf
Random,10,4,2,4,58,inf
Random,10,4,2,4,59,inf
Random,10,4,2,4,60,inf
Random,10,4,2,4,61,inf
Random,10,4,2,4,62,inf
Random,10,4,2,4,63,inf
Random,10,4,2,4,64,inf
Random,10,4,2,4,65,inf
Random,10,4,2,4,66,inf
Random,10,4,2,4,67,inf
Random,10,4,2,4,68,inf
Random,10,4,2,4,69,inf
Random,10,4,2,4,70,inf
Random,10,4,2,4,71,inf
Random,10,4,2,4,72,inf
Random,10,4,2,4,73,inf
Random,10,4,2,4,74,inf
Random,10,4,2,4,75,inf
Random,10,4,2,4,76,inf
Random,10,4,2,4,77,inf
Random,10,4,2,4,78,inf
Random,10,4,2,4,79,inf
Random,10,4,2,4,80,inf
Random,10,4,2,4,81,inf
Random,10,4,2,4,82,inf
Random,10,4,2,4,83,inf
Random,10,4,2,4,84,inf
Random,10,4,2,4,85,inf
Random,10,4,2,4,86,inf
Random,10,4,2,4,87,inf
Random,10,4,2,4,88,inf
Random,10,4,2,4,89,inf
Random,10,4,2,4,90,inf
Random,10,4,2,4,91,inf
Random,10,4,2,4,92,inf
Random,10,4,2,4,93,inf
Random,10,4,2,4,94,inf
Random,10,4,2,4,95,inf
Random,10,4,2,4,96,inf
Random,10,4,2,4,97,inf
Random,10,4,2,4,98,inf
Random,10,4,2,4,99,inf
Random,10,4,2,4,100,inf
qLogEI,10,4,2,4,1,inf
qLogEI,10,4,2,4,2,inf
qLogEI,10,4,2,4,3,inf
qLogEI,10,4,2,4,4,inf
qLogEI,10,4,2,4,5,inf
qLogEI,10,4,2,4,6,inf
qLogEI,10,4,2,4,7,inf
qLogEI,10,4,2,4,8,inf
qLogEI,10,4,2,4,9,inf
qLogEI,10,4,2,4,10,inf
qLogEI,10,4,2,4,11,inf
qLogEI,10,4,2,4,12,inf
qLogEI,10,4,2,4,13,inf
qLogEI,10,4,2,4,14,inf
qLogEI,10,4,2,4,15,inf
qLogEI,10,4,2,4,16,inf
qLogEI,10,4,2,4,17,inf
qLogEI,10,4,2,4,18,inf
qLogEI,10,4,2,4,19,inf
qLogEI,10,4,2,4,20,inf
qLogEI,10,4,2,4,21,inf
qLogEI,10,4,2,4,22,inf
qLogEI,10,4,2,4,23,inf
qLogEI,10,4,2,4,24,inf
qLogEI,10,4,2,4,25,inf
qLogEI,10,4,2,4,26,inf
qLogEI,10,4,2,4,27,inf
qLogEI,10,4,2,4,28,inf
qLogEI,10,4,2,4,29,inf
qLogEI,10,4,2,4,30,inf
qLogEI,10,4,2,4,31,inf
qLogEI,10,4,2,4,32,inf
qLogEI,10,4,2,4,33,inf
qLogEI,10,4,2,4,34,inf
qLogEI,10,4,2,4,35,inf
qLogEI,10,4,2,4,36,inf
qLogEI,10,4,2,4,37,inf
qLogEI,10,4,2,4,38,inf
qLogEI,10,4,2,4,39,inf
qLogEI,10,4,2,4,40,inf
qLogEI,10,4,2,4,41,inf
qLogEI,10,4,2,4,42,inf
qLogEI,10,4,2,4,43,inf
qLogEI,10,4,2,4,44,inf
qLogEI,10,4,2,4,45,inf
qLogEI,10,4,2,4,46,inf
qLogEI,10,4,2,4,47,inf
qLogEI,10,4,2,4,48,inf
qLogEI,10,4,2,4,49,inf
qLogEI,10,4,2,4,50,inf
qLogEI,10,4,2,4,51,inf
qLogEI,10,4,2,4,52,inf
qLogEI,10,4,2,4,53,inf
qLogEI,10,4,2,4,54,inf
qLogEI,10,4,2,4,55,inf
qLogEI,10,4,2,4,56,inf
qLogEI,10,4,2,4,57,inf
qLogEI,10,4,2,4,58,inf
qLogEI,10,4,2,4,59,inf
qLogEI,10,4,2,4,60,inf
qLogEI,10,4,2,4,61,inf
qLogEI,10,4,2,4,62,inf
qLogEI,10,4,2,4,63,inf
qLogEI,10,4,2,4,64,inf
qLogEI,10,4,2,4,65,inf
qLogEI,10,4,2,4,66,inf
qLogEI,10,4,2,4,67,inf
qLogEI,10,4,2,4,68,inf
qLogEI,10,4,2,4,69,inf
qLogEI,10,4,2,4,70,inf
qLogEI,10,4,2,4,71,inf
qLogEI,10,4,2,4,72,inf
qLogEI,10,4,2,4,73,inf
qLogEI,10,4,2,4,74,inf
qLogEI,10,4,2,4,75,inf
qLogEI,10,4,2,4,76,inf
qLogEI,10,4,2,4,77,inf
qLogEI,10,4,2,4,78,inf
qLogEI,10,4,2,4,79,inf
qLogEI,10,4,2,4,80,inf
qLogEI,10,4,2,4,81,inf
qLogEI,10,4,2,4,82,inf
qLogEI,10,4,2,4,83,inf
qLogEI,10,4,2,4,84,inf
qLogEI,10,4,2,4,85,inf
qLogEI,10,4,2,4,86,inf
qLogEI,10,4,2,4,87,inf
qLogEI,10,4,2,4,88,inf
qLogEI,10,4,2,4,89,inf
qLogEI,10,4,2,4,90,inf
qLogEI,10,4,2,4,91,inf
qLogEI,10,4,2,4,92,inf
qLogEI,10,4,2,4,93,inf
qLogEI,10,4,2,4,94,inf
qLogEI,10,4,2,4,95,inf
qLogEI,10,4,2,4,96,inf
qLogEI,10,4,2,4,97,inf
qLogEI,10,4,2,4,98,inf
qLogEI,10,4,2,4,99,inf
qLogEI,10,4,2,4,100,inf
RL_Full,10,4,2,4,1,inf
RL_Full,10,4,2,4,2,inf
RL_Full,10,4,2,4,3,inf
RL_Full,10,4,2,4,4,inf
RL_Full,10,4,2,4,5,inf
RL_Full,10,4,2,4,6,inf
RL_Full,10,4,2,4,7,inf
RL_Full,10,4,2,4,8,inf
RL_Full,10,4,2,4,9,inf
RL_Full,10,4,2,4,10,inf
RL_Full,10,4,2,4,11,inf
RL_Full,10,4,2,4,12,inf
RL_Full,10,4,2,4,13,inf
RL_Full,10,4,2,4,14,inf
RL_Full,10,4,2,4,15,inf
RL_Full,10,4,2,4,16,inf
RL_Full,10,4,2,4,17,inf
RL_Full,10,4,2,4,18,inf
RL_Full,10,4,2,4,19,inf
RL_Full,10,4,2,4,20,inf
RL_Full,10,4,2,4,21,inf
RL_Full,10,4,2,4,22,inf
RL_Full,10,4,2,4,23,inf
RL_Full,10,4,2,4,24,inf
RL_Full,10,4,2,4,25,inf
RL_Full,10,4,2,4,26,inf
RL_Full,10,4,2,4,27,inf
RL_Full,10,4,2,4,28,inf
RL_Full,10,4,2,4,29,inf
RL_Full,10,4,2,4,30,inf
RL_Full,10,4,2,4,31,inf
RL_Full,10,4,2,4,32,inf
RL_Full,10,4,2,4,33,inf
RL_Full,10,4,2,4,34,inf
RL_Full,10,4,2,4,35,inf
RL_Full,10,4,2,4,36,inf
RL_Full,10,4,2,4,37,inf
RL_Full,10,4,2,4,38,inf
RL_Full,10,4,2,4,39,inf
RL_Full,10,4,2,4,40,inf
RL_Full,10,4,2,4,41,inf
RL_Full,10,4,2,4,42,inf
RL_Full,10,4,2,4,43,inf
RL_Full,10,4,2,4,44,inf
RL_Full,10,4,2,4,45,inf
RL_Full,10,4,2,4,46,inf
RL_Full,10,4,2,4,47,inf
RL_Full,10,4,2,4,48,inf
RL_Full,10,4,2,4,49,inf
RL_Full,10,4,2,4,50,inf
RL_Full,10,4,2,4,51,inf
RL_Full,10,4,2,4,52,inf
RL_Full,10,4,2,4,53,inf
RL_Full,10,4,2,4,54,inf
RL_Full,10,4,2,4,55,inf
RL_Full,10,4,2,4,56,inf
RL_Full,10,4,2,4,57,inf
RL_Full,10,4,2,4,58,inf
RL_Full,10,4,2,4,59,inf
RL_Full,10,4,2,4,60,inf
RL_Full,10,4,2,4,61,inf
RL_Full,10,4,2,4,62,inf
RL_Full,10,4,2,4,63,inf
RL_Full,10,4,2,4,64,inf
RL_Full,10,4,2,4,65,inf
RL_Full,10,4,2,4,66,inf
RL_Full,10,4,2,4,67,inf
RL_Full,10,4,2,4,68,inf
RL_Full,10,4,2,4,69,inf
RL_Full,10,4,2,4,70,inf
RL_Full,10,4,2,4,71,inf
RL_Full,10,4,2,4,72,inf
RL_Full,10,4,2,4,73,inf
RL_Full,10,4,2,4,74,inf
RL_Full,10,4,2,4,75,inf
RL_Full,10,4,2,4,76,inf
RL_Full,10,4,2,4,77,inf
RL_Full,10,4,2,4,78,inf
RL_Full,10,4,2,4,79,inf
RL_Full,10,4,2,4,80,inf
RL_Full,10,4,2,4,81,inf
RL_Full,10,4,2,4,82,inf
RL_Full,10,4,2,4,83,inf
RL_Full,10,4,2,4,84,inf
RL_Full,10,4,2,4,85,inf
RL_Full,10,4,2,4,86,inf
RL_Full,10,4,2,4,87,inf
RL_Full,10,4,2,4,88,inf
RL_Full,10,4,2,4,89,inf
RL_Full,10,4,2,4,90,inf
RL_Full,10,4,2,4,91,inf
RL_Full,10,4,2,4,92,inf
RL_Full,10,4,2,4,93,inf
RL_Full,10,4,2,4,94,inf
RL_Full,10,4,2,4,95,inf
RL_Full,10,4,2,4,96,inf
RL_Full,10,4,2,4,97,inf
RL_Full,10,4,2,4,98,inf
RL_Full,10,4,2,4,99,inf
RL_Full,10,4,2,4,100,inf
Random,10,4,3,0,1,inf
Random,10,4,3,0,2,inf
Random,10,4,3,0,3,inf
Random,10,4,3,0,4,inf
Random,10,4,3,0,5,inf
Random,10,4,3,0,6,inf
Random,10,4,3,0,7,inf
Random,10,4,3,0,8,inf
Random,10,4,3,0,9,inf
Random,10,4,3,0,10,inf
Random,10,4,3,0,11,inf
Random,10,4,3,0,12,inf
Random,10,4,3,0,13,inf
Random,10,4,3,0,14,inf
Random,10,4,3,0,15,inf
Random,10,4,3,0,16,inf
Random,10,4,3,0,17,inf
Random,10,4,3,0,18,inf
Random,10,4,3,0,19,inf
Random,10,4,3,0,20,inf
Random,10,4,3,0,21,inf
Random,10,4,3,0,22,inf
Random,10,4,3,0,23,inf
Random,10,4,3,0,24,inf
Random,10,4,3,0,25,inf
Random,10,4,3,0,26,inf
Random,10,4,3,0,27,inf
Random,10,4,3,0,28,inf
Random,10,4,3,0,29,inf
Random,10,4,3,0,30,inf
Random,10,4,3,0,31,inf
Random,10,4,3,0,32,inf
Random,10,4,3,0,33,inf
Random,10,4,3,0,34,inf
Random,10,4,3,0,35,inf
Random,10,4,3,0,36,inf
Random,10,4,3,0,37,inf
Random,10,4,3,0,38,inf
Random,10,4,3,0,39,inf
Random,10,4,3,0,40,inf
Random,10,4,3,0,41,inf
Random,10,4,3,0,42,inf
Random,10,4,3,0,43,inf
Random,10,4,3,0,44,inf
Random,10,4,3,0,45,inf
Random,10,4,3,0,46,inf
Random,10,4,3,0,47,inf
Random,10,4,3,0,48,inf
Random,10,4,3,0,49,inf
Random,10,4,3,0,50,inf
Random,10,4,3,0,51,inf
Random,10,4,3,0,52,inf
Random,10,4,3,0,53,inf
Random,10,4,3,0,54,inf
Random,10,4,3,0,55,inf
Random,10,4,3,0,56,inf
Random,10,4,3,0,57,inf
Random,10,4,3,0,58,inf
Random,10,4,3,0,59,inf
Random,10,4,3,0,60,inf
Random,10,4,3,0,61,inf
Random,10,4,3,0,62,inf
Random,10,4,3,0,63,inf
Random,10,4,3,0,64,inf
Random,10,4,3,0,65,inf
Random,10,4,3,0,66,inf
Random,10,4,3,0,67,inf
Random,10,4,3,0,68,inf
Random,10,4,3,0,69,inf
Random,10,4,3,0,70,inf
Random,10,4,3,0,71,inf
Random,10,4,3,0,72,inf
Random,10,4,3,0,73,inf
Random,10,4,3,0,74,inf
Random,10,4,3,0,75,inf
Random,10,4,3,0,76,inf
Random,10,4,3,0,77,inf
Random,10,4,3,0,78,inf
Random,10,4,3,0,79,inf
Random,10,4,3,0,80,inf
Random,10,4,3,0,81,inf
Random,10,4,3,0,82,inf
Random,10,4,3,0,83,inf
Random,10,4,3,0,84,inf
Random,10,4,3,0,85,inf
Random,10,4,3,0,86,inf
Random,10,4,3,0,87,inf
Random,10,4,3,0,88,inf
Random,10,4,3,0,89,inf
Random,10,4,3,0,90,inf
Random,10,4,3,0,91,inf
Random,10,4,3,0,92,inf
Random,10,4,3,0,93,inf
Random,10,4,3,0,94,inf
Random,10,4,3,0,95,inf
Random,10,4,3,0,96,inf
Random,10,4,3,0,97,inf
Random,10,4,3,0,98,inf
Random,10,4,3,0,99,inf
Random,10,4,3,0,100,inf
qLogEI,10,4,3,0,1,inf
qLogEI,10,4,3,0,2,inf
qLogEI,10,4,3,0,3,inf
qLogEI,10,4,3,0,4,inf
qLogEI,10,4,3,0,5,inf
qLogEI,10,4,3,0,6,inf
qLogEI,10,4,3,0,7,inf
qLogEI,10,4,3,0,8,inf
qLogEI,10,4,3,0,9,inf
qLogEI,10,4,3,0,10,inf
qLogEI,10,4,3,0,11,inf
qLogEI,10,4,3,0,12,inf
qLogEI,10,4,3,0,13,inf
qLogEI,10,4,3,0,14,inf
qLogEI,10,4,3,0,15,inf
qLogEI,10,4,3,0,16,inf
qLogEI,10,4,3,0,17,inf
qLogEI,10,4,3,0,18,inf
qLogEI,10,4,3,0,19,inf
qLogEI,10,4,3,0,20,inf
qLogEI,10,4,3,0,21,inf
qLogEI,10,4,3,0,22,inf
qLogEI,10,4,3,0,23,inf
qLogEI,10,4,3,0,24,inf
qLogEI,10,4,3,0,25,inf
qLogEI,10,4,3,0,26,inf
qLogEI,10,4,3,0,27,inf
qLogEI,10,4,3,0,28,inf
qLogEI,10,4,3,0,29,inf
qLogEI,10,4,3,0,30,inf
qLogEI,10,4,3,0,31,inf
qLogEI,10,4,3,0,32,inf
qLogEI,10,4,3,0,33,inf
qLogEI,10,4,3,0,34,inf
qLogEI,10,4,3,0,35,inf
qLogEI,10,4,3,0,36,inf
qLogEI,10,4,3,0,37,inf
qLogEI,10,4,3,0,38,inf
qLogEI,10,4,3,0,39,inf
qLogEI,10,4,3,0,40,inf
qLogEI,10,4,3,0,41,inf
qLogEI,10,4,3,0,42,inf
qLogEI,10,4,3,0,43,inf
qLogEI,10,4,3,0,44,inf
qLogEI,10,4,3,0,45,inf
qLogEI,10,4,3,0,46,inf
qLogEI,10,4,3,0,47,inf
qLogEI,10,4,3,0,48,inf
qLogEI,10,4,3,0,49,inf
qLogEI,10,4,3,0,50,inf
qLogEI,10,4,3,0,51,inf
qLogEI,10,4,3,0,52,inf
qLogEI,10,4,3,0,53,inf
qLogEI,10,4,3,0,54,inf
qLogEI,10,4,3,0,55,inf
qLogEI,10,4,3,0,56,inf
qLogEI,10,4,3,0,57,inf
qLogEI,10,4,3,0,58,inf
qLogEI,10,4,3,0,59,inf
qLogEI,10,4,3,0,60,inf
qLogEI,10,4,3,0,61,inf
qLogEI,10,4,3,0,62,inf
qLogEI,10,4,3,0,63,inf
qLogEI,10,4,3,0,64,inf
qLogEI,10,4,3,0,65,inf
qLogEI,10,4,3,0,66,inf
qLogEI,10,4,3,0,67,inf
qLogEI,10,4,3,0,68,inf
qLogEI,10,4,3,0,69,inf
qLogEI,10,4,3,0,70,inf
qLogEI,10,4,3,0,71,inf
qLogEI,10,4,3,0,72,inf
qLogEI,10,4,3,0,73,inf
qLogEI,10,4,3,0,74,inf
qLogEI,10,4,3,0,75,inf
qLogEI,10,4,3,0,76,inf
qLogEI,10,4,3,0,77,inf
qLogEI,10,4,3,0,78,inf
qLogEI,10,4,3,0,79,inf
qLogEI,10,4,3,0,80,inf
qLogEI,10,4,3,0,81,inf
qLogEI,10,4,3,0,82,inf
qLogEI,10,4,3,0,83,inf
qLogEI,10,4,3,0,84,inf
qLogEI,10,4,3,0,85,inf
qLogEI,10,4,3,0,86,inf
qLogEI,10,4,3,0,87,inf
qLogEI,10,4,3,0,88,inf
qLogEI,10,4,3,0,89,inf
qLogEI,10,4,3,0,90,inf
qLogEI,10,4,3,0,91,inf
qLogEI,10,4,3,0,92,inf
qLogEI,10,4,3,0,93,inf
qLogEI,10,4,3,0,94,inf
qLogEI,10,4,3,0,95,inf
qLogEI,10,4,3,0,96,inf
qLogEI,10,4,3,0,97,inf
qLogEI,10,4,3,0,98,inf
qLogEI,10,4,3,0,99,inf
qLogEI,10,4,3,0,100,inf
RL_Full,10,4,3,0,1,inf
RL_Full,10,4,3,0,2,inf
RL_Full,10,4,3,0,3,inf
RL_Full,10,4,3,0,4,inf
RL_Full,10,4,3,0,5,inf
RL_Full,10,4,3,0,6,inf
RL_Full,10,4,3,0,7,inf
RL_Full,10,4,3,0,8,inf
RL_Full,10,4,3,0,9,inf
RL_Full,10,4,3,0,10,inf
RL_Full,10,4,3,0,11,inf
RL_Full,10,4,3,0,12,inf
RL_Full,10,4,3,0,13,inf
RL_Full,10,4,3,0,14,inf
RL_Full,10,4,3,0,15,inf
RL_Full,10,4,3,0,16,inf
RL_Full,10,4,3,0,17,inf
RL_Full,10,4,3,0,18,inf
RL_Full,10,4,3,0,19,inf
RL_Full,10,4,3,0,20,inf
RL_Full,10,4,3,0,21,inf
RL_Full,10,4,3,0,22,inf
RL_Full,10,4,3,0,23,inf
RL_Full,10,4,3,0,24,inf
RL_Full,10,4,3,0,25,inf
RL_Full,10,4,3,0,26,inf
RL_Full,10,4,3,0,27,inf
RL_Full,10,4,3,0,28,inf
RL_Full,10,4,3,0,29,inf
RL_Full,10,4,3,0,30,inf
RL_Full,10,4,3,0,31,inf
RL_Full,10,4,3,0,32,inf
RL_Full,10,4,3,0,33,inf
RL_Full,10,4,3,0,34,inf
RL_Full,10,4,3,0,35,inf
RL_Full,10,4,3,0,36,inf
RL_Full,10,4,3,0,37,inf
RL_Full,10,4,3,0,38,inf
RL_Full,10,4,3,0,39,inf
RL_Full,10,4,3,0,40,inf
RL_Full,10,4,3,0,41,inf
RL_Full,10,4,3,0,42,inf
RL_Full,10,4,3,0,43,inf
RL_Full,10,4,3,0,44,inf
RL_Full,10,4,3,0,45,inf
RL_Full,10,4,3,0,46,inf
RL_Full,10,4,3,0,47,inf
RL_Full,10,4,3,0,48,inf
RL_Full,10,4,3,0,49,inf
RL_Full,10,4,3,0,50,inf
RL_Full,10,4,3,0,51,inf
RL_Full,10,4,3,0,52,inf
RL_Full,10,4,3,0,53,inf
RL_Full,10,4,3,0,54,inf
RL_Full,10,4,3,0,55,inf
RL_Full,10,4,3,0,56,inf
RL_Full,10,4,3,0,57,inf
RL_Full,10,4,3,0,58,inf
RL_Full,10,4,3,0,59,inf
RL_Full,10,4,3,0,60,inf
RL_Full,10,4,3,0,61,inf
RL_Full,10,4,3,0,62,inf
RL_Full,10,4,3,0,63,inf
RL_Full,10,4,3,0,64,inf
RL_Full,10,4,3,0,65,inf
RL_Full,10,4,3,0,66,inf
RL_Full,10,4,3,0,67,inf
RL_Full,10,4,3,0,68,inf
RL_Full,10,4,3,0,69,inf
RL_Full,10,4,3,0,70,inf
RL_Full,10,4,3,0,71,inf
RL_Full,10,4,3,0,72,inf
RL_Full,10,4,3,0,73,inf
RL_Full,10,4,3,0,74,inf
RL_Full,10,4,3,0,75,inf
RL_Full,10,4,3,0,76,inf
RL_Full,10,4,3,0,77,inf
RL_Full,10,4,3,0,78,inf
RL_Full,10,4,3,0,79,inf
RL_Full,10,4,3,0,80,inf
RL_Full,10,4,3,0,81,inf
RL_Full,10,4,3,0,82,inf
RL_Full,10,4,3,0,83,inf
RL_Full,10,4,3,0,84,inf
RL_Full,10,4,3,0,85,inf
RL_Full,10,4,3,0,86,inf
RL_Full,10,4,3,0,87,inf
RL_Full,10,4,3,0,88,inf
RL_Full,10,4,3,0,89,inf
RL_Full,10,4,3,0,90,inf
RL_Full,10,4,3,0,91,inf
RL_Full,10,4,3,0,92,inf
RL_Full,10,4,3,0,93,inf
RL_Full,10,4,3,0,94,inf
RL_Full,10,4,3,0,95,inf
RL_Full,10,4,3,0,96,inf
RL_Full,10,4,3,0,97,inf
RL_Full,10,4,3,0,98,inf
RL_Full,10,4,3,0,99,inf
RL_Full,10,4,3,0,100,inf
Random,10,4,3,1,1,inf
Random,10,4,3,1,2,inf
Random,10,4,3,1,3,inf
Random,10,4,3,1,4,inf
Random,10,4,3,1,5,inf
Random,10,4,3,1,6,inf
Random,10,4,3,1,7,inf
Random,10,4,3,1,8,inf
Random,10,4,3,1,9,inf
Random,10,4,3,1,10,inf
Random,10,4,3,1,11,inf
Random,10,4,3,1,12,inf
Random,10,4,3,1,13,inf
Random,10,4,3,1,14,inf
Random,10,4,3,1,15,inf
Random,10,4,3,1,16,inf
Random,10,4,3,1,17,inf
Random,10,4,3,1,18,inf
Random,10,4,3,1,19,inf
Random,10,4,3,1,20,inf
Random,10,4,3,1,21,inf
Random,10,4,3,1,22,inf
Random,10,4,3,1,23,inf
Random,10,4,3,1,24,inf
Random,10,4,3,1,25,inf
Random,10,4,3,1,26,inf
Random,10,4,3,1,27,inf
Random,10,4,3,1,28,inf
Random,10,4,3,1,29,inf
Random,10,4,3,1,30,inf
Random,10,4,3,1,31,inf
Random,10,4,3,1,32,inf
Random,10,4,3,1,33,inf
Random,10,4,3,1,34,inf
Random,10,4,3,1,35,inf
Random,10,4,3,1,36,inf
Random,10,4,3,1,37,inf
Random,10,4,3,1,38,inf
Random,10,4,3,1,39,inf
Random,10,4,3,1,40,inf
Random,10,4,3,1,41,inf
Random,10,4,3,1,42,inf
Random,10,4,3,1,43,inf
Random,10,4,3,1,44,inf
Random,10,4,3,1,45,inf
Random,10,4,3,1,46,inf
Random,10,4,3,1,47,inf
Random,10,4,3,1,48,inf
Random,10,4,3,1,49,inf
Random,10,4,3,1,50,inf
Random,10,4,3,1,51,inf
Random,10,4,3,1,52,inf
Random,10,4,3,1,53,inf
Random,10,4,3,1,54,inf
Random,10,4,3,1,55,inf
Random,10,4,3,1,56,inf
Random,10,4,3,1,57,inf
Random,10,4,3,1,58,inf
Random,10,4,3,1,59,inf
Random,10,4,3,1,60,inf
Random,10,4,3,1,61,inf
Random,10,4,3,1,62,inf
Random,10,4,3,1,63,inf
Random,10,4,3,1,64,inf
Random,10,4,3,1,65,inf
Random,10,4,3,1,66,inf
Random,10,4,3,1,67,inf
Random,10,4,3,1,68,inf
Random,10,4,3,1,69,inf
Random,10,4,3,1,70,inf
Random,10,4,3,1,71,inf
Random,10,4,3,1,72,inf
Random,10,4,3,1,73,inf
Random,10,4,3,1,74,inf
Random,10,4,3,1,75,inf
Random,10,4,3,1,76,inf
Random,10,4,3,1,77,inf
Random,10,4,3,1,78,inf
Random,10,4,3,1,79,inf
Random,10,4,3,1,80,inf
Random,10,4,3,1,81,inf
Random,10,4,3,1,82,inf
Random,10,4,3,1,83,inf
Random,10,4,3,1,84,inf
Random,10,4,3,1,85,inf
Random,10,4,3,1,86,inf
Random,10,4,3,1,87,inf
Random,10,4,3,1,88,inf
Random,10,4,3,1,89,inf
Random,10,4,3,1,90,inf
Random,10,4,3,1,91,inf
Random,10,4,3,1,92,inf
Random,10,4,3,1,93,inf
Random,10,4,3,1,94,inf
Random,10,4,3,1,95,inf
Random,10,4,3,1,96,inf
Random,10,4,3,1,97,inf
Random,10,4,3,1,98,inf
Random,10,4,3,1,99,inf
Random,10,4,3,1,100,inf
qLogEI,10,4,3,1,1,inf
qLogEI,10,4,3,1,2,inf
qLogEI,10,4,3,1,3,inf
qLogEI,10,4,3,1,4,inf
qLogEI,10,4,3,1,5,inf
qLogEI,10,4,3,1,6,inf
qLogEI,10,4,3,1,7,inf
qLogEI,10,4,3,1,8,inf
qLogEI,10,4,3,1,9,inf
qLogEI,10,4,3,1,10,inf
qLogEI,10,4,3,1,11,inf
qLogEI,10,4,3,1,12,inf
qLogEI,10,4,3,1,13,inf
qLogEI,10,4,3,1,14,inf
qLogEI,10,4,3,1,15,inf
qLogEI,10,4,3,1,16,inf
qLogEI,10,4,3,1,17,inf
qLogEI,10,4,3,1,18,inf
qLogEI,10,4,3,1,19,inf
qLogEI,10,4,3,1,20,inf
qLogEI,10,4,3,1,21,inf
qLogEI,10,4,3,1,22,inf
qLogEI,10,4,3,1,23,inf
qLogEI,10,4,3,1,24,inf
qLogEI,10,4,3,1,25,inf
qLogEI,10,4,3,1,26,inf
qLogEI,10,4,3,1,27,inf
qLogEI,10,4,3,1,28,inf
qLogEI,10,4,3,1,29,inf
qLogEI,10,4,3,1,30,inf
qLogEI,10,4,3,1,31,inf
qLogEI,10,4,3,1,32,inf
qLogEI,10,4,3,1,33,inf
qLogEI,10,4,3,1,34,inf
qLogEI,10,4,3,1,35,inf
qLogEI,10,4,3,1,36,inf
qLogEI,10,4,3,1,37,inf
qLogEI,10,4,3,1,38,inf
qLogEI,10,4,3,1,39,inf
qLogEI,10,4,3,1,40,inf
qLogEI,10,4,3,1,41,inf
qLogEI,10,4,3,1,42,inf
qLogEI,10,4,3,1,43,inf
qLogEI,10,4,3,1,44,inf
qLogEI,10,4,3,1,45,inf
qLogEI,10,4,3,1,46,inf
qLogEI,10,4,3,1,47,inf
qLogEI,10,4,3,1,48,inf
qLogEI,10,4,3,1,49,inf
qLogEI,10,4,3,1,50,inf
qLogEI,10,4,3,1,51,inf
qLogEI,10,4,3,1,52,inf
qLogEI,10,4,3,1,53,inf
qLogEI,10,4,3,1,54,inf
qLogEI,10,4,3,1,55,inf
qLogEI,10,4,3,1,56,inf
qLogEI,10,4,3,1,57,inf
qLogEI,10,4,3,1,58,inf
qLogEI,10,4,3,1,59,inf
qLogEI,10,4,3,1,60,inf
qLogEI,10,4,3,1,61,inf
qLogEI,10,4,3,1,62,inf
qLogEI,10,4,3,1,63,inf
qLogEI,10,4,3,1,64,inf
qLogEI,10,4,3,1,65,inf
qLogEI,10,4,3,1,66,inf
qLogEI,10,4,3,1,67,inf
qLogEI,10,4,3,1,68,inf
qLogEI,10,4,3,1,69,inf
qLogEI,10,4,3,1,70,inf
qLogEI,10,4,3,1,71,inf
qLogEI,10,4,3,1,72,inf
qLogEI,10,4,3,1,73,inf
qLogEI,10,4,3,1,74,inf
qLogEI,10,4,3,1,75,inf
qLogEI,10,4,3,1,76,inf
qLogEI,10,4,3,1,77,inf
qLogEI,10,4,3,1,78,inf
qLogEI,10,4,3,1,79,inf
qLogEI,10,4,3,1,80,inf
qLogEI,10,4,3,1,81,inf
qLogEI,10,4,3,1,82,inf
qLogEI,10,4,3,1,83,inf
qLogEI,10,4,3,1,84,inf
qLogEI,10,4,3,1,85,inf
qLogEI,10,4,3,1,86,inf
qLogEI,10,4,3,1,87,inf
qLogEI,10,4,3,1,88,inf
qLogEI,10,4,3,1,89,inf
qLogEI,10,4,3,1,90,inf
qLogEI,10,4,3,1,91,inf
qLogEI,10,4,3,1,92,inf
qLogEI,10,4,3,1,93,inf
qLogEI,10,4,3,1,94,inf
qLogEI,10,4,3,1,95,inf
qLogEI,10,4,3,1,96,inf
qLogEI,10,4,3,1,97,inf
qLogEI,10,4,3,1,98,inf
qLogEI,10,4,3,1,99,inf
qLogEI,10,4,3,1,100,inf
RL_Full,10,4,3,1,1,inf
RL_Full,10,4,3,1,2,inf
RL_Full,10,4,3,1,3,inf
RL_Full,10,4,3,1,4,inf
RL_Full,10,4,3,1,5,inf
RL_Full,10,4,3,1,6,inf
RL_Full,10,4,3,1,7,inf
RL_Full,10,4,3,1,8,inf
RL_Full,10,4,3,1,9,inf
RL_Full,10,4,3,1,10,inf
RL_Full,10,4,3,1,11,inf
RL_Full,10,4,3,1,12,inf
RL_Full,10,4,3,1,13,inf
RL_Full,10,4,3,1,14,inf
RL_Full,10,4,3,1,15,inf
RL_Full,10,4,3,1,16,inf
RL_Full,10,4,3,1,17,inf
RL_Full,10,4,3,1,18,inf
RL_Full,10,4,3,1,19,inf
RL_Full,10,4,3,1,20,inf
RL_Full,10,4,3,1,21,inf
RL_Full,10,4,3,1,22,inf
RL_Full,10,4,3,1,23,inf
RL_Full,10,4,3,1,24,inf
RL_Full,10,4,3,1,25,inf
RL_Full,10,4,3,1,26,inf
RL_Full,10,4,3,1,27,inf
RL_Full,10,4,3,1,28,inf
RL_Full,10,4,3,1,29,inf
RL_Full,10,4,3,1,30,inf
RL_Full,10,4,3,1,31,inf
RL_Full,10,4,3,1,32,inf
RL_Full,10,4,3,1,33,inf
RL_Full,10,4,3,1,34,inf
RL_Full,10,4,3,1,35,inf
RL_Full,10,4,3,1,36,inf
RL_Full,10,4,3,1,37,inf
RL_Full,10,4,3,1,38,inf
RL_Full,10,4,3,1,39,inf
RL_Full,10,4,3,1,40,inf
RL_Full,10,4,3,1,41,inf
RL_Full,10,4,3,1,42,inf
RL_Full,10,4,3,1,43,inf
RL_Full,10,4,3,1,44,inf
RL_Full,10,4,3,1,45,inf
RL_Full,10,4,3,1,46,inf
RL_Full,10,4,3,1,47,inf
RL_Full,10,4,3,1,48,inf
RL_Full,10,4,3,1,49,inf
RL_Full,10,4,3,1,50,inf
RL_Full,10,4,3,1,51,inf
RL_Full,10,4,3,1,52,inf
RL_Full,10,4,3,1,53,inf
RL_Full,10,4,3,1,54,inf
RL_Full,10,4,3,1,55,inf
RL_Full,10,4,3,1,56,inf
RL_Full,10,4,3,1,57,inf
RL_Full,10,4,3,1,58,inf
RL_Full,10,4,3,1,59,inf
RL_Full,10,4,3,1,60,inf
RL_Full,10,4,3,1,61,inf
RL_Full,10,4,3,1,62,inf
RL_Full,10,4,3,1,63,inf
RL_Full,10,4,3,1,64,inf
RL_Full,10,4,3,1,65,inf
RL_Full,10,4,3,1,66,inf
RL_Full,10,4,3,1,67,inf
RL_Full,10,4,3,1,68,inf
RL_Full,10,4,3,1,69,inf
RL_Full,10,4,3,1,70,inf
RL_Full,10,4,3,1,71,inf
RL_Full,10,4,3,1,72,inf
RL_Full,10,4,3,1,73,inf
RL_Full,10,4,3,1,74,inf
RL_Full,10,4,3,1,75,inf
RL_Full,10,4,3,1,76,inf
RL_Full,10,4,3,1,77,inf
RL_Full,10,4,3,1,78,inf
RL_Full,10,4,3,1,79,inf
RL_Full,10,4,3,1,80,inf
RL_Full,10,4,3,1,81,inf
RL_Full,10,4,3,1,82,inf
RL_Full,10,4,3,1,83,inf
RL_Full,10,4,3,1,84,inf
RL_Full,10,4,3,1,85,inf
RL_Full,10,4,3,1,86,inf
RL_Full,10,4,3,1,87,inf
RL_Full,10,4,3,1,88,inf
RL_Full,10,4,3,1,89,inf
RL_Full,10,4,3,1,90,inf
RL_Full,10,4,3,1,91,inf
RL_Full,10,4,3,1,92,inf
RL_Full,10,4,3,1,93,inf
RL_Full,10,4,3,1,94,inf
RL_Full,10,4,3,1,95,inf
RL_Full,10,4,3,1,96,inf
RL_Full,10,4,3,1,97,inf
RL_Full,10,4,3,1,98,inf
RL_Full,10,4,3,1,99,inf
RL_Full,10,4,3,1,100,inf
Random,10,4,3,2,1,inf
Random,10,4,3,2,2,inf
Random,10,4,3,2,3,inf
Random,10,4,3,2,4,inf
Random,10,4,3,2,5,inf
Random,10,4,3,2,6,inf
Random,10,4,3,2,7,inf
Random,10,4,3,2,8,inf
Random,10,4,3,2,9,inf
Random,10,4,3,2,10,inf
Random,10,4,3,2,11,inf
Random,10,4,3,2,12,inf
Random,10,4,3,2,13,inf
Random,10,4,3,2,14,inf
Random,10,4,3,2,15,inf
Random,10,4,3,2,16,inf
Random,10,4,3,2,17,inf
Random,10,4,3,2,18,inf
Random,10,4,3,2,19,inf
Random,10,4,3,2,20,inf
Random,10,4,3,2,21,inf
Random,10,4,3,2,22,inf
Random,10,4,3,2,23,inf
Random,10,4,3,2,24,inf
Random,10,4,3,2,25,inf
Random,10,4,3,2,26,inf
Random,10,4,3,2,27,inf
Random,10,4,3,2,28,inf
Random,10,4,3,2,29,inf
Random,10,4,3,2,30,inf
Random,10,4,3,2,31,inf
Random,10,4,3,2,32,inf
Random,10,4,3,2,33,inf
Random,10,4,3,2,34,inf
Random,10,4,3,2,35,inf
Random,10,4,3,2,36,inf
Random,10,4,3,2,37,inf
Random,10,4,3,2,38,inf
Random,10,4,3,2,39,inf
Random,10,4,3,2,40,inf
Random,10,4,3,2,41,inf
Random,10,4,3,2,42,inf
Random,10,4,3,2,43,inf
Random,10,4,3,2,44,inf
Random,10,4,3,2,45,inf
Random,10,4,3,2,46,inf
Random,10,4,3,2,47,inf
Random,10,4,3,2,48,inf
Random,10,4,3,2,49,inf
Random,10,4,3,2,50,inf
Random,10,4,3,2,51,inf
Random,10,4,3,2,52,inf
Random,10,4,3,2,53,inf
Random,10,4,3,2,54,inf
Random,10,4,3,2,55,inf
Random,10,4,3,2,56,inf
Random,10,4,3,2,57,inf
Random,10,4,3,2,58,inf
Random,10,4,3,2,59,inf
Random,10,4,3,2,60,inf
Random,10,4,3,2,61,inf
Random,10,4,3,2,62,inf
Random,10,4,3,2,63,inf
Random,10,4,3,2,64,inf
Random,10,4,3,2,65,inf
Random,10,4,3,2,66,inf
Random,10,4,3,2,67,inf
Random,10,4,3,2,68,inf
Random,10,4,3,2,69,inf
Random,10,4,3,2,70,inf
Random,10,4,3,2,71,inf
Random,10,4,3,2,72,inf
Random,10,4,3,2,73,inf
Random,10,4,3,2,74,inf
Random,10,4,3,2,75,inf
Random,10,4,3,2,76,inf
Random,10,4,3,2,77,inf
Random,10,4,3,2,78,inf
Random,10,4,3,2,79,inf
Random,10,4,3,2,80,inf
Random,10,4,3,2,81,inf
Random,10,4,3,2,82,inf
Random,10,4,3,2,83,inf
Random,10,4,3,2,84,inf
Random,10,4,3,2,85,inf
Random,10,4,3,2,86,inf
Random,10,4,3,2,87,inf
Random,10,4,3,2,88,inf
Random,10,4,3,2,89,inf
Random,10,4,3,2,90,inf
Random,10,4,3,2,91,inf
Random,10,4,3,2,92,inf
Random,10,4,3,2,93,inf
Random,10,4,3,2,94,inf
Random,10,4,3,2,95,inf
Random,10,4,3,2,96,inf
Random,10,4,3,2,97,inf
Random,10,4,3,2,98,inf
Random,10,4,3,2,99,inf
Random,10,4,3,2,100,inf
qLogEI,10,4,3,2,1,inf
qLogEI,10,4,3,2,2,inf
qLogEI,10,4,3,2,3,inf
qLogEI,10,4,3,2,4,inf
qLogEI,10,4,3,2,5,inf
qLogEI,10,4,3,2,6,inf
qLogEI,10,4,3,2,7,inf
qLogEI,10,4,3,2,8,inf
qLogEI,10,4,3,2,9,inf
qLogEI,10,4,3,2,10,inf
qLogEI,10,4,3,2,11,inf
qLogEI,10,4,3,2,12,inf
qLogEI,10,4,3,2,13,inf
qLogEI,10,4,3,2,14,inf
qLogEI,10,4,3,2,15,inf
qLogEI,10,4,3,2,16,inf
qLogEI,10,4,3,2,17,inf
qLogEI,10,4,3,2,18,inf
qLogEI,10,4,3,2,19,inf
qLogEI,10,4,3,2,20,inf
qLogEI,10,4,3,2,21,inf
qLogEI,10,4,3,2,22,inf
qLogEI,10,4,3,2,23,inf
qLogEI,10,4,3,2,24,inf
qLogEI,10,4,3,2,25,inf
qLogEI,10,4,3,2,26,inf
qLogEI,10,4,3,2,27,inf
qLogEI,10,4,3,2,28,inf
qLogEI,10,4,3,2,29,inf
qLogEI,10,4,3,2,30,inf
qLogEI,10,4,3,2,31,inf
qLogEI,10,4,3,2,32,inf
qLogEI,10,4,3,2,33,inf
qLogEI,10,4,3,2,34,inf
qLogEI,10,4,3,2,35,inf
qLogEI,10,4,3,2,36,inf
qLogEI,10,4,3,2,37,inf
qLogEI,10,4,3,2,38,inf
qLogEI,10,4,3,2,39,inf
qLogEI,10,4,3,2,40,inf
qLogEI,10,4,3,2,41,inf
qLogEI,10,4,3,2,42,inf
qLogEI,10,4,3,2,43,inf
qLogEI,10,4,3,2,44,inf
qLogEI,10,4,3,2,45,inf
qLogEI,10,4,3,2,46,inf
qLogEI,10,4,3,2,47,inf
qLogEI,10,4,3,2,48,inf
qLogEI,10,4,3,2,49,inf
qLogEI,10,4,3,2,50,inf
qLogEI,10,4,3,2,51,inf
qLogEI,10,4,3,2,52,inf
qLogEI,10,4,3,2,53,inf
qLogEI,10,4,3,2,54,inf
qLogEI,10,4,3,2,55,inf
qLogEI,10,4,3,2,56,inf
qLogEI,10,4,3,2,57,inf
qLogEI,10,4,3,2,58,inf
qLogEI,10,4,3,2,59,inf
qLogEI,10,4,3,2,60,inf
qLogEI,10,4,3,2,61,inf
qLogEI,10,4,3,2,62,inf
qLogEI,10,4,3,2,63,inf
qLogEI,10,4,3,2,64,inf
qLogEI,10,4,3,2,65,inf
qLogEI,10,4,3,2,66,inf
qLogEI,10,4,3,2,67,inf
qLogEI,10,4,3,2,68,inf
qLogEI,10,4,3,2,69,inf
qLogEI,10,4,3,2,70,inf
qLogEI,10,4,3,2,71,inf
qLogEI,10,4,3,2,72,inf
qLogEI,10,4,3,2,73,inf
qLogEI,10,4,3,2,74,inf
qLogEI,10,4,3,2,75,inf
qLogEI,10,4,3,2,76,inf
qLogEI,10,4,3,2,77,inf
qLogEI,10,4,3,2,78,inf
qLogEI,10,4,3,2,79,inf
qLogEI,10,4,3,2,80,inf
qLogEI,10,4,3,2,81,inf
qLogEI,10,4,3,2,82,inf
qLogEI,10,4,3,2,83,inf
qLogEI,10,4,3,2,84,inf
qLogEI,10,4,3,2,85,inf
qLogEI,10,4,3,2,86,inf
qLogEI,10,4,3,2,87,inf
qLogEI,10,4,3,2,88,inf
qLogEI,10,4,3,2,89,inf
qLogEI,10,4,3,2,90,inf
qLogEI,10,4,3,2,91,inf
qLogEI,10,4,3,2,92,inf
qLogEI,10,4,3,2,93,inf
qLogEI,10,4,3,2,94,inf
qLogEI,10,4,3,2,95,inf
qLogEI,10,4,3,2,96,inf
qLogEI,10,4,3,2,97,inf
qLogEI,10,4,3,2,98,inf
qLogEI,10,4,3,2,99,inf
qLogEI,10,4,3,2,100,inf
RL_Full,10,4,3,2,1,inf
RL_Full,10,4,3,2,2,inf
RL_Full,10,4,3,2,3,inf
RL_Full,10,4,3,2,4,inf
RL_Full,10,4,3,2,5,inf
RL_Full,10,4,3,2,6,inf
RL_Full,10,4,3,2,7,inf
RL_Full,10,4,3,2,8,inf
RL_Full,10,4,3,2,9,inf
RL_Full,10,4,3,2,10,inf
RL_Full,10,4,3,2,11,inf
RL_Full,10,4,3,2,12,inf
RL_Full,10,4,3,2,13,inf
RL_Full,10,4,3,2,14,inf
RL_Full,10,4,3,2,15,inf
RL_Full,10,4,3,2,16,inf
RL_Full,10,4,3,2,17,inf
RL_Full,10,4,3,2,18,inf
RL_Full,10,4,3,2,19,inf
RL_Full,10,4,3,2,20,inf
RL_Full,10,4,3,2,21,inf
RL_Full,10,4,3,2,22,inf
RL_Full,10,4,3,2,23,inf
RL_Full,10,4,3,2,24,inf
RL_Full,10,4,3,2,25,inf
RL_Full,10,4,3,2,26,inf
RL_Full,10,4,3,2,27,inf
RL_Full,10,4,3,2,28,inf
RL_Full,10,4,3,2,29,inf
RL_Full,10,4,3,2,30,inf
RL_Full,10,4,3,2,31,inf
RL_Full,10,4,3,2,32,inf
RL_Full,10,4,3,2,33,inf
RL_Full,10,4,3,2,34,inf
RL_Full,10,4,3,2,35,inf
RL_Full,10,4,3,2,36,inf
RL_Full,10,4,3,2,37,inf
RL_Full,10,4,3,2,38,inf
RL_Full,10,4,3,2,39,inf
RL_Full,10,4,3,2,40,inf
RL_Full,10,4,3,2,41,inf
RL_Full,10,4,3,2,42,inf
RL_Full,10,4,3,2,43,inf
RL_Full,10,4,3,2,44,inf
RL_Full,10,4,3,2,45,inf
RL_Full,10,4,3,2,46,inf
RL_Full,10,4,3,2,47,inf
RL_Full,10,4,3,2,48,inf
RL_Full,10,4,3,2,49,inf
RL_Full,10,4,3,2,50,inf
RL_Full,10,4,3,2,51,inf
RL_Full,10,4,3,2,52,inf
RL_Full,10,4,3,2,53,inf
RL_Full,10,4,3,2,54,inf
RL_Full,10,4,3,2,55,inf
RL_Full,10,4,3,2,56,inf
RL_Full,10,4,3,2,57,inf
RL_Full,10,4,3,2,58,inf
RL_Full,10,4,3,2,59,inf
RL_Full,10,4,3,2,60,inf
RL_Full,10,4,3,2,61,inf
RL_Full,10,4,3,2,62,inf
RL_Full,10,4,3,2,63,inf
RL_Full,10,4,3,2,64,inf
RL_Full,10,4,3,2,65,inf
RL_Full,10,4,3,2,66,inf
RL_Full,10,4,3,2,67,inf
RL_Full,10,4,3,2,68,inf
RL_Full,10,4,3,2,69,inf
RL_Full,10,4,3,2,70,inf
RL_Full,10,4,3,2,71,inf
RL_Full,10,4,3,2,72,inf
RL_Full,10,4,3,2,73,inf
RL_Full,10,4,3,2,74,inf
RL_Full,10,4,3,2,75,inf
RL_Full,10,4,3,2,76,inf
RL_Full,10,4,3,2,77,inf
RL_Full,10,4,3,2,78,inf
RL_Full,10,4,3,2,79,inf
RL_Full,10,4,3,2,80,inf
RL_Full,10,4,3,2,81,inf
RL_Full,10,4,3,2,82,inf
RL_Full,10,4,3,2,83,inf
RL_Full,10,4,3,2,84,inf
RL_Full,10,4,3,2,85,inf
RL_Full,10,4,3,2,86,inf
RL_Full,10,4,3,2,87,inf
RL_Full,10,4,3,2,88,inf
RL_Full,10,4,3,2,89,inf
RL_Full,10,4,3,2,90,inf
RL_Full,10,4,3,2,91,inf
RL_Full,10,4,3,2,92,inf
RL_Full,10,4,3,2,93,inf
RL_Full,10,4,3,2,94,inf
RL_Full,10,4,3,2,95,inf
RL_Full,10,4,3,2,96,inf
RL_Full,10,4,3,2,97,inf
RL_Full,10,4,3,2,98,inf
RL_Full,10,4,3,2,99,inf
RL_Full,10,4,3,2,100,inf
Random,10,4,3,3,1,inf
Random,10,4,3,3,2,inf
Random,10,4,3,3,3,inf
Random,10,4,3,3,4,inf
Random,10,4,3,3,5,inf
Random,10,4,3,3,6,inf
Random,10,4,3,3,7,inf
Random,10,4,3,3,8,inf
Random,10,4,3,3,9,inf
Random,10,4,3,3,10,inf
Random,10,4,3,3,11,inf
Random,10,4,3,3,12,inf
Random,10,4,3,3,13,inf
Random,10,4,3,3,14,inf
Random,10,4,3,3,15,inf
Random,10,4,3,3,16,inf
Random,10,4,3,3,17,inf
Random,10,4,3,3,18,inf
Random,10,4,3,3,19,inf
Random,10,4,3,3,20,inf
Random,10,4,3,3,21,inf
Random,10,4,3,3,22,inf
Random,10,4,3,3,23,inf
Random,10,4,3,3,24,inf
Random,10,4,3,3,25,inf
Random,10,4,3,3,26,inf
Random,10,4,3,3,27,inf
Random,10,4,3,3,28,inf
Random,10,4,3,3,29,inf
Random,10,4,3,3,30,inf
Random,10,4,3,3,31,inf
Random,10,4,3,3,32,inf
Random,10,4,3,3,33,inf
Random,10,4,3,3,34,inf
Random,10,4,3,3,35,inf
Random,10,4,3,3,36,inf
Random,10,4,3,3,37,inf
Random,10,4,3,3,38,inf
Random,10,4,3,3,39,inf
Random,10,4,3,3,40,inf
Random,10,4,3,3,41,inf
Random,10,4,3,3,42,inf
Random,10,4,3,3,43,inf
Random,10,4,3,3,44,inf
Random,10,4,3,3,45,inf
Random,10,4,3,3,46,inf
Random,10,4,3,3,47,inf
Random,10,4,3,3,48,inf
Random,10,4,3,3,49,inf
Random,10,4,3,3,50,inf
Random,10,4,3,3,51,inf
Random,10,4,3,3,52,inf
Random,10,4,3,3,53,inf
Random,10,4,3,3,54,inf
Random,10,4,3,3,55,inf
Random,10,4,3,3,56,inf
Random,10,4,3,3,57,inf
Random,10,4,3,3,58,inf
Random,10,4,3,3,59,inf
Random,10,4,3,3,60,inf
Random,10,4,3,3,61,inf
Random,10,4,3,3,62,inf
Random,10,4,3,3,63,inf
Random,10,4,3,3,64,inf
Random,10,4,3,3,65,inf
Random,10,4,3,3,66,inf
Random,10,4,3,3,67,inf
Random,10,4,3,3,68,inf
Random,10,4,3,3,69,inf
Random,10,4,3,3,70,inf
Random,10,4,3,3,71,inf
Random,10,4,3,3,72,inf
Random,10,4,3,3,73,inf
Random,10,4,3,3,74,inf
Random,10,4,3,3,75,inf
Random,10,4,3,3,76,inf
Random,10,4,3,3,77,inf
Random,10,4,3,3,78,inf
Random,10,4,3,3,79,inf
Random,10,4,3,3,80,inf
Random,10,4,3,3,81,inf
Random,10,4,3,3,82,inf
Random,10,4,3,3,83,inf
Random,10,4,3,3,84,inf
Random,10,4,3,3,85,inf
Random,10,4,3,3,86,inf
Random,10,4,3,3,87,inf
Random,10,4,3,3,88,inf
Random,10,4,3,3,89,inf
Random,10,4,3,3,90,inf
Random,10,4,3,3,91,inf
Random,10,4,3,3,92,inf
Random,10,4,3,3,93,inf
Random,10,4,3,3,94,inf
Random,10,4,3,3,95,inf
Random,10,4,3,3,96,inf
Random,10,4,3,3,97,inf
Random,10,4,3,3,98,inf
Random,10,4,3,3,99,inf
Random,10,4,3,3,100,inf
qLogEI,10,4,3,3,1,inf
qLogEI,10,4,3,3,2,inf
qLogEI,10,4,3,3,3,inf
qLogEI,10,4,3,3,4,inf
qLogEI,10,4,3,3,5,inf
qLogEI,10,4,3,3,6,inf
qLogEI,10,4,3,3,7,inf
qLogEI,10,4,3,3,8,inf
qLogEI,10,4,3,3,9,inf
qLogEI,10,4,3,3,10,inf
qLogEI,10,4,3,3,11,inf
qLogEI,10,4,3,3,12,inf
qLogEI,10,4,3,3,13,inf
qLogEI,10,4,3,3,14,inf
qLogEI,10,4,3,3,15,inf
qLogEI,10,4,3,3,16,inf
qLogEI,10,4,3,3,17,inf
qLogEI,10,4,3,3,18,inf
qLogEI,10,4,3,3,19,inf
qLogEI,10,4,3,3,20,inf
qLogEI,10,4,3,3,21,inf
qLogEI,10,4,3,3,22,inf
qLogEI,10,4,3,3,23,inf
qLogEI,10,4,3,3,24,inf
qLogEI,10,4,3,3,25,inf
qLogEI,10,4,3,3,26,inf
qLogEI,10,4,3,3,27,inf
qLogEI,10,4,3,3,28,inf
qLogEI,10,4,3,3,29,inf
qLogEI,10,4,3,3,30,inf
qLogEI,10,4,3,3,31,inf
qLogEI,10,4,3,3,32,inf
qLogEI,10,4,3,3,33,inf
qLogEI,10,4,3,3,34,inf
qLogEI,10,4,3,3,35,inf
qLogEI,10,4,3,3,36,inf
qLogEI,10,4,3,3,37,inf
qLogEI,10,4,3,3,38,inf
qLogEI,10,4,3,3,39,inf
qLogEI,10,4,3,3,40,inf
qLogEI,10,4,3,3,41,inf
qLogEI,10,4,3,3,42,inf
qLogEI,10,4,3,3,43,inf
qLogEI,10,4,3,3,44,inf
qLogEI,10,4,3,3,45,inf
qLogEI,10,4,3,3,46,inf
qLogEI,10,4,3,3,47,inf
qLogEI,10,4,3,3,48,inf
qLogEI,10,4,3,3,49,inf
qLogEI,10,4,3,3,50,inf
qLogEI,10,4,3,3,51,inf
qLogEI,10,4,3,3,52,inf
qLogEI,10,4,3,3,53,inf
qLogEI,10,4,3,3,54,inf
qLogEI,10,4,3,3,55,inf
qLogEI,10,4,3,3,56,inf
qLogEI,10,4,3,3,57,inf
qLogEI,10,4,3,3,58,inf
qLogEI,10,4,3,3,59,inf
qLogEI,10,4,3,3,60,inf
qLogEI,10,4,3,3,61,inf
qLogEI,10,4,3,3,62,inf
qLogEI,10,4,3,3,63,inf
qLogEI,10,4,3,3,64,inf
qLogEI,10,4,3,3,65,inf
qLogEI,10,4,3,3,66,inf
qLogEI,10,4,3,3,67,inf
qLogEI,10,4,3,3,68,inf
qLogEI,10,4,3,3,69,inf
qLogEI,10,4,3,3,70,inf
qLogEI,10,4,3,3,71,inf
qLogEI,10,4,3,3,72,inf
qLogEI,10,4,3,3,73,inf
qLogEI,10,4,3,3,74,inf
qLogEI,10,4,3,3,75,inf
qLogEI,10,4,3,3,76,inf
qLogEI,10,4,3,3,77,inf
qLogEI,10,4,3,3,78,inf
qLogEI,10,4,3,3,79,inf
qLogEI,10,4,3,3,80,inf
qLogEI,10,4,3,3,81,inf
qLogEI,10,4,3,3,82,inf
qLogEI,10,4,3,3,83,inf
qLogEI,10,4,3,3,84,inf
qLogEI,10,4,3,3,85,inf
qLogEI,10,4,3,3,86,inf
qLogEI,10,4,3,3,87,inf
qLogEI,10,4,3,3,88,inf
qLogEI,10,4,3,3,89,inf
qLogEI,10,4,3,3,90,inf
qLogEI,10,4,3,3,91,inf
qLogEI,10,4,3,3,92,inf
qLogEI,10,4,3,3,93,inf
qLogEI,10,4,3,3,94,inf
qLogEI,10,4,3,3,95,inf
qLogEI,10,4,3,3,96,inf
qLogEI,10,4,3,3,97,inf
qLogEI,10,4,3,3,98,inf
qLogEI,10,4,3,3,99,inf
qLogEI,10,4,3,3,100,inf
RL_Full,10,4,3,3,1,inf
RL_Full,10,4,3,3,2,inf
RL_Full,10,4,3,3,3,inf
RL_Full,10,4,3,3,4,inf
RL_Full,10,4,3,3,5,inf
RL_Full,10,4,3,3,6,inf
RL_Full,10,4,3,3,7,inf
RL_Full,10,4,3,3,8,inf
RL_Full,10,4,3,3,9,inf
RL_Full,10,4,3,3,10,inf
RL_Full,10,4,3,3,11,inf
RL_Full,10,4,3,3,12,inf
RL_Full,10,4,3,3,13,inf
RL_Full,10,4,3,3,14,inf
RL_Full,10,4,3,3,15,inf
RL_Full,10,4,3,3,16,inf
RL_Full,10,4,3,3,17,inf
RL_Full,10,4,3,3,18,inf
RL_Full,10,4,3,3,19,inf
RL_Full,10,4,3,3,20,inf
RL_Full,10,4,3,3,21,inf
RL_Full,10,4,3,3,22,inf
RL_Full,10,4,3,3,23,inf
RL_Full,10,4,3,3,24,inf
RL_Full,10,4,3,3,25,inf
RL_Full,10,4,3,3,26,inf
RL_Full,10,4,3,3,27,inf
RL_Full,10,4,3,3,28,inf
RL_Full,10,4,3,3,29,inf
RL_Full,10,4,3,3,30,inf
RL_Full,10,4,3,3,31,inf
RL_Full,10,4,3,3,32,inf
RL_Full,10,4,3,3,33,inf
RL_Full,10,4,3,3,34,inf
RL_Full,10,4,3,3,35,inf
RL_Full,10,4,3,3,36,inf
RL_Full,10,4,3,3,37,inf
RL_Full,10,4,3,3,38,inf
RL_Full,10,4,3,3,39,inf
RL_Full,10,4,3,3,40,inf
RL_Full,10,4,3,3,41,inf
RL_Full,10,4,3,3,42,inf
RL_Full,10,4,3,3,43,inf
RL_Full,10,4,3,3,44,inf
RL_Full,10,4,3,3,45,inf
RL_Full,10,4,3,3,46,inf
RL_Full,10,4,3,3,47,inf
RL_Full,10,4,3,3,48,inf
RL_Full,10,4,3,3,49,inf
RL_Full,10,4,3,3,50,inf
RL_Full,10,4,3,3,51,inf
RL_Full,10,4,3,3,52,inf
RL_Full,10,4,3,3,53,inf
RL_Full,10,4,3,3,54,inf
RL_Full,10,4,3,3,55,inf
RL_Full,10,4,3,3,56,inf
RL_Full,10,4,3,3,57,inf
RL_Full,10,4,3,3,58,inf
RL_Full,10,4,3,3,59,inf
RL_Full,10,4,3,3,60,inf
RL_Full,10,4,3,3,61,inf
RL_Full,10,4,3,3,62,inf
RL_Full,10,4,3,3,63,inf
RL_Full,10,4,3,3,64,inf
RL_Full,10,4,3,3,65,inf
RL_Full,10,4,3,3,66,inf
RL_Full,10,4,3,3,67,inf
RL_Full,10,4,3,3,68,inf
RL_Full,10,4,3,3,69,inf
RL_Full,10,4,3,3,70,inf
RL_Full,10,4,3,3,71,inf
RL_Full,10,4,3,3,72,inf
RL_Full,10,4,3,3,73,inf
RL_Full,10,4,3,3,74,inf
RL_Full,10,4,3,3,75,inf
RL_Full,10,4,3,3,76,inf
RL_Full,10,4,3,3,77,inf
RL_Full,10,4,3,3,78,inf
RL_Full,10,4,3,3,79,inf
RL_Full,10,4,3,3,80,inf
RL_Full,10,4,3,3,81,inf
RL_Full,10,4,3,3,82,inf
RL_Full,10,4,3,3,83,inf
RL_Full,10,4,3,3,84,inf
RL_Full,10,4,3,3,85,inf
RL_Full,10,4,3,3,86,inf
RL_Full,10,4,3,3,87,inf
RL_Full,10,4,3,3,88,inf
RL_Full,10,4,3,3,89,inf
RL_Full,10,4,3,3,90,inf
RL_Full,10,4,3,3,91,inf
RL_Full,10,4,3,3,92,inf
RL_Full,10,4,3,3,93,inf
RL_Full,10,4,3,3,94,inf
RL_Full,10,4,3,3,95,inf
RL_Full,10,4,3,3,96,inf
RL_Full,10,4,3,3,97,inf
RL_Full,10,4,3,3,98,inf
RL_Full,10,4,3,3,99,inf
RL_Full,10,4,3,3,100,inf
Random,10,4,3,4,1,inf
Random,10,4,3,4,2,inf
Random,10,4,3,4,3,inf
Random,10,4,3,4,4,inf
Random,10,4,3,4,5,inf
Random,10,4,3,4,6,inf
Random,10,4,3,4,7,inf
Random,10,4,3,4,8,inf
Random,10,4,3,4,9,inf
Random,10,4,3,4,10,inf
Random,10,4,3,4,11,inf
Random,10,4,3,4,12,inf
Random,10,4,3,4,13,inf
Random,10,4,3,4,14,inf
Random,10,4,3,4,15,inf
Random,10,4,3,4,16,inf
Random,10,4,3,4,17,inf
Random,10,4,3,4,18,inf
Random,10,4,3,4,19,inf
Random,10,4,3,4,20,inf
Random,10,4,3,4,21,inf
Random,10,4,3,4,22,inf
Random,10,4,3,4,23,inf
Random,10,4,3,4,24,inf
Random,10,4,3,4,25,inf
Random,10,4,3,4,26,inf
Random,10,4,3,4,27,inf
Random,10,4,3,4,28,inf
Random,10,4,3,4,29,inf
Random,10,4,3,4,30,inf
Random,10,4,3,4,31,inf
Random,10,4,3,4,32,inf
Random,10,4,3,4,33,inf
Random,10,4,3,4,34,inf
Random,10,4,3,4,35,inf
Random,10,4,3,4,36,inf
Random,10,4,3,4,37,inf
Random,10,4,3,4,38,inf
Random,10,4,3,4,39,inf
Random,10,4,3,4,40,inf
Random,10,4,3,4,41,inf
Random,10,4,3,4,42,inf
Random,10,4,3,4,43,inf
Random,10,4,3,4,44,inf
Random,10,4,3,4,45,inf
Random,10,4,3,4,46,inf
Random,10,4,3,4,47,inf
Random,10,4,3,4,48,inf
Random,10,4,3,4,49,inf
Random,10,4,3,4,50,inf
Random,10,4,3,4,51,inf
Random,10,4,3,4,52,inf
Random,10,4,3,4,53,inf
Random,10,4,3,4,54,inf
Random,10,4,3,4,55,inf
Random,10,4,3,4,56,inf
Random,10,4,3,4,57,inf
Random,10,4,3,4,58,inf
Random,10,4,3,4,59,inf
Random,10,4,3,4,60,inf
Random,10,4,3,4,61,inf
Random,10,4,3,4,62,inf
Random,10,4,3,4,63,inf
Random,10,4,3,4,64,inf
Random,10,4,3,4,65,inf
Random,10,4,3,4,66,inf
Random,10,4,3,4,67,inf
Random,10,4,3,4,68,inf
Random,10,4,3,4,69,inf
Random,10,4,3,4,70,inf
Random,10,4,3,4,71,inf
Random,10,4,3,4,72,inf
Random,10,4,3,4,73,inf
Random,10,4,3,4,74,inf
Random,10,4,3,4,75,inf
Random,10,4,3,4,76,inf
Random,10,4,3,4,77,inf
Random,10,4,3,4,78,inf
Random,10,4,3,4,79,inf
Random,10,4,3,4,80,inf
Random,10,4,3,4,81,inf
Random,10,4,3,4,82,inf
Random,10,4,3,4,83,inf
Random,10,4,3,4,84,inf
Random,10,4,3,4,85,inf
Random,10,4,3,4,86,inf
Random,10,4,3,4,87,inf
Random,10,4,3,4,88,inf
Random,10,4,3,4,89,inf
Random,10,4,3,4,90,inf
Random,10,4,3,4,91,inf
Random,10,4,3,4,92,inf
Random,10,4,3,4,93,inf
Random,10,4,3,4,94,inf
Random,10,4,3,4,95,inf
Random,10,4,3,4,96,inf
Random,10,4,3,4,97,inf
Random,10,4,3,4,98,inf
Random,10,4,3,4,99,inf
Random,10,4,3,4,100,inf
qLogEI,10,4,3,4,1,inf
qLogEI,10,4,3,4,2,inf
qLogEI,10,4,3,4,3,inf
qLogEI,10,4,3,4,4,inf
qLogEI,10,4,3,4,5,inf
qLogEI,10,4,3,4,6,inf
qLogEI,10,4,3,4,7,inf
qLogEI,10,4,3,4,8,inf
qLogEI,10,4,3,4,9,inf
qLogEI,10,4,3,4,10,inf
qLogEI,10,4,3,4,11,inf
qLogEI,10,4,3,4,12,inf
qLogEI,10,4,3,4,13,inf
qLogEI,10,4,3,4,14,inf
qLogEI,10,4,3,4,15,inf
qLogEI,10,4,3,4,16,inf
qLogEI,10,4,3,4,17,inf
qLogEI,10,4,3,4,18,inf
qLogEI,10,4,3,4,19,inf
qLogEI,10,4,3,4,20,inf
qLogEI,10,4,3,4,21,inf
qLogEI,10,4,3,4,22,inf
qLogEI,10,4,3,4,23,inf
qLogEI,10,4,3,4,24,inf
qLogEI,10,4,3,4,25,inf
qLogEI,10,4,3,4,26,inf
qLogEI,10,4,3,4,27,inf
qLogEI,10,4,3,4,28,inf
qLogEI,10,4,3,4,29,inf
qLogEI,10,4,3,4,30,inf
qLogEI,10,4,3,4,31,inf
qLogEI,10,4,3,4,32,inf
qLogEI,10,4,3,4,33,inf
qLogEI,10,4,3,4,34,inf
qLogEI,10,4,3,4,35,inf
qLogEI,10,4,3,4,36,inf
qLogEI,10,4,3,4,37,inf
qLogEI,10,4,3,4,38,inf
qLogEI,10,4,3,4,39,inf
qLogEI,10,4,3,4,40,inf
qLogEI,10,4,3,4,41,inf
qLogEI,10,4,3,4,42,inf
qLogEI,10,4,3,4,43,inf
qLogEI,10,4,3,4,44,inf
qLogEI,10,4,3,4,45,inf
qLogEI,10,4,3,4,46,inf
qLogEI,10,4,3,4,47,inf
qLogEI,10,4,3,4,48,inf
qLogEI,10,4,3,4,49,inf
qLogEI,10,4,3,4,50,inf
qLogEI,10,4,3,4,51,inf
qLogEI,10,4,3,4,52,inf
qLogEI,10,4,3,4,53,inf
qLogEI,10,4,3,4,54,inf
qLogEI,10,4,3,4,55,inf
qLogEI,10,4,3,4,56,inf
qLogEI,10,4,3,4,57,inf
qLogEI,10,4,3,4,58,inf
qLogEI,10,4,3,4,59,inf
qLogEI,10,4,3,4,60,inf
qLogEI,10,4,3,4,61,inf
qLogEI,10,4,3,4,62,inf
qLogEI,10,4,3,4,63,inf
qLogEI,10,4,3,4,64,inf
qLogEI,10,4,3,4,65,inf
qLogEI,10,4,3,4,66,inf
qLogEI,10,4,3,4,67,inf
qLogEI,10,4,3,4,68,inf
qLogEI,10,4,3,4,69,inf
qLogEI,10,4,3,4,70,inf
qLogEI,10,4,3,4,71,inf
qLogEI,10,4,3,4,72,inf
qLogEI,10,4,3,4,73,inf
qLogEI,10,4,3,4,74,inf
qLogEI,10,4,3,4,75,inf
qLogEI,10,4,3,4,76,inf
qLogEI,10,4,3,4,77,inf
qLogEI,10,4,3,4,78,inf
qLogEI,10,4,3,4,79,inf
qLogEI,10,4,3,4,80,inf
qLogEI,10,4,3,4,81,inf
qLogEI,10,4,3,4,82,inf
qLogEI,10,4,3,4,83,inf
qLogEI,10,4,3,4,84,inf
qLogEI,10,4,3,4,85,inf
qLogEI,10,4,3,4,86,inf
qLogEI,10,4,3,4,87,inf
qLogEI,10,4,3,4,88,inf
qLogEI,10,4,3,4,89,inf
qLogEI,10,4,3,4,90,inf
qLogEI,10,4,3,4,91,inf
qLogEI,10,4,3,4,92,inf
qLogEI,10,4,3,4,93,inf
qLogEI,10,4,3,4,94,inf
qLogEI,10,4,3,4,95,inf
qLogEI,10,4,3,4,96,inf
qLogEI,10,4,3,4,97,inf
qLogEI,10,4,3,4,98,inf
qLogEI,10,4,3,4,99,inf
qLogEI,10,4,3,4,100,inf
RL_Full,10,4,3,4,1,inf
RL_Full,10,4,3,4,2,inf
RL_Full,10,4,3,4,3,inf
RL_Full,10,4,3,4,4,inf
RL_Full,10,4,3,4,5,inf
RL_Full,10,4,3,4,6,inf
RL_Full,10,4,3,4,7,inf
RL_Full,10,4,3,4,8,inf
RL_Full,10,4,3,4,9,inf
RL_Full,10,4,3,4,10,inf
RL_Full,10,4,3,4,11,inf
RL_Full,10,4,3,4,12,inf
RL_Full,10,4,3,4,13,inf
RL_Full,10,4,3,4,14,inf
RL_Full,10,4,3,4,15,inf
RL_Full,10,4,3,4,16,inf
RL_Full,10,4,3,4,17,inf
RL_Full,10,4,3,4,18,inf
RL_Full,10,4,3,4,19,inf
RL_Full,10,4,3,4,20,inf
RL_Full,10,4,3,4,21,inf
RL_Full,10,4,3,4,22,inf
RL_Full,10,4,3,4,23,inf
RL_Full,10,4,3,4,24,inf
RL_Full,10,4,3,4,25,inf
RL_Full,10,4,3,4,26,inf
RL_Full,10,4,3,4,27,inf
RL_Full,10,4,3,4,28,inf
RL_Full,10,4,3,4,29,inf
RL_Full,10,4,3,4,30,inf
RL_Full,10,4,3,4,31,inf
RL_Full,10,4,3,4,32,inf
RL_Full,10,4,3,4,33,inf
RL_Full,10,4,3,4,34,inf
RL_Full,10,4,3,4,35,inf
RL_Full,10,4,3,4,36,inf
RL_Full,10,4,3,4,37,inf
RL_Full,10,4,3,4,38,inf
RL_Full,10,4,3,4,39,inf
RL_Full,10,4,3,4,40,inf
RL_Full,10,4,3,4,41,inf
RL_Full,10,4,3,4,42,inf
RL_Full,10,4,3,4,43,inf
RL_Full,10,4,3,4,44,inf
RL_Full,10,4,3,4,45,inf
RL_Full,10,4,3,4,46,inf
RL_Full,10,4,3,4,47,inf
RL_Full,10,4,3,4,48,inf
RL_Full,10,4,3,4,49,inf
RL_Full,10,4,3,4,50,inf
RL_Full,10,4,3,4,51,inf
RL_Full,10,4,3,4,52,inf
RL_Full,10,4,3,4,53,inf
RL_Full,10,4,3,4,54,inf
RL_Full,10,4,3,4,55,inf
RL_Full,10,4,3,4,56,inf
RL_Full,10,4,3,4,57,inf
RL_Full,10,4,3,4,58,inf
RL_Full,10,4,3,4,59,inf
RL_Full,10,4,3,4,60,inf
RL_Full,10,4,3,4,61,inf
RL_Full,10,4,3,4,62,inf
RL_Full,10,4,3,4,63,inf
RL_Full,10,4,3,4,64,inf
RL_Full,10,4,3,4,65,inf
RL_Full,10,4,3,4,66,inf
RL_Full,10,4,3,4,67,inf
RL_Full,10,4,3,4,68,inf
RL_Full,10,4,3,4,69,inf
RL_Full,10,4,3,4,70,inf
RL_Full,10,4,3,4,71,inf
RL_Full,10,4,3,4,72,inf
RL_Full,10,4,3,4,73,inf
RL_Full,10,4,3,4,74,inf
RL_Full,10,4,3,4,75,inf
RL_Full,10,4,3,4,76,inf
RL_Full,10,4,3,4,77,inf
RL_Full,10,4,3,4,78,inf
RL_Full,10,4,3,4,79,inf
RL_Full,10,4,3,4,80,inf
RL_Full,10,4,3,4,81,inf
RL_Full,10,4,3,4,82,inf
RL_Full,10,4,3,4,83,inf
RL_Full,10,4,3,4,84,inf
RL_Full,10,4,3,4,85,inf
RL_Full,10,4,3,4,86,inf
RL_Full,10,4,3,4,87,inf
RL_Full,10,4,3,4,88,inf
RL_Full,10,4,3,4,89,inf
RL_Full,10,4,3,4,90,inf
RL_Full,10,4,3,4,91,inf
RL_Full,10,4,3,4,92,inf
RL_Full,10,4,3,4,93,inf
RL_Full,10,4,3,4,94,inf
RL_Full,10,4,3,4,95,inf
RL_Full,10,4,3,4,96,inf
RL_Full,10,4,3,4,97,inf
RL_Full,10,4,3,4,98,inf
RL_Full,10,4,3,4,99,inf
RL_Full,10,4,3,4,100,inf
Random,10,6,1,0,1,inf
Random,10,6,1,0,2,inf
Random,10,6,1,0,3,inf
Random,10,6,1,0,4,inf
Random,10,6,1,0,5,inf
Random,10,6,1,0,6,inf
Random,10,6,1,0,7,inf
Random,10,6,1,0,8,inf
Random,10,6,1,0,9,inf
Random,10,6,1,0,10,inf
Random,10,6,1,0,11,inf
Random,10,6,1,0,12,inf
Random,10,6,1,0,13,inf
Random,10,6,1,0,14,inf
Random,10,6,1,0,15,inf
Random,10,6,1,0,16,inf
Random,10,6,1,0,17,inf
Random,10,6,1,0,18,inf
Random,10,6,1,0,19,inf
Random,10,6,1,0,20,inf
Random,10,6,1,0,21,inf
Random,10,6,1,0,22,inf
Random,10,6,1,0,23,inf
Random,10,6,1,0,24,inf
Random,10,6,1,0,25,inf
Random,10,6,1,0,26,inf
Random,10,6,1,0,27,inf
Random,10,6,1,0,28,inf
Random,10,6,1,0,29,inf
Random,10,6,1,0,30,inf
Random,10,6,1,0,31,inf
Random,10,6,1,0,32,inf
Random,10,6,1,0,33,inf
Random,10,6,1,0,34,inf
Random,10,6,1,0,35,inf
Random,10,6,1,0,36,inf
Random,10,6,1,0,37,inf
Random,10,6,1,0,38,inf
Random,10,6,1,0,39,inf
Random,10,6,1,0,40,inf
Random,10,6,1,0,41,inf
Random,10,6,1,0,42,inf
Random,10,6,1,0,43,inf
Random,10,6,1,0,44,inf
Random,10,6,1,0,45,inf
Random,10,6,1,0,46,inf
Random,10,6,1,0,47,inf
Random,10,6,1,0,48,inf
Random,10,6,1,0,49,inf
Random,10,6,1,0,50,inf
Random,10,6,1,0,51,inf
Random,10,6,1,0,52,inf
Random,10,6,1,0,53,inf
Random,10,6,1,0,54,inf
Random,10,6,1,0,55,inf
Random,10,6,1,0,56,inf
Random,10,6,1,0,57,inf
Random,10,6,1,0,58,inf
Random,10,6,1,0,59,inf
Random,10,6,1,0,60,inf
Random,10,6,1,0,61,inf
Random,10,6,1,0,62,inf
Random,10,6,1,0,63,inf
Random,10,6,1,0,64,inf
Random,10,6,1,0,65,inf
Random,10,6,1,0,66,inf
Random,10,6,1,0,67,inf
Random,10,6,1,0,68,inf
Random,10,6,1,0,69,inf
Random,10,6,1,0,70,inf
Random,10,6,1,0,71,inf
Random,10,6,1,0,72,inf
Random,10,6,1,0,73,inf
Random,10,6,1,0,74,inf
Random,10,6,1,0,75,inf
Random,10,6,1,0,76,inf
Random,10,6,1,0,77,inf
Random,10,6,1,0,78,inf
Random,10,6,1,0,79,inf
Random,10,6,1,0,80,inf
Random,10,6,1,0,81,inf
Random,10,6,1,0,82,inf
Random,10,6,1,0,83,inf
Random,10,6,1,0,84,inf
Random,10,6,1,0,85,inf
Random,10,6,1,0,86,inf
Random,10,6,1,0,87,inf
Random,10,6,1,0,88,inf
Random,10,6,1,0,89,inf
Random,10,6,1,0,90,inf
Random,10,6,1,0,91,inf
Random,10,6,1,0,92,inf
Random,10,6,1,0,93,inf
Random,10,6,1,0,94,inf
Random,10,6,1,0,95,inf
Random,10,6,1,0,96,inf
Random,10,6,1,0,97,inf
Random,10,6,1,0,98,inf
Random,10,6,1,0,99,inf
Random,10,6,1,0,100,inf
qLogEI,10,6,1,0,1,inf
qLogEI,10,6,1,0,2,inf
qLogEI,10,6,1,0,3,inf
qLogEI,10,6,1,0,4,inf
qLogEI,10,6,1,0,5,inf
qLogEI,10,6,1,0,6,inf
qLogEI,10,6,1,0,7,inf
qLogEI,10,6,1,0,8,inf
qLogEI,10,6,1,0,9,inf
qLogEI,10,6,1,0,10,inf
qLogEI,10,6,1,0,11,inf
qLogEI,10,6,1,0,12,inf
qLogEI,10,6,1,0,13,inf
qLogEI,10,6,1,0,14,inf
qLogEI,10,6,1,0,15,inf
qLogEI,10,6,1,0,16,inf
qLogEI,10,6,1,0,17,inf
qLogEI,10,6,1,0,18,inf
qLogEI,10,6,1,0,19,inf
qLogEI,10,6,1,0,20,inf
qLogEI,10,6,1,0,21,inf
qLogEI,10,6,1,0,22,inf
qLogEI,10,6,1,0,23,inf
qLogEI,10,6,1,0,24,inf
qLogEI,10,6,1,0,25,inf
qLogEI,10,6,1,0,26,inf
qLogEI,10,6,1,0,27,inf
qLogEI,10,6,1,0,28,inf
qLogEI,10,6,1,0,29,inf
qLogEI,10,6,1,0,30,inf
qLogEI,10,6,1,0,31,inf
qLogEI,10,6,1,0,32,inf
qLogEI,10,6,1,0,33,inf
qLogEI,10,6,1,0,34,inf
qLogEI,10,6,1,0,35,inf
qLogEI,10,6,1,0,36,inf
qLogEI,10,6,1,0,37,inf
qLogEI,10,6,1,0,38,inf
qLogEI,10,6,1,0,39,inf
qLogEI,10,6,1,0,40,inf
qLogEI,10,6,1,0,41,inf
qLogEI,10,6,1,0,42,inf
qLogEI,10,6,1,0,43,inf
qLogEI,10,6,1,0,44,inf
qLogEI,10,6,1,0,45,inf
qLogEI,10,6,1,0,46,inf
qLogEI,10,6,1,0,47,inf
qLogEI,10,6,1,0,48,inf
qLogEI,10,6,1,0,49,inf
qLogEI,10,6,1,0,50,inf
qLogEI,10,6,1,0,51,inf
qLogEI,10,6,1,0,52,inf
qLogEI,10,6,1,0,53,inf
qLogEI,10,6,1,0,54,inf
qLogEI,10,6,1,0,55,inf
qLogEI,10,6,1,0,56,inf
qLogEI,10,6,1,0,57,inf
qLogEI,10,6,1,0,58,inf
qLogEI,10,6,1,0,59,inf
qLogEI,10,6,1,0,60,inf
qLogEI,10,6,1,0,61,inf
qLogEI,10,6,1,0,62,inf
qLogEI,10,6,1,0,63,inf
qLogEI,10,6,1,0,64,inf
qLogEI,10,6,1,0,65,inf
qLogEI,10,6,1,0,66,inf
qLogEI,10,6,1,0,67,inf
qLogEI,10,6,1,0,68,inf
qLogEI,10,6,1,0,69,inf
qLogEI,10,6,1,0,70,inf
qLogEI,10,6,1,0,71,inf
qLogEI,10,6,1,0,72,inf
qLogEI,10,6,1,0,73,inf
qLogEI,10,6,1,0,74,inf
qLogEI,10,6,1,0,75,inf
qLogEI,10,6,1,0,76,inf
qLogEI,10,6,1,0,77,inf
qLogEI,10,6,1,0,78,inf
qLogEI,10,6,1,0,79,inf
qLogEI,10,6,1,0,80,inf
qLogEI,10,6,1,0,81,inf
qLogEI,10,6,1,0,82,inf
qLogEI,10,6,1,0,83,inf
qLogEI,10,6,1,0,84,inf
qLogEI,10,6,1,0,85,inf
qLogEI,10,6,1,0,86,inf
qLogEI,10,6,1,0,87,inf
qLogEI,10,6,1,0,88,inf
qLogEI,10,6,1,0,89,inf
qLogEI,10,6,1,0,90,inf
qLogEI,10,6,1,0,91,inf
qLogEI,10,6,1,0,92,inf
qLogEI,10,6,1,0,93,inf
qLogEI,10,6,1,0,94,inf
qLogEI,10,6,1,0,95,inf
qLogEI,10,6,1,0,96,inf
qLogEI,10,6,1,0,97,inf
qLogEI,10,6,1,0,98,inf
qLogEI,10,6,1,0,99,inf
qLogEI,10,6,1,0,100,inf
RL_Full,10,6,1,0,1,inf
RL_Full,10,6,1,0,2,inf
RL_Full,10,6,1,0,3,inf
RL_Full,10,6,1,0,4,inf
RL_Full,10,6,1,0,5,inf
RL_Full,10,6,1,0,6,inf
RL_Full,10,6,1,0,7,inf
RL_Full,10,6,1,0,8,inf
RL_Full,10,6,1,0,9,inf
RL_Full,10,6,1,0,10,inf
RL_Full,10,6,1,0,11,inf
RL_Full,10,6,1,0,12,inf
RL_Full,10,6,1,0,13,inf
RL_Full,10,6,1,0,14,inf
RL_Full,10,6,1,0,15,inf
RL_Full,10,6,1,0,16,inf
RL_Full,10,6,1,0,17,inf
RL_Full,10,6,1,0,18,inf
RL_Full,10,6,1,0,19,inf
RL_Full,10,6,1,0,20,inf
RL_Full,10,6,1,0,21,inf
RL_Full,10,6,1,0,22,inf
RL_Full,10,6,1,0,23,inf
RL_Full,10,6,1,0,24,inf
RL_Full,10,6,1,0,25,inf
RL_Full,10,6,1,0,26,inf
RL_Full,10,6,1,0,27,inf
RL_Full,10,6,1,0,28,inf
RL_Full,10,6,1,0,29,inf
RL_Full,10,6,1,0,30,inf
RL_Full,10,6,1,0,31,inf
RL_Full,10,6,1,0,32,inf
RL_Full,10,6,1,0,33,inf
RL_Full,10,6,1,0,34,inf
RL_Full,10,6,1,0,35,inf
RL_Full,10,6,1,0,36,inf
RL_Full,10,6,1,0,37,inf
RL_Full,10,6,1,0,38,inf
RL_Full,10,6,1,0,39,inf
RL_Full,10,6,1,0,40,inf
RL_Full,10,6,1,0,41,inf
RL_Full,10,6,1,0,42,inf
RL_Full,10,6,1,0,43,inf
RL_Full,10,6,1,0,44,inf
RL_Full,10,6,1,0,45,inf
RL_Full,10,6,1,0,46,inf
RL_Full,10,6,1,0,47,inf
RL_Full,10,6,1,0,48,inf
RL_Full,10,6,1,0,49,inf
RL_Full,10,6,1,0,50,inf
RL_Full,10,6,1,0,51,inf
RL_Full,10,6,1,0,52,inf
RL_Full,10,6,1,0,53,inf
RL_Full,10,6,1,0,54,inf
RL_Full,10,6,1,0,55,inf
RL_Full,10,6,1,0,56,inf
RL_Full,10,6,1,0,57,inf
RL_Full,10,6,1,0,58,inf
RL_Full,10,6,1,0,59,inf
RL_Full,10,6,1,0,60,inf
RL_Full,10,6,1,0,61,inf
RL_Full,10,6,1,0,62,inf
RL_Full,10,6,1,0,63,inf
RL_Full,10,6,1,0,64,inf
RL_Full,10,6,1,0,65,inf
RL_Full,10,6,1,0,66,inf
RL_Full,10,6,1,0,67,inf
RL_Full,10,6,1,0,68,inf
RL_Full,10,6,1,0,69,inf
RL_Full,10,6,1,0,70,inf
RL_Full,10,6,1,0,71,inf
RL_Full,10,6,1,0,72,inf
RL_Full,10,6,1,0,73,inf
RL_Full,10,6,1,0,74,inf
RL_Full,10,6,1,0,75,inf
RL_Full,10,6,1,0,76,inf
RL_Full,10,6,1,0,77,inf
RL_Full,10,6,1,0,78,inf
RL_Full,10,6,1,0,79,inf
RL_Full,10,6,1,0,80,inf
RL_Full,10,6,1,0,81,inf
RL_Full,10,6,1,0,82,inf
RL_Full,10,6,1,0,83,inf
RL_Full,10,6,1,0,84,inf
RL_Full,10,6,1,0,85,inf
RL_Full,10,6,1,0,86,inf
RL_Full,10,6,1,0,87,inf
RL_Full,10,6,1,0,88,inf
RL_Full,10,6,1,0,89,inf
RL_Full,10,6,1,0,90,inf
RL_Full,10,6,1,0,91,inf
RL_Full,10,6,1,0,92,inf
RL_Full,10,6,1,0,93,inf
RL_Full,10,6,1,0,94,inf
RL_Full,10,6,1,0,95,inf
RL_Full,10,6,1,0,96,inf
RL_Full,10,6,1,0,97,inf
RL_Full,10,6,1,0,98,inf
RL_Full,10,6,1,0,99,inf
RL_Full,10,6,1,0,100,inf
Random,10,6,1,1,1,inf
Random,10,6,1,1,2,inf
Random,10,6,1,1,3,inf
Random,10,6,1,1,4,inf
Random,10,6,1,1,5,inf
Random,10,6,1,1,6,inf
Random,10,6,1,1,7,inf
Random,10,6,1,1,8,inf
Random,10,6,1,1,9,inf
Random,10,6,1,1,10,inf
Random,10,6,1,1,11,inf
Random,10,6,1,1,12,inf
Random,10,6,1,1,13,inf
Random,10,6,1,1,14,inf
Random,10,6,1,1,15,inf
Random,10,6,1,1,16,inf
Random,10,6,1,1,17,inf
Random,10,6,1,1,18,inf
Random,10,6,1,1,19,inf
Random,10,6,1,1,20,inf
Random,10,6,1,1,21,inf
Random,10,6,1,1,22,inf
Random,10,6,1,1,23,inf
Random,10,6,1,1,24,inf
Random,10,6,1,1,25,inf
Random,10,6,1,1,26,inf
Random,10,6,1,1,27,inf
Random,10,6,1,1,28,inf
Random,10,6,1,1,29,inf
Random,10,6,1,1,30,inf
Random,10,6,1,1,31,inf
Random,10,6,1,1,32,inf
Random,10,6,1,1,33,inf
Random,10,6,1,1,34,inf
Random,10,6,1,1,35,inf
Random,10,6,1,1,36,inf
Random,10,6,1,1,37,inf
Random,10,6,1,1,38,inf
Random,10,6,1,1,39,inf
Random,10,6,1,1,40,inf
Random,10,6,1,1,41,inf
Random,10,6,1,1,42,inf
Random,10,6,1,1,43,inf
Random,10,6,1,1,44,inf
Random,10,6,1,1,45,inf
Random,10,6,1,1,46,inf
Random,10,6,1,1,47,inf
Random,10,6,1,1,48,inf
Random,10,6,1,1,49,inf
Random,10,6,1,1,50,inf
Random,10,6,1,1,51,inf
Random,10,6,1,1,52,inf
Random,10,6,1,1,53,inf
Random,10,6,1,1,54,inf
Random,10,6,1,1,55,inf
Random,10,6,1,1,56,inf
Random,10,6,1,1,57,inf
Random,10,6,1,1,58,inf
Random,10,6,1,1,59,inf
Random,10,6,1,1,60,inf
Random,10,6,1,1,61,inf
Random,10,6,1,1,62,inf
Random,10,6,1,1,63,inf
Random,10,6,1,1,64,inf
Random,10,6,1,1,65,inf
Random,10,6,1,1,66,inf
Random,10,6,1,1,67,inf
Random,10,6,1,1,68,inf
Random,10,6,1,1,69,inf
Random,10,6,1,1,70,inf
Random,10,6,1,1,71,inf
Random,10,6,1,1,72,inf
Random,10,6,1,1,73,inf
Random,10,6,1,1,74,inf
Random,10,6,1,1,75,inf
Random,10,6,1,1,76,inf
Random,10,6,1,1,77,inf
Random,10,6,1,1,78,inf
Random,10,6,1,1,79,inf
Random,10,6,1,1,80,inf
Random,10,6,1,1,81,inf
Random,10,6,1,1,82,inf
Random,10,6,1,1,83,inf
Random,10,6,1,1,84,inf
Random,10,6,1,1,85,inf
Random,10,6,1,1,86,inf
Random,10,6,1,1,87,inf
Random,10,6,1,1,88,inf
Random,10,6,1,1,89,inf
Random,10,6,1,1,90,inf
Random,10,6,1,1,91,inf
Random,10,6,1,1,92,inf
Random,10,6,1,1,93,inf
Random,10,6,1,1,94,inf
Random,10,6,1,1,95,inf
Random,10,6,1,1,96,inf
Random,10,6,1,1,97,inf
Random,10,6,1,1,98,inf
Random,10,6,1,1,99,inf
Random,10,6,1,1,100,inf
qLogEI,10,6,1,1,1,inf
qLogEI,10,6,1,1,2,inf
qLogEI,10,6,1,1,3,inf
qLogEI,10,6,1,1,4,inf
qLogEI,10,6,1,1,5,inf
qLogEI,10,6,1,1,6,inf
qLogEI,10,6,1,1,7,inf
qLogEI,10,6,1,1,8,inf
qLogEI,10,6,1,1,9,inf
qLogEI,10,6,1,1,10,inf
qLogEI,10,6,1,1,11,inf
qLogEI,10,6,1,1,12,inf
qLogEI,10,6,1,1,13,inf
qLogEI,10,6,1,1,14,inf
qLogEI,10,6,1,1,15,inf
qLogEI,10,6,1,1,16,inf
qLogEI,10,6,1,1,17,inf
qLogEI,10,6,1,1,18,inf
qLogEI,10,6,1,1,19,inf
qLogEI,10,6,1,1,20,inf
qLogEI,10,6,1,1,21,inf
qLogEI,10,6,1,1,22,inf
qLogEI,10,6,1,1,23,inf
qLogEI,10,6,1,1,24,inf
qLogEI,10,6,1,1,25,inf
qLogEI,10,6,1,1,26,inf
qLogEI,10,6,1,1,27,inf
qLogEI,10,6,1,1,28,inf
qLogEI,10,6,1,1,29,inf
qLogEI,10,6,1,1,30,inf
qLogEI,10,6,1,1,31,inf
qLogEI,10,6,1,1,32,inf
qLogEI,10,6,1,1,33,inf
qLogEI,10,6,1,1,34,inf
qLogEI,10,6,1,1,35,inf
qLogEI,10,6,1,1,36,inf
qLogEI,10,6,1,1,37,inf
qLogEI,10,6,1,1,38,inf
qLogEI,10,6,1,1,39,inf
qLogEI,10,6,1,1,40,inf
qLogEI,10,6,1,1,41,inf
qLogEI,10,6,1,1,42,inf
qLogEI,10,6,1,1,43,inf
qLogEI,10,6,1,1,44,inf
qLogEI,10,6,1,1,45,inf
qLogEI,10,6,1,1,46,inf
qLogEI,10,6,1,1,47,inf
qLogEI,10,6,1,1,48,inf
qLogEI,10,6,1,1,49,inf
qLogEI,10,6,1,1,50,inf
qLogEI,10,6,1,1,51,inf
qLogEI,10,6,1,1,52,inf
qLogEI,10,6,1,1,53,inf
qLogEI,10,6,1,1,54,inf
qLogEI,10,6,1,1,55,inf
qLogEI,10,6,1,1,56,inf
qLogEI,10,6,1,1,57,inf
qLogEI,10,6,1,1,58,inf
qLogEI,10,6,1,1,59,inf
qLogEI,10,6,1,1,60,inf
qLogEI,10,6,1,1,61,inf
qLogEI,10,6,1,1,62,inf
qLogEI,10,6,1,1,63,inf
qLogEI,10,6,1,1,64,inf
qLogEI,10,6,1,1,65,inf
qLogEI,10,6,1,1,66,inf
qLogEI,10,6,1,1,67,inf
qLogEI,10,6,1,1,68,inf
qLogEI,10,6,1,1,69,inf
qLogEI,10,6,1,1,70,inf
qLogEI,10,6,1,1,71,inf
qLogEI,10,6,1,1,72,inf
qLogEI,10,6,1,1,73,inf
qLogEI,10,6,1,1,74,inf
qLogEI,10,6,1,1,75,inf
qLogEI,10,6,1,1,76,inf
qLogEI,10,6,1,1,77,inf
qLogEI,10,6,1,1,78,inf
qLogEI,10,6,1,1,79,inf
qLogEI,10,6,1,1,80,inf
qLogEI,10,6,1,1,81,inf
qLogEI,10,6,1,1,82,inf
qLogEI,10,6,1,1,83,inf
qLogEI,10,6,1,1,84,inf
qLogEI,10,6,1,1,85,inf
qLogEI,10,6,1,1,86,inf
qLogEI,10,6,1,1,87,inf
qLogEI,10,6,1,1,88,inf
qLogEI,10,6,1,1,89,inf
qLogEI,10,6,1,1,90,inf
qLogEI,10,6,1,1,91,inf
qLogEI,10,6,1,1,92,inf
qLogEI,10,6,1,1,93,inf
qLogEI,10,6,1,1,94,inf
qLogEI,10,6,1,1,95,inf
qLogEI,10,6,1,1,96,inf
qLogEI,10,6,1,1,97,inf
qLogEI,10,6,1,1,98,inf
qLogEI,10,6,1,1,99,inf
qLogEI,10,6,1,1,100,inf
RL_Full,10,6,1,1,1,inf
RL_Full,10,6,1,1,2,inf
RL_Full,10,6,1,1,3,inf
RL_Full,10,6,1,1,4,inf
RL_Full,10,6,1,1,5,inf
RL_Full,10,6,1,1,6,inf
RL_Full,10,6,1,1,7,inf
RL_Full,10,6,1,1,8,inf
RL_Full,10,6,1,1,9,inf
RL_Full,10,6,1,1,10,inf
RL_Full,10,6,1,1,11,inf
RL_Full,10,6,1,1,12,inf
RL_Full,10,6,1,1,13,inf
RL_Full,10,6,1,1,14,inf
RL_Full,10,6,1,1,15,inf
RL_Full,10,6,1,1,16,inf
RL_Full,10,6,1,1,17,inf
RL_Full,10,6,1,1,18,inf
RL_Full,10,6,1,1,19,inf
RL_Full,10,6,1,1,20,inf
RL_Full,10,6,1,1,21,inf
RL_Full,10,6,1,1,22,inf
RL_Full,10,6,1,1,23,inf
RL_Full,10,6,1,1,24,inf
RL_Full,10,6,1,1,25,inf
RL_Full,10,6,1,1,26,inf
RL_Full,10,6,1,1,27,inf
RL_Full,10,6,1,1,28,inf
RL_Full,10,6,1,1,29,inf
RL_Full,10,6,1,1,30,inf
RL_Full,10,6,1,1,31,inf
RL_Full,10,6,1,1,32,inf
RL_Full,10,6,1,1,33,inf
RL_Full,10,6,1,1,34,inf
RL_Full,10,6,1,1,35,inf
RL_Full,10,6,1,1,36,inf
RL_Full,10,6,1,1,37,inf
RL_Full,10,6,1,1,38,inf
RL_Full,10,6,1,1,39,inf
RL_Full,10,6,1,1,40,inf
RL_Full,10,6,1,1,41,inf
RL_Full,10,6,1,1,42,inf
RL_Full,10,6,1,1,43,inf
RL_Full,10,6,1,1,44,inf
RL_Full,10,6,1,1,45,inf
RL_Full,10,6,1,1,46,inf
RL_Full,10,6,1,1,47,inf
RL_Full,10,6,1,1,48,inf
RL_Full,10,6,1,1,49,inf
RL_Full,10,6,1,1,50,inf
RL_Full,10,6,1,1,51,inf
RL_Full,10,6,1,1,52,inf
RL_Full,10,6,1,1,53,inf
RL_Full,10,6,1,1,54,inf
RL_Full,10,6,1,1,55,inf
RL_Full,10,6,1,1,56,inf
RL_Full,10,6,1,1,57,inf
RL_Full,10,6,1,1,58,inf
RL_Full,10,6,1,1,59,inf
RL_Full,10,6,1,1,60,inf
RL_Full,10,6,1,1,61,inf
RL_Full,10,6,1,1,62,inf
RL_Full,10,6,1,1,63,inf
RL_Full,10,6,1,1,64,inf
RL_Full,10,6,1,1,65,inf
RL_Full,10,6,1,1,66,inf
RL_Full,10,6,1,1,67,inf
RL_Full,10,6,1,1,68,inf
RL_Full,10,6,1,1,69,inf
RL_Full,10,6,1,1,70,inf
RL_Full,10,6,1,1,71,inf
RL_Full,10,6,1,1,72,inf
RL_Full,10,6,1,1,73,inf
RL_Full,10,6,1,1,74,inf
RL_Full,10,6,1,1,75,inf
RL_Full,10,6,1,1,76,inf
RL_Full,10,6,1,1,77,inf
RL_Full,10,6,1,1,78,inf
RL_Full,10,6,1,1,79,inf
RL_Full,10,6,1,1,80,inf
RL_Full,10,6,1,1,81,inf
RL_Full,10,6,1,1,82,inf
RL_Full,10,6,1,1,83,inf
RL_Full,10,6,1,1,84,inf
RL_Full,10,6,1,1,85,inf
RL_Full,10,6,1,1,86,inf
RL_Full,10,6,1,1,87,inf
RL_Full,10,6,1,1,88,inf
RL_Full,10,6,1,1,89,inf
RL_Full,10,6,1,1,90,inf
RL_Full,10,6,1,1,91,inf
RL_Full,10,6,1,1,92,inf
RL_Full,10,6,1,1,93,inf
RL_Full,10,6,1,1,94,inf
RL_Full,10,6,1,1,95,inf
RL_Full,10,6,1,1,96,inf
RL_Full,10,6,1,1,97,inf
RL_Full,10,6,1,1,98,inf
RL_Full,10,6,1,1,99,inf
RL_Full,10,6,1,1,100,inf
Random,10,6,1,2,1,inf
Random,10,6,1,2,2,inf
Random,10,6,1,2,3,inf
Random,10,6,1,2,4,inf
Random,10,6,1,2,5,inf
Random,10,6,1,2,6,inf
Random,10,6,1,2,7,inf
Random,10,6,1,2,8,inf
Random,10,6,1,2,9,inf
Random,10,6,1,2,10,inf
Random,10,6,1,2,11,inf
Random,10,6,1,2,12,inf
Random,10,6,1,2,13,inf
Random,10,6,1,2,14,inf
Random,10,6,1,2,15,inf
Random,10,6,1,2,16,inf
Random,10,6,1,2,17,inf
Random,10,6,1,2,18,inf
Random,10,6,1,2,19,inf
Random,10,6,1,2,20,inf
Random,10,6,1,2,21,inf
Random,10,6,1,2,22,inf
Random,10,6,1,2,23,inf
Random,10,6,1,2,24,inf
Random,10,6,1,2,25,inf
Random,10,6,1,2,26,inf
Random,10,6,1,2,27,inf
Random,10,6,1,2,28,inf
Random,10,6,1,2,29,inf
Random,10,6,1,2,30,inf
Random,10,6,1,2,31,inf
Random,10,6,1,2,32,inf
Random,10,6,1,2,33,inf
Random,10,6,1,2,34,inf
Random,10,6,1,2,35,inf
Random,10,6,1,2,36,inf
Random,10,6,1,2,37,inf
Random,10,6,1,2,38,inf
Random,10,6,1,2,39,inf
Random,10,6,1,2,40,inf
Random,10,6,1,2,41,inf
Random,10,6,1,2,42,inf
Random,10,6,1,2,43,inf
Random,10,6,1,2,44,inf
Random,10,6,1,2,45,inf
Random,10,6,1,2,46,inf
Random,10,6,1,2,47,inf
Random,10,6,1,2,48,inf
Random,10,6,1,2,49,inf
Random,10,6,1,2,50,inf
Random,10,6,1,2,51,inf
Random,10,6,1,2,52,inf
Random,10,6,1,2,53,inf
Random,10,6,1,2,54,inf
Random,10,6,1,2,55,inf
Random,10,6,1,2,56,inf
Random,10,6,1,2,57,inf
Random,10,6,1,2,58,inf
Random,10,6,1,2,59,inf
Random,10,6,1,2,60,inf
Random,10,6,1,2,61,inf
Random,10,6,1,2,62,inf
Random,10,6,1,2,63,inf
Random,10,6,1,2,64,inf
Random,10,6,1,2,65,inf
Random,10,6,1,2,66,inf
Random,10,6,1,2,67,inf
Random,10,6,1,2,68,inf
Random,10,6,1,2,69,inf
Random,10,6,1,2,70,inf
Random,10,6,1,2,71,inf
Random,10,6,1,2,72,inf
Random,10,6,1,2,73,inf
Random,10,6,1,2,74,inf
Random,10,6,1,2,75,inf
Random,10,6,1,2,76,inf
Random,10,6,1,2,77,inf
Random,10,6,1,2,78,inf
Random,10,6,1,2,79,inf
Random,10,6,1,2,80,inf
Random,10,6,1,2,81,inf
Random,10,6,1,2,82,inf
Random,10,6,1,2,83,inf
Random,10,6,1,2,84,inf
Random,10,6,1,2,85,inf
Random,10,6,1,2,86,inf
Random,10,6,1,2,87,inf
Random,10,6,1,2,88,inf
Random,10,6,1,2,89,inf
Random,10,6,1,2,90,inf
Random,10,6,1,2,91,inf
Random,10,6,1,2,92,inf
Random,10,6,1,2,93,inf
Random,10,6,1,2,94,inf
Random,10,6,1,2,95,inf
Random,10,6,1,2,96,inf
Random,10,6,1,2,97,inf
Random,10,6,1,2,98,inf
Random,10,6,1,2,99,inf
Random,10,6,1,2,100,inf
qLogEI,10,6,1,2,1,inf
qLogEI,10,6,1,2,2,inf
qLogEI,10,6,1,2,3,inf
qLogEI,10,6,1,2,4,inf
qLogEI,10,6,1,2,5,inf
qLogEI,10,6,1,2,6,inf
qLogEI,10,6,1,2,7,inf
qLogEI,10,6,1,2,8,inf
qLogEI,10,6,1,2,9,inf
qLogEI,10,6,1,2,10,inf
qLogEI,10,6,1,2,11,inf
qLogEI,10,6,1,2,12,inf
qLogEI,10,6,1,2,13,inf
qLogEI,10,6,1,2,14,inf
qLogEI,10,6,1,2,15,inf
qLogEI,10,6,1,2,16,inf
qLogEI,10,6,1,2,17,inf
qLogEI,10,6,1,2,18,inf
qLogEI,10,6,1,2,19,inf
qLogEI,10,6,1,2,20,inf
qLogEI,10,6,1,2,21,inf
qLogEI,10,6,1,2,22,inf
qLogEI,10,6,1,2,23,inf
qLogEI,10,6,1,2,24,inf
qLogEI,10,6,1,2,25,inf
qLogEI,10,6,1,2,26,inf
qLogEI,10,6,1,2,27,inf
qLogEI,10,6,1,2,28,inf
qLogEI,10,6,1,2,29,inf
qLogEI,10,6,1,2,30,inf
qLogEI,10,6,1,2,31,inf
qLogEI,10,6,1,2,32,inf
qLogEI,10,6,1,2,33,inf
qLogEI,10,6,1,2,34,inf
qLogEI,10,6,1,2,35,inf
qLogEI,10,6,1,2,36,inf
qLogEI,10,6,1,2,37,inf
qLogEI,10,6,1,2,38,inf
qLogEI,10,6,1,2,39,inf
qLogEI,10,6,1,2,40,inf
qLogEI,10,6,1,2,41,inf
qLogEI,10,6,1,2,42,inf
qLogEI,10,6,1,2,43,inf
qLogEI,10,6,1,2,44,inf
qLogEI,10,6,1,2,45,inf
qLogEI,10,6,1,2,46,inf
qLogEI,10,6,1,2,47,inf
qLogEI,10,6,1,2,48,inf
qLogEI,10,6,1,2,49,inf
qLogEI,10,6,1,2,50,inf
qLogEI,10,6,1,2,51,inf
qLogEI,10,6,1,2,52,inf
qLogEI,10,6,1,2,53,inf
qLogEI,10,6,1,2,54,inf
qLogEI,10,6,1,2,55,inf
qLogEI,10,6,1,2,56,inf
qLogEI,10,6,1,2,57,inf
qLogEI,10,6,1,2,58,inf
qLogEI,10,6,1,2,59,inf
qLogEI,10,6,1,2,60,inf
qLogEI,10,6,1,2,61,inf
qLogEI,10,6,1,2,62,inf
qLogEI,10,6,1,2,63,inf
qLogEI,10,6,1,2,64,inf
qLogEI,10,6,1,2,65,inf
qLogEI,10,6,1,2,66,inf
qLogEI,10,6,1,2,67,inf
qLogEI,10,6,1,2,68,inf
qLogEI,10,6,1,2,69,inf
qLogEI,10,6,1,2,70,inf
qLogEI,10,6,1,2,71,inf
qLogEI,10,6,1,2,72,inf
qLogEI,10,6,1,2,73,inf
qLogEI,10,6,1,2,74,inf
qLogEI,10,6,1,2,75,inf
qLogEI,10,6,1,2,76,inf
qLogEI,10,6,1,2,77,inf
qLogEI,10,6,1,2,78,inf
qLogEI,10,6,1,2,79,inf
qLogEI,10,6,1,2,80,inf
qLogEI,10,6,1,2,81,inf
qLogEI,10,6,1,2,82,inf
qLogEI,10,6,1,2,83,inf
qLogEI,10,6,1,2,84,inf
qLogEI,10,6,1,2,85,inf
qLogEI,10,6,1,2,86,inf
qLogEI,10,6,1,2,87,inf
qLogEI,10,6,1,2,88,inf
qLogEI,10,6,1,2,89,inf
qLogEI,10,6,1,2,90,inf
qLogEI,10,6,1,2,91,inf
qLogEI,10,6,1,2,92,inf
qLogEI,10,6,1,2,93,inf
qLogEI,10,6,1,2,94,inf
qLogEI,10,6,1,2,95,inf
qLogEI,10,6,1,2,96,inf
qLogEI,10,6,1,2,97,inf
qLogEI,10,6,1,2,98,inf
qLogEI,10,6,1,2,99,inf
qLogEI,10,6,1,2,100,inf
RL_Full,10,6,1,2,1,inf
RL_Full,10,6,1,2,2,inf
RL_Full,10,6,1,2,3,inf
RL_Full,10,6,1,2,4,inf
RL_Full,10,6,1,2,5,inf
RL_Full,10,6,1,2,6,inf
RL_Full,10,6,1,2,7,inf
RL_Full,10,6,1,2,8,inf
RL_Full,10,6,1,2,9,inf
RL_Full,10,6,1,2,10,inf
RL_Full,10,6,1,2,11,inf
RL_Full,10,6,1,2,12,inf
RL_Full,10,6,1,2,13,inf
RL_Full,10,6,1,2,14,inf
RL_Full,10,6,1,2,15,inf
RL_Full,10,6,1,2,16,inf
RL_Full,10,6,1,2,17,inf
RL_Full,10,6,1,2,18,inf
RL_Full,10,6,1,2,19,inf
RL_Full,10,6,1,2,20,inf
RL_Full,10,6,1,2,21,inf
RL_Full,10,6,1,2,22,inf
RL_Full,10,6,1,2,23,inf
RL_Full,10,6,1,2,24,inf
RL_Full,10,6,1,2,25,inf
RL_Full,10,6,1,2,26,inf
RL_Full,10,6,1,2,27,inf
RL_Full,10,6,1,2,28,inf
RL_Full,10,6,1,2,29,inf
RL_Full,10,6,1,2,30,inf
RL_Full,10,6,1,2,31,inf
RL_Full,10,6,1,2,32,inf
RL_Full,10,6,1,2,33,inf
RL_Full,10,6,1,2,34,inf
RL_Full,10,6,1,2,35,inf
RL_Full,10,6,1,2,36,inf
RL_Full,10,6,1,2,37,inf
RL_Full,10,6,1,2,38,inf
RL_Full,10,6,1,2,39,inf
RL_Full,10,6,1,2,40,inf
RL_Full,10,6,1,2,41,inf
RL_Full,10,6,1,2,42,inf
RL_Full,10,6,1,2,43,inf
RL_Full,10,6,1,2,44,inf
RL_Full,10,6,1,2,45,inf
RL_Full,10,6,1,2,46,inf
RL_Full,10,6,1,2,47,inf
RL_Full,10,6,1,2,48,inf
RL_Full,10,6,1,2,49,inf
RL_Full,10,6,1,2,50,inf
RL_Full,10,6,1,2,51,inf
RL_Full,10,6,1,2,52,inf
RL_Full,10,6,1,2,53,inf
RL_Full,10,6,1,2,54,inf
RL_Full,10,6,1,2,55,inf
RL_Full,10,6,1,2,56,inf
RL_Full,10,6,1,2,57,inf
RL_Full,10,6,1,2,58,inf
RL_Full,10,6,1,2,59,inf
RL_Full,10,6,1,2,60,inf
RL_Full,10,6,1,2,61,inf
RL_Full,10,6,1,2,62,inf
RL_Full,10,6,1,2,63,inf
RL_Full,10,6,1,2,64,inf
RL_Full,10,6,1,2,65,inf
RL_Full,10,6,1,2,66,inf
RL_Full,10,6,1,2,67,inf
RL_Full,10,6,1,2,68,inf
RL_Full,10,6,1,2,69,inf
RL_Full,10,6,1,2,70,inf
RL_Full,10,6,1,2,71,inf
RL_Full,10,6,1,2,72,inf
RL_Full,10,6,1,2,73,inf
RL_Full,10,6,1,2,74,inf
RL_Full,10,6,1,2,75,inf
RL_Full,10,6,1,2,76,inf
RL_Full,10,6,1,2,77,inf
RL_Full,10,6,1,2,78,inf
RL_Full,10,6,1,2,79,inf
RL_Full,10,6,1,2,80,inf
RL_Full,10,6,1,2,81,inf
RL_Full,10,6,1,2,82,inf
RL_Full,10,6,1,2,83,inf
RL_Full,10,6,1,2,84,inf
RL_Full,10,6,1,2,85,inf
RL_Full,10,6,1,2,86,inf
RL_Full,10,6,1,2,87,inf
RL_Full,10,6,1,2,88,inf
RL_Full,10,6,1,2,89,inf
RL_Full,10,6,1,2,90,inf
RL_Full,10,6,1,2,91,inf
RL_Full,10,6,1,2,92,inf
RL_Full,10,6,1,2,93,inf
RL_Full,10,6,1,2,94,inf
RL_Full,10,6,1,2,95,inf
RL_Full,10,6,1,2,96,inf
RL_Full,10,6,1,2,97,inf
RL_Full,10,6,1,2,98,inf
RL_Full,10,6,1,2,99,inf
RL_Full,10,6,1,2,100,inf
Random,10,6,1,3,1,inf
Random,10,6,1,3,2,inf
Random,10,6,1,3,3,inf
Random,10,6,1,3,4,inf
Random,10,6,1,3,5,inf
Random,10,6,1,3,6,inf
Random,10,6,1,3,7,inf
Random,10,6,1,3,8,inf
Random,10,6,1,3,9,inf
Random,10,6,1,3,10,inf
Random,10,6,1,3,11,inf
Random,10,6,1,3,12,inf
Random,10,6,1,3,13,inf
Random,10,6,1,3,14,inf
Random,10,6,1,3,15,inf
Random,10,6,1,3,16,inf
Random,10,6,1,3,17,inf
Random,10,6,1,3,18,inf
Random,10,6,1,3,19,inf
Random,10,6,1,3,20,inf
Random,10,6,1,3,21,inf
Random,10,6,1,3,22,inf
Random,10,6,1,3,23,inf
Random,10,6,1,3,24,inf
Random,10,6,1,3,25,inf
Random,10,6,1,3,26,inf
Random,10,6,1,3,27,inf
Random,10,6,1,3,28,inf
Random,10,6,1,3,29,inf
Random,10,6,1,3,30,inf
Random,10,6,1,3,31,inf
Random,10,6,1,3,32,inf
Random,10,6,1,3,33,inf
Random,10,6,1,3,34,inf
Random,10,6,1,3,35,inf
Random,10,6,1,3,36,inf
Random,10,6,1,3,37,inf
Random,10,6,1,3,38,inf
Random,10,6,1,3,39,inf
Random,10,6,1,3,40,inf
Random,10,6,1,3,41,inf
Random,10,6,1,3,42,inf
Random,10,6,1,3,43,inf
Random,10,6,1,3,44,inf
Random,10,6,1,3,45,inf
Random,10,6,1,3,46,inf
Random,10,6,1,3,47,inf
Random,10,6,1,3,48,inf
Random,10,6,1,3,49,inf
Random,10,6,1,3,50,inf
Random,10,6,1,3,51,inf
Random,10,6,1,3,52,inf
Random,10,6,1,3,53,inf
Random,10,6,1,3,54,inf
Random,10,6,1,3,55,inf
Random,10,6,1,3,56,inf
Random,10,6,1,3,57,inf
Random,10,6,1,3,58,inf
Random,10,6,1,3,59,inf
Random,10,6,1,3,60,inf
Random,10,6,1,3,61,inf
Random,10,6,1,3,62,inf
Random,10,6,1,3,63,inf
Random,10,6,1,3,64,inf
Random,10,6,1,3,65,inf
Random,10,6,1,3,66,inf
Random,10,6,1,3,67,inf
Random,10,6,1,3,68,inf
Random,10,6,1,3,69,inf
Random,10,6,1,3,70,inf
Random,10,6,1,3,71,inf
Random,10,6,1,3,72,inf
Random,10,6,1,3,73,inf
Random,10,6,1,3,74,inf
Random,10,6,1,3,75,inf
Random,10,6,1,3,76,inf
Random,10,6,1,3,77,inf
Random,10,6,1,3,78,inf
Random,10,6,1,3,79,inf
Random,10,6,1,3,80,inf
Random,10,6,1,3,81,inf
Random,10,6,1,3,82,inf
Random,10,6,1,3,83,inf
Random,10,6,1,3,84,inf
Random,10,6,1,3,85,inf
Random,10,6,1,3,86,inf
Random,10,6,1,3,87,inf
Random,10,6,1,3,88,inf
Random,10,6,1,3,89,inf
Random,10,6,1,3,90,inf
Random,10,6,1,3,91,inf
Random,10,6,1,3,92,inf
Random,10,6,1,3,93,inf
Random,10,6,1,3,94,inf
Random,10,6,1,3,95,inf
Random,10,6,1,3,96,inf
Random,10,6,1,3,97,inf
Random,10,6,1,3,98,inf
Random,10,6,1,3,99,inf
Random,10,6,1,3,100,inf
qLogEI,10,6,1,3,1,inf
qLogEI,10,6,1,3,2,inf
qLogEI,10,6,1,3,3,inf
qLogEI,10,6,1,3,4,inf
qLogEI,10,6,1,3,5,inf
qLogEI,10,6,1,3,6,inf
qLogEI,10,6,1,3,7,inf
qLogEI,10,6,1,3,8,inf
qLogEI,10,6,1,3,9,inf
qLogEI,10,6,1,3,10,inf
qLogEI,10,6,1,3,11,inf
qLogEI,10,6,1,3,12,inf
qLogEI,10,6,1,3,13,inf
qLogEI,10,6,1,3,14,inf
qLogEI,10,6,1,3,15,inf
qLogEI,10,6,1,3,16,inf
qLogEI,10,6,1,3,17,inf
qLogEI,10,6,1,3,18,inf
qLogEI,10,6,1,3,19,inf
qLogEI,10,6,1,3,20,inf
qLogEI,10,6,1,3,21,inf
qLogEI,10,6,1,3,22,inf
qLogEI,10,6,1,3,23,inf
qLogEI,10,6,1,3,24,inf
qLogEI,10,6,1,3,25,inf
qLogEI,10,6,1,3,26,inf
qLogEI,10,6,1,3,27,inf
qLogEI,10,6,1,3,28,inf
qLogEI,10,6,1,3,29,inf
qLogEI,10,6,1,3,30,inf
qLogEI,10,6,1,3,31,inf
qLogEI,10,6,1,3,32,inf
qLogEI,10,6,1,3,33,inf
qLogEI,10,6,1,3,34,inf
qLogEI,10,6,1,3,35,inf
qLogEI,10,6,1,3,36,inf
qLogEI,10,6,1,3,37,inf
qLogEI,10,6,1,3,38,inf
qLogEI,10,6,1,3,39,inf
qLogEI,10,6,1,3,40,inf
qLogEI,10,6,1,3,41,inf
qLogEI,10,6,1,3,42,inf
qLogEI,10,6,1,3,43,inf
qLogEI,10,6,1,3,44,inf
qLogEI,10,6,1,3,45,inf
qLogEI,10,6,1,3,46,inf
qLogEI,10,6,1,3,47,inf
qLogEI,10,6,1,3,48,inf
qLogEI,10,6,1,3,49,inf
qLogEI,10,6,1,3,50,inf
qLogEI,10,6,1,3,51,inf
qLogEI,10,6,1,3,52,inf
qLogEI,10,6,1,3,53,inf
qLogEI,10,6,1,3,54,inf
qLogEI,10,6,1,3,55,inf
qLogEI,10,6,1,3,56,inf
qLogEI,10,6,1,3,57,inf
qLogEI,10,6,1,3,58,inf
qLogEI,10,6,1,3,59,inf
qLogEI,10,6,1,3,60,inf
qLogEI,10,6,1,3,61,inf
qLogEI,10,6,1,3,62,inf
qLogEI,10,6,1,3,63,inf
qLogEI,10,6,1,3,64,inf
qLogEI,10,6,1,3,65,inf
qLogEI,10,6,1,3,66,inf
qLogEI,10,6,1,3,67,inf
qLogEI,10,6,1,3,68,inf
qLogEI,10,6,1,3,69,inf
qLogEI,10,6,1,3,70,inf
qLogEI,10,6,1,3,71,inf
qLogEI,10,6,1,3,72,inf
qLogEI,10,6,1,3,73,inf
qLogEI,10,6,1,3,74,inf
qLogEI,10,6,1,3,75,inf
qLogEI,10,6,1,3,76,inf
qLogEI,10,6,1,3,77,inf
qLogEI,10,6,1,3,78,inf
qLogEI,10,6,1,3,79,inf
qLogEI,10,6,1,3,80,inf
qLogEI,10,6,1,3,81,inf
qLogEI,10,6,1,3,82,inf
qLogEI,10,6,1,3,83,inf
qLogEI,10,6,1,3,84,inf
qLogEI,10,6,1,3,85,inf
qLogEI,10,6,1,3,86,inf
qLogEI,10,6,1,3,87,inf
qLogEI,10,6,1,3,88,inf
qLogEI,10,6,1,3,89,inf
qLogEI,10,6,1,3,90,inf
qLogEI,10,6,1,3,91,inf
qLogEI,10,6,1,3,92,inf
qLogEI,10,6,1,3,93,inf
qLogEI,10,6,1,3,94,inf
qLogEI,10,6,1,3,95,inf
qLogEI,10,6,1,3,96,inf
qLogEI,10,6,1,3,97,inf
qLogEI,10,6,1,3,98,inf
qLogEI,10,6,1,3,99,inf
qLogEI,10,6,1,3,100,inf
RL_Full,10,6,1,3,1,inf
RL_Full,10,6,1,3,2,inf
RL_Full,10,6,1,3,3,inf
RL_Full,10,6,1,3,4,inf
RL_Full,10,6,1,3,5,inf
RL_Full,10,6,1,3,6,inf
RL_Full,10,6,1,3,7,inf
RL_Full,10,6,1,3,8,inf
RL_Full,10,6,1,3,9,inf
RL_Full,10,6,1,3,10,inf
RL_Full,10,6,1,3,11,inf
RL_Full,10,6,1,3,12,inf
RL_Full,10,6,1,3,13,inf
RL_Full,10,6,1,3,14,inf
RL_Full,10,6,1,3,15,inf
RL_Full,10,6,1,3,16,inf
RL_Full,10,6,1,3,17,inf
RL_Full,10,6,1,3,18,inf
RL_Full,10,6,1,3,19,inf
RL_Full,10,6,1,3,20,inf
RL_Full,10,6,1,3,21,inf
RL_Full,10,6,1,3,22,inf
RL_Full,10,6,1,3,23,inf
RL_Full,10,6,1,3,24,inf
RL_Full,10,6,1,3,25,inf
RL_Full,10,6,1,3,26,inf
RL_Full,10,6,1,3,27,inf
RL_Full,10,6,1,3,28,inf
RL_Full,10,6,1,3,29,inf
RL_Full,10,6,1,3,30,inf
RL_Full,10,6,1,3,31,inf
RL_Full,10,6,1,3,32,inf
RL_Full,10,6,1,3,33,inf
RL_Full,10,6,1,3,34,inf
RL_Full,10,6,1,3,35,inf
RL_Full,10,6,1,3,36,inf
RL_Full,10,6,1,3,37,inf
RL_Full,10,6,1,3,38,inf
RL_Full,10,6,1,3,39,inf
RL_Full,10,6,1,3,40,inf
RL_Full,10,6,1,3,41,inf
RL_Full,10,6,1,3,42,inf
RL_Full,10,6,1,3,43,inf
RL_Full,10,6,1,3,44,inf
RL_Full,10,6,1,3,45,inf
RL_Full,10,6,1,3,46,inf
RL_Full,10,6,1,3,47,inf
RL_Full,10,6,1,3,48,inf
RL_Full,10,6,1,3,49,inf
RL_Full,10,6,1,3,50,inf
RL_Full,10,6,1,3,51,inf
RL_Full,10,6,1,3,52,inf
RL_Full,10,6,1,3,53,inf
RL_Full,10,6,1,3,54,inf
RL_Full,10,6,1,3,55,inf
RL_Full,10,6,1,3,56,inf
RL_Full,10,6,1,3,57,inf
RL_Full,10,6,1,3,58,inf
RL_Full,10,6,1,3,59,inf
RL_Full,10,6,1,3,60,inf
RL_Full,10,6,1,3,61,inf
RL_Full,10,6,1,3,62,inf
RL_Full,10,6,1,3,63,inf
RL_Full,10,6,1,3,64,inf
RL_Full,10,6,1,3,65,inf
RL_Full,10,6,1,3,66,inf
RL_Full,10,6,1,3,67,inf
RL_Full,10,6,1,3,68,inf
RL_Full,10,6,1,3,69,inf
RL_Full,10,6,1,3,70,inf
RL_Full,10,6,1,3,71,inf
RL_Full,10,6,1,3,72,inf
RL_Full,10,6,1,3,73,inf
RL_Full,10,6,1,3,74,inf
RL_Full,10,6,1,3,75,inf
RL_Full,10,6,1,3,76,inf
RL_Full,10,6,1,3,77,inf
RL_Full,10,6,1,3,78,inf
RL_Full,10,6,1,3,79,inf
RL_Full,10,6,1,3,80,inf
RL_Full,10,6,1,3,81,inf
RL_Full,10,6,1,3,82,inf
RL_Full,10,6,1,3,83,inf
RL_Full,10,6,1,3,84,inf
RL_Full,10,6,1,3,85,inf
RL_Full,10,6,1,3,86,inf
RL_Full,10,6,1,3,87,inf
RL_Full,10,6,1,3,88,inf
RL_Full,10,6,1,3,89,inf
RL_Full,10,6,1,3,90,inf
RL_Full,10,6,1,3,91,inf
RL_Full,10,6,1,3,92,inf
RL_Full,10,6,1,3,93,inf
RL_Full,10,6,1,3,94,inf
RL_Full,10,6,1,3,95,inf
RL_Full,10,6,1,3,96,inf
RL_Full,10,6,1,3,97,inf
RL_Full,10,6,1,3,98,inf
RL_Full,10,6,1,3,99,inf
RL_Full,10,6,1,3,100,inf
Random,10,6,1,4,1,inf
Random,10,6,1,4,2,inf
Random,10,6,1,4,3,inf
Random,10,6,1,4,4,inf
Random,10,6,1,4,5,inf
Random,10,6,1,4,6,inf
Random,10,6,1,4,7,inf
Random,10,6,1,4,8,inf
Random,10,6,1,4,9,inf
Random,10,6,1,4,10,inf
Random,10,6,1,4,11,inf
Random,10,6,1,4,12,inf
Random,10,6,1,4,13,inf
Random,10,6,1,4,14,inf
Random,10,6,1,4,15,inf
Random,10,6,1,4,16,inf
Random,10,6,1,4,17,inf
Random,10,6,1,4,18,inf
Random,10,6,1,4,19,inf
Random,10,6,1,4,20,inf
Random,10,6,1,4,21,inf
Random,10,6,1,4,22,inf
Random,10,6,1,4,23,inf
Random,10,6,1,4,24,inf
Random,10,6,1,4,25,inf
Random,10,6,1,4,26,inf
Random,10,6,1,4,27,inf
Random,10,6,1,4,28,inf
Random,10,6,1,4,29,inf
Random,10,6,1,4,30,inf
Random,10,6,1,4,31,inf
Random,10,6,1,4,32,inf
Random,10,6,1,4,33,inf
Random,10,6,1,4,34,inf
Random,10,6,1,4,35,inf
Random,10,6,1,4,36,inf
Random,10,6,1,4,37,inf
Random,10,6,1,4,38,inf
Random,10,6,1,4,39,inf
Random,10,6,1,4,40,inf
Random,10,6,1,4,41,inf
Random,10,6,1,4,42,inf
Random,10,6,1,4,43,inf
Random,10,6,1,4,44,inf
Random,10,6,1,4,45,inf
Random,10,6,1,4,46,inf
Random,10,6,1,4,47,inf
Random,10,6,1,4,48,inf
Random,10,6,1,4,49,inf
Random,10,6,1,4,50,inf
Random,10,6,1,4,51,inf
Random,10,6,1,4,52,inf
Random,10,6,1,4,53,inf
Random,10,6,1,4,54,inf
Random,10,6,1,4,55,inf
Random,10,6,1,4,56,inf
Random,10,6,1,4,57,inf
Random,10,6,1,4,58,inf
Random,10,6,1,4,59,inf
Random,10,6,1,4,60,inf
Random,10,6,1,4,61,inf
Random,10,6,1,4,62,inf
Random,10,6,1,4,63,inf
Random,10,6,1,4,64,inf
Random,10,6,1,4,65,inf
Random,10,6,1,4,66,inf
Random,10,6,1,4,67,inf
Random,10,6,1,4,68,inf
Random,10,6,1,4,69,inf
Random,10,6,1,4,70,inf
Random,10,6,1,4,71,inf
Random,10,6,1,4,72,inf
Random,10,6,1,4,73,inf
Random,10,6,1,4,74,inf
Random,10,6,1,4,75,inf
Random,10,6,1,4,76,inf
Random,10,6,1,4,77,inf
Random,10,6,1,4,78,inf
Random,10,6,1,4,79,inf
Random,10,6,1,4,80,inf
Random,10,6,1,4,81,inf
Random,10,6,1,4,82,inf
Random,10,6,1,4,83,inf
Random,10,6,1,4,84,inf
Random,10,6,1,4,85,inf
Random,10,6,1,4,86,inf
Random,10,6,1,4,87,inf
Random,10,6,1,4,88,inf
Random,10,6,1,4,89,inf
Random,10,6,1,4,90,inf
Random,10,6,1,4,91,inf
Random,10,6,1,4,92,inf
Random,10,6,1,4,93,inf
Random,10,6,1,4,94,inf
Random,10,6,1,4,95,inf
Random,10,6,1,4,96,inf
Random,10,6,1,4,97,inf
Random,10,6,1,4,98,inf
Random,10,6,1,4,99,inf
Random,10,6,1,4,100,inf
qLogEI,10,6,1,4,1,inf
qLogEI,10,6,1,4,2,inf
qLogEI,10,6,1,4,3,inf
qLogEI,10,6,1,4,4,inf
qLogEI,10,6,1,4,5,inf
qLogEI,10,6,1,4,6,inf
qLogEI,10,6,1,4,7,inf
qLogEI,10,6,1,4,8,inf
qLogEI,10,6,1,4,9,inf
qLogEI,10,6,1,4,10,inf
qLogEI,10,6,1,4,11,inf
qLogEI,10,6,1,4,12,inf
qLogEI,10,6,1,4,13,inf
qLogEI,10,6,1,4,14,inf
qLogEI,10,6,1,4,15,inf
qLogEI,10,6,1,4,16,inf
qLogEI,10,6,1,4,17,inf
qLogEI,10,6,1,4,18,inf
qLogEI,10,6,1,4,19,inf
qLogEI,10,6,1,4,20,inf
qLogEI,10,6,1,4,21,inf
qLogEI,10,6,1,4,22,inf
qLogEI,10,6,1,4,23,inf
qLogEI,10,6,1,4,24,inf
qLogEI,10,6,1,4,25,inf
qLogEI,10,6,1,4,26,inf
qLogEI,10,6,1,4,27,inf
qLogEI,10,6,1,4,28,inf
qLogEI,10,6,1,4,29,inf
qLogEI,10,6,1,4,30,inf
qLogEI,10,6,1,4,31,inf
qLogEI,10,6,1,4,32,inf
qLogEI,10,6,1,4,33,inf
qLogEI,10,6,1,4,34,inf
qLogEI,10,6,1,4,35,inf
qLogEI,10,6,1,4,36,inf
qLogEI,10,6,1,4,37,inf
qLogEI,10,6,1,4,38,inf
qLogEI,10,6,1,4,39,inf
qLogEI,10,6,1,4,40,inf
qLogEI,10,6,1,4,41,inf
qLogEI,10,6,1,4,42,inf
qLogEI,10,6,1,4,43,inf
qLogEI,10,6,1,4,44,inf
qLogEI,10,6,1,4,45,inf
qLogEI,10,6,1,4,46,inf
qLogEI,10,6,1,4,47,inf
qLogEI,10,6,1,4,48,inf
qLogEI,10,6,1,4,49,inf
qLogEI,10,6,1,4,50,inf
qLogEI,10,6,1,4,51,inf
qLogEI,10,6,1,4,52,inf
qLogEI,10,6,1,4,53,inf
qLogEI,10,6,1,4,54,inf
qLogEI,10,6,1,4,55,inf
qLogEI,10,6,1,4,56,inf
qLogEI,10,6,1,4,57,inf
qLogEI,10,6,1,4,58,inf
qLogEI,10,6,1,4,59,inf
qLogEI,10,6,1,4,60,inf
qLogEI,10,6,1,4,61,inf
qLogEI,10,6,1,4,62,inf
qLogEI,10,6,1,4,63,inf
qLogEI,10,6,1,4,64,inf
qLogEI,10,6,1,4,65,inf
qLogEI,10,6,1,4,66,inf
qLogEI,10,6,1,4,67,inf
qLogEI,10,6,1,4,68,inf
qLogEI,10,6,1,4,69,inf
qLogEI,10,6,1,4,70,inf
qLogEI,10,6,1,4,71,inf
qLogEI,10,6,1,4,72,inf
qLogEI,10,6,1,4,73,inf
qLogEI,10,6,1,4,74,inf
qLogEI,10,6,1,4,75,inf
qLogEI,10,6,1,4,76,inf
qLogEI,10,6,1,4,77,inf
qLogEI,10,6,1,4,78,inf
qLogEI,10,6,1,4,79,inf
qLogEI,10,6,1,4,80,inf
qLogEI,10,6,1,4,81,inf
qLogEI,10,6,1,4,82,inf
qLogEI,10,6,1,4,83,inf
qLogEI,10,6,1,4,84,inf
qLogEI,10,6,1,4,85,inf
qLogEI,10,6,1,4,86,inf
qLogEI,10,6,1,4,87,inf
qLogEI,10,6,1,4,88,inf
qLogEI,10,6,1,4,89,inf
qLogEI,10,6,1,4,90,inf
qLogEI,10,6,1,4,91,inf
qLogEI,10,6,1,4,92,inf
qLogEI,10,6,1,4,93,inf
qLogEI,10,6,1,4,94,inf
qLogEI,10,6,1,4,95,inf
qLogEI,10,6,1,4,96,inf
qLogEI,10,6,1,4,97,inf
qLogEI,10,6,1,4,98,inf
qLogEI,10,6,1,4,99,inf
qLogEI,10,6,1,4,100,inf
RL_Full,10,6,1,4,1,inf
RL_Full,10,6,1,4,2,inf
RL_Full,10,6,1,4,3,inf
RL_Full,10,6,1,4,4,inf
RL_Full,10,6,1,4,5,inf
RL_Full,10,6,1,4,6,inf
RL_Full,10,6,1,4,7,inf
RL_Full,10,6,1,4,8,inf
RL_Full,10,6,1,4,9,inf
RL_Full,10,6,1,4,10,inf
RL_Full,10,6,1,4,11,inf
RL_Full,10,6,1,4,12,inf
RL_Full,10,6,1,4,13,inf
RL_Full,10,6,1,4,14,inf
RL_Full,10,6,1,4,15,inf
RL_Full,10,6,1,4,16,inf
RL_Full,10,6,1,4,17,inf
RL_Full,10,6,1,4,18,inf
RL_Full,10,6,1,4,19,inf
RL_Full,10,6,1,4,20,inf
RL_Full,10,6,1,4,21,inf
RL_Full,10,6,1,4,22,inf
RL_Full,10,6,1,4,23,inf
RL_Full,10,6,1,4,24,inf
RL_Full,10,6,1,4,25,inf
RL_Full,10,6,1,4,26,inf
RL_Full,10,6,1,4,27,inf
RL_Full,10,6,1,4,28,inf
RL_Full,10,6,1,4,29,inf
RL_Full,10,6,1,4,30,inf
RL_Full,10,6,1,4,31,inf
RL_Full,10,6,1,4,32,inf
RL_Full,10,6,1,4,33,inf
RL_Full,10,6,1,4,34,inf
RL_Full,10,6,1,4,35,inf
RL_Full,10,6,1,4,36,inf
RL_Full,10,6,1,4,37,inf
RL_Full,10,6,1,4,38,inf
RL_Full,10,6,1,4,39,inf
RL_Full,10,6,1,4,40,inf
RL_Full,10,6,1,4,41,inf
RL_Full,10,6,1,4,42,inf
RL_Full,10,6,1,4,43,inf
RL_Full,10,6,1,4,44,inf
RL_Full,10,6,1,4,45,inf
RL_Full,10,6,1,4,46,inf
RL_Full,10,6,1,4,47,inf
RL_Full,10,6,1,4,48,inf
RL_Full,10,6,1,4,49,inf
RL_Full,10,6,1,4,50,inf
RL_Full,10,6,1,4,51,inf
RL_Full,10,6,1,4,52,inf
RL_Full,10,6,1,4,53,inf
RL_Full,10,6,1,4,54,inf
RL_Full,10,6,1,4,55,inf
RL_Full,10,6,1,4,56,inf
RL_Full,10,6,1,4,57,inf
RL_Full,10,6,1,4,58,inf
RL_Full,10,6,1,4,59,inf
RL_Full,10,6,1,4,60,inf
RL_Full,10,6,1,4,61,inf
RL_Full,10,6,1,4,62,inf
RL_Full,10,6,1,4,63,inf
RL_Full,10,6,1,4,64,inf
RL_Full,10,6,1,4,65,inf
RL_Full,10,6,1,4,66,inf
RL_Full,10,6,1,4,67,inf
RL_Full,10,6,1,4,68,inf
RL_Full,10,6,1,4,69,inf
RL_Full,10,6,1,4,70,inf
RL_Full,10,6,1,4,71,inf
RL_Full,10,6,1,4,72,inf
RL_Full,10,6,1,4,73,inf
RL_Full,10,6,1,4,74,inf
RL_Full,10,6,1,4,75,inf
RL_Full,10,6,1,4,76,inf
RL_Full,10,6,1,4,77,inf
RL_Full,10,6,1,4,78,inf
RL_Full,10,6,1,4,79,inf
RL_Full,10,6,1,4,80,inf
RL_Full,10,6,1,4,81,inf
RL_Full,10,6,1,4,82,inf
RL_Full,10,6,1,4,83,inf
RL_Full,10,6,1,4,84,inf
RL_Full,10,6,1,4,85,inf
RL_Full,10,6,1,4,86,inf
RL_Full,10,6,1,4,87,inf
RL_Full,10,6,1,4,88,inf
RL_Full,10,6,1,4,89,inf
RL_Full,10,6,1,4,90,inf
RL_Full,10,6,1,4,91,inf
RL_Full,10,6,1,4,92,inf
RL_Full,10,6,1,4,93,inf
RL_Full,10,6,1,4,94,inf
RL_Full,10,6,1,4,95,inf
RL_Full,10,6,1,4,96,inf
RL_Full,10,6,1,4,97,inf
RL_Full,10,6,1,4,98,inf
RL_Full,10,6,1,4,99,inf
RL_Full,10,6,1,4,100,inf
Random,10,6,2,0,1,inf
Random,10,6,2,0,2,inf
Random,10,6,2,0,3,inf
Random,10,6,2,0,4,inf
Random,10,6,2,0,5,inf
Random,10,6,2,0,6,inf
Random,10,6,2,0,7,inf
Random,10,6,2,0,8,inf
Random,10,6,2,0,9,inf
Random,10,6,2,0,10,inf
Random,10,6,2,0,11,inf
Random,10,6,2,0,12,inf
Random,10,6,2,0,13,inf
Random,10,6,2,0,14,inf
Random,10,6,2,0,15,inf
Random,10,6,2,0,16,inf
Random,10,6,2,0,17,inf
Random,10,6,2,0,18,inf
Random,10,6,2,0,19,inf
Random,10,6,2,0,20,inf
Random,10,6,2,0,21,inf
Random,10,6,2,0,22,inf
Random,10,6,2,0,23,inf
Random,10,6,2,0,24,inf
Random,10,6,2,0,25,inf
Random,10,6,2,0,26,inf
Random,10,6,2,0,27,inf
Random,10,6,2,0,28,inf
Random,10,6,2,0,29,inf
Random,10,6,2,0,30,inf
Random,10,6,2,0,31,inf
Random,10,6,2,0,32,inf
Random,10,6,2,0,33,inf
Random,10,6,2,0,34,inf
Random,10,6,2,0,35,inf
Random,10,6,2,0,36,inf
Random,10,6,2,0,37,inf
Random,10,6,2,0,38,inf
Random,10,6,2,0,39,inf
Random,10,6,2,0,40,inf
Random,10,6,2,0,41,inf
Random,10,6,2,0,42,inf
Random,10,6,2,0,43,inf
Random,10,6,2,0,44,inf
Random,10,6,2,0,45,inf
Random,10,6,2,0,46,inf
Random,10,6,2,0,47,inf
Random,10,6,2,0,48,inf
Random,10,6,2,0,49,inf
Random,10,6,2,0,50,inf
Random,10,6,2,0,51,inf
Random,10,6,2,0,52,inf
Random,10,6,2,0,53,inf
Random,10,6,2,0,54,inf
Random,10,6,2,0,55,inf
Random,10,6,2,0,56,inf
Random,10,6,2,0,57,inf
Random,10,6,2,0,58,inf
Random,10,6,2,0,59,inf
Random,10,6,2,0,60,inf
Random,10,6,2,0,61,inf
Random,10,6,2,0,62,inf
Random,10,6,2,0,63,inf
Random,10,6,2,0,64,inf
Random,10,6,2,0,65,inf
Random,10,6,2,0,66,inf
Random,10,6,2,0,67,inf
Random,10,6,2,0,68,inf
Random,10,6,2,0,69,inf
Random,10,6,2,0,70,inf
Random,10,6,2,0,71,inf
Random,10,6,2,0,72,inf
Random,10,6,2,0,73,inf
Random,10,6,2,0,74,inf
Random,10,6,2,0,75,inf
Random,10,6,2,0,76,inf
Random,10,6,2,0,77,inf
Random,10,6,2,0,78,inf
Random,10,6,2,0,79,inf
Random,10,6,2,0,80,inf
Random,10,6,2,0,81,inf
Random,10,6,2,0,82,inf
Random,10,6,2,0,83,inf
Random,10,6,2,0,84,inf
Random,10,6,2,0,85,inf
Random,10,6,2,0,86,inf
Random,10,6,2,0,87,inf
Random,10,6,2,0,88,inf
Random,10,6,2,0,89,inf
Random,10,6,2,0,90,inf
Random,10,6,2,0,91,inf
Random,10,6,2,0,92,inf
Random,10,6,2,0,93,inf
Random,10,6,2,0,94,inf
Random,10,6,2,0,95,inf
Random,10,6,2,0,96,inf
Random,10,6,2,0,97,inf
Random,10,6,2,0,98,inf
Random,10,6,2,0,99,inf
Random,10,6,2,0,100,inf
qLogEI,10,6,2,0,1,inf
qLogEI,10,6,2,0,2,inf
qLogEI,10,6,2,0,3,inf
qLogEI,10,6,2,0,4,inf
qLogEI,10,6,2,0,5,inf
qLogEI,10,6,2,0,6,inf
qLogEI,10,6,2,0,7,inf
qLogEI,10,6,2,0,8,inf
qLogEI,10,6,2,0,9,inf
qLogEI,10,6,2,0,10,inf
qLogEI,10,6,2,0,11,inf
qLogEI,10,6,2,0,12,inf
qLogEI,10,6,2,0,13,inf
qLogEI,10,6,2,0,14,inf
qLogEI,10,6,2,0,15,inf
qLogEI,10,6,2,0,16,inf
qLogEI,10,6,2,0,17,inf
qLogEI,10,6,2,0,18,inf
qLogEI,10,6,2,0,19,inf
qLogEI,10,6,2,0,20,inf
qLogEI,10,6,2,0,21,inf
qLogEI,10,6,2,0,22,inf
qLogEI,10,6,2,0,23,inf
qLogEI,10,6,2,0,24,inf
qLogEI,10,6,2,0,25,inf
qLogEI,10,6,2,0,26,inf
qLogEI,10,6,2,0,27,inf
qLogEI,10,6,2,0,28,inf
qLogEI,10,6,2,0,29,inf
qLogEI,10,6,2,0,30,inf
qLogEI,10,6,2,0,31,inf
qLogEI,10,6,2,0,32,inf
qLogEI,10,6,2,0,33,inf
qLogEI,10,6,2,0,34,inf
qLogEI,10,6,2,0,35,inf
qLogEI,10,6,2,0,36,inf
qLogEI,10,6,2,0,37,inf
qLogEI,10,6,2,0,38,inf
qLogEI,10,6,2,0,39,inf
qLogEI,10,6,2,0,40,inf
qLogEI,10,6,2,0,41,inf
qLogEI,10,6,2,0,42,inf
qLogEI,10,6,2,0,43,inf
qLogEI,10,6,2,0,44,inf
qLogEI,10,6,2,0,45,inf
qLogEI,10,6,2,0,46,inf
qLogEI,10,6,2,0,47,inf
qLogEI,10,6,2,0,48,inf
qLogEI,10,6,2,0,49,inf
qLogEI,10,6,2,0,50,inf
qLogEI,10,6,2,0,51,inf
qLogEI,10,6,2,0,52,inf
qLogEI,10,6,2,0,53,inf
qLogEI,10,6,2,0,54,inf
qLogEI,10,6,2,0,55,inf
qLogEI,10,6,2,0,56,inf
qLogEI,10,6,2,0,57,inf
qLogEI,10,6,2,0,58,inf
qLogEI,10,6,2,0,59,inf
qLogEI,10,6,2,0,60,inf
qLogEI,10,6,2,0,61,inf
qLogEI,10,6,2,0,62,inf
qLogEI,10,6,2,0,63,inf
qLogEI,10,6,2,0,64,inf
qLogEI,10,6,2,0,65,inf
qLogEI,10,6,2,0,66,inf
qLogEI,10,6,2,0,67,inf
qLogEI,10,6,2,0,68,inf
qLogEI,10,6,2,0,69,inf
qLogEI,10,6,2,0,70,inf
qLogEI,10,6,2,0,71,inf
qLogEI,10,6,2,0,72,inf
qLogEI,10,6,2,0,73,inf
qLogEI,10,6,2,0,74,inf
qLogEI,10,6,2,0,75,inf
qLogEI,10,6,2,0,76,inf
qLogEI,10,6,2,0,77,inf
qLogEI,10,6,2,0,78,inf
qLogEI,10,6,2,0,79,inf
qLogEI,10,6,2,0,80,inf
qLogEI,10,6,2,0,81,inf
qLogEI,10,6,2,0,82,inf
qLogEI,10,6,2,0,83,inf
qLogEI,10,6,2,0,84,inf
qLogEI,10,6,2,0,85,inf
qLogEI,10,6,2,0,86,inf
qLogEI,10,6,2,0,87,inf
qLogEI,10,6,2,0,88,inf
qLogEI,10,6,2,0,89,inf
qLogEI,10,6,2,0,90,inf
qLogEI,10,6,2,0,91,inf
qLogEI,10,6,2,0,92,inf
qLogEI,10,6,2,0,93,inf
qLogEI,10,6,2,0,94,inf
qLogEI,10,6,2,0,95,inf
qLogEI,10,6,2,0,96,inf
qLogEI,10,6,2,0,97,inf
qLogEI,10,6,2,0,98,inf
qLogEI,10,6,2,0,99,inf
qLogEI,10,6,2,0,100,inf
RL_Full,10,6,2,0,1,inf
RL_Full,10,6,2,0,2,inf
RL_Full,10,6,2,0,3,inf
RL_Full,10,6,2,0,4,inf
RL_Full,10,6,2,0,5,inf
RL_Full,10,6,2,0,6,inf
RL_Full,10,6,2,0,7,inf
RL_Full,10,6,2,0,8,inf
RL_Full,10,6,2,0,9,inf
RL_Full,10,6,2,0,10,inf
RL_Full,10,6,2,0,11,inf
RL_Full,10,6,2,0,12,inf
RL_Full,10,6,2,0,13,inf
RL_Full,10,6,2,0,14,inf
RL_Full,10,6,2,0,15,inf
RL_Full,10,6,2,0,16,inf
RL_Full,10,6,2,0,17,inf
RL_Full,10,6,2,0,18,inf
RL_Full,10,6,2,0,19,inf
RL_Full,10,6,2,0,20,inf
RL_Full,10,6,2,0,21,inf
RL_Full,10,6,2,0,22,inf
RL_Full,10,6,2,0,23,inf
RL_Full,10,6,2,0,24,inf
RL_Full,10,6,2,0,25,inf
RL_Full,10,6,2,0,26,inf
RL_Full,10,6,2,0,27,inf
RL_Full,10,6,2,0,28,inf
RL_Full,10,6,2,0,29,inf
RL_Full,10,6,2,0,30,inf
RL_Full,10,6,2,0,31,inf
RL_Full,10,6,2,0,32,inf
RL_Full,10,6,2,0,33,inf
RL_Full,10,6,2,0,34,inf
RL_Full,10,6,2,0,35,inf
RL_Full,10,6,2,0,36,inf
RL_Full,10,6,2,0,37,inf
RL_Full,10,6,2,0,38,inf
RL_Full,10,6,2,0,39,inf
RL_Full,10,6,2,0,40,inf
RL_Full,10,6,2,0,41,inf
RL_Full,10,6,2,0,42,inf
RL_Full,10,6,2,0,43,inf
RL_Full,10,6,2,0,44,inf
RL_Full,10,6,2,0,45,inf
RL_Full,10,6,2,0,46,inf
RL_Full,10,6,2,0,47,inf
RL_Full,10,6,2,0,48,inf
RL_Full,10,6,2,0,49,inf
RL_Full,10,6,2,0,50,inf
RL_Full,10,6,2,0,51,inf
RL_Full,10,6,2,0,52,inf
RL_Full,10,6,2,0,53,inf
RL_Full,10,6,2,0,54,inf
RL_Full,10,6,2,0,55,inf
RL_Full,10,6,2,0,56,inf
RL_Full,10,6,2,0,57,inf
RL_Full,10,6,2,0,58,inf
RL_Full,10,6,2,0,59,inf
RL_Full,10,6,2,0,60,inf
RL_Full,10,6,2,0,61,inf
RL_Full,10,6,2,0,62,inf
RL_Full,10,6,2,0,63,inf
RL_Full,10,6,2,0,64,inf
RL_Full,10,6,2,0,65,inf
RL_Full,10,6,2,0,66,inf
RL_Full,10,6,2,0,67,inf
RL_Full,10,6,2,0,68,inf
RL_Full,10,6,2,0,69,inf
RL_Full,10,6,2,0,70,inf
RL_Full,10,6,2,0,71,inf
RL_Full,10,6,2,0,72,inf
RL_Full,10,6,2,0,73,inf
RL_Full,10,6,2,0,74,inf
RL_Full,10,6,2,0,75,inf
RL_Full,10,6,2,0,76,inf
RL_Full,10,6,2,0,77,inf
RL_Full,10,6,2,0,78,inf
RL_Full,10,6,2,0,79,inf
RL_Full,10,6,2,0,80,inf
RL_Full,10,6,2,0,81,inf
RL_Full,10,6,2,0,82,inf
RL_Full,10,6,2,0,83,inf
RL_Full,10,6,2,0,84,inf
RL_Full,10,6,2,0,85,inf
RL_Full,10,6,2,0,86,inf
RL_Full,10,6,2,0,87,inf
RL_Full,10,6,2,0,88,inf
RL_Full,10,6,2,0,89,inf
RL_Full,10,6,2,0,90,inf
RL_Full,10,6,2,0,91,inf
RL_Full,10,6,2,0,92,inf
RL_Full,10,6,2,0,93,inf
RL_Full,10,6,2,0,94,inf
RL_Full,10,6,2,0,95,inf
RL_Full,10,6,2,0,96,inf
RL_Full,10,6,2,0,97,inf
RL_Full,10,6,2,0,98,inf
RL_Full,10,6,2,0,99,inf
RL_Full,10,6,2,0,100,inf
Random,10,6,2,1,1,inf
Random,10,6,2,1,2,inf
Random,10,6,2,1,3,inf
Random,10,6,2,1,4,inf
Random,10,6,2,1,5,inf
Random,10,6,2,1,6,inf
Random,10,6,2,1,7,inf
Random,10,6,2,1,8,inf
Random,10,6,2,1,9,inf
Random,10,6,2,1,10,inf
Random,10,6,2,1,11,inf
Random,10,6,2,1,12,inf
Random,10,6,2,1,13,inf
Random,10,6,2,1,14,inf
Random,10,6,2,1,15,inf
Random,10,6,2,1,16,inf
Random,10,6,2,1,17,inf
Random,10,6,2,1,18,inf
Random,10,6,2,1,19,inf
Random,10,6,2,1,20,inf
Random,10,6,2,1,21,inf
Random,10,6,2,1,22,inf
Random,10,6,2,1,23,inf
Random,10,6,2,1,24,inf
Random,10,6,2,1,25,inf
Random,10,6,2,1,26,inf
Random,10,6,2,1,27,inf
Random,10,6,2,1,28,inf
Random,10,6,2,1,29,inf
Random,10,6,2,1,30,inf
Random,10,6,2,1,31,inf
Random,10,6,2,1,32,inf
Random,10,6,2,1,33,inf
Random,10,6,2,1,34,inf
Random,10,6,2,1,35,inf
Random,10,6,2,1,36,inf
Random,10,6,2,1,37,inf
Random,10,6,2,1,38,inf
Random,10,6,2,1,39,inf
Random,10,6,2,1,40,inf
Random,10,6,2,1,41,inf
Random,10,6,2,1,42,inf
Random,10,6,2,1,43,inf
Random,10,6,2,1,44,inf
Random,10,6,2,1,45,inf
Random,10,6,2,1,46,inf
Random,10,6,2,1,47,inf
Random,10,6,2,1,48,inf
Random,10,6,2,1,49,inf
Random,10,6,2,1,50,inf
Random,10,6,2,1,51,inf
Random,10,6,2,1,52,inf
Random,10,6,2,1,53,inf
Random,10,6,2,1,54,inf
Random,10,6,2,1,55,inf
Random,10,6,2,1,56,inf
Random,10,6,2,1,57,inf
Random,10,6,2,1,58,inf
Random,10,6,2,1,59,inf
Random,10,6,2,1,60,inf
Random,10,6,2,1,61,inf
Random,10,6,2,1,62,inf
Random,10,6,2,1,63,inf
Random,10,6,2,1,64,inf
Random,10,6,2,1,65,inf
Random,10,6,2,1,66,inf
Random,10,6,2,1,67,inf
Random,10,6,2,1,68,inf
Random,10,6,2,1,69,inf
Random,10,6,2,1,70,inf
Random,10,6,2,1,71,inf
Random,10,6,2,1,72,inf
Random,10,6,2,1,73,inf
Random,10,6,2,1,74,inf
Random,10,6,2,1,75,inf
Random,10,6,2,1,76,inf
Random,10,6,2,1,77,inf
Random,10,6,2,1,78,inf
Random,10,6,2,1,79,inf
Random,10,6,2,1,80,inf
Random,10,6,2,1,81,inf
Random,10,6,2,1,82,inf
Random,10,6,2,1,83,inf
Random,10,6,2,1,84,inf
Random,10,6,2,1,85,inf
Random,10,6,2,1,86,inf
Random,10,6,2,1,87,inf
Random,10,6,2,1,88,inf
Random,10,6,2,1,89,inf
Random,10,6,2,1,90,inf
Random,10,6,2,1,91,inf
Random,10,6,2,1,92,inf
Random,10,6,2,1,93,inf
Random,10,6,2,1,94,inf
Random,10,6,2,1,95,inf
Random,10,6,2,1,96,inf
Random,10,6,2,1,97,inf
Random,10,6,2,1,98,inf
Random,10,6,2,1,99,inf
Random,10,6,2,1,100,inf
qLogEI,10,6,2,1,1,inf
qLogEI,10,6,2,1,2,inf
qLogEI,10,6,2,1,3,inf
qLogEI,10,6,2,1,4,inf
qLogEI,10,6,2,1,5,inf
qLogEI,10,6,2,1,6,inf
qLogEI,10,6,2,1,7,inf
qLogEI,10,6,2,1,8,inf
qLogEI,10,6,2,1,9,inf
qLogEI,10,6,2,1,10,inf
qLogEI,10,6,2,1,11,inf
qLogEI,10,6,2,1,12,inf
qLogEI,10,6,2,1,13,inf
qLogEI,10,6,2,1,14,inf
qLogEI,10,6,2,1,15,inf
qLogEI,10,6,2,1,16,inf
qLogEI,10,6,2,1,17,inf
qLogEI,10,6,2,1,18,inf
qLogEI,10,6,2,1,19,inf
qLogEI,10,6,2,1,20,inf
qLogEI,10,6,2,1,21,inf
qLogEI,10,6,2,1,22,inf
qLogEI,10,6,2,1,23,inf
qLogEI,10,6,2,1,24,inf
qLogEI,10,6,2,1,25,inf
qLogEI,10,6,2,1,26,inf
qLogEI,10,6,2,1,27,inf
qLogEI,10,6,2,1,28,inf
qLogEI,10,6,2,1,29,inf
qLogEI,10,6,2,1,30,inf
qLogEI,10,6,2,1,31,inf
qLogEI,10,6,2,1,32,inf
qLogEI,10,6,2,1,33,inf
qLogEI,10,6,2,1,34,inf
qLogEI,10,6,2,1,35,inf
qLogEI,10,6,2,1,36,inf
qLogEI,10,6,2,1,37,inf
qLogEI,10,6,2,1,38,inf
qLogEI,10,6,2,1,39,inf
qLogEI,10,6,2,1,40,inf
qLogEI,10,6,2,1,41,inf
qLogEI,10,6,2,1,42,inf
qLogEI,10,6,2,1,43,inf
qLogEI,10,6,2,1,44,inf
qLogEI,10,6,2,1,45,inf
qLogEI,10,6,2,1,46,inf
qLogEI,10,6,2,1,47,inf
qLogEI,10,6,2,1,48,inf
qLogEI,10,6,2,1,49,inf
qLogEI,10,6,2,1,50,inf
qLogEI,10,6,2,1,51,inf
qLogEI,10,6,2,1,52,inf
qLogEI,10,6,2,1,53,inf
qLogEI,10,6,2,1,54,inf
qLogEI,10,6,2,1,55,inf
qLogEI,10,6,2,1,56,inf
qLogEI,10,6,2,1,57,inf
qLogEI,10,6,2,1,58,inf
qLogEI,10,6,2,1,59,inf
qLogEI,10,6,2,1,60,inf
qLogEI,10,6,2,1,61,inf
qLogEI,10,6,2,1,62,inf
qLogEI,10,6,2,1,63,inf
qLogEI,10,6,2,1,64,inf
qLogEI,10,6,2,1,65,inf
qLogEI,10,6,2,1,66,inf
qLogEI,10,6,2,1,67,inf
qLogEI,10,6,2,1,68,inf
qLogEI,10,6,2,1,69,inf
qLogEI,10,6,2,1,70,inf
qLogEI,10,6,2,1,71,inf
qLogEI,10,6,2,1,72,inf
qLogEI,10,6,2,1,73,inf
qLogEI,10,6,2,1,74,inf
qLogEI,10,6,2,1,75,inf
qLogEI,10,6,2,1,76,inf
qLogEI,10,6,2,1,77,inf
qLogEI,10,6,2,1,78,inf
qLogEI,10,6,2,1,79,inf
qLogEI,10,6,2,1,80,inf
qLogEI,10,6,2,1,81,inf
qLogEI,10,6,2,1,82,inf
qLogEI,10,6,2,1,83,inf
qLogEI,10,6,2,1,84,inf
qLogEI,10,6,2,1,85,inf
qLogEI,10,6,2,1,86,inf
qLogEI,10,6,2,1,87,inf
qLogEI,10,6,2,1,88,inf
qLogEI,10,6,2,1,89,inf
qLogEI,10,6,2,1,90,inf
qLogEI,10,6,2,1,91,inf
qLogEI,10,6,2,1,92,inf
qLogEI,10,6,2,1,93,inf
qLogEI,10,6,2,1,94,inf
qLogEI,10,6,2,1,95,inf
qLogEI,10,6,2,1,96,inf
qLogEI,10,6,2,1,97,inf
qLogEI,10,6,2,1,98,inf
qLogEI,10,6,2,1,99,inf
qLogEI,10,6,2,1,100,inf
RL_Full,10,6,2,1,1,inf
RL_Full,10,6,2,1,2,inf
RL_Full,10,6,2,1,3,inf
RL_Full,10,6,2,1,4,inf
RL_Full,10,6,2,1,5,inf
RL_Full,10,6,2,1,6,inf
RL_Full,10,6,2,1,7,inf
RL_Full,10,6,2,1,8,inf
RL_Full,10,6,2,1,9,inf
RL_Full,10,6,2,1,10,inf
RL_Full,10,6,2,1,11,inf
RL_Full,10,6,2,1,12,inf
RL_Full,10,6,2,1,13,inf
RL_Full,10,6,2,1,14,inf
RL_Full,10,6,2,1,15,inf
RL_Full,10,6,2,1,16,inf
RL_Full,10,6,2,1,17,inf
RL_Full,10,6,2,1,18,inf
RL_Full,10,6,2,1,19,inf
RL_Full,10,6,2,1,20,inf
RL_Full,10,6,2,1,21,inf
RL_Full,10,6,2,1,22,inf
RL_Full,10,6,2,1,23,inf
RL_Full,10,6,2,1,24,inf
RL_Full,10,6,2,1,25,inf
RL_Full,10,6,2,1,26,inf
RL_Full,10,6,2,1,27,inf
RL_Full,10,6,2,1,28,inf
RL_Full,10,6,2,1,29,inf
RL_Full,10,6,2,1,30,inf
RL_Full,10,6,2,1,31,inf
RL_Full,10,6,2,1,32,inf
RL_Full,10,6,2,1,33,inf
RL_Full,10,6,2,1,34,inf
RL_Full,10,6,2,1,35,inf
RL_Full,10,6,2,1,36,inf
RL_Full,10,6,2,1,37,inf
RL_Full,10,6,2,1,38,inf
RL_Full,10,6,2,1,39,inf
RL_Full,10,6,2,1,40,inf
RL_Full,10,6,2,1,41,inf
RL_Full,10,6,2,1,42,inf
RL_Full,10,6,2,1,43,inf
RL_Full,10,6,2,1,44,inf
RL_Full,10,6,2,1,45,inf
RL_Full,10,6,2,1,46,inf
RL_Full,10,6,2,1,47,inf
RL_Full,10,6,2,1,48,inf
RL_Full,10,6,2,1,49,inf
RL_Full,10,6,2,1,50,inf
RL_Full,10,6,2,1,51,inf
RL_Full,10,6,2,1,52,inf
RL_Full,10,6,2,1,53,inf
RL_Full,10,6,2,1,54,inf
RL_Full,10,6,2,1,55,inf
RL_Full,10,6,2,1,56,inf
RL_Full,10,6,2,1,57,inf
RL_Full,10,6,2,1,58,inf
RL_Full,10,6,2,1,59,inf
RL_Full,10,6,2,1,60,inf
RL_Full,10,6,2,1,61,inf
RL_Full,10,6,2,1,62,inf
RL_Full,10,6,2,1,63,inf
RL_Full,10,6,2,1,64,inf
RL_Full,10,6,2,1,65,inf
RL_Full,10,6,2,1,66,inf
RL_Full,10,6,2,1,67,inf
RL_Full,10,6,2,1,68,inf
RL_Full,10,6,2,1,69,inf
RL_Full,10,6,2,1,70,inf
RL_Full,10,6,2,1,71,inf
RL_Full,10,6,2,1,72,inf
RL_Full,10,6,2,1,73,inf
RL_Full,10,6,2,1,74,inf
RL_Full,10,6,2,1,75,inf
RL_Full,10,6,2,1,76,inf
RL_Full,10,6,2,1,77,inf
RL_Full,10,6,2,1,78,inf
RL_Full,10,6,2,1,79,inf
RL_Full,10,6,2,1,80,inf
RL_Full,10,6,2,1,81,inf
RL_Full,10,6,2,1,82,inf
RL_Full,10,6,2,1,83,inf
RL_Full,10,6,2,1,84,inf
RL_Full,10,6,2,1,85,inf
RL_Full,10,6,2,1,86,inf
RL_Full,10,6,2,1,87,inf
RL_Full,10,6,2,1,88,inf
RL_Full,10,6,2,1,89,inf
RL_Full,10,6,2,1,90,inf
RL_Full,10,6,2,1,91,inf
RL_Full,10,6,2,1,92,inf
RL_Full,10,6,2,1,93,inf
RL_Full,10,6,2,1,94,inf
RL_Full,10,6,2,1,95,inf
RL_Full,10,6,2,1,96,inf
RL_Full,10,6,2,1,97,inf
RL_Full,10,6,2,1,98,inf
RL_Full,10,6,2,1,99,inf
RL_Full,10,6,2,1,100,inf
Random,10,6,2,2,1,inf
Random,10,6,2,2,2,inf
Random,10,6,2,2,3,inf
Random,10,6,2,2,4,inf
Random,10,6,2,2,5,inf
Random,10,6,2,2,6,inf
Random,10,6,2,2,7,inf
Random,10,6,2,2,8,inf
Random,10,6,2,2,9,inf
Random,10,6,2,2,10,inf
Random,10,6,2,2,11,inf
Random,10,6,2,2,12,inf
Random,10,6,2,2,13,inf
Random,10,6,2,2,14,inf
Random,10,6,2,2,15,inf
Random,10,6,2,2,16,inf
Random,10,6,2,2,17,inf
Random,10,6,2,2,18,inf
Random,10,6,2,2,19,inf
Random,10,6,2,2,20,inf
Random,10,6,2,2,21,inf
Random,10,6,2,2,22,inf
Random,10,6,2,2,23,inf
Random,10,6,2,2,24,inf
Random,10,6,2,2,25,inf
Random,10,6,2,2,26,inf
Random,10,6,2,2,27,inf
Random,10,6,2,2,28,inf
Random,10,6,2,2,29,inf
Random,10,6,2,2,30,inf
Random,10,6,2,2,31,inf
Random,10,6,2,2,32,inf
Random,10,6,2,2,33,inf
Random,10,6,2,2,34,inf
Random,10,6,2,2,35,inf
Random,10,6,2,2,36,inf
Random,10,6,2,2,37,inf
Random,10,6,2,2,38,inf
Random,10,6,2,2,39,inf
Random,10,6,2,2,40,inf
Random,10,6,2,2,41,inf
Random,10,6,2,2,42,inf
Random,10,6,2,2,43,inf
Random,10,6,2,2,44,inf
Random,10,6,2,2,45,inf
Random,10,6,2,2,46,inf
Random,10,6,2,2,47,inf
Random,10,6,2,2,48,inf
Random,10,6,2,2,49,inf
Random,10,6,2,2,50,inf
Random,10,6,2,2,51,inf
Random,10,6,2,2,52,inf
Random,10,6,2,2,53,inf
Random,10,6,2,2,54,inf
Random,10,6,2,2,55,inf
Random,10,6,2,2,56,inf
Random,10,6,2,2,57,inf
Random,10,6,2,2,58,inf
Random,10,6,2,2,59,inf
Random,10,6,2,2,60,inf
Random,10,6,2,2,61,inf
Random,10,6,2,2,62,inf
Random,10,6,2,2,63,inf
Random,10,6,2,2,64,inf
Random,10,6,2,2,65,inf
Random,10,6,2,2,66,inf
Random,10,6,2,2,67,inf
Random,10,6,2,2,68,inf
Random,10,6,2,2,69,inf
Random,10,6,2,2,70,inf
Random,10,6,2,2,71,inf
Random,10,6,2,2,72,inf
Random,10,6,2,2,73,inf
Random,10,6,2,2,74,inf
Random,10,6,2,2,75,inf
Random,10,6,2,2,76,inf
Random,10,6,2,2,77,inf
Random,10,6,2,2,78,inf
Random,10,6,2,2,79,inf
Random,10,6,2,2,80,inf
Random,10,6,2,2,81,inf
Random,10,6,2,2,82,inf
Random,10,6,2,2,83,inf
Random,10,6,2,2,84,inf
Random,10,6,2,2,85,inf
Random,10,6,2,2,86,inf
Random,10,6,2,2,87,inf
Random,10,6,2,2,88,inf
Random,10,6,2,2,89,inf
Random,10,6,2,2,90,inf
Random,10,6,2,2,91,inf
Random,10,6,2,2,92,inf
Random,10,6,2,2,93,inf
Random,10,6,2,2,94,inf
Random,10,6,2,2,95,inf
Random,10,6,2,2,96,inf
Random,10,6,2,2,97,inf
Random,10,6,2,2,98,inf
Random,10,6,2,2,99,inf
Random,10,6,2,2,100,inf
qLogEI,10,6,2,2,1,inf
qLogEI,10,6,2,2,2,inf
qLogEI,10,6,2,2,3,inf
qLogEI,10,6,2,2,4,inf
qLogEI,10,6,2,2,5,inf
qLogEI,10,6,2,2,6,inf
qLogEI,10,6,2,2,7,inf
qLogEI,10,6,2,2,8,inf
qLogEI,10,6,2,2,9,inf
qLogEI,10,6,2,2,10,inf
qLogEI,10,6,2,2,11,inf
qLogEI,10,6,2,2,12,inf
qLogEI,10,6,2,2,13,inf
qLogEI,10,6,2,2,14,inf
qLogEI,10,6,2,2,15,inf
qLogEI,10,6,2,2,16,inf
qLogEI,10,6,2,2,17,inf
qLogEI,10,6,2,2,18,inf
qLogEI,10,6,2,2,19,inf
qLogEI,10,6,2,2,20,inf
qLogEI,10,6,2,2,21,inf
qLogEI,10,6,2,2,22,inf
qLogEI,10,6,2,2,23,inf
qLogEI,10,6,2,2,24,inf
qLogEI,10,6,2,2,25,inf
qLogEI,10,6,2,2,26,inf
qLogEI,10,6,2,2,27,inf
qLogEI,10,6,2,2,28,inf
qLogEI,10,6,2,2,29,inf
qLogEI,10,6,2,2,30,inf
qLogEI,10,6,2,2,31,inf
qLogEI,10,6,2,2,32,inf
qLogEI,10,6,2,2,33,inf
qLogEI,10,6,2,2,34,inf
qLogEI,10,6,2,2,35,inf
qLogEI,10,6,2,2,36,inf
qLogEI,10,6,2,2,37,inf
qLogEI,10,6,2,2,38,inf
qLogEI,10,6,2,2,39,inf
qLogEI,10,6,2,2,40,inf
qLogEI,10,6,2,2,41,inf
qLogEI,10,6,2,2,42,inf
qLogEI,10,6,2,2,43,inf
qLogEI,10,6,2,2,44,inf
qLogEI,10,6,2,2,45,inf
qLogEI,10,6,2,2,46,inf
qLogEI,10,6,2,2,47,inf
qLogEI,10,6,2,2,48,inf
qLogEI,10,6,2,2,49,inf
qLogEI,10,6,2,2,50,inf
qLogEI,10,6,2,2,51,inf
qLogEI,10,6,2,2,52,inf
qLogEI,10,6,2,2,53,inf
qLogEI,10,6,2,2,54,inf
qLogEI,10,6,2,2,55,inf
qLogEI,10,6,2,2,56,inf
qLogEI,10,6,2,2,57,inf
qLogEI,10,6,2,2,58,inf
qLogEI,10,6,2,2,59,inf
qLogEI,10,6,2,2,60,inf
qLogEI,10,6,2,2,61,inf
qLogEI,10,6,2,2,62,inf
qLogEI,10,6,2,2,63,inf
qLogEI,10,6,2,2,64,inf
qLogEI,10,6,2,2,65,inf
qLogEI,10,6,2,2,66,inf
qLogEI,10,6,2,2,67,inf
qLogEI,10,6,2,2,68,inf
qLogEI,10,6,2,2,69,inf
qLogEI,10,6,2,2,70,inf
qLogEI,10,6,2,2,71,inf
qLogEI,10,6,2,2,72,inf
qLogEI,10,6,2,2,73,inf
qLogEI,10,6,2,2,74,inf
qLogEI,10,6,2,2,75,inf
qLogEI,10,6,2,2,76,inf
qLogEI,10,6,2,2,77,inf
qLogEI,10,6,2,2,78,inf
qLogEI,10,6,2,2,79,inf
qLogEI,10,6,2,2,80,inf
qLogEI,10,6,2,2,81,inf
qLogEI,10,6,2,2,82,inf
qLogEI,10,6,2,2,83,inf
qLogEI,10,6,2,2,84,inf
qLogEI,10,6,2,2,85,inf
qLogEI,10,6,2,2,86,inf
qLogEI,10,6,2,2,87,inf
qLogEI,10,6,2,2,88,inf
qLogEI,10,6,2,2,89,inf
qLogEI,10,6,2,2,90,inf
qLogEI,10,6,2,2,91,inf
qLogEI,10,6,2,2,92,inf
qLogEI,10,6,2,2,93,inf
qLogEI,10,6,2,2,94,inf
qLogEI,10,6,2,2,95,inf
qLogEI,10,6,2,2,96,inf
qLogEI,10,6,2,2,97,inf
qLogEI,10,6,2,2,98,inf
qLogEI,10,6,2,2,99,inf
qLogEI,10,6,2,2,100,inf
RL_Full,10,6,2,2,1,inf
RL_Full,10,6,2,2,2,inf
RL_Full,10,6,2,2,3,inf
RL_Full,10,6,2,2,4,inf
RL_Full,10,6,2,2,5,inf
RL_Full,10,6,2,2,6,inf
RL_Full,10,6,2,2,7,inf
RL_Full,10,6,2,2,8,inf
RL_Full,10,6,2,2,9,inf
RL_Full,10,6,2,2,10,inf
RL_Full,10,6,2,2,11,inf
RL_Full,10,6,2,2,12,inf
RL_Full,10,6,2,2,13,inf
RL_Full,10,6,2,2,14,inf
RL_Full,10,6,2,2,15,inf
RL_Full,10,6,2,2,16,inf
RL_Full,10,6,2,2,17,inf
RL_Full,10,6,2,2,18,inf
RL_Full,10,6,2,2,19,inf
RL_Full,10,6,2,2,20,inf
RL_Full,10,6,2,2,21,inf
RL_Full,10,6,2,2,22,inf
RL_Full,10,6,2,2,23,inf
RL_Full,10,6,2,2,24,inf
RL_Full,10,6,2,2,25,inf
RL_Full,10,6,2,2,26,inf
RL_Full,10,6,2,2,27,inf
RL_Full,10,6,2,2,28,inf
RL_Full,10,6,2,2,29,inf
RL_Full,10,6,2,2,30,inf
RL_Full,10,6,2,2,31,inf
RL_Full,10,6,2,2,32,inf
RL_Full,10,6,2,2,33,inf
RL_Full,10,6,2,2,34,inf
RL_Full,10,6,2,2,35,inf
RL_Full,10,6,2,2,36,inf
RL_Full,10,6,2,2,37,inf
RL_Full,10,6,2,2,38,inf
RL_Full,10,6,2,2,39,inf
RL_Full,10,6,2,2,40,inf
RL_Full,10,6,2,2,41,inf
RL_Full,10,6,2,2,42,inf
RL_Full,10,6,2,2,43,inf
RL_Full,10,6,2,2,44,inf
RL_Full,10,6,2,2,45,inf
RL_Full,10,6,2,2,46,inf
RL_Full,10,6,2,2,47,inf
RL_Full,10,6,2,2,48,inf
RL_Full,10,6,2,2,49,inf
RL_Full,10,6,2,2,50,inf
RL_Full,10,6,2,2,51,inf
RL_Full,10,6,2,2,52,inf
RL_Full,10,6,2,2,53,inf
RL_Full,10,6,2,2,54,inf
RL_Full,10,6,2,2,55,inf
RL_Full,10,6,2,2,56,inf
RL_Full,10,6,2,2,57,inf
RL_Full,10,6,2,2,58,inf
RL_Full,10,6,2,2,59,inf
RL_Full,10,6,2,2,60,inf
RL_Full,10,6,2,2,61,inf
RL_Full,10,6,2,2,62,inf
RL_Full,10,6,2,2,63,inf
RL_Full,10,6,2,2,64,inf
RL_Full,10,6,2,2,65,inf
RL_Full,10,6,2,2,66,inf
RL_Full,10,6,2,2,67,inf
RL_Full,10,6,2,2,68,inf
RL_Full,10,6,2,2,69,inf
RL_Full,10,6,2,2,70,inf
RL_Full,10,6,2,2,71,inf
RL_Full,10,6,2,2,72,inf
RL_Full,10,6,2,2,73,inf
RL_Full,10,6,2,2,74,inf
RL_Full,10,6,2,2,75,inf
RL_Full,10,6,2,2,76,inf
RL_Full,10,6,2,2,77,inf
RL_Full,10,6,2,2,78,inf
RL_Full,10,6,2,2,79,inf
RL_Full,10,6,2,2,80,inf
RL_Full,10,6,2,2,81,inf
RL_Full,10,6,2,2,82,inf
RL_Full,10,6,2,2,83,inf
RL_Full,10,6,2,2,84,inf
RL_Full,10,6,2,2,85,inf
RL_Full,10,6,2,2,86,inf
RL_Full,10,6,2,2,87,inf
RL_Full,10,6,2,2,88,inf
RL_Full,10,6,2,2,89,inf
RL_Full,10,6,2,2,90,inf
RL_Full,10,6,2,2,91,inf
RL_Full,10,6,2,2,92,inf
RL_Full,10,6,2,2,93,inf
RL_Full,10,6,2,2,94,inf
RL_Full,10,6,2,2,95,inf
RL_Full,10,6,2,2,96,inf
RL_Full,10,6,2,2,97,inf
RL_Full,10,6,2,2,98,inf
RL_Full,10,6,2,2,99,inf
RL_Full,10,6,2,2,100,inf
Random,10,6,2,3,1,inf
Random,10,6,2,3,2,inf
Random,10,6,2,3,3,inf
Random,10,6,2,3,4,inf
Random,10,6,2,3,5,inf
Random,10,6,2,3,6,inf
Random,10,6,2,3,7,inf
Random,10,6,2,3,8,inf
Random,10,6,2,3,9,inf
Random,10,6,2,3,10,inf
Random,10,6,2,3,11,inf
Random,10,6,2,3,12,inf
Random,10,6,2,3,13,inf
Random,10,6,2,3,14,inf
Random,10,6,2,3,15,inf
Random,10,6,2,3,16,inf
Random,10,6,2,3,17,inf
Random,10,6,2,3,18,inf
Random,10,6,2,3,19,inf
Random,10,6,2,3,20,inf
Random,10,6,2,3,21,inf
Random,10,6,2,3,22,inf
Random,10,6,2,3,23,inf
Random,10,6,2,3,24,inf
Random,10,6,2,3,25,inf
Random,10,6,2,3,26,inf
Random,10,6,2,3,27,inf
Random,10,6,2,3,28,inf
Random,10,6,2,3,29,inf
Random,10,6,2,3,30,inf
Random,10,6,2,3,31,inf
Random,10,6,2,3,32,inf
Random,10,6,2,3,33,inf
Random,10,6,2,3,34,inf
Random,10,6,2,3,35,inf
Random,10,6,2,3,36,inf
Random,10,6,2,3,37,inf
Random,10,6,2,3,38,inf
Random,10,6,2,3,39,inf
Random,10,6,2,3,40,inf
Random,10,6,2,3,41,inf
Random,10,6,2,3,42,inf
Random,10,6,2,3,43,inf
Random,10,6,2,3,44,inf
Random,10,6,2,3,45,inf
Random,10,6,2,3,46,inf
Random,10,6,2,3,47,inf
Random,10,6,2,3,48,inf
Random,10,6,2,3,49,inf
Random,10,6,2,3,50,inf
Random,10,6,2,3,51,inf
Random,10,6,2,3,52,inf
Random,10,6,2,3,53,inf
Random,10,6,2,3,54,inf
Random,10,6,2,3,55,inf
Random,10,6,2,3,56,inf
Random,10,6,2,3,57,inf
Random,10,6,2,3,58,inf
Random,10,6,2,3,59,inf
Random,10,6,2,3,60,inf
Random,10,6,2,3,61,inf
Random,10,6,2,3,62,inf
Random,10,6,2,3,63,inf
Random,10,6,2,3,64,inf
Random,10,6,2,3,65,inf
Random,10,6,2,3,66,inf
Random,10,6,2,3,67,inf
Random,10,6,2,3,68,inf
Random,10,6,2,3,69,inf
Random,10,6,2,3,70,inf
Random,10,6,2,3,71,inf
Random,10,6,2,3,72,inf
Random,10,6,2,3,73,inf
Random,10,6,2,3,74,inf
Random,10,6,2,3,75,inf
Random,10,6,2,3,76,inf
Random,10,6,2,3,77,inf
Random,10,6,2,3,78,inf
Random,10,6,2,3,79,inf
Random,10,6,2,3,80,inf
Random,10,6,2,3,81,inf
Random,10,6,2,3,82,inf
Random,10,6,2,3,83,inf
Random,10,6,2,3,84,inf
Random,10,6,2,3,85,inf
Random,10,6,2,3,86,inf
Random,10,6,2,3,87,inf
Random,10,6,2,3,88,inf
Random,10,6,2,3,89,inf
Random,10,6,2,3,90,inf
Random,10,6,2,3,91,inf
Random,10,6,2,3,92,inf
Random,10,6,2,3,93,inf
Random,10,6,2,3,94,inf
Random,10,6,2,3,95,inf
Random,10,6,2,3,96,inf
Random,10,6,2,3,97,inf
Random,10,6,2,3,98,inf
Random,10,6,2,3,99,inf
Random,10,6,2,3,100,inf
qLogEI,10,6,2,3,1,inf
qLogEI,10,6,2,3,2,inf
qLogEI,10,6,2,3,3,inf
qLogEI,10,6,2,3,4,inf
qLogEI,10,6,2,3,5,inf
qLogEI,10,6,2,3,6,inf
qLogEI,10,6,2,3,7,inf
qLogEI,10,6,2,3,8,inf
qLogEI,10,6,2,3,9,inf
qLogEI,10,6,2,3,10,inf
qLogEI,10,6,2,3,11,inf
qLogEI,10,6,2,3,12,inf
qLogEI,10,6,2,3,13,inf
qLogEI,10,6,2,3,14,inf
qLogEI,10,6,2,3,15,inf
qLogEI,10,6,2,3,16,inf
qLogEI,10,6,2,3,17,inf
qLogEI,10,6,2,3,18,inf
qLogEI,10,6,2,3,19,inf
qLogEI,10,6,2,3,20,inf
qLogEI,10,6,2,3,21,inf
qLogEI,10,6,2,3,22,inf
qLogEI,10,6,2,3,23,inf
qLogEI,10,6,2,3,24,inf
qLogEI,10,6,2,3,25,inf
qLogEI,10,6,2,3,26,inf
qLogEI,10,6,2,3,27,inf
qLogEI,10,6,2,3,28,inf
qLogEI,10,6,2,3,29,inf
qLogEI,10,6,2,3,30,inf
qLogEI,10,6,2,3,31,inf
qLogEI,10,6,2,3,32,inf
qLogEI,10,6,2,3,33,inf
qLogEI,10,6,2,3,34,inf
qLogEI,10,6,2,3,35,inf
qLogEI,10,6,2,3,36,inf
qLogEI,10,6,2,3,37,inf
qLogEI,10,6,2,3,38,inf
qLogEI,10,6,2,3,39,inf
qLogEI,10,6,2,3,40,inf
qLogEI,10,6,2,3,41,inf
qLogEI,10,6,2,3,42,inf
qLogEI,10,6,2,3,43,inf
qLogEI,10,6,2,3,44,inf
qLogEI,10,6,2,3,45,inf
qLogEI,10,6,2,3,46,inf
qLogEI,10,6,2,3,47,inf
qLogEI,10,6,2,3,48,inf
qLogEI,10,6,2,3,49,inf
qLogEI,10,6,2,3,50,inf
qLogEI,10,6,2,3,51,inf
qLogEI,10,6,2,3,52,inf
qLogEI,10,6,2,3,53,inf
qLogEI,10,6,2,3,54,inf
qLogEI,10,6,2,3,55,inf
qLogEI,10,6,2,3,56,inf
qLogEI,10,6,2,3,57,inf
qLogEI,10,6,2,3,58,inf
qLogEI,10,6,2,3,59,inf
qLogEI,10,6,2,3,60,inf
qLogEI,10,6,2,3,61,inf
qLogEI,10,6,2,3,62,inf
qLogEI,10,6,2,3,63,inf
qLogEI,10,6,2,3,64,inf
qLogEI,10,6,2,3,65,inf
qLogEI,10,6,2,3,66,inf
qLogEI,10,6,2,3,67,inf
qLogEI,10,6,2,3,68,inf
qLogEI,10,6,2,3,69,inf
qLogEI,10,6,2,3,70,inf
qLogEI,10,6,2,3,71,inf
qLogEI,10,6,2,3,72,inf
qLogEI,10,6,2,3,73,inf
qLogEI,10,6,2,3,74,inf
qLogEI,10,6,2,3,75,inf
qLogEI,10,6,2,3,76,inf
qLogEI,10,6,2,3,77,inf
qLogEI,10,6,2,3,78,inf
qLogEI,10,6,2,3,79,inf
qLogEI,10,6,2,3,80,inf
qLogEI,10,6,2,3,81,inf
qLogEI,10,6,2,3,82,inf
qLogEI,10,6,2,3,83,inf
qLogEI,10,6,2,3,84,inf
qLogEI,10,6,2,3,85,inf
qLogEI,10,6,2,3,86,inf
qLogEI,10,6,2,3,87,inf
qLogEI,10,6,2,3,88,inf
qLogEI,10,6,2,3,89,inf
qLogEI,10,6,2,3,90,inf
qLogEI,10,6,2,3,91,inf
qLogEI,10,6,2,3,92,inf
qLogEI,10,6,2,3,93,inf
qLogEI,10,6,2,3,94,inf
qLogEI,10,6,2,3,95,inf
qLogEI,10,6,2,3,96,inf
qLogEI,10,6,2,3,97,inf
qLogEI,10,6,2,3,98,inf
qLogEI,10,6,2,3,99,inf
qLogEI,10,6,2,3,100,inf
RL_Full,10,6,2,3,1,inf
RL_Full,10,6,2,3,2,inf
RL_Full,10,6,2,3,3,inf
RL_Full,10,6,2,3,4,inf
RL_Full,10,6,2,3,5,inf
RL_Full,10,6,2,3,6,inf
RL_Full,10,6,2,3,7,inf
RL_Full,10,6,2,3,8,inf
RL_Full,10,6,2,3,9,inf
RL_Full,10,6,2,3,10,inf
RL_Full,10,6,2,3,11,inf
RL_Full,10,6,2,3,12,inf
RL_Full,10,6,2,3,13,inf
RL_Full,10,6,2,3,14,inf
RL_Full,10,6,2,3,15,inf
RL_Full,10,6,2,3,16,inf
RL_Full,10,6,2,3,17,inf
RL_Full,10,6,2,3,18,inf
RL_Full,10,6,2,3,19,inf
RL_Full,10,6,2,3,20,inf
RL_Full,10,6,2,3,21,inf
RL_Full,10,6,2,3,22,inf
RL_Full,10,6,2,3,23,inf
RL_Full,10,6,2,3,24,inf
RL_Full,10,6,2,3,25,inf
RL_Full,10,6,2,3,26,inf
RL_Full,10,6,2,3,27,inf
RL_Full,10,6,2,3,28,inf
RL_Full,10,6,2,3,29,inf
RL_Full,10,6,2,3,30,inf
RL_Full,10,6,2,3,31,inf
RL_Full,10,6,2,3,32,inf
RL_Full,10,6,2,3,33,inf
RL_Full,10,6,2,3,34,inf
RL_Full,10,6,2,3,35,inf
RL_Full,10,6,2,3,36,inf
RL_Full,10,6,2,3,37,inf
RL_Full,10,6,2,3,38,inf
RL_Full,10,6,2,3,39,inf
RL_Full,10,6,2,3,40,inf
RL_Full,10,6,2,3,41,inf
RL_Full,10,6,2,3,42,inf
RL_Full,10,6,2,3,43,inf
RL_Full,10,6,2,3,44,inf
RL_Full,10,6,2,3,45,inf
RL_Full,10,6,2,3,46,inf
RL_Full,10,6,2,3,47,inf
RL_Full,10,6,2,3,48,inf
RL_Full,10,6,2,3,49,inf
RL_Full,10,6,2,3,50,inf
RL_Full,10,6,2,3,51,inf
RL_Full,10,6,2,3,52,inf
RL_Full,10,6,2,3,53,inf
RL_Full,10,6,2,3,54,inf
RL_Full,10,6,2,3,55,inf
RL_Full,10,6,2,3,56,inf
RL_Full,10,6,2,3,57,inf
RL_Full,10,6,2,3,58,inf
RL_Full,10,6,2,3,59,inf
RL_Full,10,6,2,3,60,inf
RL_Full,10,6,2,3,61,inf
RL_Full,10,6,2,3,62,inf
RL_Full,10,6,2,3,63,inf
RL_Full,10,6,2,3,64,inf
RL_Full,10,6,2,3,65,inf
RL_Full,10,6,2,3,66,inf
RL_Full,10,6,2,3,67,inf
RL_Full,10,6,2,3,68,inf
RL_Full,10,6,2,3,69,inf
RL_Full,10,6,2,3,70,inf
RL_Full,10,6,2,3,71,inf
RL_Full,10,6,2,3,72,inf
RL_Full,10,6,2,3,73,inf
RL_Full,10,6,2,3,74,inf
RL_Full,10,6,2,3,75,inf
RL_Full,10,6,2,3,76,inf
RL_Full,10,6,2,3,77,inf
RL_Full,10,6,2,3,78,inf
RL_Full,10,6,2,3,79,inf
RL_Full,10,6,2,3,80,inf
RL_Full,10,6,2,3,81,inf
RL_Full,10,6,2,3,82,inf
RL_Full,10,6,2,3,83,inf
RL_Full,10,6,2,3,84,inf
RL_Full,10,6,2,3,85,inf
RL_Full,10,6,2,3,86,inf
RL_Full,10,6,2,3,87,inf
RL_Full,10,6,2,3,88,inf
RL_Full,10,6,2,3,89,inf
RL_Full,10,6,2,3,90,inf
RL_Full,10,6,2,3,91,inf
RL_Full,10,6,2,3,92,inf
RL_Full,10,6,2,3,93,inf
RL_Full,10,6,2,3,94,inf
RL_Full,10,6,2,3,95,inf
RL_Full,10,6,2,3,96,inf
RL_Full,10,6,2,3,97,inf
RL_Full,10,6,2,3,98,inf
RL_Full,10,6,2,3,99,inf
RL_Full,10,6,2,3,100,inf
Random,10,6,2,4,1,inf
Random,10,6,2,4,2,inf
Random,10,6,2,4,3,inf
Random,10,6,2,4,4,inf
Random,10,6,2,4,5,inf
Random,10,6,2,4,6,inf
Random,10,6,2,4,7,inf
Random,10,6,2,4,8,inf
Random,10,6,2,4,9,inf
Random,10,6,2,4,10,inf
Random,10,6,2,4,11,inf
Random,10,6,2,4,12,inf
Random,10,6,2,4,13,inf
Random,10,6,2,4,14,inf
Random,10,6,2,4,15,inf
Random,10,6,2,4,16,inf
Random,10,6,2,4,17,inf
Random,10,6,2,4,18,inf
Random,10,6,2,4,19,inf
Random,10,6,2,4,20,inf
Random,10,6,2,4,21,inf
Random,10,6,2,4,22,inf
Random,10,6,2,4,23,inf
Random,10,6,2,4,24,inf
Random,10,6,2,4,25,inf
Random,10,6,2,4,26,inf
Random,10,6,2,4,27,inf
Random,10,6,2,4,28,inf
Random,10,6,2,4,29,inf
Random,10,6,2,4,30,inf
Random,10,6,2,4,31,inf
Random,10,6,2,4,32,inf
Random,10,6,2,4,33,inf
Random,10,6,2,4,34,inf
Random,10,6,2,4,35,inf
Random,10,6,2,4,36,inf
Random,10,6,2,4,37,inf
Random,10,6,2,4,38,inf
Random,10,6,2,4,39,inf
Random,10,6,2,4,40,inf
Random,10,6,2,4,41,inf
Random,10,6,2,4,42,inf
Random,10,6,2,4,43,inf
Random,10,6,2,4,44,inf
Random,10,6,2,4,45,inf
Random,10,6,2,4,46,inf
Random,10,6,2,4,47,inf
Random,10,6,2,4,48,inf
Random,10,6,2,4,49,inf
Random,10,6,2,4,50,inf
Random,10,6,2,4,51,inf
Random,10,6,2,4,52,inf
Random,10,6,2,4,53,inf
Random,10,6,2,4,54,inf
Random,10,6,2,4,55,inf
Random,10,6,2,4,56,inf
Random,10,6,2,4,57,inf
Random,10,6,2,4,58,inf
Random,10,6,2,4,59,inf
Random,10,6,2,4,60,inf
Random,10,6,2,4,61,inf
Random,10,6,2,4,62,inf
Random,10,6,2,4,63,inf
Random,10,6,2,4,64,inf
Random,10,6,2,4,65,inf
Random,10,6,2,4,66,inf
Random,10,6,2,4,67,inf
Random,10,6,2,4,68,inf
Random,10,6,2,4,69,inf
Random,10,6,2,4,70,inf
Random,10,6,2,4,71,inf
Random,10,6,2,4,72,inf
Random,10,6,2,4,73,inf
Random,10,6,2,4,74,inf
Random,10,6,2,4,75,inf
Random,10,6,2,4,76,inf
Random,10,6,2,4,77,inf
Random,10,6,2,4,78,inf
Random,10,6,2,4,79,inf
Random,10,6,2,4,80,inf
Random,10,6,2,4,81,inf
Random,10,6,2,4,82,inf
Random,10,6,2,4,83,inf
Random,10,6,2,4,84,inf
Random,10,6,2,4,85,inf
Random,10,6,2,4,86,inf
Random,10,6,2,4,87,inf
Random,10,6,2,4,88,inf
Random,10,6,2,4,89,inf
Random,10,6,2,4,90,inf
Random,10,6,2,4,91,inf
Random,10,6,2,4,92,inf
Random,10,6,2,4,93,inf
Random,10,6,2,4,94,inf
Random,10,6,2,4,95,inf
Random,10,6,2,4,96,inf
Random,10,6,2,4,97,inf
Random,10,6,2,4,98,inf
Random,10,6,2,4,99,inf
Random,10,6,2,4,100,inf
qLogEI,10,6,2,4,1,inf
qLogEI,10,6,2,4,2,inf
qLogEI,10,6,2,4,3,inf
qLogEI,10,6,2,4,4,inf
qLogEI,10,6,2,4,5,inf
qLogEI,10,6,2,4,6,inf
qLogEI,10,6,2,4,7,inf
qLogEI,10,6,2,4,8,inf
qLogEI,10,6,2,4,9,inf
qLogEI,10,6,2,4,10,inf
qLogEI,10,6,2,4,11,inf
qLogEI,10,6,2,4,12,inf
qLogEI,10,6,2,4,13,inf
qLogEI,10,6,2,4,14,inf
qLogEI,10,6,2,4,15,inf
qLogEI,10,6,2,4,16,inf
qLogEI,10,6,2,4,17,inf
qLogEI,10,6,2,4,18,inf
qLogEI,10,6,2,4,19,inf
qLogEI,10,6,2,4,20,inf
qLogEI,10,6,2,4,21,inf
qLogEI,10,6,2,4,22,inf
qLogEI,10,6,2,4,23,inf
qLogEI,10,6,2,4,24,inf
qLogEI,10,6,2,4,25,inf
qLogEI,10,6,2,4,26,inf
qLogEI,10,6,2,4,27,inf
qLogEI,10,6,2,4,28,inf
qLogEI,10,6,2,4,29,inf
qLogEI,10,6,2,4,30,inf
qLogEI,10,6,2,4,31,inf
qLogEI,10,6,2,4,32,inf
qLogEI,10,6,2,4,33,inf
qLogEI,10,6,2,4,34,inf
qLogEI,10,6,2,4,35,inf
qLogEI,10,6,2,4,36,inf
qLogEI,10,6,2,4,37,inf
qLogEI,10,6,2,4,38,inf
qLogEI,10,6,2,4,39,inf
qLogEI,10,6,2,4,40,inf
qLogEI,10,6,2,4,41,inf
qLogEI,10,6,2,4,42,inf
qLogEI,10,6,2,4,43,inf
qLogEI,10,6,2,4,44,inf
qLogEI,10,6,2,4,45,inf
qLogEI,10,6,2,4,46,inf
qLogEI,10,6,2,4,47,inf
qLogEI,10,6,2,4,48,inf
qLogEI,10,6,2,4,49,inf
qLogEI,10,6,2,4,50,inf
qLogEI,10,6,2,4,51,inf
qLogEI,10,6,2,4,52,inf
qLogEI,10,6,2,4,53,inf
qLogEI,10,6,2,4,54,inf
qLogEI,10,6,2,4,55,inf
qLogEI,10,6,2,4,56,inf
qLogEI,10,6,2,4,57,inf
qLogEI,10,6,2,4,58,inf
qLogEI,10,6,2,4,59,inf
qLogEI,10,6,2,4,60,inf
qLogEI,10,6,2,4,61,inf
qLogEI,10,6,2,4,62,inf
qLogEI,10,6,2,4,63,inf
qLogEI,10,6,2,4,64,inf
qLogEI,10,6,2,4,65,inf
qLogEI,10,6,2,4,66,inf
qLogEI,10,6,2,4,67,inf
qLogEI,10,6,2,4,68,inf
qLogEI,10,6,2,4,69,inf
qLogEI,10,6,2,4,70,inf
qLogEI,10,6,2,4,71,inf
qLogEI,10,6,2,4,72,inf
qLogEI,10,6,2,4,73,inf
qLogEI,10,6,2,4,74,inf
qLogEI,10,6,2,4,75,inf
qLogEI,10,6,2,4,76,inf
qLogEI,10,6,2,4,77,inf
qLogEI,10,6,2,4,78,inf
qLogEI,10,6,2,4,79,inf
qLogEI,10,6,2,4,80,inf
qLogEI,10,6,2,4,81,inf
qLogEI,10,6,2,4,82,inf
qLogEI,10,6,2,4,83,inf
qLogEI,10,6,2,4,84,inf
qLogEI,10,6,2,4,85,inf
qLogEI,10,6,2,4,86,inf
qLogEI,10,6,2,4,87,inf
qLogEI,10,6,2,4,88,inf
qLogEI,10,6,2,4,89,inf
qLogEI,10,6,2,4,90,inf
qLogEI,10,6,2,4,91,inf
qLogEI,10,6,2,4,92,inf
qLogEI,10,6,2,4,93,inf
qLogEI,10,6,2,4,94,inf
qLogEI,10,6,2,4,95,inf
qLogEI,10,6,2,4,96,inf
qLogEI,10,6,2,4,97,inf
qLogEI,10,6,2,4,98,inf
qLogEI,10,6,2,4,99,inf
qLogEI,10,6,2,4,100,inf
RL_Full,10,6,2,4,1,inf
RL_Full,10,6,2,4,2,inf
RL_Full,10,6,2,4,3,inf
RL_Full,10,6,2,4,4,inf
RL_Full,10,6,2,4,5,inf
RL_Full,10,6,2,4,6,inf
RL_Full,10,6,2,4,7,inf
RL_Full,10,6,2,4,8,inf
RL_Full,10,6,2,4,9,inf
RL_Full,10,6,2,4,10,inf
RL_Full,10,6,2,4,11,inf
RL_Full,10,6,2,4,12,inf
RL_Full,10,6,2,4,13,inf
RL_Full,10,6,2,4,14,inf
RL_Full,10,6,2,4,15,inf
RL_Full,10,6,2,4,16,inf
RL_Full,10,6,2,4,17,inf
RL_Full,10,6,2,4,18,inf
RL_Full,10,6,2,4,19,inf
RL_Full,10,6,2,4,20,inf
RL_Full,10,6,2,4,21,inf
RL_Full,10,6,2,4,22,inf
RL_Full,10,6,2,4,23,inf
RL_Full,10,6,2,4,24,inf
RL_Full,10,6,2,4,25,inf
RL_Full,10,6,2,4,26,inf
RL_Full,10,6,2,4,27,inf
RL_Full,10,6,2,4,28,inf
RL_Full,10,6,2,4,29,inf
RL_Full,10,6,2,4,30,inf
RL_Full,10,6,2,4,31,inf
RL_Full,10,6,2,4,32,inf
RL_Full,10,6,2,4,33,inf
RL_Full,10,6,2,4,34,inf
RL_Full,10,6,2,4,35,inf
RL_Full,10,6,2,4,36,inf
RL_Full,10,6,2,4,37,inf
RL_Full,10,6,2,4,38,inf
RL_Full,10,6,2,4,39,inf
RL_Full,10,6,2,4,40,inf
RL_Full,10,6,2,4,41,inf
RL_Full,10,6,2,4,42,inf
RL_Full,10,6,2,4,43,inf
RL_Full,10,6,2,4,44,inf
RL_Full,10,6,2,4,45,inf
RL_Full,10,6,2,4,46,inf
RL_Full,10,6,2,4,47,inf
RL_Full,10,6,2,4,48,inf
RL_Full,10,6,2,4,49,inf
RL_Full,10,6,2,4,50,inf
RL_Full,10,6,2,4,51,inf
RL_Full,10,6,2,4,52,inf
RL_Full,10,6,2,4,53,inf
RL_Full,10,6,2,4,54,inf
RL_Full,10,6,2,4,55,inf
RL_Full,10,6,2,4,56,inf
RL_Full,10,6,2,4,57,inf
RL_Full,10,6,2,4,58,inf
RL_Full,10,6,2,4,59,inf
RL_Full,10,6,2,4,60,inf
RL_Full,10,6,2,4,61,inf
RL_Full,10,6,2,4,62,inf
RL_Full,10,6,2,4,63,inf
RL_Full,10,6,2,4,64,inf
RL_Full,10,6,2,4,65,inf
RL_Full,10,6,2,4,66,inf
RL_Full,10,6,2,4,67,inf
RL_Full,10,6,2,4,68,inf
RL_Full,10,6,2,4,69,inf
RL_Full,10,6,2,4,70,inf
RL_Full,10,6,2,4,71,inf
RL_Full,10,6,2,4,72,inf
RL_Full,10,6,2,4,73,inf
RL_Full,10,6,2,4,74,inf
RL_Full,10,6,2,4,75,inf
RL_Full,10,6,2,4,76,inf
RL_Full,10,6,2,4,77,inf
RL_Full,10,6,2,4,78,inf
RL_Full,10,6,2,4,79,inf
RL_Full,10,6,2,4,80,inf
RL_Full,10,6,2,4,81,inf
RL_Full,10,6,2,4,82,inf
RL_Full,10,6,2,4,83,inf
RL_Full,10,6,2,4,84,inf
RL_Full,10,6,2,4,85,inf
RL_Full,10,6,2,4,86,inf
RL_Full,10,6,2,4,87,inf
RL_Full,10,6,2,4,88,inf
RL_Full,10,6,2,4,89,inf
RL_Full,10,6,2,4,90,inf
RL_Full,10,6,2,4,91,inf
RL_Full,10,6,2,4,92,inf
RL_Full,10,6,2,4,93,inf
RL_Full,10,6,2,4,94,inf
RL_Full,10,6,2,4,95,inf
RL_Full,10,6,2,4,96,inf
RL_Full,10,6,2,4,97,inf
RL_Full,10,6,2,4,98,inf
RL_Full,10,6,2,4,99,inf
RL_Full,10,6,2,4,100,inf
Random,10,6,3,0,1,inf
Random,10,6,3,0,2,inf
Random,10,6,3,0,3,inf
Random,10,6,3,0,4,inf
Random,10,6,3,0,5,inf
Random,10,6,3,0,6,inf
Random,10,6,3,0,7,inf
Random,10,6,3,0,8,inf
Random,10,6,3,0,9,inf
Random,10,6,3,0,10,inf
Random,10,6,3,0,11,inf
Random,10,6,3,0,12,inf
Random,10,6,3,0,13,inf
Random,10,6,3,0,14,inf
Random,10,6,3,0,15,inf
Random,10,6,3,0,16,inf
Random,10,6,3,0,17,inf
Random,10,6,3,0,18,inf
Random,10,6,3,0,19,inf
Random,10,6,3,0,20,inf
Random,10,6,3,0,21,inf
Random,10,6,3,0,22,inf
Random,10,6,3,0,23,inf
Random,10,6,3,0,24,inf
Random,10,6,3,0,25,inf
Random,10,6,3,0,26,inf
Random,10,6,3,0,27,inf
Random,10,6,3,0,28,inf
Random,10,6,3,0,29,inf
Random,10,6,3,0,30,inf
Random,10,6,3,0,31,inf
Random,10,6,3,0,32,inf
Random,10,6,3,0,33,inf
Random,10,6,3,0,34,inf
Random,10,6,3,0,35,inf
Random,10,6,3,0,36,inf
Random,10,6,3,0,37,inf
Random,10,6,3,0,38,inf
Random,10,6,3,0,39,inf
Random,10,6,3,0,40,inf
Random,10,6,3,0,41,inf
Random,10,6,3,0,42,inf
Random,10,6,3,0,43,inf
Random,10,6,3,0,44,inf
Random,10,6,3,0,45,inf
Random,10,6,3,0,46,inf
Random,10,6,3,0,47,inf
Random,10,6,3,0,48,inf
Random,10,6,3,0,49,inf
Random,10,6,3,0,50,inf
Random,10,6,3,0,51,inf
Random,10,6,3,0,52,inf
Random,10,6,3,0,53,inf
Random,10,6,3,0,54,inf
Random,10,6,3,0,55,inf
Random,10,6,3,0,56,inf
Random,10,6,3,0,57,inf
Random,10,6,3,0,58,inf
Random,10,6,3,0,59,inf
Random,10,6,3,0,60,inf
Random,10,6,3,0,61,inf
Random,10,6,3,0,62,inf
Random,10,6,3,0,63,inf
Random,10,6,3,0,64,inf
Random,10,6,3,0,65,inf
Random,10,6,3,0,66,inf
Random,10,6,3,0,67,inf
Random,10,6,3,0,68,inf
Random,10,6,3,0,69,inf
Random,10,6,3,0,70,inf
Random,10,6,3,0,71,inf
Random,10,6,3,0,72,inf
Random,10,6,3,0,73,inf
Random,10,6,3,0,74,inf
Random,10,6,3,0,75,inf
Random,10,6,3,0,76,inf
Random,10,6,3,0,77,inf
Random,10,6,3,0,78,inf
Random,10,6,3,0,79,inf
Random,10,6,3,0,80,inf
Random,10,6,3,0,81,inf
Random,10,6,3,0,82,inf
Random,10,6,3,0,83,inf
Random,10,6,3,0,84,inf
Random,10,6,3,0,85,inf
Random,10,6,3,0,86,inf
Random,10,6,3,0,87,inf
Random,10,6,3,0,88,inf
Random,10,6,3,0,89,inf
Random,10,6,3,0,90,inf
Random,10,6,3,0,91,inf
Random,10,6,3,0,92,inf
Random,10,6,3,0,93,inf
Random,10,6,3,0,94,inf
Random,10,6,3,0,95,inf
Random,10,6,3,0,96,inf
Random,10,6,3,0,97,inf
Random,10,6,3,0,98,inf
Random,10,6,3,0,99,inf
Random,10,6,3,0,100,inf
qLogEI,10,6,3,0,1,inf
qLogEI,10,6,3,0,2,inf
qLogEI,10,6,3,0,3,inf
qLogEI,10,6,3,0,4,inf
qLogEI,10,6,3,0,5,inf
qLogEI,10,6,3,0,6,inf
qLogEI,10,6,3,0,7,inf
qLogEI,10,6,3,0,8,inf
qLogEI,10,6,3,0,9,inf
qLogEI,10,6,3,0,10,inf
qLogEI,10,6,3,0,11,inf
qLogEI,10,6,3,0,12,inf
qLogEI,10,6,3,0,13,inf
qLogEI,10,6,3,0,14,inf
qLogEI,10,6,3,0,15,inf
qLogEI,10,6,3,0,16,inf
qLogEI,10,6,3,0,17,inf
qLogEI,10,6,3,0,18,inf
qLogEI,10,6,3,0,19,inf
qLogEI,10,6,3,0,20,inf
qLogEI,10,6,3,0,21,inf
qLogEI,10,6,3,0,22,inf
qLogEI,10,6,3,0,23,inf
qLogEI,10,6,3,0,24,inf
qLogEI,10,6,3,0,25,inf
qLogEI,10,6,3,0,26,inf
qLogEI,10,6,3,0,27,inf
qLogEI,10,6,3,0,28,inf
qLogEI,10,6,3,0,29,inf
qLogEI,10,6,3,0,30,inf
qLogEI,10,6,3,0,31,inf
qLogEI,10,6,3,0,32,inf
qLogEI,10,6,3,0,33,inf
qLogEI,10,6,3,0,34,inf
qLogEI,10,6,3,0,35,inf
qLogEI,10,6,3,0,36,inf
qLogEI,10,6,3,0,37,inf
qLogEI,10,6,3,0,38,inf
qLogEI,10,6,3,0,39,inf
qLogEI,10,6,3,0,40,inf
qLogEI,10,6,3,0,41,inf
qLogEI,10,6,3,0,42,inf
qLogEI,10,6,3,0,43,inf
qLogEI,10,6,3,0,44,inf
qLogEI,10,6,3,0,45,inf
qLogEI,10,6,3,0,46,inf
qLogEI,10,6,3,0,47,inf
qLogEI,10,6,3,0,48,inf
qLogEI,10,6,3,0,49,inf
qLogEI,10,6,3,0,50,inf
qLogEI,10,6,3,0,51,inf
qLogEI,10,6,3,0,52,inf
qLogEI,10,6,3,0,53,inf
qLogEI,10,6,3,0,54,inf
qLogEI,10,6,3,0,55,inf
qLogEI,10,6,3,0,56,inf
qLogEI,10,6,3,0,57,inf
qLogEI,10,6,3,0,58,inf
qLogEI,10,6,3,0,59,inf
qLogEI,10,6,3,0,60,inf
qLogEI,10,6,3,0,61,inf
qLogEI,10,6,3,0,62,inf
qLogEI,10,6,3,0,63,inf
qLogEI,10,6,3,0,64,inf
qLogEI,10,6,3,0,65,inf
qLogEI,10,6,3,0,66,inf
qLogEI,10,6,3,0,67,inf
qLogEI,10,6,3,0,68,inf
qLogEI,10,6,3,0,69,inf
qLogEI,10,6,3,0,70,inf
qLogEI,10,6,3,0,71,inf
qLogEI,10,6,3,0,72,inf
qLogEI,10,6,3,0,73,inf
qLogEI,10,6,3,0,74,inf
qLogEI,10,6,3,0,75,inf
qLogEI,10,6,3,0,76,inf
qLogEI,10,6,3,0,77,inf
qLogEI,10,6,3,0,78,inf
qLogEI,10,6,3,0,79,inf
qLogEI,10,6,3,0,80,inf
qLogEI,10,6,3,0,81,inf
qLogEI,10,6,3,0,82,inf
qLogEI,10,6,3,0,83,inf
qLogEI,10,6,3,0,84,inf
qLogEI,10,6,3,0,85,inf
qLogEI,10,6,3,0,86,inf
qLogEI,10,6,3,0,87,inf
qLogEI,10,6,3,0,88,inf
qLogEI,10,6,3,0,89,inf
qLogEI,10,6,3,0,90,inf
qLogEI,10,6,3,0,91,inf
qLogEI,10,6,3,0,92,inf
qLogEI,10,6,3,0,93,inf
qLogEI,10,6,3,0,94,inf
qLogEI,10,6,3,0,95,inf
qLogEI,10,6,3,0,96,inf
qLogEI,10,6,3,0,97,inf
qLogEI,10,6,3,0,98,inf
qLogEI,10,6,3,0,99,inf
qLogEI,10,6,3,0,100,inf
RL_Full,10,6,3,0,1,inf
RL_Full,10,6,3,0,2,inf
RL_Full,10,6,3,0,3,inf
RL_Full,10,6,3,0,4,inf
RL_Full,10,6,3,0,5,inf
RL_Full,10,6,3,0,6,inf
RL_Full,10,6,3,0,7,inf
RL_Full,10,6,3,0,8,inf
RL_Full,10,6,3,0,9,inf
RL_Full,10,6,3,0,10,inf
RL_Full,10,6,3,0,11,inf
RL_Full,10,6,3,0,12,inf
RL_Full,10,6,3,0,13,inf
RL_Full,10,6,3,0,14,inf
RL_Full,10,6,3,0,15,inf
RL_Full,10,6,3,0,16,inf
RL_Full,10,6,3,0,17,inf
RL_Full,10,6,3,0,18,inf
RL_Full,10,6,3,0,19,inf
RL_Full,10,6,3,0,20,inf
RL_Full,10,6,3,0,21,inf
RL_Full,10,6,3,0,22,inf
RL_Full,10,6,3,0,23,inf
RL_Full,10,6,3,0,24,inf
RL_Full,10,6,3,0,25,inf
RL_Full,10,6,3,0,26,inf
RL_Full,10,6,3,0,27,inf
RL_Full,10,6,3,0,28,inf
RL_Full,10,6,3,0,29,inf
RL_Full,10,6,3,0,30,inf
RL_Full,10,6,3,0,31,inf
RL_Full,10,6,3,0,32,inf
RL_Full,10,6,3,0,33,inf
RL_Full,10,6,3,0,34,inf
RL_Full,10,6,3,0,35,inf
RL_Full,10,6,3,0,36,inf
RL_Full,10,6,3,0,37,inf
RL_Full,10,6,3,0,38,inf
RL_Full,10,6,3,0,39,inf
RL_Full,10,6,3,0,40,inf
RL_Full,10,6,3,0,41,inf
RL_Full,10,6,3,0,42,inf
RL_Full,10,6,3,0,43,inf
RL_Full,10,6,3,0,44,inf
RL_Full,10,6,3,0,45,inf
RL_Full,10,6,3,0,46,inf
RL_Full,10,6,3,0,47,inf
RL_Full,10,6,3,0,48,inf
RL_Full,10,6,3,0,49,inf
RL_Full,10,6,3,0,50,inf
RL_Full,10,6,3,0,51,inf
RL_Full,10,6,3,0,52,inf
RL_Full,10,6,3,0,53,inf
RL_Full,10,6,3,0,54,inf
RL_Full,10,6,3,0,55,inf
RL_Full,10,6,3,0,56,inf
RL_Full,10,6,3,0,57,inf
RL_Full,10,6,3,0,58,inf
RL_Full,10,6,3,0,59,inf
RL_Full,10,6,3,0,60,inf
RL_Full,10,6,3,0,61,inf
RL_Full,10,6,3,0,62,inf
RL_Full,10,6,3,0,63,inf
RL_Full,10,6,3,0,64,inf
RL_Full,10,6,3,0,65,inf
RL_Full,10,6,3,0,66,inf
RL_Full,10,6,3,0,67,inf
RL_Full,10,6,3,0,68,inf
RL_Full,10,6,3,0,69,inf
RL_Full,10,6,3,0,70,inf
RL_Full,10,6,3,0,71,inf
RL_Full,10,6,3,0,72,inf
RL_Full,10,6,3,0,73,inf
RL_Full,10,6,3,0,74,inf
RL_Full,10,6,3,0,75,inf
RL_Full,10,6,3,0,76,inf
RL_Full,10,6,3,0,77,inf
RL_Full,10,6,3,0,78,inf
RL_Full,10,6,3,0,79,inf
RL_Full,10,6,3,0,80,inf
RL_Full,10,6,3,0,81,inf
RL_Full,10,6,3,0,82,inf
RL_Full,10,6,3,0,83,inf
RL_Full,10,6,3,0,84,inf
RL_Full,10,6,3,0,85,inf
RL_Full,10,6,3,0,86,inf
RL_Full,10,6,3,0,87,inf
RL_Full,10,6,3,0,88,inf
RL_Full,10,6,3,0,89,inf
RL_Full,10,6,3,0,90,inf
RL_Full,10,6,3,0,91,inf
RL_Full,10,6,3,0,92,inf
RL_Full,10,6,3,0,93,inf
RL_Full,10,6,3,0,94,inf
RL_Full,10,6,3,0,95,inf
RL_Full,10,6,3,0,96,inf
RL_Full,10,6,3,0,97,inf
RL_Full,10,6,3,0,98,inf
RL_Full,10,6,3,0,99,inf
RL_Full,10,6,3,0,100,inf
Random,10,6,3,1,1,inf
Random,10,6,3,1,2,inf
Random,10,6,3,1,3,inf
Random,10,6,3,1,4,inf
Random,10,6,3,1,5,inf
Random,10,6,3,1,6,inf
Random,10,6,3,1,7,inf
Random,10,6,3,1,8,inf
Random,10,6,3,1,9,inf
Random,10,6,3,1,10,inf
Random,10,6,3,1,11,inf
Random,10,6,3,1,12,inf
Random,10,6,3,1,13,inf
Random,10,6,3,1,14,inf
Random,10,6,3,1,15,inf
Random,10,6,3,1,16,inf
Random,10,6,3,1,17,inf
Random,10,6,3,1,18,inf
Random,10,6,3,1,19,inf
Random,10,6,3,1,20,inf
Random,10,6,3,1,21,inf
Random,10,6,3,1,22,inf
Random,10,6,3,1,23,inf
Random,10,6,3,1,24,inf
Random,10,6,3,1,25,inf
Random,10,6,3,1,26,inf
Random,10,6,3,1,27,inf
Random,10,6,3,1,28,inf
Random,10,6,3,1,29,inf
Random,10,6,3,1,30,inf
Random,10,6,3,1,31,inf
Random,10,6,3,1,32,inf
Random,10,6,3,1,33,inf
Random,10,6,3,1,34,inf
Random,10,6,3,1,35,inf
Random,10,6,3,1,36,inf
Random,10,6,3,1,37,inf
Random,10,6,3,1,38,inf
Random,10,6,3,1,39,inf
Random,10,6,3,1,40,inf
Random,10,6,3,1,41,inf
Random,10,6,3,1,42,inf
Random,10,6,3,1,43,inf
Random,10,6,3,1,44,inf
Random,10,6,3,1,45,inf
Random,10,6,3,1,46,inf
Random,10,6,3,1,47,inf
Random,10,6,3,1,48,inf
Random,10,6,3,1,49,inf
Random,10,6,3,1,50,inf
Random,10,6,3,1,51,inf
Random,10,6,3,1,52,inf
Random,10,6,3,1,53,inf
Random,10,6,3,1,54,inf
Random,10,6,3,1,55,inf
Random,10,6,3,1,56,inf
Random,10,6,3,1,57,inf
Random,10,6,3,1,58,inf
Random,10,6,3,1,59,inf
Random,10,6,3,1,60,inf
Random,10,6,3,1,61,inf
Random,10,6,3,1,62,inf
Random,10,6,3,1,63,inf
Random,10,6,3,1,64,inf
Random,10,6,3,1,65,inf
Random,10,6,3,1,66,inf
Random,10,6,3,1,67,inf
Random,10,6,3,1,68,inf
Random,10,6,3,1,69,inf
Random,10,6,3,1,70,inf
Random,10,6,3,1,71,inf
Random,10,6,3,1,72,inf
Random,10,6,3,1,73,inf
Random,10,6,3,1,74,inf
Random,10,6,3,1,75,inf
Random,10,6,3,1,76,inf
Random,10,6,3,1,77,inf
Random,10,6,3,1,78,inf
Random,10,6,3,1,79,inf
Random,10,6,3,1,80,inf
Random,10,6,3,1,81,inf
Random,10,6,3,1,82,inf
Random,10,6,3,1,83,inf
Random,10,6,3,1,84,inf
Random,10,6,3,1,85,inf
Random,10,6,3,1,86,inf
Random,10,6,3,1,87,inf
Random,10,6,3,1,88,inf
Random,10,6,3,1,89,inf
Random,10,6,3,1,90,inf
Random,10,6,3,1,91,inf
Random,10,6,3,1,92,inf
Random,10,6,3,1,93,inf
Random,10,6,3,1,94,inf
Random,10,6,3,1,95,inf
Random,10,6,3,1,96,inf
Random,10,6,3,1,97,inf
Random,10,6,3,1,98,inf
Random,10,6,3,1,99,inf
Random,10,6,3,1,100,inf
qLogEI,10,6,3,1,1,inf
qLogEI,10,6,3,1,2,inf
qLogEI,10,6,3,1,3,inf
qLogEI,10,6,3,1,4,inf
qLogEI,10,6,3,1,5,inf
qLogEI,10,6,3,1,6,inf
qLogEI,10,6,3,1,7,inf
qLogEI,10,6,3,1,8,inf
qLogEI,10,6,3,1,9,inf
qLogEI,10,6,3,1,10,inf
qLogEI,10,6,3,1,11,inf
qLogEI,10,6,3,1,12,inf
qLogEI,10,6,3,1,13,inf
qLogEI,10,6,3,1,14,inf
qLogEI,10,6,3,1,15,inf
qLogEI,10,6,3,1,16,inf
qLogEI,10,6,3,1,17,inf
qLogEI,10,6,3,1,18,inf
qLogEI,10,6,3,1,19,inf
qLogEI,10,6,3,1,20,inf
qLogEI,10,6,3,1,21,inf
qLogEI,10,6,3,1,22,inf
qLogEI,10,6,3,1,23,inf
qLogEI,10,6,3,1,24,inf
qLogEI,10,6,3,1,25,inf
qLogEI,10,6,3,1,26,inf
qLogEI,10,6,3,1,27,inf
qLogEI,10,6,3,1,28,inf
qLogEI,10,6,3,1,29,inf
qLogEI,10,6,3,1,30,inf
qLogEI,10,6,3,1,31,inf
qLogEI,10,6,3,1,32,inf
qLogEI,10,6,3,1,33,inf
qLogEI,10,6,3,1,34,inf
qLogEI,10,6,3,1,35,inf
qLogEI,10,6,3,1,36,inf
qLogEI,10,6,3,1,37,inf
qLogEI,10,6,3,1,38,inf
qLogEI,10,6,3,1,39,inf
qLogEI,10,6,3,1,40,inf
qLogEI,10,6,3,1,41,inf
qLogEI,10,6,3,1,42,inf
qLogEI,10,6,3,1,43,inf
qLogEI,10,6,3,1,44,inf
qLogEI,10,6,3,1,45,inf
qLogEI,10,6,3,1,46,inf
qLogEI,10,6,3,1,47,inf
qLogEI,10,6,3,1,48,inf
qLogEI,10,6,3,1,49,inf
qLogEI,10,6,3,1,50,inf
qLogEI,10,6,3,1,51,inf
qLogEI,10,6,3,1,52,inf
qLogEI,10,6,3,1,53,inf
qLogEI,10,6,3,1,54,inf
qLogEI,10,6,3,1,55,inf
qLogEI,10,6,3,1,56,inf
qLogEI,10,6,3,1,57,inf
qLogEI,10,6,3,1,58,inf
qLogEI,10,6,3,1,59,inf
qLogEI,10,6,3,1,60,inf
qLogEI,10,6,3,1,61,inf
qLogEI,10,6,3,1,62,inf
qLogEI,10,6,3,1,63,inf
qLogEI,10,6,3,1,64,inf
qLogEI,10,6,3,1,65,inf
qLogEI,10,6,3,1,66,inf
qLogEI,10,6,3,1,67,inf
qLogEI,10,6,3,1,68,inf
qLogEI,10,6,3,1,69,inf
qLogEI,10,6,3,1,70,inf
qLogEI,10,6,3,1,71,inf
qLogEI,10,6,3,1,72,inf
qLogEI,10,6,3,1,73,inf
qLogEI,10,6,3,1,74,inf
qLogEI,10,6,3,1,75,inf
qLogEI,10,6,3,1,76,inf
qLogEI,10,6,3,1,77,inf
qLogEI,10,6,3,1,78,inf
qLogEI,10,6,3,1,79,inf
qLogEI,10,6,3,1,80,inf
qLogEI,10,6,3,1,81,inf
qLogEI,10,6,3,1,82,inf
qLogEI,10,6,3,1,83,inf
qLogEI,10,6,3,1,84,inf
qLogEI,10,6,3,1,85,inf
qLogEI,10,6,3,1,86,inf
qLogEI,10,6,3,1,87,inf
qLogEI,10,6,3,1,88,inf
qLogEI,10,6,3,1,89,inf
qLogEI,10,6,3,1,90,inf
qLogEI,10,6,3,1,91,inf
qLogEI,10,6,3,1,92,inf
qLogEI,10,6,3,1,93,inf
qLogEI,10,6,3,1,94,inf
qLogEI,10,6,3,1,95,inf
qLogEI,10,6,3,1,96,inf
qLogEI,10,6,3,1,97,inf
qLogEI,10,6,3,1,98,inf
qLogEI,10,6,3,1,99,inf
qLogEI,10,6,3,1,100,inf
RL_Full,10,6,3,1,1,inf
RL_Full,10,6,3,1,2,inf
RL_Full,10,6,3,1,3,inf
RL_Full,10,6,3,1,4,inf
RL_Full,10,6,3,1,5,inf
RL_Full,10,6,3,1,6,inf
RL_Full,10,6,3,1,7,inf
RL_Full,10,6,3,1,8,inf
RL_Full,10,6,3,1,9,inf
RL_Full,10,6,3,1,10,inf
RL_Full,10,6,3,1,11,inf
RL_Full,10,6,3,1,12,inf
RL_Full,10,6,3,1,13,inf
RL_Full,10,6,3,1,14,inf
RL_Full,10,6,3,1,15,inf
RL_Full,10,6,3,1,16,inf
RL_Full,10,6,3,1,17,inf
RL_Full,10,6,3,1,18,inf
RL_Full,10,6,3,1,19,inf
RL_Full,10,6,3,1,20,inf
RL_Full,10,6,3,1,21,inf
RL_Full,10,6,3,1,22,inf
RL_Full,10,6,3,1,23,inf
RL_Full,10,6,3,1,24,inf
RL_Full,10,6,3,1,25,inf
RL_Full,10,6,3,1,26,inf
RL_Full,10,6,3,1,27,inf
RL_Full,10,6,3,1,28,inf
RL_Full,10,6,3,1,29,inf
RL_Full,10,6,3,1,30,inf
RL_Full,10,6,3,1,31,inf
RL_Full,10,6,3,1,32,inf
RL_Full,10,6,3,1,33,inf
RL_Full,10,6,3,1,34,inf
RL_Full,10,6,3,1,35,inf
RL_Full,10,6,3,1,36,inf
RL_Full,10,6,3,1,37,inf
RL_Full,10,6,3,1,38,inf
RL_Full,10,6,3,1,39,inf
RL_Full,10,6,3,1,40,inf
RL_Full,10,6,3,1,41,inf
RL_Full,10,6,3,1,42,inf
RL_Full,10,6,3,1,43,inf
RL_Full,10,6,3,1,44,inf
RL_Full,10,6,3,1,45,inf
RL_Full,10,6,3,1,46,inf
RL_Full,10,6,3,1,47,inf
RL_Full,10,6,3,1,48,inf
RL_Full,10,6,3,1,49,inf
RL_Full,10,6,3,1,50,inf
RL_Full,10,6,3,1,51,inf
RL_Full,10,6,3,1,52,inf
RL_Full,10,6,3,1,53,inf
RL_Full,10,6,3,1,54,inf
RL_Full,10,6,3,1,55,inf
RL_Full,10,6,3,1,56,inf
RL_Full,10,6,3,1,57,inf
RL_Full,10,6,3,1,58,inf
RL_Full,10,6,3,1,59,inf
RL_Full,10,6,3,1,60,inf
RL_Full,10,6,3,1,61,inf
RL_Full,10,6,3,1,62,inf
RL_Full,10,6,3,1,63,inf
RL_Full,10,6,3,1,64,inf
RL_Full,10,6,3,1,65,inf
RL_Full,10,6,3,1,66,inf
RL_Full,10,6,3,1,67,inf
RL_Full,10,6,3,1,68,inf
RL_Full,10,6,3,1,69,inf
RL_Full,10,6,3,1,70,inf
RL_Full,10,6,3,1,71,inf
RL_Full,10,6,3,1,72,inf
RL_Full,10,6,3,1,73,inf
RL_Full,10,6,3,1,74,inf
RL_Full,10,6,3,1,75,inf
RL_Full,10,6,3,1,76,inf
RL_Full,10,6,3,1,77,inf
RL_Full,10,6,3,1,78,inf
RL_Full,10,6,3,1,79,inf
RL_Full,10,6,3,1,80,inf
RL_Full,10,6,3,1,81,inf
RL_Full,10,6,3,1,82,inf
RL_Full,10,6,3,1,83,inf
RL_Full,10,6,3,1,84,inf
RL_Full,10,6,3,1,85,inf
RL_Full,10,6,3,1,86,inf
RL_Full,10,6,3,1,87,inf
RL_Full,10,6,3,1,88,inf
RL_Full,10,6,3,1,89,inf
RL_Full,10,6,3,1,90,inf
RL_Full,10,6,3,1,91,inf
RL_Full,10,6,3,1,92,inf
RL_Full,10,6,3,1,93,inf
RL_Full,10,6,3,1,94,inf
RL_Full,10,6,3,1,95,inf
RL_Full,10,6,3,1,96,inf
RL_Full,10,6,3,1,97,inf
RL_Full,10,6,3,1,98,inf
RL_Full,10,6,3,1,99,inf
RL_Full,10,6,3,1,100,inf
Random,10,6,3,2,1,inf
Random,10,6,3,2,2,inf
Random,10,6,3,2,3,inf
Random,10,6,3,2,4,inf
Random,10,6,3,2,5,inf
Random,10,6,3,2,6,inf
Random,10,6,3,2,7,inf
Random,10,6,3,2,8,inf
Random,10,6,3,2,9,inf
Random,10,6,3,2,10,inf
Random,10,6,3,2,11,inf
Random,10,6,3,2,12,inf
Random,10,6,3,2,13,inf
Random,10,6,3,2,14,inf
Random,10,6,3,2,15,inf
Random,10,6,3,2,16,inf
Random,10,6,3,2,17,inf
Random,10,6,3,2,18,inf
Random,10,6,3,2,19,inf
Random,10,6,3,2,20,inf
Random,10,6,3,2,21,inf
Random,10,6,3,2,22,inf
Random,10,6,3,2,23,inf
Random,10,6,3,2,24,inf
Random,10,6,3,2,25,inf
Random,10,6,3,2,26,inf
Random,10,6,3,2,27,inf
Random,10,6,3,2,28,inf
Random,10,6,3,2,29,inf
Random,10,6,3,2,30,inf
Random,10,6,3,2,31,inf
Random,10,6,3,2,32,inf
Random,10,6,3,2,33,inf
Random,10,6,3,2,34,inf
Random,10,6,3,2,35,inf
Random,10,6,3,2,36,inf
Random,10,6,3,2,37,inf
Random,10,6,3,2,38,inf
Random,10,6,3,2,39,inf
Random,10,6,3,2,40,inf
Random,10,6,3,2,41,inf
Random,10,6,3,2,42,inf
Random,10,6,3,2,43,inf
Random,10,6,3,2,44,inf
Random,10,6,3,2,45,inf
Random,10,6,3,2,46,inf
Random,10,6,3,2,47,inf
Random,10,6,3,2,48,inf
Random,10,6,3,2,49,inf
Random,10,6,3,2,50,inf
Random,10,6,3,2,51,inf
Random,10,6,3,2,52,inf
Random,10,6,3,2,53,inf
Random,10,6,3,2,54,inf
Random,10,6,3,2,55,inf
Random,10,6,3,2,56,inf
Random,10,6,3,2,57,inf
Random,10,6,3,2,58,inf
Random,10,6,3,2,59,inf
Random,10,6,3,2,60,inf
Random,10,6,3,2,61,inf
Random,10,6,3,2,62,inf
Random,10,6,3,2,63,inf
Random,10,6,3,2,64,inf
Random,10,6,3,2,65,inf
Random,10,6,3,2,66,inf
Random,10,6,3,2,67,inf
Random,10,6,3,2,68,inf
Random,10,6,3,2,69,inf
Random,10,6,3,2,70,inf
Random,10,6,3,2,71,inf
Random,10,6,3,2,72,inf
Random,10,6,3,2,73,inf
Random,10,6,3,2,74,inf
Random,10,6,3,2,75,inf
Random,10,6,3,2,76,inf
Random,10,6,3,2,77,inf
Random,10,6,3,2,78,inf
Random,10,6,3,2,79,inf
Random,10,6,3,2,80,inf
Random,10,6,3,2,81,inf
Random,10,6,3,2,82,inf
Random,10,6,3,2,83,inf
Random,10,6,3,2,84,inf
Random,10,6,3,2,85,inf
Random,10,6,3,2,86,inf
Random,10,6,3,2,87,inf
Random,10,6,3,2,88,inf
Random,10,6,3,2,89,inf
Random,10,6,3,2,90,inf
Random,10,6,3,2,91,inf
Random,10,6,3,2,92,inf
Random,10,6,3,2,93,inf
Random,10,6,3,2,94,inf
Random,10,6,3,2,95,inf
Random,10,6,3,2,96,inf
Random,10,6,3,2,97,inf
Random,10,6,3,2,98,inf
Random,10,6,3,2,99,inf
Random,10,6,3,2,100,inf
qLogEI,10,6,3,2,1,inf
qLogEI,10,6,3,2,2,inf
qLogEI,10,6,3,2,3,inf
qLogEI,10,6,3,2,4,inf
qLogEI,10,6,3,2,5,inf
qLogEI,10,6,3,2,6,inf
qLogEI,10,6,3,2,7,inf
qLogEI,10,6,3,2,8,inf
qLogEI,10,6,3,2,9,inf
qLogEI,10,6,3,2,10,inf
qLogEI,10,6,3,2,11,inf
qLogEI,10,6,3,2,12,inf
qLogEI,10,6,3,2,13,inf
qLogEI,10,6,3,2,14,inf
qLogEI,10,6,3,2,15,inf
qLogEI,10,6,3,2,16,inf
qLogEI,10,6,3,2,17,inf
qLogEI,10,6,3,2,18,inf
qLogEI,10,6,3,2,19,inf
qLogEI,10,6,3,2,20,inf
qLogEI,10,6,3,2,21,inf
qLogEI,10,6,3,2,22,inf
qLogEI,10,6,3,2,23,inf
qLogEI,10,6,3,2,24,inf
qLogEI,10,6,3,2,25,inf
qLogEI,10,6,3,2,26,inf
qLogEI,10,6,3,2,27,inf
qLogEI,10,6,3,2,28,inf
qLogEI,10,6,3,2,29,inf
qLogEI,10,6,3,2,30,inf
qLogEI,10,6,3,2,31,inf
qLogEI,10,6,3,2,32,inf
qLogEI,10,6,3,2,33,inf
qLogEI,10,6,3,2,34,inf
qLogEI,10,6,3,2,35,inf
qLogEI,10,6,3,2,36,inf
qLogEI,10,6,3,2,37,inf
qLogEI,10,6,3,2,38,inf
qLogEI,10,6,3,2,39,inf
qLogEI,10,6,3,2,40,inf
qLogEI,10,6,3,2,41,inf
qLogEI,10,6,3,2,42,inf
qLogEI,10,6,3,2,43,inf
qLogEI,10,6,3,2,44,inf
qLogEI,10,6,3,2,45,inf
qLogEI,10,6,3,2,46,inf
qLogEI,10,6,3,2,47,inf
qLogEI,10,6,3,2,48,inf
qLogEI,10,6,3,2,49,inf
qLogEI,10,6,3,2,50,inf
qLogEI,10,6,3,2,51,inf
qLogEI,10,6,3,2,52,inf
qLogEI,10,6,3,2,53,inf
qLogEI,10,6,3,2,54,inf
qLogEI,10,6,3,2,55,inf
qLogEI,10,6,3,2,56,inf
qLogEI,10,6,3,2,57,inf
qLogEI,10,6,3,2,58,inf
qLogEI,10,6,3,2,59,inf
qLogEI,10,6,3,2,60,inf
qLogEI,10,6,3,2,61,inf
qLogEI,10,6,3,2,62,inf
qLogEI,10,6,3,2,63,inf
qLogEI,10,6,3,2,64,inf
qLogEI,10,6,3,2,65,inf
qLogEI,10,6,3,2,66,inf
qLogEI,10,6,3,2,67,inf
qLogEI,10,6,3,2,68,inf
qLogEI,10,6,3,2,69,inf
qLogEI,10,6,3,2,70,inf
qLogEI,10,6,3,2,71,inf
qLogEI,10,6,3,2,72,inf
qLogEI,10,6,3,2,73,inf
qLogEI,10,6,3,2,74,inf
qLogEI,10,6,3,2,75,inf
qLogEI,10,6,3,2,76,inf
qLogEI,10,6,3,2,77,inf
qLogEI,10,6,3,2,78,inf
qLogEI,10,6,3,2,79,inf
qLogEI,10,6,3,2,80,inf
qLogEI,10,6,3,2,81,inf
qLogEI,10,6,3,2,82,inf
qLogEI,10,6,3,2,83,inf
qLogEI,10,6,3,2,84,inf
qLogEI,10,6,3,2,85,inf
qLogEI,10,6,3,2,86,inf
qLogEI,10,6,3,2,87,inf
qLogEI,10,6,3,2,88,inf
qLogEI,10,6,3,2,89,inf
qLogEI,10,6,3,2,90,inf
qLogEI,10,6,3,2,91,inf
qLogEI,10,6,3,2,92,inf
qLogEI,10,6,3,2,93,inf
qLogEI,10,6,3,2,94,inf
qLogEI,10,6,3,2,95,inf
qLogEI,10,6,3,2,96,inf
qLogEI,10,6,3,2,97,inf
qLogEI,10,6,3,2,98,inf
qLogEI,10,6,3,2,99,inf
qLogEI,10,6,3,2,100,inf
RL_Full,10,6,3,2,1,inf
RL_Full,10,6,3,2,2,inf
RL_Full,10,6,3,2,3,inf
RL_Full,10,6,3,2,4,inf
RL_Full,10,6,3,2,5,inf
RL_Full,10,6,3,2,6,inf
RL_Full,10,6,3,2,7,inf
RL_Full,10,6,3,2,8,inf
RL_Full,10,6,3,2,9,inf
RL_Full,10,6,3,2,10,inf
RL_Full,10,6,3,2,11,inf
RL_Full,10,6,3,2,12,inf
RL_Full,10,6,3,2,13,inf
RL_Full,10,6,3,2,14,inf
RL_Full,10,6,3,2,15,inf
RL_Full,10,6,3,2,16,inf
RL_Full,10,6,3,2,17,inf
RL_Full,10,6,3,2,18,inf
RL_Full,10,6,3,2,19,inf
RL_Full,10,6,3,2,20,inf
RL_Full,10,6,3,2,21,inf
RL_Full,10,6,3,2,22,inf
RL_Full,10,6,3,2,23,inf
RL_Full,10,6,3,2,24,inf
RL_Full,10,6,3,2,25,inf
RL_Full,10,6,3,2,26,inf
RL_Full,10,6,3,2,27,inf
RL_Full,10,6,3,2,28,inf
RL_Full,10,6,3,2,29,inf
RL_Full,10,6,3,2,30,inf
RL_Full,10,6,3,2,31,inf
RL_Full,10,6,3,2,32,inf
RL_Full,10,6,3,2,33,inf
RL_Full,10,6,3,2,34,inf
RL_Full,10,6,3,2,35,inf
RL_Full,10,6,3,2,36,inf
RL_Full,10,6,3,2,37,inf
RL_Full,10,6,3,2,38,inf
RL_Full,10,6,3,2,39,inf
RL_Full,10,6,3,2,40,inf
RL_Full,10,6,3,2,41,inf
RL_Full,10,6,3,2,42,inf
RL_Full,10,6,3,2,43,inf
RL_Full,10,6,3,2,44,inf
RL_Full,10,6,3,2,45,inf
RL_Full,10,6,3,2,46,inf
RL_Full,10,6,3,2,47,inf
RL_Full,10,6,3,2,48,inf
RL_Full,10,6,3,2,49,inf
RL_Full,10,6,3,2,50,inf
RL_Full,10,6,3,2,51,inf
RL_Full,10,6,3,2,52,inf
RL_Full,10,6,3,2,53,inf
RL_Full,10,6,3,2,54,inf
RL_Full,10,6,3,2,55,inf
RL_Full,10,6,3,2,56,inf
RL_Full,10,6,3,2,57,inf
RL_Full,10,6,3,2,58,inf
RL_Full,10,6,3,2,59,inf
RL_Full,10,6,3,2,60,inf
RL_Full,10,6,3,2,61,inf
RL_Full,10,6,3,2,62,inf
RL_Full,10,6,3,2,63,inf
RL_Full,10,6,3,2,64,inf
RL_Full,10,6,3,2,65,inf
RL_Full,10,6,3,2,66,inf
RL_Full,10,6,3,2,67,inf
RL_Full,10,6,3,2,68,inf
RL_Full,10,6,3,2,69,inf
RL_Full,10,6,3,2,70,inf
RL_Full,10,6,3,2,71,inf
RL_Full,10,6,3,2,72,inf
RL_Full,10,6,3,2,73,inf
RL_Full,10,6,3,2,74,inf
RL_Full,10,6,3,2,75,inf
RL_Full,10,6,3,2,76,inf
RL_Full,10,6,3,2,77,inf
RL_Full,10,6,3,2,78,inf
RL_Full,10,6,3,2,79,inf
RL_Full,10,6,3,2,80,inf
RL_Full,10,6,3,2,81,inf
RL_Full,10,6,3,2,82,inf
RL_Full,10,6,3,2,83,inf
RL_Full,10,6,3,2,84,inf
RL_Full,10,6,3,2,85,inf
RL_Full,10,6,3,2,86,inf
RL_Full,10,6,3,2,87,inf
RL_Full,10,6,3,2,88,inf
RL_Full,10,6,3,2,89,inf
RL_Full,10,6,3,2,90,inf
RL_Full,10,6,3,2,91,inf
RL_Full,10,6,3,2,92,inf
RL_Full,10,6,3,2,93,inf
RL_Full,10,6,3,2,94,inf
RL_Full,10,6,3,2,95,inf
RL_Full,10,6,3,2,96,inf
RL_Full,10,6,3,2,97,inf
RL_Full,10,6,3,2,98,inf
RL_Full,10,6,3,2,99,inf
RL_Full,10,6,3,2,100,inf
Random,10,6,3,3,1,inf
Random,10,6,3,3,2,inf
Random,10,6,3,3,3,inf
Random,10,6,3,3,4,inf
Random,10,6,3,3,5,inf
Random,10,6,3,3,6,inf
Random,10,6,3,3,7,inf
Random,10,6,3,3,8,inf
Random,10,6,3,3,9,inf
Random,10,6,3,3,10,inf
Random,10,6,3,3,11,inf
Random,10,6,3,3,12,inf
Random,10,6,3,3,13,inf
Random,10,6,3,3,14,inf
Random,10,6,3,3,15,inf
Random,10,6,3,3,16,inf
Random,10,6,3,3,17,inf
Random,10,6,3,3,18,inf
Random,10,6,3,3,19,inf
Random,10,6,3,3,20,inf
Random,10,6,3,3,21,inf
Random,10,6,3,3,22,inf
Random,10,6,3,3,23,inf
Random,10,6,3,3,24,inf
Random,10,6,3,3,25,inf
Random,10,6,3,3,26,inf
Random,10,6,3,3,27,inf
Random,10,6,3,3,28,inf
Random,10,6,3,3,29,inf
Random,10,6,3,3,30,inf
Random,10,6,3,3,31,inf
Random,10,6,3,3,32,inf
Random,10,6,3,3,33,inf
Random,10,6,3,3,34,inf
Random,10,6,3,3,35,inf
Random,10,6,3,3,36,inf
Random,10,6,3,3,37,inf
Random,10,6,3,3,38,inf
Random,10,6,3,3,39,inf
Random,10,6,3,3,40,inf
Random,10,6,3,3,41,inf
Random,10,6,3,3,42,inf
Random,10,6,3,3,43,inf
Random,10,6,3,3,44,inf
Random,10,6,3,3,45,inf
Random,10,6,3,3,46,inf
Random,10,6,3,3,47,inf
Random,10,6,3,3,48,inf
Random,10,6,3,3,49,inf
Random,10,6,3,3,50,inf
Random,10,6,3,3,51,inf
Random,10,6,3,3,52,inf
Random,10,6,3,3,53,inf
Random,10,6,3,3,54,inf
Random,10,6,3,3,55,inf
Random,10,6,3,3,56,inf
Random,10,6,3,3,57,inf
Random,10,6,3,3,58,inf
Random,10,6,3,3,59,inf
Random,10,6,3,3,60,inf
Random,10,6,3,3,61,inf
Random,10,6,3,3,62,inf
Random,10,6,3,3,63,inf
Random,10,6,3,3,64,inf
Random,10,6,3,3,65,inf
Random,10,6,3,3,66,inf
Random,10,6,3,3,67,inf
Random,10,6,3,3,68,inf
Random,10,6,3,3,69,inf
Random,10,6,3,3,70,inf
Random,10,6,3,3,71,inf
Random,10,6,3,3,72,inf
Random,10,6,3,3,73,inf
Random,10,6,3,3,74,inf
Random,10,6,3,3,75,inf
Random,10,6,3,3,76,inf
Random,10,6,3,3,77,inf
Random,10,6,3,3,78,inf
Random,10,6,3,3,79,inf
Random,10,6,3,3,80,inf
Random,10,6,3,3,81,inf
Random,10,6,3,3,82,inf
Random,10,6,3,3,83,inf
Random,10,6,3,3,84,inf
Random,10,6,3,3,85,inf
Random,10,6,3,3,86,inf
Random,10,6,3,3,87,inf
Random,10,6,3,3,88,inf
Random,10,6,3,3,89,inf
Random,10,6,3,3,90,inf
Random,10,6,3,3,91,inf
Random,10,6,3,3,92,inf
Random,10,6,3,3,93,inf
Random,10,6,3,3,94,inf
Random,10,6,3,3,95,inf
Random,10,6,3,3,96,inf
Random,10,6,3,3,97,inf
Random,10,6,3,3,98,inf
Random,10,6,3,3,99,inf
Random,10,6,3,3,100,inf
qLogEI,10,6,3,3,1,inf
qLogEI,10,6,3,3,2,inf
qLogEI,10,6,3,3,3,inf
qLogEI,10,6,3,3,4,inf
qLogEI,10,6,3,3,5,inf
qLogEI,10,6,3,3,6,inf
qLogEI,10,6,3,3,7,inf
qLogEI,10,6,3,3,8,inf
qLogEI,10,6,3,3,9,inf
qLogEI,10,6,3,3,10,inf
qLogEI,10,6,3,3,11,inf
qLogEI,10,6,3,3,12,inf
qLogEI,10,6,3,3,13,inf
qLogEI,10,6,3,3,14,inf
qLogEI,10,6,3,3,15,inf
qLogEI,10,6,3,3,16,inf
qLogEI,10,6,3,3,17,inf
qLogEI,10,6,3,3,18,inf
qLogEI,10,6,3,3,19,inf
qLogEI,10,6,3,3,20,inf
qLogEI,10,6,3,3,21,inf
qLogEI,10,6,3,3,22,inf
qLogEI,10,6,3,3,23,inf
qLogEI,10,6,3,3,24,inf
qLogEI,10,6,3,3,25,inf
qLogEI,10,6,3,3,26,inf
qLogEI,10,6,3,3,27,inf
qLogEI,10,6,3,3,28,inf
qLogEI,10,6,3,3,29,inf
qLogEI,10,6,3,3,30,inf
qLogEI,10,6,3,3,31,inf
qLogEI,10,6,3,3,32,inf
qLogEI,10,6,3,3,33,inf
qLogEI,10,6,3,3,34,inf
qLogEI,10,6,3,3,35,inf
qLogEI,10,6,3,3,36,inf
qLogEI,10,6,3,3,37,inf
qLogEI,10,6,3,3,38,inf
qLogEI,10,6,3,3,39,inf
qLogEI,10,6,3,3,40,inf
qLogEI,10,6,3,3,41,inf
qLogEI,10,6,3,3,42,inf
qLogEI,10,6,3,3,43,inf
qLogEI,10,6,3,3,44,inf
qLogEI,10,6,3,3,45,inf
qLogEI,10,6,3,3,46,inf
qLogEI,10,6,3,3,47,inf
qLogEI,10,6,3,3,48,inf
qLogEI,10,6,3,3,49,inf
qLogEI,10,6,3,3,50,inf
qLogEI,10,6,3,3,51,inf
qLogEI,10,6,3,3,52,inf
qLogEI,10,6,3,3,53,inf
qLogEI,10,6,3,3,54,inf
qLogEI,10,6,3,3,55,inf
qLogEI,10,6,3,3,56,inf
qLogEI,10,6,3,3,57,inf
qLogEI,10,6,3,3,58,inf
qLogEI,10,6,3,3,59,inf
qLogEI,10,6,3,3,60,inf
qLogEI,10,6,3,3,61,inf
qLogEI,10,6,3,3,62,inf
qLogEI,10,6,3,3,63,inf
qLogEI,10,6,3,3,64,inf
qLogEI,10,6,3,3,65,inf
qLogEI,10,6,3,3,66,inf
qLogEI,10,6,3,3,67,inf
qLogEI,10,6,3,3,68,inf
qLogEI,10,6,3,3,69,inf
qLogEI,10,6,3,3,70,inf
qLogEI,10,6,3,3,71,inf
qLogEI,10,6,3,3,72,inf
qLogEI,10,6,3,3,73,inf
qLogEI,10,6,3,3,74,inf
qLogEI,10,6,3,3,75,inf
qLogEI,10,6,3,3,76,inf
qLogEI,10,6,3,3,77,inf
qLogEI,10,6,3,3,78,inf
qLogEI,10,6,3,3,79,inf
qLogEI,10,6,3,3,80,inf
qLogEI,10,6,3,3,81,inf
qLogEI,10,6,3,3,82,inf
qLogEI,10,6,3,3,83,inf
qLogEI,10,6,3,3,84,inf
qLogEI,10,6,3,3,85,inf
qLogEI,10,6,3,3,86,inf
qLogEI,10,6,3,3,87,inf
qLogEI,10,6,3,3,88,inf
qLogEI,10,6,3,3,89,inf
qLogEI,10,6,3,3,90,inf
qLogEI,10,6,3,3,91,inf
qLogEI,10,6,3,3,92,inf
qLogEI,10,6,3,3,93,inf
qLogEI,10,6,3,3,94,inf
qLogEI,10,6,3,3,95,inf
qLogEI,10,6,3,3,96,inf
qLogEI,10,6,3,3,97,inf
qLogEI,10,6,3,3,98,inf
qLogEI,10,6,3,3,99,inf
qLogEI,10,6,3,3,100,inf
RL_Full,10,6,3,3,1,inf
RL_Full,10,6,3,3,2,inf
RL_Full,10,6,3,3,3,inf
RL_Full,10,6,3,3,4,inf
RL_Full,10,6,3,3,5,inf
RL_Full,10,6,3,3,6,inf
RL_Full,10,6,3,3,7,inf
RL_Full,10,6,3,3,8,inf
RL_Full,10,6,3,3,9,inf
RL_Full,10,6,3,3,10,inf
RL_Full,10,6,3,3,11,inf
RL_Full,10,6,3,3,12,inf
RL_Full,10,6,3,3,13,inf
RL_Full,10,6,3,3,14,inf
RL_Full,10,6,3,3,15,inf
RL_Full,10,6,3,3,16,inf
RL_Full,10,6,3,3,17,inf
RL_Full,10,6,3,3,18,inf
RL_Full,10,6,3,3,19,inf
RL_Full,10,6,3,3,20,inf
RL_Full,10,6,3,3,21,inf
RL_Full,10,6,3,3,22,inf
RL_Full,10,6,3,3,23,inf
RL_Full,10,6,3,3,24,inf
RL_Full,10,6,3,3,25,inf
RL_Full,10,6,3,3,26,inf
RL_Full,10,6,3,3,27,inf
RL_Full,10,6,3,3,28,inf
RL_Full,10,6,3,3,29,inf
RL_Full,10,6,3,3,30,inf
RL_Full,10,6,3,3,31,inf
RL_Full,10,6,3,3,32,inf
RL_Full,10,6,3,3,33,inf
RL_Full,10,6,3,3,34,inf
RL_Full,10,6,3,3,35,inf
RL_Full,10,6,3,3,36,inf
RL_Full,10,6,3,3,37,inf
RL_Full,10,6,3,3,38,inf
RL_Full,10,6,3,3,39,inf
RL_Full,10,6,3,3,40,inf
RL_Full,10,6,3,3,41,inf
RL_Full,10,6,3,3,42,inf
RL_Full,10,6,3,3,43,inf
RL_Full,10,6,3,3,44,inf
RL_Full,10,6,3,3,45,inf
RL_Full,10,6,3,3,46,inf
RL_Full,10,6,3,3,47,inf
RL_Full,10,6,3,3,48,inf
RL_Full,10,6,3,3,49,inf
RL_Full,10,6,3,3,50,inf
RL_Full,10,6,3,3,51,inf
RL_Full,10,6,3,3,52,inf
RL_Full,10,6,3,3,53,inf
RL_Full,10,6,3,3,54,inf
RL_Full,10,6,3,3,55,inf
RL_Full,10,6,3,3,56,inf
RL_Full,10,6,3,3,57,inf
RL_Full,10,6,3,3,58,inf
RL_Full,10,6,3,3,59,inf
RL_Full,10,6,3,3,60,inf
RL_Full,10,6,3,3,61,inf
RL_Full,10,6,3,3,62,inf
RL_Full,10,6,3,3,63,inf
RL_Full,10,6,3,3,64,inf
RL_Full,10,6,3,3,65,inf
RL_Full,10,6,3,3,66,inf
RL_Full,10,6,3,3,67,inf
RL_Full,10,6,3,3,68,inf
RL_Full,10,6,3,3,69,inf
RL_Full,10,6,3,3,70,inf
RL_Full,10,6,3,3,71,inf
RL_Full,10,6,3,3,72,inf
RL_Full,10,6,3,3,73,inf
RL_Full,10,6,3,3,74,inf
RL_Full,10,6,3,3,75,inf
RL_Full,10,6,3,3,76,inf
RL_Full,10,6,3,3,77,inf
RL_Full,10,6,3,3,78,inf
RL_Full,10,6,3,3,79,inf
RL_Full,10,6,3,3,80,inf
RL_Full,10,6,3,3,81,inf
RL_Full,10,6,3,3,82,inf
RL_Full,10,6,3,3,83,inf
RL_Full,10,6,3,3,84,inf
RL_Full,10,6,3,3,85,inf
RL_Full,10,6,3,3,86,inf
RL_Full,10,6,3,3,87,inf
RL_Full,10,6,3,3,88,inf
RL_Full,10,6,3,3,89,inf
RL_Full,10,6,3,3,90,inf
RL_Full,10,6,3,3,91,inf
RL_Full,10,6,3,3,92,inf
RL_Full,10,6,3,3,93,inf
RL_Full,10,6,3,3,94,inf
RL_Full,10,6,3,3,95,inf
RL_Full,10,6,3,3,96,inf
RL_Full,10,6,3,3,97,inf
RL_Full,10,6,3,3,98,inf
RL_Full,10,6,3,3,99,inf
RL_Full,10,6,3,3,100,inf
Random,10,6,3,4,1,inf
Random,10,6,3,4,2,inf
Random,10,6,3,4,3,inf
Random,10,6,3,4,4,inf
Random,10,6,3,4,5,inf
Random,10,6,3,4,6,inf
Random,10,6,3,4,7,inf
Random,10,6,3,4,8,inf
Random,10,6,3,4,9,inf
Random,10,6,3,4,10,inf
Random,10,6,3,4,11,inf
Random,10,6,3,4,12,inf
Random,10,6,3,4,13,inf
Random,10,6,3,4,14,inf
Random,10,6,3,4,15,inf
Random,10,6,3,4,16,inf
Random,10,6,3,4,17,inf
Random,10,6,3,4,18,inf
Random,10,6,3,4,19,inf
Random,10,6,3,4,20,inf
Random,10,6,3,4,21,inf
Random,10,6,3,4,22,inf
Random,10,6,3,4,23,inf
Random,10,6,3,4,24,inf
Random,10,6,3,4,25,inf
Random,10,6,3,4,26,inf
Random,10,6,3,4,27,inf
Random,10,6,3,4,28,inf
Random,10,6,3,4,29,inf
Random,10,6,3,4,30,inf
Random,10,6,3,4,31,inf
Random,10,6,3,4,32,inf
Random,10,6,3,4,33,inf
Random,10,6,3,4,34,inf
Random,10,6,3,4,35,inf
Random,10,6,3,4,36,inf
Random,10,6,3,4,37,inf
Random,10,6,3,4,38,inf
Random,10,6,3,4,39,inf
Random,10,6,3,4,40,inf
Random,10,6,3,4,41,inf
Random,10,6,3,4,42,inf
Random,10,6,3,4,43,inf
Random,10,6,3,4,44,inf
Random,10,6,3,4,45,inf
Random,10,6,3,4,46,inf
Random,10,6,3,4,47,inf
Random,10,6,3,4,48,inf
Random,10,6,3,4,49,inf
Random,10,6,3,4,50,inf
Random,10,6,3,4,51,inf
Random,10,6,3,4,52,inf
Random,10,6,3,4,53,inf
Random,10,6,3,4,54,inf
Random,10,6,3,4,55,inf
Random,10,6,3,4,56,inf
Random,10,6,3,4,57,inf
Random,10,6,3,4,58,inf
Random,10,6,3,4,59,inf
Random,10,6,3,4,60,inf
Random,10,6,3,4,61,inf
Random,10,6,3,4,62,inf
Random,10,6,3,4,63,inf
Random,10,6,3,4,64,inf
Random,10,6,3,4,65,inf
Random,10,6,3,4,66,inf
Random,10,6,3,4,67,inf
Random,10,6,3,4,68,inf
Random,10,6,3,4,69,inf
Random,10,6,3,4,70,inf
Random,10,6,3,4,71,inf
Random,10,6,3,4,72,inf
Random,10,6,3,4,73,inf
Random,10,6,3,4,74,inf
Random,10,6,3,4,75,inf
Random,10,6,3,4,76,inf
Random,10,6,3,4,77,inf
Random,10,6,3,4,78,inf
Random,10,6,3,4,79,inf
Random,10,6,3,4,80,inf
Random,10,6,3,4,81,inf
Random,10,6,3,4,82,inf
Random,10,6,3,4,83,inf
Random,10,6,3,4,84,inf
Random,10,6,3,4,85,inf
Random,10,6,3,4,86,inf
Random,10,6,3,4,87,inf
Random,10,6,3,4,88,inf
Random,10,6,3,4,89,inf
Random,10,6,3,4,90,inf
Random,10,6,3,4,91,inf
Random,10,6,3,4,92,inf
Random,10,6,3,4,93,inf
Random,10,6,3,4,94,inf
Random,10,6,3,4,95,inf
Random,10,6,3,4,96,inf
Random,10,6,3,4,97,inf
Random,10,6,3,4,98,inf
Random,10,6,3,4,99,inf
Random,10,6,3,4,100,inf
qLogEI,10,6,3,4,1,inf
qLogEI,10,6,3,4,2,inf
qLogEI,10,6,3,4,3,inf
qLogEI,10,6,3,4,4,inf
qLogEI,10,6,3,4,5,inf
qLogEI,10,6,3,4,6,inf
qLogEI,10,6,3,4,7,inf
qLogEI,10,6,3,4,8,inf
qLogEI,10,6,3,4,9,inf
qLogEI,10,6,3,4,10,inf
qLogEI,10,6,3,4,11,inf
qLogEI,10,6,3,4,12,inf
qLogEI,10,6,3,4,13,inf
qLogEI,10,6,3,4,14,inf
qLogEI,10,6,3,4,15,inf
qLogEI,10,6,3,4,16,inf
qLogEI,10,6,3,4,17,inf
qLogEI,10,6,3,4,18,inf
qLogEI,10,6,3,4,19,inf
qLogEI,10,6,3,4,20,inf
qLogEI,10,6,3,4,21,inf
qLogEI,10,6,3,4,22,inf
qLogEI,10,6,3,4,23,inf
qLogEI,10,6,3,4,24,inf
qLogEI,10,6,3,4,25,inf
qLogEI,10,6,3,4,26,inf
qLogEI,10,6,3,4,27,inf
qLogEI,10,6,3,4,28,inf
qLogEI,10,6,3,4,29,inf
qLogEI,10,6,3,4,30,inf
qLogEI,10,6,3,4,31,inf
qLogEI,10,6,3,4,32,inf
qLogEI,10,6,3,4,33,inf
qLogEI,10,6,3,4,34,inf
qLogEI,10,6,3,4,35,inf
qLogEI,10,6,3,4,36,inf
qLogEI,10,6,3,4,37,inf
qLogEI,10,6,3,4,38,inf
qLogEI,10,6,3,4,39,inf
qLogEI,10,6,3,4,40,inf
qLogEI,10,6,3,4,41,inf
qLogEI,10,6,3,4,42,inf
qLogEI,10,6,3,4,43,inf
qLogEI,10,6,3,4,44,inf
qLogEI,10,6,3,4,45,inf
qLogEI,10,6,3,4,46,inf
qLogEI,10,6,3,4,47,inf
qLogEI,10,6,3,4,48,inf
qLogEI,10,6,3,4,49,inf
qLogEI,10,6,3,4,50,inf
qLogEI,10,6,3,4,51,inf
qLogEI,10,6,3,4,52,inf
qLogEI,10,6,3,4,53,inf
qLogEI,10,6,3,4,54,inf
qLogEI,10,6,3,4,55,inf
qLogEI,10,6,3,4,56,inf
qLogEI,10,6,3,4,57,inf
qLogEI,10,6,3,4,58,inf
qLogEI,10,6,3,4,59,inf
qLogEI,10,6,3,4,60,inf
qLogEI,10,6,3,4,61,inf
qLogEI,10,6,3,4,62,inf
qLogEI,10,6,3,4,63,inf
qLogEI,10,6,3,4,64,inf
qLogEI,10,6,3,4,65,inf
qLogEI,10,6,3,4,66,inf
qLogEI,10,6,3,4,67,inf
qLogEI,10,6,3,4,68,inf
qLogEI,10,6,3,4,69,inf
qLogEI,10,6,3,4,70,inf
qLogEI,10,6,3,4,71,inf
qLogEI,10,6,3,4,72,inf
qLogEI,10,6,3,4,73,inf
qLogEI,10,6,3,4,74,inf
qLogEI,10,6,3,4,75,inf
qLogEI,10,6,3,4,76,inf
qLogEI,10,6,3,4,77,inf
qLogEI,10,6,3,4,78,inf
qLogEI,10,6,3,4,79,inf
qLogEI,10,6,3,4,80,inf
qLogEI,10,6,3,4,81,inf
qLogEI,10,6,3,4,82,inf
qLogEI,10,6,3,4,83,inf
qLogEI,10,6,3,4,84,inf
qLogEI,10,6,3,4,85,inf
qLogEI,10,6,3,4,86,inf
qLogEI,10,6,3,4,87,inf
qLogEI,10,6,3,4,88,inf
qLogEI,10,6,3,4,89,inf
qLogEI,10,6,3,4,90,inf
qLogEI,10,6,3,4,91,inf
qLogEI,10,6,3,4,92,inf
qLogEI,10,6,3,4,93,inf
qLogEI,10,6,3,4,94,inf
qLogEI,10,6,3,4,95,inf
qLogEI,10,6,3,4,96,inf
qLogEI,10,6,3,4,97,inf
qLogEI,10,6,3,4,98,inf
qLogEI,10,6,3,4,99,inf
qLogEI,10,6,3,4,100,inf
RL_Full,10,6,3,4,1,inf
RL_Full,10,6,3,4,2,inf
RL_Full,10,6,3,4,3,inf
RL_Full,10,6,3,4,4,inf
RL_Full,10,6,3,4,5,inf
RL_Full,10,6,3,4,6,inf
RL_Full,10,6,3,4,7,inf
RL_Full,10,6,3,4,8,inf
RL_Full,10,6,3,4,9,inf
RL_Full,10,6,3,4,10,inf
RL_Full,10,6,3,4,11,inf
RL_Full,10,6,3,4,12,inf
RL_Full,10,6,3,4,13,inf
RL_Full,10,6,3,4,14,inf
RL_Full,10,6,3,4,15,inf
RL_Full,10,6,3,4,16,inf
RL_Full,10,6,3,4,17,inf
RL_Full,10,6,3,4,18,inf
RL_Full,10,6,3,4,19,inf
RL_Full,10,6,3,4,20,inf
RL_Full,10,6,3,4,21,inf
RL_Full,10,6,3,4,22,inf
RL_Full,10,6,3,4,23,inf
RL_Full,10,6,3,4,24,inf
RL_Full,10,6,3,4,25,inf
RL_Full,10,6,3,4,26,inf
RL_Full,10,6,3,4,27,inf
RL_Full,10,6,3,4,28,inf
RL_Full,10,6,3,4,29,inf
RL_Full,10,6,3,4,30,inf
RL_Full,10,6,3,4,31,inf
RL_Full,10,6,3,4,32,inf
RL_Full,10,6,3,4,33,inf
RL_Full,10,6,3,4,34,inf
RL_Full,10,6,3,4,35,inf
RL_Full,10,6,3,4,36,inf
RL_Full,10,6,3,4,37,inf
RL_Full,10,6,3,4,38,inf
RL_Full,10,6,3,4,39,inf
RL_Full,10,6,3,4,40,inf
RL_Full,10,6,3,4,41,inf
RL_Full,10,6,3,4,42,inf
RL_Full,10,6,3,4,43,inf
RL_Full,10,6,3,4,44,inf
RL_Full,10,6,3,4,45,inf
RL_Full,10,6,3,4,46,inf
RL_Full,10,6,3,4,47,inf
RL_Full,10,6,3,4,48,inf
RL_Full,10,6,3,4,49,inf
RL_Full,10,6,3,4,50,inf
RL_Full,10,6,3,4,51,inf
RL_Full,10,6,3,4,52,inf
RL_Full,10,6,3,4,53,inf
RL_Full,10,6,3,4,54,inf
RL_Full,10,6,3,4,55,inf
RL_Full,10,6,3,4,56,inf
RL_Full,10,6,3,4,57,inf
RL_Full,10,6,3,4,58,inf
RL_Full,10,6,3,4,59,inf
RL_Full,10,6,3,4,60,inf
RL_Full,10,6,3,4,61,inf
RL_Full,10,6,3,4,62,inf
RL_Full,10,6,3,4,63,inf
RL_Full,10,6,3,4,64,inf
RL_Full,10,6,3,4,65,inf
RL_Full,10,6,3,4,66,inf
RL_Full,10,6,3,4,67,inf
RL_Full,10,6,3,4,68,inf
RL_Full,10,6,3,4,69,inf
RL_Full,10,6,3,4,70,inf
RL_Full,10,6,3,4,71,inf
RL_Full,10,6,3,4,72,inf
RL_Full,10,6,3,4,73,inf
RL_Full,10,6,3,4,74,inf
RL_Full,10,6,3,4,75,inf
RL_Full,10,6,3,4,76,inf
RL_Full,10,6,3,4,77,inf
RL_Full,10,6,3,4,78,inf
RL_Full,10,6,3,4,79,inf
RL_Full,10,6,3,4,80,inf
RL_Full,10,6,3,4,81,inf
RL_Full,10,6,3,4,82,inf
RL_Full,10,6,3,4,83,inf
RL_Full,10,6,3,4,84,inf
RL_Full,10,6,3,4,85,inf
RL_Full,10,6,3,4,86,inf
RL_Full,10,6,3,4,87,inf
RL_Full,10,6,3,4,88,inf
RL_Full,10,6,3,4,89,inf
RL_Full,10,6,3,4,90,inf
RL_Full,10,6,3,4,91,inf
RL_Full,10,6,3,4,92,inf
RL_Full,10,6,3,4,93,inf
RL_Full,10,6,3,4,94,inf
RL_Full,10,6,3,4,95,inf
RL_Full,10,6,3,4,96,inf
RL_Full,10,6,3,4,97,inf
RL_Full,10,6,3,4,98,inf
RL_Full,10,6,3,4,99,inf
RL_Full,10,6,3,4,100,inf
Random,10,50,1,0,1,inf
Random,10,50,1,0,2,inf
Random,10,50,1,0,3,inf
Random,10,50,1,0,4,inf
Random,10,50,1,0,5,inf
Random,10,50,1,0,6,inf
Random,10,50,1,0,7,inf
Random,10,50,1,0,8,inf
Random,10,50,1,0,9,inf
Random,10,50,1,0,10,inf
Random,10,50,1,0,11,inf
Random,10,50,1,0,12,inf
Random,10,50,1,0,13,inf
Random,10,50,1,0,14,inf
Random,10,50,1,0,15,inf
Random,10,50,1,0,16,inf
Random,10,50,1,0,17,inf
Random,10,50,1,0,18,inf
Random,10,50,1,0,19,inf
Random,10,50,1,0,20,inf
Random,10,50,1,0,21,inf
Random,10,50,1,0,22,inf
Random,10,50,1,0,23,inf
Random,10,50,1,0,24,inf
Random,10,50,1,0,25,inf
Random,10,50,1,0,26,inf
Random,10,50,1,0,27,inf
Random,10,50,1,0,28,inf
Random,10,50,1,0,29,inf
Random,10,50,1,0,30,inf
Random,10,50,1,0,31,inf
Random,10,50,1,0,32,inf
Random,10,50,1,0,33,inf
Random,10,50,1,0,34,inf
Random,10,50,1,0,35,inf
Random,10,50,1,0,36,inf
Random,10,50,1,0,37,inf
Random,10,50,1,0,38,inf
Random,10,50,1,0,39,inf
Random,10,50,1,0,40,inf
Random,10,50,1,0,41,inf
Random,10,50,1,0,42,inf
Random,10,50,1,0,43,inf
Random,10,50,1,0,44,2645.9799228791558
Random,10,50,1,0,45,2645.9799228791558
Random,10,50,1,0,46,2645.9799228791558
Random,10,50,1,0,47,2645.9799228791558
Random,10,50,1,0,48,2645.9799228791558
Random,10,50,1,0,49,2645.9799228791558
Random,10,50,1,0,50,2645.9799228791558
Random,10,50,1,0,51,2645.9799228791558
Random,10,50,1,0,52,2645.9799228791558
Random,10,50,1,0,53,2645.9799228791558
Random,10,50,1,0,54,2645.9799228791558
Random,10,50,1,0,55,2645.9799228791558
Random,10,50,1,0,56,2645.9799228791558
Random,10,50,1,0,57,2645.9799228791558
Random,10,50,1,0,58,2645.9799228791558
Random,10,50,1,0,59,2645.9799228791558
Random,10,50,1,0,60,2645.9799228791558
Random,10,50,1,0,61,2645.9799228791558
Random,10,50,1,0,62,2645.9799228791558
Random,10,50,1,0,63,2645.9799228791558
Random,10,50,1,0,64,2645.9799228791558
Random,10,50,1,0,65,2645.9799228791558
Random,10,50,1,0,66,2645.9799228791558
Random,10,50,1,0,67,2645.9799228791558
Random,10,50,1,0,68,2645.9799228791558
Random,10,50,1,0,69,2645.9799228791558
Random,10,50,1,0,70,2645.9799228791558
Random,10,50,1,0,71,2645.9799228791558
Random,10,50,1,0,72,2645.9799228791558
Random,10,50,1,0,73,2645.9799228791558
Random,10,50,1,0,74,2645.9799228791558
Random,10,50,1,0,75,2645.9799228791558
Random,10,50,1,0,76,2645.9799228791558
Random,10,50,1,0,77,2645.9799228791558
Random,10,50,1,0,78,2645.9799228791558
Random,10,50,1,0,79,2645.9799228791558
Random,10,50,1,0,80,2645.9799228791558
Random,10,50,1,0,81,2645.9799228791558
Random,10,50,1,0,82,2645.9799228791558
Random,10,50,1,0,83,2645.9799228791558
Random,10,50,1,0,84,2645.9799228791558
Random,10,50,1,0,85,2645.9799228791558
Random,10,50,1,0,86,2645.9799228791558
Random,10,50,1,0,87,2645.9799228791558
Random,10,50,1,0,88,2645.9799228791558
Random,10,50,1,0,89,2645.9799228791558
Random,10,50,1,0,90,2645.9799228791558
Random,10,50,1,0,91,2645.9799228791558
Random,10,50,1,0,92,2645.9799228791558
Random,10,50,1,0,93,2645.9799228791558
Random,10,50,1,0,94,2645.9799228791558
Random,10,50,1,0,95,2645.9799228791558
Random,10,50,1,0,96,2645.9799228791558
Random,10,50,1,0,97,2645.9799228791558
Random,10,50,1,0,98,2645.9799228791558
Random,10,50,1,0,99,2645.9799228791558
Random,10,50,1,0,100,2645.9799228791558
qLogEI,10,50,1,0,1,inf
qLogEI,10,50,1,0,2,inf
qLogEI,10,50,1,0,3,inf
qLogEI,10,50,1,0,4,inf
qLogEI,10,50,1,0,5,inf
qLogEI,10,50,1,0,6,inf
qLogEI,10,50,1,0,7,inf
qLogEI,10,50,1,0,8,inf
qLogEI,10,50,1,0,9,inf
qLogEI,10,50,1,0,10,inf
qLogEI,10,50,1,0,11,inf
qLogEI,10,50,1,0,12,inf
qLogEI,10,50,1,0,13,inf
qLogEI,10,50,1,0,14,inf
qLogEI,10,50,1,0,15,inf
qLogEI,10,50,1,0,16,inf
qLogEI,10,50,1,0,17,inf
qLogEI,10,50,1,0,18,inf
qLogEI,10,50,1,0,19,inf
qLogEI,10,50,1,0,20,inf
qLogEI,10,50,1,0,21,inf
qLogEI,10,50,1,0,22,inf
qLogEI,10,50,1,0,23,inf
qLogEI,10,50,1,0,24,inf
qLogEI,10,50,1,0,25,inf
qLogEI,10,50,1,0,26,inf
qLogEI,10,50,1,0,27,inf
qLogEI,10,50,1,0,28,inf
qLogEI,10,50,1,0,29,inf
qLogEI,10,50,1,0,30,inf
qLogEI,10,50,1,0,31,inf
qLogEI,10,50,1,0,32,3192.7831438392823
qLogEI,10,50,1,0,33,3192.7831438392823
qLogEI,10,50,1,0,34,3192.7831438392823
qLogEI,10,50,1,0,35,3192.7831438392823
qLogEI,10,50,1,0,36,3192.7831438392823
qLogEI,10,50,1,0,37,3192.7831438392823
qLogEI,10,50,1,0,38,3192.7831438392823
qLogEI,10,50,1,0,39,3192.7831438392823
qLogEI,10,50,1,0,40,3192.7831438392823
qLogEI,10,50,1,0,41,3192.7831438392823
qLogEI,10,50,1,0,42,3192.7831438392823
qLogEI,10,50,1,0,43,3192.7831438392823
qLogEI,10,50,1,0,44,3192.7831438392823
qLogEI,10,50,1,0,45,3192.7831438392823
qLogEI,10,50,1,0,46,3192.7831438392823
qLogEI,10,50,1,0,47,3192.7831438392823
qLogEI,10,50,1,0,48,3192.7831438392823
qLogEI,10,50,1,0,49,3192.7831438392823
qLogEI,10,50,1,0,50,3192.7831438392823
qLogEI,10,50,1,0,51,3192.7831438392823
qLogEI,10,50,1,0,52,3192.7831438392823
qLogEI,10,50,1,0,53,3192.7831438392823
qLogEI,10,50,1,0,54,3192.7831438392823
qLogEI,10,50,1,0,55,3192.7831438392823
qLogEI,10,50,1,0,56,3192.7831438392823
qLogEI,10,50,1,0,57,3192.7831438392823
qLogEI,10,50,1,0,58,3192.7831438392823
qLogEI,10,50,1,0,59,3192.7831438392823
qLogEI,10,50,1,0,60,3192.7831438392823
qLogEI,10,50,1,0,61,3192.7831438392823
qLogEI,10,50,1,0,62,3192.7831438392823
qLogEI,10,50,1,0,63,3192.7831438392823
qLogEI,10,50,1,0,64,3192.7831438392823
qLogEI,10,50,1,0,65,3192.7831438392823
qLogEI,10,50,1,0,66,3192.7831438392823
qLogEI,10,50,1,0,67,3192.7831438392823
qLogEI,10,50,1,0,68,3192.7831438392823
qLogEI,10,50,1,0,69,3192.7831438392823
qLogEI,10,50,1,0,70,3192.7831438392823
qLogEI,10,50,1,0,71,3192.7831438392823
qLogEI,10,50,1,0,72,3192.7831438392823
qLogEI,10,50,1,0,73,3192.7831438392823
qLogEI,10,50,1,0,74,3192.7831438392823
qLogEI,10,50,1,0,75,3192.7831438392823
qLogEI,10,50,1,0,76,2843.28541866789
qLogEI,10,50,1,0,77,2843.28541866789
qLogEI,10,50,1,0,78,2843.28541866789
qLogEI,10,50,1,0,79,1892.7613304687904
qLogEI,10,50,1,0,80,1892.7613304687904
qLogEI,10,50,1,0,81,1892.7613304687904
qLogEI,10,50,1,0,82,1892.7613304687904
qLogEI,10,50,1,0,83,1892.7613304687904
qLogEI,10,50,1,0,84,1579.5217581897534
qLogEI,10,50,1,0,85,1579.5217581897534
qLogEI,10,50,1,0,86,1386.4949822465346
qLogEI,10,50,1,0,87,1386.4949822465346
qLogEI,10,50,1,0,88,1386.4949822465346
qLogEI,10,50,1,0,89,1386.4949822465346
qLogEI,10,50,1,0,90,1386.4949822465346
qLogEI,10,50,1,0,91,1386.4949822465346
qLogEI,10,50,1,0,92,1386.4949822465346
qLogEI,10,50,1,0,93,1386.4949822465346
qLogEI,10,50,1,0,94,1386.4949822465346
qLogEI,10,50,1,0,95,1386.4949822465346
qLogEI,10,50,1,0,96,1386.4949822465346
qLogEI,10,50,1,0,97,1386.4949822465346
qLogEI,10,50,1,0,98,1386.4949822465346
qLogEI,10,50,1,0,99,1386.4949822465346
qLogEI,10,50,1,0,100,1386.4949822465346
RL_Full,10,50,1,0,1,inf
RL_Full,10,50,1,0,2,inf
RL_Full,10,50,1,0,3,inf
RL_Full,10,50,1,0,4,inf
RL_Full,10,50,1,0,5,inf
RL_Full,10,50,1,0,6,inf
RL_Full,10,50,1,0,7,inf
RL_Full,10,50,1,0,8,inf
RL_Full,10,50,1,0,9,inf
RL_Full,10,50,1,0,10,inf
RL_Full,10,50,1,0,11,inf
RL_Full,10,50,1,0,12,inf
RL_Full,10,50,1,0,13,inf
RL_Full,10,50,1,0,14,inf
RL_Full,10,50,1,0,15,inf
RL_Full,10,50,1,0,16,inf
RL_Full,10,50,1,0,17,inf
RL_Full,10,50,1,0,18,inf
RL_Full,10,50,1,0,19,inf
RL_Full,10,50,1,0,20,inf
RL_Full,10,50,1,0,21,inf
RL_Full,10,50,1,0,22,inf
RL_Full,10,50,1,0,23,inf
RL_Full,10,50,1,0,24,inf
RL_Full,10,50,1,0,25,inf
RL_Full,10,50,1,0,26,inf
RL_Full,10,50,1,0,27,inf
RL_Full,10,50,1,0,28,inf
RL_Full,10,50,1,0,29,inf
RL_Full,10,50,1,0,30,inf
RL_Full,10,50,1,0,31,inf
RL_Full,10,50,1,0,32,inf
RL_Full,10,50,1,0,33,inf
RL_Full,10,50,1,0,34,inf
RL_Full,10,50,1,0,35,inf
RL_Full,10,50,1,0,36,inf
RL_Full,10,50,1,0,37,inf
RL_Full,10,50,1,0,38,inf
RL_Full,10,50,1,0,39,inf
RL_Full,10,50,1,0,40,inf
RL_Full,10,50,1,0,41,inf
RL_Full,10,50,1,0,42,inf
RL_Full,10,50,1,0,43,inf
RL_Full,10,50,1,0,44,inf
RL_Full,10,50,1,0,45,inf
RL_Full,10,50,1,0,46,inf
RL_Full,10,50,1,0,47,inf
RL_Full,10,50,1,0,48,inf
RL_Full,10,50,1,0,49,inf
RL_Full,10,50,1,0,50,inf
RL_Full,10,50,1,0,51,inf
RL_Full,10,50,1,0,52,inf
RL_Full,10,50,1,0,53,inf
RL_Full,10,50,1,0,54,inf
RL_Full,10,50,1,0,55,inf
RL_Full,10,50,1,0,56,inf
RL_Full,10,50,1,0,57,inf
RL_Full,10,50,1,0,58,inf
RL_Full,10,50,1,0,59,inf
RL_Full,10,50,1,0,60,inf
RL_Full,10,50,1,0,61,inf
RL_Full,10,50,1,0,62,inf
RL_Full,10,50,1,0,63,inf
RL_Full,10,50,1,0,64,inf
RL_Full,10,50,1,0,65,inf
RL_Full,10,50,1,0,66,inf
RL_Full,10,50,1,0,67,inf
RL_Full,10,50,1,0,68,inf
RL_Full,10,50,1,0,69,inf
RL_Full,10,50,1,0,70,inf
RL_Full,10,50,1,0,71,inf
RL_Full,10,50,1,0,72,inf
RL_Full,10,50,1,0,73,inf
RL_Full,10,50,1,0,74,inf
RL_Full,10,50,1,0,75,inf
RL_Full,10,50,1,0,76,inf
RL_Full,10,50,1,0,77,inf
RL_Full,10,50,1,0,78,inf
RL_Full,10,50,1,0,79,inf
RL_Full,10,50,1,0,80,inf
RL_Full,10,50,1,0,81,inf
RL_Full,10,50,1,0,82,inf
RL_Full,10,50,1,0,83,inf
RL_Full,10,50,1,0,84,inf
RL_Full,10,50,1,0,85,inf
RL_Full,10,50,1,0,86,inf
RL_Full,10,50,1,0,87,inf
RL_Full,10,50,1,0,88,inf
RL_Full,10,50,1,0,89,inf
RL_Full,10,50,1,0,90,inf
RL_Full,10,50,1,0,91,inf
RL_Full,10,50,1,0,92,inf
RL_Full,10,50,1,0,93,inf
RL_Full,10,50,1,0,94,inf
RL_Full,10,50,1,0,95,inf
RL_Full,10,50,1,0,96,inf
RL_Full,10,50,1,0,97,inf
RL_Full,10,50,1,0,98,inf
RL_Full,10,50,1,0,99,inf
RL_Full,10,50,1,0,100,inf
Random,10,50,1,1,1,inf
Random,10,50,1,1,2,4250.973553297999
Random,10,50,1,1,3,4250.973553297999
Random,10,50,1,1,4,4250.973553297999
Random,10,50,1,1,5,4250.973553297999
Random,10,50,1,1,6,4250.973553297999
Random,10,50,1,1,7,2429.498432639624
Random,10,50,1,1,8,2429.498432639624
Random,10,50,1,1,9,2429.498432639624
Random,10,50,1,1,10,2429.498432639624
Random,10,50,1,1,11,2429.498432639624
Random,10,50,1,1,12,2429.498432639624
Random,10,50,1,1,13,2429.498432639624
Random,10,50,1,1,14,2429.498432639624
Random,10,50,1,1,15,2429.498432639624
Random,10,50,1,1,16,2429.498432639624
Random,10,50,1,1,17,2429.498432639624
Random,10,50,1,1,18,2429.498432639624
Random,10,50,1,1,19,2429.498432639624
Random,10,50,1,1,20,2429.498432639624
Random,10,50,1,1,21,2429.498432639624
Random,10,50,1,1,22,2429.498432639624
Random,10,50,1,1,23,2429.498432639624
Random,10,50,1,1,24,2429.498432639624
Random,10,50,1,1,25,2429.498432639624
Random,10,50,1,1,26,2429.498432639624
Random,10,50,1,1,27,2429.498432639624
Random,10,50,1,1,28,2429.498432639624
Random,10,50,1,1,29,2429.498432639624
Random,10,50,1,1,30,2429.498432639624
Random,10,50,1,1,31,2429.498432639624
Random,10,50,1,1,32,2429.498432639624
Random,10,50,1,1,33,2429.498432639624
Random,10,50,1,1,34,2429.498432639624
Random,10,50,1,1,35,2429.498432639624
Random,10,50,1,1,36,2429.498432639624
Random,10,50,1,1,37,2429.498432639624
Random,10,50,1,1,38,2429.498432639624
Random,10,50,1,1,39,2429.498432639624
Random,10,50,1,1,40,2429.498432639624
Random,10,50,1,1,41,2429.498432639624
Random,10,50,1,1,42,2429.498432639624
Random,10,50,1,1,43,2429.498432639624
Random,10,50,1,1,44,2429.498432639624
Random,10,50,1,1,45,2429.498432639624
Random,10,50,1,1,46,2429.498432639624
Random,10,50,1,1,47,2429.498432639624
Random,10,50,1,1,48,2429.498432639624
Random,10,50,1,1,49,2429.498432639624
Random,10,50,1,1,50,2429.498432639624
Random,10,50,1,1,51,2429.498432639624
Random,10,50,1,1,52,2429.498432639624
Random,10,50,1,1,53,2429.498432639624
Random,10,50,1,1,54,2429.498432639624
Random,10,50,1,1,55,2429.498432639624
Random,10,50,1,1,56,2429.498432639624
Random,10,50,1,1,57,2429.498432639624
Random,10,50,1,1,58,2429.498432639624
Random,10,50,1,1,59,2429.498432639624
Random,10,50,1,1,60,2429.498432639624
Random,10,50,1,1,61,2429.498432639624
Random,10,50,1,1,62,2429.498432639624
Random,10,50,1,1,63,2429.498432639624
Random,10,50,1,1,64,2429.498432639624
Random,10,50,1,1,65,2429.498432639624
Random,10,50,1,1,66,2429.498432639624
Random,10,50,1,1,67,2429.498432639624
Random,10,50,1,1,68,2429.498432639624
Random,10,50,1,1,69,2429.498432639624
Random,10,50,1,1,70,2429.498432639624
Random,10,50,1,1,71,2429.498432639624
Random,10,50,1,1,72,2429.498432639624
Random,10,50,1,1,73,2429.498432639624
Random,10,50,1,1,74,2429.498432639624
Random,10,50,1,1,75,2429.498432639624
Random,10,50,1,1,76,2429.498432639624
Random,10,50,1,1,77,2429.498432639624
Random,10,50,1,1,78,2429.498432639624
Random,10,50,1,1,79,2429.498432639624
Random,10,50,1,1,80,2429.498432639624
Random,10,50,1,1,81,2429.498432639624
Random,10,50,1,1,82,2429.498432639624
Random,10,50,1,1,83,2429.498432639624
Random,10,50,1,1,84,2429.498432639624
Random,10,50,1,1,85,2429.498432639624
Random,10,50,1,1,86,2429.498432639624
Random,10,50,1,1,87,2429.498432639624
Random,10,50,1,1,88,2429.498432639624
Random,10,50,1,1,89,2429.498432639624
Random,10,50,1,1,90,2429.498432639624
Random,10,50,1,1,91,2429.498432639624
Random,10,50,1,1,92,2429.498432639624
Random,10,50,1,1,93,2429.498432639624
Random,10,50,1,1,94,2429.498432639624
Random,10,50,1,1,95,2429.498432639624
Random,10,50,1,1,96,2429.498432639624
Random,10,50,1,1,97,2429.498432639624
Random,10,50,1,1,98,2429.498432639624
Random,10,50,1,1,99,2429.498432639624
Random,10,50,1,1,100,2429.498432639624
qLogEI,10,50,1,1,1,inf
qLogEI,10,50,1,1,2,4250.973553297999
qLogEI,10,50,1,1,3,4250.973553297999
qLogEI,10,50,1,1,4,4250.973553297999
qLogEI,10,50,1,1,5,4250.973553297999
qLogEI,10,50,1,1,6,4250.973553297999
qLogEI,10,50,1,1,7,2429.498432639624
qLogEI,10,50,1,1,8,2429.498432639624
qLogEI,10,50,1,1,9,2429.498432639624
qLogEI,10,50,1,1,10,2429.498432639624
qLogEI,10,50,1,1,11,2429.498432639624
qLogEI,10,50,1,1,12,2429.498432639624
qLogEI,10,50,1,1,13,2429.498432639624
qLogEI,10,50,1,1,14,2429.498432639624
qLogEI,10,50,1,1,15,2429.498432639624
qLogEI,10,50,1,1,16,2429.498432639624
qLogEI,10,50,1,1,17,2429.498432639624
qLogEI,10,50,1,1,18,2429.498432639624
qLogEI,10,50,1,1,19,2429.498432639624
qLogEI,10,50,1,1,20,2429.498432639624
qLogEI,10,50,1,1,21,2429.498432639624
qLogEI,10,50,1,1,22,2429.498432639624
qLogEI,10,50,1,1,23,2429.498432639624
qLogEI,10,50,1,1,24,2429.498432639624
qLogEI,10,50,1,1,25,2429.498432639624
qLogEI,10,50,1,1,26,2429.498432639624
qLogEI,10,50,1,1,27,2429.498432639624
qLogEI,10,50,1,1,28,2429.498432639624
qLogEI,10,50,1,1,29,2429.498432639624
qLogEI,10,50,1,1,30,2429.498432639624
qLogEI,10,50,1,1,31,2429.498432639624
qLogEI,10,50,1,1,32,2429.498432639624
qLogEI,10,50,1,1,33,2429.498432639624
qLogEI,10,50,1,1,34,2429.498432639624
qLogEI,10,50,1,1,35,2429.498432639624
qLogEI,10,50,1,1,36,2297.1278442392913
qLogEI,10,50,1,1,37,2297.1278442392913
qLogEI,10,50,1,1,38,2297.1278442392913
qLogEI,10,50,1,1,39,2297.1278442392913
qLogEI,10,50,1,1,40,2297.1278442392913
qLogEI,10,50,1,1,41,2297.1278442392913
qLogEI,10,50,1,1,42,2286.1729100992243
qLogEI,10,50,1,1,43,2286.1729100992243
qLogEI,10,50,1,1,44,2286.1729100992243
qLogEI,10,50,1,1,45,2286.1729100992243
qLogEI,10,50,1,1,46,2286.1729100992243
qLogEI,10,50,1,1,47,2286.1729100992243
qLogEI,10,50,1,1,48,2286.1729100992243
qLogEI,10,50,1,1,49,2286.1729100992243
qLogEI,10,50,1,1,50,2286.1729100992243
qLogEI,10,50,1,1,51,2078.7789165473173
qLogEI,10,50,1,1,52,2078.7789165473173
qLogEI,10,50,1,1,53,2078.7789165473173
qLogEI,10,50,1,1,54,2078.7789165473173
qLogEI,10,50,1,1,55,1755.8715087479673
qLogEI,10,50,1,1,56,1755.8715087479673
qLogEI,10,50,1,1,57,1755.8715087479673
qLogEI,10,50,1,1,58,1755.8715087479673
qLogEI,10,50,1,1,59,1755.8715087479673
qLogEI,10,50,1,1,60,1755.8715087479673
qLogEI,10,50,1,1,61,1755.8715087479673
qLogEI,10,50,1,1,62,1755.8715087479673
qLogEI,10,50,1,1,63,1755.8715087479673
qLogEI,10,50,1,1,64,1755.8715087479673
qLogEI,10,50,1,1,65,1755.8715087479673
qLogEI,10,50,1,1,66,1755.8715087479673
qLogEI,10,50,1,1,67,1755.8715087479673
qLogEI,10,50,1,1,68,1755.8715087479673
qLogEI,10,50,1,1,69,1755.8715087479673
qLogEI,10,50,1,1,70,1755.8715087479673
qLogEI,10,50,1,1,71,1755.8715087479673
qLogEI,10,50,1,1,72,1755.8715087479673
qLogEI,10,50,1,1,73,1755.8715087479673
qLogEI,10,50,1,1,74,1755.8715087479673
qLogEI,10,50,1,1,75,1755.8715087479673
qLogEI,10,50,1,1,76,1755.8715087479673
qLogEI,10,50,1,1,77,1755.8715087479673
qLogEI,10,50,1,1,78,1755.8715087479673
qLogEI,10,50,1,1,79,1755.8715087479673
qLogEI,10,50,1,1,80,1755.8715087479673
qLogEI,10,50,1,1,81,1755.8715087479673
qLogEI,10,50,1,1,82,1753.6145022562825
qLogEI,10,50,1,1,83,1753.6145022562825
qLogEI,10,50,1,1,84,1753.6145022562825
qLogEI,10,50,1,1,85,1753.6145022562825
qLogEI,10,50,1,1,86,1753.6145022562825
qLogEI,10,50,1,1,87,1753.6145022562825
qLogEI,10,50,1,1,88,1753.6145022562825
qLogEI,10,50,1,1,89,1753.6145022562825
qLogEI,10,50,1,1,90,1753.6145022562825
qLogEI,10,50,1,1,91,1753.6145022562825
qLogEI,10,50,1,1,92,1753.6145022562825
qLogEI,10,50,1,1,93,1753.6145022562825
qLogEI,10,50,1,1,94,1753.6145022562825
qLogEI,10,50,1,1,95,1753.6145022562825
qLogEI,10,50,1,1,96,1753.6145022562825
qLogEI,10,50,1,1,97,1753.6145022562825
qLogEI,10,50,1,1,98,1753.6145022562825
qLogEI,10,50,1,1,99,1753.6145022562825
qLogEI,10,50,1,1,100,1753.6145022562825
RL_Full,10,50,1,1,1,inf
RL_Full,10,50,1,1,2,4250.973553297999
RL_Full,10,50,1,1,3,4250.973553297999
RL_Full,10,50,1,1,4,4250.973553297999
RL_Full,10,50,1,1,5,4250.973553297999
RL_Full,10,50,1,1,6,4250.973553297999
RL_Full,10,50,1,1,7,2429.498432639624
RL_Full,10,50,1,1,8,2429.498432639624
RL_Full,10,50,1,1,9,2429.498432639624
RL_Full,10,50,1,1,10,2429.498432639624
RL_Full,10,50,1,1,11,2429.498432639624
RL_Full,10,50,1,1,12,2429.498432639624
RL_Full,10,50,1,1,13,2429.498432639624
RL_Full,10,50,1,1,14,2429.498432639624
RL_Full,10,50,1,1,15,2429.498432639624
RL_Full,10,50,1,1,16,2429.498432639624
RL_Full,10,50,1,1,17,2429.498432639624
RL_Full,10,50,1,1,18,2429.498432639624
RL_Full,10,50,1,1,19,2429.498432639624
RL_Full,10,50,1,1,20,2429.498432639624
RL_Full,10,50,1,1,21,2429.498432639624
RL_Full,10,50,1,1,22,2429.498432639624
RL_Full,10,50,1,1,23,2429.498432639624
RL_Full,10,50,1,1,24,2429.498432639624
RL_Full,10,50,1,1,25,2429.498432639624
RL_Full,10,50,1,1,26,2429.498432639624
RL_Full,10,50,1,1,27,2429.498432639624
RL_Full,10,50,1,1,28,2429.498432639624
RL_Full,10,50,1,1,29,2429.498432639624
RL_Full,10,50,1,1,30,2429.498432639624
RL_Full,10,50,1,1,31,2429.498432639624
RL_Full,10,50,1,1,32,2429.498432639624
RL_Full,10,50,1,1,33,2429.498432639624
RL_Full,10,50,1,1,34,2429.498432639624
RL_Full,10,50,1,1,35,2429.498432639624
RL_Full,10,50,1,1,36,2429.498432639624
RL_Full,10,50,1,1,37,2429.498432639624
RL_Full,10,50,1,1,38,2429.498432639624
RL_Full,10,50,1,1,39,2429.498432639624
RL_Full,10,50,1,1,40,2429.498432639624
RL_Full,10,50,1,1,41,2429.498432639624
RL_Full,10,50,1,1,42,2429.498432639624
RL_Full,10,50,1,1,43,2429.498432639624
RL_Full,10,50,1,1,44,2429.498432639624
RL_Full,10,50,1,1,45,2429.498432639624
RL_Full,10,50,1,1,46,2429.498432639624
RL_Full,10,50,1,1,47,2429.498432639624
RL_Full,10,50,1,1,48,2429.498432639624
RL_Full,10,50,1,1,49,2429.498432639624
RL_Full,10,50,1,1,50,2429.498432639624
RL_Full,10,50,1,1,51,2429.498432639624
RL_Full,10,50,1,1,52,2429.498432639624
RL_Full,10,50,1,1,53,2429.498432639624
RL_Full,10,50,1,1,54,2429.498432639624
RL_Full,10,50,1,1,55,2429.498432639624
RL_Full,10,50,1,1,56,2429.498432639624
RL_Full,10,50,1,1,57,2429.498432639624
RL_Full,10,50,1,1,58,2429.498432639624
RL_Full,10,50,1,1,59,2429.498432639624
RL_Full,10,50,1,1,60,2429.498432639624
RL_Full,10,50,1,1,61,2429.498432639624
RL_Full,10,50,1,1,62,2429.498432639624
RL_Full,10,50,1,1,63,2429.498432639624
RL_Full,10,50,1,1,64,2429.498432639624
RL_Full,10,50,1,1,65,2429.498432639624
RL_Full,10,50,1,1,66,2429.498432639624
RL_Full,10,50,1,1,67,2429.498432639624
RL_Full,10,50,1,1,68,2429.498432639624
RL_Full,10,50,1,1,69,2429.498432639624
RL_Full,10,50,1,1,70,2429.498432639624
RL_Full,10,50,1,1,71,2429.498432639624
RL_Full,10,50,1,1,72,2429.498432639624
RL_Full,10,50,1,1,73,2429.498432639624
RL_Full,10,50,1,1,74,2429.498432639624
RL_Full,10,50,1,1,75,2429.498432639624
RL_Full,10,50,1,1,76,2429.498432639624
RL_Full,10,50,1,1,77,2429.498432639624
RL_Full,10,50,1,1,78,2429.498432639624
RL_Full,10,50,1,1,79,2429.498432639624
RL_Full,10,50,1,1,80,2429.498432639624
RL_Full,10,50,1,1,81,2429.498432639624
RL_Full,10,50,1,1,82,2429.498432639624
RL_Full,10,50,1,1,83,2429.498432639624
RL_Full,10,50,1,1,84,2429.498432639624
RL_Full,10,50,1,1,85,2429.498432639624
RL_Full,10,50,1,1,86,2429.498432639624
RL_Full,10,50,1,1,87,2429.498432639624
RL_Full,10,50,1,1,88,2429.498432639624
RL_Full,10,50,1,1,89,2429.498432639624
RL_Full,10,50,1,1,90,2429.498432639624
RL_Full,10,50,1,1,91,2429.498432639624
RL_Full,10,50,1,1,92,2429.498432639624
RL_Full,10,50,1,1,93,2429.498432639624
RL_Full,10,50,1,1,94,2429.498432639624
RL_Full,10,50,1,1,95,2429.498432639624
RL_Full,10,50,1,1,96,2429.498432639624
RL_Full,10,50,1,1,97,2429.498432639624
RL_Full,10,50,1,1,98,2429.498432639624
RL_Full,10,50,1,1,99,2429.498432639624
RL_Full,10,50,1,1,100,2429.498432639624
Random,10,50,1,2,1,inf
Random,10,50,1,2,2,inf
Random,10,50,1,2,3,inf
Random,10,50,1,2,4,inf
Random,10,50,1,2,5,inf
Random,10,50,1,2,6,inf
Random,10,50,1,2,7,3188.747085143084
Random,10,50,1,2,8,3188.747085143084
Random,10,50,1,2,9,3188.747085143084
Random,10,50,1,2,10,3188.747085143084
Random,10,50,1,2,11,3188.747085143084
Random,10,50,1,2,12,3188.747085143084
Random,10,50,1,2,13,3188.747085143084
Random,10,50,1,2,14,2803.1066083229593
Random,10,50,1,2,15,2803.1066083229593
Random,10,50,1,2,16,2803.1066083229593
Random,10,50,1,2,17,2803.1066083229593
Random,10,50,1,2,18,2803.1066083229593
Random,10,50,1,2,19,2803.1066083229593
Random,10,50,1,2,20,2803.1066083229593
Random,10,50,1,2,21,2803.1066083229593
Random,10,50,1,2,22,2803.1066083229593
Random,10,50,1,2,23,2803.1066083229593
Random,10,50,1,2,24,2803.1066083229593
Random,10,50,1,2,25,2803.1066083229593
Random,10,50,1,2,26,2803.1066083229593
Random,10,50,1,2,27,2803.1066083229593
Random,10,50,1,2,28,2803.1066083229593
Random,10,50,1,2,29,2803.1066083229593
Random,10,50,1,2,30,2803.1066083229593
Random,10,50,1,2,31,2803.1066083229593
Random,10,50,1,2,32,2803.1066083229593
Random,10,50,1,2,33,2803.1066083229593
Random,10,50,1,2,34,2803.1066083229593
Random,10,50,1,2,35,2803.1066083229593
Random,10,50,1,2,36,2803.1066083229593
Random,10,50,1,2,37,2803.1066083229593
Random,10,50,1,2,38,2803.1066083229593
Random,10,50,1,2,39,2803.1066083229593
Random,10,50,1,2,40,2803.1066083229593
Random,10,50,1,2,41,2803.1066083229593
Random,10,50,1,2,42,2803.1066083229593
Random,10,50,1,2,43,2803.1066083229593
Random,10,50,1,2,44,2803.1066083229593
Random,10,50,1,2,45,2803.1066083229593
Random,10,50,1,2,46,2803.1066083229593
Random,10,50,1,2,47,2803.1066083229593
Random,10,50,1,2,48,2803.1066083229593
Random,10,50,1,2,49,2803.1066083229593
Random,10,50,1,2,50,2803.1066083229593
Random,10,50,1,2,51,2803.1066083229593
Random,10,50,1,2,52,2803.1066083229593
Random,10,50,1,2,53,2803.1066083229593
Random,10,50,1,2,54,2803.1066083229593
Random,10,50,1,2,55,2803.1066083229593
Random,10,50,1,2,56,2803.1066083229593
Random,10,50,1,2,57,2803.1066083229593
Random,10,50,1,2,58,2803.1066083229593
Random,10,50,1,2,59,2803.1066083229593
Random,10,50,1,2,60,2803.1066083229593
Random,10,50,1,2,61,2803.1066083229593
Random,10,50,1,2,62,2803.1066083229593
Random,10,50,1,2,63,2803.1066083229593
Random,10,50,1,2,64,2803.1066083229593
Random,10,50,1,2,65,2803.1066083229593
Random,10,50,1,2,66,2803.1066083229593
Random,10,50,1,2,67,2803.1066083229593
Random,10,50,1,2,68,2803.1066083229593
Random,10,50,1,2,69,2803.1066083229593
Random,10,50,1,2,70,2803.1066083229593
Random,10,50,1,2,71,2803.1066083229593
Random,10,50,1,2,72,2803.1066083229593
Random,10,50,1,2,73,2803.1066083229593
Random,10,50,1,2,74,2803.1066083229593
Random,10,50,1,2,75,2803.1066083229593
Random,10,50,1,2,76,2803.1066083229593
Random,10,50,1,2,77,2803.1066083229593
Random,10,50,1,2,78,2803.1066083229593
Random,10,50,1,2,79,2803.1066083229593
Random,10,50,1,2,80,2803.1066083229593
Random,10,50,1,2,81,2803.1066083229593
Random,10,50,1,2,82,2803.1066083229593
Random,10,50,1,2,83,2803.1066083229593
Random,10,50,1,2,84,2803.1066083229593
Random,10,50,1,2,85,2803.1066083229593
Random,10,50,1,2,86,2803.1066083229593
Random,10,50,1,2,87,2803.1066083229593
Random,10,50,1,2,88,2803.1066083229593
Random,10,50,1,2,89,2803.1066083229593
Random,10,50,1,2,90,2803.1066083229593
Random,10,50,1,2,91,2803.1066083229593
Random,10,50,1,2,92,2803.1066083229593
Random,10,50,1,2,93,2803.1066083229593
Random,10,50,1,2,94,2803.1066083229593
Random,10,50,1,2,95,2803.1066083229593
Random,10,50,1,2,96,2803.1066083229593
Random,10,50,1,2,97,2803.1066083229593
Random,10,50,1,2,98,2803.1066083229593
Random,10,50,1,2,99,2803.1066083229593
Random,10,50,1,2,100,2803.1066083229593
qLogEI,10,50,1,2,1,inf
qLogEI,10,50,1,2,2,inf
qLogEI,10,50,1,2,3,inf
qLogEI,10,50,1,2,4,inf
qLogEI,10,50,1,2,5,inf
qLogEI,10,50,1,2,6,inf
qLogEI,10,50,1,2,7,3188.747085143084
qLogEI,10,50,1,2,8,3188.747085143084
qLogEI,10,50,1,2,9,3188.747085143084
qLogEI,10,50,1,2,10,3188.747085143084
qLogEI,10,50,1,2,11,3188.747085143084
qLogEI,10,50,1,2,12,3188.747085143084
qLogEI,10,50,1,2,13,3188.747085143084
qLogEI,10,50,1,2,14,2803.1066083229593
qLogEI,10,50,1,2,15,2803.1066083229593
qLogEI,10,50,1,2,16,2803.1066083229593
qLogEI,10,50,1,2,17,2803.1066083229593
qLogEI,10,50,1,2,18,2803.1066083229593
qLogEI,10,50,1,2,19,2803.1066083229593
qLogEI,10,50,1,2,20,2803.1066083229593
qLogEI,10,50,1,2,21,2803.1066083229593
qLogEI,10,50,1,2,22,2803.1066083229593
qLogEI,10,50,1,2,23,2803.1066083229593
qLogEI,10,50,1,2,24,2803.1066083229593
qLogEI,10,50,1,2,25,2803.1066083229593
qLogEI,10,50,1,2,26,2803.1066083229593
qLogEI,10,50,1,2,27,2803.1066083229593
qLogEI,10,50,1,2,28,2563.78257487711
qLogEI,10,50,1,2,29,2563.78257487711
qLogEI,10,50,1,2,30,2563.78257487711
qLogEI,10,50,1,2,31,1877.1745347371314
qLogEI,10,50,1,2,32,1877.1745347371314
qLogEI,10,50,1,2,33,1877.1745347371314
qLogEI,10,50,1,2,34,1877.1745347371314
qLogEI,10,50,1,2,35,1877.1745347371314
qLogEI,10,50,1,2,36,1877.1745347371314
qLogEI,10,50,1,2,37,1877.1745347371314
qLogEI,10,50,1,2,38,1877.1745347371314
qLogEI,10,50,1,2,39,1877.1745347371314
qLogEI,10,50,1,2,40,1877.1745347371314
qLogEI,10,50,1,2,41,1877.1745347371314
qLogEI,10,50,1,2,42,1877.1745347371314
qLogEI,10,50,1,2,43,1877.1745347371314
qLogEI,10,50,1,2,44,1877.1745347371314
qLogEI,10,50,1,2,45,1877.1745347371314
qLogEI,10,50,1,2,46,1877.1745347371314
qLogEI,10,50,1,2,47,1877.1745347371314
qLogEI,10,50,1,2,48,1877.1745347371314
qLogEI,10,50,1,2,49,1877.1745347371314
qLogEI,10,50,1,2,50,1877.1745347371314
qLogEI,10,50,1,2,51,1877.1745347371314
qLogEI,10,50,1,2,52,1877.1745347371314
qLogEI,10,50,1,2,53,1877.1745347371314
qLogEI,10,50,1,2,54,1877.1745347371314
qLogEI,10,50,1,2,55,1877.1745347371314
qLogEI,10,50,1,2,56,1877.1745347371314
qLogEI,10,50,1,2,57,1877.1745347371314
qLogEI,10,50,1,2,58,1877.1745347371314
qLogEI,10,50,1,2,59,1877.1745347371314
qLogEI,10,50,1,2,60,1877.1745347371314
qLogEI,10,50,1,2,61,1877.1745347371314
qLogEI,10,50,1,2,62,1740.63919935914
qLogEI,10,50,1,2,63,1740.63919935914
qLogEI,10,50,1,2,64,1740.63919935914
qLogEI,10,50,1,2,65,1740.63919935914
qLogEI,10,50,1,2,66,1740.63919935914
qLogEI,10,50,1,2,67,1740.63919935914
qLogEI,10,50,1,2,68,1740.63919935914
qLogEI,10,50,1,2,69,1740.63919935914
qLogEI,10,50,1,2,70,1740.63919935914
qLogEI,10,50,1,2,71,1740.63919935914
qLogEI,10,50,1,2,72,1740.63919935914
qLogEI,10,50,1,2,73,1740.63919935914
qLogEI,10,50,1,2,74,1740.63919935914
qLogEI,10,50,1,2,75,1740.63919935914
qLogEI,10,50,1,2,76,1740.63919935914
qLogEI,10,50,1,2,77,1740.63919935914
qLogEI,10,50,1,2,78,1740.63919935914
qLogEI,10,50,1,2,79,1740.63919935914
qLogEI,10,50,1,2,80,1740.63919935914
qLogEI,10,50,1,2,81,1740.63919935914
qLogEI,10,50,1,2,82,1740.63919935914
qLogEI,10,50,1,2,83,1740.63919935914
qLogEI,10,50,1,2,84,1740.63919935914
qLogEI,10,50,1,2,85,1740.63919935914
qLogEI,10,50,1,2,86,1740.63919935914
qLogEI,10,50,1,2,87,1740.63919935914
qLogEI,10,50,1,2,88,1740.63919935914
qLogEI,10,50,1,2,89,1740.63919935914
qLogEI,10,50,1,2,90,1740.63919935914
qLogEI,10,50,1,2,91,1740.63919935914
qLogEI,10,50,1,2,92,1740.63919935914
qLogEI,10,50,1,2,93,1740.63919935914
qLogEI,10,50,1,2,94,1740.63919935914
qLogEI,10,50,1,2,95,1576.048875418216
qLogEI,10,50,1,2,96,1576.048875418216
qLogEI,10,50,1,2,97,1576.048875418216
qLogEI,10,50,1,2,98,1509.1326868350143
qLogEI,10,50,1,2,99,1509.1326868350143
qLogEI,10,50,1,2,100,1509.1326868350143
RL_Full,10,50,1,2,1,inf
RL_Full,10,50,1,2,2,inf
RL_Full,10,50,1,2,3,inf
RL_Full,10,50,1,2,4,inf
RL_Full,10,50,1,2,5,inf
RL_Full,10,50,1,2,6,inf
RL_Full,10,50,1,2,7,3188.747085143084
RL_Full,10,50,1,2,8,3188.747085143084
RL_Full,10,50,1,2,9,3188.747085143084
RL_Full,10,50,1,2,10,3188.747085143084
RL_Full,10,50,1,2,11,3188.747085143084
RL_Full,10,50,1,2,12,3188.747085143084
RL_Full,10,50,1,2,13,3188.747085143084
RL_Full,10,50,1,2,14,2803.1066083229593
RL_Full,10,50,1,2,15,2803.1066083229593
RL_Full,10,50,1,2,16,2803.1066083229593
RL_Full,10,50,1,2,17,2803.1066083229593
RL_Full,10,50,1,2,18,2803.1066083229593
RL_Full,10,50,1,2,19,2803.1066083229593
RL_Full,10,50,1,2,20,2803.1066083229593
RL_Full,10,50,1,2,21,2803.1066083229593
RL_Full,10,50,1,2,22,2803.1066083229593
RL_Full,10,50,1,2,23,2803.1066083229593
RL_Full,10,50,1,2,24,2803.1066083229593
RL_Full,10,50,1,2,25,2803.1066083229593
RL_Full,10,50,1,2,26,2803.1066083229593
RL_Full,10,50,1,2,27,2803.1066083229593
RL_Full,10,50,1,2,28,2803.1066083229593
RL_Full,10,50,1,2,29,2803.1066083229593
RL_Full,10,50,1,2,30,2803.1066083229593
RL_Full,10,50,1,2,31,2803.1066083229593
RL_Full,10,50,1,2,32,2803.1066083229593
RL_Full,10,50,1,2,33,2803.1066083229593
RL_Full,10,50,1,2,34,2803.1066083229593
RL_Full,10,50,1,2,35,2803.1066083229593
RL_Full,10,50,1,2,36,2803.1066083229593
RL_Full,10,50,1,2,37,2803.1066083229593
RL_Full,10,50,1,2,38,2803.1066083229593
RL_Full,10,50,1,2,39,2803.1066083229593
RL_Full,10,50,1,2,40,2803.1066083229593
RL_Full,10,50,1,2,41,2803.1066083229593
RL_Full,10,50,1,2,42,2803.1066083229593
RL_Full,10,50,1,2,43,2803.1066083229593
RL_Full,10,50,1,2,44,2803.1066083229593
RL_Full,10,50,1,2,45,2803.1066083229593
RL_Full,10,50,1,2,46,2803.1066083229593
RL_Full,10,50,1,2,47,2803.1066083229593
RL_Full,10,50,1,2,48,2803.1066083229593
RL_Full,10,50,1,2,49,2803.1066083229593
RL_Full,10,50,1,2,50,2803.1066083229593
RL_Full,10,50,1,2,51,2803.1066083229593
RL_Full,10,50,1,2,52,2803.1066083229593
RL_Full,10,50,1,2,53,2803.1066083229593
RL_Full,10,50,1,2,54,2803.1066083229593
RL_Full,10,50,1,2,55,2803.1066083229593
RL_Full,10,50,1,2,56,2803.1066083229593
RL_Full,10,50,1,2,57,2803.1066083229593
RL_Full,10,50,1,2,58,2803.1066083229593
RL_Full,10,50,1,2,59,2803.1066083229593
RL_Full,10,50,1,2,60,2803.1066083229593
RL_Full,10,50,1,2,61,2803.1066083229593
RL_Full,10,50,1,2,62,2803.1066083229593
RL_Full,10,50,1,2,63,2803.1066083229593
RL_Full,10,50,1,2,64,2803.1066083229593
RL_Full,10,50,1,2,65,2803.1066083229593
RL_Full,10,50,1,2,66,2803.1066083229593
RL_Full,10,50,1,2,67,2803.1066083229593
RL_Full,10,50,1,2,68,2803.1066083229593
RL_Full,10,50,1,2,69,2803.1066083229593
RL_Full,10,50,1,2,70,2803.1066083229593
RL_Full,10,50,1,2,71,2803.1066083229593
RL_Full,10,50,1,2,72,2803.1066083229593
RL_Full,10,50,1,2,73,2803.1066083229593
RL_Full,10,50,1,2,74,2803.1066083229593
RL_Full,10,50,1,2,75,2803.1066083229593
RL_Full,10,50,1,2,76,2803.1066083229593
RL_Full,10,50,1,2,77,2803.1066083229593
RL_Full,10,50,1,2,78,2803.1066083229593
RL_Full,10,50,1,2,79,2803.1066083229593
RL_Full,10,50,1,2,80,2803.1066083229593
RL_Full,10,50,1,2,81,2803.1066083229593
RL_Full,10,50,1,2,82,2803.1066083229593
RL_Full,10,50,1,2,83,2803.1066083229593
RL_Full,10,50,1,2,84,2803.1066083229593
RL_Full,10,50,1,2,85,2803.1066083229593
RL_Full,10,50,1,2,86,2803.1066083229593
RL_Full,10,50,1,2,87,2803.1066083229593
RL_Full,10,50,1,2,88,2803.1066083229593
RL_Full,10,50,1,2,89,2803.1066083229593
RL_Full,10,50,1,2,90,2803.1066083229593
RL_Full,10,50,1,2,91,2803.1066083229593
RL_Full,10,50,1,2,92,2803.1066083229593
RL_Full,10,50,1,2,93,2803.1066083229593
RL_Full,10,50,1,2,94,2803.1066083229593
RL_Full,10,50,1,2,95,2803.1066083229593
RL_Full,10,50,1,2,96,2803.1066083229593
RL_Full,10,50,1,2,97,2803.1066083229593
RL_Full,10,50,1,2,98,2803.1066083229593
RL_Full,10,50,1,2,99,2803.1066083229593
RL_Full,10,50,1,2,100,2803.1066083229593
Random,10,50,1,3,1,inf
Random,10,50,1,3,2,4527.0659041642575
Random,10,50,1,3,3,4527.0659041642575
Random,10,50,1,3,4,4527.0659041642575
Random,10,50,1,3,5,4527.0659041642575
Random,10,50,1,3,6,4527.0659041642575
Random,10,50,1,3,7,4527.0659041642575
Random,10,50,1,3,8,4527.0659041642575
Random,10,50,1,3,9,4527.0659041642575
Random,10,50,1,3,10,4527.0659041642575
Random,10,50,1,3,11,4527.0659041642575
Random,10,50,1,3,12,4527.0659041642575
Random,10,50,1,3,13,4527.0659041642575
Random,10,50,1,3,14,4527.0659041642575
Random,10,50,1,3,15,4527.0659041642575
Random,10,50,1,3,16,4527.0659041642575
Random,10,50,1,3,17,4527.0659041642575
Random,10,50,1,3,18,4527.0659041642575
Random,10,50,1,3,19,4527.0659041642575
Random,10,50,1,3,20,4527.0659041642575
Random,10,50,1,3,21,4527.0659041642575
Random,10,50,1,3,22,4527.0659041642575
Random,10,50,1,3,23,4527.0659041642575
Random,10,50,1,3,24,4527.0659041642575
Random,10,50,1,3,25,4527.0659041642575
Random,10,50,1,3,26,4527.0659041642575
Random,10,50,1,3,27,4527.0659041642575
Random,10,50,1,3,28,4527.0659041642575
Random,10,50,1,3,29,4527.0659041642575
Random,10,50,1,3,30,4527.0659041642575
Random,10,50,1,3,31,4527.0659041642575
Random,10,50,1,3,32,4527.0659041642575
Random,10,50,1,3,33,4527.0659041642575
Random,10,50,1,3,34,4527.0659041642575
Random,10,50,1,3,35,4527.0659041642575
Random,10,50,1,3,36,3935.415235951164
Random,10,50,1,3,37,3935.415235951164
Random,10,50,1,3,38,3935.415235951164
Random,10,50,1,3,39,3935.415235951164
Random,10,50,1,3,40,3935.415235951164
Random,10,50,1,3,41,3935.415235951164
Random,10,50,1,3,42,3935.415235951164
Random,10,50,1,3,43,3434.355884931041
Random,10,50,1,3,44,3434.355884931041
Random,10,50,1,3,45,3434.355884931041
Random,10,50,1,3,46,3434.355884931041
Random,10,50,1,3,47,2419.4127811748813
Random,10,50,1,3,48,2419.4127811748813
Random,10,50,1,3,49,2419.4127811748813
Random,10,50,1,3,50,2419.4127811748813
Random,10,50,1,3,51,2419.4127811748813
Random,10,50,1,3,52,2419.4127811748813
Random,10,50,1,3,53,2419.4127811748813
Random,10,50,1,3,54,2419.4127811748813
Random,10,50,1,3,55,2419.4127811748813
Random,10,50,1,3,56,2419.4127811748813
Random,10,50,1,3,57,2419.4127811748813
Random,10,50,1,3,58,2419.4127811748813
Random,10,50,1,3,59,2419.4127811748813
Random,10,50,1,3,60,2419.4127811748813
Random,10,50,1,3,61,2419.4127811748813
Random,10,50,1,3,62,2385.637851732893
Random,10,50,1,3,63,2385.637851732893
Random,10,50,1,3,64,2385.637851732893
Random,10,50,1,3,65,2385.637851732893
Random,10,50,1,3,66,2385.637851732893
Random,10,50,1,3,67,2385.637851732893
Random,10,50,1,3,68,2385.637851732893
Random,10,50,1,3,69,2385.637851732893
Random,10,50,1,3,70,2385.637851732893
Random,10,50,1,3,71,2385.637851732893
Random,10,50,1,3,72,2385.637851732893
Random,10,50,1,3,73,2385.637851732893
Random,10,50,1,3,74,2385.637851732893
Random,10,50,1,3,75,2385.637851732893
Random,10,50,1,3,76,2385.637851732893
Random,10,50,1,3,77,2385.637851732893
Random,10,50,1,3,78,2385.637851732893
Random,10,50,1,3,79,2385.637851732893
Random,10,50,1,3,80,2385.637851732893
Random,10,50,1,3,81,2385.637851732893
Random,10,50,1,3,82,2385.637851732893
Random,10,50,1,3,83,2385.637851732893
Random,10,50,1,3,84,2385.637851732893
Random,10,50,1,3,85,2385.637851732893
Random,10,50,1,3,86,2385.637851732893
Random,10,50,1,3,87,2385.637851732893
Random,10,50,1,3,88,2385.637851732893
Random,10,50,1,3,89,2385.637851732893
Random,10,50,1,3,90,2385.637851732893
Random,10,50,1,3,91,2385.637851732893
Random,10,50,1,3,92,2385.637851732893
Random,10,50,1,3,93,2385.637851732893
Random,10,50,1,3,94,2385.637851732893
Random,10,50,1,3,95,2385.637851732893
Random,10,50,1,3,96,2385.637851732893
Random,10,50,1,3,97,2385.637851732893
Random,10,50,1,3,98,2385.637851732893
Random,10,50,1,3,99,2385.637851732893
Random,10,50,1,3,100,2385.637851732893
qLogEI,10,50,1,3,1,inf
qLogEI,10,50,1,3,2,4527.0659041642575
qLogEI,10,50,1,3,3,4527.0659041642575
qLogEI,10,50,1,3,4,4527.0659041642575
qLogEI,10,50,1,3,5,4527.0659041642575
qLogEI,10,50,1,3,6,4527.0659041642575
qLogEI,10,50,1,3,7,4527.0659041642575
qLogEI,10,50,1,3,8,4527.0659041642575
qLogEI,10,50,1,3,9,4527.0659041642575
qLogEI,10,50,1,3,10,4527.0659041642575
qLogEI,10,50,1,3,11,4527.0659041642575
qLogEI,10,50,1,3,12,4527.0659041642575
qLogEI,10,50,1,3,13,4527.0659041642575
qLogEI,10,50,1,3,14,4527.0659041642575
qLogEI,10,50,1,3,15,4527.0659041642575
qLogEI,10,50,1,3,16,4527.0659041642575
qLogEI,10,50,1,3,17,4527.0659041642575
qLogEI,10,50,1,3,18,4527.0659041642575
qLogEI,10,50,1,3,19,4527.0659041642575
qLogEI,10,50,1,3,20,4527.0659041642575
qLogEI,10,50,1,3,21,4527.0659041642575
qLogEI,10,50,1,3,22,4527.0659041642575
qLogEI,10,50,1,3,23,4527.0659041642575
qLogEI,10,50,1,3,24,4527.0659041642575
qLogEI,10,50,1,3,25,4527.0659041642575
qLogEI,10,50,1,3,26,4527.0659041642575
qLogEI,10,50,1,3,27,4527.0659041642575
qLogEI,10,50,1,3,28,4527.0659041642575
qLogEI,10,50,1,3,29,4527.0659041642575
qLogEI,10,50,1,3,30,4527.0659041642575
qLogEI,10,50,1,3,31,4527.0659041642575
qLogEI,10,50,1,3,32,4527.0659041642575
qLogEI,10,50,1,3,33,4527.0659041642575
qLogEI,10,50,1,3,34,3724.479972882173
qLogEI,10,50,1,3,35,3724.479972882173
qLogEI,10,50,1,3,36,3724.479972882173
qLogEI,10,50,1,3,37,3724.479972882173
qLogEI,10,50,1,3,38,3724.479972882173
qLogEI,10,50,1,3,39,3724.479972882173
qLogEI,10,50,1,3,40,3724.479972882173
qLogEI,10,50,1,3,41,3185.089033760171
qLogEI,10,50,1,3,42,2235.883855313738
qLogEI,10,50,1,3,43,1789.904006267695
qLogEI,10,50,1,3,44,1789.904006267695
qLogEI,10,50,1,3,45,1789.904006267695
qLogEI,10,50,1,3,46,1789.904006267695
qLogEI,10,50,1,3,47,1789.904006267695
qLogEI,10,50,1,3,48,1789.904006267695
qLogEI,10,50,1,3,49,1789.904006267695
qLogEI,10,50,1,3,50,1789.904006267695
qLogEI,10,50,1,3,51,1789.904006267695
qLogEI,10,50,1,3,52,1789.904006267695
qLogEI,10,50,1,3,53,1789.904006267695
qLogEI,10,50,1,3,54,1789.904006267695
qLogEI,10,50,1,3,55,1789.904006267695
qLogEI,10,50,1,3,56,1789.904006267695
qLogEI,10,50,1,3,57,1789.904006267695
qLogEI,10,50,1,3,58,1789.904006267695
qLogEI,10,50,1,3,59,1789.904006267695
qLogEI,10,50,1,3,60,1789.904006267695
qLogEI,10,50,1,3,61,1789.904006267695
qLogEI,10,50,1,3,62,1789.904006267695
qLogEI,10,50,1,3,63,1789.904006267695
qLogEI,10,50,1,3,64,1789.904006267695
qLogEI,10,50,1,3,65,1789.904006267695
qLogEI,10,50,1,3,66,1789.904006267695
qLogEI,10,50,1,3,67,1789.904006267695
qLogEI,10,50,1,3,68,1789.904006267695
qLogEI,10,50,1,3,69,1789.904006267695
qLogEI,10,50,1,3,70,1789.904006267695
qLogEI,10,50,1,3,71,1789.904006267695
qLogEI,10,50,1,3,72,1789.904006267695
qLogEI,10,50,1,3,73,1789.904006267695
qLogEI,10,50,1,3,74,1789.904006267695
qLogEI,10,50,1,3,75,1789.904006267695
qLogEI,10,50,1,3,76,1789.904006267695
qLogEI,10,50,1,3,77,1789.904006267695
qLogEI,10,50,1,3,78,1789.904006267695
qLogEI,10,50,1,3,79,1789.904006267695
qLogEI,10,50,1,3,80,1789.904006267695
qLogEI,10,50,1,3,81,1789.904006267695
qLogEI,10,50,1,3,82,1789.904006267695
qLogEI,10,50,1,3,83,1789.904006267695
qLogEI,10,50,1,3,84,1789.904006267695
qLogEI,10,50,1,3,85,1789.904006267695
qLogEI,10,50,1,3,86,1789.904006267695
qLogEI,10,50,1,3,87,1789.904006267695
qLogEI,10,50,1,3,88,1789.904006267695
qLogEI,10,50,1,3,89,1789.904006267695
qLogEI,10,50,1,3,90,1789.904006267695
qLogEI,10,50,1,3,91,1789.904006267695
qLogEI,10,50,1,3,92,1789.904006267695
qLogEI,10,50,1,3,93,1789.904006267695
qLogEI,10,50,1,3,94,1789.904006267695
qLogEI,10,50,1,3,95,1789.904006267695
qLogEI,10,50,1,3,96,1789.904006267695
qLogEI,10,50,1,3,97,1789.904006267695
qLogEI,10,50,1,3,98,1789.904006267695
qLogEI,10,50,1,3,99,1789.904006267695
qLogEI,10,50,1,3,100,1789.904006267695
RL_Full,10,50,1,3,1,inf
RL_Full,10,50,1,3,2,4527.0659041642575
RL_Full,10,50,1,3,3,4527.0659041642575
RL_Full,10,50,1,3,4,4527.0659041642575
RL_Full,10,50,1,3,5,4527.0659041642575
RL_Full,10,50,1,3,6,4527.0659041642575
RL_Full,10,50,1,3,7,4527.0659041642575
RL_Full,10,50,1,3,8,4527.0659041642575
RL_Full,10,50,1,3,9,4527.0659041642575
RL_Full,10,50,1,3,10,4527.0659041642575
RL_Full,10,50,1,3,11,4527.0659041642575
RL_Full,10,50,1,3,12,4527.0659041642575
RL_Full,10,50,1,3,13,4527.0659041642575
RL_Full,10,50,1,3,14,4527.0659041642575
RL_Full,10,50,1,3,15,4527.0659041642575
RL_Full,10,50,1,3,16,4527.0659041642575
RL_Full,10,50,1,3,17,4527.0659041642575
RL_Full,10,50,1,3,18,4527.0659041642575
RL_Full,10,50,1,3,19,4527.0659041642575
RL_Full,10,50,1,3,20,4527.0659041642575
RL_Full,10,50,1,3,21,4527.0659041642575
RL_Full,10,50,1,3,22,4527.0659041642575
RL_Full,10,50,1,3,23,4527.0659041642575
RL_Full,10,50,1,3,24,4527.0659041642575
RL_Full,10,50,1,3,25,4527.0659041642575
RL_Full,10,50,1,3,26,4527.0659041642575
RL_Full,10,50,1,3,27,4527.0659041642575
RL_Full,10,50,1,3,28,4527.0659041642575
RL_Full,10,50,1,3,29,4527.0659041642575
RL_Full,10,50,1,3,30,4527.0659041642575
RL_Full,10,50,1,3,31,4527.0659041642575
RL_Full,10,50,1,3,32,4527.0659041642575
RL_Full,10,50,1,3,33,4527.0659041642575
RL_Full,10,50,1,3,34,4527.0659041642575
RL_Full,10,50,1,3,35,4527.0659041642575
RL_Full,10,50,1,3,36,4527.0659041642575
RL_Full,10,50,1,3,37,4527.0659041642575
RL_Full,10,50,1,3,38,4527.0659041642575
RL_Full,10,50,1,3,39,4527.0659041642575
RL_Full,10,50,1,3,40,4527.0659041642575
RL_Full,10,50,1,3,41,4527.0659041642575
RL_Full,10,50,1,3,42,4527.0659041642575
RL_Full,10,50,1,3,43,4527.0659041642575
RL_Full,10,50,1,3,44,4527.0659041642575
RL_Full,10,50,1,3,45,4527.0659041642575
RL_Full,10,50,1,3,46,4527.0659041642575
RL_Full,10,50,1,3,47,4527.0659041642575
RL_Full,10,50,1,3,48,4527.0659041642575
RL_Full,10,50,1,3,49,4527.0659041642575
RL_Full,10,50,1,3,50,4527.0659041642575
RL_Full,10,50,1,3,51,4527.0659041642575
RL_Full,10,50,1,3,52,4527.0659041642575
RL_Full,10,50,1,3,53,4527.0659041642575
RL_Full,10,50,1,3,54,4527.0659041642575
RL_Full,10,50,1,3,55,4527.0659041642575
RL_Full,10,50,1,3,56,4527.0659041642575
RL_Full,10,50,1,3,57,4527.0659041642575
RL_Full,10,50,1,3,58,4527.0659041642575
RL_Full,10,50,1,3,59,4527.0659041642575
RL_Full,10,50,1,3,60,4527.0659041642575
RL_Full,10,50,1,3,61,4527.0659041642575
RL_Full,10,50,1,3,62,4527.0659041642575
RL_Full,10,50,1,3,63,4527.0659041642575
RL_Full,10,50,1,3,64,4527.0659041642575
RL_Full,10,50,1,3,65,4527.0659041642575
RL_Full,10,50,1,3,66,4527.0659041642575
RL_Full,10,50,1,3,67,4527.0659041642575
RL_Full,10,50,1,3,68,4527.0659041642575
RL_Full,10,50,1,3,69,4527.0659041642575
RL_Full,10,50,1,3,70,4527.0659041642575
RL_Full,10,50,1,3,71,4527.0659041642575
RL_Full,10,50,1,3,72,4527.0659041642575
RL_Full,10,50,1,3,73,4527.0659041642575
RL_Full,10,50,1,3,74,4527.0659041642575
RL_Full,10,50,1,3,75,4527.0659041642575
RL_Full,10,50,1,3,76,4527.0659041642575
RL_Full,10,50,1,3,77,4527.0659041642575
RL_Full,10,50,1,3,78,4527.0659041642575
RL_Full,10,50,1,3,79,4527.0659041642575
RL_Full,10,50,1,3,80,4527.0659041642575
RL_Full,10,50,1,3,81,4527.0659041642575
RL_Full,10,50,1,3,82,4527.0659041642575
RL_Full,10,50,1,3,83,4527.0659041642575
RL_Full,10,50,1,3,84,4527.0659041642575
RL_Full,10,50,1,3,85,4527.0659041642575
RL_Full,10,50,1,3,86,4527.0659041642575
RL_Full,10,50,1,3,87,4527.0659041642575
RL_Full,10,50,1,3,88,4527.0659041642575
RL_Full,10,50,1,3,89,4527.0659041642575
RL_Full,10,50,1,3,90,4527.0659041642575
RL_Full,10,50,1,3,91,4527.0659041642575
RL_Full,10,50,1,3,92,4527.0659041642575
RL_Full,10,50,1,3,93,4527.0659041642575
RL_Full,10,50,1,3,94,4527.0659041642575
RL_Full,10,50,1,3,95,4527.0659041642575
RL_Full,10,50,1,3,96,4527.0659041642575
RL_Full,10,50,1,3,97,4527.0659041642575
RL_Full,10,50,1,3,98,4527.0659041642575
RL_Full,10,50,1,3,99,4527.0659041642575
RL_Full,10,50,1,3,100,4527.0659041642575
Random,10,50,1,4,1,inf
Random,10,50,1,4,2,inf
Random,10,50,1,4,3,inf
Random,10,50,1,4,4,inf
Random,10,50,1,4,5,2138.924057672955
Random,10,50,1,4,6,2138.924057672955
Random,10,50,1,4,7,2138.924057672955
Random,10,50,1,4,8,2138.924057672955
Random,10,50,1,4,9,2138.924057672955
Random,10,50,1,4,10,2138.924057672955
Random,10,50,1,4,11,2138.924057672955
Random,10,50,1,4,12,2138.924057672955
Random,10,50,1,4,13,2138.924057672955
Random,10,50,1,4,14,2138.924057672955
Random,10,50,1,4,15,2138.924057672955
Random,10,50,1,4,16,2138.924057672955
Random,10,50,1,4,17,2138.924057672955
Random,10,50,1,4,18,2138.924057672955
Random,10,50,1,4,19,2138.924057672955
Random,10,50,1,4,20,2138.924057672955
Random,10,50,1,4,21,2138.924057672955
Random,10,50,1,4,22,2138.924057672955
Random,10,50,1,4,23,2138.924057672955
Random,10,50,1,4,24,2138.924057672955
Random,10,50,1,4,25,2138.924057672955
Random,10,50,1,4,26,2138.924057672955
Random,10,50,1,4,27,2138.924057672955
Random,10,50,1,4,28,2138.924057672955
Random,10,50,1,4,29,2138.924057672955
Random,10,50,1,4,30,2138.924057672955
Random,10,50,1,4,31,2138.924057672955
Random,10,50,1,4,32,2138.924057672955
Random,10,50,1,4,33,2138.924057672955
Random,10,50,1,4,34,2138.924057672955
Random,10,50,1,4,35,2138.924057672955
Random,10,50,1,4,36,2138.924057672955
Random,10,50,1,4,37,2138.924057672955
Random,10,50,1,4,38,2138.924057672955
Random,10,50,1,4,39,2138.924057672955
Random,10,50,1,4,40,2138.924057672955
Random,10,50,1,4,41,2138.924057672955
Random,10,50,1,4,42,2138.924057672955
Random,10,50,1,4,43,2138.924057672955
Random,10,50,1,4,44,2138.924057672955
Random,10,50,1,4,45,2138.924057672955
Random,10,50,1,4,46,2138.924057672955
Random,10,50,1,4,47,2138.924057672955
Random,10,50,1,4,48,2138.924057672955
Random,10,50,1,4,49,2138.924057672955
Random,10,50,1,4,50,2138.924057672955
Random,10,50,1,4,51,2138.924057672955
Random,10,50,1,4,52,2138.924057672955
Random,10,50,1,4,53,2138.924057672955
Random,10,50,1,4,54,2138.924057672955
Random,10,50,1,4,55,2138.924057672955
Random,10,50,1,4,56,2138.924057672955
Random,10,50,1,4,57,2138.924057672955
Random,10,50,1,4,58,2138.924057672955
Random,10,50,1,4,59,2138.924057672955
Random,10,50,1,4,60,2138.924057672955
Random,10,50,1,4,61,2138.924057672955
Random,10,50,1,4,62,2138.924057672955
Random,10,50,1,4,63,2138.924057672955
Random,10,50,1,4,64,2138.924057672955
Random,10,50,1,4,65,2138.924057672955
Random,10,50,1,4,66,2138.924057672955
Random,10,50,1,4,67,2138.924057672955
Random,10,50,1,4,68,2138.924057672955
Random,10,50,1,4,69,2138.924057672955
Random,10,50,1,4,70,2138.924057672955
Random,10,50,1,4,71,2138.924057672955
Random,10,50,1,4,72,2138.924057672955
Random,10,50,1,4,73,2138.924057672955
Random,10,50,1,4,74,2138.924057672955
Random,10,50,1,4,75,2138.924057672955
Random,10,50,1,4,76,2138.924057672955
Random,10,50,1,4,77,2138.924057672955
Random,10,50,1,4,78,2138.924057672955
Random,10,50,1,4,79,2138.924057672955
Random,10,50,1,4,80,2138.924057672955
Random,10,50,1,4,81,2138.924057672955
Random,10,50,1,4,82,2138.924057672955
Random,10,50,1,4,83,2138.924057672955
Random,10,50,1,4,84,2138.924057672955
Random,10,50,1,4,85,2138.924057672955
Random,10,50,1,4,86,2138.924057672955
Random,10,50,1,4,87,2138.924057672955
Random,10,50,1,4,88,2138.924057672955
Random,10,50,1,4,89,2138.924057672955
Random,10,50,1,4,90,2138.924057672955
Random,10,50,1,4,91,2138.924057672955
Random,10,50,1,4,92,2138.924057672955
Random,10,50,1,4,93,2138.924057672955
Random,10,50,1,4,94,2138.924057672955
Random,10,50,1,4,95,2138.924057672955
Random,10,50,1,4,96,2138.924057672955
Random,10,50,1,4,97,2138.924057672955
Random,10,50,1,4,98,2138.924057672955
Random,10,50,1,4,99,2138.924057672955
Random,10,50,1,4,100,2138.924057672955
qLogEI,10,50,1,4,1,inf
qLogEI,10,50,1,4,2,inf
qLogEI,10,50,1,4,3,inf
qLogEI,10,50,1,4,4,inf
qLogEI,10,50,1,4,5,2138.924057672955
qLogEI,10,50,1,4,6,2138.924057672955
qLogEI,10,50,1,4,7,2138.924057672955
qLogEI,10,50,1,4,8,2138.924057672955
qLogEI,10,50,1,4,9,2138.924057672955
qLogEI,10,50,1,4,10,2138.924057672955
qLogEI,10,50,1,4,11,2138.924057672955
qLogEI,10,50,1,4,12,2138.924057672955
qLogEI,10,50,1,4,13,2138.924057672955
qLogEI,10,50,1,4,14,2138.924057672955
qLogEI,10,50,1,4,15,2138.924057672955
qLogEI,10,50,1,4,16,2138.924057672955
qLogEI,10,50,1,4,17,2138.924057672955
qLogEI,10,50,1,4,18,2138.924057672955
qLogEI,10,50,1,4,19,2138.924057672955
qLogEI,10,50,1,4,20,2138.924057672955
qLogEI,10,50,1,4,21,2138.924057672955
qLogEI,10,50,1,4,22,2138.924057672955
qLogEI,10,50,1,4,23,2138.924057672955
qLogEI,10,50,1,4,24,2138.924057672955
qLogEI,10,50,1,4,25,2138.924057672955
qLogEI,10,50,1,4,26,2138.924057672955
qLogEI,10,50,1,4,27,2138.924057672955
qLogEI,10,50,1,4,28,2138.924057672955
qLogEI,10,50,1,4,29,2138.924057672955
qLogEI,10,50,1,4,30,2138.924057672955
qLogEI,10,50,1,4,31,2138.924057672955
qLogEI,10,50,1,4,32,2138.924057672955
qLogEI,10,50,1,4,33,2138.924057672955
qLogEI,10,50,1,4,34,2138.924057672955
qLogEI,10,50,1,4,35,2138.924057672955
qLogEI,10,50,1,4,36,2138.924057672955
qLogEI,10,50,1,4,37,2138.924057672955
qLogEI,10,50,1,4,38,2138.924057672955
qLogEI,10,50,1,4,39,2138.924057672955
qLogEI,10,50,1,4,40,2138.924057672955
qLogEI,10,50,1,4,41,2138.924057672955
qLogEI,10,50,1,4,42,2138.924057672955
qLogEI,10,50,1,4,43,2138.924057672955
qLogEI,10,50,1,4,44,2138.924057672955
qLogEI,10,50,1,4,45,2138.924057672955
qLogEI,10,50,1,4,46,2138.924057672955
qLogEI,10,50,1,4,47,2138.924057672955
qLogEI,10,50,1,4,48,2138.924057672955
qLogEI,10,50,1,4,49,2138.924057672955
qLogEI,10,50,1,4,50,2138.924057672955
qLogEI,10,50,1,4,51,2138.924057672955
qLogEI,10,50,1,4,52,2138.924057672955
qLogEI,10,50,1,4,53,2138.924057672955
qLogEI,10,50,1,4,54,2138.924057672955
qLogEI,10,50,1,4,55,2138.924057672955
qLogEI,10,50,1,4,56,2138.924057672955
qLogEI,10,50,1,4,57,2138.924057672955
qLogEI,10,50,1,4,58,2138.924057672955
qLogEI,10,50,1,4,59,2138.924057672955
qLogEI,10,50,1,4,60,2138.924057672955
qLogEI,10,50,1,4,61,2138.924057672955
qLogEI,10,50,1,4,62,2138.924057672955
qLogEI,10,50,1,4,63,2138.924057672955
qLogEI,10,50,1,4,64,2138.924057672955
qLogEI,10,50,1,4,65,2138.924057672955
qLogEI,10,50,1,4,66,2138.924057672955
qLogEI,10,50,1,4,67,2138.924057672955
qLogEI,10,50,1,4,68,2138.924057672955
qLogEI,10,50,1,4,69,2138.924057672955
qLogEI,10,50,1,4,70,2138.924057672955
qLogEI,10,50,1,4,71,2138.924057672955
qLogEI,10,50,1,4,72,2138.924057672955
qLogEI,10,50,1,4,73,2138.924057672955
qLogEI,10,50,1,4,74,2138.924057672955
qLogEI,10,50,1,4,75,2138.924057672955
qLogEI,10,50,1,4,76,2138.924057672955
qLogEI,10,50,1,4,77,2138.924057672955
qLogEI,10,50,1,4,78,2138.924057672955
qLogEI,10,50,1,4,79,2138.924057672955
qLogEI,10,50,1,4,80,2138.924057672955
qLogEI,10,50,1,4,81,2138.924057672955
qLogEI,10,50,1,4,82,2138.924057672955
qLogEI,10,50,1,4,83,2138.924057672955
qLogEI,10,50,1,4,84,2138.924057672955
qLogEI,10,50,1,4,85,2138.924057672955
qLogEI,10,50,1,4,86,2138.924057672955
qLogEI,10,50,1,4,87,2138.924057672955
qLogEI,10,50,1,4,88,2138.924057672955
qLogEI,10,50,1,4,89,2138.924057672955
qLogEI,10,50,1,4,90,2138.924057672955
qLogEI,10,50,1,4,91,2138.924057672955
qLogEI,10,50,1,4,92,2138.924057672955
qLogEI,10,50,1,4,93,2138.924057672955
qLogEI,10,50,1,4,94,2138.924057672955
qLogEI,10,50,1,4,95,2138.924057672955
qLogEI,10,50,1,4,96,2138.924057672955
qLogEI,10,50,1,4,97,2138.924057672955
qLogEI,10,50,1,4,98,2138.924057672955
qLogEI,10,50,1,4,99,2138.924057672955
qLogEI,10,50,1,4,100,2138.924057672955
RL_Full,10,50,1,4,1,inf
RL_Full,10,50,1,4,2,inf
RL_Full,10,50,1,4,3,inf
RL_Full,10,50,1,4,4,inf
RL_Full,10,50,1,4,5,2138.924057672955
RL_Full,10,50,1,4,6,2138.924057672955
RL_Full,10,50,1,4,7,2138.924057672955
RL_Full,10,50,1,4,8,2138.924057672955
RL_Full,10,50,1,4,9,2138.924057672955
RL_Full,10,50,1,4,10,2138.924057672955
RL_Full,10,50,1,4,11,2138.924057672955
RL_Full,10,50,1,4,12,2138.924057672955
RL_Full,10,50,1,4,13,2138.924057672955
RL_Full,10,50,1,4,14,2138.924057672955
RL_Full,10,50,1,4,15,2138.924057672955
RL_Full,10,50,1,4,16,2138.924057672955
RL_Full,10,50,1,4,17,2138.924057672955
RL_Full,10,50,1,4,18,2138.924057672955
RL_Full,10,50,1,4,19,2138.924057672955
RL_Full,10,50,1,4,20,2138.924057672955
RL_Full,10,50,1,4,21,2138.924057672955
RL_Full,10,50,1,4,22,2138.924057672955
RL_Full,10,50,1,4,23,2138.924057672955
RL_Full,10,50,1,4,24,2138.924057672955
RL_Full,10,50,1,4,25,2138.924057672955
RL_Full,10,50,1,4,26,2138.924057672955
RL_Full,10,50,1,4,27,2138.924057672955
RL_Full,10,50,1,4,28,2138.924057672955
RL_Full,10,50,1,4,29,2138.924057672955
RL_Full,10,50,1,4,30,2138.924057672955
RL_Full,10,50,1,4,31,2138.924057672955
RL_Full,10,50,1,4,32,2138.924057672955
RL_Full,10,50,1,4,33,2138.924057672955
RL_Full,10,50,1,4,34,2138.924057672955
RL_Full,10,50,1,4,35,2138.924057672955
RL_Full,10,50,1,4,36,2138.924057672955
RL_Full,10,50,1,4,37,2138.924057672955
RL_Full,10,50,1,4,38,2138.924057672955
RL_Full,10,50,1,4,39,2138.924057672955
RL_Full,10,50,1,4,40,2138.924057672955
RL_Full,10,50,1,4,41,2138.924057672955
RL_Full,10,50,1,4,42,2138.924057672955
RL_Full,10,50,1,4,43,2138.924057672955
RL_Full,10,50,1,4,44,2138.924057672955
RL_Full,10,50,1,4,45,2138.924057672955
RL_Full,10,50,1,4,46,2138.924057672955
RL_Full,10,50,1,4,47,2138.924057672955
RL_Full,10,50,1,4,48,2138.924057672955
RL_Full,10,50,1,4,49,2138.924057672955
RL_Full,10,50,1,4,50,2138.924057672955
RL_Full,10,50,1,4,51,2138.924057672955
RL_Full,10,50,1,4,52,2138.924057672955
RL_Full,10,50,1,4,53,2138.924057672955
RL_Full,10,50,1,4,54,2138.924057672955
RL_Full,10,50,1,4,55,2138.924057672955
RL_Full,10,50,1,4,56,2138.924057672955
RL_Full,10,50,1,4,57,2138.924057672955
RL_Full,10,50,1,4,58,2138.924057672955
RL_Full,10,50,1,4,59,2138.924057672955
RL_Full,10,50,1,4,60,2138.924057672955
RL_Full,10,50,1,4,61,2138.924057672955
RL_Full,10,50,1,4,62,2138.924057672955
RL_Full,10,50,1,4,63,2138.924057672955
RL_Full,10,50,1,4,64,2138.924057672955
RL_Full,10,50,1,4,65,2138.924057672955
RL_Full,10,50,1,4,66,2138.924057672955
RL_Full,10,50,1,4,67,2138.924057672955
RL_Full,10,50,1,4,68,2138.924057672955
RL_Full,10,50,1,4,69,2138.924057672955
RL_Full,10,50,1,4,70,2138.924057672955
RL_Full,10,50,1,4,71,2138.924057672955
RL_Full,10,50,1,4,72,2138.924057672955
RL_Full,10,50,1,4,73,2138.924057672955
RL_Full,10,50,1,4,74,2138.924057672955
RL_Full,10,50,1,4,75,2138.924057672955
RL_Full,10,50,1,4,76,2138.924057672955
RL_Full,10,50,1,4,77,2138.924057672955
RL_Full,10,50,1,4,78,2138.924057672955
RL_Full,10,50,1,4,79,2138.924057672955
RL_Full,10,50,1,4,80,2138.924057672955
RL_Full,10,50,1,4,81,2138.924057672955
RL_Full,10,50,1,4,82,2138.924057672955
RL_Full,10,50,1,4,83,2138.924057672955
RL_Full,10,50,1,4,84,2138.924057672955
RL_Full,10,50,1,4,85,2138.924057672955
RL_Full,10,50,1,4,86,2138.924057672955
RL_Full,10,50,1,4,87,2138.924057672955
RL_Full,10,50,1,4,88,2138.924057672955
RL_Full,10,50,1,4,89,2138.924057672955
RL_Full,10,50,1,4,90,2138.924057672955
RL_Full,10,50,1,4,91,2138.924057672955
RL_Full,10,50,1,4,92,2138.924057672955
RL_Full,10,50,1,4,93,2138.924057672955
RL_Full,10,50,1,4,94,2138.924057672955
RL_Full,10,50,1,4,95,2138.924057672955
RL_Full,10,50,1,4,96,2138.924057672955
RL_Full,10,50,1,4,97,2138.924057672955
RL_Full,10,50,1,4,98,2138.924057672955
RL_Full,10,50,1,4,99,2138.924057672955
RL_Full,10,50,1,4,100,2138.924057672955
Random,10,50,2,0,1,inf
Random,10,50,2,0,2,inf
Random,10,50,2,0,3,inf
Random,10,50,2,0,4,inf
Random,10,50,2,0,5,inf
Random,10,50,2,0,6,inf
Random,10,50,2,0,7,inf
Random,10,50,2,0,8,inf
Random,10,50,2,0,9,inf
Random,10,50,2,0,10,inf
Random,10,50,2,0,11,inf
Random,10,50,2,0,12,inf
Random,10,50,2,0,13,inf
Random,10,50,2,0,14,19765.952044892445
Random,10,50,2,0,15,19765.952044892445
Random,10,50,2,0,16,19765.952044892445
Random,10,50,2,0,17,19765.952044892445
Random,10,50,2,0,18,19765.952044892445
Random,10,50,2,0,19,19765.952044892445
Random,10,50,2,0,20,19765.952044892445
Random,10,50,2,0,21,19765.952044892445
Random,10,50,2,0,22,19765.952044892445
Random,10,50,2,0,23,19765.952044892445
Random,10,50,2,0,24,19765.952044892445
Random,10,50,2,0,25,19765.952044892445
Random,10,50,2,0,26,19765.952044892445
Random,10,50,2,0,27,19765.952044892445
Random,10,50,2,0,28,19765.952044892445
Random,10,50,2,0,29,19765.952044892445
Random,10,50,2,0,30,19765.952044892445
Random,10,50,2,0,31,19765.952044892445
Random,10,50,2,0,32,19765.952044892445
Random,10,50,2,0,33,19765.952044892445
Random,10,50,2,0,34,19765.952044892445
Random,10,50,2,0,35,19765.952044892445
Random,10,50,2,0,36,19765.952044892445
Random,10,50,2,0,37,19765.952044892445
Random,10,50,2,0,38,19765.952044892445
Random,10,50,2,0,39,19765.952044892445
Random,10,50,2,0,40,19765.952044892445
Random,10,50,2,0,41,19765.952044892445
Random,10,50,2,0,42,19765.952044892445
Random,10,50,2,0,43,19765.952044892445
Random,10,50,2,0,44,19765.952044892445
Random,10,50,2,0,45,19765.952044892445
Random,10,50,2,0,46,19765.952044892445
Random,10,50,2,0,47,19765.952044892445
Random,10,50,2,0,48,19765.952044892445
Random,10,50,2,0,49,19765.952044892445
Random,10,50,2,0,50,19765.952044892445
Random,10,50,2,0,51,19765.952044892445
Random,10,50,2,0,52,19765.952044892445
Random,10,50,2,0,53,19765.952044892445
Random,10,50,2,0,54,19765.952044892445
Random,10,50,2,0,55,19765.952044892445
Random,10,50,2,0,56,19765.952044892445
Random,10,50,2,0,57,19765.952044892445
Random,10,50,2,0,58,19765.952044892445
Random,10,50,2,0,59,19765.952044892445
Random,10,50,2,0,60,19765.952044892445
Random,10,50,2,0,61,19765.952044892445
Random,10,50,2,0,62,19765.952044892445
Random,10,50,2,0,63,19765.952044892445
Random,10,50,2,0,64,19765.952044892445
Random,10,50,2,0,65,19765.952044892445
Random,10,50,2,0,66,19765.952044892445
Random,10,50,2,0,67,19765.952044892445
Random,10,50,2,0,68,19765.952044892445
Random,10,50,2,0,69,19765.952044892445
Random,10,50,2,0,70,19765.952044892445
Random,10,50,2,0,71,19765.952044892445
Random,10,50,2,0,72,19765.952044892445
Random,10,50,2,0,73,19765.952044892445
Random,10,50,2,0,74,19765.952044892445
Random,10,50,2,0,75,19765.952044892445
Random,10,50,2,0,76,19765.952044892445
Random,10,50,2,0,77,19765.952044892445
Random,10,50,2,0,78,19765.952044892445
Random,10,50,2,0,79,19765.952044892445
Random,10,50,2,0,80,19765.952044892445
Random,10,50,2,0,81,19765.952044892445
Random,10,50,2,0,82,19765.952044892445
Random,10,50,2,0,83,19765.952044892445
Random,10,50,2,0,84,19765.952044892445
Random,10,50,2,0,85,19765.952044892445
Random,10,50,2,0,86,19765.952044892445
Random,10,50,2,0,87,11410.307269813806
Random,10,50,2,0,88,11410.307269813806
Random,10,50,2,0,89,11410.307269813806
Random,10,50,2,0,90,11410.307269813806
Random,10,50,2,0,91,11410.307269813806
Random,10,50,2,0,92,11410.307269813806
Random,10,50,2,0,93,11410.307269813806
Random,10,50,2,0,94,11410.307269813806
Random,10,50,2,0,95,11410.307269813806
Random,10,50,2,0,96,11410.307269813806
Random,10,50,2,0,97,11410.307269813806
Random,10,50,2,0,98,11410.307269813806
Random,10,50,2,0,99,11410.307269813806
Random,10,50,2,0,100,11410.307269813806
qLogEI,10,50,2,0,1,inf
qLogEI,10,50,2,0,2,inf
qLogEI,10,50,2,0,3,inf
qLogEI,10,50,2,0,4,inf
qLogEI,10,50,2,0,5,inf
qLogEI,10,50,2,0,6,inf
qLogEI,10,50,2,0,7,inf
qLogEI,10,50,2,0,8,inf
qLogEI,10,50,2,0,9,inf
qLogEI,10,50,2,0,10,inf
qLogEI,10,50,2,0,11,inf
qLogEI,10,50,2,0,12,inf
qLogEI,10,50,2,0,13,inf
qLogEI,10,50,2,0,14,19765.952044892445
qLogEI,10,50,2,0,15,19765.952044892445
qLogEI,10,50,2,0,16,19765.952044892445
qLogEI,10,50,2,0,17,19765.952044892445
qLogEI,10,50,2,0,18,19765.952044892445
qLogEI,10,50,2,0,19,19765.952044892445
qLogEI,10,50,2,0,20,19765.952044892445
qLogEI,10,50,2,0,21,19765.952044892445
qLogEI,10,50,2,0,22,19765.952044892445
qLogEI,10,50,2,0,23,19765.952044892445
qLogEI,10,50,2,0,24,19765.952044892445
qLogEI,10,50,2,0,25,19765.952044892445
qLogEI,10,50,2,0,26,19765.952044892445
qLogEI,10,50,2,0,27,19765.952044892445
qLogEI,10,50,2,0,28,19765.952044892445
qLogEI,10,50,2,0,29,19765.952044892445
qLogEI,10,50,2,0,30,10685.25255162808
qLogEI,10,50,2,0,31,10685.25255162808
qLogEI,10,50,2,0,32,10685.25255162808
qLogEI,10,50,2,0,33,10685.25255162808
qLogEI,10,50,2,0,34,10685.25255162808
qLogEI,10,50,2,0,35,10467.537877964733
qLogEI,10,50,2,0,36,10467.537877964733
qLogEI,10,50,2,0,37,10467.537877964733
qLogEI,10,50,2,0,38,10467.537877964733
qLogEI,10,50,2,0,39,10467.537877964733
qLogEI,10,50,2,0,40,10467.537877964733
qLogEI,10,50,2,0,41,10467.537877964733
qLogEI,10,50,2,0,42,10467.537877964733
qLogEI,10,50,2,0,43,10467.537877964733
qLogEI,10,50,2,0,44,10467.537877964733
qLogEI,10,50,2,0,45,10467.537877964733
qLogEI,10,50,2,0,46,10467.537877964733
qLogEI,10,50,2,0,47,10467.537877964733
qLogEI,10,50,2,0,48,10467.537877964733
qLogEI,10,50,2,0,49,10467.537877964733
qLogEI,10,50,2,0,50,10467.537877964733
qLogEI,10,50,2,0,51,10467.537877964733
qLogEI,10,50,2,0,52,10467.537877964733
qLogEI,10,50,2,0,53,10467.537877964733
qLogEI,10,50,2,0,54,10467.537877964733
qLogEI,10,50,2,0,55,10467.537877964733
qLogEI,10,50,2,0,56,10467.537877964733
qLogEI,10,50,2,0,57,10465.965170883554
qLogEI,10,50,2,0,58,10465.965170883554
qLogEI,10,50,2,0,59,10465.965170883554
qLogEI,10,50,2,0,60,10465.965170883554
qLogEI,10,50,2,0,61,10413.769980288602
qLogEI,10,50,2,0,62,10413.769980288602
qLogEI,10,50,2,0,63,10413.769980288602
qLogEI,10,50,2,0,64,10413.769980288602
qLogEI,10,50,2,0,65,10413.769980288602
qLogEI,10,50,2,0,66,10413.769980288602
qLogEI,10,50,2,0,67,10413.769980288602
qLogEI,10,50,2,0,68,10413.769980288602
qLogEI,10,50,2,0,69,10413.769980288602
qLogEI,10,50,2,0,70,10413.769980288602
qLogEI,10,50,2,0,71,10413.769980288602
qLogEI,10,50,2,0,72,10413.769980288602
qLogEI,10,50,2,0,73,10413.769980288602
qLogEI,10,50,2,0,74,10413.769980288602
qLogEI,10,50,2,0,75,10413.769980288602
qLogEI,10,50,2,0,76,10413.769980288602
qLogEI,10,50,2,0,77,10413.769980288602
qLogEI,10,50,2,0,78,10413.769980288602
qLogEI,10,50,2,0,79,10413.769980288602
qLogEI,10,50,2,0,80,10413.769980288602
qLogEI,10,50,2,0,81,10413.769980288602
qLogEI,10,50,2,0,82,10413.769980288602
qLogEI,10,50,2,0,83,10413.769980288602
qLogEI,10,50,2,0,84,10413.769980288602
qLogEI,10,50,2,0,85,10413.769980288602
qLogEI,10,50,2,0,86,10413.769980288602
qLogEI,10,50,2,0,87,10413.769980288602
qLogEI,10,50,2,0,88,10413.769980288602
qLogEI,10,50,2,0,89,10413.769980288602
qLogEI,10,50,2,0,90,10413.769980288602
qLogEI,10,50,2,0,91,10413.769980288602
qLogEI,10,50,2,0,92,10413.769980288602
qLogEI,10,50,2,0,93,10413.769980288602
qLogEI,10,50,2,0,94,10413.769980288602
qLogEI,10,50,2,0,95,10413.769980288602
qLogEI,10,50,2,0,96,10413.769980288602
qLogEI,10,50,2,0,97,10413.769980288602
qLogEI,10,50,2,0,98,10413.769980288602
qLogEI,10,50,2,0,99,10130.428689239554
qLogEI,10,50,2,0,100,10130.428689239554
RL_Full,10,50,2,0,1,inf
RL_Full,10,50,2,0,2,inf
RL_Full,10,50,2,0,3,inf
RL_Full,10,50,2,0,4,inf
RL_Full,10,50,2,0,5,inf
RL_Full,10,50,2,0,6,inf
RL_Full,10,50,2,0,7,inf
RL_Full,10,50,2,0,8,inf
RL_Full,10,50,2,0,9,inf
RL_Full,10,50,2,0,10,inf
RL_Full,10,50,2,0,11,inf
RL_Full,10,50,2,0,12,inf
RL_Full,10,50,2,0,13,inf
RL_Full,10,50,2,0,14,19765.952044892445
RL_Full,10,50,2,0,15,19765.952044892445
RL_Full,10,50,2,0,16,19765.952044892445
RL_Full,10,50,2,0,17,19765.952044892445
RL_Full,10,50,2,0,18,19765.952044892445
RL_Full,10,50,2,0,19,19765.952044892445
RL_Full,10,50,2,0,20,19765.952044892445
RL_Full,10,50,2,0,21,19765.952044892445
RL_Full,10,50,2,0,22,19765.952044892445
RL_Full,10,50,2,0,23,19765.952044892445
RL_Full,10,50,2,0,24,19765.952044892445
RL_Full,10,50,2,0,25,19765.952044892445
RL_Full,10,50,2,0,26,19765.952044892445
RL_Full,10,50,2,0,27,19765.952044892445
RL_Full,10,50,2,0,28,19765.952044892445
RL_Full,10,50,2,0,29,19765.952044892445
RL_Full,10,50,2,0,30,19765.952044892445
RL_Full,10,50,2,0,31,19765.952044892445
RL_Full,10,50,2,0,32,19765.952044892445
RL_Full,10,50,2,0,33,19765.952044892445
RL_Full,10,50,2,0,34,19765.952044892445
RL_Full,10,50,2,0,35,19765.952044892445
RL_Full,10,50,2,0,36,19765.952044892445
RL_Full,10,50,2,0,37,19765.952044892445
RL_Full,10,50,2,0,38,19765.952044892445
RL_Full,10,50,2,0,39,19765.952044892445
RL_Full,10,50,2,0,40,19765.952044892445
RL_Full,10,50,2,0,41,19765.952044892445
RL_Full,10,50,2,0,42,19765.952044892445
RL_Full,10,50,2,0,43,19765.952044892445
RL_Full,10,50,2,0,44,19765.952044892445
RL_Full,10,50,2,0,45,19765.952044892445
RL_Full,10,50,2,0,46,19765.952044892445
RL_Full,10,50,2,0,47,19765.952044892445
RL_Full,10,50,2,0,48,19765.952044892445
RL_Full,10,50,2,0,49,19765.952044892445
RL_Full,10,50,2,0,50,19765.952044892445
RL_Full,10,50,2,0,51,19765.952044892445
RL_Full,10,50,2,0,52,19765.952044892445
RL_Full,10,50,2,0,53,19765.952044892445
RL_Full,10,50,2,0,54,19765.952044892445
RL_Full,10,50,2,0,55,19765.952044892445
RL_Full,10,50,2,0,56,19765.952044892445
RL_Full,10,50,2,0,57,19765.952044892445
RL_Full,10,50,2,0,58,19765.952044892445
RL_Full,10,50,2,0,59,19765.952044892445
RL_Full,10,50,2,0,60,19765.952044892445
RL_Full,10,50,2,0,61,19765.952044892445
RL_Full,10,50,2,0,62,19765.952044892445
RL_Full,10,50,2,0,63,19765.952044892445
RL_Full,10,50,2,0,64,19765.952044892445
RL_Full,10,50,2,0,65,19765.952044892445
RL_Full,10,50,2,0,66,19765.952044892445
RL_Full,10,50,2,0,67,19765.952044892445
RL_Full,10,50,2,0,68,19765.952044892445
RL_Full,10,50,2,0,69,19765.952044892445
RL_Full,10,50,2,0,70,19765.952044892445
RL_Full,10,50,2,0,71,19765.952044892445
RL_Full,10,50,2,0,72,19765.952044892445
RL_Full,10,50,2,0,73,19765.952044892445
RL_Full,10,50,2,0,74,19765.952044892445
RL_Full,10,50,2,0,75,19765.952044892445
RL_Full,10,50,2,0,76,19765.952044892445
RL_Full,10,50,2,0,77,19765.952044892445
RL_Full,10,50,2,0,78,19765.952044892445
RL_Full,10,50,2,0,79,19765.952044892445
RL_Full,10,50,2,0,80,19765.952044892445
RL_Full,10,50,2,0,81,19765.952044892445
RL_Full,10,50,2,0,82,19765.952044892445
RL_Full,10,50,2,0,83,19765.952044892445
RL_Full,10,50,2,0,84,19765.952044892445
RL_Full,10,50,2,0,85,19765.952044892445
RL_Full,10,50,2,0,86,19765.952044892445
RL_Full,10,50,2,0,87,19765.952044892445
RL_Full,10,50,2,0,88,19765.952044892445
RL_Full,10,50,2,0,89,19765.952044892445
RL_Full,10,50,2,0,90,19765.952044892445
RL_Full,10,50,2,0,91,19765.952044892445
RL_Full,10,50,2,0,92,19765.952044892445
RL_Full,10,50,2,0,93,19765.952044892445
RL_Full,10,50,2,0,94,19765.952044892445
RL_Full,10,50,2,0,95,19765.952044892445
RL_Full,10,50,2,0,96,19765.952044892445
RL_Full,10,50,2,0,97,19765.952044892445
RL_Full,10,50,2,0,98,19765.952044892445
RL_Full,10,50,2,0,99,19765.952044892445
RL_Full,10,50,2,0,100,19765.952044892445
Random,10,50,2,1,1,11693.572209775923
Random,10,50,2,1,2,11693.572209775923
Random,10,50,2,1,3,11693.572209775923
Random,10,50,2,1,4,11693.572209775923
Random,10,50,2,1,5,11693.572209775923
Random,10,50,2,1,6,11693.572209775923
Random,10,50,2,1,7,11693.572209775923
Random,10,50,2,1,8,11693.572209775923
Random,10,50,2,1,9,11693.572209775923
Random,10,50,2,1,10,11693.572209775923
Random,10,50,2,1,11,11693.572209775923
Random,10,50,2,1,12,11693.572209775923
Random,10,50,2,1,13,11693.572209775923
Random,10,50,2,1,14,11693.572209775923
Random,10,50,2,1,15,11693.572209775923
Random,10,50,2,1,16,11693.572209775923
Random,10,50,2,1,17,11693.572209775923
Random,10,50,2,1,18,11693.572209775923
Random,10,50,2,1,19,11693.572209775923
Random,10,50,2,1,20,11693.572209775923
Random,10,50,2,1,21,11693.572209775923
Random,10,50,2,1,22,11693.572209775923
Random,10,50,2,1,23,11693.572209775923
Random,10,50,2,1,24,11693.572209775923
Random,10,50,2,1,25,11693.572209775923
Random,10,50,2,1,26,11693.572209775923
Random,10,50,2,1,27,11693.572209775923
Random,10,50,2,1,28,11693.572209775923
Random,10,50,2,1,29,11693.572209775923
Random,10,50,2,1,30,11693.572209775923
Random,10,50,2,1,31,11693.572209775923
Random,10,50,2,1,32,11693.572209775923
Random,10,50,2,1,33,11693.572209775923
Random,10,50,2,1,34,11693.572209775923
Random,10,50,2,1,35,11693.572209775923
Random,10,50,2,1,36,11693.572209775923
Random,10,50,2,1,37,11693.572209775923
Random,10,50,2,1,38,11693.572209775923
Random,10,50,2,1,39,11693.572209775923
Random,10,50,2,1,40,11693.572209775923
Random,10,50,2,1,41,11693.572209775923
Random,10,50,2,1,42,11693.572209775923
Random,10,50,2,1,43,11693.572209775923
Random,10,50,2,1,44,11693.572209775923
Random,10,50,2,1,45,11693.572209775923
Random,10,50,2,1,46,11693.572209775923
Random,10,50,2,1,47,11693.572209775923
Random,10,50,2,1,48,11693.572209775923
Random,10,50,2,1,49,11693.572209775923
Random,10,50,2,1,50,11693.572209775923
Random,10,50,2,1,51,11693.572209775923
Random,10,50,2,1,52,11693.572209775923
Random,10,50,2,1,53,11693.572209775923
Random,10,50,2,1,54,11693.572209775923
Random,10,50,2,1,55,11540.110753047029
Random,10,50,2,1,56,11540.110753047029
Random,10,50,2,1,57,11540.110753047029
Random,10,50,2,1,58,11540.110753047029
Random,10,50,2,1,59,11540.110753047029
Random,10,50,2,1,60,11540.110753047029
Random,10,50,2,1,61,11540.110753047029
Random,10,50,2,1,62,11540.110753047029
Random,10,50,2,1,63,11540.110753047029
Random,10,50,2,1,64,11540.110753047029
Random,10,50,2,1,65,11540.110753047029
Random,10,50,2,1,66,11540.110753047029
Random,10,50,2,1,67,11540.110753047029
Random,10,50,2,1,68,11540.110753047029
Random,10,50,2,1,69,11540.110753047029
Random,10,50,2,1,70,11540.110753047029
Random,10,50,2,1,71,11540.110753047029
Random,10,50,2,1,72,11540.110753047029
Random,10,50,2,1,73,11540.110753047029
Random,10,50,2,1,74,11540.110753047029
Random,10,50,2,1,75,11540.110753047029
Random,10,50,2,1,76,11540.110753047029
Random,10,50,2,1,77,11540.110753047029
Random,10,50,2,1,78,11540.110753047029
Random,10,50,2,1,79,11540.110753047029
Random,10,50,2,1,80,11540.110753047029
Random,10,50,2,1,81,11540.110753047029
Random,10,50,2,1,82,11540.110753047029
Random,10,50,2,1,83,11540.110753047029
Random,10,50,2,1,84,11540.110753047029
Random,10,50,2,1,85,11540.110753047029
Random,10,50,2,1,86,11540.110753047029
Random,10,50,2,1,87,11540.110753047029
Random,10,50,2,1,88,11540.110753047029
Random,10,50,2,1,89,11540.110753047029
Random,10,50,2,1,90,11540.110753047029
Random,10,50,2,1,91,11540.110753047029
Random,10,50,2,1,92,11540.110753047029
Random,10,50,2,1,93,11540.110753047029
Random,10,50,2,1,94,11540.110753047029
Random,10,50,2,1,95,11540.110753047029
Random,10,50,2,1,96,11540.110753047029
Random,10,50,2,1,97,11540.110753047029
Random,10,50,2,1,98,11540.110753047029
Random,10,50,2,1,99,11540.110753047029
Random,10,50,2,1,100,11540.110753047029
qLogEI,10,50,2,1,1,11693.572209775923
qLogEI,10,50,2,1,2,11693.572209775923
qLogEI,10,50,2,1,3,11693.572209775923
qLogEI,10,50,2,1,4,11693.572209775923
qLogEI,10,50,2,1,5,11693.572209775923
qLogEI,10,50,2,1,6,11693.572209775923
qLogEI,10,50,2,1,7,11693.572209775923
qLogEI,10,50,2,1,8,11693.572209775923
qLogEI,10,50,2,1,9,11693.572209775923
qLogEI,10,50,2,1,10,11693.572209775923
qLogEI,10,50,2,1,11,11693.572209775923
qLogEI,10,50,2,1,12,11693.572209775923
qLogEI,10,50,2,1,13,11693.572209775923
qLogEI,10,50,2,1,14,11693.572209775923
qLogEI,10,50,2,1,15,11693.572209775923
qLogEI,10,50,2,1,16,11693.572209775923
qLogEI,10,50,2,1,17,11693.572209775923
qLogEI,10,50,2,1,18,11693.572209775923
qLogEI,10,50,2,1,19,11693.572209775923
qLogEI,10,50,2,1,20,11693.572209775923
qLogEI,10,50,2,1,21,11693.572209775923
qLogEI,10,50,2,1,22,11693.572209775923
qLogEI,10,50,2,1,23,11693.572209775923
qLogEI,10,50,2,1,24,11693.572209775923
qLogEI,10,50,2,1,25,11693.572209775923
qLogEI,10,50,2,1,26,11693.572209775923
qLogEI,10,50,2,1,27,11693.572209775923
qLogEI,10,50,2,1,28,11440.254534981035
qLogEI,10,50,2,1,29,11440.254534981035
qLogEI,10,50,2,1,30,11440.254534981035
qLogEI,10,50,2,1,31,11440.254534981035
qLogEI,10,50,2,1,32,11440.254534981035
qLogEI,10,50,2,1,33,11440.254534981035
qLogEI,10,50,2,1,34,11440.254534981035
qLogEI,10,50,2,1,35,11440.254534981035
qLogEI,10,50,2,1,36,11440.254534981035
qLogEI,10,50,2,1,37,11440.254534981035
qLogEI,10,50,2,1,38,11440.254534981035
qLogEI,10,50,2,1,39,11440.254534981035
qLogEI,10,50,2,1,40,11410.713807085247
qLogEI,10,50,2,1,41,11410.713807085247
qLogEI,10,50,2,1,42,11410.713807085247
qLogEI,10,50,2,1,43,11410.713807085247
qLogEI,10,50,2,1,44,11410.713807085247
qLogEI,10,50,2,1,45,11410.713807085247
qLogEI,10,50,2,1,46,11410.713807085247
qLogEI,10,50,2,1,47,11410.713807085247
qLogEI,10,50,2,1,48,11410.713807085247
qLogEI,10,50,2,1,49,11410.713807085247
qLogEI,10,50,2,1,50,11410.713807085247
qLogEI,10,50,2,1,51,11410.713807085247
qLogEI,10,50,2,1,52,11410.713807085247
qLogEI,10,50,2,1,53,11410.713807085247
qLogEI,10,50,2,1,54,11410.713807085247
qLogEI,10,50,2,1,55,11357.11665817427
qLogEI,10,50,2,1,56,11357.11665817427
qLogEI,10,50,2,1,57,11357.11665817427
qLogEI,10,50,2,1,58,11357.11665817427
qLogEI,10,50,2,1,59,11357.11665817427
qLogEI,10,50,2,1,60,11357.11665817427
qLogEI,10,50,2,1,61,11357.11665817427
qLogEI,10,50,2,1,62,11357.11665817427
qLogEI,10,50,2,1,63,11357.11665817427
qLogEI,10,50,2,1,64,10780.001824928095
qLogEI,10,50,2,1,65,10780.001824928095
qLogEI,10,50,2,1,66,10780.001824928095
qLogEI,10,50,2,1,67,10780.001824928095
qLogEI,10,50,2,1,68,10780.001824928095
qLogEI,10,50,2,1,69,10780.001824928095
qLogEI,10,50,2,1,70,10780.001824928095
qLogEI,10,50,2,1,71,10780.001824928095
qLogEI,10,50,2,1,72,10780.001824928095
qLogEI,10,50,2,1,73,10504.101781368594
qLogEI,10,50,2,1,74,10504.101781368594
qLogEI,10,50,2,1,75,10504.101781368594
qLogEI,10,50,2,1,76,10504.101781368594
qLogEI,10,50,2,1,77,10504.101781368594
qLogEI,10,50,2,1,78,10504.101781368594
qLogEI,10,50,2,1,79,10504.101781368594
qLogEI,10,50,2,1,80,10504.101781368594
qLogEI,10,50,2,1,81,10504.101781368594
qLogEI,10,50,2,1,82,10504.101781368594
qLogEI,10,50,2,1,83,10504.101781368594
qLogEI,10,50,2,1,84,10504.101781368594
qLogEI,10,50,2,1,85,10504.101781368594
qLogEI,10,50,2,1,86,10504.101781368594
qLogEI,10,50,2,1,87,10504.101781368594
qLogEI,10,50,2,1,88,10504.101781368594
qLogEI,10,50,2,1,89,10504.101781368594
qLogEI,10,50,2,1,90,10504.101781368594
qLogEI,10,50,2,1,91,10504.101781368594
qLogEI,10,50,2,1,92,10504.101781368594
qLogEI,10,50,2,1,93,10504.101781368594
qLogEI,10,50,2,1,94,10504.101781368594
qLogEI,10,50,2,1,95,10504.101781368594
qLogEI,10,50,2,1,96,10504.101781368594
qLogEI,10,50,2,1,97,10504.101781368594
qLogEI,10,50,2,1,98,10504.101781368594
qLogEI,10,50,2,1,99,10504.101781368594
qLogEI,10,50,2,1,100,10504.101781368594
RL_Full,10,50,2,1,1,11693.572209775923
RL_Full,10,50,2,1,2,11693.572209775923
RL_Full,10,50,2,1,3,11693.572209775923
RL_Full,10,50,2,1,4,11693.572209775923
RL_Full,10,50,2,1,5,11693.572209775923
RL_Full,10,50,2,1,6,11693.572209775923
RL_Full,10,50,2,1,7,11693.572209775923
RL_Full,10,50,2,1,8,11693.572209775923
RL_Full,10,50,2,1,9,11693.572209775923
RL_Full,10,50,2,1,10,11693.572209775923
RL_Full,10,50,2,1,11,11693.572209775923
RL_Full,10,50,2,1,12,11693.572209775923
RL_Full,10,50,2,1,13,11693.572209775923
RL_Full,10,50,2,1,14,11693.572209775923
RL_Full,10,50,2,1,15,11693.572209775923
RL_Full,10,50,2,1,16,11693.572209775923
RL_Full,10,50,2,1,17,11693.572209775923
RL_Full,10,50,2,1,18,11693.572209775923
RL_Full,10,50,2,1,19,11693.572209775923
RL_Full,10,50,2,1,20,11693.572209775923
RL_Full,10,50,2,1,21,11693.572209775923
RL_Full,10,50,2,1,22,11693.572209775923
RL_Full,10,50,2,1,23,11693.572209775923
RL_Full,10,50,2,1,24,11693.572209775923
RL_Full,10,50,2,1,25,11693.572209775923
RL_Full,10,50,2,1,26,11693.572209775923
RL_Full,10,50,2,1,27,11693.572209775923
RL_Full,10,50,2,1,28,11693.572209775923
RL_Full,10,50,2,1,29,11693.572209775923
RL_Full,10,50,2,1,30,11693.572209775923
RL_Full,10,50,2,1,31,11693.572209775923
RL_Full,10,50,2,1,32,11693.572209775923
RL_Full,10,50,2,1,33,11693.572209775923
RL_Full,10,50,2,1,34,11693.572209775923
RL_Full,10,50,2,1,35,11693.572209775923
RL_Full,10,50,2,1,36,11693.572209775923
RL_Full,10,50,2,1,37,11693.572209775923
RL_Full,10,50,2,1,38,11693.572209775923
RL_Full,10,50,2,1,39,11693.572209775923
RL_Full,10,50,2,1,40,11693.572209775923
RL_Full,10,50,2,1,41,11693.572209775923
RL_Full,10,50,2,1,42,11693.572209775923
RL_Full,10,50,2,1,43,11693.572209775923
RL_Full,10,50,2,1,44,11693.572209775923
RL_Full,10,50,2,1,45,11693.572209775923
RL_Full,10,50,2,1,46,11693.572209775923
RL_Full,10,50,2,1,47,11693.572209775923
RL_Full,10,50,2,1,48,11693.572209775923
RL_Full,10,50,2,1,49,11693.572209775923
RL_Full,10,50,2,1,50,11693.572209775923
RL_Full,10,50,2,1,51,11693.572209775923
RL_Full,10,50,2,1,52,11693.572209775923
RL_Full,10,50,2,1,53,11693.572209775923
RL_Full,10,50,2,1,54,11693.572209775923
RL_Full,10,50,2,1,55,11693.572209775923
RL_Full,10,50,2,1,56,11693.572209775923
RL_Full,10,50,2,1,57,11693.572209775923
RL_Full,10,50,2,1,58,11693.572209775923
RL_Full,10,50,2,1,59,11693.572209775923
RL_Full,10,50,2,1,60,11693.572209775923
RL_Full,10,50,2,1,61,11693.572209775923
RL_Full,10,50,2,1,62,11693.572209775923
RL_Full,10,50,2,1,63,11693.572209775923
RL_Full,10,50,2,1,64,11693.572209775923
RL_Full,10,50,2,1,65,11693.572209775923
RL_Full,10,50,2,1,66,11693.572209775923
RL_Full,10,50,2,1,67,11693.572209775923
RL_Full,10,50,2,1,68,11693.572209775923
RL_Full,10,50,2,1,69,11693.572209775923
RL_Full,10,50,2,1,70,11693.572209775923
RL_Full,10,50,2,1,71,11693.572209775923
RL_Full,10,50,2,1,72,11693.572209775923
RL_Full,10,50,2,1,73,11693.572209775923
RL_Full,10,50,2,1,74,11693.572209775923
RL_Full,10,50,2,1,75,11693.572209775923
RL_Full,10,50,2,1,76,11693.572209775923
RL_Full,10,50,2,1,77,11693.572209775923
RL_Full,10,50,2,1,78,11693.572209775923
RL_Full,10,50,2,1,79,11693.572209775923
RL_Full,10,50,2,1,80,11693.572209775923
RL_Full,10,50,2,1,81,11693.572209775923
RL_Full,10,50,2,1,82,11693.572209775923
RL_Full,10,50,2,1,83,11693.572209775923
RL_Full,10,50,2,1,84,11693.572209775923
RL_Full,10,50,2,1,85,11693.572209775923
RL_Full,10,50,2,1,86,11693.572209775923
RL_Full,10,50,2,1,87,11693.572209775923
RL_Full,10,50,2,1,88,11693.572209775923
RL_Full,10,50,2,1,89,11693.572209775923
RL_Full,10,50,2,1,90,11693.572209775923
RL_Full,10,50,2,1,91,11693.572209775923
RL_Full,10,50,2,1,92,11693.572209775923
RL_Full,10,50,2,1,93,11693.572209775923
RL_Full,10,50,2,1,94,11693.572209775923
RL_Full,10,50,2,1,95,11693.572209775923
RL_Full,10,50,2,1,96,11693.572209775923
RL_Full,10,50,2,1,97,11693.572209775923
RL_Full,10,50,2,1,98,11693.572209775923
RL_Full,10,50,2,1,99,11693.572209775923
RL_Full,10,50,2,1,100,11693.572209775923
Random,10,50,2,2,1,inf
Random,10,50,2,2,2,inf
Random,10,50,2,2,3,inf
Random,10,50,2,2,4,inf
Random,10,50,2,2,5,inf
Random,10,50,2,2,6,inf
Random,10,50,2,2,7,inf
Random,10,50,2,2,8,inf
Random,10,50,2,2,9,inf
Random,10,50,2,2,10,inf
Random,10,50,2,2,11,inf
Random,10,50,2,2,12,inf
Random,10,50,2,2,13,inf
Random,10,50,2,2,14,inf
Random,10,50,2,2,15,11917.046850709568
Random,10,50,2,2,16,11917.046850709568
Random,10,50,2,2,17,11917.046850709568
Random,10,50,2,2,18,11917.046850709568
Random,10,50,2,2,19,11917.046850709568
Random,10,50,2,2,20,11917.046850709568
Random,10,50,2,2,21,11917.046850709568
Random,10,50,2,2,22,11917.046850709568
Random,10,50,2,2,23,11917.046850709568
Random,10,50,2,2,24,11917.046850709568
Random,10,50,2,2,25,11917.046850709568
Random,10,50,2,2,26,11917.046850709568
Random,10,50,2,2,27,11917.046850709568
Random,10,50,2,2,28,11917.046850709568
Random,10,50,2,2,29,11917.046850709568
Random,10,50,2,2,30,11917.046850709568
Random,10,50,2,2,31,11917.046850709568
Random,10,50,2,2,32,11917.046850709568
Random,10,50,2,2,33,11917.046850709568
Random,10,50,2,2,34,11917.046850709568
Random,10,50,2,2,35,11917.046850709568
Random,10,50,2,2,36,11917.046850709568
Random,10,50,2,2,37,11917.046850709568
Random,10,50,2,2,38,11917.046850709568
Random,10,50,2,2,39,11917.046850709568
Random,10,50,2,2,40,11917.046850709568
Random,10,50,2,2,41,11917.046850709568
Random,10,50,2,2,42,11917.046850709568
Random,10,50,2,2,43,11917.046850709568
Random,10,50,2,2,44,11917.046850709568
Random,10,50,2,2,45,11917.046850709568
Random,10,50,2,2,46,11917.046850709568
Random,10,50,2,2,47,11917.046850709568
Random,10,50,2,2,48,11917.046850709568
Random,10,50,2,2,49,11917.046850709568
Random,10,50,2,2,50,11917.046850709568
Random,10,50,2,2,51,11917.046850709568
Random,10,50,2,2,52,11917.046850709568
Random,10,50,2,2,53,11532.948796424118
Random,10,50,2,2,54,11532.948796424118
Random,10,50,2,2,55,11532.948796424118
Random,10,50,2,2,56,11532.948796424118
Random,10,50,2,2,57,11532.948796424118
Random,10,50,2,2,58,11532.948796424118
Random,10,50,2,2,59,11532.948796424118
Random,10,50,2,2,60,11532.948796424118
Random,10,50,2,2,61,11532.948796424118
Random,10,50,2,2,62,11532.948796424118
Random,10,50,2,2,63,11532.948796424118
Random,10,50,2,2,64,11532.948796424118
Random,10,50,2,2,65,11532.948796424118
Random,10,50,2,2,66,11532.948796424118
Random,10,50,2,2,67,11532.948796424118
Random,10,50,2,2,68,11532.948796424118
Random,10,50,2,2,69,11532.948796424118
Random,10,50,2,2,70,11532.948796424118
Random,10,50,2,2,71,11532.948796424118
Random,10,50,2,2,72,11532.948796424118
Random,10,50,2,2,73,11532.948796424118
Random,10,50,2,2,74,11532.948796424118
Random,10,50,2,2,75,11532.948796424118
Random,10,50,2,2,76,11532.948796424118
Random,10,50,2,2,77,11532.948796424118
Random,10,50,2,2,78,11532.948796424118
Random,10,50,2,2,79,11532.948796424118
Random,10,50,2,2,80,11532.948796424118
Random,10,50,2,2,81,11532.948796424118
Random,10,50,2,2,82,11532.948796424118
Random,10,50,2,2,83,11532.948796424118
Random,10,50,2,2,84,11532.948796424118
Random,10,50,2,2,85,11532.948796424118
Random,10,50,2,2,86,11532.948796424118
Random,10,50,2,2,87,11532.948796424118
Random,10,50,2,2,88,11334.382734012928
Random,10,50,2,2,89,11334.382734012928
Random,10,50,2,2,90,11334.382734012928
Random,10,50,2,2,91,11334.382734012928
Random,10,50,2,2,92,11334.382734012928
Random,10,50,2,2,93,11334.382734012928
Random,10,50,2,2,94,11334.382734012928
Random,10,50,2,2,95,11334.382734012928
Random,10,50,2,2,96,11334.382734012928
Random,10,50,2,2,97,11334.382734012928
Random,10,50,2,2,98,11334.382734012928
Random,10,50,2,2,99,11334.382734012928
Random,10,50,2,2,100,11334.382734012928
qLogEI,10,50,2,2,1,inf
qLogEI,10,50,2,2,2,inf
qLogEI,10,50,2,2,3,inf
qLogEI,10,50,2,2,4,inf
qLogEI,10,50,2,2,5,inf
qLogEI,10,50,2,2,6,inf
qLogEI,10,50,2,2,7,inf
qLogEI,10,50,2,2,8,inf
qLogEI,10,50,2,2,9,inf
qLogEI,10,50,2,2,10,inf
qLogEI,10,50,2,2,11,inf
qLogEI,10,50,2,2,12,inf
qLogEI,10,50,2,2,13,inf
qLogEI,10,50,2,2,14,inf
qLogEI,10,50,2,2,15,11917.046850709568
qLogEI,10,50,2,2,16,11917.046850709568
qLogEI,10,50,2,2,17,11917.046850709568
qLogEI,10,50,2,2,18,11917.046850709568
qLogEI,10,50,2,2,19,11917.046850709568
qLogEI,10,50,2,2,20,11917.046850709568
qLogEI,10,50,2,2,21,11917.046850709568
qLogEI,10,50,2,2,22,10905.421565471714
qLogEI,10,50,2,2,23,10905.421565471714
qLogEI,10,50,2,2,24,10905.421565471714
qLogEI,10,50,2,2,25,10905.421565471714
qLogEI,10,50,2,2,26,10905.421565471714
qLogEI,10,50,2,2,27,10905.421565471714
qLogEI,10,50,2,2,28,10905.421565471714
qLogEI,10,50,2,2,29,10905.421565471714
qLogEI,10,50,2,2,30,10905.421565471714
qLogEI,10,50,2,2,31,10905.421565471714
qLogEI,10,50,2,2,32,10905.421565471714
qLogEI,10,50,2,2,33,10905.421565471714
qLogEI,10,50,2,2,34,10905.421565471714
qLogEI,10,50,2,2,35,10905.421565471714
qLogEI,10,50,2,2,36,10905.421565471714
qLogEI,10,50,2,2,37,10905.421565471714
qLogEI,10,50,2,2,38,10905.421565471714
qLogEI,10,50,2,2,39,10905.421565471714
qLogEI,10,50,2,2,40,10905.421565471714
qLogEI,10,50,2,2,41,10905.421565471714
qLogEI,10,50,2,2,42,10905.421565471714
qLogEI,10,50,2,2,43,10905.421565471714
qLogEI,10,50,2,2,44,10905.421565471714
qLogEI,10,50,2,2,45,10905.421565471714
qLogEI,10,50,2,2,46,10905.421565471714
qLogEI,10,50,2,2,47,10905.421565471714
qLogEI,10,50,2,2,48,10905.421565471714
qLogEI,10,50,2,2,49,10905.421565471714
qLogEI,10,50,2,2,50,10905.421565471714
qLogEI,10,50,2,2,51,10905.421565471714
qLogEI,10,50,2,2,52,10905.421565471714
qLogEI,10,50,2,2,53,10905.421565471714
qLogEI,10,50,2,2,54,10905.421565471714
qLogEI,10,50,2,2,55,10905.421565471714
qLogEI,10,50,2,2,56,10905.421565471714
qLogEI,10,50,2,2,57,10905.421565471714
qLogEI,10,50,2,2,58,10905.421565471714
qLogEI,10,50,2,2,59,10905.421565471714
qLogEI,10,50,2,2,60,10905.421565471714
qLogEI,10,50,2,2,61,10905.421565471714
qLogEI,10,50,2,2,62,10905.421565471714
qLogEI,10,50,2,2,63,10905.421565471714
qLogEI,10,50,2,2,64,10905.421565471714
qLogEI,10,50,2,2,65,10905.421565471714
qLogEI,10,50,2,2,66,10905.421565471714
qLogEI,10,50,2,2,67,10905.421565471714
qLogEI,10,50,2,2,68,10905.421565471714
qLogEI,10,50,2,2,69,10905.421565471714
qLogEI,10,50,2,2,70,10905.421565471714
qLogEI,10,50,2,2,71,10905.421565471714
qLogEI,10,50,2,2,72,10905.421565471714
qLogEI,10,50,2,2,73,10905.421565471714
qLogEI,10,50,2,2,74,10905.421565471714
qLogEI,10,50,2,2,75,10905.421565471714
qLogEI,10,50,2,2,76,10905.421565471714
qLogEI,10,50,2,2,77,10905.421565471714
qLogEI,10,50,2,2,78,10905.421565471714
qLogEI,10,50,2,2,79,10905.421565471714
qLogEI,10,50,2,2,80,10905.421565471714
qLogEI,10,50,2,2,81,10905.421565471714
qLogEI,10,50,2,2,82,10905.421565471714
qLogEI,10,50,2,2,83,10905.421565471714
qLogEI,10,50,2,2,84,10905.421565471714
qLogEI,10,50,2,2,85,10905.421565471714
qLogEI,10,50,2,2,86,10905.421565471714
qLogEI,10,50,2,2,87,10905.421565471714
qLogEI,10,50,2,2,88,10905.421565471714
qLogEI,10,50,2,2,89,10905.421565471714
qLogEI,10,50,2,2,90,10905.421565471714
qLogEI,10,50,2,2,91,10905.421565471714
qLogEI,10,50,2,2,92,10905.421565471714
qLogEI,10,50,2,2,93,10905.421565471714
qLogEI,10,50,2,2,94,10905.421565471714
qLogEI,10,50,2,2,95,10905.421565471714
qLogEI,10,50,2,2,96,10317.269355047947
qLogEI,10,50,2,2,97,10317.269355047947
qLogEI,10,50,2,2,98,10317.269355047947
qLogEI,10,50,2,2,99,10317.269355047947
qLogEI,10,50,2,2,100,10317.269355047947
RL_Full,10,50,2,2,1,inf
RL_Full,10,50,2,2,2,inf
RL_Full,10,50,2,2,3,inf
RL_Full,10,50,2,2,4,inf
RL_Full,10,50,2,2,5,inf
RL_Full,10,50,2,2,6,inf
RL_Full,10,50,2,2,7,inf
RL_Full,10,50,2,2,8,inf
RL_Full,10,50,2,2,9,inf
RL_Full,10,50,2,2,10,inf
RL_Full,10,50,2,2,11,inf
RL_Full,10,50,2,2,12,inf
RL_Full,10,50,2,2,13,inf
RL_Full,10,50,2,2,14,inf
RL_Full,10,50,2,2,15,11917.046850709568
RL_Full,10,50,2,2,16,11917.046850709568
RL_Full,10,50,2,2,17,11917.046850709568
RL_Full,10,50,2,2,18,11917.046850709568
RL_Full,10,50,2,2,19,11917.046850709568
RL_Full,10,50,2,2,20,11917.046850709568
RL_Full,10,50,2,2,21,11917.046850709568
RL_Full,10,50,2,2,22,11917.046850709568
RL_Full,10,50,2,2,23,11917.046850709568
RL_Full,10,50,2,2,24,11917.046850709568
RL_Full,10,50,2,2,25,11917.046850709568
RL_Full,10,50,2,2,26,11917.046850709568
RL_Full,10,50,2,2,27,11917.046850709568
RL_Full,10,50,2,2,28,11917.046850709568
RL_Full,10,50,2,2,29,11917.046850709568
RL_Full,10,50,2,2,30,11917.046850709568
RL_Full,10,50,2,2,31,11917.046850709568
RL_Full,10,50,2,2,32,11917.046850709568
RL_Full,10,50,2,2,33,11917.046850709568
RL_Full,10,50,2,2,34,11917.046850709568
RL_Full,10,50,2,2,35,11917.046850709568
RL_Full,10,50,2,2,36,11917.046850709568
RL_Full,10,50,2,2,37,11917.046850709568
RL_Full,10,50,2,2,38,11917.046850709568
RL_Full,10,50,2,2,39,11917.046850709568
RL_Full,10,50,2,2,40,11917.046850709568
RL_Full,10,50,2,2,41,11917.046850709568
RL_Full,10,50,2,2,42,11917.046850709568
RL_Full,10,50,2,2,43,11917.046850709568
RL_Full,10,50,2,2,44,11917.046850709568
RL_Full,10,50,2,2,45,11917.046850709568
RL_Full,10,50,2,2,46,11917.046850709568
RL_Full,10,50,2,2,47,11917.046850709568
RL_Full,10,50,2,2,48,11917.046850709568
RL_Full,10,50,2,2,49,11917.046850709568
RL_Full,10,50,2,2,50,11917.046850709568
RL_Full,10,50,2,2,51,11917.046850709568
RL_Full,10,50,2,2,52,11917.046850709568
RL_Full,10,50,2,2,53,11917.046850709568
RL_Full,10,50,2,2,54,11917.046850709568
RL_Full,10,50,2,2,55,11917.046850709568
RL_Full,10,50,2,2,56,11917.046850709568
RL_Full,10,50,2,2,57,11917.046850709568
RL_Full,10,50,2,2,58,11917.046850709568
RL_Full,10,50,2,2,59,11917.046850709568
RL_Full,10,50,2,2,60,11917.046850709568
RL_Full,10,50,2,2,61,11917.046850709568
RL_Full,10,50,2,2,62,11917.046850709568
RL_Full,10,50,2,2,63,11917.046850709568
RL_Full,10,50,2,2,64,11917.046850709568
RL_Full,10,50,2,2,65,11917.046850709568
RL_Full,10,50,2,2,66,11917.046850709568
RL_Full,10,50,2,2,67,11917.046850709568
RL_Full,10,50,2,2,68,11917.046850709568
RL_Full,10,50,2,2,69,11917.046850709568
RL_Full,10,50,2,2,70,11917.046850709568
RL_Full,10,50,2,2,71,11917.046850709568
RL_Full,10,50,2,2,72,11917.046850709568
RL_Full,10,50,2,2,73,11917.046850709568
RL_Full,10,50,2,2,74,11917.046850709568
RL_Full,10,50,2,2,75,11917.046850709568
RL_Full,10,50,2,2,76,11917.046850709568
RL_Full,10,50,2,2,77,11917.046850709568
RL_Full,10,50,2,2,78,11917.046850709568
RL_Full,10,50,2,2,79,11917.046850709568
RL_Full,10,50,2,2,80,11917.046850709568
RL_Full,10,50,2,2,81,11917.046850709568
RL_Full,10,50,2,2,82,11917.046850709568
RL_Full,10,50,2,2,83,11917.046850709568
RL_Full,10,50,2,2,84,11917.046850709568
RL_Full,10,50,2,2,85,11917.046850709568
RL_Full,10,50,2,2,86,11917.046850709568
RL_Full,10,50,2,2,87,11917.046850709568
RL_Full,10,50,2,2,88,11917.046850709568
RL_Full,10,50,2,2,89,11917.046850709568
RL_Full,10,50,2,2,90,11917.046850709568
RL_Full,10,50,2,2,91,11917.046850709568
RL_Full,10,50,2,2,92,11917.046850709568
RL_Full,10,50,2,2,93,11917.046850709568
RL_Full,10,50,2,2,94,11917.046850709568
RL_Full,10,50,2,2,95,11917.046850709568
RL_Full,10,50,2,2,96,11917.046850709568
RL_Full,10,50,2,2,97,11917.046850709568
RL_Full,10,50,2,2,98,11917.046850709568
RL_Full,10,50,2,2,99,11917.046850709568
RL_Full,10,50,2,2,100,11917.046850709568
Random,10,50,2,3,1,inf
Random,10,50,2,3,2,inf
Random,10,50,2,3,3,inf
Random,10,50,2,3,4,inf
Random,10,50,2,3,5,inf
Random,10,50,2,3,6,inf
Random,10,50,2,3,7,inf
Random,10,50,2,3,8,inf
Random,10,50,2,3,9,inf
Random,10,50,2,3,10,inf
Random,10,50,2,3,11,inf
Random,10,50,2,3,12,inf
Random,10,50,2,3,13,inf
Random,10,50,2,3,14,inf
Random,10,50,2,3,15,inf
Random,10,50,2,3,16,inf
Random,10,50,2,3,17,inf
Random,10,50,2,3,18,inf
Random,10,50,2,3,19,inf
Random,10,50,2,3,20,inf
Random,10,50,2,3,21,inf
Random,10,50,2,3,22,inf
Random,10,50,2,3,23,inf
Random,10,50,2,3,24,inf
Random,10,50,2,3,25,inf
Random,10,50,2,3,26,inf
Random,10,50,2,3,27,inf
Random,10,50,2,3,28,12787.11366491195
Random,10,50,2,3,29,12787.11366491195
Random,10,50,2,3,30,12787.11366491195
Random,10,50,2,3,31,12787.11366491195
Random,10,50,2,3,32,12787.11366491195
Random,10,50,2,3,33,12787.11366491195
Random,10,50,2,3,34,12787.11366491195
Random,10,50,2,3,35,12787.11366491195
Random,10,50,2,3,36,12787.11366491195
Random,10,50,2,3,37,12787.11366491195
Random,10,50,2,3,38,12787.11366491195
Random,10,50,2,3,39,12787.11366491195
Random,10,50,2,3,40,12787.11366491195
Random,10,50,2,3,41,12787.11366491195
Random,10,50,2,3,42,12787.11366491195
Random,10,50,2,3,43,12787.11366491195
Random,10,50,2,3,44,12787.11366491195
Random,10,50,2,3,45,12787.11366491195
Random,10,50,2,3,46,12787.11366491195
Random,10,50,2,3,47,12787.11366491195
Random,10,50,2,3,48,12787.11366491195
Random,10,50,2,3,49,12787.11366491195
Random,10,50,2,3,50,12787.11366491195
Random,10,50,2,3,51,12787.11366491195
Random,10,50,2,3,52,12787.11366491195
Random,10,50,2,3,53,12787.11366491195
Random,10,50,2,3,54,12787.11366491195
Random,10,50,2,3,55,12787.11366491195
Random,10,50,2,3,56,12787.11366491195
Random,10,50,2,3,57,12787.11366491195
Random,10,50,2,3,58,12787.11366491195
Random,10,50,2,3,59,12787.11366491195
Random,10,50,2,3,60,12787.11366491195
Random,10,50,2,3,61,12787.11366491195
Random,10,50,2,3,62,12787.11366491195
Random,10,50,2,3,63,12787.11366491195
Random,10,50,2,3,64,12787.11366491195
Random,10,50,2,3,65,12787.11366491195
Random,10,50,2,3,66,12787.11366491195
Random,10,50,2,3,67,12787.11366491195
Random,10,50,2,3,68,12787.11366491195
Random,10,50,2,3,69,12787.11366491195
Random,10,50,2,3,70,12787.11366491195
Random,10,50,2,3,71,12787.11366491195
Random,10,50,2,3,72,12787.11366491195
Random,10,50,2,3,73,12787.11366491195
Random,10,50,2,3,74,12787.11366491195
Random,10,50,2,3,75,12787.11366491195
Random,10,50,2,3,76,12787.11366491195
Random,10,50,2,3,77,12787.11366491195
Random,10,50,2,3,78,12787.11366491195
Random,10,50,2,3,79,12787.11366491195
Random,10,50,2,3,80,12787.11366491195
Random,10,50,2,3,81,12787.11366491195
Random,10,50,2,3,82,12787.11366491195
Random,10,50,2,3,83,12787.11366491195
Random,10,50,2,3,84,12787.11366491195
Random,10,50,2,3,85,12787.11366491195
Random,10,50,2,3,86,12787.11366491195
Random,10,50,2,3,87,12787.11366491195
Random,10,50,2,3,88,12787.11366491195
Random,10,50,2,3,89,12787.11366491195
Random,10,50,2,3,90,12787.11366491195
Random,10,50,2,3,91,12787.11366491195
Random,10,50,2,3,92,12787.11366491195
Random,10,50,2,3,93,12787.11366491195
Random,10,50,2,3,94,12787.11366491195
Random,10,50,2,3,95,12787.11366491195
Random,10,50,2,3,96,12787.11366491195
Random,10,50,2,3,97,12787.11366491195
Random,10,50,2,3,98,12787.11366491195
Random,10,50,2,3,99,12787.11366491195
Random,10,50,2,3,100,12787.11366491195
qLogEI,10,50,2,3,1,inf
qLogEI,10,50,2,3,2,inf
qLogEI,10,50,2,3,3,inf
qLogEI,10,50,2,3,4,inf
qLogEI,10,50,2,3,5,inf
qLogEI,10,50,2,3,6,inf
qLogEI,10,50,2,3,7,inf
qLogEI,10,50,2,3,8,inf
qLogEI,10,50,2,3,9,inf
qLogEI,10,50,2,3,10,inf
qLogEI,10,50,2,3,11,inf
qLogEI,10,50,2,3,12,inf
qLogEI,10,50,2,3,13,inf
qLogEI,10,50,2,3,14,inf
qLogEI,10,50,2,3,15,inf
qLogEI,10,50,2,3,16,inf
qLogEI,10,50,2,3,17,inf
qLogEI,10,50,2,3,18,inf
qLogEI,10,50,2,3,19,inf
qLogEI,10,50,2,3,20,inf
qLogEI,10,50,2,3,21,inf
qLogEI,10,50,2,3,22,inf
qLogEI,10,50,2,3,23,inf
qLogEI,10,50,2,3,24,inf
qLogEI,10,50,2,3,25,inf
qLogEI,10,50,2,3,26,inf
qLogEI,10,50,2,3,27,inf
qLogEI,10,50,2,3,28,10309.698247392973
qLogEI,10,50,2,3,29,10309.698247392973
qLogEI,10,50,2,3,30,10309.698247392973
qLogEI,10,50,2,3,31,10309.698247392973
qLogEI,10,50,2,3,32,10309.698247392973
qLogEI,10,50,2,3,33,10309.698247392973
qLogEI,10,50,2,3,34,10309.698247392973
qLogEI,10,50,2,3,35,10309.698247392973
qLogEI,10,50,2,3,36,10309.698247392973
qLogEI,10,50,2,3,37,10309.698247392973
qLogEI,10,50,2,3,38,10309.698247392973
qLogEI,10,50,2,3,39,10309.698247392973
qLogEI,10,50,2,3,40,10309.698247392973
qLogEI,10,50,2,3,41,10309.698247392973
qLogEI,10,50,2,3,42,10309.698247392973
qLogEI,10,50,2,3,43,10309.698247392973
qLogEI,10,50,2,3,44,10309.698247392973
qLogEI,10,50,2,3,45,10309.698247392973
qLogEI,10,50,2,3,46,10309.698247392973
qLogEI,10,50,2,3,47,10309.698247392973
qLogEI,10,50,2,3,48,10309.698247392973
qLogEI,10,50,2,3,49,10309.698247392973
qLogEI,10,50,2,3,50,10309.698247392973
qLogEI,10,50,2,3,51,10309.698247392973
qLogEI,10,50,2,3,52,10309.698247392973
qLogEI,10,50,2,3,53,10309.698247392973
qLogEI,10,50,2,3,54,10309.698247392973
qLogEI,10,50,2,3,55,10309.698247392973
qLogEI,10,50,2,3,56,10309.698247392973
qLogEI,10,50,2,3,57,10309.698247392973
qLogEI,10,50,2,3,58,10309.698247392973
qLogEI,10,50,2,3,59,10309.698247392973
qLogEI,10,50,2,3,60,10309.698247392973
qLogEI,10,50,2,3,61,10309.698247392973
qLogEI,10,50,2,3,62,10309.698247392973
qLogEI,10,50,2,3,63,10309.698247392973
qLogEI,10,50,2,3,64,10309.698247392973
qLogEI,10,50,2,3,65,10309.698247392973
qLogEI,10,50,2,3,66,10309.698247392973
qLogEI,10,50,2,3,67,10309.698247392973
qLogEI,10,50,2,3,68,10309.698247392973
qLogEI,10,50,2,3,69,10309.698247392973
qLogEI,10,50,2,3,70,10309.698247392973
qLogEI,10,50,2,3,71,10309.698247392973
qLogEI,10,50,2,3,72,10309.698247392973
qLogEI,10,50,2,3,73,10309.698247392973
qLogEI,10,50,2,3,74,10309.698247392973
qLogEI,10,50,2,3,75,10309.698247392973
qLogEI,10,50,2,3,76,10309.698247392973
qLogEI,10,50,2,3,77,10246.35340186084
qLogEI,10,50,2,3,78,10246.35340186084
qLogEI,10,50,2,3,79,10246.35340186084
qLogEI,10,50,2,3,80,10246.35340186084
qLogEI,10,50,2,3,81,10246.35340186084
qLogEI,10,50,2,3,82,10246.35340186084
qLogEI,10,50,2,3,83,10246.35340186084
qLogEI,10,50,2,3,84,10246.35340186084
qLogEI,10,50,2,3,85,10246.35340186084
qLogEI,10,50,2,3,86,10246.35340186084
qLogEI,10,50,2,3,87,10246.35340186084
qLogEI,10,50,2,3,88,10246.35340186084
qLogEI,10,50,2,3,89,10246.35340186084
qLogEI,10,50,2,3,90,10246.35340186084
qLogEI,10,50,2,3,91,10246.35340186084
qLogEI,10,50,2,3,92,10246.35340186084
qLogEI,10,50,2,3,93,10246.35340186084
qLogEI,10,50,2,3,94,10246.35340186084
qLogEI,10,50,2,3,95,10246.35340186084
qLogEI,10,50,2,3,96,10246.35340186084
qLogEI,10,50,2,3,97,10246.35340186084
qLogEI,10,50,2,3,98,10246.35340186084
qLogEI,10,50,2,3,99,10246.35340186084
qLogEI,10,50,2,3,100,10246.35340186084
RL_Full,10,50,2,3,1,inf
RL_Full,10,50,2,3,2,inf
RL_Full,10,50,2,3,3,inf
RL_Full,10,50,2,3,4,inf
RL_Full,10,50,2,3,5,inf
RL_Full,10,50,2,3,6,inf
RL_Full,10,50,2,3,7,inf
RL_Full,10,50,2,3,8,inf
RL_Full,10,50,2,3,9,inf
RL_Full,10,50,2,3,10,inf
RL_Full,10,50,2,3,11,inf
RL_Full,10,50,2,3,12,inf
RL_Full,10,50,2,3,13,inf
RL_Full,10,50,2,3,14,inf
RL_Full,10,50,2,3,15,inf
RL_Full,10,50,2,3,16,inf
RL_Full,10,50,2,3,17,inf
RL_Full,10,50,2,3,18,inf
RL_Full,10,50,2,3,19,inf
RL_Full,10,50,2,3,20,inf
RL_Full,10,50,2,3,21,inf
RL_Full,10,50,2,3,22,inf
RL_Full,10,50,2,3,23,inf
RL_Full,10,50,2,3,24,inf
RL_Full,10,50,2,3,25,inf
RL_Full,10,50,2,3,26,inf
RL_Full,10,50,2,3,27,inf
RL_Full,10,50,2,3,28,inf
RL_Full,10,50,2,3,29,inf
RL_Full,10,50,2,3,30,inf
RL_Full,10,50,2,3,31,inf
RL_Full,10,50,2,3,32,inf
RL_Full,10,50,2,3,33,inf
RL_Full,10,50,2,3,34,inf
RL_Full,10,50,2,3,35,inf
RL_Full,10,50,2,3,36,inf
RL_Full,10,50,2,3,37,inf
RL_Full,10,50,2,3,38,inf
RL_Full,10,50,2,3,39,inf
RL_Full,10,50,2,3,40,inf
RL_Full,10,50,2,3,41,inf
RL_Full,10,50,2,3,42,inf
RL_Full,10,50,2,3,43,inf
RL_Full,10,50,2,3,44,inf
RL_Full,10,50,2,3,45,inf
RL_Full,10,50,2,3,46,inf
RL_Full,10,50,2,3,47,inf
RL_Full,10,50,2,3,48,inf
RL_Full,10,50,2,3,49,inf
RL_Full,10,50,2,3,50,inf
RL_Full,10,50,2,3,51,inf
RL_Full,10,50,2,3,52,inf
RL_Full,10,50,2,3,53,inf
RL_Full,10,50,2,3,54,inf
RL_Full,10,50,2,3,55,inf
RL_Full,10,50,2,3,56,inf
RL_Full,10,50,2,3,57,inf
RL_Full,10,50,2,3,58,inf
RL_Full,10,50,2,3,59,inf
RL_Full,10,50,2,3,60,inf
RL_Full,10,50,2,3,61,inf
RL_Full,10,50,2,3,62,inf
RL_Full,10,50,2,3,63,inf
RL_Full,10,50,2,3,64,inf
RL_Full,10,50,2,3,65,inf
RL_Full,10,50,2,3,66,inf
RL_Full,10,50,2,3,67,inf
RL_Full,10,50,2,3,68,inf
RL_Full,10,50,2,3,69,inf
RL_Full,10,50,2,3,70,inf
RL_Full,10,50,2,3,71,inf
RL_Full,10,50,2,3,72,inf
RL_Full,10,50,2,3,73,inf
RL_Full,10,50,2,3,74,inf
RL_Full,10,50,2,3,75,inf
RL_Full,10,50,2,3,76,inf
RL_Full,10,50,2,3,77,inf
RL_Full,10,50,2,3,78,inf
RL_Full,10,50,2,3,79,inf
RL_Full,10,50,2,3,80,inf
RL_Full,10,50,2,3,81,inf
RL_Full,10,50,2,3,82,inf
RL_Full,10,50,2,3,83,inf
RL_Full,10,50,2,3,84,inf
RL_Full,10,50,2,3,85,inf
RL_Full,10,50,2,3,86,inf
RL_Full,10,50,2,3,87,inf
RL_Full,10,50,2,3,88,inf
RL_Full,10,50,2,3,89,inf
RL_Full,10,50,2,3,90,inf
RL_Full,10,50,2,3,91,inf
RL_Full,10,50,2,3,92,inf
RL_Full,10,50,2,3,93,inf
RL_Full,10,50,2,3,94,inf
RL_Full,10,50,2,3,95,inf
RL_Full,10,50,2,3,96,inf
RL_Full,10,50,2,3,97,inf
RL_Full,10,50,2,3,98,inf
RL_Full,10,50,2,3,99,inf
RL_Full,10,50,2,3,100,inf
Random,10,50,2,4,1,inf
Random,10,50,2,4,2,inf
Random,10,50,2,4,3,inf
Random,10,50,2,4,4,inf
Random,10,50,2,4,5,inf
Random,10,50,2,4,6,inf
Random,10,50,2,4,7,inf
Random,10,50,2,4,8,inf
Random,10,50,2,4,9,inf
Random,10,50,2,4,10,inf
Random,10,50,2,4,11,inf
Random,10,50,2,4,12,inf
Random,10,50,2,4,13,inf
Random,10,50,2,4,14,inf
Random,10,50,2,4,15,inf
Random,10,50,2,4,16,inf
Random,10,50,2,4,17,inf
Random,10,50,2,4,18,inf
Random,10,50,2,4,19,inf
Random,10,50,2,4,20,inf
Random,10,50,2,4,21,inf
Random,10,50,2,4,22,inf
Random,10,50,2,4,23,inf
Random,10,50,2,4,24,17882.827353985645
Random,10,50,2,4,25,17882.827353985645
Random,10,50,2,4,26,17882.827353985645
Random,10,50,2,4,27,11774.573171940818
Random,10,50,2,4,28,11774.573171940818
Random,10,50,2,4,29,11774.573171940818
Random,10,50,2,4,30,11774.573171940818
Random,10,50,2,4,31,11774.573171940818
Random,10,50,2,4,32,11774.573171940818
Random,10,50,2,4,33,11774.573171940818
Random,10,50,2,4,34,11774.573171940818
Random,10,50,2,4,35,11774.573171940818
Random,10,50,2,4,36,11774.573171940818
Random,10,50,2,4,37,11774.573171940818
Random,10,50,2,4,38,11774.573171940818
Random,10,50,2,4,39,11774.573171940818
Random,10,50,2,4,40,11774.573171940818
Random,10,50,2,4,41,11774.573171940818
Random,10,50,2,4,42,11774.573171940818
Random,10,50,2,4,43,11774.573171940818
Random,10,50,2,4,44,11774.573171940818
Random,10,50,2,4,45,11774.573171940818
Random,10,50,2,4,46,11774.573171940818
Random,10,50,2,4,47,11774.573171940818
Random,10,50,2,4,48,11774.573171940818
Random,10,50,2,4,49,11774.573171940818
Random,10,50,2,4,50,11774.573171940818
Random,10,50,2,4,51,11774.573171940818
Random,10,50,2,4,52,11774.573171940818
Random,10,50,2,4,53,11774.573171940818
Random,10,50,2,4,54,11774.573171940818
Random,10,50,2,4,55,11774.573171940818
Random,10,50,2,4,56,11774.573171940818
Random,10,50,2,4,57,11774.573171940818
Random,10,50,2,4,58,11774.573171940818
Random,10,50,2,4,59,11774.573171940818
Random,10,50,2,4,60,11774.573171940818
Random,10,50,2,4,61,11774.573171940818
Random,10,50,2,4,62,11774.573171940818
Random,10,50,2,4,63,11774.573171940818
Random,10,50,2,4,64,11774.573171940818
Random,10,50,2,4,65,11774.573171940818
Random,10,50,2,4,66,11774.573171940818
Random,10,50,2,4,67,11774.573171940818
Random,10,50,2,4,68,11774.573171940818
Random,10,50,2,4,69,11774.573171940818
Random,10,50,2,4,70,11774.573171940818
Random,10,50,2,4,71,11774.573171940818
Random,10,50,2,4,72,11774.573171940818
Random,10,50,2,4,73,11774.573171940818
Random,10,50,2,4,74,11774.573171940818
Random,10,50,2,4,75,11774.573171940818
Random,10,50,2,4,76,11774.573171940818
Random,10,50,2,4,77,11774.573171940818
Random,10,50,2,4,78,11774.573171940818
Random,10,50,2,4,79,11774.573171940818
Random,10,50,2,4,80,11774.573171940818
Random,10,50,2,4,81,11774.573171940818
Random,10,50,2,4,82,11774.573171940818
Random,10,50,2,4,83,11774.573171940818
Random,10,50,2,4,84,11774.573171940818
Random,10,50,2,4,85,11774.573171940818
Random,10,50,2,4,86,11774.573171940818
Random,10,50,2,4,87,11774.573171940818
Random,10,50,2,4,88,11774.573171940818
Random,10,50,2,4,89,11774.573171940818
Random,10,50,2,4,90,11774.573171940818
Random,10,50,2,4,91,11774.573171940818
Random,10,50,2,4,92,11774.573171940818
Random,10,50,2,4,93,11774.573171940818
Random,10,50,2,4,94,11774.573171940818
Random,10,50,2,4,95,11668.542244977363
Random,10,50,2,4,96,11668.542244977363
Random,10,50,2,4,97,11668.542244977363
Random,10,50,2,4,98,11668.542244977363
Random,10,50,2,4,99,11668.542244977363
Random,10,50,2,4,100,11668.542244977363
qLogEI,10,50,2,4,1,inf
qLogEI,10,50,2,4,2,inf
qLogEI,10,50,2,4,3,inf
qLogEI,10,50,2,4,4,inf
qLogEI,10,50,2,4,5,inf
qLogEI,10,50,2,4,6,inf
qLogEI,10,50,2,4,7,inf
qLogEI,10,50,2,4,8,inf
qLogEI,10,50,2,4,9,inf
qLogEI,10,50,2,4,10,inf
qLogEI,10,50,2,4,11,inf
qLogEI,10,50,2,4,12,inf
qLogEI,10,50,2,4,13,inf
qLogEI,10,50,2,4,14,inf
qLogEI,10,50,2,4,15,inf
qLogEI,10,50,2,4,16,inf
qLogEI,10,50,2,4,17,inf
qLogEI,10,50,2,4,18,inf
qLogEI,10,50,2,4,19,inf
qLogEI,10,50,2,4,20,inf
qLogEI,10,50,2,4,21,inf
qLogEI,10,50,2,4,22,inf
qLogEI,10,50,2,4,23,inf
qLogEI,10,50,2,4,24,inf
qLogEI,10,50,2,4,25,inf
qLogEI,10,50,2,4,26,inf
qLogEI,10,50,2,4,27,inf
qLogEI,10,50,2,4,28,inf
qLogEI,10,50,2,4,29,inf
qLogEI,10,50,2,4,30,inf
qLogEI,10,50,2,4,31,inf
qLogEI,10,50,2,4,32,inf
qLogEI,10,50,2,4,33,inf
qLogEI,10,50,2,4,34,inf
qLogEI,10,50,2,4,35,inf
qLogEI,10,50,2,4,36,inf
qLogEI,10,50,2,4,37,inf
qLogEI,10,50,2,4,38,inf
qLogEI,10,50,2,4,39,inf
qLogEI,10,50,2,4,40,inf
qLogEI,10,50,2,4,41,inf
qLogEI,10,50,2,4,42,inf
qLogEI,10,50,2,4,43,inf
qLogEI,10,50,2,4,44,inf
qLogEI,10,50,2,4,45,inf
qLogEI,10,50,2,4,46,inf
qLogEI,10,50,2,4,47,inf
qLogEI,10,50,2,4,48,inf
qLogEI,10,50,2,4,49,inf
qLogEI,10,50,2,4,50,inf
qLogEI,10,50,2,4,51,inf
qLogEI,10,50,2,4,52,inf
qLogEI,10,50,2,4,53,inf
qLogEI,10,50,2,4,54,inf
qLogEI,10,50,2,4,55,inf
qLogEI,10,50,2,4,56,inf
qLogEI,10,50,2,4,57,inf
qLogEI,10,50,2,4,58,inf
qLogEI,10,50,2,4,59,inf
qLogEI,10,50,2,4,60,inf
qLogEI,10,50,2,4,61,inf
qLogEI,10,50,2,4,62,inf
qLogEI,10,50,2,4,63,inf
qLogEI,10,50,2,4,64,inf
qLogEI,10,50,2,4,65,inf
qLogEI,10,50,2,4,66,inf
qLogEI,10,50,2,4,67,inf
qLogEI,10,50,2,4,68,inf
qLogEI,10,50,2,4,69,inf
qLogEI,10,50,2,4,70,inf
qLogEI,10,50,2,4,71,inf
qLogEI,10,50,2,4,72,inf
qLogEI,10,50,2,4,73,inf
qLogEI,10,50,2,4,74,inf
qLogEI,10,50,2,4,75,inf
qLogEI,10,50,2,4,76,inf
qLogEI,10,50,2,4,77,inf
qLogEI,10,50,2,4,78,inf
qLogEI,10,50,2,4,79,inf
qLogEI,10,50,2,4,80,inf
qLogEI,10,50,2,4,81,inf
qLogEI,10,50,2,4,82,inf
qLogEI,10,50,2,4,83,inf
qLogEI,10,50,2,4,84,inf
qLogEI,10,50,2,4,85,inf
qLogEI,10,50,2,4,86,inf
qLogEI,10,50,2,4,87,inf
qLogEI,10,50,2,4,88,inf
qLogEI,10,50,2,4,89,inf
qLogEI,10,50,2,4,90,inf
qLogEI,10,50,2,4,91,inf
qLogEI,10,50,2,4,92,inf
qLogEI,10,50,2,4,93,inf
qLogEI,10,50,2,4,94,inf
qLogEI,10,50,2,4,95,inf
qLogEI,10,50,2,4,96,inf
qLogEI,10,50,2,4,97,inf
qLogEI,10,50,2,4,98,inf
qLogEI,10,50,2,4,99,inf
qLogEI,10,50,2,4,100,inf
RL_Full,10,50,2,4,1,inf
RL_Full,10,50,2,4,2,inf
RL_Full,10,50,2,4,3,inf
RL_Full,10,50,2,4,4,inf
RL_Full,10,50,2,4,5,inf
RL_Full,10,50,2,4,6,inf
RL_Full,10,50,2,4,7,inf
RL_Full,10,50,2,4,8,inf
RL_Full,10,50,2,4,9,inf
RL_Full,10,50,2,4,10,inf
RL_Full,10,50,2,4,11,inf
RL_Full,10,50,2,4,12,inf
RL_Full,10,50,2,4,13,inf
RL_Full,10,50,2,4,14,inf
RL_Full,10,50,2,4,15,inf
RL_Full,10,50,2,4,16,inf
RL_Full,10,50,2,4,17,inf
RL_Full,10,50,2,4,18,inf
RL_Full,10,50,2,4,19,inf
RL_Full,10,50,2,4,20,inf
RL_Full,10,50,2,4,21,inf
RL_Full,10,50,2,4,22,inf
RL_Full,10,50,2,4,23,inf
RL_Full,10,50,2,4,24,inf
RL_Full,10,50,2,4,25,inf
RL_Full,10,50,2,4,26,inf
RL_Full,10,50,2,4,27,inf
RL_Full,10,50,2,4,28,inf
RL_Full,10,50,2,4,29,inf
RL_Full,10,50,2,4,30,inf
RL_Full,10,50,2,4,31,inf
RL_Full,10,50,2,4,32,inf
RL_Full,10,50,2,4,33,inf
RL_Full,10,50,2,4,34,inf
RL_Full,10,50,2,4,35,inf
RL_Full,10,50,2,4,36,inf
RL_Full,10,50,2,4,37,inf
RL_Full,10,50,2,4,38,inf
RL_Full,10,50,2,4,39,inf
RL_Full,10,50,2,4,40,inf
RL_Full,10,50,2,4,41,inf
RL_Full,10,50,2,4,42,inf
RL_Full,10,50,2,4,43,inf
RL_Full,10,50,2,4,44,inf
RL_Full,10,50,2,4,45,inf
RL_Full,10,50,2,4,46,inf
RL_Full,10,50,2,4,47,inf
RL_Full,10,50,2,4,48,inf
RL_Full,10,50,2,4,49,inf
RL_Full,10,50,2,4,50,inf
RL_Full,10,50,2,4,51,inf
RL_Full,10,50,2,4,52,inf
RL_Full,10,50,2,4,53,inf
RL_Full,10,50,2,4,54,inf
RL_Full,10,50,2,4,55,inf
RL_Full,10,50,2,4,56,inf
RL_Full,10,50,2,4,57,inf
RL_Full,10,50,2,4,58,inf
RL_Full,10,50,2,4,59,inf
RL_Full,10,50,2,4,60,inf
RL_Full,10,50,2,4,61,inf
RL_Full,10,50,2,4,62,inf
RL_Full,10,50,2,4,63,inf
RL_Full,10,50,2,4,64,inf
RL_Full,10,50,2,4,65,inf
RL_Full,10,50,2,4,66,inf
RL_Full,10,50,2,4,67,inf
RL_Full,10,50,2,4,68,inf
RL_Full,10,50,2,4,69,inf
RL_Full,10,50,2,4,70,inf
RL_Full,10,50,2,4,71,inf
RL_Full,10,50,2,4,72,inf
RL_Full,10,50,2,4,73,inf
RL_Full,10,50,2,4,74,inf
RL_Full,10,50,2,4,75,inf
RL_Full,10,50,2,4,76,inf
RL_Full,10,50,2,4,77,inf
RL_Full,10,50,2,4,78,inf
RL_Full,10,50,2,4,79,inf
RL_Full,10,50,2,4,80,inf
RL_Full,10,50,2,4,81,inf
RL_Full,10,50,2,4,82,inf
RL_Full,10,50,2,4,83,inf
RL_Full,10,50,2,4,84,inf
RL_Full,10,50,2,4,85,inf
RL_Full,10,50,2,4,86,inf
RL_Full,10,50,2,4,87,inf
RL_Full,10,50,2,4,88,inf
RL_Full,10,50,2,4,89,inf
RL_Full,10,50,2,4,90,inf
RL_Full,10,50,2,4,91,inf
RL_Full,10,50,2,4,92,inf
RL_Full,10,50,2,4,93,inf
RL_Full,10,50,2,4,94,inf
RL_Full,10,50,2,4,95,inf
RL_Full,10,50,2,4,96,inf
RL_Full,10,50,2,4,97,inf
RL_Full,10,50,2,4,98,inf
RL_Full,10,50,2,4,99,inf
RL_Full,10,50,2,4,100,inf
Random,10,50,3,0,1,inf
Random,10,50,3,0,2,inf
Random,10,50,3,0,3,3457.875322949512
Random,10,50,3,0,4,3457.875322949512
Random,10,50,3,0,5,3457.875322949512
Random,10,50,3,0,6,3457.875322949512
Random,10,50,3,0,7,3457.875322949512
Random,10,50,3,0,8,3457.875322949512
Random,10,50,3,0,9,3457.875322949512
Random,10,50,3,0,10,3457.875322949512
Random,10,50,3,0,11,3457.875322949512
Random,10,50,3,0,12,3457.875322949512
Random,10,50,3,0,13,3457.875322949512
Random,10,50,3,0,14,3457.875322949512
Random,10,50,3,0,15,3457.875322949512
Random,10,50,3,0,16,3457.875322949512
Random,10,50,3,0,17,3457.875322949512
Random,10,50,3,0,18,3457.875322949512
Random,10,50,3,0,19,3457.875322949512
Random,10,50,3,0,20,3457.875322949512
Random,10,50,3,0,21,3457.875322949512
Random,10,50,3,0,22,3457.875322949512
Random,10,50,3,0,23,3457.875322949512
Random,10,50,3,0,24,3457.875322949512
Random,10,50,3,0,25,3457.875322949512
Random,10,50,3,0,26,3457.875322949512
Random,10,50,3,0,27,3457.875322949512
Random,10,50,3,0,28,3457.875322949512
Random,10,50,3,0,29,3457.875322949512
Random,10,50,3,0,30,3457.875322949512
Random,10,50,3,0,31,3457.875322949512
Random,10,50,3,0,32,3457.875322949512
Random,10,50,3,0,33,3457.875322949512
Random,10,50,3,0,34,3457.875322949512
Random,10,50,3,0,35,3457.875322949512
Random,10,50,3,0,36,3457.875322949512
Random,10,50,3,0,37,3457.875322949512
Random,10,50,3,0,38,3457.875322949512
Random,10,50,3,0,39,3457.875322949512
Random,10,50,3,0,40,3457.875322949512
Random,10,50,3,0,41,3457.875322949512
Random,10,50,3,0,42,3457.875322949512
Random,10,50,3,0,43,3457.875322949512
Random,10,50,3,0,44,3457.875322949512
Random,10,50,3,0,45,3457.875322949512
Random,10,50,3,0,46,2980.6779153187563
Random,10,50,3,0,47,2980.6779153187563
Random,10,50,3,0,48,2980.6779153187563
Random,10,50,3,0,49,2980.6779153187563
Random,10,50,3,0,50,2980.6779153187563
Random,10,50,3,0,51,2980.6779153187563
Random,10,50,3,0,52,2980.6779153187563
Random,10,50,3,0,53,2980.6779153187563
Random,10,50,3,0,54,2980.6779153187563
Random,10,50,3,0,55,2980.6779153187563
Random,10,50,3,0,56,2980.6779153187563
Random,10,50,3,0,57,2980.6779153187563
Random,10,50,3,0,58,2980.6779153187563
Random,10,50,3,0,59,2980.6779153187563
Random,10,50,3,0,60,2980.6779153187563
Random,10,50,3,0,61,2980.6779153187563
Random,10,50,3,0,62,2980.6779153187563
Random,10,50,3,0,63,2980.6779153187563
Random,10,50,3,0,64,2980.6779153187563
Random,10,50,3,0,65,2980.6779153187563
Random,10,50,3,0,66,2980.6779153187563
Random,10,50,3,0,67,2980.6779153187563
Random,10,50,3,0,68,2980.6779153187563
Random,10,50,3,0,69,2980.6779153187563
Random,10,50,3,0,70,2980.6779153187563
Random,10,50,3,0,71,2980.6779153187563
Random,10,50,3,0,72,2980.6779153187563
Random,10,50,3,0,73,2980.6779153187563
Random,10,50,3,0,74,2980.6779153187563
Random,10,50,3,0,75,2980.6779153187563
Random,10,50,3,0,76,2980.6779153187563
Random,10,50,3,0,77,2980.6779153187563
Random,10,50,3,0,78,2980.6779153187563
Random,10,50,3,0,79,2980.6779153187563
Random,10,50,3,0,80,2980.6779153187563
Random,10,50,3,0,81,2980.6779153187563
Random,10,50,3,0,82,2980.6779153187563
Random,10,50,3,0,83,2980.6779153187563
Random,10,50,3,0,84,2980.6779153187563
Random,10,50,3,0,85,2980.6779153187563
Random,10,50,3,0,86,2980.6779153187563
Random,10,50,3,0,87,2452.9510426587276
Random,10,50,3,0,88,2452.9510426587276
Random,10,50,3,0,89,2452.9510426587276
Random,10,50,3,0,90,2452.9510426587276
Random,10,50,3,0,91,2452.9510426587276
Random,10,50,3,0,92,2452.9510426587276
Random,10,50,3,0,93,2452.9510426587276
Random,10,50,3,0,94,2452.9510426587276
Random,10,50,3,0,95,2452.9510426587276
Random,10,50,3,0,96,2452.9510426587276
Random,10,50,3,0,97,2452.9510426587276
Random,10,50,3,0,98,2452.9510426587276
Random,10,50,3,0,99,2452.9510426587276
Random,10,50,3,0,100,2452.9510426587276
qLogEI,10,50,3,0,1,inf
qLogEI,10,50,3,0,2,inf
qLogEI,10,50,3,0,3,3457.875322949512
qLogEI,10,50,3,0,4,3457.875322949512
qLogEI,10,50,3,0,5,3457.875322949512
qLogEI,10,50,3,0,6,3457.875322949512
qLogEI,10,50,3,0,7,3457.875322949512
qLogEI,10,50,3,0,8,3457.875322949512
qLogEI,10,50,3,0,9,3457.875322949512
qLogEI,10,50,3,0,10,3457.875322949512
qLogEI,10,50,3,0,11,3457.875322949512
qLogEI,10,50,3,0,12,3457.875322949512
qLogEI,10,50,3,0,13,3457.875322949512
qLogEI,10,50,3,0,14,3457.875322949512
qLogEI,10,50,3,0,15,3457.875322949512
qLogEI,10,50,3,0,16,3457.875322949512
qLogEI,10,50,3,0,17,3457.875322949512
qLogEI,10,50,3,0,18,3457.875322949512
qLogEI,10,50,3,0,19,3457.875322949512
qLogEI,10,50,3,0,20,3457.875322949512
qLogEI,10,50,3,0,21,2962.1808915962315
qLogEI,10,50,3,0,22,2962.1808915962315
qLogEI,10,50,3,0,23,2962.1808915962315
qLogEI,10,50,3,0,24,2962.1808915962315
qLogEI,10,50,3,0,25,2962.1808915962315
qLogEI,10,50,3,0,26,2962.1808915962315
qLogEI,10,50,3,0,27,2962.1808915962315
qLogEI,10,50,3,0,28,2962.1808915962315
qLogEI,10,50,3,0,29,2962.1808915962315
qLogEI,10,50,3,0,30,2962.1808915962315
qLogEI,10,50,3,0,31,2962.1808915962315
qLogEI,10,50,3,0,32,2962.1808915962315
qLogEI,10,50,3,0,33,2962.1808915962315
qLogEI,10,50,3,0,34,2962.1808915962315
qLogEI,10,50,3,0,35,2962.1808915962315
qLogEI,10,50,3,0,36,2962.1808915962315
qLogEI,10,50,3,0,37,2962.1808915962315
qLogEI,10,50,3,0,38,2962.1808915962315
qLogEI,10,50,3,0,39,1743.5214417714797
qLogEI,10,50,3,0,40,1743.5214417714797
qLogEI,10,50,3,0,41,1743.5214417714797
qLogEI,10,50,3,0,42,1743.5214417714797
qLogEI,10,50,3,0,43,1743.5214417714797
qLogEI,10,50,3,0,44,1743.5214417714797
qLogEI,10,50,3,0,45,1743.5214417714797
qLogEI,10,50,3,0,46,1743.5214417714797
qLogEI,10,50,3,0,47,1743.5214417714797
qLogEI,10,50,3,0,48,1743.5214417714797
qLogEI,10,50,3,0,49,1743.5214417714797
qLogEI,10,50,3,0,50,1743.5214417714797
qLogEI,10,50,3,0,51,1743.5214417714797
qLogEI,10,50,3,0,52,1743.5214417714797
qLogEI,10,50,3,0,53,1743.5214417714797
qLogEI,10,50,3,0,54,1743.5214417714797
qLogEI,10,50,3,0,55,1743.5214417714797
qLogEI,10,50,3,0,56,1743.5214417714797
qLogEI,10,50,3,0,57,1743.5214417714797
qLogEI,10,50,3,0,58,1743.5214417714797
qLogEI,10,50,3,0,59,1743.5214417714797
qLogEI,10,50,3,0,60,1743.5214417714797
qLogEI,10,50,3,0,61,1743.5214417714797
qLogEI,10,50,3,0,62,1743.5214417714797
qLogEI,10,50,3,0,63,1743.5214417714797
qLogEI,10,50,3,0,64,1743.5214417714797
qLogEI,10,50,3,0,65,1743.5214417714797
qLogEI,10,50,3,0,66,1743.5214417714797
qLogEI,10,50,3,0,67,1743.5214417714797
qLogEI,10,50,3,0,68,1743.5214417714797
qLogEI,10,50,3,0,69,1743.5214417714797
qLogEI,10,50,3,0,70,1743.5214417714797
qLogEI,10,50,3,0,71,1743.5214417714797
qLogEI,10,50,3,0,72,1743.5214417714797
qLogEI,10,50,3,0,73,1480.051575791238
qLogEI,10,50,3,0,74,1480.051575791238
qLogEI,10,50,3,0,75,1480.051575791238
qLogEI,10,50,3,0,76,1480.051575791238
qLogEI,10,50,3,0,77,1480.051575791238
qLogEI,10,50,3,0,78,1480.051575791238
qLogEI,10,50,3,0,79,1480.051575791238
qLogEI,10,50,3,0,80,1480.051575791238
qLogEI,10,50,3,0,81,1480.051575791238
qLogEI,10,50,3,0,82,1480.051575791238
qLogEI,10,50,3,0,83,1480.051575791238
qLogEI,10,50,3,0,84,1480.051575791238
qLogEI,10,50,3,0,85,1480.051575791238
qLogEI,10,50,3,0,86,1480.051575791238
qLogEI,10,50,3,0,87,1480.051575791238
qLogEI,10,50,3,0,88,1480.051575791238
qLogEI,10,50,3,0,89,1480.051575791238
qLogEI,10,50,3,0,90,1480.051575791238
qLogEI,10,50,3,0,91,1480.051575791238
qLogEI,10,50,3,0,92,1480.051575791238
qLogEI,10,50,3,0,93,1480.051575791238
qLogEI,10,50,3,0,94,1480.051575791238
qLogEI,10,50,3,0,95,1480.051575791238
qLogEI,10,50,3,0,96,1480.051575791238
qLogEI,10,50,3,0,97,1480.051575791238
qLogEI,10,50,3,0,98,1480.051575791238
qLogEI,10,50,3,0,99,1480.051575791238
qLogEI,10,50,3,0,100,1480.051575791238
RL_Full,10,50,3,0,1,inf
RL_Full,10,50,3,0,2,inf
RL_Full,10,50,3,0,3,3457.875322949512
RL_Full,10,50,3,0,4,3457.875322949512
RL_Full,10,50,3,0,5,3457.875322949512
RL_Full,10,50,3,0,6,3457.875322949512
RL_Full,10,50,3,0,7,3457.875322949512
RL_Full,10,50,3,0,8,3457.875322949512
RL_Full,10,50,3,0,9,3457.875322949512
RL_Full,10,50,3,0,10,3457.875322949512
RL_Full,10,50,3,0,11,3457.875322949512
RL_Full,10,50,3,0,12,3457.875322949512
RL_Full,10,50,3,0,13,3457.875322949512
RL_Full,10,50,3,0,14,3457.875322949512
RL_Full,10,50,3,0,15,3457.875322949512
RL_Full,10,50,3,0,16,3457.875322949512
RL_Full,10,50,3,0,17,3457.875322949512
RL_Full,10,50,3,0,18,3457.875322949512
RL_Full,10,50,3,0,19,3457.875322949512
RL_Full,10,50,3,0,20,3457.875322949512
RL_Full,10,50,3,0,21,3457.875322949512
RL_Full,10,50,3,0,22,3457.875322949512
RL_Full,10,50,3,0,23,3457.875322949512
RL_Full,10,50,3,0,24,3457.875322949512
RL_Full,10,50,3,0,25,3457.875322949512
RL_Full,10,50,3,0,26,3457.875322949512
RL_Full,10,50,3,0,27,3457.875322949512
RL_Full,10,50,3,0,28,3457.875322949512
RL_Full,10,50,3,0,29,3457.875322949512
RL_Full,10,50,3,0,30,3457.875322949512
RL_Full,10,50,3,0,31,3457.875322949512
RL_Full,10,50,3,0,32,3457.875322949512
RL_Full,10,50,3,0,33,3457.875322949512
RL_Full,10,50,3,0,34,3457.875322949512
RL_Full,10,50,3,0,35,3457.875322949512
RL_Full,10,50,3,0,36,3457.875322949512
RL_Full,10,50,3,0,37,3457.875322949512
RL_Full,10,50,3,0,38,3457.875322949512
RL_Full,10,50,3,0,39,3457.875322949512
RL_Full,10,50,3,0,40,3457.875322949512
RL_Full,10,50,3,0,41,3457.875322949512
RL_Full,10,50,3,0,42,3457.875322949512
RL_Full,10,50,3,0,43,3457.875322949512
RL_Full,10,50,3,0,44,3457.875322949512
RL_Full,10,50,3,0,45,3457.875322949512
RL_Full,10,50,3,0,46,3457.875322949512
RL_Full,10,50,3,0,47,3457.875322949512
RL_Full,10,50,3,0,48,3457.875322949512
RL_Full,10,50,3,0,49,3457.875322949512
RL_Full,10,50,3,0,50,3457.875322949512
RL_Full,10,50,3,0,51,3457.875322949512
RL_Full,10,50,3,0,52,3457.875322949512
RL_Full,10,50,3,0,53,3457.875322949512
RL_Full,10,50,3,0,54,3457.875322949512
RL_Full,10,50,3,0,55,3457.875322949512
RL_Full,10,50,3,0,56,3457.875322949512
RL_Full,10,50,3,0,57,3457.875322949512
RL_Full,10,50,3,0,58,3457.875322949512
RL_Full,10,50,3,0,59,3457.875322949512
RL_Full,10,50,3,0,60,3457.875322949512
RL_Full,10,50,3,0,61,3457.875322949512
RL_Full,10,50,3,0,62,3457.875322949512
RL_Full,10,50,3,0,63,3457.875322949512
RL_Full,10,50,3,0,64,3457.875322949512
RL_Full,10,50,3,0,65,3457.875322949512
RL_Full,10,50,3,0,66,3457.875322949512
RL_Full,10,50,3,0,67,3457.875322949512
RL_Full,10,50,3,0,68,3457.875322949512
RL_Full,10,50,3,0,69,3457.875322949512
RL_Full,10,50,3,0,70,3457.875322949512
RL_Full,10,50,3,0,71,3457.875322949512
RL_Full,10,50,3,0,72,3457.875322949512
RL_Full,10,50,3,0,73,3457.875322949512
RL_Full,10,50,3,0,74,3457.875322949512
RL_Full,10,50,3,0,75,3457.875322949512
RL_Full,10,50,3,0,76,3457.875322949512
RL_Full,10,50,3,0,77,3457.875322949512
RL_Full,10,50,3,0,78,3457.875322949512
RL_Full,10,50,3,0,79,3457.875322949512
RL_Full,10,50,3,0,80,3457.875322949512
RL_Full,10,50,3,0,81,3457.875322949512
RL_Full,10,50,3,0,82,3457.875322949512
RL_Full,10,50,3,0,83,3457.875322949512
RL_Full,10,50,3,0,84,3457.875322949512
RL_Full,10,50,3,0,85,3457.875322949512
RL_Full,10,50,3,0,86,3457.875322949512
RL_Full,10,50,3,0,87,3457.875322949512
RL_Full,10,50,3,0,88,3457.875322949512
RL_Full,10,50,3,0,89,3457.875322949512
RL_Full,10,50,3,0,90,3457.875322949512
RL_Full,10,50,3,0,91,3457.875322949512
RL_Full,10,50,3,0,92,3457.875322949512
RL_Full,10,50,3,0,93,3457.875322949512
RL_Full,10,50,3,0,94,3457.875322949512
RL_Full,10,50,3,0,95,3457.875322949512
RL_Full,10,50,3,0,96,3457.875322949512
RL_Full,10,50,3,0,97,3457.875322949512
RL_Full,10,50,3,0,98,3457.875322949512
RL_Full,10,50,3,0,99,3457.875322949512
RL_Full,10,50,3,0,100,3457.875322949512
Random,10,50,3,1,1,3987.713237416324
Random,10,50,3,1,2,3987.713237416324
Random,10,50,3,1,3,3987.713237416324
Random,10,50,3,1,4,3987.713237416324
Random,10,50,3,1,5,3987.713237416324
Random,10,50,3,1,6,3987.713237416324
Random,10,50,3,1,7,3987.713237416324
Random,10,50,3,1,8,3987.713237416324
Random,10,50,3,1,9,3987.713237416324
Random,10,50,3,1,10,2898.6838899360428
Random,10,50,3,1,11,2898.6838899360428
Random,10,50,3,1,12,2898.6838899360428
Random,10,50,3,1,13,2898.6838899360428
Random,10,50,3,1,14,2898.6838899360428
Random,10,50,3,1,15,2898.6838899360428
Random,10,50,3,1,16,2898.6838899360428
Random,10,50,3,1,17,2898.6838899360428
Random,10,50,3,1,18,2898.6838899360428
Random,10,50,3,1,19,2898.6838899360428
Random,10,50,3,1,20,2898.6838899360428
Random,10,50,3,1,21,2898.6838899360428
Random,10,50,3,1,22,2898.6838899360428
Random,10,50,3,1,23,2898.6838899360428
Random,10,50,3,1,24,2898.6838899360428
Random,10,50,3,1,25,2898.6838899360428
Random,10,50,3,1,26,2898.6838899360428
Random,10,50,3,1,27,2898.6838899360428
Random,10,50,3,1,28,2898.6838899360428
Random,10,50,3,1,29,2898.6838899360428
Random,10,50,3,1,30,2898.6838899360428
Random,10,50,3,1,31,2898.6838899360428
Random,10,50,3,1,32,2898.6838899360428
Random,10,50,3,1,33,2898.6838899360428
Random,10,50,3,1,34,2898.6838899360428
Random,10,50,3,1,35,2898.6838899360428
Random,10,50,3,1,36,2898.6838899360428
Random,10,50,3,1,37,2898.6838899360428
Random,10,50,3,1,38,2898.6838899360428
Random,10,50,3,1,39,2898.6838899360428
Random,10,50,3,1,40,2898.6838899360428
Random,10,50,3,1,41,2898.6838899360428
Random,10,50,3,1,42,2898.6838899360428
Random,10,50,3,1,43,2898.6838899360428
Random,10,50,3,1,44,2898.6838899360428
Random,10,50,3,1,45,2898.6838899360428
Random,10,50,3,1,46,2898.6838899360428
Random,10,50,3,1,47,2898.6838899360428
Random,10,50,3,1,48,2898.6838899360428
Random,10,50,3,1,49,2898.6838899360428
Random,10,50,3,1,50,2898.6838899360428
Random,10,50,3,1,51,2898.6838899360428
Random,10,50,3,1,52,2898.6838899360428
Random,10,50,3,1,53,2898.6838899360428
Random,10,50,3,1,54,2898.6838899360428
Random,10,50,3,1,55,2898.6838899360428
Random,10,50,3,1,56,2898.6838899360428
Random,10,50,3,1,57,2898.6838899360428
Random,10,50,3,1,58,2898.6838899360428
Random,10,50,3,1,59,2898.6838899360428
Random,10,50,3,1,60,2898.6838899360428
Random,10,50,3,1,61,2898.6838899360428
Random,10,50,3,1,62,2898.6838899360428
Random,10,50,3,1,63,2898.6838899360428
Random,10,50,3,1,64,2898.6838899360428
Random,10,50,3,1,65,2898.6838899360428
Random,10,50,3,1,66,2898.6838899360428
Random,10,50,3,1,67,2898.6838899360428
Random,10,50,3,1,68,2898.6838899360428
Random,10,50,3,1,69,2393.073874521119
Random,10,50,3,1,70,2393.073874521119
Random,10,50,3,1,71,2393.073874521119
Random,10,50,3,1,72,2393.073874521119
Random,10,50,3,1,73,2393.073874521119
Random,10,50,3,1,74,2393.073874521119
Random,10,50,3,1,75,2393.073874521119
Random,10,50,3,1,76,2393.073874521119
Random,10,50,3,1,77,2393.073874521119
Random,10,50,3,1,78,2393.073874521119
Random,10,50,3,1,79,2393.073874521119
Random,10,50,3,1,80,2393.073874521119
Random,10,50,3,1,81,2393.073874521119
Random,10,50,3,1,82,2393.073874521119
Random,10,50,3,1,83,2393.073874521119
Random,10,50,3,1,84,2393.073874521119
Random,10,50,3,1,85,2393.073874521119
Random,10,50,3,1,86,2393.073874521119
Random,10,50,3,1,87,2393.073874521119
Random,10,50,3,1,88,2393.073874521119
Random,10,50,3,1,89,2393.073874521119
Random,10,50,3,1,90,2393.073874521119
Random,10,50,3,1,91,2393.073874521119
Random,10,50,3,1,92,2393.073874521119
Random,10,50,3,1,93,2393.073874521119
Random,10,50,3,1,94,2393.073874521119
Random,10,50,3,1,95,2393.073874521119
Random,10,50,3,1,96,2393.073874521119
Random,10,50,3,1,97,2393.073874521119
Random,10,50,3,1,98,2393.073874521119
Random,10,50,3,1,99,2393.073874521119
Random,10,50,3,1,100,2393.073874521119
qLogEI,10,50,3,1,1,3987.713237416324
qLogEI,10,50,3,1,2,3987.713237416324
qLogEI,10,50,3,1,3,3987.713237416324
qLogEI,10,50,3,1,4,3987.713237416324
qLogEI,10,50,3,1,5,3987.713237416324
qLogEI,10,50,3,1,6,3987.713237416324
qLogEI,10,50,3,1,7,3987.713237416324
qLogEI,10,50,3,1,8,3987.713237416324
qLogEI,10,50,3,1,9,3987.713237416324
qLogEI,10,50,3,1,10,2898.6838899360428
qLogEI,10,50,3,1,11,2898.6838899360428
qLogEI,10,50,3,1,12,2898.6838899360428
qLogEI,10,50,3,1,13,2898.6838899360428
qLogEI,10,50,3,1,14,2898.6838899360428
qLogEI,10,50,3,1,15,2898.6838899360428
qLogEI,10,50,3,1,16,2898.6838899360428
qLogEI,10,50,3,1,17,2898.6838899360428
qLogEI,10,50,3,1,18,2898.6838899360428
qLogEI,10,50,3,1,19,2898.6838899360428
qLogEI,10,50,3,1,20,2898.6838899360428
qLogEI,10,50,3,1,21,2898.6838899360428
qLogEI,10,50,3,1,22,2898.6838899360428
qLogEI,10,50,3,1,23,2898.6838899360428
qLogEI,10,50,3,1,24,2898.6838899360428
qLogEI,10,50,3,1,25,2898.6838899360428
qLogEI,10,50,3,1,26,2898.6838899360428
qLogEI,10,50,3,1,27,2898.6838899360428
qLogEI,10,50,3,1,28,2898.6838899360428
qLogEI,10,50,3,1,29,2898.6838899360428
qLogEI,10,50,3,1,30,2898.6838899360428
qLogEI,10,50,3,1,31,2898.6838899360428
qLogEI,10,50,3,1,32,2898.6838899360428
qLogEI,10,50,3,1,33,2898.6838899360428
qLogEI,10,50,3,1,34,2898.6838899360428
qLogEI,10,50,3,1,35,2898.6838899360428
qLogEI,10,50,3,1,36,2898.6838899360428
qLogEI,10,50,3,1,37,2898.6838899360428
qLogEI,10,50,3,1,38,2898.6838899360428
qLogEI,10,50,3,1,39,2898.6838899360428
qLogEI,10,50,3,1,40,2898.6838899360428
qLogEI,10,50,3,1,41,2898.6838899360428
qLogEI,10,50,3,1,42,2898.6838899360428
qLogEI,10,50,3,1,43,2898.6838899360428
qLogEI,10,50,3,1,44,2898.6838899360428
qLogEI,10,50,3,1,45,2898.6838899360428
qLogEI,10,50,3,1,46,2898.6838899360428
qLogEI,10,50,3,1,47,2898.6838899360428
qLogEI,10,50,3,1,48,2615.701092588057
qLogEI,10,50,3,1,49,2615.701092588057
qLogEI,10,50,3,1,50,2582.915595358336
qLogEI,10,50,3,1,51,2582.915595358336
qLogEI,10,50,3,1,52,2582.915595358336
qLogEI,10,50,3,1,53,2582.915595358336
qLogEI,10,50,3,1,54,2582.915595358336
qLogEI,10,50,3,1,55,2582.915595358336
qLogEI,10,50,3,1,56,2582.915595358336
qLogEI,10,50,3,1,57,2582.915595358336
qLogEI,10,50,3,1,58,2582.915595358336
qLogEI,10,50,3,1,59,2582.915595358336
qLogEI,10,50,3,1,60,2582.915595358336
qLogEI,10,50,3,1,61,2582.915595358336
qLogEI,10,50,3,1,62,1880.1666107538426
qLogEI,10,50,3,1,63,1880.1666107538426
qLogEI,10,50,3,1,64,1880.1666107538426
qLogEI,10,50,3,1,65,1880.1666107538426
qLogEI,10,50,3,1,66,1880.1666107538426
qLogEI,10,50,3,1,67,1880.1666107538426
qLogEI,10,50,3,1,68,1880.1666107538426
qLogEI,10,50,3,1,69,1880.1666107538426
qLogEI,10,50,3,1,70,1880.1666107538426
qLogEI,10,50,3,1,71,1880.1666107538426
qLogEI,10,50,3,1,72,1880.1666107538426
qLogEI,10,50,3,1,73,1880.1666107538426
qLogEI,10,50,3,1,74,1880.1666107538426
qLogEI,10,50,3,1,75,1880.1666107538426
qLogEI,10,50,3,1,76,1880.1666107538426
qLogEI,10,50,3,1,77,1880.1666107538426
qLogEI,10,50,3,1,78,1880.1666107538426
qLogEI,10,50,3,1,79,1880.1666107538426
qLogEI,10,50,3,1,80,1880.1666107538426
qLogEI,10,50,3,1,81,1880.1666107538426
qLogEI,10,50,3,1,82,1880.1666107538426
qLogEI,10,50,3,1,83,1880.1666107538426
qLogEI,10,50,3,1,84,1880.1666107538426
qLogEI,10,50,3,1,85,1880.1666107538426
qLogEI,10,50,3,1,86,1880.1666107538426
qLogEI,10,50,3,1,87,1880.1666107538426
qLogEI,10,50,3,1,88,1880.1666107538426
qLogEI,10,50,3,1,89,1880.1666107538426
qLogEI,10,50,3,1,90,1880.1666107538426
qLogEI,10,50,3,1,91,1880.1666107538426
qLogEI,10,50,3,1,92,1880.1666107538426
qLogEI,10,50,3,1,93,1880.1666107538426
qLogEI,10,50,3,1,94,1880.1666107538426
qLogEI,10,50,3,1,95,1880.1666107538426
qLogEI,10,50,3,1,96,1880.1666107538426
qLogEI,10,50,3,1,97,1880.1666107538426
qLogEI,10,50,3,1,98,1880.1666107538426
qLogEI,10,50,3,1,99,1880.1666107538426
qLogEI,10,50,3,1,100,1880.1666107538426
RL_Full,10,50,3,1,1,3987.713237416324
RL_Full,10,50,3,1,2,3987.713237416324
RL_Full,10,50,3,1,3,3987.713237416324
RL_Full,10,50,3,1,4,3987.713237416324
RL_Full,10,50,3,1,5,3987.713237416324
RL_Full,10,50,3,1,6,3987.713237416324
RL_Full,10,50,3,1,7,3987.713237416324
RL_Full,10,50,3,1,8,3987.713237416324
RL_Full,10,50,3,1,9,3987.713237416324
RL_Full,10,50,3,1,10,2898.6838899360428
RL_Full,10,50,3,1,11,2898.6838899360428
RL_Full,10,50,3,1,12,2898.6838899360428
RL_Full,10,50,3,1,13,2898.6838899360428
RL_Full,10,50,3,1,14,2898.6838899360428
RL_Full,10,50,3,1,15,2898.6838899360428
RL_Full,10,50,3,1,16,2898.6838899360428
RL_Full,10,50,3,1,17,2898.6838899360428
RL_Full,10,50,3,1,18,2898.6838899360428
RL_Full,10,50,3,1,19,2898.6838899360428
RL_Full,10,50,3,1,20,2898.6838899360428
RL_Full,10,50,3,1,21,2898.6838899360428
RL_Full,10,50,3,1,22,2898.6838899360428
RL_Full,10,50,3,1,23,2898.6838899360428
RL_Full,10,50,3,1,24,2898.6838899360428
RL_Full,10,50,3,1,25,2898.6838899360428
RL_Full,10,50,3,1,26,2898.6838899360428
RL_Full,10,50,3,1,27,2898.6838899360428
RL_Full,10,50,3,1,28,2898.6838899360428
RL_Full,10,50,3,1,29,2898.6838899360428
RL_Full,10,50,3,1,30,2898.6838899360428
RL_Full,10,50,3,1,31,2898.6838899360428
RL_Full,10,50,3,1,32,2898.6838899360428
RL_Full,10,50,3,1,33,2898.6838899360428
RL_Full,10,50,3,1,34,2898.6838899360428
RL_Full,10,50,3,1,35,2898.6838899360428
RL_Full,10,50,3,1,36,2898.6838899360428
RL_Full,10,50,3,1,37,2898.6838899360428
RL_Full,10,50,3,1,38,2898.6838899360428
RL_Full,10,50,3,1,39,2898.6838899360428
RL_Full,10,50,3,1,40,2898.6838899360428
RL_Full,10,50,3,1,41,2898.6838899360428
RL_Full,10,50,3,1,42,2898.6838899360428
RL_Full,10,50,3,1,43,2898.6838899360428
RL_Full,10,50,3,1,44,2898.6838899360428
RL_Full,10,50,3,1,45,2898.6838899360428
RL_Full,10,50,3,1,46,2898.6838899360428
RL_Full,10,50,3,1,47,2898.6838899360428
RL_Full,10,50,3,1,48,2898.6838899360428
RL_Full,10,50,3,1,49,2898.6838899360428
RL_Full,10,50,3,1,50,2898.6838899360428
RL_Full,10,50,3,1,51,2898.6838899360428
RL_Full,10,50,3,1,52,2898.6838899360428
RL_Full,10,50,3,1,53,2898.6838899360428
RL_Full,10,50,3,1,54,2898.6838899360428
RL_Full,10,50,3,1,55,2898.6838899360428
RL_Full,10,50,3,1,56,2898.6838899360428
RL_Full,10,50,3,1,57,2898.6838899360428
RL_Full,10,50,3,1,58,2898.6838899360428
RL_Full,10,50,3,1,59,2898.6838899360428
RL_Full,10,50,3,1,60,2898.6838899360428
RL_Full,10,50,3,1,61,2898.6838899360428
RL_Full,10,50,3,1,62,2898.6838899360428
RL_Full,10,50,3,1,63,2898.6838899360428
RL_Full,10,50,3,1,64,2898.6838899360428
RL_Full,10,50,3,1,65,2898.6838899360428
RL_Full,10,50,3,1,66,2898.6838899360428
RL_Full,10,50,3,1,67,2898.6838899360428
RL_Full,10,50,3,1,68,2898.6838899360428
RL_Full,10,50,3,1,69,2898.6838899360428
RL_Full,10,50,3,1,70,2898.6838899360428
RL_Full,10,50,3,1,71,2898.6838899360428
RL_Full,10,50,3,1,72,2898.6838899360428
RL_Full,10,50,3,1,73,2898.6838899360428
RL_Full,10,50,3,1,74,2898.6838899360428
RL_Full,10,50,3,1,75,2898.6838899360428
RL_Full,10,50,3,1,76,2898.6838899360428
RL_Full,10,50,3,1,77,2898.6838899360428
RL_Full,10,50,3,1,78,2898.6838899360428
RL_Full,10,50,3,1,79,2898.6838899360428
RL_Full,10,50,3,1,80,2898.6838899360428
RL_Full,10,50,3,1,81,2898.6838899360428
RL_Full,10,50,3,1,82,2898.6838899360428
RL_Full,10,50,3,1,83,2898.6838899360428
RL_Full,10,50,3,1,84,2898.6838899360428
RL_Full,10,50,3,1,85,2898.6838899360428
RL_Full,10,50,3,1,86,2898.6838899360428
RL_Full,10,50,3,1,87,2898.6838899360428
RL_Full,10,50,3,1,88,2898.6838899360428
RL_Full,10,50,3,1,89,2898.6838899360428
RL_Full,10,50,3,1,90,2898.6838899360428
RL_Full,10,50,3,1,91,2898.6838899360428
RL_Full,10,50,3,1,92,2898.6838899360428
RL_Full,10,50,3,1,93,2898.6838899360428
RL_Full,10,50,3,1,94,2898.6838899360428
RL_Full,10,50,3,1,95,2898.6838899360428
RL_Full,10,50,3,1,96,2898.6838899360428
RL_Full,10,50,3,1,97,2898.6838899360428
RL_Full,10,50,3,1,98,2898.6838899360428
RL_Full,10,50,3,1,99,2898.6838899360428
RL_Full,10,50,3,1,100,2898.6838899360428
Random,10,50,3,2,1,inf
Random,10,50,3,2,2,4292.772284446118
Random,10,50,3,2,3,4292.772284446118
Random,10,50,3,2,4,4292.772284446118
Random,10,50,3,2,5,4292.772284446118
Random,10,50,3,2,6,3530.708510520185
Random,10,50,3,2,7,3530.708510520185
Random,10,50,3,2,8,3530.708510520185
Random,10,50,3,2,9,3530.708510520185
Random,10,50,3,2,10,3530.708510520185
Random,10,50,3,2,11,3530.708510520185
Random,10,50,3,2,12,3530.708510520185
Random,10,50,3,2,13,3530.708510520185
Random,10,50,3,2,14,3530.708510520185
Random,10,50,3,2,15,3530.708510520185
Random,10,50,3,2,16,3530.708510520185
Random,10,50,3,2,17,3530.708510520185
Random,10,50,3,2,18,3530.708510520185
Random,10,50,3,2,19,3530.708510520185
Random,10,50,3,2,20,3530.708510520185
Random,10,50,3,2,21,3530.708510520185
Random,10,50,3,2,22,3530.708510520185
Random,10,50,3,2,23,2802.5242118493356
Random,10,50,3,2,24,2802.5242118493356
Random,10,50,3,2,25,2802.5242118493356
Random,10,50,3,2,26,2802.5242118493356
Random,10,50,3,2,27,2802.5242118493356
Random,10,50,3,2,28,2802.5242118493356
Random,10,50,3,2,29,2802.5242118493356
Random,10,50,3,2,30,2802.5242118493356
Random,10,50,3,2,31,2802.5242118493356
Random,10,50,3,2,32,2802.5242118493356
Random,10,50,3,2,33,2802.5242118493356
Random,10,50,3,2,34,2802.5242118493356
Random,10,50,3,2,35,2802.5242118493356
Random,10,50,3,2,36,2802.5242118493356
Random,10,50,3,2,37,2802.5242118493356
Random,10,50,3,2,38,2802.5242118493356
Random,10,50,3,2,39,2802.5242118493356
Random,10,50,3,2,40,2802.5242118493356
Random,10,50,3,2,41,2802.5242118493356
Random,10,50,3,2,42,2802.5242118493356
Random,10,50,3,2,43,2802.5242118493356
Random,10,50,3,2,44,2802.5242118493356
Random,10,50,3,2,45,2802.5242118493356
Random,10,50,3,2,46,2676.452466433623
Random,10,50,3,2,47,2676.452466433623
Random,10,50,3,2,48,2676.452466433623
Random,10,50,3,2,49,2676.452466433623
Random,10,50,3,2,50,2676.452466433623
Random,10,50,3,2,51,2676.452466433623
Random,10,50,3,2,52,2676.452466433623
Random,10,50,3,2,53,2676.452466433623
Random,10,50,3,2,54,2676.452466433623
Random,10,50,3,2,55,2676.452466433623
Random,10,50,3,2,56,2676.452466433623
Random,10,50,3,2,57,2676.452466433623
Random,10,50,3,2,58,2676.452466433623
Random,10,50,3,2,59,2676.452466433623
Random,10,50,3,2,60,2676.452466433623
Random,10,50,3,2,61,2676.452466433623
Random,10,50,3,2,62,2676.452466433623
Random,10,50,3,2,63,2676.452466433623
Random,10,50,3,2,64,2676.452466433623
Random,10,50,3,2,65,2676.452466433623
Random,10,50,3,2,66,2676.452466433623
Random,10,50,3,2,67,2676.452466433623
Random,10,50,3,2,68,2676.452466433623
Random,10,50,3,2,69,2676.452466433623
Random,10,50,3,2,70,2676.452466433623
Random,10,50,3,2,71,2676.452466433623
Random,10,50,3,2,72,2676.452466433623
Random,10,50,3,2,73,2676.452466433623
Random,10,50,3,2,74,2676.452466433623
Random,10,50,3,2,75,2676.452466433623
Random,10,50,3,2,76,2676.452466433623
Random,10,50,3,2,77,2676.452466433623
Random,10,50,3,2,78,2676.452466433623
Random,10,50,3,2,79,2676.452466433623
Random,10,50,3,2,80,2676.452466433623
Random,10,50,3,2,81,2676.452466433623
Random,10,50,3,2,82,2676.452466433623
Random,10,50,3,2,83,2676.452466433623
Random,10,50,3,2,84,2676.452466433623
Random,10,50,3,2,85,2676.452466433623
Random,10,50,3,2,86,2676.452466433623
Random,10,50,3,2,87,2676.452466433623
Random,10,50,3,2,88,2676.452466433623
Random,10,50,3,2,89,2676.452466433623
Random,10,50,3,2,90,2676.452466433623
Random,10,50,3,2,91,2676.452466433623
Random,10,50,3,2,92,2676.452466433623
Random,10,50,3,2,93,2676.452466433623
Random,10,50,3,2,94,2676.452466433623
Random,10,50,3,2,95,2676.452466433623
Random,10,50,3,2,96,2676.452466433623
Random,10,50,3,2,97,2676.452466433623
Random,10,50,3,2,98,2676.452466433623
Random,10,50,3,2,99,2676.452466433623
Random,10,50,3,2,100,2676.452466433623
qLogEI,10,50,3,2,1,inf
qLogEI,10,50,3,2,2,4292.772284446118
qLogEI,10,50,3,2,3,4292.772284446118
qLogEI,10,50,3,2,4,4292.772284446118
qLogEI,10,50,3,2,5,4292.772284446118
qLogEI,10,50,3,2,6,3530.708510520185
qLogEI,10,50,3,2,7,3530.708510520185
qLogEI,10,50,3,2,8,3530.708510520185
qLogEI,10,50,3,2,9,3530.708510520185
qLogEI,10,50,3,2,10,3530.708510520185
qLogEI,10,50,3,2,11,3530.708510520185
qLogEI,10,50,3,2,12,3530.708510520185
qLogEI,10,50,3,2,13,3530.708510520185
qLogEI,10,50,3,2,14,3530.708510520185
qLogEI,10,50,3,2,15,3530.708510520185
qLogEI,10,50,3,2,16,3530.708510520185
qLogEI,10,50,3,2,17,3530.708510520185
qLogEI,10,50,3,2,18,3530.708510520185
qLogEI,10,50,3,2,19,3530.708510520185
qLogEI,10,50,3,2,20,3530.708510520185
qLogEI,10,50,3,2,21,3530.708510520185
qLogEI,10,50,3,2,22,3530.708510520185
qLogEI,10,50,3,2,23,3530.708510520185
qLogEI,10,50,3,2,24,3530.708510520185
qLogEI,10,50,3,2,25,3530.708510520185
qLogEI,10,50,3,2,26,3530.708510520185
qLogEI,10,50,3,2,27,3530.708510520185
qLogEI,10,50,3,2,28,3530.708510520185
qLogEI,10,50,3,2,29,3530.708510520185
qLogEI,10,50,3,2,30,3530.708510520185
qLogEI,10,50,3,2,31,2562.31461161044
qLogEI,10,50,3,2,32,2562.31461161044
qLogEI,10,50,3,2,33,2562.31461161044
qLogEI,10,50,3,2,34,2562.31461161044
qLogEI,10,50,3,2,35,2562.31461161044
qLogEI,10,50,3,2,36,2562.31461161044
qLogEI,10,50,3,2,37,2562.31461161044
qLogEI,10,50,3,2,38,2562.31461161044
qLogEI,10,50,3,2,39,2562.31461161044
qLogEI,10,50,3,2,40,2562.31461161044
qLogEI,10,50,3,2,41,2562.31461161044
qLogEI,10,50,3,2,42,2071.7332931445044
qLogEI,10,50,3,2,43,2071.7332931445044
qLogEI,10,50,3,2,44,2071.7332931445044
qLogEI,10,50,3,2,45,2071.7332931445044
qLogEI,10,50,3,2,46,2071.7332931445044
qLogEI,10,50,3,2,47,2071.7332931445044
qLogEI,10,50,3,2,48,2071.7332931445044
qLogEI,10,50,3,2,49,2071.7332931445044
qLogEI,10,50,3,2,50,2071.7332931445044
qLogEI,10,50,3,2,51,2071.7332931445044
qLogEI,10,50,3,2,52,2071.7332931445044
qLogEI,10,50,3,2,53,2071.7332931445044
qLogEI,10,50,3,2,54,2071.7332931445044
qLogEI,10,50,3,2,55,2071.7332931445044
qLogEI,10,50,3,2,56,2071.7332931445044
qLogEI,10,50,3,2,57,2071.7332931445044
qLogEI,10,50,3,2,58,2071.7332931445044
qLogEI,10,50,3,2,59,2071.7332931445044
qLogEI,10,50,3,2,60,2071.7332931445044
qLogEI,10,50,3,2,61,2071.7332931445044
qLogEI,10,50,3,2,62,2071.7332931445044
qLogEI,10,50,3,2,63,2071.7332931445044
qLogEI,10,50,3,2,64,2071.7332931445044
qLogEI,10,50,3,2,65,2071.7332931445044
qLogEI,10,50,3,2,66,2071.7332931445044
qLogEI,10,50,3,2,67,2071.7332931445044
qLogEI,10,50,3,2,68,2071.7332931445044
qLogEI,10,50,3,2,69,2071.7332931445044
qLogEI,10,50,3,2,70,2071.7332931445044
qLogEI,10,50,3,2,71,2071.7332931445044
qLogEI,10,50,3,2,72,2071.7332931445044
qLogEI,10,50,3,2,73,2071.7332931445044
qLogEI,10,50,3,2,74,2071.7332931445044
qLogEI,10,50,3,2,75,2071.7332931445044
qLogEI,10,50,3,2,76,2071.7332931445044
qLogEI,10,50,3,2,77,2071.7332931445044
qLogEI,10,50,3,2,78,1799.9787168149976
qLogEI,10,50,3,2,79,1799.9787168149976
qLogEI,10,50,3,2,80,1799.9787168149976
qLogEI,10,50,3,2,81,1799.9787168149976
qLogEI,10,50,3,2,82,1799.9787168149976
qLogEI,10,50,3,2,83,1799.9787168149976
qLogEI,10,50,3,2,84,1799.9787168149976
qLogEI,10,50,3,2,85,1799.9787168149976
qLogEI,10,50,3,2,86,1799.9787168149976
qLogEI,10,50,3,2,87,1799.9787168149976
qLogEI,10,50,3,2,88,1799.9787168149976
qLogEI,10,50,3,2,89,1799.9787168149976
qLogEI,10,50,3,2,90,1799.9787168149976
qLogEI,10,50,3,2,91,1799.9787168149976
qLogEI,10,50,3,2,92,1799.9787168149976
qLogEI,10,50,3,2,93,1799.9787168149976
qLogEI,10,50,3,2,94,1799.9787168149976
qLogEI,10,50,3,2,95,1799.9787168149976
qLogEI,10,50,3,2,96,1799.9787168149976
qLogEI,10,50,3,2,97,1799.9787168149976
qLogEI,10,50,3,2,98,1799.9787168149976
qLogEI,10,50,3,2,99,1799.9787168149976
qLogEI,10,50,3,2,100,1799.9787168149976
RL_Full,10,50,3,2,1,inf
RL_Full,10,50,3,2,2,4292.772284446118
RL_Full,10,50,3,2,3,4292.772284446118
RL_Full,10,50,3,2,4,4292.772284446118
RL_Full,10,50,3,2,5,4292.772284446118
RL_Full,10,50,3,2,6,3530.708510520185
RL_Full,10,50,3,2,7,3530.708510520185
RL_Full,10,50,3,2,8,3530.708510520185
RL_Full,10,50,3,2,9,3530.708510520185
RL_Full,10,50,3,2,10,3530.708510520185
RL_Full,10,50,3,2,11,3530.708510520185
RL_Full,10,50,3,2,12,3530.708510520185
RL_Full,10,50,3,2,13,3530.708510520185
RL_Full,10,50,3,2,14,3530.708510520185
RL_Full,10,50,3,2,15,3530.708510520185
RL_Full,10,50,3,2,16,3530.708510520185
RL_Full,10,50,3,2,17,3530.708510520185
RL_Full,10,50,3,2,18,3530.708510520185
RL_Full,10,50,3,2,19,3530.708510520185
RL_Full,10,50,3,2,20,3530.708510520185
RL_Full,10,50,3,2,21,3530.708510520185
RL_Full,10,50,3,2,22,3530.708510520185
RL_Full,10,50,3,2,23,3530.708510520185
RL_Full,10,50,3,2,24,3530.708510520185
RL_Full,10,50,3,2,25,3530.708510520185
RL_Full,10,50,3,2,26,3530.708510520185
RL_Full,10,50,3,2,27,3530.708510520185
RL_Full,10,50,3,2,28,3530.708510520185
RL_Full,10,50,3,2,29,3530.708510520185
RL_Full,10,50,3,2,30,3530.708510520185
RL_Full,10,50,3,2,31,3530.708510520185
RL_Full,10,50,3,2,32,3530.708510520185
RL_Full,10,50,3,2,33,3530.708510520185
RL_Full,10,50,3,2,34,3530.708510520185
RL_Full,10,50,3,2,35,3530.708510520185
RL_Full,10,50,3,2,36,3530.708510520185
RL_Full,10,50,3,2,37,3530.708510520185
RL_Full,10,50,3,2,38,3530.708510520185
RL_Full,10,50,3,2,39,3530.708510520185
RL_Full,10,50,3,2,40,3530.708510520185
RL_Full,10,50,3,2,41,3530.708510520185
RL_Full,10,50,3,2,42,3530.708510520185
RL_Full,10,50,3,2,43,3530.708510520185
RL_Full,10,50,3,2,44,3530.708510520185
RL_Full,10,50,3,2,45,3530.708510520185
RL_Full,10,50,3,2,46,3530.708510520185
RL_Full,10,50,3,2,47,3530.708510520185
RL_Full,10,50,3,2,48,3530.708510520185
RL_Full,10,50,3,2,49,3530.708510520185
RL_Full,10,50,3,2,50,3530.708510520185
RL_Full,10,50,3,2,51,3530.708510520185
RL_Full,10,50,3,2,52,3530.708510520185
RL_Full,10,50,3,2,53,3530.708510520185
RL_Full,10,50,3,2,54,3530.708510520185
RL_Full,10,50,3,2,55,3530.708510520185
RL_Full,10,50,3,2,56,3530.708510520185
RL_Full,10,50,3,2,57,3530.708510520185
RL_Full,10,50,3,2,58,3530.708510520185
RL_Full,10,50,3,2,59,3530.708510520185
RL_Full,10,50,3,2,60,3530.708510520185
RL_Full,10,50,3,2,61,3530.708510520185
RL_Full,10,50,3,2,62,3530.708510520185
RL_Full,10,50,3,2,63,3530.708510520185
RL_Full,10,50,3,2,64,3530.708510520185
RL_Full,10,50,3,2,65,3530.708510520185
RL_Full,10,50,3,2,66,3530.708510520185
RL_Full,10,50,3,2,67,3530.708510520185
RL_Full,10,50,3,2,68,3530.708510520185
RL_Full,10,50,3,2,69,3530.708510520185
RL_Full,10,50,3,2,70,3530.708510520185
RL_Full,10,50,3,2,71,3530.708510520185
RL_Full,10,50,3,2,72,3530.708510520185
RL_Full,10,50,3,2,73,3530.708510520185
RL_Full,10,50,3,2,74,3530.708510520185
RL_Full,10,50,3,2,75,3530.708510520185
RL_Full,10,50,3,2,76,3530.708510520185
RL_Full,10,50,3,2,77,3530.708510520185
RL_Full,10,50,3,2,78,3530.708510520185
RL_Full,10,50,3,2,79,3530.708510520185
RL_Full,10,50,3,2,80,3530.708510520185
RL_Full,10,50,3,2,81,3530.708510520185
RL_Full,10,50,3,2,82,3530.708510520185
RL_Full,10,50,3,2,83,3530.708510520185
RL_Full,10,50,3,2,84,3530.708510520185
RL_Full,10,50,3,2,85,3530.708510520185
RL_Full,10,50,3,2,86,3530.708510520185
RL_Full,10,50,3,2,87,3530.708510520185
RL_Full,10,50,3,2,88,3530.708510520185
RL_Full,10,50,3,2,89,3530.708510520185
RL_Full,10,50,3,2,90,3530.708510520185
RL_Full,10,50,3,2,91,3530.708510520185
RL_Full,10,50,3,2,92,3530.708510520185
RL_Full,10,50,3,2,93,3530.708510520185
RL_Full,10,50,3,2,94,3530.708510520185
RL_Full,10,50,3,2,95,3530.708510520185
RL_Full,10,50,3,2,96,3530.708510520185
RL_Full,10,50,3,2,97,3530.708510520185
RL_Full,10,50,3,2,98,3530.708510520185
RL_Full,10,50,3,2,99,3530.708510520185
RL_Full,10,50,3,2,100,3530.708510520185
Random,10,50,3,3,1,inf
Random,10,50,3,3,2,inf
Random,10,50,3,3,3,4220.738812091011
Random,10,50,3,3,4,4220.738812091011
Random,10,50,3,3,5,3913.530692946033
Random,10,50,3,3,6,3913.530692946033
Random,10,50,3,3,7,3913.530692946033
Random,10,50,3,3,8,3913.530692946033
Random,10,50,3,3,9,3913.530692946033
Random,10,50,3,3,10,3913.530692946033
Random,10,50,3,3,11,3913.530692946033
Random,10,50,3,3,12,3913.530692946033
Random,10,50,3,3,13,3913.530692946033
Random,10,50,3,3,14,3913.530692946033
Random,10,50,3,3,15,3913.530692946033
Random,10,50,3,3,16,3913.530692946033
Random,10,50,3,3,17,3913.530692946033
Random,10,50,3,3,18,3913.530692946033
Random,10,50,3,3,19,3913.530692946033
Random,10,50,3,3,20,3913.530692946033
Random,10,50,3,3,21,3913.530692946033
Random,10,50,3,3,22,3913.530692946033
Random,10,50,3,3,23,3913.530692946033
Random,10,50,3,3,24,3913.530692946033
Random,10,50,3,3,25,3913.530692946033
Random,10,50,3,3,26,3232.978600424647
Random,10,50,3,3,27,3232.978600424647
Random,10,50,3,3,28,3232.978600424647
Random,10,50,3,3,29,3232.978600424647
Random,10,50,3,3,30,3232.978600424647
Random,10,50,3,3,31,3232.978600424647
Random,10,50,3,3,32,3232.978600424647
Random,10,50,3,3,33,3232.978600424647
Random,10,50,3,3,34,3232.978600424647
Random,10,50,3,3,35,3232.978600424647
Random,10,50,3,3,36,3232.978600424647
Random,10,50,3,3,37,3232.978600424647
Random,10,50,3,3,38,3232.978600424647
Random,10,50,3,3,39,3232.978600424647
Random,10,50,3,3,40,3232.978600424647
Random,10,50,3,3,41,3232.978600424647
Random,10,50,3,3,42,3232.978600424647
Random,10,50,3,3,43,3232.978600424647
Random,10,50,3,3,44,3232.978600424647
Random,10,50,3,3,45,3232.978600424647
Random,10,50,3,3,46,3232.978600424647
Random,10,50,3,3,47,3232.978600424647
Random,10,50,3,3,48,3232.978600424647
Random,10,50,3,3,49,3232.978600424647
Random,10,50,3,3,50,3232.978600424647
Random,10,50,3,3,51,3232.978600424647
Random,10,50,3,3,52,3232.978600424647
Random,10,50,3,3,53,3232.978600424647
Random,10,50,3,3,54,3232.978600424647
Random,10,50,3,3,55,3232.978600424647
Random,10,50,3,3,56,3232.978600424647
Random,10,50,3,3,57,3232.978600424647
Random,10,50,3,3,58,3232.978600424647
Random,10,50,3,3,59,3232.978600424647
Random,10,50,3,3,60,3232.978600424647
Random,10,50,3,3,61,3232.978600424647
Random,10,50,3,3,62,3232.978600424647
Random,10,50,3,3,63,3232.978600424647
Random,10,50,3,3,64,3232.978600424647
Random,10,50,3,3,65,3232.978600424647
Random,10,50,3,3,66,3232.978600424647
Random,10,50,3,3,67,3232.978600424647
Random,10,50,3,3,68,3232.978600424647
Random,10,50,3,3,69,3232.978600424647
Random,10,50,3,3,70,3232.978600424647
Random,10,50,3,3,71,3232.978600424647
Random,10,50,3,3,72,3232.978600424647
Random,10,50,3,3,73,3232.978600424647
Random,10,50,3,3,74,3232.978600424647
Random,10,50,3,3,75,3232.978600424647
Random,10,50,3,3,76,3232.978600424647
Random,10,50,3,3,77,3232.978600424647
Random,10,50,3,3,78,3232.978600424647
Random,10,50,3,3,79,3232.978600424647
Random,10,50,3,3,80,3232.978600424647
Random,10,50,3,3,81,3232.978600424647
Random,10,50,3,3,82,3232.978600424647
Random,10,50,3,3,83,3232.978600424647
Random,10,50,3,3,84,3232.978600424647
Random,10,50,3,3,85,3232.978600424647
Random,10,50,3,3,86,3232.978600424647
Random,10,50,3,3,87,3232.978600424647
Random,10,50,3,3,88,3232.978600424647
Random,10,50,3,3,89,3232.978600424647
Random,10,50,3,3,90,3232.978600424647
Random,10,50,3,3,91,3232.978600424647
Random,10,50,3,3,92,3232.978600424647
Random,10,50,3,3,93,3232.978600424647
Random,10,50,3,3,94,3232.978600424647
Random,10,50,3,3,95,3232.978600424647
Random,10,50,3,3,96,3232.978600424647
Random,10,50,3,3,97,3232.978600424647
Random,10,50,3,3,98,3232.978600424647
Random,10,50,3,3,99,3232.978600424647
Random,10,50,3,3,100,3232.978600424647
qLogEI,10,50,3,3,1,inf
qLogEI,10,50,3,3,2,inf
qLogEI,10,50,3,3,3,4220.738812091011
qLogEI,10,50,3,3,4,4220.738812091011
qLogEI,10,50,3,3,5,3913.530692946033
qLogEI,10,50,3,3,6,3913.530692946033
qLogEI,10,50,3,3,7,3913.530692946033
qLogEI,10,50,3,3,8,3913.530692946033
qLogEI,10,50,3,3,9,3913.530692946033
qLogEI,10,50,3,3,10,3913.530692946033
qLogEI,10,50,3,3,11,3913.530692946033
qLogEI,10,50,3,3,12,3913.530692946033
qLogEI,10,50,3,3,13,3913.530692946033
qLogEI,10,50,3,3,14,3913.530692946033
qLogEI,10,50,3,3,15,3913.530692946033
qLogEI,10,50,3,3,16,3913.530692946033
qLogEI,10,50,3,3,17,3913.530692946033
qLogEI,10,50,3,3,18,3913.530692946033
qLogEI,10,50,3,3,19,3913.530692946033
qLogEI,10,50,3,3,20,3913.530692946033
qLogEI,10,50,3,3,21,3913.530692946033
qLogEI,10,50,3,3,22,3913.530692946033
qLogEI,10,50,3,3,23,3913.530692946033
qLogEI,10,50,3,3,24,3913.530692946033
qLogEI,10,50,3,3,25,3913.530692946033
qLogEI,10,50,3,3,26,2307.5379253369524
qLogEI,10,50,3,3,27,2307.5379253369524
qLogEI,10,50,3,3,28,2307.5379253369524
qLogEI,10,50,3,3,29,2307.5379253369524
qLogEI,10,50,3,3,30,2307.5379253369524
qLogEI,10,50,3,3,31,2180.2878488231568
qLogEI,10,50,3,3,32,2180.2878488231568
qLogEI,10,50,3,3,33,2180.2878488231568
qLogEI,10,50,3,3,34,2180.2878488231568
qLogEI,10,50,3,3,35,2180.2878488231568
qLogEI,10,50,3,3,36,2180.2878488231568
qLogEI,10,50,3,3,37,2180.2878488231568
qLogEI,10,50,3,3,38,2180.2878488231568
qLogEI,10,50,3,3,39,2180.2878488231568
qLogEI,10,50,3,3,40,2180.2878488231568
qLogEI,10,50,3,3,41,2180.2878488231568
qLogEI,10,50,3,3,42,2180.2878488231568
qLogEI,10,50,3,3,43,2180.2878488231568
qLogEI,10,50,3,3,44,2180.2878488231568
qLogEI,10,50,3,3,45,2180.2878488231568
qLogEI,10,50,3,3,46,2180.2878488231568
qLogEI,10,50,3,3,47,2180.2878488231568
qLogEI,10,50,3,3,48,2180.2878488231568
qLogEI,10,50,3,3,49,2168.741485388687
qLogEI,10,50,3,3,50,2168.741485388687
qLogEI,10,50,3,3,51,2165.5748363390057
qLogEI,10,50,3,3,52,2165.5748363390057
qLogEI,10,50,3,3,53,2165.5748363390057
qLogEI,10,50,3,3,54,2165.5748363390057
qLogEI,10,50,3,3,55,2165.5748363390057
qLogEI,10,50,3,3,56,2165.5748363390057
qLogEI,10,50,3,3,57,2165.5748363390057
qLogEI,10,50,3,3,58,2165.5748363390057
qLogEI,10,50,3,3,59,2165.5748363390057
qLogEI,10,50,3,3,60,2165.5748363390057
qLogEI,10,50,3,3,61,2165.5748363390057
qLogEI,10,50,3,3,62,2165.5748363390057
qLogEI,10,50,3,3,63,2165.5748363390057
qLogEI,10,50,3,3,64,2165.5748363390057
qLogEI,10,50,3,3,65,2165.5748363390057
qLogEI,10,50,3,3,66,2165.5748363390057
qLogEI,10,50,3,3,67,2165.5748363390057
qLogEI,10,50,3,3,68,2165.5748363390057
qLogEI,10,50,3,3,69,2165.5748363390057
qLogEI,10,50,3,3,70,2165.5748363390057
qLogEI,10,50,3,3,71,2165.5748363390057
qLogEI,10,50,3,3,72,2165.5748363390057
qLogEI,10,50,3,3,73,2165.5748363390057
qLogEI,10,50,3,3,74,2165.5748363390057
qLogEI,10,50,3,3,75,2165.5748363390057
qLogEI,10,50,3,3,76,2165.5748363390057
qLogEI,10,50,3,3,77,2165.5748363390057
qLogEI,10,50,3,3,78,2165.5748363390057
qLogEI,10,50,3,3,79,1974.8063358138438
qLogEI,10,50,3,3,80,1974.8063358138438
qLogEI,10,50,3,3,81,1974.8063358138438
qLogEI,10,50,3,3,82,1974.8063358138438
qLogEI,10,50,3,3,83,1974.8063358138438
qLogEI,10,50,3,3,84,1974.8063358138438
qLogEI,10,50,3,3,85,1974.8063358138438
qLogEI,10,50,3,3,86,1974.8063358138438
qLogEI,10,50,3,3,87,1974.8063358138438
qLogEI,10,50,3,3,88,1974.8063358138438
qLogEI,10,50,3,3,89,1974.8063358138438
qLogEI,10,50,3,3,90,1974.8063358138438
qLogEI,10,50,3,3,91,1974.8063358138438
qLogEI,10,50,3,3,92,1974.8063358138438
qLogEI,10,50,3,3,93,1974.8063358138438
qLogEI,10,50,3,3,94,1974.8063358138438
qLogEI,10,50,3,3,95,1974.8063358138438
qLogEI,10,50,3,3,96,1974.8063358138438
qLogEI,10,50,3,3,97,1974.8063358138438
qLogEI,10,50,3,3,98,1974.8063358138438
qLogEI,10,50,3,3,99,1974.8063358138438
qLogEI,10,50,3,3,100,1974.8063358138438
RL_Full,10,50,3,3,1,inf
RL_Full,10,50,3,3,2,inf
RL_Full,10,50,3,3,3,4220.738812091011
RL_Full,10,50,3,3,4,4220.738812091011
RL_Full,10,50,3,3,5,3913.530692946033
RL_Full,10,50,3,3,6,3913.530692946033
RL_Full,10,50,3,3,7,3913.530692946033
RL_Full,10,50,3,3,8,3913.530692946033
RL_Full,10,50,3,3,9,3913.530692946033
RL_Full,10,50,3,3,10,3913.530692946033
RL_Full,10,50,3,3,11,3913.530692946033
RL_Full,10,50,3,3,12,3913.530692946033
RL_Full,10,50,3,3,13,3913.530692946033
RL_Full,10,50,3,3,14,3913.530692946033
RL_Full,10,50,3,3,15,3913.530692946033
RL_Full,10,50,3,3,16,3913.530692946033
RL_Full,10,50,3,3,17,3913.530692946033
RL_Full,10,50,3,3,18,3913.530692946033
RL_Full,10,50,3,3,19,3913.530692946033
RL_Full,10,50,3,3,20,3913.530692946033
RL_Full,10,50,3,3,21,3913.530692946033
RL_Full,10,50,3,3,22,3913.530692946033
RL_Full,10,50,3,3,23,3913.530692946033
RL_Full,10,50,3,3,24,3913.530692946033
RL_Full,10,50,3,3,25,3913.530692946033
RL_Full,10,50,3,3,26,3913.530692946033
RL_Full,10,50,3,3,27,3913.530692946033
RL_Full,10,50,3,3,28,3913.530692946033
RL_Full,10,50,3,3,29,3913.530692946033
RL_Full,10,50,3,3,30,3913.530692946033
RL_Full,10,50,3,3,31,3913.530692946033
RL_Full,10,50,3,3,32,3913.530692946033
RL_Full,10,50,3,3,33,3453.722375264861
RL_Full,10,50,3,3,34,3453.722375264861
RL_Full,10,50,3,3,35,3453.722375264861
RL_Full,10,50,3,3,36,3453.722375264861
RL_Full,10,50,3,3,37,3116.5821615323607
RL_Full,10,50,3,3,38,3116.5821615323607
RL_Full,10,50,3,3,39,3116.5821615323607
RL_Full,10,50,3,3,40,3116.5821615323607
RL_Full,10,50,3,3,41,3116.5821615323607
RL_Full,10,50,3,3,42,3116.5821615323607
RL_Full,10,50,3,3,43,3116.5821615323607
RL_Full,10,50,3,3,44,3116.5821615323607
RL_Full,10,50,3,3,45,3116.5821615323607
RL_Full,10,50,3,3,46,3116.5821615323607
RL_Full,10,50,3,3,47,3116.5821615323607
RL_Full,10,50,3,3,48,3116.5821615323607
RL_Full,10,50,3,3,49,3116.5821615323607
RL_Full,10,50,3,3,50,3116.5821615323607
RL_Full,10,50,3,3,51,3116.5821615323607
RL_Full,10,50,3,3,52,3116.5821615323607
RL_Full,10,50,3,3,53,3116.5821615323607
RL_Full,10,50,3,3,54,3116.5821615323607
RL_Full,10,50,3,3,55,3116.091517180783
RL_Full,10,50,3,3,56,3116.091517180783
RL_Full,10,50,3,3,57,3116.091517180783
RL_Full,10,50,3,3,58,3116.091517180783
RL_Full,10,50,3,3,59,3116.082538053869
RL_Full,10,50,3,3,60,3116.082538053869
RL_Full,10,50,3,3,61,3116.082538053869
RL_Full,10,50,3,3,62,3116.082538053869
RL_Full,10,50,3,3,63,3116.082538053869
RL_Full,10,50,3,3,64,3116.082538053869
RL_Full,10,50,3,3,65,3116.082538053869
RL_Full,10,50,3,3,66,3116.082538053869
RL_Full,10,50,3,3,67,3116.082538053869
RL_Full,10,50,3,3,68,3116.082538053869
RL_Full,10,50,3,3,69,3116.082538053869
RL_Full,10,50,3,3,70,3116.082538053869
RL_Full,10,50,3,3,71,3116.082538053869
RL_Full,10,50,3,3,72,3116.082538053869
RL_Full,10,50,3,3,73,3116.082538053869
RL_Full,10,50,3,3,74,3116.082538053869
RL_Full,10,50,3,3,75,3116.082538053869
RL_Full,10,50,3,3,76,3116.082538053869
RL_Full,10,50,3,3,77,3116.082538053869
RL_Full,10,50,3,3,78,3116.082538053869
RL_Full,10,50,3,3,79,3116.082538053869
RL_Full,10,50,3,3,80,3116.082538053869
RL_Full,10,50,3,3,81,3116.082538053869
RL_Full,10,50,3,3,82,3116.082538053869
RL_Full,10,50,3,3,83,3116.082538053869
RL_Full,10,50,3,3,84,3116.082538053869
RL_Full,10,50,3,3,85,3116.082538053869
RL_Full,10,50,3,3,86,3116.082538053869
RL_Full,10,50,3,3,87,3116.082538053869
RL_Full,10,50,3,3,88,3116.082538053869
RL_Full,10,50,3,3,89,3116.082538053869
RL_Full,10,50,3,3,90,3116.082538053869
RL_Full,10,50,3,3,91,3116.082538053869
RL_Full,10,50,3,3,92,3116.082538053869
RL_Full,10,50,3,3,93,3116.082538053869
RL_Full,10,50,3,3,94,3116.082538053869
RL_Full,10,50,3,3,95,3116.082538053869
RL_Full,10,50,3,3,96,3116.082538053869
RL_Full,10,50,3,3,97,3116.082538053869
RL_Full,10,50,3,3,98,3116.082538053869
RL_Full,10,50,3,3,99,3116.082538053869
RL_Full,10,50,3,3,100,3116.082538053869
Random,10,50,3,4,1,inf
Random,10,50,3,4,2,inf
Random,10,50,3,4,3,inf
Random,10,50,3,4,4,inf
Random,10,50,3,4,5,inf
Random,10,50,3,4,6,inf
Random,10,50,3,4,7,5848.147895064505
Random,10,50,3,4,8,5848.147895064505
Random,10,50,3,4,9,5848.147895064505
Random,10,50,3,4,10,5848.147895064505
Random,10,50,3,4,11,5848.147895064505
Random,10,50,3,4,12,5848.147895064505
Random,10,50,3,4,13,5848.147895064505
Random,10,50,3,4,14,5848.147895064505
Random,10,50,3,4,15,5848.147895064505
Random,10,50,3,4,16,5848.147895064505
Random,10,50,3,4,17,5848.147895064505
Random,10,50,3,4,18,5848.147895064505
Random,10,50,3,4,19,5848.147895064505
Random,10,50,3,4,20,5848.147895064505
Random,10,50,3,4,21,5848.147895064505
Random,10,50,3,4,22,5848.147895064505
Random,10,50,3,4,23,5848.147895064505
Random,10,50,3,4,24,5848.147895064505
Random,10,50,3,4,25,5848.147895064505
Random,10,50,3,4,26,5848.147895064505
Random,10,50,3,4,27,5848.147895064505
Random,10,50,3,4,28,5848.147895064505
Random,10,50,3,4,29,5848.147895064505
Random,10,50,3,4,30,5848.147895064505
Random,10,50,3,4,31,5848.147895064505
Random,10,50,3,4,32,5848.147895064505
Random,10,50,3,4,33,5655.724072606776
Random,10,50,3,4,34,5655.724072606776
Random,10,50,3,4,35,5655.724072606776
Random,10,50,3,4,36,4798.271550631039
Random,10,50,3,4,37,4798.271550631039
Random,10,50,3,4,38,4798.271550631039
Random,10,50,3,4,39,4798.271550631039
Random,10,50,3,4,40,4798.271550631039
Random,10,50,3,4,41,4798.271550631039
Random,10,50,3,4,42,4798.271550631039
Random,10,50,3,4,43,4798.271550631039
Random,10,50,3,4,44,4798.271550631039
Random,10,50,3,4,45,4798.271550631039
Random,10,50,3,4,46,4798.271550631039
Random,10,50,3,4,47,4798.271550631039
Random,10,50,3,4,48,2547.3439570856763
Random,10,50,3,4,49,2547.3439570856763
Random,10,50,3,4,50,2547.3439570856763
Random,10,50,3,4,51,2547.3439570856763
Random,10,50,3,4,52,2547.3439570856763
Random,10,50,3,4,53,2547.3439570856763
Random,10,50,3,4,54,2547.3439570856763
Random,10,50,3,4,55,2547.3439570856763
Random,10,50,3,4,56,2547.3439570856763
Random,10,50,3,4,57,2547.3439570856763
Random,10,50,3,4,58,2547.3439570856763
Random,10,50,3,4,59,2547.3439570856763
Random,10,50,3,4,60,2547.3439570856763
Random,10,50,3,4,61,2547.3439570856763
Random,10,50,3,4,62,2547.3439570856763
Random,10,50,3,4,63,2547.3439570856763
Random,10,50,3,4,64,2547.3439570856763
Random,10,50,3,4,65,2547.3439570856763
Random,10,50,3,4,66,2547.3439570856763
Random,10,50,3,4,67,2547.3439570856763
Random,10,50,3,4,68,2547.3439570856763
Random,10,50,3,4,69,2547.3439570856763
Random,10,50,3,4,70,2547.3439570856763
Random,10,50,3,4,71,2547.3439570856763
Random,10,50,3,4,72,2547.3439570856763
Random,10,50,3,4,73,2547.3439570856763
Random,10,50,3,4,74,2547.3439570856763
Random,10,50,3,4,75,2547.3439570856763
Random,10,50,3,4,76,2547.3439570856763
Random,10,50,3,4,77,2547.3439570856763
Random,10,50,3,4,78,2547.3439570856763
Random,10,50,3,4,79,2547.3439570856763
Random,10,50,3,4,80,2547.3439570856763
Random,10,50,3,4,81,2547.3439570856763
Random,10,50,3,4,82,2547.3439570856763
Random,10,50,3,4,83,2547.3439570856763
Random,10,50,3,4,84,2547.3439570856763
Random,10,50,3,4,85,2547.3439570856763
Random,10,50,3,4,86,2547.3439570856763
Random,10,50,3,4,87,2547.3439570856763
Random,10,50,3,4,88,2547.3439570856763
Random,10,50,3,4,89,2547.3439570856763
Random,10,50,3,4,90,2547.3439570856763
Random,10,50,3,4,91,2547.3439570856763
Random,10,50,3,4,92,2547.3439570856763
Random,10,50,3,4,93,2547.3439570856763
Random,10,50,3,4,94,2547.3439570856763
Random,10,50,3,4,95,2547.3439570856763
Random,10,50,3,4,96,2547.3439570856763
Random,10,50,3,4,97,2547.3439570856763
Random,10,50,3,4,98,2547.3439570856763
Random,10,50,3,4,99,2547.3439570856763
Random,10,50,3,4,100,2547.3439570856763
qLogEI,10,50,3,4,1,inf
qLogEI,10,50,3,4,2,inf
qLogEI,10,50,3,4,3,inf
qLogEI,10,50,3,4,4,inf
qLogEI,10,50,3,4,5,inf
qLogEI,10,50,3,4,6,inf
qLogEI,10,50,3,4,7,5848.147895064505
qLogEI,10,50,3,4,8,5848.147895064505
qLogEI,10,50,3,4,9,5848.147895064505
qLogEI,10,50,3,4,10,5848.147895064505
qLogEI,10,50,3,4,11,5848.147895064505
qLogEI,10,50,3,4,12,5848.147895064505
qLogEI,10,50,3,4,13,5848.147895064505
qLogEI,10,50,3,4,14,5848.147895064505
qLogEI,10,50,3,4,15,5848.147895064505
qLogEI,10,50,3,4,16,5848.147895064505
qLogEI,10,50,3,4,17,5848.147895064505
qLogEI,10,50,3,4,18,5848.147895064505
qLogEI,10,50,3,4,19,5848.147895064505
qLogEI,10,50,3,4,20,5848.147895064505
qLogEI,10,50,3,4,21,5848.147895064505
qLogEI,10,50,3,4,22,5848.147895064505
qLogEI,10,50,3,4,23,5848.147895064505
qLogEI,10,50,3,4,24,5848.147895064505
qLogEI,10,50,3,4,25,5848.147895064505
qLogEI,10,50,3,4,26,5848.147895064505
qLogEI,10,50,3,4,27,5848.147895064505
qLogEI,10,50,3,4,28,5848.147895064505
qLogEI,10,50,3,4,29,5848.147895064505
qLogEI,10,50,3,4,30,5848.147895064505
qLogEI,10,50,3,4,31,5848.147895064505
qLogEI,10,50,3,4,32,5848.147895064505
qLogEI,10,50,3,4,33,5848.147895064505
qLogEI,10,50,3,4,34,5848.147895064505
qLogEI,10,50,3,4,35,5848.147895064505
qLogEI,10,50,3,4,36,5848.147895064505
qLogEI,10,50,3,4,37,5848.147895064505
qLogEI,10,50,3,4,38,5848.147895064505
qLogEI,10,50,3,4,39,5848.147895064505
qLogEI,10,50,3,4,40,5848.147895064505
qLogEI,10,50,3,4,41,5848.147895064505
qLogEI,10,50,3,4,42,5848.147895064505
qLogEI,10,50,3,4,43,5848.147895064505
qLogEI,10,50,3,4,44,5848.147895064505
qLogEI,10,50,3,4,45,5848.147895064505
qLogEI,10,50,3,4,46,5848.147895064505
qLogEI,10,50,3,4,47,5848.147895064505
qLogEI,10,50,3,4,48,1879.7029952781572
qLogEI,10,50,3,4,49,1879.7029952781572
qLogEI,10,50,3,4,50,1879.7029952781572
qLogEI,10,50,3,4,51,1879.7029952781572
qLogEI,10,50,3,4,52,1879.7029952781572
qLogEI,10,50,3,4,53,1879.7029952781572
qLogEI,10,50,3,4,54,1879.7029952781572
qLogEI,10,50,3,4,55,1879.7029952781572
qLogEI,10,50,3,4,56,1879.7029952781572
qLogEI,10,50,3,4,57,1879.7029952781572
qLogEI,10,50,3,4,58,1879.7029952781572
qLogEI,10,50,3,4,59,1879.7029952781572
qLogEI,10,50,3,4,60,1879.7029952781572
qLogEI,10,50,3,4,61,1879.7029952781572
qLogEI,10,50,3,4,62,1879.7029952781572
qLogEI,10,50,3,4,63,1879.7029952781572
qLogEI,10,50,3,4,64,1879.7029952781572
qLogEI,10,50,3,4,65,1879.7029952781572
qLogEI,10,50,3,4,66,1879.7029952781572
qLogEI,10,50,3,4,67,1879.7029952781572
qLogEI,10,50,3,4,68,1879.7029952781572
qLogEI,10,50,3,4,69,1879.7029952781572
qLogEI,10,50,3,4,70,1879.7029952781572
qLogEI,10,50,3,4,71,1879.7029952781572
qLogEI,10,50,3,4,72,1879.7029952781572
qLogEI,10,50,3,4,73,1879.7029952781572
qLogEI,10,50,3,4,74,1879.7029952781572
qLogEI,10,50,3,4,75,1879.7029952781572
qLogEI,10,50,3,4,76,1879.7029952781572
qLogEI,10,50,3,4,77,1879.7029952781572
qLogEI,10,50,3,4,78,1619.8930564885386
qLogEI,10,50,3,4,79,1619.8930564885386
qLogEI,10,50,3,4,80,1619.8930564885386
qLogEI,10,50,3,4,81,1619.8930564885386
qLogEI,10,50,3,4,82,1545.133140181074
qLogEI,10,50,3,4,83,1545.133140181074
qLogEI,10,50,3,4,84,1545.133140181074
qLogEI,10,50,3,4,85,1545.133140181074
qLogEI,10,50,3,4,86,1545.133140181074
qLogEI,10,50,3,4,87,1545.133140181074
qLogEI,10,50,3,4,88,1499.6152745419768
qLogEI,10,50,3,4,89,1499.6152745419768
qLogEI,10,50,3,4,90,1499.6152745419768
qLogEI,10,50,3,4,91,1499.6152745419768
qLogEI,10,50,3,4,92,1499.6152745419768
qLogEI,10,50,3,4,93,1499.6152745419768
qLogEI,10,50,3,4,94,1499.6152745419768
qLogEI,10,50,3,4,95,1499.6152745419768
qLogEI,10,50,3,4,96,1499.6152745419768
qLogEI,10,50,3,4,97,1499.6152745419768
qLogEI,10,50,3,4,98,1499.6152745419768
qLogEI,10,50,3,4,99,1499.6152745419768
qLogEI,10,50,3,4,100,1499.6152745419768
RL_Full,10,50,3,4,1,inf
RL_Full,10,50,3,4,2,inf
RL_Full,10,50,3,4,3,inf
RL_Full,10,50,3,4,4,inf
RL_Full,10,50,3,4,5,inf
RL_Full,10,50,3,4,6,inf
RL_Full,10,50,3,4,7,5848.147895064505
RL_Full,10,50,3,4,8,5848.147895064505
RL_Full,10,50,3,4,9,5848.147895064505
RL_Full,10,50,3,4,10,5848.147895064505
RL_Full,10,50,3,4,11,5848.147895064505
RL_Full,10,50,3,4,12,5848.147895064505
RL_Full,10,50,3,4,13,5848.147895064505
RL_Full,10,50,3,4,14,5848.147895064505
RL_Full,10,50,3,4,15,5848.147895064505
RL_Full,10,50,3,4,16,5848.147895064505
RL_Full,10,50,3,4,17,5848.147895064505
RL_Full,10,50,3,4,18,5848.147895064505
RL_Full,10,50,3,4,19,5848.147895064505
RL_Full,10,50,3,4,20,5848.147895064505
RL_Full,10,50,3,4,21,5848.147895064505
RL_Full,10,50,3,4,22,5848.147895064505
RL_Full,10,50,3,4,23,5848.147895064505
RL_Full,10,50,3,4,24,5848.147895064505
RL_Full,10,50,3,4,25,5848.147895064505
RL_Full,10,50,3,4,26,5848.147895064505
RL_Full,10,50,3,4,27,3687.850698921609
RL_Full,10,50,3,4,28,3687.850698921609
RL_Full,10,50,3,4,29,3687.850698921609
RL_Full,10,50,3,4,30,3687.850698921609
RL_Full,10,50,3,4,31,3687.850698921609
RL_Full,10,50,3,4,32,3687.850698921609
RL_Full,10,50,3,4,33,3687.850698921609
RL_Full,10,50,3,4,34,3687.850698921609
RL_Full,10,50,3,4,35,3687.850698921609
RL_Full,10,50,3,4,36,3687.850698921609
RL_Full,10,50,3,4,37,3687.850698921609
RL_Full,10,50,3,4,38,3687.850698921609
RL_Full,10,50,3,4,39,3687.850698921609
RL_Full,10,50,3,4,40,3687.850698921609
RL_Full,10,50,3,4,41,3687.850698921609
RL_Full,10,50,3,4,42,3687.850698921609
RL_Full,10,50,3,4,43,3687.850698921609
RL_Full,10,50,3,4,44,3687.850698921609
RL_Full,10,50,3,4,45,3687.850698921609
RL_Full,10,50,3,4,46,3687.850698921609
RL_Full,10,50,3,4,47,3687.850698921609
RL_Full,10,50,3,4,48,3687.850698921609
RL_Full,10,50,3,4,49,3687.850698921609
RL_Full,10,50,3,4,50,3687.850698921609
RL_Full,10,50,3,4,51,3687.850698921609
RL_Full,10,50,3,4,52,3687.850698921609
RL_Full,10,50,3,4,53,3687.850698921609
RL_Full,10,50,3,4,54,3687.850698921609
RL_Full,10,50,3,4,55,3687.850698921609
RL_Full,10,50,3,4,56,3687.850698921609
RL_Full,10,50,3,4,57,3687.850698921609
RL_Full,10,50,3,4,58,3687.850698921609
RL_Full,10,50,3,4,59,3687.850698921609
RL_Full,10,50,3,4,60,3687.850698921609
RL_Full,10,50,3,4,61,3687.850698921609
RL_Full,10,50,3,4,62,3687.850698921609
RL_Full,10,50,3,4,63,3687.850698921609
RL_Full,10,50,3,4,64,3687.850698921609
RL_Full,10,50,3,4,65,3687.850698921609
RL_Full,10,50,3,4,66,3687.850698921609
RL_Full,10,50,3,4,67,3687.850698921609
RL_Full,10,50,3,4,68,3687.850698921609
RL_Full,10,50,3,4,69,3687.850698921609
RL_Full,10,50,3,4,70,3687.850698921609
RL_Full,10,50,3,4,71,3602.031271856069
RL_Full,10,50,3,4,72,3602.031271856069
RL_Full,10,50,3,4,73,3602.031271856069
RL_Full,10,50,3,4,74,3602.031271856069
RL_Full,10,50,3,4,75,3602.031271856069
RL_Full,10,50,3,4,76,3602.031271856069
RL_Full,10,50,3,4,77,3602.031271856069
RL_Full,10,50,3,4,78,3602.031271856069
RL_Full,10,50,3,4,79,3602.031271856069
RL_Full,10,50,3,4,80,3602.031271856069
RL_Full,10,50,3,4,81,3602.031271856069
RL_Full,10,50,3,4,82,3602.031271856069
RL_Full,10,50,3,4,83,3602.031271856069
RL_Full,10,50,3,4,84,3602.031271856069
RL_Full,10,50,3,4,85,3602.031271856069
RL_Full,10,50,3,4,86,3602.031271856069
RL_Full,10,50,3,4,87,3602.031271856069
RL_Full,10,50,3,4,88,3602.031271856069
RL_Full,10,50,3,4,89,3602.031271856069
RL_Full,10,50,3,4,90,3602.031271856069
RL_Full,10,50,3,4,91,3602.031271856069
RL_Full,10,50,3,4,92,3602.031271856069
RL_Full,10,50,3,4,93,3602.031271856069
RL_Full,10,50,3,4,94,3602.031271856069
RL_Full,10,50,3,4,95,3602.031271856069
RL_Full,10,50,3,4,96,3602.031271856069
RL_Full,10,50,3,4,97,3602.031271856069
RL_Full,10,50,3,4,98,3602.031271856069
RL_Full,10,50,3,4,99,3602.031271856069
RL_Full,10,50,3,4,100,3602.031271856069
Random,10,52,1,0,1,inf
Random,10,52,1,0,2,inf
Random,10,52,1,0,3,inf
Random,10,52,1,0,4,inf
Random,10,52,1,0,5,inf
Random,10,52,1,0,6,inf
Random,10,52,1,0,7,inf
Random,10,52,1,0,8,inf
Random,10,52,1,0,9,inf
Random,10,52,1,0,10,inf
Random,10,52,1,0,11,inf
Random,10,52,1,0,12,inf
Random,10,52,1,0,13,inf
Random,10,52,1,0,14,inf
Random,10,52,1,0,15,inf
Random,10,52,1,0,16,inf
Random,10,52,1,0,17,inf
Random,10,52,1,0,18,inf
Random,10,52,1,0,19,inf
Random,10,52,1,0,20,inf
Random,10,52,1,0,21,inf
Random,10,52,1,0,22,inf
Random,10,52,1,0,23,inf
Random,10,52,1,0,24,inf
Random,10,52,1,0,25,inf
Random,10,52,1,0,26,inf
Random,10,52,1,0,27,inf
Random,10,52,1,0,28,inf
Random,10,52,1,0,29,inf
Random,10,52,1,0,30,inf
Random,10,52,1,0,31,inf
Random,10,52,1,0,32,inf
Random,10,52,1,0,33,inf
Random,10,52,1,0,34,inf
Random,10,52,1,0,35,inf
Random,10,52,1,0,36,inf
Random,10,52,1,0,37,inf
Random,10,52,1,0,38,inf
Random,10,52,1,0,39,inf
Random,10,52,1,0,40,inf
Random,10,52,1,0,41,inf
Random,10,52,1,0,42,inf
Random,10,52,1,0,43,inf
Random,10,52,1,0,44,inf
Random,10,52,1,0,45,inf
Random,10,52,1,0,46,inf
Random,10,52,1,0,47,inf
Random,10,52,1,0,48,inf
Random,10,52,1,0,49,inf
Random,10,52,1,0,50,inf
Random,10,52,1,0,51,inf
Random,10,52,1,0,52,inf
Random,10,52,1,0,53,inf
Random,10,52,1,0,54,inf
Random,10,52,1,0,55,inf
Random,10,52,1,0,56,inf
Random,10,52,1,0,57,inf
Random,10,52,1,0,58,inf
Random,10,52,1,0,59,inf
Random,10,52,1,0,60,inf
Random,10,52,1,0,61,inf
Random,10,52,1,0,62,inf
Random,10,52,1,0,63,inf
Random,10,52,1,0,64,inf
Random,10,52,1,0,65,inf
Random,10,52,1,0,66,inf
Random,10,52,1,0,67,inf
Random,10,52,1,0,68,inf
Random,10,52,1,0,69,inf
Random,10,52,1,0,70,inf
Random,10,52,1,0,71,inf
Random,10,52,1,0,72,inf
Random,10,52,1,0,73,inf
Random,10,52,1,0,74,inf
Random,10,52,1,0,75,inf
Random,10,52,1,0,76,inf
Random,10,52,1,0,77,inf
Random,10,52,1,0,78,inf
Random,10,52,1,0,79,inf
Random,10,52,1,0,80,inf
Random,10,52,1,0,81,inf
Random,10,52,1,0,82,inf
Random,10,52,1,0,83,inf
Random,10,52,1,0,84,inf
Random,10,52,1,0,85,inf
Random,10,52,1,0,86,inf
Random,10,52,1,0,87,inf
Random,10,52,1,0,88,inf
Random,10,52,1,0,89,inf
Random,10,52,1,0,90,inf
Random,10,52,1,0,91,inf
Random,10,52,1,0,92,inf
Random,10,52,1,0,93,inf
Random,10,52,1,0,94,inf
Random,10,52,1,0,95,inf
Random,10,52,1,0,96,inf
Random,10,52,1,0,97,inf
Random,10,52,1,0,98,inf
Random,10,52,1,0,99,inf
Random,10,52,1,0,100,inf
qLogEI,10,52,1,0,1,inf
qLogEI,10,52,1,0,2,inf
qLogEI,10,52,1,0,3,inf
qLogEI,10,52,1,0,4,inf
qLogEI,10,52,1,0,5,inf
qLogEI,10,52,1,0,6,inf
qLogEI,10,52,1,0,7,inf
qLogEI,10,52,1,0,8,inf
qLogEI,10,52,1,0,9,inf
qLogEI,10,52,1,0,10,inf
qLogEI,10,52,1,0,11,inf
qLogEI,10,52,1,0,12,inf
qLogEI,10,52,1,0,13,inf
qLogEI,10,52,1,0,14,inf
qLogEI,10,52,1,0,15,inf
qLogEI,10,52,1,0,16,inf
qLogEI,10,52,1,0,17,inf
qLogEI,10,52,1,0,18,inf
qLogEI,10,52,1,0,19,inf
qLogEI,10,52,1,0,20,inf
qLogEI,10,52,1,0,21,inf
qLogEI,10,52,1,0,22,inf
qLogEI,10,52,1,0,23,inf
qLogEI,10,52,1,0,24,inf
qLogEI,10,52,1,0,25,inf
qLogEI,10,52,1,0,26,inf
qLogEI,10,52,1,0,27,inf
qLogEI,10,52,1,0,28,inf
qLogEI,10,52,1,0,29,inf
qLogEI,10,52,1,0,30,inf
qLogEI,10,52,1,0,31,inf
qLogEI,10,52,1,0,32,inf
qLogEI,10,52,1,0,33,inf
qLogEI,10,52,1,0,34,inf
qLogEI,10,52,1,0,35,inf
qLogEI,10,52,1,0,36,inf
qLogEI,10,52,1,0,37,inf
qLogEI,10,52,1,0,38,inf
qLogEI,10,52,1,0,39,inf
qLogEI,10,52,1,0,40,inf
qLogEI,10,52,1,0,41,inf
qLogEI,10,52,1,0,42,inf
qLogEI,10,52,1,0,43,inf
qLogEI,10,52,1,0,44,inf
qLogEI,10,52,1,0,45,inf
qLogEI,10,52,1,0,46,inf
qLogEI,10,52,1,0,47,inf
qLogEI,10,52,1,0,48,inf
qLogEI,10,52,1,0,49,inf
qLogEI,10,52,1,0,50,inf
qLogEI,10,52,1,0,51,inf
qLogEI,10,52,1,0,52,inf
qLogEI,10,52,1,0,53,inf
qLogEI,10,52,1,0,54,inf
qLogEI,10,52,1,0,55,inf
qLogEI,10,52,1,0,56,inf
qLogEI,10,52,1,0,57,inf
qLogEI,10,52,1,0,58,inf
qLogEI,10,52,1,0,59,inf
qLogEI,10,52,1,0,60,inf
qLogEI,10,52,1,0,61,inf
qLogEI,10,52,1,0,62,inf
qLogEI,10,52,1,0,63,inf
qLogEI,10,52,1,0,64,inf
qLogEI,10,52,1,0,65,inf
qLogEI,10,52,1,0,66,inf
qLogEI,10,52,1,0,67,inf
qLogEI,10,52,1,0,68,inf
qLogEI,10,52,1,0,69,inf
qLogEI,10,52,1,0,70,inf
qLogEI,10,52,1,0,71,inf
qLogEI,10,52,1,0,72,inf
qLogEI,10,52,1,0,73,inf
qLogEI,10,52,1,0,74,inf
qLogEI,10,52,1,0,75,inf
qLogEI,10,52,1,0,76,inf
qLogEI,10,52,1,0,77,inf
qLogEI,10,52,1,0,78,inf
qLogEI,10,52,1,0,79,inf
qLogEI,10,52,1,0,80,inf
qLogEI,10,52,1,0,81,inf
qLogEI,10,52,1,0,82,inf
qLogEI,10,52,1,0,83,inf
qLogEI,10,52,1,0,84,inf
qLogEI,10,52,1,0,85,inf
qLogEI,10,52,1,0,86,inf
qLogEI,10,52,1,0,87,inf
qLogEI,10,52,1,0,88,inf
qLogEI,10,52,1,0,89,inf
qLogEI,10,52,1,0,90,inf
qLogEI,10,52,1,0,91,inf
qLogEI,10,52,1,0,92,inf
qLogEI,10,52,1,0,93,inf
qLogEI,10,52,1,0,94,inf
qLogEI,10,52,1,0,95,inf
qLogEI,10,52,1,0,96,inf
qLogEI,10,52,1,0,97,inf
qLogEI,10,52,1,0,98,inf
qLogEI,10,52,1,0,99,inf
qLogEI,10,52,1,0,100,inf
RL_Full,10,52,1,0,1,inf
RL_Full,10,52,1,0,2,inf
RL_Full,10,52,1,0,3,inf
RL_Full,10,52,1,0,4,inf
RL_Full,10,52,1,0,5,inf
RL_Full,10,52,1,0,6,inf
RL_Full,10,52,1,0,7,inf
RL_Full,10,52,1,0,8,inf
RL_Full,10,52,1,0,9,inf
RL_Full,10,52,1,0,10,inf
RL_Full,10,52,1,0,11,inf
RL_Full,10,52,1,0,12,inf
RL_Full,10,52,1,0,13,inf
RL_Full,10,52,1,0,14,inf
RL_Full,10,52,1,0,15,inf
RL_Full,10,52,1,0,16,inf
RL_Full,10,52,1,0,17,inf
RL_Full,10,52,1,0,18,inf
RL_Full,10,52,1,0,19,inf
RL_Full,10,52,1,0,20,inf
RL_Full,10,52,1,0,21,inf
RL_Full,10,52,1,0,22,inf
RL_Full,10,52,1,0,23,inf
RL_Full,10,52,1,0,24,inf
RL_Full,10,52,1,0,25,inf
RL_Full,10,52,1,0,26,inf
RL_Full,10,52,1,0,27,inf
RL_Full,10,52,1,0,28,inf
RL_Full,10,52,1,0,29,inf
RL_Full,10,52,1,0,30,inf
RL_Full,10,52,1,0,31,inf
RL_Full,10,52,1,0,32,inf
RL_Full,10,52,1,0,33,inf
RL_Full,10,52,1,0,34,inf
RL_Full,10,52,1,0,35,inf
RL_Full,10,52,1,0,36,inf
RL_Full,10,52,1,0,37,inf
RL_Full,10,52,1,0,38,inf
RL_Full,10,52,1,0,39,inf
RL_Full,10,52,1,0,40,inf
RL_Full,10,52,1,0,41,inf
RL_Full,10,52,1,0,42,inf
RL_Full,10,52,1,0,43,inf
RL_Full,10,52,1,0,44,inf
RL_Full,10,52,1,0,45,inf
RL_Full,10,52,1,0,46,inf
RL_Full,10,52,1,0,47,inf
RL_Full,10,52,1,0,48,inf
RL_Full,10,52,1,0,49,inf
RL_Full,10,52,1,0,50,inf
RL_Full,10,52,1,0,51,inf
RL_Full,10,52,1,0,52,inf
RL_Full,10,52,1,0,53,inf
RL_Full,10,52,1,0,54,inf
RL_Full,10,52,1,0,55,inf
RL_Full,10,52,1,0,56,inf
RL_Full,10,52,1,0,57,inf
RL_Full,10,52,1,0,58,inf
RL_Full,10,52,1,0,59,inf
RL_Full,10,52,1,0,60,inf
RL_Full,10,52,1,0,61,inf
RL_Full,10,52,1,0,62,inf
RL_Full,10,52,1,0,63,inf
RL_Full,10,52,1,0,64,inf
RL_Full,10,52,1,0,65,inf
RL_Full,10,52,1,0,66,inf
RL_Full,10,52,1,0,67,inf
RL_Full,10,52,1,0,68,inf
RL_Full,10,52,1,0,69,inf
RL_Full,10,52,1,0,70,inf
RL_Full,10,52,1,0,71,inf
RL_Full,10,52,1,0,72,inf
RL_Full,10,52,1,0,73,inf
RL_Full,10,52,1,0,74,inf
RL_Full,10,52,1,0,75,inf
RL_Full,10,52,1,0,76,inf
RL_Full,10,52,1,0,77,inf
RL_Full,10,52,1,0,78,inf
RL_Full,10,52,1,0,79,inf
RL_Full,10,52,1,0,80,inf
RL_Full,10,52,1,0,81,inf
RL_Full,10,52,1,0,82,inf
RL_Full,10,52,1,0,83,inf
RL_Full,10,52,1,0,84,inf
RL_Full,10,52,1,0,85,inf
RL_Full,10,52,1,0,86,inf
RL_Full,10,52,1,0,87,inf
RL_Full,10,52,1,0,88,inf
RL_Full,10,52,1,0,89,inf
RL_Full,10,52,1,0,90,inf
RL_Full,10,52,1,0,91,inf
RL_Full,10,52,1,0,92,inf
RL_Full,10,52,1,0,93,inf
RL_Full,10,52,1,0,94,inf
RL_Full,10,52,1,0,95,inf
RL_Full,10,52,1,0,96,inf
RL_Full,10,52,1,0,97,inf
RL_Full,10,52,1,0,98,inf
RL_Full,10,52,1,0,99,inf
RL_Full,10,52,1,0,100,inf
Random,10,52,1,1,1,inf
Random,10,52,1,1,2,inf
Random,10,52,1,1,3,inf
Random,10,52,1,1,4,inf
Random,10,52,1,1,5,inf
Random,10,52,1,1,6,inf
Random,10,52,1,1,7,inf
Random,10,52,1,1,8,inf
Random,10,52,1,1,9,inf
Random,10,52,1,1,10,inf
Random,10,52,1,1,11,inf
Random,10,52,1,1,12,inf
Random,10,52,1,1,13,inf
Random,10,52,1,1,14,inf
Random,10,52,1,1,15,inf
Random,10,52,1,1,16,inf
Random,10,52,1,1,17,inf
Random,10,52,1,1,18,inf
Random,10,52,1,1,19,inf
Random,10,52,1,1,20,inf
Random,10,52,1,1,21,inf
Random,10,52,1,1,22,inf
Random,10,52,1,1,23,inf
Random,10,52,1,1,24,inf
Random,10,52,1,1,25,inf
Random,10,52,1,1,26,inf
Random,10,52,1,1,27,inf
Random,10,52,1,1,28,inf
Random,10,52,1,1,29,inf
Random,10,52,1,1,30,inf
Random,10,52,1,1,31,inf
Random,10,52,1,1,32,inf
Random,10,52,1,1,33,inf
Random,10,52,1,1,34,inf
Random,10,52,1,1,35,inf
Random,10,52,1,1,36,inf
Random,10,52,1,1,37,inf
Random,10,52,1,1,38,inf
Random,10,52,1,1,39,inf
Random,10,52,1,1,40,inf
Random,10,52,1,1,41,inf
Random,10,52,1,1,42,inf
Random,10,52,1,1,43,inf
Random,10,52,1,1,44,inf
Random,10,52,1,1,45,inf
Random,10,52,1,1,46,inf
Random,10,52,1,1,47,inf
Random,10,52,1,1,48,inf
Random,10,52,1,1,49,inf
Random,10,52,1,1,50,inf
Random,10,52,1,1,51,inf
Random,10,52,1,1,52,inf
Random,10,52,1,1,53,inf
Random,10,52,1,1,54,inf
Random,10,52,1,1,55,inf
Random,10,52,1,1,56,inf
Random,10,52,1,1,57,inf
Random,10,52,1,1,58,inf
Random,10,52,1,1,59,inf
Random,10,52,1,1,60,inf
Random,10,52,1,1,61,inf
Random,10,52,1,1,62,inf
Random,10,52,1,1,63,inf
Random,10,52,1,1,64,inf
Random,10,52,1,1,65,inf
Random,10,52,1,1,66,inf
Random,10,52,1,1,67,inf
Random,10,52,1,1,68,inf
Random,10,52,1,1,69,inf
Random,10,52,1,1,70,inf
Random,10,52,1,1,71,inf
Random,10,52,1,1,72,inf
Random,10,52,1,1,73,inf
Random,10,52,1,1,74,inf
Random,10,52,1,1,75,inf
Random,10,52,1,1,76,inf
Random,10,52,1,1,77,inf
Random,10,52,1,1,78,inf
Random,10,52,1,1,79,inf
Random,10,52,1,1,80,inf
Random,10,52,1,1,81,inf
Random,10,52,1,1,82,inf
Random,10,52,1,1,83,inf
Random,10,52,1,1,84,inf
Random,10,52,1,1,85,inf
Random,10,52,1,1,86,inf
Random,10,52,1,1,87,inf
Random,10,52,1,1,88,inf
Random,10,52,1,1,89,inf
Random,10,52,1,1,90,inf
Random,10,52,1,1,91,inf
Random,10,52,1,1,92,inf
Random,10,52,1,1,93,inf
Random,10,52,1,1,94,inf
Random,10,52,1,1,95,inf
Random,10,52,1,1,96,inf
Random,10,52,1,1,97,inf
Random,10,52,1,1,98,inf
Random,10,52,1,1,99,inf
Random,10,52,1,1,100,inf
qLogEI,10,52,1,1,1,inf
qLogEI,10,52,1,1,2,inf
qLogEI,10,52,1,1,3,inf
qLogEI,10,52,1,1,4,inf
qLogEI,10,52,1,1,5,inf
qLogEI,10,52,1,1,6,inf
qLogEI,10,52,1,1,7,inf
qLogEI,10,52,1,1,8,inf
qLogEI,10,52,1,1,9,inf
qLogEI,10,52,1,1,10,inf
qLogEI,10,52,1,1,11,inf
qLogEI,10,52,1,1,12,inf
qLogEI,10,52,1,1,13,inf
qLogEI,10,52,1,1,14,inf
qLogEI,10,52,1,1,15,inf
qLogEI,10,52,1,1,16,inf
qLogEI,10,52,1,1,17,inf
qLogEI,10,52,1,1,18,inf
qLogEI,10,52,1,1,19,inf
qLogEI,10,52,1,1,20,inf
qLogEI,10,52,1,1,21,inf
qLogEI,10,52,1,1,22,inf
qLogEI,10,52,1,1,23,inf
qLogEI,10,52,1,1,24,inf
qLogEI,10,52,1,1,25,inf
qLogEI,10,52,1,1,26,inf
qLogEI,10,52,1,1,27,inf
qLogEI,10,52,1,1,28,inf
qLogEI,10,52,1,1,29,inf
qLogEI,10,52,1,1,30,inf
qLogEI,10,52,1,1,31,inf
qLogEI,10,52,1,1,32,inf
qLogEI,10,52,1,1,33,inf
qLogEI,10,52,1,1,34,inf
qLogEI,10,52,1,1,35,inf
qLogEI,10,52,1,1,36,inf
qLogEI,10,52,1,1,37,inf
qLogEI,10,52,1,1,38,inf
qLogEI,10,52,1,1,39,inf
qLogEI,10,52,1,1,40,inf
qLogEI,10,52,1,1,41,inf
qLogEI,10,52,1,1,42,inf
qLogEI,10,52,1,1,43,inf
qLogEI,10,52,1,1,44,inf
qLogEI,10,52,1,1,45,inf
qLogEI,10,52,1,1,46,inf
qLogEI,10,52,1,1,47,inf
qLogEI,10,52,1,1,48,inf
qLogEI,10,52,1,1,49,inf
qLogEI,10,52,1,1,50,inf
qLogEI,10,52,1,1,51,inf
qLogEI,10,52,1,1,52,inf
qLogEI,10,52,1,1,53,inf
qLogEI,10,52,1,1,54,inf
qLogEI,10,52,1,1,55,inf
qLogEI,10,52,1,1,56,inf
qLogEI,10,52,1,1,57,inf
qLogEI,10,52,1,1,58,inf
qLogEI,10,52,1,1,59,inf
qLogEI,10,52,1,1,60,inf
qLogEI,10,52,1,1,61,inf
qLogEI,10,52,1,1,62,inf
qLogEI,10,52,1,1,63,inf
qLogEI,10,52,1,1,64,inf
qLogEI,10,52,1,1,65,inf
qLogEI,10,52,1,1,66,inf
qLogEI,10,52,1,1,67,inf
qLogEI,10,52,1,1,68,inf
qLogEI,10,52,1,1,69,inf
qLogEI,10,52,1,1,70,inf
qLogEI,10,52,1,1,71,inf
qLogEI,10,52,1,1,72,inf
qLogEI,10,52,1,1,73,inf
qLogEI,10,52,1,1,74,inf
qLogEI,10,52,1,1,75,inf
qLogEI,10,52,1,1,76,inf
qLogEI,10,52,1,1,77,inf
qLogEI,10,52,1,1,78,inf
qLogEI,10,52,1,1,79,inf
qLogEI,10,52,1,1,80,inf
qLogEI,10,52,1,1,81,inf
qLogEI,10,52,1,1,82,inf
qLogEI,10,52,1,1,83,inf
qLogEI,10,52,1,1,84,inf
qLogEI,10,52,1,1,85,inf
qLogEI,10,52,1,1,86,inf
qLogEI,10,52,1,1,87,inf
qLogEI,10,52,1,1,88,inf
qLogEI,10,52,1,1,89,inf
qLogEI,10,52,1,1,90,inf
qLogEI,10,52,1,1,91,inf
qLogEI,10,52,1,1,92,inf
qLogEI,10,52,1,1,93,inf
qLogEI,10,52,1,1,94,inf
qLogEI,10,52,1,1,95,inf
qLogEI,10,52,1,1,96,inf
qLogEI,10,52,1,1,97,inf
qLogEI,10,52,1,1,98,inf
qLogEI,10,52,1,1,99,inf
qLogEI,10,52,1,1,100,inf
RL_Full,10,52,1,1,1,inf
RL_Full,10,52,1,1,2,inf
RL_Full,10,52,1,1,3,inf
RL_Full,10,52,1,1,4,inf
RL_Full,10,52,1,1,5,inf
RL_Full,10,52,1,1,6,inf
RL_Full,10,52,1,1,7,inf
RL_Full,10,52,1,1,8,inf
RL_Full,10,52,1,1,9,inf
RL_Full,10,52,1,1,10,inf
RL_Full,10,52,1,1,11,inf
RL_Full,10,52,1,1,12,inf
RL_Full,10,52,1,1,13,inf
RL_Full,10,52,1,1,14,inf
RL_Full,10,52,1,1,15,inf
RL_Full,10,52,1,1,16,inf
RL_Full,10,52,1,1,17,inf
RL_Full,10,52,1,1,18,inf
RL_Full,10,52,1,1,19,inf
RL_Full,10,52,1,1,20,inf
RL_Full,10,52,1,1,21,inf
RL_Full,10,52,1,1,22,inf
RL_Full,10,52,1,1,23,inf
RL_Full,10,52,1,1,24,inf
RL_Full,10,52,1,1,25,inf
RL_Full,10,52,1,1,26,inf
RL_Full,10,52,1,1,27,inf
RL_Full,10,52,1,1,28,inf
RL_Full,10,52,1,1,29,inf
RL_Full,10,52,1,1,30,inf
RL_Full,10,52,1,1,31,inf
RL_Full,10,52,1,1,32,inf
RL_Full,10,52,1,1,33,inf
RL_Full,10,52,1,1,34,inf
RL_Full,10,52,1,1,35,inf
RL_Full,10,52,1,1,36,inf
RL_Full,10,52,1,1,37,inf
RL_Full,10,52,1,1,38,inf
RL_Full,10,52,1,1,39,inf
RL_Full,10,52,1,1,40,inf
RL_Full,10,52,1,1,41,inf
RL_Full,10,52,1,1,42,inf
RL_Full,10,52,1,1,43,inf
RL_Full,10,52,1,1,44,inf
RL_Full,10,52,1,1,45,inf
RL_Full,10,52,1,1,46,inf
RL_Full,10,52,1,1,47,inf
RL_Full,10,52,1,1,48,inf
RL_Full,10,52,1,1,49,inf
RL_Full,10,52,1,1,50,inf
RL_Full,10,52,1,1,51,inf
RL_Full,10,52,1,1,52,inf
RL_Full,10,52,1,1,53,inf
RL_Full,10,52,1,1,54,inf
RL_Full,10,52,1,1,55,inf
RL_Full,10,52,1,1,56,inf
RL_Full,10,52,1,1,57,inf
RL_Full,10,52,1,1,58,inf
RL_Full,10,52,1,1,59,inf
RL_Full,10,52,1,1,60,inf
RL_Full,10,52,1,1,61,inf
RL_Full,10,52,1,1,62,inf
RL_Full,10,52,1,1,63,inf
RL_Full,10,52,1,1,64,inf
RL_Full,10,52,1,1,65,inf
RL_Full,10,52,1,1,66,inf
RL_Full,10,52,1,1,67,inf
RL_Full,10,52,1,1,68,inf
RL_Full,10,52,1,1,69,inf
RL_Full,10,52,1,1,70,inf
RL_Full,10,52,1,1,71,inf
RL_Full,10,52,1,1,72,inf
RL_Full,10,52,1,1,73,inf
RL_Full,10,52,1,1,74,inf
RL_Full,10,52,1,1,75,inf
RL_Full,10,52,1,1,76,inf
RL_Full,10,52,1,1,77,inf
RL_Full,10,52,1,1,78,inf
RL_Full,10,52,1,1,79,inf
RL_Full,10,52,1,1,80,inf
RL_Full,10,52,1,1,81,inf
RL_Full,10,52,1,1,82,inf
RL_Full,10,52,1,1,83,inf
RL_Full,10,52,1,1,84,inf
RL_Full,10,52,1,1,85,inf
RL_Full,10,52,1,1,86,inf
RL_Full,10,52,1,1,87,inf
RL_Full,10,52,1,1,88,inf
RL_Full,10,52,1,1,89,inf
RL_Full,10,52,1,1,90,inf
RL_Full,10,52,1,1,91,inf
RL_Full,10,52,1,1,92,inf
RL_Full,10,52,1,1,93,inf
RL_Full,10,52,1,1,94,inf
RL_Full,10,52,1,1,95,inf
RL_Full,10,52,1,1,96,inf
RL_Full,10,52,1,1,97,inf
RL_Full,10,52,1,1,98,inf
RL_Full,10,52,1,1,99,inf
RL_Full,10,52,1,1,100,inf
Random,10,52,1,2,1,inf
Random,10,52,1,2,2,inf
Random,10,52,1,2,3,inf
Random,10,52,1,2,4,inf
Random,10,52,1,2,5,inf
Random,10,52,1,2,6,inf
Random,10,52,1,2,7,inf
Random,10,52,1,2,8,inf
Random,10,52,1,2,9,inf
Random,10,52,1,2,10,inf
Random,10,52,1,2,11,inf
Random,10,52,1,2,12,inf
Random,10,52,1,2,13,inf
Random,10,52,1,2,14,inf
Random,10,52,1,2,15,inf
Random,10,52,1,2,16,inf
Random,10,52,1,2,17,inf
Random,10,52,1,2,18,inf
Random,10,52,1,2,19,inf
Random,10,52,1,2,20,inf
Random,10,52,1,2,21,inf
Random,10,52,1,2,22,inf
Random,10,52,1,2,23,inf
Random,10,52,1,2,24,inf
Random,10,52,1,2,25,inf
Random,10,52,1,2,26,inf
Random,10,52,1,2,27,inf
Random,10,52,1,2,28,inf
Random,10,52,1,2,29,inf
Random,10,52,1,2,30,inf
Random,10,52,1,2,31,inf
Random,10,52,1,2,32,inf
Random,10,52,1,2,33,inf
Random,10,52,1,2,34,inf
Random,10,52,1,2,35,inf
Random,10,52,1,2,36,inf
Random,10,52,1,2,37,inf
Random,10,52,1,2,38,inf
Random,10,52,1,2,39,inf
Random,10,52,1,2,40,inf
Random,10,52,1,2,41,inf
Random,10,52,1,2,42,inf
Random,10,52,1,2,43,inf
Random,10,52,1,2,44,inf
Random,10,52,1,2,45,inf
Random,10,52,1,2,46,inf
Random,10,52,1,2,47,inf
Random,10,52,1,2,48,inf
Random,10,52,1,2,49,inf
Random,10,52,1,2,50,inf
Random,10,52,1,2,51,inf
Random,10,52,1,2,52,inf
Random,10,52,1,2,53,inf
Random,10,52,1,2,54,inf
Random,10,52,1,2,55,inf
Random,10,52,1,2,56,inf
Random,10,52,1,2,57,inf
Random,10,52,1,2,58,inf
Random,10,52,1,2,59,inf
Random,10,52,1,2,60,inf
Random,10,52,1,2,61,inf
Random,10,52,1,2,62,inf
Random,10,52,1,2,63,inf
Random,10,52,1,2,64,inf
Random,10,52,1,2,65,inf
Random,10,52,1,2,66,inf
Random,10,52,1,2,67,inf
Random,10,52,1,2,68,inf
Random,10,52,1,2,69,inf
Random,10,52,1,2,70,inf
Random,10,52,1,2,71,inf
Random,10,52,1,2,72,inf
Random,10,52,1,2,73,inf
Random,10,52,1,2,74,inf
Random,10,52,1,2,75,inf
Random,10,52,1,2,76,inf
Random,10,52,1,2,77,inf
Random,10,52,1,2,78,inf
Random,10,52,1,2,79,inf
Random,10,52,1,2,80,inf
Random,10,52,1,2,81,inf
Random,10,52,1,2,82,inf
Random,10,52,1,2,83,inf
Random,10,52,1,2,84,inf
Random,10,52,1,2,85,inf
Random,10,52,1,2,86,inf
Random,10,52,1,2,87,inf
Random,10,52,1,2,88,inf
Random,10,52,1,2,89,inf
Random,10,52,1,2,90,inf
Random,10,52,1,2,91,inf
Random,10,52,1,2,92,inf
Random,10,52,1,2,93,inf
Random,10,52,1,2,94,inf
Random,10,52,1,2,95,inf
Random,10,52,1,2,96,inf
Random,10,52,1,2,97,inf
Random,10,52,1,2,98,inf
Random,10,52,1,2,99,inf
Random,10,52,1,2,100,inf
qLogEI,10,52,1,2,1,inf
qLogEI,10,52,1,2,2,inf
qLogEI,10,52,1,2,3,inf
qLogEI,10,52,1,2,4,inf
qLogEI,10,52,1,2,5,inf
qLogEI,10,52,1,2,6,inf
qLogEI,10,52,1,2,7,inf
qLogEI,10,52,1,2,8,inf
qLogEI,10,52,1,2,9,inf
qLogEI,10,52,1,2,10,inf
qLogEI,10,52,1,2,11,inf
qLogEI,10,52,1,2,12,inf
qLogEI,10,52,1,2,13,inf
qLogEI,10,52,1,2,14,inf
qLogEI,10,52,1,2,15,inf
qLogEI,10,52,1,2,16,inf
qLogEI,10,52,1,2,17,inf
qLogEI,10,52,1,2,18,inf
qLogEI,10,52,1,2,19,inf
qLogEI,10,52,1,2,20,inf
qLogEI,10,52,1,2,21,inf
qLogEI,10,52,1,2,22,inf
qLogEI,10,52,1,2,23,inf
qLogEI,10,52,1,2,24,inf
qLogEI,10,52,1,2,25,inf
qLogEI,10,52,1,2,26,inf
qLogEI,10,52,1,2,27,inf
qLogEI,10,52,1,2,28,inf
qLogEI,10,52,1,2,29,inf
qLogEI,10,52,1,2,30,inf
qLogEI,10,52,1,2,31,inf
qLogEI,10,52,1,2,32,inf
qLogEI,10,52,1,2,33,inf
qLogEI,10,52,1,2,34,inf
qLogEI,10,52,1,2,35,inf
qLogEI,10,52,1,2,36,inf
qLogEI,10,52,1,2,37,inf
qLogEI,10,52,1,2,38,inf
qLogEI,10,52,1,2,39,inf
qLogEI,10,52,1,2,40,inf
qLogEI,10,52,1,2,41,inf
qLogEI,10,52,1,2,42,inf
qLogEI,10,52,1,2,43,inf
qLogEI,10,52,1,2,44,inf
qLogEI,10,52,1,2,45,inf
qLogEI,10,52,1,2,46,inf
qLogEI,10,52,1,2,47,inf
qLogEI,10,52,1,2,48,inf
qLogEI,10,52,1,2,49,inf
qLogEI,10,52,1,2,50,inf
qLogEI,10,52,1,2,51,inf
qLogEI,10,52,1,2,52,inf
qLogEI,10,52,1,2,53,inf
qLogEI,10,52,1,2,54,inf
qLogEI,10,52,1,2,55,inf
qLogEI,10,52,1,2,56,inf
qLogEI,10,52,1,2,57,inf
qLogEI,10,52,1,2,58,inf
qLogEI,10,52,1,2,59,inf
qLogEI,10,52,1,2,60,inf
qLogEI,10,52,1,2,61,inf
qLogEI,10,52,1,2,62,inf
qLogEI,10,52,1,2,63,inf
qLogEI,10,52,1,2,64,inf
qLogEI,10,52,1,2,65,inf
qLogEI,10,52,1,2,66,inf
qLogEI,10,52,1,2,67,inf
qLogEI,10,52,1,2,68,inf
qLogEI,10,52,1,2,69,inf
qLogEI,10,52,1,2,70,inf
qLogEI,10,52,1,2,71,inf
qLogEI,10,52,1,2,72,inf
qLogEI,10,52,1,2,73,inf
qLogEI,10,52,1,2,74,inf
qLogEI,10,52,1,2,75,inf
qLogEI,10,52,1,2,76,inf
qLogEI,10,52,1,2,77,inf
qLogEI,10,52,1,2,78,inf
qLogEI,10,52,1,2,79,inf
qLogEI,10,52,1,2,80,inf
qLogEI,10,52,1,2,81,inf
qLogEI,10,52,1,2,82,inf
qLogEI,10,52,1,2,83,inf
qLogEI,10,52,1,2,84,inf
qLogEI,10,52,1,2,85,inf
qLogEI,10,52,1,2,86,inf
qLogEI,10,52,1,2,87,inf
qLogEI,10,52,1,2,88,inf
qLogEI,10,52,1,2,89,inf
qLogEI,10,52,1,2,90,inf
qLogEI,10,52,1,2,91,inf
qLogEI,10,52,1,2,92,inf
qLogEI,10,52,1,2,93,inf
qLogEI,10,52,1,2,94,inf
qLogEI,10,52,1,2,95,inf
qLogEI,10,52,1,2,96,inf
qLogEI,10,52,1,2,97,inf
qLogEI,10,52,1,2,98,inf
qLogEI,10,52,1,2,99,inf
qLogEI,10,52,1,2,100,inf
RL_Full,10,52,1,2,1,inf
RL_Full,10,52,1,2,2,inf
RL_Full,10,52,1,2,3,inf
RL_Full,10,52,1,2,4,inf
RL_Full,10,52,1,2,5,inf
RL_Full,10,52,1,2,6,inf
RL_Full,10,52,1,2,7,inf
RL_Full,10,52,1,2,8,inf
RL_Full,10,52,1,2,9,inf
RL_Full,10,52,1,2,10,inf
RL_Full,10,52,1,2,11,inf
RL_Full,10,52,1,2,12,inf
RL_Full,10,52,1,2,13,inf
RL_Full,10,52,1,2,14,inf
RL_Full,10,52,1,2,15,inf
RL_Full,10,52,1,2,16,inf
RL_Full,10,52,1,2,17,inf
RL_Full,10,52,1,2,18,inf
RL_Full,10,52,1,2,19,inf
RL_Full,10,52,1,2,20,inf
RL_Full,10,52,1,2,21,inf
RL_Full,10,52,1,2,22,inf
RL_Full,10,52,1,2,23,inf
RL_Full,10,52,1,2,24,inf
RL_Full,10,52,1,2,25,inf
RL_Full,10,52,1,2,26,inf
RL_Full,10,52,1,2,27,inf
RL_Full,10,52,1,2,28,inf
RL_Full,10,52,1,2,29,inf
RL_Full,10,52,1,2,30,inf
RL_Full,10,52,1,2,31,inf
RL_Full,10,52,1,2,32,inf
RL_Full,10,52,1,2,33,inf
RL_Full,10,52,1,2,34,inf
RL_Full,10,52,1,2,35,inf
RL_Full,10,52,1,2,36,inf
RL_Full,10,52,1,2,37,inf
RL_Full,10,52,1,2,38,inf
RL_Full,10,52,1,2,39,inf
RL_Full,10,52,1,2,40,inf
RL_Full,10,52,1,2,41,inf
RL_Full,10,52,1,2,42,inf
RL_Full,10,52,1,2,43,inf
RL_Full,10,52,1,2,44,inf
RL_Full,10,52,1,2,45,inf
RL_Full,10,52,1,2,46,inf
RL_Full,10,52,1,2,47,inf
RL_Full,10,52,1,2,48,inf
RL_Full,10,52,1,2,49,inf
RL_Full,10,52,1,2,50,inf
RL_Full,10,52,1,2,51,inf
RL_Full,10,52,1,2,52,inf
RL_Full,10,52,1,2,53,inf
RL_Full,10,52,1,2,54,inf
RL_Full,10,52,1,2,55,inf
RL_Full,10,52,1,2,56,inf
RL_Full,10,52,1,2,57,inf
RL_Full,10,52,1,2,58,inf
RL_Full,10,52,1,2,59,inf
RL_Full,10,52,1,2,60,inf
RL_Full,10,52,1,2,61,inf
RL_Full,10,52,1,2,62,inf
RL_Full,10,52,1,2,63,inf
RL_Full,10,52,1,2,64,inf
RL_Full,10,52,1,2,65,inf
RL_Full,10,52,1,2,66,inf
RL_Full,10,52,1,2,67,inf
RL_Full,10,52,1,2,68,inf
RL_Full,10,52,1,2,69,inf
RL_Full,10,52,1,2,70,inf
RL_Full,10,52,1,2,71,inf
RL_Full,10,52,1,2,72,inf
RL_Full,10,52,1,2,73,inf
RL_Full,10,52,1,2,74,inf
RL_Full,10,52,1,2,75,inf
RL_Full,10,52,1,2,76,inf
RL_Full,10,52,1,2,77,inf
RL_Full,10,52,1,2,78,inf
RL_Full,10,52,1,2,79,inf
RL_Full,10,52,1,2,80,inf
RL_Full,10,52,1,2,81,inf
RL_Full,10,52,1,2,82,inf
RL_Full,10,52,1,2,83,inf
RL_Full,10,52,1,2,84,inf
RL_Full,10,52,1,2,85,inf
RL_Full,10,52,1,2,86,inf
RL_Full,10,52,1,2,87,inf
RL_Full,10,52,1,2,88,inf
RL_Full,10,52,1,2,89,inf
RL_Full,10,52,1,2,90,inf
RL_Full,10,52,1,2,91,inf
RL_Full,10,52,1,2,92,inf
RL_Full,10,52,1,2,93,inf
RL_Full,10,52,1,2,94,inf
RL_Full,10,52,1,2,95,inf
RL_Full,10,52,1,2,96,inf
RL_Full,10,52,1,2,97,inf
RL_Full,10,52,1,2,98,inf
RL_Full,10,52,1,2,99,inf
RL_Full,10,52,1,2,100,inf
Random,10,52,1,3,1,inf
Random,10,52,1,3,2,inf
Random,10,52,1,3,3,inf
Random,10,52,1,3,4,inf
Random,10,52,1,3,5,inf
Random,10,52,1,3,6,inf
Random,10,52,1,3,7,inf
Random,10,52,1,3,8,inf
Random,10,52,1,3,9,inf
Random,10,52,1,3,10,inf
Random,10,52,1,3,11,inf
Random,10,52,1,3,12,inf
Random,10,52,1,3,13,inf
Random,10,52,1,3,14,inf
Random,10,52,1,3,15,inf
Random,10,52,1,3,16,inf
Random,10,52,1,3,17,inf
Random,10,52,1,3,18,inf
Random,10,52,1,3,19,inf
Random,10,52,1,3,20,inf
Random,10,52,1,3,21,inf
Random,10,52,1,3,22,inf
Random,10,52,1,3,23,inf
Random,10,52,1,3,24,inf
Random,10,52,1,3,25,inf
Random,10,52,1,3,26,inf
Random,10,52,1,3,27,inf
Random,10,52,1,3,28,inf
Random,10,52,1,3,29,inf
Random,10,52,1,3,30,inf
Random,10,52,1,3,31,inf
Random,10,52,1,3,32,inf
Random,10,52,1,3,33,inf
Random,10,52,1,3,34,inf
Random,10,52,1,3,35,inf
Random,10,52,1,3,36,inf
Random,10,52,1,3,37,inf
Random,10,52,1,3,38,inf
Random,10,52,1,3,39,inf
Random,10,52,1,3,40,inf
Random,10,52,1,3,41,inf
Random,10,52,1,3,42,inf
Random,10,52,1,3,43,inf
Random,10,52,1,3,44,inf
Random,10,52,1,3,45,inf
Random,10,52,1,3,46,inf
Random,10,52,1,3,47,inf
Random,10,52,1,3,48,inf
Random,10,52,1,3,49,inf
Random,10,52,1,3,50,inf
Random,10,52,1,3,51,inf
Random,10,52,1,3,52,inf
Random,10,52,1,3,53,inf
Random,10,52,1,3,54,inf
Random,10,52,1,3,55,inf
Random,10,52,1,3,56,inf
Random,10,52,1,3,57,inf
Random,10,52,1,3,58,inf
Random,10,52,1,3,59,inf
Random,10,52,1,3,60,inf
Random,10,52,1,3,61,inf
Random,10,52,1,3,62,inf
Random,10,52,1,3,63,inf
Random,10,52,1,3,64,inf
Random,10,52,1,3,65,inf
Random,10,52,1,3,66,inf
Random,10,52,1,3,67,inf
Random,10,52,1,3,68,inf
Random,10,52,1,3,69,inf
Random,10,52,1,3,70,inf
Random,10,52,1,3,71,inf
Random,10,52,1,3,72,inf
Random,10,52,1,3,73,inf
Random,10,52,1,3,74,inf
Random,10,52,1,3,75,inf
Random,10,52,1,3,76,inf
Random,10,52,1,3,77,inf
Random,10,52,1,3,78,inf
Random,10,52,1,3,79,inf
Random,10,52,1,3,80,inf
Random,10,52,1,3,81,inf
Random,10,52,1,3,82,inf
Random,10,52,1,3,83,inf
Random,10,52,1,3,84,inf
Random,10,52,1,3,85,inf
Random,10,52,1,3,86,inf
Random,10,52,1,3,87,inf
Random,10,52,1,3,88,inf
Random,10,52,1,3,89,inf
Random,10,52,1,3,90,inf
Random,10,52,1,3,91,inf
Random,10,52,1,3,92,inf
Random,10,52,1,3,93,inf
Random,10,52,1,3,94,inf
Random,10,52,1,3,95,inf
Random,10,52,1,3,96,inf
Random,10,52,1,3,97,inf
Random,10,52,1,3,98,inf
Random,10,52,1,3,99,inf
Random,10,52,1,3,100,inf
qLogEI,10,52,1,3,1,inf
qLogEI,10,52,1,3,2,inf
qLogEI,10,52,1,3,3,inf
qLogEI,10,52,1,3,4,inf
qLogEI,10,52,1,3,5,inf
qLogEI,10,52,1,3,6,inf
qLogEI,10,52,1,3,7,inf
qLogEI,10,52,1,3,8,inf
qLogEI,10,52,1,3,9,inf
qLogEI,10,52,1,3,10,inf
qLogEI,10,52,1,3,11,inf
qLogEI,10,52,1,3,12,inf
qLogEI,10,52,1,3,13,inf
qLogEI,10,52,1,3,14,inf
qLogEI,10,52,1,3,15,inf
qLogEI,10,52,1,3,16,inf
qLogEI,10,52,1,3,17,inf
qLogEI,10,52,1,3,18,inf
qLogEI,10,52,1,3,19,inf
qLogEI,10,52,1,3,20,inf
qLogEI,10,52,1,3,21,inf
qLogEI,10,52,1,3,22,inf
qLogEI,10,52,1,3,23,inf
qLogEI,10,52,1,3,24,inf
qLogEI,10,52,1,3,25,inf
qLogEI,10,52,1,3,26,inf
qLogEI,10,52,1,3,27,inf
qLogEI,10,52,1,3,28,inf
qLogEI,10,52,1,3,29,inf
qLogEI,10,52,1,3,30,inf
qLogEI,10,52,1,3,31,inf
qLogEI,10,52,1,3,32,inf
qLogEI,10,52,1,3,33,inf
qLogEI,10,52,1,3,34,inf
qLogEI,10,52,1,3,35,inf
qLogEI,10,52,1,3,36,inf
qLogEI,10,52,1,3,37,inf
qLogEI,10,52,1,3,38,inf
qLogEI,10,52,1,3,39,inf
qLogEI,10,52,1,3,40,inf
qLogEI,10,52,1,3,41,inf
qLogEI,10,52,1,3,42,inf
qLogEI,10,52,1,3,43,inf
qLogEI,10,52,1,3,44,inf
qLogEI,10,52,1,3,45,inf
qLogEI,10,52,1,3,46,inf
qLogEI,10,52,1,3,47,inf
qLogEI,10,52,1,3,48,inf
qLogEI,10,52,1,3,49,inf
qLogEI,10,52,1,3,50,inf
qLogEI,10,52,1,3,51,inf
qLogEI,10,52,1,3,52,inf
qLogEI,10,52,1,3,53,inf
qLogEI,10,52,1,3,54,inf
qLogEI,10,52,1,3,55,inf
qLogEI,10,52,1,3,56,inf
qLogEI,10,52,1,3,57,inf
qLogEI,10,52,1,3,58,inf
qLogEI,10,52,1,3,59,inf
qLogEI,10,52,1,3,60,inf
qLogEI,10,52,1,3,61,inf
qLogEI,10,52,1,3,62,inf
qLogEI,10,52,1,3,63,inf
qLogEI,10,52,1,3,64,inf
qLogEI,10,52,1,3,65,inf
qLogEI,10,52,1,3,66,inf
qLogEI,10,52,1,3,67,inf
qLogEI,10,52,1,3,68,inf
qLogEI,10,52,1,3,69,inf
qLogEI,10,52,1,3,70,inf
qLogEI,10,52,1,3,71,inf
qLogEI,10,52,1,3,72,inf
qLogEI,10,52,1,3,73,inf
qLogEI,10,52,1,3,74,inf
qLogEI,10,52,1,3,75,inf
qLogEI,10,52,1,3,76,inf
qLogEI,10,52,1,3,77,inf
qLogEI,10,52,1,3,78,inf
qLogEI,10,52,1,3,79,inf
qLogEI,10,52,1,3,80,inf
qLogEI,10,52,1,3,81,inf
qLogEI,10,52,1,3,82,inf
qLogEI,10,52,1,3,83,inf
qLogEI,10,52,1,3,84,inf
qLogEI,10,52,1,3,85,inf
qLogEI,10,52,1,3,86,inf
qLogEI,10,52,1,3,87,inf
qLogEI,10,52,1,3,88,inf
qLogEI,10,52,1,3,89,inf
qLogEI,10,52,1,3,90,inf
qLogEI,10,52,1,3,91,inf
qLogEI,10,52,1,3,92,inf
qLogEI,10,52,1,3,93,inf
qLogEI,10,52,1,3,94,inf
qLogEI,10,52,1,3,95,inf
qLogEI,10,52,1,3,96,inf
qLogEI,10,52,1,3,97,inf
qLogEI,10,52,1,3,98,inf
qLogEI,10,52,1,3,99,inf
qLogEI,10,52,1,3,100,inf
RL_Full,10,52,1,3,1,inf
RL_Full,10,52,1,3,2,inf
RL_Full,10,52,1,3,3,inf
RL_Full,10,52,1,3,4,inf
RL_Full,10,52,1,3,5,inf
RL_Full,10,52,1,3,6,inf
RL_Full,10,52,1,3,7,inf
RL_Full,10,52,1,3,8,inf
RL_Full,10,52,1,3,9,inf
RL_Full,10,52,1,3,10,inf
RL_Full,10,52,1,3,11,inf
RL_Full,10,52,1,3,12,inf
RL_Full,10,52,1,3,13,inf
RL_Full,10,52,1,3,14,inf
RL_Full,10,52,1,3,15,inf
RL_Full,10,52,1,3,16,inf
RL_Full,10,52,1,3,17,inf
RL_Full,10,52,1,3,18,inf
RL_Full,10,52,1,3,19,inf
RL_Full,10,52,1,3,20,inf
RL_Full,10,52,1,3,21,inf
RL_Full,10,52,1,3,22,inf
RL_Full,10,52,1,3,23,inf
RL_Full,10,52,1,3,24,inf
RL_Full,10,52,1,3,25,inf
RL_Full,10,52,1,3,26,inf
RL_Full,10,52,1,3,27,inf
RL_Full,10,52,1,3,28,inf
RL_Full,10,52,1,3,29,inf
RL_Full,10,52,1,3,30,inf
RL_Full,10,52,1,3,31,inf
RL_Full,10,52,1,3,32,inf
RL_Full,10,52,1,3,33,inf
RL_Full,10,52,1,3,34,inf
RL_Full,10,52,1,3,35,inf
RL_Full,10,52,1,3,36,inf
RL_Full,10,52,1,3,37,inf
RL_Full,10,52,1,3,38,inf
RL_Full,10,52,1,3,39,inf
RL_Full,10,52,1,3,40,inf
RL_Full,10,52,1,3,41,inf
RL_Full,10,52,1,3,42,inf
RL_Full,10,52,1,3,43,inf
RL_Full,10,52,1,3,44,inf
RL_Full,10,52,1,3,45,inf
RL_Full,10,52,1,3,46,inf
RL_Full,10,52,1,3,47,inf
RL_Full,10,52,1,3,48,inf
RL_Full,10,52,1,3,49,inf
RL_Full,10,52,1,3,50,inf
RL_Full,10,52,1,3,51,inf
RL_Full,10,52,1,3,52,inf
RL_Full,10,52,1,3,53,inf
RL_Full,10,52,1,3,54,inf
RL_Full,10,52,1,3,55,inf
RL_Full,10,52,1,3,56,inf
RL_Full,10,52,1,3,57,inf
RL_Full,10,52,1,3,58,inf
RL_Full,10,52,1,3,59,inf
RL_Full,10,52,1,3,60,inf
RL_Full,10,52,1,3,61,inf
RL_Full,10,52,1,3,62,inf
RL_Full,10,52,1,3,63,inf
RL_Full,10,52,1,3,64,inf
RL_Full,10,52,1,3,65,inf
RL_Full,10,52,1,3,66,inf
RL_Full,10,52,1,3,67,inf
RL_Full,10,52,1,3,68,inf
RL_Full,10,52,1,3,69,inf
RL_Full,10,52,1,3,70,inf
RL_Full,10,52,1,3,71,inf
RL_Full,10,52,1,3,72,inf
RL_Full,10,52,1,3,73,inf
RL_Full,10,52,1,3,74,inf
RL_Full,10,52,1,3,75,inf
RL_Full,10,52,1,3,76,inf
RL_Full,10,52,1,3,77,inf
RL_Full,10,52,1,3,78,inf
RL_Full,10,52,1,3,79,inf
RL_Full,10,52,1,3,80,inf
RL_Full,10,52,1,3,81,inf
RL_Full,10,52,1,3,82,inf
RL_Full,10,52,1,3,83,inf
RL_Full,10,52,1,3,84,inf
RL_Full,10,52,1,3,85,inf
RL_Full,10,52,1,3,86,inf
RL_Full,10,52,1,3,87,inf
RL_Full,10,52,1,3,88,inf
RL_Full,10,52,1,3,89,inf
RL_Full,10,52,1,3,90,inf
RL_Full,10,52,1,3,91,inf
RL_Full,10,52,1,3,92,inf
RL_Full,10,52,1,3,93,inf
RL_Full,10,52,1,3,94,inf
RL_Full,10,52,1,3,95,inf
RL_Full,10,52,1,3,96,inf
RL_Full,10,52,1,3,97,inf
RL_Full,10,52,1,3,98,inf
RL_Full,10,52,1,3,99,inf
RL_Full,10,52,1,3,100,inf
Random,10,52,1,4,1,inf
Random,10,52,1,4,2,inf
Random,10,52,1,4,3,inf
Random,10,52,1,4,4,inf
Random,10,52,1,4,5,inf
Random,10,52,1,4,6,inf
Random,10,52,1,4,7,inf
Random,10,52,1,4,8,inf
Random,10,52,1,4,9,inf
Random,10,52,1,4,10,inf
Random,10,52,1,4,11,inf
Random,10,52,1,4,12,inf
Random,10,52,1,4,13,inf
Random,10,52,1,4,14,inf
Random,10,52,1,4,15,inf
Random,10,52,1,4,16,inf
Random,10,52,1,4,17,inf
Random,10,52,1,4,18,inf
Random,10,52,1,4,19,inf
Random,10,52,1,4,20,inf
Random,10,52,1,4,21,inf
Random,10,52,1,4,22,inf
Random,10,52,1,4,23,inf
Random,10,52,1,4,24,inf
Random,10,52,1,4,25,inf
Random,10,52,1,4,26,inf
Random,10,52,1,4,27,inf
Random,10,52,1,4,28,inf
Random,10,52,1,4,29,inf
Random,10,52,1,4,30,inf
Random,10,52,1,4,31,inf
Random,10,52,1,4,32,inf
Random,10,52,1,4,33,inf
Random,10,52,1,4,34,inf
Random,10,52,1,4,35,inf
Random,10,52,1,4,36,inf
Random,10,52,1,4,37,inf
Random,10,52,1,4,38,inf
Random,10,52,1,4,39,inf
Random,10,52,1,4,40,inf
Random,10,52,1,4,41,inf
Random,10,52,1,4,42,inf
Random,10,52,1,4,43,inf
Random,10,52,1,4,44,inf
Random,10,52,1,4,45,inf
Random,10,52,1,4,46,inf
Random,10,52,1,4,47,inf
Random,10,52,1,4,48,inf
Random,10,52,1,4,49,inf
Random,10,52,1,4,50,inf
Random,10,52,1,4,51,inf
Random,10,52,1,4,52,inf
Random,10,52,1,4,53,inf
Random,10,52,1,4,54,inf
Random,10,52,1,4,55,inf
Random,10,52,1,4,56,inf
Random,10,52,1,4,57,inf
Random,10,52,1,4,58,inf
Random,10,52,1,4,59,inf
Random,10,52,1,4,60,inf
Random,10,52,1,4,61,inf
Random,10,52,1,4,62,inf
Random,10,52,1,4,63,inf
Random,10,52,1,4,64,inf
Random,10,52,1,4,65,inf
Random,10,52,1,4,66,inf
Random,10,52,1,4,67,inf
Random,10,52,1,4,68,inf
Random,10,52,1,4,69,inf
Random,10,52,1,4,70,inf
Random,10,52,1,4,71,inf
Random,10,52,1,4,72,inf
Random,10,52,1,4,73,inf
Random,10,52,1,4,74,inf
Random,10,52,1,4,75,inf
Random,10,52,1,4,76,inf
Random,10,52,1,4,77,inf
Random,10,52,1,4,78,inf
Random,10,52,1,4,79,inf
Random,10,52,1,4,80,inf
Random,10,52,1,4,81,inf
Random,10,52,1,4,82,inf
Random,10,52,1,4,83,inf
Random,10,52,1,4,84,inf
Random,10,52,1,4,85,inf
Random,10,52,1,4,86,inf
Random,10,52,1,4,87,inf
Random,10,52,1,4,88,inf
Random,10,52,1,4,89,inf
Random,10,52,1,4,90,inf
Random,10,52,1,4,91,inf
Random,10,52,1,4,92,inf
Random,10,52,1,4,93,inf
Random,10,52,1,4,94,inf
Random,10,52,1,4,95,inf
Random,10,52,1,4,96,inf
Random,10,52,1,4,97,inf
Random,10,52,1,4,98,inf
Random,10,52,1,4,99,inf
Random,10,52,1,4,100,inf
qLogEI,10,52,1,4,1,inf
qLogEI,10,52,1,4,2,inf
qLogEI,10,52,1,4,3,inf
qLogEI,10,52,1,4,4,inf
qLogEI,10,52,1,4,5,inf
qLogEI,10,52,1,4,6,inf
qLogEI,10,52,1,4,7,inf
qLogEI,10,52,1,4,8,inf
qLogEI,10,52,1,4,9,inf
qLogEI,10,52,1,4,10,inf
qLogEI,10,52,1,4,11,inf
qLogEI,10,52,1,4,12,inf
qLogEI,10,52,1,4,13,inf
qLogEI,10,52,1,4,14,inf
qLogEI,10,52,1,4,15,inf
qLogEI,10,52,1,4,16,inf
qLogEI,10,52,1,4,17,inf
qLogEI,10,52,1,4,18,inf
qLogEI,10,52,1,4,19,inf
qLogEI,10,52,1,4,20,inf
qLogEI,10,52,1,4,21,inf
qLogEI,10,52,1,4,22,inf
qLogEI,10,52,1,4,23,inf
qLogEI,10,52,1,4,24,inf
qLogEI,10,52,1,4,25,inf
qLogEI,10,52,1,4,26,inf
qLogEI,10,52,1,4,27,inf
qLogEI,10,52,1,4,28,inf
qLogEI,10,52,1,4,29,inf
qLogEI,10,52,1,4,30,inf
qLogEI,10,52,1,4,31,inf
qLogEI,10,52,1,4,32,inf
qLogEI,10,52,1,4,33,inf
qLogEI,10,52,1,4,34,inf
qLogEI,10,52,1,4,35,inf
qLogEI,10,52,1,4,36,inf
qLogEI,10,52,1,4,37,inf
qLogEI,10,52,1,4,38,inf
qLogEI,10,52,1,4,39,inf
qLogEI,10,52,1,4,40,inf
qLogEI,10,52,1,4,41,inf
qLogEI,10,52,1,4,42,inf
qLogEI,10,52,1,4,43,inf
qLogEI,10,52,1,4,44,inf
qLogEI,10,52,1,4,45,inf
qLogEI,10,52,1,4,46,inf
qLogEI,10,52,1,4,47,inf
qLogEI,10,52,1,4,48,inf
qLogEI,10,52,1,4,49,inf
qLogEI,10,52,1,4,50,inf
qLogEI,10,52,1,4,51,inf
qLogEI,10,52,1,4,52,inf
qLogEI,10,52,1,4,53,inf
qLogEI,10,52,1,4,54,inf
qLogEI,10,52,1,4,55,inf
qLogEI,10,52,1,4,56,inf
qLogEI,10,52,1,4,57,inf
qLogEI,10,52,1,4,58,inf
qLogEI,10,52,1,4,59,inf
qLogEI,10,52,1,4,60,inf
qLogEI,10,52,1,4,61,inf
qLogEI,10,52,1,4,62,inf
qLogEI,10,52,1,4,63,inf
qLogEI,10,52,1,4,64,inf
qLogEI,10,52,1,4,65,inf
qLogEI,10,52,1,4,66,inf
qLogEI,10,52,1,4,67,inf
qLogEI,10,52,1,4,68,inf
qLogEI,10,52,1,4,69,inf
qLogEI,10,52,1,4,70,inf
qLogEI,10,52,1,4,71,inf
qLogEI,10,52,1,4,72,inf
qLogEI,10,52,1,4,73,inf
qLogEI,10,52,1,4,74,inf
qLogEI,10,52,1,4,75,inf
qLogEI,10,52,1,4,76,inf
qLogEI,10,52,1,4,77,inf
qLogEI,10,52,1,4,78,inf
qLogEI,10,52,1,4,79,inf
qLogEI,10,52,1,4,80,inf
qLogEI,10,52,1,4,81,inf
qLogEI,10,52,1,4,82,inf
qLogEI,10,52,1,4,83,inf
qLogEI,10,52,1,4,84,inf
qLogEI,10,52,1,4,85,inf
qLogEI,10,52,1,4,86,inf
qLogEI,10,52,1,4,87,inf
qLogEI,10,52,1,4,88,inf
qLogEI,10,52,1,4,89,inf
qLogEI,10,52,1,4,90,inf
qLogEI,10,52,1,4,91,inf
qLogEI,10,52,1,4,92,inf
qLogEI,10,52,1,4,93,inf
qLogEI,10,52,1,4,94,inf
qLogEI,10,52,1,4,95,inf
qLogEI,10,52,1,4,96,inf
qLogEI,10,52,1,4,97,inf
qLogEI,10,52,1,4,98,inf
qLogEI,10,52,1,4,99,inf
qLogEI,10,52,1,4,100,inf
RL_Full,10,52,1,4,1,inf
RL_Full,10,52,1,4,2,inf
RL_Full,10,52,1,4,3,inf
RL_Full,10,52,1,4,4,inf
RL_Full,10,52,1,4,5,inf
RL_Full,10,52,1,4,6,inf
RL_Full,10,52,1,4,7,inf
RL_Full,10,52,1,4,8,inf
RL_Full,10,52,1,4,9,inf
RL_Full,10,52,1,4,10,inf
RL_Full,10,52,1,4,11,inf
RL_Full,10,52,1,4,12,inf
RL_Full,10,52,1,4,13,inf
RL_Full,10,52,1,4,14,inf
RL_Full,10,52,1,4,15,inf
RL_Full,10,52,1,4,16,inf
RL_Full,10,52,1,4,17,inf
RL_Full,10,52,1,4,18,inf
RL_Full,10,52,1,4,19,inf
RL_Full,10,52,1,4,20,inf
RL_Full,10,52,1,4,21,inf
RL_Full,10,52,1,4,22,inf
RL_Full,10,52,1,4,23,inf
RL_Full,10,52,1,4,24,inf
RL_Full,10,52,1,4,25,inf
RL_Full,10,52,1,4,26,inf
RL_Full,10,52,1,4,27,inf
RL_Full,10,52,1,4,28,inf
RL_Full,10,52,1,4,29,inf
RL_Full,10,52,1,4,30,inf
RL_Full,10,52,1,4,31,inf
RL_Full,10,52,1,4,32,inf
RL_Full,10,52,1,4,33,inf
RL_Full,10,52,1,4,34,inf
RL_Full,10,52,1,4,35,inf
RL_Full,10,52,1,4,36,inf
RL_Full,10,52,1,4,37,inf
RL_Full,10,52,1,4,38,inf
RL_Full,10,52,1,4,39,inf
RL_Full,10,52,1,4,40,inf
RL_Full,10,52,1,4,41,inf
RL_Full,10,52,1,4,42,inf
RL_Full,10,52,1,4,43,inf
RL_Full,10,52,1,4,44,inf
RL_Full,10,52,1,4,45,inf
RL_Full,10,52,1,4,46,inf
RL_Full,10,52,1,4,47,inf
RL_Full,10,52,1,4,48,inf
RL_Full,10,52,1,4,49,inf
RL_Full,10,52,1,4,50,inf
RL_Full,10,52,1,4,51,inf
RL_Full,10,52,1,4,52,inf
RL_Full,10,52,1,4,53,inf
RL_Full,10,52,1,4,54,inf
RL_Full,10,52,1,4,55,inf
RL_Full,10,52,1,4,56,inf
RL_Full,10,52,1,4,57,inf
RL_Full,10,52,1,4,58,inf
RL_Full,10,52,1,4,59,inf
RL_Full,10,52,1,4,60,inf
RL_Full,10,52,1,4,61,inf
RL_Full,10,52,1,4,62,inf
RL_Full,10,52,1,4,63,inf
RL_Full,10,52,1,4,64,inf
RL_Full,10,52,1,4,65,inf
RL_Full,10,52,1,4,66,inf
RL_Full,10,52,1,4,67,inf
RL_Full,10,52,1,4,68,inf
RL_Full,10,52,1,4,69,inf
RL_Full,10,52,1,4,70,inf
RL_Full,10,52,1,4,71,inf
RL_Full,10,52,1,4,72,inf
RL_Full,10,52,1,4,73,inf
RL_Full,10,52,1,4,74,inf
RL_Full,10,52,1,4,75,inf
RL_Full,10,52,1,4,76,inf
RL_Full,10,52,1,4,77,inf
RL_Full,10,52,1,4,78,inf
RL_Full,10,52,1,4,79,inf
RL_Full,10,52,1,4,80,inf
RL_Full,10,52,1,4,81,inf
RL_Full,10,52,1,4,82,inf
RL_Full,10,52,1,4,83,inf
RL_Full,10,52,1,4,84,inf
RL_Full,10,52,1,4,85,inf
RL_Full,10,52,1,4,86,inf
RL_Full,10,52,1,4,87,inf
RL_Full,10,52,1,4,88,inf
RL_Full,10,52,1,4,89,inf
RL_Full,10,52,1,4,90,inf
RL_Full,10,52,1,4,91,inf
RL_Full,10,52,1,4,92,inf
RL_Full,10,52,1,4,93,inf
RL_Full,10,52,1,4,94,inf
RL_Full,10,52,1,4,95,inf
RL_Full,10,52,1,4,96,inf
RL_Full,10,52,1,4,97,inf
RL_Full,10,52,1,4,98,inf
RL_Full,10,52,1,4,99,inf
RL_Full,10,52,1,4,100,inf
Random,10,52,2,0,1,inf
Random,10,52,2,0,2,inf
Random,10,52,2,0,3,inf
Random,10,52,2,0,4,inf
Random,10,52,2,0,5,inf
Random,10,52,2,0,6,inf
Random,10,52,2,0,7,inf
Random,10,52,2,0,8,inf
Random,10,52,2,0,9,inf
Random,10,52,2,0,10,inf
Random,10,52,2,0,11,inf
Random,10,52,2,0,12,inf
Random,10,52,2,0,13,inf
Random,10,52,2,0,14,inf
Random,10,52,2,0,15,inf
Random,10,52,2,0,16,inf
Random,10,52,2,0,17,inf
Random,10,52,2,0,18,inf
Random,10,52,2,0,19,inf
Random,10,52,2,0,20,inf
Random,10,52,2,0,21,inf
Random,10,52,2,0,22,inf
Random,10,52,2,0,23,inf
Random,10,52,2,0,24,inf
Random,10,52,2,0,25,inf
Random,10,52,2,0,26,inf
Random,10,52,2,0,27,inf
Random,10,52,2,0,28,inf
Random,10,52,2,0,29,inf
Random,10,52,2,0,30,inf
Random,10,52,2,0,31,inf
Random,10,52,2,0,32,inf
Random,10,52,2,0,33,inf
Random,10,52,2,0,34,inf
Random,10,52,2,0,35,inf
Random,10,52,2,0,36,inf
Random,10,52,2,0,37,inf
Random,10,52,2,0,38,inf
Random,10,52,2,0,39,inf
Random,10,52,2,0,40,inf
Random,10,52,2,0,41,inf
Random,10,52,2,0,42,inf
Random,10,52,2,0,43,inf
Random,10,52,2,0,44,inf
Random,10,52,2,0,45,inf
Random,10,52,2,0,46,inf
Random,10,52,2,0,47,inf
Random,10,52,2,0,48,inf
Random,10,52,2,0,49,inf
Random,10,52,2,0,50,inf
Random,10,52,2,0,51,inf
Random,10,52,2,0,52,inf
Random,10,52,2,0,53,inf
Random,10,52,2,0,54,inf
Random,10,52,2,0,55,inf
Random,10,52,2,0,56,inf
Random,10,52,2,0,57,inf
Random,10,52,2,0,58,inf
Random,10,52,2,0,59,inf
Random,10,52,2,0,60,inf
Random,10,52,2,0,61,inf
Random,10,52,2,0,62,inf
Random,10,52,2,0,63,inf
Random,10,52,2,0,64,inf
Random,10,52,2,0,65,inf
Random,10,52,2,0,66,inf
Random,10,52,2,0,67,inf
Random,10,52,2,0,68,inf
Random,10,52,2,0,69,inf
Random,10,52,2,0,70,inf
Random,10,52,2,0,71,inf
Random,10,52,2,0,72,inf
Random,10,52,2,0,73,inf
Random,10,52,2,0,74,inf
Random,10,52,2,0,75,inf
Random,10,52,2,0,76,inf
Random,10,52,2,0,77,inf
Random,10,52,2,0,78,inf
Random,10,52,2,0,79,inf
Random,10,52,2,0,80,inf
Random,10,52,2,0,81,inf
Random,10,52,2,0,82,inf
Random,10,52,2,0,83,inf
Random,10,52,2,0,84,inf
Random,10,52,2,0,85,inf
Random,10,52,2,0,86,inf
Random,10,52,2,0,87,inf
Random,10,52,2,0,88,inf
Random,10,52,2,0,89,inf
Random,10,52,2,0,90,inf
Random,10,52,2,0,91,inf
Random,10,52,2,0,92,inf
Random,10,52,2,0,93,inf
Random,10,52,2,0,94,inf
Random,10,52,2,0,95,inf
Random,10,52,2,0,96,inf
Random,10,52,2,0,97,inf
Random,10,52,2,0,98,inf
Random,10,52,2,0,99,inf
Random,10,52,2,0,100,inf
qLogEI,10,52,2,0,1,inf
qLogEI,10,52,2,0,2,inf
qLogEI,10,52,2,0,3,inf
qLogEI,10,52,2,0,4,inf
qLogEI,10,52,2,0,5,inf
qLogEI,10,52,2,0,6,inf
qLogEI,10,52,2,0,7,inf
qLogEI,10,52,2,0,8,inf
qLogEI,10,52,2,0,9,inf
qLogEI,10,52,2,0,10,inf
qLogEI,10,52,2,0,11,inf
qLogEI,10,52,2,0,12,inf
qLogEI,10,52,2,0,13,inf
qLogEI,10,52,2,0,14,inf
qLogEI,10,52,2,0,15,inf
qLogEI,10,52,2,0,16,inf
qLogEI,10,52,2,0,17,inf
qLogEI,10,52,2,0,18,inf
qLogEI,10,52,2,0,19,inf
qLogEI,10,52,2,0,20,inf
qLogEI,10,52,2,0,21,inf
qLogEI,10,52,2,0,22,inf
qLogEI,10,52,2,0,23,inf
qLogEI,10,52,2,0,24,inf
qLogEI,10,52,2,0,25,inf
qLogEI,10,52,2,0,26,inf
qLogEI,10,52,2,0,27,inf
qLogEI,10,52,2,0,28,inf
qLogEI,10,52,2,0,29,inf
qLogEI,10,52,2,0,30,inf
qLogEI,10,52,2,0,31,inf
qLogEI,10,52,2,0,32,inf
qLogEI,10,52,2,0,33,inf
qLogEI,10,52,2,0,34,inf
qLogEI,10,52,2,0,35,inf
qLogEI,10,52,2,0,36,inf
qLogEI,10,52,2,0,37,inf
qLogEI,10,52,2,0,38,inf
qLogEI,10,52,2,0,39,inf
qLogEI,10,52,2,0,40,inf
qLogEI,10,52,2,0,41,inf
qLogEI,10,52,2,0,42,inf
qLogEI,10,52,2,0,43,inf
qLogEI,10,52,2,0,44,inf
qLogEI,10,52,2,0,45,inf
qLogEI,10,52,2,0,46,inf
qLogEI,10,52,2,0,47,inf
qLogEI,10,52,2,0,48,inf
qLogEI,10,52,2,0,49,inf
qLogEI,10,52,2,0,50,inf
qLogEI,10,52,2,0,51,inf
qLogEI,10,52,2,0,52,inf
qLogEI,10,52,2,0,53,inf
qLogEI,10,52,2,0,54,inf
qLogEI,10,52,2,0,55,inf
qLogEI,10,52,2,0,56,inf
qLogEI,10,52,2,0,57,inf
qLogEI,10,52,2,0,58,inf
qLogEI,10,52,2,0,59,inf
qLogEI,10,52,2,0,60,inf
qLogEI,10,52,2,0,61,inf
qLogEI,10,52,2,0,62,inf
qLogEI,10,52,2,0,63,inf
qLogEI,10,52,2,0,64,inf
qLogEI,10,52,2,0,65,inf
qLogEI,10,52,2,0,66,inf
qLogEI,10,52,2,0,67,inf
qLogEI,10,52,2,0,68,inf
qLogEI,10,52,2,0,69,inf
qLogEI,10,52,2,0,70,inf
qLogEI,10,52,2,0,71,inf
qLogEI,10,52,2,0,72,inf
qLogEI,10,52,2,0,73,inf
qLogEI,10,52,2,0,74,inf
qLogEI,10,52,2,0,75,inf
qLogEI,10,52,2,0,76,inf
qLogEI,10,52,2,0,77,inf
qLogEI,10,52,2,0,78,inf
qLogEI,10,52,2,0,79,inf
qLogEI,10,52,2,0,80,inf
qLogEI,10,52,2,0,81,inf
qLogEI,10,52,2,0,82,inf
qLogEI,10,52,2,0,83,inf
qLogEI,10,52,2,0,84,inf
qLogEI,10,52,2,0,85,inf
qLogEI,10,52,2,0,86,inf
qLogEI,10,52,2,0,87,inf
qLogEI,10,52,2,0,88,inf
qLogEI,10,52,2,0,89,inf
qLogEI,10,52,2,0,90,inf
qLogEI,10,52,2,0,91,inf
qLogEI,10,52,2,0,92,inf
qLogEI,10,52,2,0,93,inf
qLogEI,10,52,2,0,94,inf
qLogEI,10,52,2,0,95,inf
qLogEI,10,52,2,0,96,inf
qLogEI,10,52,2,0,97,inf
qLogEI,10,52,2,0,98,inf
qLogEI,10,52,2,0,99,inf
qLogEI,10,52,2,0,100,inf
RL_Full,10,52,2,0,1,inf
RL_Full,10,52,2,0,2,inf
RL_Full,10,52,2,0,3,inf
RL_Full,10,52,2,0,4,inf
RL_Full,10,52,2,0,5,inf
RL_Full,10,52,2,0,6,inf
RL_Full,10,52,2,0,7,inf
RL_Full,10,52,2,0,8,inf
RL_Full,10,52,2,0,9,inf
RL_Full,10,52,2,0,10,inf
RL_Full,10,52,2,0,11,inf
RL_Full,10,52,2,0,12,inf
RL_Full,10,52,2,0,13,inf
RL_Full,10,52,2,0,14,inf
RL_Full,10,52,2,0,15,inf
RL_Full,10,52,2,0,16,inf
RL_Full,10,52,2,0,17,inf
RL_Full,10,52,2,0,18,inf
RL_Full,10,52,2,0,19,inf
RL_Full,10,52,2,0,20,inf
RL_Full,10,52,2,0,21,inf
RL_Full,10,52,2,0,22,inf
RL_Full,10,52,2,0,23,inf
RL_Full,10,52,2,0,24,inf
RL_Full,10,52,2,0,25,inf
RL_Full,10,52,2,0,26,inf
RL_Full,10,52,2,0,27,inf
RL_Full,10,52,2,0,28,inf
RL_Full,10,52,2,0,29,inf
RL_Full,10,52,2,0,30,inf
RL_Full,10,52,2,0,31,inf
RL_Full,10,52,2,0,32,inf
RL_Full,10,52,2,0,33,inf
RL_Full,10,52,2,0,34,inf
RL_Full,10,52,2,0,35,inf
RL_Full,10,52,2,0,36,inf
RL_Full,10,52,2,0,37,inf
RL_Full,10,52,2,0,38,inf
RL_Full,10,52,2,0,39,inf
RL_Full,10,52,2,0,40,inf
RL_Full,10,52,2,0,41,inf
RL_Full,10,52,2,0,42,inf
RL_Full,10,52,2,0,43,inf
RL_Full,10,52,2,0,44,inf
RL_Full,10,52,2,0,45,inf
RL_Full,10,52,2,0,46,inf
RL_Full,10,52,2,0,47,inf
RL_Full,10,52,2,0,48,inf
RL_Full,10,52,2,0,49,inf
RL_Full,10,52,2,0,50,inf
RL_Full,10,52,2,0,51,inf
RL_Full,10,52,2,0,52,inf
RL_Full,10,52,2,0,53,inf
RL_Full,10,52,2,0,54,inf
RL_Full,10,52,2,0,55,inf
RL_Full,10,52,2,0,56,inf
RL_Full,10,52,2,0,57,inf
RL_Full,10,52,2,0,58,inf
RL_Full,10,52,2,0,59,inf
RL_Full,10,52,2,0,60,inf
RL_Full,10,52,2,0,61,inf
RL_Full,10,52,2,0,62,inf
RL_Full,10,52,2,0,63,inf
RL_Full,10,52,2,0,64,inf
RL_Full,10,52,2,0,65,inf
RL_Full,10,52,2,0,66,inf
RL_Full,10,52,2,0,67,inf
RL_Full,10,52,2,0,68,inf
RL_Full,10,52,2,0,69,inf
RL_Full,10,52,2,0,70,inf
RL_Full,10,52,2,0,71,inf
RL_Full,10,52,2,0,72,inf
RL_Full,10,52,2,0,73,inf
RL_Full,10,52,2,0,74,inf
RL_Full,10,52,2,0,75,inf
RL_Full,10,52,2,0,76,inf
RL_Full,10,52,2,0,77,inf
RL_Full,10,52,2,0,78,inf
RL_Full,10,52,2,0,79,inf
RL_Full,10,52,2,0,80,inf
RL_Full,10,52,2,0,81,inf
RL_Full,10,52,2,0,82,inf
RL_Full,10,52,2,0,83,inf
RL_Full,10,52,2,0,84,inf
RL_Full,10,52,2,0,85,inf
RL_Full,10,52,2,0,86,inf
RL_Full,10,52,2,0,87,inf
RL_Full,10,52,2,0,88,inf
RL_Full,10,52,2,0,89,inf
RL_Full,10,52,2,0,90,inf
RL_Full,10,52,2,0,91,inf
RL_Full,10,52,2,0,92,inf
RL_Full,10,52,2,0,93,inf
RL_Full,10,52,2,0,94,inf
RL_Full,10,52,2,0,95,inf
RL_Full,10,52,2,0,96,inf
RL_Full,10,52,2,0,97,inf
RL_Full,10,52,2,0,98,inf
RL_Full,10,52,2,0,99,inf
RL_Full,10,52,2,0,100,inf
Random,10,52,2,1,1,inf
Random,10,52,2,1,2,inf
Random,10,52,2,1,3,inf
Random,10,52,2,1,4,inf
Random,10,52,2,1,5,inf
Random,10,52,2,1,6,inf
Random,10,52,2,1,7,inf
Random,10,52,2,1,8,inf
Random,10,52,2,1,9,inf
Random,10,52,2,1,10,inf
Random,10,52,2,1,11,inf
Random,10,52,2,1,12,inf
Random,10,52,2,1,13,inf
Random,10,52,2,1,14,inf
Random,10,52,2,1,15,inf
Random,10,52,2,1,16,inf
Random,10,52,2,1,17,inf
Random,10,52,2,1,18,inf
Random,10,52,2,1,19,inf
Random,10,52,2,1,20,inf
Random,10,52,2,1,21,inf
Random,10,52,2,1,22,inf
Random,10,52,2,1,23,inf
Random,10,52,2,1,24,inf
Random,10,52,2,1,25,inf
Random,10,52,2,1,26,inf
Random,10,52,2,1,27,inf
Random,10,52,2,1,28,inf
Random,10,52,2,1,29,inf
Random,10,52,2,1,30,inf
Random,10,52,2,1,31,inf
Random,10,52,2,1,32,inf
Random,10,52,2,1,33,inf
Random,10,52,2,1,34,inf
Random,10,52,2,1,35,inf
Random,10,52,2,1,36,inf
Random,10,52,2,1,37,inf
Random,10,52,2,1,38,inf
Random,10,52,2,1,39,inf
Random,10,52,2,1,40,inf
Random,10,52,2,1,41,inf
Random,10,52,2,1,42,inf
Random,10,52,2,1,43,inf
Random,10,52,2,1,44,inf
Random,10,52,2,1,45,inf
Random,10,52,2,1,46,inf
Random,10,52,2,1,47,inf
Random,10,52,2,1,48,inf
Random,10,52,2,1,49,inf
Random,10,52,2,1,50,inf
Random,10,52,2,1,51,inf
Random,10,52,2,1,52,inf
Random,10,52,2,1,53,inf
Random,10,52,2,1,54,inf
Random,10,52,2,1,55,inf
Random,10,52,2,1,56,inf
Random,10,52,2,1,57,inf
Random,10,52,2,1,58,inf
Random,10,52,2,1,59,inf
Random,10,52,2,1,60,inf
Random,10,52,2,1,61,inf
Random,10,52,2,1,62,inf
Random,10,52,2,1,63,inf
Random,10,52,2,1,64,inf
Random,10,52,2,1,65,inf
Random,10,52,2,1,66,inf
Random,10,52,2,1,67,inf
Random,10,52,2,1,68,inf
Random,10,52,2,1,69,inf
Random,10,52,2,1,70,inf
Random,10,52,2,1,71,inf
Random,10,52,2,1,72,inf
Random,10,52,2,1,73,inf
Random,10,52,2,1,74,inf
Random,10,52,2,1,75,inf
Random,10,52,2,1,76,inf
Random,10,52,2,1,77,inf
Random,10,52,2,1,78,inf
Random,10,52,2,1,79,inf
Random,10,52,2,1,80,inf
Random,10,52,2,1,81,inf
Random,10,52,2,1,82,inf
Random,10,52,2,1,83,inf
Random,10,52,2,1,84,inf
Random,10,52,2,1,85,inf
Random,10,52,2,1,86,inf
Random,10,52,2,1,87,inf
Random,10,52,2,1,88,inf
Random,10,52,2,1,89,inf
Random,10,52,2,1,90,inf
Random,10,52,2,1,91,inf
Random,10,52,2,1,92,inf
Random,10,52,2,1,93,inf
Random,10,52,2,1,94,inf
Random,10,52,2,1,95,inf
Random,10,52,2,1,96,inf
Random,10,52,2,1,97,inf
Random,10,52,2,1,98,inf
Random,10,52,2,1,99,inf
Random,10,52,2,1,100,inf
qLogEI,10,52,2,1,1,inf
qLogEI,10,52,2,1,2,inf
qLogEI,10,52,2,1,3,inf
qLogEI,10,52,2,1,4,inf
qLogEI,10,52,2,1,5,inf
qLogEI,10,52,2,1,6,inf
qLogEI,10,52,2,1,7,inf
qLogEI,10,52,2,1,8,inf
qLogEI,10,52,2,1,9,inf
qLogEI,10,52,2,1,10,inf
qLogEI,10,52,2,1,11,inf
qLogEI,10,52,2,1,12,inf
qLogEI,10,52,2,1,13,inf
qLogEI,10,52,2,1,14,inf
qLogEI,10,52,2,1,15,inf
qLogEI,10,52,2,1,16,inf
qLogEI,10,52,2,1,17,inf
qLogEI,10,52,2,1,18,inf
qLogEI,10,52,2,1,19,inf
qLogEI,10,52,2,1,20,inf
qLogEI,10,52,2,1,21,inf
qLogEI,10,52,2,1,22,inf
qLogEI,10,52,2,1,23,inf
qLogEI,10,52,2,1,24,inf
qLogEI,10,52,2,1,25,inf
qLogEI,10,52,2,1,26,inf
qLogEI,10,52,2,1,27,inf
qLogEI,10,52,2,1,28,inf
qLogEI,10,52,2,1,29,inf
qLogEI,10,52,2,1,30,inf
qLogEI,10,52,2,1,31,inf
qLogEI,10,52,2,1,32,inf
qLogEI,10,52,2,1,33,inf
qLogEI,10,52,2,1,34,inf
qLogEI,10,52,2,1,35,inf
qLogEI,10,52,2,1,36,inf
qLogEI,10,52,2,1,37,inf
qLogEI,10,52,2,1,38,inf
qLogEI,10,52,2,1,39,inf
qLogEI,10,52,2,1,40,inf
qLogEI,10,52,2,1,41,inf
qLogEI,10,52,2,1,42,inf
qLogEI,10,52,2,1,43,inf
qLogEI,10,52,2,1,44,inf
qLogEI,10,52,2,1,45,inf
qLogEI,10,52,2,1,46,inf
qLogEI,10,52,2,1,47,inf
qLogEI,10,52,2,1,48,inf
qLogEI,10,52,2,1,49,inf
qLogEI,10,52,2,1,50,inf
qLogEI,10,52,2,1,51,inf
qLogEI,10,52,2,1,52,inf
qLogEI,10,52,2,1,53,inf
qLogEI,10,52,2,1,54,inf
qLogEI,10,52,2,1,55,inf
qLogEI,10,52,2,1,56,inf
qLogEI,10,52,2,1,57,inf
qLogEI,10,52,2,1,58,inf
qLogEI,10,52,2,1,59,inf
qLogEI,10,52,2,1,60,inf
qLogEI,10,52,2,1,61,inf
qLogEI,10,52,2,1,62,inf
qLogEI,10,52,2,1,63,inf
qLogEI,10,52,2,1,64,inf
qLogEI,10,52,2,1,65,inf
qLogEI,10,52,2,1,66,inf
qLogEI,10,52,2,1,67,inf
qLogEI,10,52,2,1,68,inf
qLogEI,10,52,2,1,69,inf
qLogEI,10,52,2,1,70,inf
qLogEI,10,52,2,1,71,inf
qLogEI,10,52,2,1,72,inf
qLogEI,10,52,2,1,73,inf
qLogEI,10,52,2,1,74,inf
qLogEI,10,52,2,1,75,inf
qLogEI,10,52,2,1,76,inf
qLogEI,10,52,2,1,77,inf
qLogEI,10,52,2,1,78,inf
qLogEI,10,52,2,1,79,inf
qLogEI,10,52,2,1,80,inf
qLogEI,10,52,2,1,81,inf
qLogEI,10,52,2,1,82,inf
qLogEI,10,52,2,1,83,inf
qLogEI,10,52,2,1,84,inf
qLogEI,10,52,2,1,85,inf
qLogEI,10,52,2,1,86,inf
qLogEI,10,52,2,1,87,inf
qLogEI,10,52,2,1,88,inf
qLogEI,10,52,2,1,89,inf
qLogEI,10,52,2,1,90,inf
qLogEI,10,52,2,1,91,inf
qLogEI,10,52,2,1,92,inf
qLogEI,10,52,2,1,93,inf
qLogEI,10,52,2,1,94,inf
qLogEI,10,52,2,1,95,inf
qLogEI,10,52,2,1,96,inf
qLogEI,10,52,2,1,97,inf
qLogEI,10,52,2,1,98,inf
qLogEI,10,52,2,1,99,inf
qLogEI,10,52,2,1,100,inf
RL_Full,10,52,2,1,1,inf
RL_Full,10,52,2,1,2,inf
RL_Full,10,52,2,1,3,inf
RL_Full,10,52,2,1,4,inf
RL_Full,10,52,2,1,5,inf
RL_Full,10,52,2,1,6,inf
RL_Full,10,52,2,1,7,inf
RL_Full,10,52,2,1,8,inf
RL_Full,10,52,2,1,9,inf
RL_Full,10,52,2,1,10,inf
RL_Full,10,52,2,1,11,inf
RL_Full,10,52,2,1,12,inf
RL_Full,10,52,2,1,13,inf
RL_Full,10,52,2,1,14,inf
RL_Full,10,52,2,1,15,inf
RL_Full,10,52,2,1,16,inf
RL_Full,10,52,2,1,17,inf
RL_Full,10,52,2,1,18,inf
RL_Full,10,52,2,1,19,inf
RL_Full,10,52,2,1,20,inf
RL_Full,10,52,2,1,21,inf
RL_Full,10,52,2,1,22,inf
RL_Full,10,52,2,1,23,inf
RL_Full,10,52,2,1,24,inf
RL_Full,10,52,2,1,25,inf
RL_Full,10,52,2,1,26,inf
RL_Full,10,52,2,1,27,inf
RL_Full,10,52,2,1,28,inf
RL_Full,10,52,2,1,29,inf
RL_Full,10,52,2,1,30,inf
RL_Full,10,52,2,1,31,inf
RL_Full,10,52,2,1,32,inf
RL_Full,10,52,2,1,33,inf
RL_Full,10,52,2,1,34,inf
RL_Full,10,52,2,1,35,inf
RL_Full,10,52,2,1,36,inf
RL_Full,10,52,2,1,37,inf
RL_Full,10,52,2,1,38,inf
RL_Full,10,52,2,1,39,inf
RL_Full,10,52,2,1,40,inf
RL_Full,10,52,2,1,41,inf
RL_Full,10,52,2,1,42,inf
RL_Full,10,52,2,1,43,inf
RL_Full,10,52,2,1,44,inf
RL_Full,10,52,2,1,45,inf
RL_Full,10,52,2,1,46,inf
RL_Full,10,52,2,1,47,inf
RL_Full,10,52,2,1,48,inf
RL_Full,10,52,2,1,49,inf
RL_Full,10,52,2,1,50,inf
RL_Full,10,52,2,1,51,inf
RL_Full,10,52,2,1,52,inf
RL_Full,10,52,2,1,53,inf
RL_Full,10,52,2,1,54,inf
RL_Full,10,52,2,1,55,inf
RL_Full,10,52,2,1,56,inf
RL_Full,10,52,2,1,57,inf
RL_Full,10,52,2,1,58,inf
RL_Full,10,52,2,1,59,inf
RL_Full,10,52,2,1,60,inf
RL_Full,10,52,2,1,61,inf
RL_Full,10,52,2,1,62,inf
RL_Full,10,52,2,1,63,inf
RL_Full,10,52,2,1,64,inf
RL_Full,10,52,2,1,65,inf
RL_Full,10,52,2,1,66,inf
RL_Full,10,52,2,1,67,inf
RL_Full,10,52,2,1,68,inf
RL_Full,10,52,2,1,69,inf
RL_Full,10,52,2,1,70,inf
RL_Full,10,52,2,1,71,inf
RL_Full,10,52,2,1,72,inf
RL_Full,10,52,2,1,73,inf
RL_Full,10,52,2,1,74,inf
RL_Full,10,52,2,1,75,inf
RL_Full,10,52,2,1,76,inf
RL_Full,10,52,2,1,77,inf
RL_Full,10,52,2,1,78,inf
RL_Full,10,52,2,1,79,inf
RL_Full,10,52,2,1,80,inf
RL_Full,10,52,2,1,81,inf
RL_Full,10,52,2,1,82,inf
RL_Full,10,52,2,1,83,inf
RL_Full,10,52,2,1,84,inf
RL_Full,10,52,2,1,85,inf
RL_Full,10,52,2,1,86,inf
RL_Full,10,52,2,1,87,inf
RL_Full,10,52,2,1,88,inf
RL_Full,10,52,2,1,89,inf
RL_Full,10,52,2,1,90,inf
RL_Full,10,52,2,1,91,inf
RL_Full,10,52,2,1,92,inf
RL_Full,10,52,2,1,93,inf
RL_Full,10,52,2,1,94,inf
RL_Full,10,52,2,1,95,inf
RL_Full,10,52,2,1,96,inf
RL_Full,10,52,2,1,97,inf
RL_Full,10,52,2,1,98,inf
RL_Full,10,52,2,1,99,inf
RL_Full,10,52,2,1,100,inf
Random,10,52,2,2,1,inf
Random,10,52,2,2,2,inf
Random,10,52,2,2,3,inf
Random,10,52,2,2,4,inf
Random,10,52,2,2,5,inf
Random,10,52,2,2,6,inf
Random,10,52,2,2,7,inf
Random,10,52,2,2,8,inf
Random,10,52,2,2,9,inf
Random,10,52,2,2,10,inf
Random,10,52,2,2,11,inf
Random,10,52,2,2,12,inf
Random,10,52,2,2,13,inf
Random,10,52,2,2,14,inf
Random,10,52,2,2,15,inf
Random,10,52,2,2,16,inf
Random,10,52,2,2,17,inf
Random,10,52,2,2,18,inf
Random,10,52,2,2,19,inf
Random,10,52,2,2,20,inf
Random,10,52,2,2,21,inf
Random,10,52,2,2,22,inf
Random,10,52,2,2,23,inf
Random,10,52,2,2,24,inf
Random,10,52,2,2,25,inf
Random,10,52,2,2,26,inf
Random,10,52,2,2,27,inf
Random,10,52,2,2,28,inf
Random,10,52,2,2,29,inf
Random,10,52,2,2,30,inf
Random,10,52,2,2,31,inf
Random,10,52,2,2,32,inf
Random,10,52,2,2,33,inf
Random,10,52,2,2,34,inf
Random,10,52,2,2,35,inf
Random,10,52,2,2,36,inf
Random,10,52,2,2,37,inf
Random,10,52,2,2,38,inf
Random,10,52,2,2,39,inf
Random,10,52,2,2,40,inf
Random,10,52,2,2,41,inf
Random,10,52,2,2,42,inf
Random,10,52,2,2,43,inf
Random,10,52,2,2,44,inf
Random,10,52,2,2,45,inf
Random,10,52,2,2,46,inf
Random,10,52,2,2,47,inf
Random,10,52,2,2,48,inf
Random,10,52,2,2,49,inf
Random,10,52,2,2,50,inf
Random,10,52,2,2,51,inf
Random,10,52,2,2,52,inf
Random,10,52,2,2,53,inf
Random,10,52,2,2,54,inf
Random,10,52,2,2,55,inf
Random,10,52,2,2,56,inf
Random,10,52,2,2,57,inf
Random,10,52,2,2,58,inf
Random,10,52,2,2,59,inf
Random,10,52,2,2,60,inf
Random,10,52,2,2,61,inf
Random,10,52,2,2,62,inf
Random,10,52,2,2,63,inf
Random,10,52,2,2,64,inf
Random,10,52,2,2,65,inf
Random,10,52,2,2,66,inf
Random,10,52,2,2,67,inf
Random,10,52,2,2,68,inf
Random,10,52,2,2,69,inf
Random,10,52,2,2,70,inf
Random,10,52,2,2,71,inf
Random,10,52,2,2,72,inf
Random,10,52,2,2,73,inf
Random,10,52,2,2,74,inf
Random,10,52,2,2,75,inf
Random,10,52,2,2,76,inf
Random,10,52,2,2,77,inf
Random,10,52,2,2,78,inf
Random,10,52,2,2,79,inf
Random,10,52,2,2,80,inf
Random,10,52,2,2,81,inf
Random,10,52,2,2,82,inf
Random,10,52,2,2,83,inf
Random,10,52,2,2,84,inf
Random,10,52,2,2,85,inf
Random,10,52,2,2,86,inf
Random,10,52,2,2,87,inf
Random,10,52,2,2,88,inf
Random,10,52,2,2,89,inf
Random,10,52,2,2,90,inf
Random,10,52,2,2,91,inf
Random,10,52,2,2,92,inf
Random,10,52,2,2,93,inf
Random,10,52,2,2,94,inf
Random,10,52,2,2,95,inf
Random,10,52,2,2,96,inf
Random,10,52,2,2,97,inf
Random,10,52,2,2,98,inf
Random,10,52,2,2,99,inf
Random,10,52,2,2,100,inf
qLogEI,10,52,2,2,1,inf
qLogEI,10,52,2,2,2,inf
qLogEI,10,52,2,2,3,inf
qLogEI,10,52,2,2,4,inf
qLogEI,10,52,2,2,5,inf
qLogEI,10,52,2,2,6,inf
qLogEI,10,52,2,2,7,inf
qLogEI,10,52,2,2,8,inf
qLogEI,10,52,2,2,9,inf
qLogEI,10,52,2,2,10,inf
qLogEI,10,52,2,2,11,inf
qLogEI,10,52,2,2,12,inf
qLogEI,10,52,2,2,13,inf
qLogEI,10,52,2,2,14,inf
qLogEI,10,52,2,2,15,inf
qLogEI,10,52,2,2,16,inf
qLogEI,10,52,2,2,17,inf
qLogEI,10,52,2,2,18,inf
qLogEI,10,52,2,2,19,inf
qLogEI,10,52,2,2,20,inf
qLogEI,10,52,2,2,21,inf
qLogEI,10,52,2,2,22,inf
qLogEI,10,52,2,2,23,inf
qLogEI,10,52,2,2,24,inf
qLogEI,10,52,2,2,25,inf
qLogEI,10,52,2,2,26,inf
qLogEI,10,52,2,2,27,inf
qLogEI,10,52,2,2,28,inf
qLogEI,10,52,2,2,29,inf
qLogEI,10,52,2,2,30,inf
qLogEI,10,52,2,2,31,inf
qLogEI,10,52,2,2,32,inf
qLogEI,10,52,2,2,33,inf
qLogEI,10,52,2,2,34,inf
qLogEI,10,52,2,2,35,inf
qLogEI,10,52,2,2,36,inf
qLogEI,10,52,2,2,37,inf
qLogEI,10,52,2,2,38,inf
qLogEI,10,52,2,2,39,inf
qLogEI,10,52,2,2,40,inf
qLogEI,10,52,2,2,41,inf
qLogEI,10,52,2,2,42,inf
qLogEI,10,52,2,2,43,inf
qLogEI,10,52,2,2,44,inf
qLogEI,10,52,2,2,45,inf
qLogEI,10,52,2,2,46,inf
qLogEI,10,52,2,2,47,inf
qLogEI,10,52,2,2,48,inf
qLogEI,10,52,2,2,49,inf
qLogEI,10,52,2,2,50,inf
qLogEI,10,52,2,2,51,inf
qLogEI,10,52,2,2,52,inf
qLogEI,10,52,2,2,53,inf
qLogEI,10,52,2,2,54,inf
qLogEI,10,52,2,2,55,inf
qLogEI,10,52,2,2,56,inf
qLogEI,10,52,2,2,57,inf
qLogEI,10,52,2,2,58,inf
qLogEI,10,52,2,2,59,inf
qLogEI,10,52,2,2,60,inf
qLogEI,10,52,2,2,61,inf
qLogEI,10,52,2,2,62,inf
qLogEI,10,52,2,2,63,inf
qLogEI,10,52,2,2,64,inf
qLogEI,10,52,2,2,65,inf
qLogEI,10,52,2,2,66,inf
qLogEI,10,52,2,2,67,inf
qLogEI,10,52,2,2,68,inf
qLogEI,10,52,2,2,69,inf
qLogEI,10,52,2,2,70,inf
qLogEI,10,52,2,2,71,inf
qLogEI,10,52,2,2,72,inf
qLogEI,10,52,2,2,73,inf
qLogEI,10,52,2,2,74,inf
qLogEI,10,52,2,2,75,inf
qLogEI,10,52,2,2,76,inf
qLogEI,10,52,2,2,77,inf
qLogEI,10,52,2,2,78,inf
qLogEI,10,52,2,2,79,inf
qLogEI,10,52,2,2,80,inf
qLogEI,10,52,2,2,81,inf
qLogEI,10,52,2,2,82,inf
qLogEI,10,52,2,2,83,inf
qLogEI,10,52,2,2,84,inf
qLogEI,10,52,2,2,85,inf
qLogEI,10,52,2,2,86,inf
qLogEI,10,52,2,2,87,inf
qLogEI,10,52,2,2,88,inf
qLogEI,10,52,2,2,89,inf
qLogEI,10,52,2,2,90,inf
qLogEI,10,52,2,2,91,inf
qLogEI,10,52,2,2,92,inf
qLogEI,10,52,2,2,93,inf
qLogEI,10,52,2,2,94,inf
qLogEI,10,52,2,2,95,inf
qLogEI,10,52,2,2,96,inf
qLogEI,10,52,2,2,97,inf
qLogEI,10,52,2,2,98,inf
qLogEI,10,52,2,2,99,inf
qLogEI,10,52,2,2,100,inf
RL_Full,10,52,2,2,1,inf
RL_Full,10,52,2,2,2,inf
RL_Full,10,52,2,2,3,inf
RL_Full,10,52,2,2,4,inf
RL_Full,10,52,2,2,5,inf
RL_Full,10,52,2,2,6,inf
RL_Full,10,52,2,2,7,inf
RL_Full,10,52,2,2,8,inf
RL_Full,10,52,2,2,9,inf
RL_Full,10,52,2,2,10,inf
RL_Full,10,52,2,2,11,inf
RL_Full,10,52,2,2,12,inf
RL_Full,10,52,2,2,13,inf
RL_Full,10,52,2,2,14,inf
RL_Full,10,52,2,2,15,inf
RL_Full,10,52,2,2,16,inf
RL_Full,10,52,2,2,17,inf
RL_Full,10,52,2,2,18,inf
RL_Full,10,52,2,2,19,inf
RL_Full,10,52,2,2,20,inf
RL_Full,10,52,2,2,21,inf
RL_Full,10,52,2,2,22,inf
RL_Full,10,52,2,2,23,inf
RL_Full,10,52,2,2,24,inf
RL_Full,10,52,2,2,25,inf
RL_Full,10,52,2,2,26,inf
RL_Full,10,52,2,2,27,inf
RL_Full,10,52,2,2,28,inf
RL_Full,10,52,2,2,29,inf
RL_Full,10,52,2,2,30,inf
RL_Full,10,52,2,2,31,inf
RL_Full,10,52,2,2,32,inf
RL_Full,10,52,2,2,33,inf
RL_Full,10,52,2,2,34,inf
RL_Full,10,52,2,2,35,inf
RL_Full,10,52,2,2,36,inf
RL_Full,10,52,2,2,37,inf
RL_Full,10,52,2,2,38,inf
RL_Full,10,52,2,2,39,inf
RL_Full,10,52,2,2,40,inf
RL_Full,10,52,2,2,41,inf
RL_Full,10,52,2,2,42,inf
RL_Full,10,52,2,2,43,inf
RL_Full,10,52,2,2,44,inf
RL_Full,10,52,2,2,45,inf
RL_Full,10,52,2,2,46,inf
RL_Full,10,52,2,2,47,inf
RL_Full,10,52,2,2,48,inf
RL_Full,10,52,2,2,49,inf
RL_Full,10,52,2,2,50,inf
RL_Full,10,52,2,2,51,inf
RL_Full,10,52,2,2,52,inf
RL_Full,10,52,2,2,53,inf
RL_Full,10,52,2,2,54,inf
RL_Full,10,52,2,2,55,inf
RL_Full,10,52,2,2,56,inf
RL_Full,10,52,2,2,57,inf
RL_Full,10,52,2,2,58,inf
RL_Full,10,52,2,2,59,inf
RL_Full,10,52,2,2,60,inf
RL_Full,10,52,2,2,61,inf
RL_Full,10,52,2,2,62,inf
RL_Full,10,52,2,2,63,inf
RL_Full,10,52,2,2,64,inf
RL_Full,10,52,2,2,65,inf
RL_Full,10,52,2,2,66,inf
RL_Full,10,52,2,2,67,inf
RL_Full,10,52,2,2,68,inf
RL_Full,10,52,2,2,69,inf
RL_Full,10,52,2,2,70,inf
RL_Full,10,52,2,2,71,inf
RL_Full,10,52,2,2,72,inf
RL_Full,10,52,2,2,73,inf
RL_Full,10,52,2,2,74,inf
RL_Full,10,52,2,2,75,inf
RL_Full,10,52,2,2,76,inf
RL_Full,10,52,2,2,77,inf
RL_Full,10,52,2,2,78,inf
RL_Full,10,52,2,2,79,inf
RL_Full,10,52,2,2,80,inf
RL_Full,10,52,2,2,81,inf
RL_Full,10,52,2,2,82,inf
RL_Full,10,52,2,2,83,inf
RL_Full,10,52,2,2,84,inf
RL_Full,10,52,2,2,85,inf
RL_Full,10,52,2,2,86,inf
RL_Full,10,52,2,2,87,inf
RL_Full,10,52,2,2,88,inf
RL_Full,10,52,2,2,89,inf
RL_Full,10,52,2,2,90,inf
RL_Full,10,52,2,2,91,inf
RL_Full,10,52,2,2,92,inf
RL_Full,10,52,2,2,93,inf
RL_Full,10,52,2,2,94,inf
RL_Full,10,52,2,2,95,inf
RL_Full,10,52,2,2,96,inf
RL_Full,10,52,2,2,97,inf
RL_Full,10,52,2,2,98,inf
RL_Full,10,52,2,2,99,inf
RL_Full,10,52,2,2,100,inf
Random,10,52,2,3,1,inf
Random,10,52,2,3,2,inf
Random,10,52,2,3,3,inf
Random,10,52,2,3,4,inf
Random,10,52,2,3,5,inf
Random,10,52,2,3,6,inf
Random,10,52,2,3,7,inf
Random,10,52,2,3,8,inf
Random,10,52,2,3,9,inf
Random,10,52,2,3,10,inf
Random,10,52,2,3,11,inf
Random,10,52,2,3,12,inf
Random,10,52,2,3,13,inf
Random,10,52,2,3,14,inf
Random,10,52,2,3,15,inf
Random,10,52,2,3,16,inf
Random,10,52,2,3,17,inf
Random,10,52,2,3,18,inf
Random,10,52,2,3,19,inf
Random,10,52,2,3,20,inf
Random,10,52,2,3,21,inf
Random,10,52,2,3,22,inf
Random,10,52,2,3,23,inf
Random,10,52,2,3,24,inf
Random,10,52,2,3,25,inf
Random,10,52,2,3,26,inf
Random,10,52,2,3,27,inf
Random,10,52,2,3,28,inf
Random,10,52,2,3,29,inf
Random,10,52,2,3,30,inf
Random,10,52,2,3,31,inf
Random,10,52,2,3,32,inf
Random,10,52,2,3,33,inf
Random,10,52,2,3,34,inf
Random,10,52,2,3,35,inf
Random,10,52,2,3,36,inf
Random,10,52,2,3,37,inf
Random,10,52,2,3,38,inf
Random,10,52,2,3,39,inf
Random,10,52,2,3,40,inf
Random,10,52,2,3,41,inf
Random,10,52,2,3,42,inf
Random,10,52,2,3,43,inf
Random,10,52,2,3,44,inf
Random,10,52,2,3,45,inf
Random,10,52,2,3,46,inf
Random,10,52,2,3,47,inf
Random,10,52,2,3,48,inf
Random,10,52,2,3,49,inf
Random,10,52,2,3,50,inf
Random,10,52,2,3,51,inf
Random,10,52,2,3,52,inf
Random,10,52,2,3,53,inf
Random,10,52,2,3,54,inf
Random,10,52,2,3,55,inf
Random,10,52,2,3,56,inf
Random,10,52,2,3,57,inf
Random,10,52,2,3,58,inf
Random,10,52,2,3,59,inf
Random,10,52,2,3,60,inf
Random,10,52,2,3,61,inf
Random,10,52,2,3,62,inf
Random,10,52,2,3,63,inf
Random,10,52,2,3,64,inf
Random,10,52,2,3,65,inf
Random,10,52,2,3,66,inf
Random,10,52,2,3,67,inf
Random,10,52,2,3,68,inf
Random,10,52,2,3,69,inf
Random,10,52,2,3,70,inf
Random,10,52,2,3,71,inf
Random,10,52,2,3,72,inf
Random,10,52,2,3,73,inf
Random,10,52,2,3,74,inf
Random,10,52,2,3,75,inf
Random,10,52,2,3,76,inf
Random,10,52,2,3,77,inf
Random,10,52,2,3,78,inf
Random,10,52,2,3,79,inf
Random,10,52,2,3,80,inf
Random,10,52,2,3,81,inf
Random,10,52,2,3,82,inf
Random,10,52,2,3,83,inf
Random,10,52,2,3,84,inf
Random,10,52,2,3,85,inf
Random,10,52,2,3,86,inf
Random,10,52,2,3,87,inf
Random,10,52,2,3,88,inf
Random,10,52,2,3,89,inf
Random,10,52,2,3,90,inf
Random,10,52,2,3,91,inf
Random,10,52,2,3,92,inf
Random,10,52,2,3,93,inf
Random,10,52,2,3,94,inf
Random,10,52,2,3,95,inf
Random,10,52,2,3,96,inf
Random,10,52,2,3,97,inf
Random,10,52,2,3,98,inf
Random,10,52,2,3,99,inf
Random,10,52,2,3,100,inf
qLogEI,10,52,2,3,1,inf
qLogEI,10,52,2,3,2,inf
qLogEI,10,52,2,3,3,inf
qLogEI,10,52,2,3,4,inf
qLogEI,10,52,2,3,5,inf
qLogEI,10,52,2,3,6,inf
qLogEI,10,52,2,3,7,inf
qLogEI,10,52,2,3,8,inf
qLogEI,10,52,2,3,9,inf
qLogEI,10,52,2,3,10,inf
qLogEI,10,52,2,3,11,inf
qLogEI,10,52,2,3,12,inf
qLogEI,10,52,2,3,13,inf
qLogEI,10,52,2,3,14,inf
qLogEI,10,52,2,3,15,inf
qLogEI,10,52,2,3,16,inf
qLogEI,10,52,2,3,17,inf
qLogEI,10,52,2,3,18,inf
qLogEI,10,52,2,3,19,inf
qLogEI,10,52,2,3,20,inf
qLogEI,10,52,2,3,21,inf
qLogEI,10,52,2,3,22,inf
qLogEI,10,52,2,3,23,inf
qLogEI,10,52,2,3,24,inf
qLogEI,10,52,2,3,25,inf
qLogEI,10,52,2,3,26,inf
qLogEI,10,52,2,3,27,inf
qLogEI,10,52,2,3,28,inf
qLogEI,10,52,2,3,29,inf
qLogEI,10,52,2,3,30,inf
qLogEI,10,52,2,3,31,inf
qLogEI,10,52,2,3,32,inf
qLogEI,10,52,2,3,33,inf
qLogEI,10,52,2,3,34,inf
qLogEI,10,52,2,3,35,inf
qLogEI,10,52,2,3,36,inf
qLogEI,10,52,2,3,37,inf
qLogEI,10,52,2,3,38,inf
qLogEI,10,52,2,3,39,inf
qLogEI,10,52,2,3,40,inf
qLogEI,10,52,2,3,41,inf
qLogEI,10,52,2,3,42,inf
qLogEI,10,52,2,3,43,inf
qLogEI,10,52,2,3,44,inf
qLogEI,10,52,2,3,45,inf
qLogEI,10,52,2,3,46,inf
qLogEI,10,52,2,3,47,inf
qLogEI,10,52,2,3,48,inf
qLogEI,10,52,2,3,49,inf
qLogEI,10,52,2,3,50,inf
qLogEI,10,52,2,3,51,inf
qLogEI,10,52,2,3,52,inf
qLogEI,10,52,2,3,53,inf
qLogEI,10,52,2,3,54,inf
qLogEI,10,52,2,3,55,inf
qLogEI,10,52,2,3,56,inf
qLogEI,10,52,2,3,57,inf
qLogEI,10,52,2,3,58,inf
qLogEI,10,52,2,3,59,inf
qLogEI,10,52,2,3,60,inf
qLogEI,10,52,2,3,61,inf
qLogEI,10,52,2,3,62,inf
qLogEI,10,52,2,3,63,inf
qLogEI,10,52,2,3,64,inf
qLogEI,10,52,2,3,65,inf
qLogEI,10,52,2,3,66,inf
qLogEI,10,52,2,3,67,inf
qLogEI,10,52,2,3,68,inf
qLogEI,10,52,2,3,69,inf
qLogEI,10,52,2,3,70,inf
qLogEI,10,52,2,3,71,inf
qLogEI,10,52,2,3,72,inf
qLogEI,10,52,2,3,73,inf
qLogEI,10,52,2,3,74,inf
qLogEI,10,52,2,3,75,inf
qLogEI,10,52,2,3,76,inf
qLogEI,10,52,2,3,77,inf
qLogEI,10,52,2,3,78,inf
qLogEI,10,52,2,3,79,inf
qLogEI,10,52,2,3,80,inf
qLogEI,10,52,2,3,81,inf
qLogEI,10,52,2,3,82,inf
qLogEI,10,52,2,3,83,inf
qLogEI,10,52,2,3,84,inf
qLogEI,10,52,2,3,85,inf
qLogEI,10,52,2,3,86,inf
qLogEI,10,52,2,3,87,inf
qLogEI,10,52,2,3,88,inf
qLogEI,10,52,2,3,89,inf
qLogEI,10,52,2,3,90,inf
qLogEI,10,52,2,3,91,inf
qLogEI,10,52,2,3,92,inf
qLogEI,10,52,2,3,93,inf
qLogEI,10,52,2,3,94,inf
qLogEI,10,52,2,3,95,inf
qLogEI,10,52,2,3,96,inf
qLogEI,10,52,2,3,97,inf
qLogEI,10,52,2,3,98,inf
qLogEI,10,52,2,3,99,inf
qLogEI,10,52,2,3,100,inf
RL_Full,10,52,2,3,1,inf
RL_Full,10,52,2,3,2,inf
RL_Full,10,52,2,3,3,inf
RL_Full,10,52,2,3,4,inf
RL_Full,10,52,2,3,5,inf
RL_Full,10,52,2,3,6,inf
RL_Full,10,52,2,3,7,inf
RL_Full,10,52,2,3,8,inf
RL_Full,10,52,2,3,9,inf
RL_Full,10,52,2,3,10,inf
RL_Full,10,52,2,3,11,inf
RL_Full,10,52,2,3,12,inf
RL_Full,10,52,2,3,13,inf
RL_Full,10,52,2,3,14,inf
RL_Full,10,52,2,3,15,inf
RL_Full,10,52,2,3,16,inf
RL_Full,10,52,2,3,17,inf
RL_Full,10,52,2,3,18,inf
RL_Full,10,52,2,3,19,inf
RL_Full,10,52,2,3,20,inf
RL_Full,10,52,2,3,21,inf
RL_Full,10,52,2,3,22,inf
RL_Full,10,52,2,3,23,inf
RL_Full,10,52,2,3,24,inf
RL_Full,10,52,2,3,25,inf
RL_Full,10,52,2,3,26,inf
RL_Full,10,52,2,3,27,inf
RL_Full,10,52,2,3,28,inf
RL_Full,10,52,2,3,29,inf
RL_Full,10,52,2,3,30,inf
RL_Full,10,52,2,3,31,inf
RL_Full,10,52,2,3,32,inf
RL_Full,10,52,2,3,33,inf
RL_Full,10,52,2,3,34,inf
RL_Full,10,52,2,3,35,inf
RL_Full,10,52,2,3,36,inf
RL_Full,10,52,2,3,37,inf
RL_Full,10,52,2,3,38,inf
RL_Full,10,52,2,3,39,inf
RL_Full,10,52,2,3,40,inf
RL_Full,10,52,2,3,41,inf
RL_Full,10,52,2,3,42,inf
RL_Full,10,52,2,3,43,inf
RL_Full,10,52,2,3,44,inf
RL_Full,10,52,2,3,45,inf
RL_Full,10,52,2,3,46,inf
RL_Full,10,52,2,3,47,inf
RL_Full,10,52,2,3,48,inf
RL_Full,10,52,2,3,49,inf
RL_Full,10,52,2,3,50,inf
RL_Full,10,52,2,3,51,inf
RL_Full,10,52,2,3,52,inf
RL_Full,10,52,2,3,53,inf
RL_Full,10,52,2,3,54,inf
RL_Full,10,52,2,3,55,inf
RL_Full,10,52,2,3,56,inf
RL_Full,10,52,2,3,57,inf
RL_Full,10,52,2,3,58,inf
RL_Full,10,52,2,3,59,inf
RL_Full,10,52,2,3,60,inf
RL_Full,10,52,2,3,61,inf
RL_Full,10,52,2,3,62,inf
RL_Full,10,52,2,3,63,inf
RL_Full,10,52,2,3,64,inf
RL_Full,10,52,2,3,65,inf
RL_Full,10,52,2,3,66,inf
RL_Full,10,52,2,3,67,inf
RL_Full,10,52,2,3,68,inf
RL_Full,10,52,2,3,69,inf
RL_Full,10,52,2,3,70,inf
RL_Full,10,52,2,3,71,inf
RL_Full,10,52,2,3,72,inf
RL_Full,10,52,2,3,73,inf
RL_Full,10,52,2,3,74,inf
RL_Full,10,52,2,3,75,inf
RL_Full,10,52,2,3,76,inf
RL_Full,10,52,2,3,77,inf
RL_Full,10,52,2,3,78,inf
RL_Full,10,52,2,3,79,inf
RL_Full,10,52,2,3,80,inf
RL_Full,10,52,2,3,81,inf
RL_Full,10,52,2,3,82,inf
RL_Full,10,52,2,3,83,inf
RL_Full,10,52,2,3,84,inf
RL_Full,10,52,2,3,85,inf
RL_Full,10,52,2,3,86,inf
RL_Full,10,52,2,3,87,inf
RL_Full,10,52,2,3,88,inf
RL_Full,10,52,2,3,89,inf
RL_Full,10,52,2,3,90,inf
RL_Full,10,52,2,3,91,inf
RL_Full,10,52,2,3,92,inf
RL_Full,10,52,2,3,93,inf
RL_Full,10,52,2,3,94,inf
RL_Full,10,52,2,3,95,inf
RL_Full,10,52,2,3,96,inf
RL_Full,10,52,2,3,97,inf
RL_Full,10,52,2,3,98,inf
RL_Full,10,52,2,3,99,inf
RL_Full,10,52,2,3,100,inf
Random,10,52,2,4,1,inf
Random,10,52,2,4,2,inf
Random,10,52,2,4,3,inf
Random,10,52,2,4,4,inf
Random,10,52,2,4,5,inf
Random,10,52,2,4,6,inf
Random,10,52,2,4,7,inf
Random,10,52,2,4,8,inf
Random,10,52,2,4,9,inf
Random,10,52,2,4,10,inf
Random,10,52,2,4,11,inf
Random,10,52,2,4,12,inf
Random,10,52,2,4,13,inf
Random,10,52,2,4,14,inf
Random,10,52,2,4,15,inf
Random,10,52,2,4,16,inf
Random,10,52,2,4,17,inf
Random,10,52,2,4,18,inf
Random,10,52,2,4,19,inf
Random,10,52,2,4,20,inf
Random,10,52,2,4,21,inf
Random,10,52,2,4,22,inf
Random,10,52,2,4,23,inf
Random,10,52,2,4,24,inf
Random,10,52,2,4,25,inf
Random,10,52,2,4,26,inf
Random,10,52,2,4,27,inf
Random,10,52,2,4,28,inf
Random,10,52,2,4,29,inf
Random,10,52,2,4,30,inf
Random,10,52,2,4,31,inf
Random,10,52,2,4,32,inf
Random,10,52,2,4,33,inf
Random,10,52,2,4,34,inf
Random,10,52,2,4,35,inf
Random,10,52,2,4,36,inf
Random,10,52,2,4,37,inf
Random,10,52,2,4,38,inf
Random,10,52,2,4,39,inf
Random,10,52,2,4,40,inf
Random,10,52,2,4,41,inf
Random,10,52,2,4,42,inf
Random,10,52,2,4,43,inf
Random,10,52,2,4,44,inf
Random,10,52,2,4,45,inf
Random,10,52,2,4,46,inf
Random,10,52,2,4,47,inf
Random,10,52,2,4,48,inf
Random,10,52,2,4,49,inf
Random,10,52,2,4,50,inf
Random,10,52,2,4,51,inf
Random,10,52,2,4,52,inf
Random,10,52,2,4,53,inf
Random,10,52,2,4,54,inf
Random,10,52,2,4,55,inf
Random,10,52,2,4,56,inf
Random,10,52,2,4,57,inf
Random,10,52,2,4,58,inf
Random,10,52,2,4,59,inf
Random,10,52,2,4,60,inf
Random,10,52,2,4,61,inf
Random,10,52,2,4,62,inf
Random,10,52,2,4,63,inf
Random,10,52,2,4,64,inf
Random,10,52,2,4,65,inf
Random,10,52,2,4,66,inf
Random,10,52,2,4,67,inf
Random,10,52,2,4,68,inf
Random,10,52,2,4,69,inf
Random,10,52,2,4,70,inf
Random,10,52,2,4,71,inf
Random,10,52,2,4,72,inf
Random,10,52,2,4,73,inf
Random,10,52,2,4,74,inf
Random,10,52,2,4,75,inf
Random,10,52,2,4,76,inf
Random,10,52,2,4,77,inf
Random,10,52,2,4,78,inf
Random,10,52,2,4,79,inf
Random,10,52,2,4,80,inf
Random,10,52,2,4,81,inf
Random,10,52,2,4,82,inf
Random,10,52,2,4,83,inf
Random,10,52,2,4,84,inf
Random,10,52,2,4,85,inf
Random,10,52,2,4,86,inf
Random,10,52,2,4,87,inf
Random,10,52,2,4,88,inf
Random,10,52,2,4,89,inf
Random,10,52,2,4,90,inf
Random,10,52,2,4,91,inf
Random,10,52,2,4,92,inf
Random,10,52,2,4,93,inf
Random,10,52,2,4,94,inf
Random,10,52,2,4,95,inf
Random,10,52,2,4,96,inf
Random,10,52,2,4,97,inf
Random,10,52,2,4,98,inf
Random,10,52,2,4,99,inf
Random,10,52,2,4,100,inf
qLogEI,10,52,2,4,1,inf
qLogEI,10,52,2,4,2,inf
qLogEI,10,52,2,4,3,inf
qLogEI,10,52,2,4,4,inf
qLogEI,10,52,2,4,5,inf
qLogEI,10,52,2,4,6,inf
qLogEI,10,52,2,4,7,inf
qLogEI,10,52,2,4,8,inf
qLogEI,10,52,2,4,9,inf
qLogEI,10,52,2,4,10,inf
qLogEI,10,52,2,4,11,inf
qLogEI,10,52,2,4,12,inf
qLogEI,10,52,2,4,13,inf
qLogEI,10,52,2,4,14,inf
qLogEI,10,52,2,4,15,inf
qLogEI,10,52,2,4,16,inf
qLogEI,10,52,2,4,17,inf
qLogEI,10,52,2,4,18,inf
qLogEI,10,52,2,4,19,inf
qLogEI,10,52,2,4,20,inf
qLogEI,10,52,2,4,21,inf
qLogEI,10,52,2,4,22,inf
qLogEI,10,52,2,4,23,inf
qLogEI,10,52,2,4,24,inf
qLogEI,10,52,2,4,25,inf
qLogEI,10,52,2,4,26,inf
qLogEI,10,52,2,4,27,inf
qLogEI,10,52,2,4,28,inf
qLogEI,10,52,2,4,29,inf
qLogEI,10,52,2,4,30,inf
qLogEI,10,52,2,4,31,inf
qLogEI,10,52,2,4,32,inf
qLogEI,10,52,2,4,33,inf
qLogEI,10,52,2,4,34,inf
qLogEI,10,52,2,4,35,inf
qLogEI,10,52,2,4,36,inf
qLogEI,10,52,2,4,37,inf
qLogEI,10,52,2,4,38,inf
qLogEI,10,52,2,4,39,inf
qLogEI,10,52,2,4,40,inf
qLogEI,10,52,2,4,41,inf
qLogEI,10,52,2,4,42,inf
qLogEI,10,52,2,4,43,inf
qLogEI,10,52,2,4,44,inf
qLogEI,10,52,2,4,45,inf
qLogEI,10,52,2,4,46,inf
qLogEI,10,52,2,4,47,inf
qLogEI,10,52,2,4,48,inf
qLogEI,10,52,2,4,49,inf
qLogEI,10,52,2,4,50,inf
qLogEI,10,52,2,4,51,inf
qLogEI,10,52,2,4,52,inf
qLogEI,10,52,2,4,53,inf
qLogEI,10,52,2,4,54,inf
qLogEI,10,52,2,4,55,inf
qLogEI,10,52,2,4,56,inf
qLogEI,10,52,2,4,57,inf
qLogEI,10,52,2,4,58,inf
qLogEI,10,52,2,4,59,inf
qLogEI,10,52,2,4,60,inf
qLogEI,10,52,2,4,61,inf
qLogEI,10,52,2,4,62,inf
qLogEI,10,52,2,4,63,inf
qLogEI,10,52,2,4,64,inf
qLogEI,10,52,2,4,65,inf
qLogEI,10,52,2,4,66,inf
qLogEI,10,52,2,4,67,inf
qLogEI,10,52,2,4,68,inf
qLogEI,10,52,2,4,69,inf
qLogEI,10,52,2,4,70,inf
qLogEI,10,52,2,4,71,inf
qLogEI,10,52,2,4,72,inf
qLogEI,10,52,2,4,73,inf
qLogEI,10,52,2,4,74,inf
qLogEI,10,52,2,4,75,inf
qLogEI,10,52,2,4,76,inf
qLogEI,10,52,2,4,77,inf
qLogEI,10,52,2,4,78,inf
qLogEI,10,52,2,4,79,inf
qLogEI,10,52,2,4,80,inf
qLogEI,10,52,2,4,81,inf
qLogEI,10,52,2,4,82,inf
qLogEI,10,52,2,4,83,inf
qLogEI,10,52,2,4,84,inf
qLogEI,10,52,2,4,85,inf
qLogEI,10,52,2,4,86,inf
qLogEI,10,52,2,4,87,inf
qLogEI,10,52,2,4,88,inf
qLogEI,10,52,2,4,89,inf
qLogEI,10,52,2,4,90,inf
qLogEI,10,52,2,4,91,inf
qLogEI,10,52,2,4,92,inf
qLogEI,10,52,2,4,93,inf
qLogEI,10,52,2,4,94,inf
qLogEI,10,52,2,4,95,inf
qLogEI,10,52,2,4,96,inf
qLogEI,10,52,2,4,97,inf
qLogEI,10,52,2,4,98,inf
qLogEI,10,52,2,4,99,inf
qLogEI,10,52,2,4,100,inf
RL_Full,10,52,2,4,1,inf
RL_Full,10,52,2,4,2,inf
RL_Full,10,52,2,4,3,inf
RL_Full,10,52,2,4,4,inf
RL_Full,10,52,2,4,5,inf
RL_Full,10,52,2,4,6,inf
RL_Full,10,52,2,4,7,inf
RL_Full,10,52,2,4,8,inf
RL_Full,10,52,2,4,9,inf
RL_Full,10,52,2,4,10,inf
RL_Full,10,52,2,4,11,inf
RL_Full,10,52,2,4,12,inf
RL_Full,10,52,2,4,13,inf
RL_Full,10,52,2,4,14,inf
RL_Full,10,52,2,4,15,inf
RL_Full,10,52,2,4,16,inf
RL_Full,10,52,2,4,17,inf
RL_Full,10,52,2,4,18,inf
RL_Full,10,52,2,4,19,inf
RL_Full,10,52,2,4,20,inf
RL_Full,10,52,2,4,21,inf
RL_Full,10,52,2,4,22,inf
RL_Full,10,52,2,4,23,inf
RL_Full,10,52,2,4,24,inf
RL_Full,10,52,2,4,25,inf
RL_Full,10,52,2,4,26,inf
RL_Full,10,52,2,4,27,inf
RL_Full,10,52,2,4,28,inf
RL_Full,10,52,2,4,29,inf
RL_Full,10,52,2,4,30,inf
RL_Full,10,52,2,4,31,inf
RL_Full,10,52,2,4,32,inf
RL_Full,10,52,2,4,33,inf
RL_Full,10,52,2,4,34,inf
RL_Full,10,52,2,4,35,inf
RL_Full,10,52,2,4,36,inf
RL_Full,10,52,2,4,37,inf
RL_Full,10,52,2,4,38,inf
RL_Full,10,52,2,4,39,inf
RL_Full,10,52,2,4,40,inf
RL_Full,10,52,2,4,41,inf
RL_Full,10,52,2,4,42,inf
RL_Full,10,52,2,4,43,inf
RL_Full,10,52,2,4,44,inf
RL_Full,10,52,2,4,45,inf
RL_Full,10,52,2,4,46,inf
RL_Full,10,52,2,4,47,inf
RL_Full,10,52,2,4,48,inf
RL_Full,10,52,2,4,49,inf
RL_Full,10,52,2,4,50,inf
RL_Full,10,52,2,4,51,inf
RL_Full,10,52,2,4,52,inf
RL_Full,10,52,2,4,53,inf
RL_Full,10,52,2,4,54,inf
RL_Full,10,52,2,4,55,inf
RL_Full,10,52,2,4,56,inf
RL_Full,10,52,2,4,57,inf
RL_Full,10,52,2,4,58,inf
RL_Full,10,52,2,4,59,inf
RL_Full,10,52,2,4,60,inf
RL_Full,10,52,2,4,61,inf
RL_Full,10,52,2,4,62,inf
RL_Full,10,52,2,4,63,inf
RL_Full,10,52,2,4,64,inf
RL_Full,10,52,2,4,65,inf
RL_Full,10,52,2,4,66,inf
RL_Full,10,52,2,4,67,inf
RL_Full,10,52,2,4,68,inf
RL_Full,10,52,2,4,69,inf
RL_Full,10,52,2,4,70,inf
RL_Full,10,52,2,4,71,inf
RL_Full,10,52,2,4,72,inf
RL_Full,10,52,2,4,73,inf
RL_Full,10,52,2,4,74,inf
RL_Full,10,52,2,4,75,inf
RL_Full,10,52,2,4,76,inf
RL_Full,10,52,2,4,77,inf
RL_Full,10,52,2,4,78,inf
RL_Full,10,52,2,4,79,inf
RL_Full,10,52,2,4,80,inf
RL_Full,10,52,2,4,81,inf
RL_Full,10,52,2,4,82,inf
RL_Full,10,52,2,4,83,inf
RL_Full,10,52,2,4,84,inf
RL_Full,10,52,2,4,85,inf
RL_Full,10,52,2,4,86,inf
RL_Full,10,52,2,4,87,inf
RL_Full,10,52,2,4,88,inf
RL_Full,10,52,2,4,89,inf
RL_Full,10,52,2,4,90,inf
RL_Full,10,52,2,4,91,inf
RL_Full,10,52,2,4,92,inf
RL_Full,10,52,2,4,93,inf
RL_Full,10,52,2,4,94,inf
RL_Full,10,52,2,4,95,inf
RL_Full,10,52,2,4,96,inf
RL_Full,10,52,2,4,97,inf
RL_Full,10,52,2,4,98,inf
RL_Full,10,52,2,4,99,inf
RL_Full,10,52,2,4,100,inf
Random,10,52,3,0,1,inf
Random,10,52,3,0,2,inf
Random,10,52,3,0,3,inf
Random,10,52,3,0,4,inf
Random,10,52,3,0,5,inf
Random,10,52,3,0,6,inf
Random,10,52,3,0,7,inf
Random,10,52,3,0,8,inf
Random,10,52,3,0,9,inf
Random,10,52,3,0,10,inf
Random,10,52,3,0,11,inf
Random,10,52,3,0,12,inf
Random,10,52,3,0,13,inf
Random,10,52,3,0,14,inf
Random,10,52,3,0,15,inf
Random,10,52,3,0,16,inf
Random,10,52,3,0,17,inf
Random,10,52,3,0,18,inf
Random,10,52,3,0,19,inf
Random,10,52,3,0,20,inf
Random,10,52,3,0,21,inf
Random,10,52,3,0,22,inf
Random,10,52,3,0,23,inf
Random,10,52,3,0,24,inf
Random,10,52,3,0,25,inf
Random,10,52,3,0,26,inf
Random,10,52,3,0,27,inf
Random,10,52,3,0,28,inf
Random,10,52,3,0,29,inf
Random,10,52,3,0,30,inf
Random,10,52,3,0,31,inf
Random,10,52,3,0,32,inf
Random,10,52,3,0,33,inf
Random,10,52,3,0,34,inf
Random,10,52,3,0,35,inf
Random,10,52,3,0,36,inf
Random,10,52,3,0,37,inf
Random,10,52,3,0,38,inf
Random,10,52,3,0,39,inf
Random,10,52,3,0,40,inf
Random,10,52,3,0,41,inf
Random,10,52,3,0,42,inf
Random,10,52,3,0,43,inf
Random,10,52,3,0,44,inf
Random,10,52,3,0,45,inf
Random,10,52,3,0,46,inf
Random,10,52,3,0,47,inf
Random,10,52,3,0,48,inf
Random,10,52,3,0,49,inf
Random,10,52,3,0,50,inf
Random,10,52,3,0,51,inf
Random,10,52,3,0,52,inf
Random,10,52,3,0,53,inf
Random,10,52,3,0,54,inf
Random,10,52,3,0,55,inf
Random,10,52,3,0,56,inf
Random,10,52,3,0,57,inf
Random,10,52,3,0,58,inf
Random,10,52,3,0,59,inf
Random,10,52,3,0,60,inf
Random,10,52,3,0,61,inf
Random,10,52,3,0,62,inf
Random,10,52,3,0,63,inf
Random,10,52,3,0,64,inf
Random,10,52,3,0,65,inf
Random,10,52,3,0,66,inf
Random,10,52,3,0,67,inf
Random,10,52,3,0,68,inf
Random,10,52,3,0,69,inf
Random,10,52,3,0,70,inf
Random,10,52,3,0,71,inf
Random,10,52,3,0,72,inf
Random,10,52,3,0,73,inf
Random,10,52,3,0,74,inf
Random,10,52,3,0,75,inf
Random,10,52,3,0,76,inf
Random,10,52,3,0,77,inf
Random,10,52,3,0,78,inf
Random,10,52,3,0,79,inf
Random,10,52,3,0,80,inf
Random,10,52,3,0,81,inf
Random,10,52,3,0,82,inf
Random,10,52,3,0,83,inf
Random,10,52,3,0,84,inf
Random,10,52,3,0,85,inf
Random,10,52,3,0,86,inf
Random,10,52,3,0,87,inf
Random,10,52,3,0,88,inf
Random,10,52,3,0,89,inf
Random,10,52,3,0,90,inf
Random,10,52,3,0,91,inf
Random,10,52,3,0,92,inf
Random,10,52,3,0,93,inf
Random,10,52,3,0,94,inf
Random,10,52,3,0,95,inf
Random,10,52,3,0,96,inf
Random,10,52,3,0,97,inf
Random,10,52,3,0,98,inf
Random,10,52,3,0,99,inf
Random,10,52,3,0,100,inf
qLogEI,10,52,3,0,1,inf
qLogEI,10,52,3,0,2,inf
qLogEI,10,52,3,0,3,inf
qLogEI,10,52,3,0,4,inf
qLogEI,10,52,3,0,5,inf
qLogEI,10,52,3,0,6,inf
qLogEI,10,52,3,0,7,inf
qLogEI,10,52,3,0,8,inf
qLogEI,10,52,3,0,9,inf
qLogEI,10,52,3,0,10,inf
qLogEI,10,52,3,0,11,inf
qLogEI,10,52,3,0,12,inf
qLogEI,10,52,3,0,13,inf
qLogEI,10,52,3,0,14,inf
qLogEI,10,52,3,0,15,inf
qLogEI,10,52,3,0,16,inf
qLogEI,10,52,3,0,17,inf
qLogEI,10,52,3,0,18,inf
qLogEI,10,52,3,0,19,inf
qLogEI,10,52,3,0,20,inf
qLogEI,10,52,3,0,21,inf
qLogEI,10,52,3,0,22,inf
qLogEI,10,52,3,0,23,inf
qLogEI,10,52,3,0,24,inf
qLogEI,10,52,3,0,25,inf
qLogEI,10,52,3,0,26,inf
qLogEI,10,52,3,0,27,inf
qLogEI,10,52,3,0,28,inf
qLogEI,10,52,3,0,29,inf
qLogEI,10,52,3,0,30,inf
qLogEI,10,52,3,0,31,inf
qLogEI,10,52,3,0,32,inf
qLogEI,10,52,3,0,33,inf
qLogEI,10,52,3,0,34,inf
qLogEI,10,52,3,0,35,inf
qLogEI,10,52,3,0,36,inf
qLogEI,10,52,3,0,37,inf
qLogEI,10,52,3,0,38,inf
qLogEI,10,52,3,0,39,inf
qLogEI,10,52,3,0,40,inf
qLogEI,10,52,3,0,41,inf
qLogEI,10,52,3,0,42,inf
qLogEI,10,52,3,0,43,inf
qLogEI,10,52,3,0,44,inf
qLogEI,10,52,3,0,45,inf
qLogEI,10,52,3,0,46,inf
qLogEI,10,52,3,0,47,inf
qLogEI,10,52,3,0,48,inf
qLogEI,10,52,3,0,49,inf
qLogEI,10,52,3,0,50,inf
qLogEI,10,52,3,0,51,inf
qLogEI,10,52,3,0,52,inf
qLogEI,10,52,3,0,53,inf
qLogEI,10,52,3,0,54,inf
qLogEI,10,52,3,0,55,inf
qLogEI,10,52,3,0,56,inf
qLogEI,10,52,3,0,57,inf
qLogEI,10,52,3,0,58,inf
qLogEI,10,52,3,0,59,inf
qLogEI,10,52,3,0,60,inf
qLogEI,10,52,3,0,61,inf
qLogEI,10,52,3,0,62,inf
qLogEI,10,52,3,0,63,inf
qLogEI,10,52,3,0,64,inf
qLogEI,10,52,3,0,65,inf
qLogEI,10,52,3,0,66,inf
qLogEI,10,52,3,0,67,inf
qLogEI,10,52,3,0,68,inf
qLogEI,10,52,3,0,69,inf
qLogEI,10,52,3,0,70,inf
qLogEI,10,52,3,0,71,inf
qLogEI,10,52,3,0,72,inf
qLogEI,10,52,3,0,73,inf
qLogEI,10,52,3,0,74,inf
qLogEI,10,52,3,0,75,inf
qLogEI,10,52,3,0,76,inf
qLogEI,10,52,3,0,77,inf
qLogEI,10,52,3,0,78,inf
qLogEI,10,52,3,0,79,inf
qLogEI,10,52,3,0,80,inf
qLogEI,10,52,3,0,81,inf
qLogEI,10,52,3,0,82,inf
qLogEI,10,52,3,0,83,inf
qLogEI,10,52,3,0,84,inf
qLogEI,10,52,3,0,85,inf
qLogEI,10,52,3,0,86,inf
qLogEI,10,52,3,0,87,inf
qLogEI,10,52,3,0,88,inf
qLogEI,10,52,3,0,89,inf
qLogEI,10,52,3,0,90,inf
qLogEI,10,52,3,0,91,inf
qLogEI,10,52,3,0,92,inf
qLogEI,10,52,3,0,93,inf
qLogEI,10,52,3,0,94,inf
qLogEI,10,52,3,0,95,inf
qLogEI,10,52,3,0,96,inf
qLogEI,10,52,3,0,97,inf
qLogEI,10,52,3,0,98,inf
qLogEI,10,52,3,0,99,inf
qLogEI,10,52,3,0,100,inf
RL_Full,10,52,3,0,1,inf
RL_Full,10,52,3,0,2,inf
RL_Full,10,52,3,0,3,inf
RL_Full,10,52,3,0,4,inf
RL_Full,10,52,3,0,5,inf
RL_Full,10,52,3,0,6,inf
RL_Full,10,52,3,0,7,inf
RL_Full,10,52,3,0,8,inf
RL_Full,10,52,3,0,9,inf
RL_Full,10,52,3,0,10,inf
RL_Full,10,52,3,0,11,inf
RL_Full,10,52,3,0,12,inf
RL_Full,10,52,3,0,13,inf
RL_Full,10,52,3,0,14,inf
RL_Full,10,52,3,0,15,inf
RL_Full,10,52,3,0,16,inf
RL_Full,10,52,3,0,17,inf
RL_Full,10,52,3,0,18,inf
RL_Full,10,52,3,0,19,inf
RL_Full,10,52,3,0,20,inf
RL_Full,10,52,3,0,21,inf
RL_Full,10,52,3,0,22,inf
RL_Full,10,52,3,0,23,inf
RL_Full,10,52,3,0,24,inf
RL_Full,10,52,3,0,25,inf
RL_Full,10,52,3,0,26,inf
RL_Full,10,52,3,0,27,inf
RL_Full,10,52,3,0,28,inf
RL_Full,10,52,3,0,29,inf
RL_Full,10,52,3,0,30,inf
RL_Full,10,52,3,0,31,inf
RL_Full,10,52,3,0,32,inf
RL_Full,10,52,3,0,33,inf
RL_Full,10,52,3,0,34,inf
RL_Full,10,52,3,0,35,inf
RL_Full,10,52,3,0,36,inf
RL_Full,10,52,3,0,37,inf
RL_Full,10,52,3,0,38,inf
RL_Full,10,52,3,0,39,inf
RL_Full,10,52,3,0,40,inf
RL_Full,10,52,3,0,41,inf
RL_Full,10,52,3,0,42,inf
RL_Full,10,52,3,0,43,inf
RL_Full,10,52,3,0,44,inf
RL_Full,10,52,3,0,45,inf
RL_Full,10,52,3,0,46,inf
RL_Full,10,52,3,0,47,inf
RL_Full,10,52,3,0,48,inf
RL_Full,10,52,3,0,49,inf
RL_Full,10,52,3,0,50,inf
RL_Full,10,52,3,0,51,inf
RL_Full,10,52,3,0,52,inf
RL_Full,10,52,3,0,53,inf
RL_Full,10,52,3,0,54,inf
RL_Full,10,52,3,0,55,inf
RL_Full,10,52,3,0,56,inf
RL_Full,10,52,3,0,57,inf
RL_Full,10,52,3,0,58,inf
RL_Full,10,52,3,0,59,inf
RL_Full,10,52,3,0,60,inf
RL_Full,10,52,3,0,61,inf
RL_Full,10,52,3,0,62,inf
RL_Full,10,52,3,0,63,inf
RL_Full,10,52,3,0,64,inf
RL_Full,10,52,3,0,65,inf
RL_Full,10,52,3,0,66,inf
RL_Full,10,52,3,0,67,inf
RL_Full,10,52,3,0,68,inf
RL_Full,10,52,3,0,69,inf
RL_Full,10,52,3,0,70,inf
RL_Full,10,52,3,0,71,inf
RL_Full,10,52,3,0,72,inf
RL_Full,10,52,3,0,73,inf
RL_Full,10,52,3,0,74,inf
RL_Full,10,52,3,0,75,inf
RL_Full,10,52,3,0,76,inf
RL_Full,10,52,3,0,77,inf
RL_Full,10,52,3,0,78,inf
RL_Full,10,52,3,0,79,inf
RL_Full,10,52,3,0,80,inf
RL_Full,10,52,3,0,81,inf
RL_Full,10,52,3,0,82,inf
RL_Full,10,52,3,0,83,inf
RL_Full,10,52,3,0,84,inf
RL_Full,10,52,3,0,85,inf
RL_Full,10,52,3,0,86,inf
RL_Full,10,52,3,0,87,inf
RL_Full,10,52,3,0,88,inf
RL_Full,10,52,3,0,89,inf
RL_Full,10,52,3,0,90,inf
RL_Full,10,52,3,0,91,inf
RL_Full,10,52,3,0,92,inf
RL_Full,10,52,3,0,93,inf
RL_Full,10,52,3,0,94,inf
RL_Full,10,52,3,0,95,inf
RL_Full,10,52,3,0,96,inf
RL_Full,10,52,3,0,97,inf
RL_Full,10,52,3,0,98,inf
RL_Full,10,52,3,0,99,inf
RL_Full,10,52,3,0,100,inf
Random,10,52,3,1,1,inf
Random,10,52,3,1,2,inf
Random,10,52,3,1,3,inf
Random,10,52,3,1,4,inf
Random,10,52,3,1,5,inf
Random,10,52,3,1,6,inf
Random,10,52,3,1,7,inf
Random,10,52,3,1,8,inf
Random,10,52,3,1,9,inf
Random,10,52,3,1,10,inf
Random,10,52,3,1,11,inf
Random,10,52,3,1,12,inf
Random,10,52,3,1,13,inf
Random,10,52,3,1,14,inf
Random,10,52,3,1,15,inf
Random,10,52,3,1,16,inf
Random,10,52,3,1,17,inf
Random,10,52,3,1,18,inf
Random,10,52,3,1,19,inf
Random,10,52,3,1,20,inf
Random,10,52,3,1,21,inf
Random,10,52,3,1,22,inf
Random,10,52,3,1,23,inf
Random,10,52,3,1,24,inf
Random,10,52,3,1,25,inf
Random,10,52,3,1,26,inf
Random,10,52,3,1,27,inf
Random,10,52,3,1,28,inf
Random,10,52,3,1,29,inf
Random,10,52,3,1,30,inf
Random,10,52,3,1,31,inf
Random,10,52,3,1,32,inf
Random,10,52,3,1,33,inf
Random,10,52,3,1,34,inf
Random,10,52,3,1,35,inf
Random,10,52,3,1,36,inf
Random,10,52,3,1,37,inf
Random,10,52,3,1,38,inf
Random,10,52,3,1,39,inf
Random,10,52,3,1,40,inf
Random,10,52,3,1,41,inf
Random,10,52,3,1,42,inf
Random,10,52,3,1,43,inf
Random,10,52,3,1,44,inf
Random,10,52,3,1,45,inf
Random,10,52,3,1,46,inf
Random,10,52,3,1,47,inf
Random,10,52,3,1,48,inf
Random,10,52,3,1,49,inf
Random,10,52,3,1,50,inf
Random,10,52,3,1,51,inf
Random,10,52,3,1,52,inf
Random,10,52,3,1,53,inf
Random,10,52,3,1,54,inf
Random,10,52,3,1,55,inf
Random,10,52,3,1,56,inf
Random,10,52,3,1,57,inf
Random,10,52,3,1,58,inf
Random,10,52,3,1,59,inf
Random,10,52,3,1,60,inf
Random,10,52,3,1,61,inf
Random,10,52,3,1,62,inf
Random,10,52,3,1,63,inf
Random,10,52,3,1,64,inf
Random,10,52,3,1,65,inf
Random,10,52,3,1,66,inf
Random,10,52,3,1,67,inf
Random,10,52,3,1,68,inf
Random,10,52,3,1,69,inf
Random,10,52,3,1,70,inf
Random,10,52,3,1,71,inf
Random,10,52,3,1,72,inf
Random,10,52,3,1,73,inf
Random,10,52,3,1,74,inf
Random,10,52,3,1,75,inf
Random,10,52,3,1,76,inf
Random,10,52,3,1,77,inf
Random,10,52,3,1,78,inf
Random,10,52,3,1,79,inf
Random,10,52,3,1,80,inf
Random,10,52,3,1,81,inf
Random,10,52,3,1,82,inf
Random,10,52,3,1,83,inf
Random,10,52,3,1,84,inf
Random,10,52,3,1,85,inf
Random,10,52,3,1,86,inf
Random,10,52,3,1,87,inf
Random,10,52,3,1,88,inf
Random,10,52,3,1,89,inf
Random,10,52,3,1,90,inf
Random,10,52,3,1,91,inf
Random,10,52,3,1,92,inf
Random,10,52,3,1,93,inf
Random,10,52,3,1,94,inf
Random,10,52,3,1,95,inf
Random,10,52,3,1,96,inf
Random,10,52,3,1,97,inf
Random,10,52,3,1,98,inf
Random,10,52,3,1,99,inf
Random,10,52,3,1,100,inf
qLogEI,10,52,3,1,1,inf
qLogEI,10,52,3,1,2,inf
qLogEI,10,52,3,1,3,inf
qLogEI,10,52,3,1,4,inf
qLogEI,10,52,3,1,5,inf
qLogEI,10,52,3,1,6,inf
qLogEI,10,52,3,1,7,inf
qLogEI,10,52,3,1,8,inf
qLogEI,10,52,3,1,9,inf
qLogEI,10,52,3,1,10,inf
qLogEI,10,52,3,1,11,inf
qLogEI,10,52,3,1,12,inf
qLogEI,10,52,3,1,13,inf
qLogEI,10,52,3,1,14,inf
qLogEI,10,52,3,1,15,inf
qLogEI,10,52,3,1,16,inf
qLogEI,10,52,3,1,17,inf
qLogEI,10,52,3,1,18,inf
qLogEI,10,52,3,1,19,inf
qLogEI,10,52,3,1,20,inf
qLogEI,10,52,3,1,21,inf
qLogEI,10,52,3,1,22,inf
qLogEI,10,52,3,1,23,inf
qLogEI,10,52,3,1,24,inf
qLogEI,10,52,3,1,25,inf
qLogEI,10,52,3,1,26,inf
qLogEI,10,52,3,1,27,inf
qLogEI,10,52,3,1,28,inf
qLogEI,10,52,3,1,29,inf
qLogEI,10,52,3,1,30,inf
qLogEI,10,52,3,1,31,inf
qLogEI,10,52,3,1,32,inf
qLogEI,10,52,3,1,33,inf
qLogEI,10,52,3,1,34,inf
qLogEI,10,52,3,1,35,inf
qLogEI,10,52,3,1,36,inf
qLogEI,10,52,3,1,37,inf
qLogEI,10,52,3,1,38,inf
qLogEI,10,52,3,1,39,inf
qLogEI,10,52,3,1,40,inf
qLogEI,10,52,3,1,41,inf
qLogEI,10,52,3,1,42,inf
qLogEI,10,52,3,1,43,inf
qLogEI,10,52,3,1,44,inf
qLogEI,10,52,3,1,45,inf
qLogEI,10,52,3,1,46,inf
qLogEI,10,52,3,1,47,inf
qLogEI,10,52,3,1,48,inf
qLogEI,10,52,3,1,49,inf
qLogEI,10,52,3,1,50,inf
qLogEI,10,52,3,1,51,inf
qLogEI,10,52,3,1,52,inf
qLogEI,10,52,3,1,53,inf
qLogEI,10,52,3,1,54,inf
qLogEI,10,52,3,1,55,inf
qLogEI,10,52,3,1,56,inf
qLogEI,10,52,3,1,57,inf
qLogEI,10,52,3,1,58,inf
qLogEI,10,52,3,1,59,inf
qLogEI,10,52,3,1,60,inf
qLogEI,10,52,3,1,61,inf
qLogEI,10,52,3,1,62,inf
qLogEI,10,52,3,1,63,inf
qLogEI,10,52,3,1,64,inf
qLogEI,10,52,3,1,65,inf
qLogEI,10,52,3,1,66,inf
qLogEI,10,52,3,1,67,inf
qLogEI,10,52,3,1,68,inf
qLogEI,10,52,3,1,69,inf
qLogEI,10,52,3,1,70,inf
qLogEI,10,52,3,1,71,inf
qLogEI,10,52,3,1,72,inf
qLogEI,10,52,3,1,73,inf
qLogEI,10,52,3,1,74,inf
qLogEI,10,52,3,1,75,inf
qLogEI,10,52,3,1,76,inf
qLogEI,10,52,3,1,77,inf
qLogEI,10,52,3,1,78,inf
qLogEI,10,52,3,1,79,inf
qLogEI,10,52,3,1,80,inf
qLogEI,10,52,3,1,81,inf
qLogEI,10,52,3,1,82,inf
qLogEI,10,52,3,1,83,inf
qLogEI,10,52,3,1,84,inf
qLogEI,10,52,3,1,85,inf
qLogEI,10,52,3,1,86,inf
qLogEI,10,52,3,1,87,inf
qLogEI,10,52,3,1,88,inf
qLogEI,10,52,3,1,89,inf
qLogEI,10,52,3,1,90,inf
qLogEI,10,52,3,1,91,inf
qLogEI,10,52,3,1,92,inf
qLogEI,10,52,3,1,93,inf
qLogEI,10,52,3,1,94,inf
qLogEI,10,52,3,1,95,inf
qLogEI,10,52,3,1,96,inf
qLogEI,10,52,3,1,97,inf
qLogEI,10,52,3,1,98,inf
qLogEI,10,52,3,1,99,inf
qLogEI,10,52,3,1,100,inf
RL_Full,10,52,3,1,1,inf
RL_Full,10,52,3,1,2,inf
RL_Full,10,52,3,1,3,inf
RL_Full,10,52,3,1,4,inf
RL_Full,10,52,3,1,5,inf
RL_Full,10,52,3,1,6,inf
RL_Full,10,52,3,1,7,inf
RL_Full,10,52,3,1,8,inf
RL_Full,10,52,3,1,9,inf
RL_Full,10,52,3,1,10,inf
RL_Full,10,52,3,1,11,inf
RL_Full,10,52,3,1,12,inf
RL_Full,10,52,3,1,13,inf
RL_Full,10,52,3,1,14,inf
RL_Full,10,52,3,1,15,inf
RL_Full,10,52,3,1,16,inf
RL_Full,10,52,3,1,17,inf
RL_Full,10,52,3,1,18,inf
RL_Full,10,52,3,1,19,inf
RL_Full,10,52,3,1,20,inf
RL_Full,10,52,3,1,21,inf
RL_Full,10,52,3,1,22,inf
RL_Full,10,52,3,1,23,inf
RL_Full,10,52,3,1,24,inf
RL_Full,10,52,3,1,25,inf
RL_Full,10,52,3,1,26,inf
RL_Full,10,52,3,1,27,inf
RL_Full,10,52,3,1,28,inf
RL_Full,10,52,3,1,29,inf
RL_Full,10,52,3,1,30,inf
RL_Full,10,52,3,1,31,inf
RL_Full,10,52,3,1,32,inf
RL_Full,10,52,3,1,33,inf
RL_Full,10,52,3,1,34,inf
RL_Full,10,52,3,1,35,inf
RL_Full,10,52,3,1,36,inf
RL_Full,10,52,3,1,37,inf
RL_Full,10,52,3,1,38,inf
RL_Full,10,52,3,1,39,inf
RL_Full,10,52,3,1,40,inf
RL_Full,10,52,3,1,41,inf
RL_Full,10,52,3,1,42,inf
RL_Full,10,52,3,1,43,inf
RL_Full,10,52,3,1,44,inf
RL_Full,10,52,3,1,45,inf
RL_Full,10,52,3,1,46,inf
RL_Full,10,52,3,1,47,inf
RL_Full,10,52,3,1,48,inf
RL_Full,10,52,3,1,49,inf
RL_Full,10,52,3,1,50,inf
RL_Full,10,52,3,1,51,inf
RL_Full,10,52,3,1,52,inf
RL_Full,10,52,3,1,53,inf
RL_Full,10,52,3,1,54,inf
RL_Full,10,52,3,1,55,inf
RL_Full,10,52,3,1,56,inf
RL_Full,10,52,3,1,57,inf
RL_Full,10,52,3,1,58,inf
RL_Full,10,52,3,1,59,inf
RL_Full,10,52,3,1,60,inf
RL_Full,10,52,3,1,61,inf
RL_Full,10,52,3,1,62,inf
RL_Full,10,52,3,1,63,inf
RL_Full,10,52,3,1,64,inf
RL_Full,10,52,3,1,65,inf
RL_Full,10,52,3,1,66,inf
RL_Full,10,52,3,1,67,inf
RL_Full,10,52,3,1,68,inf
RL_Full,10,52,3,1,69,inf
RL_Full,10,52,3,1,70,inf
RL_Full,10,52,3,1,71,inf
RL_Full,10,52,3,1,72,inf
RL_Full,10,52,3,1,73,inf
RL_Full,10,52,3,1,74,inf
RL_Full,10,52,3,1,75,inf
RL_Full,10,52,3,1,76,inf
RL_Full,10,52,3,1,77,inf
RL_Full,10,52,3,1,78,inf
RL_Full,10,52,3,1,79,inf
RL_Full,10,52,3,1,80,inf
RL_Full,10,52,3,1,81,inf
RL_Full,10,52,3,1,82,inf
RL_Full,10,52,3,1,83,inf
RL_Full,10,52,3,1,84,inf
RL_Full,10,52,3,1,85,inf
RL_Full,10,52,3,1,86,inf
RL_Full,10,52,3,1,87,inf
RL_Full,10,52,3,1,88,inf
RL_Full,10,52,3,1,89,inf
RL_Full,10,52,3,1,90,inf
RL_Full,10,52,3,1,91,inf
RL_Full,10,52,3,1,92,inf
RL_Full,10,52,3,1,93,inf
RL_Full,10,52,3,1,94,inf
RL_Full,10,52,3,1,95,inf
RL_Full,10,52,3,1,96,inf
RL_Full,10,52,3,1,97,inf
RL_Full,10,52,3,1,98,inf
RL_Full,10,52,3,1,99,inf
RL_Full,10,52,3,1,100,inf
Random,10,52,3,2,1,inf
Random,10,52,3,2,2,inf
Random,10,52,3,2,3,inf
Random,10,52,3,2,4,inf
Random,10,52,3,2,5,inf
Random,10,52,3,2,6,inf
Random,10,52,3,2,7,inf
Random,10,52,3,2,8,inf
Random,10,52,3,2,9,inf
Random,10,52,3,2,10,inf
Random,10,52,3,2,11,inf
Random,10,52,3,2,12,inf
Random,10,52,3,2,13,inf
Random,10,52,3,2,14,inf
Random,10,52,3,2,15,inf
Random,10,52,3,2,16,inf
Random,10,52,3,2,17,inf
Random,10,52,3,2,18,inf
Random,10,52,3,2,19,inf
Random,10,52,3,2,20,inf
Random,10,52,3,2,21,inf
Random,10,52,3,2,22,inf
Random,10,52,3,2,23,inf
Random,10,52,3,2,24,inf
Random,10,52,3,2,25,inf
Random,10,52,3,2,26,inf
Random,10,52,3,2,27,inf
Random,10,52,3,2,28,inf
Random,10,52,3,2,29,inf
Random,10,52,3,2,30,inf
Random,10,52,3,2,31,inf
Random,10,52,3,2,32,inf
Random,10,52,3,2,33,inf
Random,10,52,3,2,34,inf
Random,10,52,3,2,35,inf
Random,10,52,3,2,36,inf
Random,10,52,3,2,37,inf
Random,10,52,3,2,38,inf
Random,10,52,3,2,39,inf
Random,10,52,3,2,40,inf
Random,10,52,3,2,41,inf
Random,10,52,3,2,42,inf
Random,10,52,3,2,43,inf
Random,10,52,3,2,44,inf
Random,10,52,3,2,45,inf
Random,10,52,3,2,46,inf
Random,10,52,3,2,47,inf
Random,10,52,3,2,48,inf
Random,10,52,3,2,49,inf
Random,10,52,3,2,50,inf
Random,10,52,3,2,51,inf
Random,10,52,3,2,52,inf
Random,10,52,3,2,53,inf
Random,10,52,3,2,54,inf
Random,10,52,3,2,55,inf
Random,10,52,3,2,56,inf
Random,10,52,3,2,57,inf
Random,10,52,3,2,58,inf
Random,10,52,3,2,59,inf
Random,10,52,3,2,60,inf
Random,10,52,3,2,61,inf
Random,10,52,3,2,62,inf
Random,10,52,3,2,63,inf
Random,10,52,3,2,64,inf
Random,10,52,3,2,65,inf
Random,10,52,3,2,66,inf
Random,10,52,3,2,67,inf
Random,10,52,3,2,68,inf
Random,10,52,3,2,69,inf
Random,10,52,3,2,70,inf
Random,10,52,3,2,71,inf
Random,10,52,3,2,72,inf
Random,10,52,3,2,73,inf
Random,10,52,3,2,74,inf
Random,10,52,3,2,75,inf
Random,10,52,3,2,76,inf
Random,10,52,3,2,77,inf
Random,10,52,3,2,78,inf
Random,10,52,3,2,79,inf
Random,10,52,3,2,80,inf
Random,10,52,3,2,81,inf
Random,10,52,3,2,82,inf
Random,10,52,3,2,83,inf
Random,10,52,3,2,84,inf
Random,10,52,3,2,85,inf
Random,10,52,3,2,86,inf
Random,10,52,3,2,87,inf
Random,10,52,3,2,88,inf
Random,10,52,3,2,89,inf
Random,10,52,3,2,90,inf
Random,10,52,3,2,91,inf
Random,10,52,3,2,92,inf
Random,10,52,3,2,93,inf
Random,10,52,3,2,94,inf
Random,10,52,3,2,95,inf
Random,10,52,3,2,96,inf
Random,10,52,3,2,97,inf
Random,10,52,3,2,98,inf
Random,10,52,3,2,99,inf
Random,10,52,3,2,100,inf
qLogEI,10,52,3,2,1,inf
qLogEI,10,52,3,2,2,inf
qLogEI,10,52,3,2,3,inf
qLogEI,10,52,3,2,4,inf
qLogEI,10,52,3,2,5,inf
qLogEI,10,52,3,2,6,inf
qLogEI,10,52,3,2,7,inf
qLogEI,10,52,3,2,8,inf
qLogEI,10,52,3,2,9,inf
qLogEI,10,52,3,2,10,inf
qLogEI,10,52,3,2,11,inf
qLogEI,10,52,3,2,12,inf
qLogEI,10,52,3,2,13,inf
qLogEI,10,52,3,2,14,inf
qLogEI,10,52,3,2,15,inf
qLogEI,10,52,3,2,16,inf
qLogEI,10,52,3,2,17,inf
qLogEI,10,52,3,2,18,inf
qLogEI,10,52,3,2,19,inf
qLogEI,10,52,3,2,20,inf
qLogEI,10,52,3,2,21,inf
qLogEI,10,52,3,2,22,inf
qLogEI,10,52,3,2,23,inf
qLogEI,10,52,3,2,24,inf
qLogEI,10,52,3,2,25,inf
qLogEI,10,52,3,2,26,inf
qLogEI,10,52,3,2,27,inf
qLogEI,10,52,3,2,28,inf
qLogEI,10,52,3,2,29,inf
qLogEI,10,52,3,2,30,inf
qLogEI,10,52,3,2,31,inf
qLogEI,10,52,3,2,32,inf
qLogEI,10,52,3,2,33,inf
qLogEI,10,52,3,2,34,inf
qLogEI,10,52,3,2,35,inf
qLogEI,10,52,3,2,36,inf
qLogEI,10,52,3,2,37,inf
qLogEI,10,52,3,2,38,inf
qLogEI,10,52,3,2,39,inf
qLogEI,10,52,3,2,40,inf
qLogEI,10,52,3,2,41,inf
qLogEI,10,52,3,2,42,inf
qLogEI,10,52,3,2,43,inf
qLogEI,10,52,3,2,44,inf
qLogEI,10,52,3,2,45,inf
qLogEI,10,52,3,2,46,inf
qLogEI,10,52,3,2,47,inf
qLogEI,10,52,3,2,48,inf
qLogEI,10,52,3,2,49,inf
qLogEI,10,52,3,2,50,inf
qLogEI,10,52,3,2,51,inf
qLogEI,10,52,3,2,52,inf
qLogEI,10,52,3,2,53,inf
qLogEI,10,52,3,2,54,inf
qLogEI,10,52,3,2,55,inf
qLogEI,10,52,3,2,56,inf
qLogEI,10,52,3,2,57,inf
qLogEI,10,52,3,2,58,inf
qLogEI,10,52,3,2,59,inf
qLogEI,10,52,3,2,60,inf
qLogEI,10,52,3,2,61,inf
qLogEI,10,52,3,2,62,inf
qLogEI,10,52,3,2,63,inf
qLogEI,10,52,3,2,64,inf
qLogEI,10,52,3,2,65,inf
qLogEI,10,52,3,2,66,inf
qLogEI,10,52,3,2,67,inf
qLogEI,10,52,3,2,68,inf
qLogEI,10,52,3,2,69,inf
qLogEI,10,52,3,2,70,inf
qLogEI,10,52,3,2,71,inf
qLogEI,10,52,3,2,72,inf
qLogEI,10,52,3,2,73,inf
qLogEI,10,52,3,2,74,inf
qLogEI,10,52,3,2,75,inf
qLogEI,10,52,3,2,76,inf
qLogEI,10,52,3,2,77,inf
qLogEI,10,52,3,2,78,inf
qLogEI,10,52,3,2,79,inf
qLogEI,10,52,3,2,80,inf
qLogEI,10,52,3,2,81,inf
qLogEI,10,52,3,2,82,inf
qLogEI,10,52,3,2,83,inf
qLogEI,10,52,3,2,84,inf
qLogEI,10,52,3,2,85,inf
qLogEI,10,52,3,2,86,inf
qLogEI,10,52,3,2,87,inf
qLogEI,10,52,3,2,88,inf
qLogEI,10,52,3,2,89,inf
qLogEI,10,52,3,2,90,inf
qLogEI,10,52,3,2,91,inf
qLogEI,10,52,3,2,92,inf
qLogEI,10,52,3,2,93,inf
qLogEI,10,52,3,2,94,inf
qLogEI,10,52,3,2,95,inf
qLogEI,10,52,3,2,96,inf
qLogEI,10,52,3,2,97,inf
qLogEI,10,52,3,2,98,inf
qLogEI,10,52,3,2,99,inf
qLogEI,10,52,3,2,100,inf
RL_Full,10,52,3,2,1,inf
RL_Full,10,52,3,2,2,inf
RL_Full,10,52,3,2,3,inf
RL_Full,10,52,3,2,4,inf
RL_Full,10,52,3,2,5,inf
RL_Full,10,52,3,2,6,inf
RL_Full,10,52,3,2,7,inf
RL_Full,10,52,3,2,8,inf
RL_Full,10,52,3,2,9,inf
RL_Full,10,52,3,2,10,inf
RL_Full,10,52,3,2,11,inf
RL_Full,10,52,3,2,12,inf
RL_Full,10,52,3,2,13,inf
RL_Full,10,52,3,2,14,inf
RL_Full,10,52,3,2,15,inf
RL_Full,10,52,3,2,16,inf
RL_Full,10,52,3,2,17,inf
RL_Full,10,52,3,2,18,inf
RL_Full,10,52,3,2,19,inf
RL_Full,10,52,3,2,20,inf
RL_Full,10,52,3,2,21,inf
RL_Full,10,52,3,2,22,inf
RL_Full,10,52,3,2,23,inf
RL_Full,10,52,3,2,24,inf
RL_Full,10,52,3,2,25,inf
RL_Full,10,52,3,2,26,inf
RL_Full,10,52,3,2,27,inf
RL_Full,10,52,3,2,28,inf
RL_Full,10,52,3,2,29,inf
RL_Full,10,52,3,2,30,inf
RL_Full,10,52,3,2,31,inf
RL_Full,10,52,3,2,32,inf
RL_Full,10,52,3,2,33,inf
RL_Full,10,52,3,2,34,inf
RL_Full,10,52,3,2,35,inf
RL_Full,10,52,3,2,36,inf
RL_Full,10,52,3,2,37,inf
RL_Full,10,52,3,2,38,inf
RL_Full,10,52,3,2,39,inf
RL_Full,10,52,3,2,40,inf
RL_Full,10,52,3,2,41,inf
RL_Full,10,52,3,2,42,inf
RL_Full,10,52,3,2,43,inf
RL_Full,10,52,3,2,44,inf
RL_Full,10,52,3,2,45,inf
RL_Full,10,52,3,2,46,inf
RL_Full,10,52,3,2,47,inf
RL_Full,10,52,3,2,48,inf
RL_Full,10,52,3,2,49,inf
RL_Full,10,52,3,2,50,inf
RL_Full,10,52,3,2,51,inf
RL_Full,10,52,3,2,52,inf
RL_Full,10,52,3,2,53,inf
RL_Full,10,52,3,2,54,inf
RL_Full,10,52,3,2,55,inf
RL_Full,10,52,3,2,56,inf
RL_Full,10,52,3,2,57,inf
RL_Full,10,52,3,2,58,inf
RL_Full,10,52,3,2,59,inf
RL_Full,10,52,3,2,60,inf
RL_Full,10,52,3,2,61,inf
RL_Full,10,52,3,2,62,inf
RL_Full,10,52,3,2,63,inf
RL_Full,10,52,3,2,64,inf
RL_Full,10,52,3,2,65,inf
RL_Full,10,52,3,2,66,inf
RL_Full,10,52,3,2,67,inf
RL_Full,10,52,3,2,68,inf
RL_Full,10,52,3,2,69,inf
RL_Full,10,52,3,2,70,inf
RL_Full,10,52,3,2,71,inf
RL_Full,10,52,3,2,72,inf
RL_Full,10,52,3,2,73,inf
RL_Full,10,52,3,2,74,inf
RL_Full,10,52,3,2,75,inf
RL_Full,10,52,3,2,76,inf
RL_Full,10,52,3,2,77,inf
RL_Full,10,52,3,2,78,inf
RL_Full,10,52,3,2,79,inf
RL_Full,10,52,3,2,80,inf
RL_Full,10,52,3,2,81,inf
RL_Full,10,52,3,2,82,inf
RL_Full,10,52,3,2,83,inf
RL_Full,10,52,3,2,84,inf
RL_Full,10,52,3,2,85,inf
RL_Full,10,52,3,2,86,inf
RL_Full,10,52,3,2,87,inf
RL_Full,10,52,3,2,88,inf
RL_Full,10,52,3,2,89,inf
RL_Full,10,52,3,2,90,inf
RL_Full,10,52,3,2,91,inf
RL_Full,10,52,3,2,92,inf
RL_Full,10,52,3,2,93,inf
RL_Full,10,52,3,2,94,inf
RL_Full,10,52,3,2,95,inf
RL_Full,10,52,3,2,96,inf
RL_Full,10,52,3,2,97,inf
RL_Full,10,52,3,2,98,inf
RL_Full,10,52,3,2,99,inf
RL_Full,10,52,3,2,100,inf
Random,10,52,3,3,1,inf
Random,10,52,3,3,2,inf
Random,10,52,3,3,3,inf
Random,10,52,3,3,4,inf
Random,10,52,3,3,5,inf
Random,10,52,3,3,6,inf
Random,10,52,3,3,7,inf
Random,10,52,3,3,8,inf
Random,10,52,3,3,9,inf
Random,10,52,3,3,10,inf
Random,10,52,3,3,11,inf
Random,10,52,3,3,12,inf
Random,10,52,3,3,13,inf
Random,10,52,3,3,14,inf
Random,10,52,3,3,15,inf
Random,10,52,3,3,16,inf
Random,10,52,3,3,17,inf
Random,10,52,3,3,18,inf
Random,10,52,3,3,19,inf
Random,10,52,3,3,20,inf
Random,10,52,3,3,21,inf
Random,10,52,3,3,22,inf
Random,10,52,3,3,23,inf
Random,10,52,3,3,24,inf
Random,10,52,3,3,25,inf
Random,10,52,3,3,26,inf
Random,10,52,3,3,27,inf
Random,10,52,3,3,28,inf
Random,10,52,3,3,29,inf
Random,10,52,3,3,30,inf
Random,10,52,3,3,31,inf
Random,10,52,3,3,32,inf
Random,10,52,3,3,33,inf
Random,10,52,3,3,34,inf
Random,10,52,3,3,35,inf
Random,10,52,3,3,36,inf
Random,10,52,3,3,37,inf
Random,10,52,3,3,38,inf
Random,10,52,3,3,39,inf
Random,10,52,3,3,40,inf
Random,10,52,3,3,41,inf
Random,10,52,3,3,42,inf
Random,10,52,3,3,43,inf
Random,10,52,3,3,44,inf
Random,10,52,3,3,45,inf
Random,10,52,3,3,46,inf
Random,10,52,3,3,47,inf
Random,10,52,3,3,48,inf
Random,10,52,3,3,49,inf
Random,10,52,3,3,50,inf
Random,10,52,3,3,51,inf
Random,10,52,3,3,52,inf
Random,10,52,3,3,53,inf
Random,10,52,3,3,54,inf
Random,10,52,3,3,55,inf
Random,10,52,3,3,56,inf
Random,10,52,3,3,57,inf
Random,10,52,3,3,58,inf
Random,10,52,3,3,59,inf
Random,10,52,3,3,60,inf
Random,10,52,3,3,61,inf
Random,10,52,3,3,62,inf
Random,10,52,3,3,63,inf
Random,10,52,3,3,64,inf
Random,10,52,3,3,65,inf
Random,10,52,3,3,66,inf
Random,10,52,3,3,67,inf
Random,10,52,3,3,68,inf
Random,10,52,3,3,69,inf
Random,10,52,3,3,70,inf
Random,10,52,3,3,71,inf
Random,10,52,3,3,72,inf
Random,10,52,3,3,73,inf
Random,10,52,3,3,74,inf
Random,10,52,3,3,75,inf
Random,10,52,3,3,76,inf
Random,10,52,3,3,77,inf
Random,10,52,3,3,78,inf
Random,10,52,3,3,79,inf
Random,10,52,3,3,80,inf
Random,10,52,3,3,81,inf
Random,10,52,3,3,82,inf
Random,10,52,3,3,83,inf
Random,10,52,3,3,84,inf
Random,10,52,3,3,85,inf
Random,10,52,3,3,86,inf
Random,10,52,3,3,87,inf
Random,10,52,3,3,88,inf
Random,10,52,3,3,89,inf
Random,10,52,3,3,90,inf
Random,10,52,3,3,91,inf
Random,10,52,3,3,92,inf
Random,10,52,3,3,93,inf
Random,10,52,3,3,94,inf
Random,10,52,3,3,95,inf
Random,10,52,3,3,96,inf
Random,10,52,3,3,97,inf
Random,10,52,3,3,98,inf
Random,10,52,3,3,99,inf
Random,10,52,3,3,100,inf
qLogEI,10,52,3,3,1,inf
qLogEI,10,52,3,3,2,inf
qLogEI,10,52,3,3,3,inf
qLogEI,10,52,3,3,4,inf
qLogEI,10,52,3,3,5,inf
qLogEI,10,52,3,3,6,inf
qLogEI,10,52,3,3,7,inf
qLogEI,10,52,3,3,8,inf
qLogEI,10,52,3,3,9,inf
qLogEI,10,52,3,3,10,inf
qLogEI,10,52,3,3,11,inf
qLogEI,10,52,3,3,12,inf
qLogEI,10,52,3,3,13,inf
qLogEI,10,52,3,3,14,inf
qLogEI,10,52,3,3,15,inf
qLogEI,10,52,3,3,16,inf
qLogEI,10,52,3,3,17,inf
qLogEI,10,52,3,3,18,inf
qLogEI,10,52,3,3,19,inf
qLogEI,10,52,3,3,20,inf
qLogEI,10,52,3,3,21,inf
qLogEI,10,52,3,3,22,inf
qLogEI,10,52,3,3,23,inf
qLogEI,10,52,3,3,24,inf
qLogEI,10,52,3,3,25,inf
qLogEI,10,52,3,3,26,inf
qLogEI,10,52,3,3,27,inf
qLogEI,10,52,3,3,28,inf
qLogEI,10,52,3,3,29,inf
qLogEI,10,52,3,3,30,inf
qLogEI,10,52,3,3,31,inf
qLogEI,10,52,3,3,32,inf
qLogEI,10,52,3,3,33,inf
qLogEI,10,52,3,3,34,inf
qLogEI,10,52,3,3,35,inf
qLogEI,10,52,3,3,36,inf
qLogEI,10,52,3,3,37,inf
qLogEI,10,52,3,3,38,inf
qLogEI,10,52,3,3,39,inf
qLogEI,10,52,3,3,40,inf
qLogEI,10,52,3,3,41,inf
qLogEI,10,52,3,3,42,inf
qLogEI,10,52,3,3,43,inf
qLogEI,10,52,3,3,44,inf
qLogEI,10,52,3,3,45,inf
qLogEI,10,52,3,3,46,inf
qLogEI,10,52,3,3,47,inf
qLogEI,10,52,3,3,48,inf
qLogEI,10,52,3,3,49,inf
qLogEI,10,52,3,3,50,inf
qLogEI,10,52,3,3,51,inf
qLogEI,10,52,3,3,52,inf
qLogEI,10,52,3,3,53,inf
qLogEI,10,52,3,3,54,inf
qLogEI,10,52,3,3,55,inf
qLogEI,10,52,3,3,56,inf
qLogEI,10,52,3,3,57,inf
qLogEI,10,52,3,3,58,inf
qLogEI,10,52,3,3,59,inf
qLogEI,10,52,3,3,60,inf
qLogEI,10,52,3,3,61,inf
qLogEI,10,52,3,3,62,inf
qLogEI,10,52,3,3,63,inf
qLogEI,10,52,3,3,64,inf
qLogEI,10,52,3,3,65,inf
qLogEI,10,52,3,3,66,inf
qLogEI,10,52,3,3,67,inf
qLogEI,10,52,3,3,68,inf
qLogEI,10,52,3,3,69,inf
qLogEI,10,52,3,3,70,inf
qLogEI,10,52,3,3,71,inf
qLogEI,10,52,3,3,72,inf
qLogEI,10,52,3,3,73,inf
qLogEI,10,52,3,3,74,inf
qLogEI,10,52,3,3,75,inf
qLogEI,10,52,3,3,76,inf
qLogEI,10,52,3,3,77,inf
qLogEI,10,52,3,3,78,inf
qLogEI,10,52,3,3,79,inf
qLogEI,10,52,3,3,80,inf
qLogEI,10,52,3,3,81,inf
qLogEI,10,52,3,3,82,inf
qLogEI,10,52,3,3,83,inf
qLogEI,10,52,3,3,84,inf
qLogEI,10,52,3,3,85,inf
qLogEI,10,52,3,3,86,inf
qLogEI,10,52,3,3,87,inf
qLogEI,10,52,3,3,88,inf
qLogEI,10,52,3,3,89,inf
qLogEI,10,52,3,3,90,inf
qLogEI,10,52,3,3,91,inf
qLogEI,10,52,3,3,92,inf
qLogEI,10,52,3,3,93,inf
qLogEI,10,52,3,3,94,inf
qLogEI,10,52,3,3,95,inf
qLogEI,10,52,3,3,96,inf
qLogEI,10,52,3,3,97,inf
qLogEI,10,52,3,3,98,inf
qLogEI,10,52,3,3,99,inf
qLogEI,10,52,3,3,100,inf
RL_Full,10,52,3,3,1,inf
RL_Full,10,52,3,3,2,inf
RL_Full,10,52,3,3,3,inf
RL_Full,10,52,3,3,4,inf
RL_Full,10,52,3,3,5,inf
RL_Full,10,52,3,3,6,inf
RL_Full,10,52,3,3,7,inf
RL_Full,10,52,3,3,8,inf
RL_Full,10,52,3,3,9,inf
RL_Full,10,52,3,3,10,inf
RL_Full,10,52,3,3,11,inf
RL_Full,10,52,3,3,12,inf
RL_Full,10,52,3,3,13,inf
RL_Full,10,52,3,3,14,inf
RL_Full,10,52,3,3,15,inf
RL_Full,10,52,3,3,16,inf
RL_Full,10,52,3,3,17,inf
RL_Full,10,52,3,3,18,inf
RL_Full,10,52,3,3,19,inf
RL_Full,10,52,3,3,20,inf
RL_Full,10,52,3,3,21,inf
RL_Full,10,52,3,3,22,inf
RL_Full,10,52,3,3,23,inf
RL_Full,10,52,3,3,24,inf
RL_Full,10,52,3,3,25,inf
RL_Full,10,52,3,3,26,inf
RL_Full,10,52,3,3,27,inf
RL_Full,10,52,3,3,28,inf
RL_Full,10,52,3,3,29,inf
RL_Full,10,52,3,3,30,inf
RL_Full,10,52,3,3,31,inf
RL_Full,10,52,3,3,32,inf
RL_Full,10,52,3,3,33,inf
RL_Full,10,52,3,3,34,inf
RL_Full,10,52,3,3,35,inf
RL_Full,10,52,3,3,36,inf
RL_Full,10,52,3,3,37,inf
RL_Full,10,52,3,3,38,inf
RL_Full,10,52,3,3,39,inf
RL_Full,10,52,3,3,40,inf
RL_Full,10,52,3,3,41,inf
RL_Full,10,52,3,3,42,inf
RL_Full,10,52,3,3,43,inf
RL_Full,10,52,3,3,44,inf
RL_Full,10,52,3,3,45,inf
RL_Full,10,52,3,3,46,inf
RL_Full,10,52,3,3,47,inf
RL_Full,10,52,3,3,48,inf
RL_Full,10,52,3,3,49,inf
RL_Full,10,52,3,3,50,inf
RL_Full,10,52,3,3,51,inf
RL_Full,10,52,3,3,52,inf
RL_Full,10,52,3,3,53,inf
RL_Full,10,52,3,3,54,inf
RL_Full,10,52,3,3,55,inf
RL_Full,10,52,3,3,56,inf
RL_Full,10,52,3,3,57,inf
RL_Full,10,52,3,3,58,inf
RL_Full,10,52,3,3,59,inf
RL_Full,10,52,3,3,60,inf
RL_Full,10,52,3,3,61,inf
RL_Full,10,52,3,3,62,inf
RL_Full,10,52,3,3,63,inf
RL_Full,10,52,3,3,64,inf
RL_Full,10,52,3,3,65,inf
RL_Full,10,52,3,3,66,inf
RL_Full,10,52,3,3,67,inf
RL_Full,10,52,3,3,68,inf
RL_Full,10,52,3,3,69,inf
RL_Full,10,52,3,3,70,inf
RL_Full,10,52,3,3,71,inf
RL_Full,10,52,3,3,72,inf
RL_Full,10,52,3,3,73,inf
RL_Full,10,52,3,3,74,inf
RL_Full,10,52,3,3,75,inf
RL_Full,10,52,3,3,76,inf
RL_Full,10,52,3,3,77,inf
RL_Full,10,52,3,3,78,inf
RL_Full,10,52,3,3,79,inf
RL_Full,10,52,3,3,80,inf
RL_Full,10,52,3,3,81,inf
RL_Full,10,52,3,3,82,inf
RL_Full,10,52,3,3,83,inf
RL_Full,10,52,3,3,84,inf
RL_Full,10,52,3,3,85,inf
RL_Full,10,52,3,3,86,inf
RL_Full,10,52,3,3,87,inf
RL_Full,10,52,3,3,88,inf
RL_Full,10,52,3,3,89,inf
RL_Full,10,52,3,3,90,inf
RL_Full,10,52,3,3,91,inf
RL_Full,10,52,3,3,92,inf
RL_Full,10,52,3,3,93,inf
RL_Full,10,52,3,3,94,inf
RL_Full,10,52,3,3,95,inf
RL_Full,10,52,3,3,96,inf
RL_Full,10,52,3,3,97,inf
RL_Full,10,52,3,3,98,inf
RL_Full,10,52,3,3,99,inf
RL_Full,10,52,3,3,100,inf
Random,10,52,3,4,1,inf
Random,10,52,3,4,2,inf
Random,10,52,3,4,3,inf
Random,10,52,3,4,4,inf
Random,10,52,3,4,5,inf
Random,10,52,3,4,6,inf
Random,10,52,3,4,7,inf
Random,10,52,3,4,8,inf
Random,10,52,3,4,9,inf
Random,10,52,3,4,10,inf
Random,10,52,3,4,11,inf
Random,10,52,3,4,12,inf
Random,10,52,3,4,13,inf
Random,10,52,3,4,14,inf
Random,10,52,3,4,15,inf
Random,10,52,3,4,16,inf
Random,10,52,3,4,17,inf
Random,10,52,3,4,18,inf
Random,10,52,3,4,19,inf
Random,10,52,3,4,20,inf
Random,10,52,3,4,21,inf
Random,10,52,3,4,22,inf
Random,10,52,3,4,23,inf
Random,10,52,3,4,24,inf
Random,10,52,3,4,25,inf
Random,10,52,3,4,26,inf
Random,10,52,3,4,27,inf
Random,10,52,3,4,28,inf
Random,10,52,3,4,29,inf
Random,10,52,3,4,30,inf
Random,10,52,3,4,31,inf
Random,10,52,3,4,32,inf
Random,10,52,3,4,33,inf
Random,10,52,3,4,34,inf
Random,10,52,3,4,35,inf
Random,10,52,3,4,36,inf
Random,10,52,3,4,37,inf
Random,10,52,3,4,38,inf
Random,10,52,3,4,39,inf
Random,10,52,3,4,40,inf
Random,10,52,3,4,41,inf
Random,10,52,3,4,42,inf
Random,10,52,3,4,43,inf
Random,10,52,3,4,44,inf
Random,10,52,3,4,45,inf
Random,10,52,3,4,46,inf
Random,10,52,3,4,47,inf
Random,10,52,3,4,48,inf
Random,10,52,3,4,49,inf
Random,10,52,3,4,50,inf
Random,10,52,3,4,51,inf
Random,10,52,3,4,52,inf
Random,10,52,3,4,53,inf
Random,10,52,3,4,54,inf
Random,10,52,3,4,55,inf
Random,10,52,3,4,56,inf
Random,10,52,3,4,57,inf
Random,10,52,3,4,58,inf
Random,10,52,3,4,59,inf
Random,10,52,3,4,60,inf
Random,10,52,3,4,61,inf
Random,10,52,3,4,62,inf
Random,10,52,3,4,63,inf
Random,10,52,3,4,64,inf
Random,10,52,3,4,65,inf
Random,10,52,3,4,66,inf
Random,10,52,3,4,67,inf
Random,10,52,3,4,68,inf
Random,10,52,3,4,69,inf
Random,10,52,3,4,70,inf
Random,10,52,3,4,71,inf
Random,10,52,3,4,72,inf
Random,10,52,3,4,73,inf
Random,10,52,3,4,74,inf
Random,10,52,3,4,75,inf
Random,10,52,3,4,76,inf
Random,10,52,3,4,77,inf
Random,10,52,3,4,78,inf
Random,10,52,3,4,79,inf
Random,10,52,3,4,80,inf
Random,10,52,3,4,81,inf
Random,10,52,3,4,82,inf
Random,10,52,3,4,83,inf
Random,10,52,3,4,84,inf
Random,10,52,3,4,85,inf
Random,10,52,3,4,86,inf
Random,10,52,3,4,87,inf
Random,10,52,3,4,88,inf
Random,10,52,3,4,89,inf
Random,10,52,3,4,90,inf
Random,10,52,3,4,91,inf
Random,10,52,3,4,92,inf
Random,10,52,3,4,93,inf
Random,10,52,3,4,94,inf
Random,10,52,3,4,95,inf
Random,10,52,3,4,96,inf
Random,10,52,3,4,97,inf
Random,10,52,3,4,98,inf
Random,10,52,3,4,99,inf
Random,10,52,3,4,100,inf
qLogEI,10,52,3,4,1,inf
qLogEI,10,52,3,4,2,inf
qLogEI,10,52,3,4,3,inf
qLogEI,10,52,3,4,4,inf
qLogEI,10,52,3,4,5,inf
qLogEI,10,52,3,4,6,inf
qLogEI,10,52,3,4,7,inf
qLogEI,10,52,3,4,8,inf
qLogEI,10,52,3,4,9,inf
qLogEI,10,52,3,4,10,inf
qLogEI,10,52,3,4,11,inf
qLogEI,10,52,3,4,12,inf
qLogEI,10,52,3,4,13,inf
qLogEI,10,52,3,4,14,inf
qLogEI,10,52,3,4,15,inf
qLogEI,10,52,3,4,16,inf
qLogEI,10,52,3,4,17,inf
qLogEI,10,52,3,4,18,inf
qLogEI,10,52,3,4,19,inf
qLogEI,10,52,3,4,20,inf
qLogEI,10,52,3,4,21,inf
qLogEI,10,52,3,4,22,inf
qLogEI,10,52,3,4,23,inf
qLogEI,10,52,3,4,24,inf
qLogEI,10,52,3,4,25,inf
qLogEI,10,52,3,4,26,inf
qLogEI,10,52,3,4,27,inf
qLogEI,10,52,3,4,28,inf
qLogEI,10,52,3,4,29,inf
qLogEI,10,52,3,4,30,inf
qLogEI,10,52,3,4,31,inf
qLogEI,10,52,3,4,32,inf
qLogEI,10,52,3,4,33,inf
qLogEI,10,52,3,4,34,inf
qLogEI,10,52,3,4,35,inf
qLogEI,10,52,3,4,36,inf
qLogEI,10,52,3,4,37,inf
qLogEI,10,52,3,4,38,inf
qLogEI,10,52,3,4,39,inf
qLogEI,10,52,3,4,40,inf
qLogEI,10,52,3,4,41,inf
qLogEI,10,52,3,4,42,inf
qLogEI,10,52,3,4,43,inf
qLogEI,10,52,3,4,44,inf
qLogEI,10,52,3,4,45,inf
qLogEI,10,52,3,4,46,inf
qLogEI,10,52,3,4,47,inf
qLogEI,10,52,3,4,48,inf
qLogEI,10,52,3,4,49,inf
qLogEI,10,52,3,4,50,inf
qLogEI,10,52,3,4,51,inf
qLogEI,10,52,3,4,52,inf
qLogEI,10,52,3,4,53,inf
qLogEI,10,52,3,4,54,inf
qLogEI,10,52,3,4,55,inf
qLogEI,10,52,3,4,56,inf
qLogEI,10,52,3,4,57,inf
qLogEI,10,52,3,4,58,inf
qLogEI,10,52,3,4,59,inf
qLogEI,10,52,3,4,60,inf
qLogEI,10,52,3,4,61,inf
qLogEI,10,52,3,4,62,inf
qLogEI,10,52,3,4,63,inf
qLogEI,10,52,3,4,64,inf
qLogEI,10,52,3,4,65,inf
qLogEI,10,52,3,4,66,inf
qLogEI,10,52,3,4,67,inf
qLogEI,10,52,3,4,68,inf
qLogEI,10,52,3,4,69,inf
qLogEI,10,52,3,4,70,inf
qLogEI,10,52,3,4,71,inf
qLogEI,10,52,3,4,72,inf
qLogEI,10,52,3,4,73,inf
qLogEI,10,52,3,4,74,inf
qLogEI,10,52,3,4,75,inf
qLogEI,10,52,3,4,76,inf
qLogEI,10,52,3,4,77,inf
qLogEI,10,52,3,4,78,inf
qLogEI,10,52,3,4,79,inf
qLogEI,10,52,3,4,80,inf
qLogEI,10,52,3,4,81,inf
qLogEI,10,52,3,4,82,inf
qLogEI,10,52,3,4,83,inf
qLogEI,10,52,3,4,84,inf
qLogEI,10,52,3,4,85,inf
qLogEI,10,52,3,4,86,inf
qLogEI,10,52,3,4,87,inf
qLogEI,10,52,3,4,88,inf
qLogEI,10,52,3,4,89,inf
qLogEI,10,52,3,4,90,inf
qLogEI,10,52,3,4,91,inf
qLogEI,10,52,3,4,92,inf
qLogEI,10,52,3,4,93,inf
qLogEI,10,52,3,4,94,inf
qLogEI,10,52,3,4,95,inf
qLogEI,10,52,3,4,96,inf
qLogEI,10,52,3,4,97,inf
qLogEI,10,52,3,4,98,inf
qLogEI,10,52,3,4,99,inf
qLogEI,10,52,3,4,100,inf
RL_Full,10,52,3,4,1,inf
RL_Full,10,52,3,4,2,inf
RL_Full,10,52,3,4,3,inf
RL_Full,10,52,3,4,4,inf
RL_Full,10,52,3,4,5,inf
RL_Full,10,52,3,4,6,inf
RL_Full,10,52,3,4,7,inf
RL_Full,10,52,3,4,8,inf
RL_Full,10,52,3,4,9,inf
RL_Full,10,52,3,4,10,inf
RL_Full,10,52,3,4,11,inf
RL_Full,10,52,3,4,12,inf
RL_Full,10,52,3,4,13,inf
RL_Full,10,52,3,4,14,inf
RL_Full,10,52,3,4,15,inf
RL_Full,10,52,3,4,16,inf
RL_Full,10,52,3,4,17,inf
RL_Full,10,52,3,4,18,inf
RL_Full,10,52,3,4,19,inf
RL_Full,10,52,3,4,20,inf
RL_Full,10,52,3,4,21,inf
RL_Full,10,52,3,4,22,inf
RL_Full,10,52,3,4,23,inf
RL_Full,10,52,3,4,24,inf
RL_Full,10,52,3,4,25,inf
RL_Full,10,52,3,4,26,inf
RL_Full,10,52,3,4,27,inf
RL_Full,10,52,3,4,28,inf
RL_Full,10,52,3,4,29,inf
RL_Full,10,52,3,4,30,inf
RL_Full,10,52,3,4,31,inf
RL_Full,10,52,3,4,32,inf
RL_Full,10,52,3,4,33,inf
RL_Full,10,52,3,4,34,inf
RL_Full,10,52,3,4,35,inf
RL_Full,10,52,3,4,36,inf
RL_Full,10,52,3,4,37,inf
RL_Full,10,52,3,4,38,inf
RL_Full,10,52,3,4,39,inf
RL_Full,10,52,3,4,40,inf
RL_Full,10,52,3,4,41,inf
RL_Full,10,52,3,4,42,inf
RL_Full,10,52,3,4,43,inf
RL_Full,10,52,3,4,44,inf
RL_Full,10,52,3,4,45,inf
RL_Full,10,52,3,4,46,inf
RL_Full,10,52,3,4,47,inf
RL_Full,10,52,3,4,48,inf
RL_Full,10,52,3,4,49,inf
RL_Full,10,52,3,4,50,inf
RL_Full,10,52,3,4,51,inf
RL_Full,10,52,3,4,52,inf
RL_Full,10,52,3,4,53,inf
RL_Full,10,52,3,4,54,inf
RL_Full,10,52,3,4,55,inf
RL_Full,10,52,3,4,56,inf
RL_Full,10,52,3,4,57,inf
RL_Full,10,52,3,4,58,inf
RL_Full,10,52,3,4,59,inf
RL_Full,10,52,3,4,60,inf
RL_Full,10,52,3,4,61,inf
RL_Full,10,52,3,4,62,inf
RL_Full,10,52,3,4,63,inf
RL_Full,10,52,3,4,64,inf
RL_Full,10,52,3,4,65,inf
RL_Full,10,52,3,4,66,inf
RL_Full,10,52,3,4,67,inf
RL_Full,10,52,3,4,68,inf
RL_Full,10,52,3,4,69,inf
RL_Full,10,52,3,4,70,inf
RL_Full,10,52,3,4,71,inf
RL_Full,10,52,3,4,72,inf
RL_Full,10,52,3,4,73,inf
RL_Full,10,52,3,4,74,inf
RL_Full,10,52,3,4,75,inf
RL_Full,10,52,3,4,76,inf
RL_Full,10,52,3,4,77,inf
RL_Full,10,52,3,4,78,inf
RL_Full,10,52,3,4,79,inf
RL_Full,10,52,3,4,80,inf
RL_Full,10,52,3,4,81,inf
RL_Full,10,52,3,4,82,inf
RL_Full,10,52,3,4,83,inf
RL_Full,10,52,3,4,84,inf
RL_Full,10,52,3,4,85,inf
RL_Full,10,52,3,4,86,inf
RL_Full,10,52,3,4,87,inf
RL_Full,10,52,3,4,88,inf
RL_Full,10,52,3,4,89,inf
RL_Full,10,52,3,4,90,inf
RL_Full,10,52,3,4,91,inf
RL_Full,10,52,3,4,92,inf
RL_Full,10,52,3,4,93,inf
RL_Full,10,52,3,4,94,inf
RL_Full,10,52,3,4,95,inf
RL_Full,10,52,3,4,96,inf
RL_Full,10,52,3,4,97,inf
RL_Full,10,52,3,4,98,inf
RL_Full,10,52,3,4,99,inf
RL_Full,10,52,3,4,100,inf
Random,10,54,1,0,1,inf
Random,10,54,1,0,2,inf
Random,10,54,1,0,3,inf
Random,10,54,1,0,4,inf
Random,10,54,1,0,5,inf
Random,10,54,1,0,6,inf
Random,10,54,1,0,7,inf
Random,10,54,1,0,8,inf
Random,10,54,1,0,9,inf
Random,10,54,1,0,10,inf
Random,10,54,1,0,11,inf
Random,10,54,1,0,12,inf
Random,10,54,1,0,13,inf
Random,10,54,1,0,14,inf
Random,10,54,1,0,15,inf
Random,10,54,1,0,16,inf
Random,10,54,1,0,17,inf
Random,10,54,1,0,18,inf
Random,10,54,1,0,19,inf
Random,10,54,1,0,20,inf
Random,10,54,1,0,21,inf
Random,10,54,1,0,22,inf
Random,10,54,1,0,23,inf
Random,10,54,1,0,24,inf
Random,10,54,1,0,25,inf
Random,10,54,1,0,26,inf
Random,10,54,1,0,27,inf
Random,10,54,1,0,28,inf
Random,10,54,1,0,29,inf
Random,10,54,1,0,30,inf
Random,10,54,1,0,31,inf
Random,10,54,1,0,32,inf
Random,10,54,1,0,33,inf
Random,10,54,1,0,34,inf
Random,10,54,1,0,35,inf
Random,10,54,1,0,36,inf
Random,10,54,1,0,37,inf
Random,10,54,1,0,38,inf
Random,10,54,1,0,39,inf
Random,10,54,1,0,40,inf
Random,10,54,1,0,41,inf
Random,10,54,1,0,42,inf
Random,10,54,1,0,43,inf
Random,10,54,1,0,44,inf
Random,10,54,1,0,45,inf
Random,10,54,1,0,46,inf
Random,10,54,1,0,47,inf
Random,10,54,1,0,48,inf
Random,10,54,1,0,49,inf
Random,10,54,1,0,50,inf
Random,10,54,1,0,51,inf
Random,10,54,1,0,52,inf
Random,10,54,1,0,53,inf
Random,10,54,1,0,54,inf
Random,10,54,1,0,55,inf
Random,10,54,1,0,56,inf
Random,10,54,1,0,57,inf
Random,10,54,1,0,58,inf
Random,10,54,1,0,59,inf
Random,10,54,1,0,60,inf
Random,10,54,1,0,61,inf
Random,10,54,1,0,62,inf
Random,10,54,1,0,63,inf
Random,10,54,1,0,64,inf
Random,10,54,1,0,65,inf
Random,10,54,1,0,66,inf
Random,10,54,1,0,67,inf
Random,10,54,1,0,68,inf
Random,10,54,1,0,69,inf
Random,10,54,1,0,70,inf
Random,10,54,1,0,71,inf
Random,10,54,1,0,72,inf
Random,10,54,1,0,73,inf
Random,10,54,1,0,74,inf
Random,10,54,1,0,75,inf
Random,10,54,1,0,76,inf
Random,10,54,1,0,77,inf
Random,10,54,1,0,78,inf
Random,10,54,1,0,79,inf
Random,10,54,1,0,80,inf
Random,10,54,1,0,81,inf
Random,10,54,1,0,82,inf
Random,10,54,1,0,83,inf
Random,10,54,1,0,84,inf
Random,10,54,1,0,85,inf
Random,10,54,1,0,86,inf
Random,10,54,1,0,87,inf
Random,10,54,1,0,88,inf
Random,10,54,1,0,89,inf
Random,10,54,1,0,90,inf
Random,10,54,1,0,91,inf
Random,10,54,1,0,92,inf
Random,10,54,1,0,93,inf
Random,10,54,1,0,94,inf
Random,10,54,1,0,95,inf
Random,10,54,1,0,96,inf
Random,10,54,1,0,97,inf
Random,10,54,1,0,98,inf
Random,10,54,1,0,99,inf
Random,10,54,1,0,100,inf
qLogEI,10,54,1,0,1,inf
qLogEI,10,54,1,0,2,inf
qLogEI,10,54,1,0,3,inf
qLogEI,10,54,1,0,4,inf
qLogEI,10,54,1,0,5,inf
qLogEI,10,54,1,0,6,inf
qLogEI,10,54,1,0,7,inf
qLogEI,10,54,1,0,8,inf
qLogEI,10,54,1,0,9,inf
qLogEI,10,54,1,0,10,inf
qLogEI,10,54,1,0,11,inf
qLogEI,10,54,1,0,12,inf
qLogEI,10,54,1,0,13,inf
qLogEI,10,54,1,0,14,inf
qLogEI,10,54,1,0,15,inf
qLogEI,10,54,1,0,16,inf
qLogEI,10,54,1,0,17,inf
qLogEI,10,54,1,0,18,inf
qLogEI,10,54,1,0,19,inf
qLogEI,10,54,1,0,20,inf
qLogEI,10,54,1,0,21,inf
qLogEI,10,54,1,0,22,inf
qLogEI,10,54,1,0,23,inf
qLogEI,10,54,1,0,24,inf
qLogEI,10,54,1,0,25,inf
qLogEI,10,54,1,0,26,inf
qLogEI,10,54,1,0,27,inf
qLogEI,10,54,1,0,28,inf
qLogEI,10,54,1,0,29,inf
qLogEI,10,54,1,0,30,inf
qLogEI,10,54,1,0,31,inf
qLogEI,10,54,1,0,32,inf
qLogEI,10,54,1,0,33,inf
qLogEI,10,54,1,0,34,inf
qLogEI,10,54,1,0,35,inf
qLogEI,10,54,1,0,36,inf
qLogEI,10,54,1,0,37,inf
qLogEI,10,54,1,0,38,inf
qLogEI,10,54,1,0,39,inf
qLogEI,10,54,1,0,40,inf
qLogEI,10,54,1,0,41,inf
qLogEI,10,54,1,0,42,inf
qLogEI,10,54,1,0,43,inf
qLogEI,10,54,1,0,44,inf
qLogEI,10,54,1,0,45,inf
qLogEI,10,54,1,0,46,inf
qLogEI,10,54,1,0,47,inf
qLogEI,10,54,1,0,48,inf
qLogEI,10,54,1,0,49,inf
qLogEI,10,54,1,0,50,inf
qLogEI,10,54,1,0,51,inf
qLogEI,10,54,1,0,52,inf
qLogEI,10,54,1,0,53,inf
qLogEI,10,54,1,0,54,inf
qLogEI,10,54,1,0,55,inf
qLogEI,10,54,1,0,56,inf
qLogEI,10,54,1,0,57,inf
qLogEI,10,54,1,0,58,inf
qLogEI,10,54,1,0,59,inf
qLogEI,10,54,1,0,60,inf
qLogEI,10,54,1,0,61,inf
qLogEI,10,54,1,0,62,inf
qLogEI,10,54,1,0,63,inf
qLogEI,10,54,1,0,64,inf
qLogEI,10,54,1,0,65,inf
qLogEI,10,54,1,0,66,inf
qLogEI,10,54,1,0,67,inf
qLogEI,10,54,1,0,68,inf
qLogEI,10,54,1,0,69,inf
qLogEI,10,54,1,0,70,inf
qLogEI,10,54,1,0,71,inf
qLogEI,10,54,1,0,72,inf
qLogEI,10,54,1,0,73,inf
qLogEI,10,54,1,0,74,inf
qLogEI,10,54,1,0,75,inf
qLogEI,10,54,1,0,76,inf
qLogEI,10,54,1,0,77,inf
qLogEI,10,54,1,0,78,inf
qLogEI,10,54,1,0,79,inf
qLogEI,10,54,1,0,80,inf
qLogEI,10,54,1,0,81,inf
qLogEI,10,54,1,0,82,inf
qLogEI,10,54,1,0,83,inf
qLogEI,10,54,1,0,84,inf
qLogEI,10,54,1,0,85,inf
qLogEI,10,54,1,0,86,inf
qLogEI,10,54,1,0,87,inf
qLogEI,10,54,1,0,88,inf
qLogEI,10,54,1,0,89,inf
qLogEI,10,54,1,0,90,inf
qLogEI,10,54,1,0,91,inf
qLogEI,10,54,1,0,92,inf
qLogEI,10,54,1,0,93,inf
qLogEI,10,54,1,0,94,inf
qLogEI,10,54,1,0,95,inf
qLogEI,10,54,1,0,96,inf
qLogEI,10,54,1,0,97,inf
qLogEI,10,54,1,0,98,inf
qLogEI,10,54,1,0,99,inf
qLogEI,10,54,1,0,100,inf
RL_Full,10,54,1,0,1,inf
RL_Full,10,54,1,0,2,inf
RL_Full,10,54,1,0,3,inf
RL_Full,10,54,1,0,4,inf
RL_Full,10,54,1,0,5,inf
RL_Full,10,54,1,0,6,inf
RL_Full,10,54,1,0,7,inf
RL_Full,10,54,1,0,8,inf
RL_Full,10,54,1,0,9,inf
RL_Full,10,54,1,0,10,inf
RL_Full,10,54,1,0,11,inf
RL_Full,10,54,1,0,12,inf
RL_Full,10,54,1,0,13,inf
RL_Full,10,54,1,0,14,inf
RL_Full,10,54,1,0,15,inf
RL_Full,10,54,1,0,16,inf
RL_Full,10,54,1,0,17,inf
RL_Full,10,54,1,0,18,inf
RL_Full,10,54,1,0,19,inf
RL_Full,10,54,1,0,20,inf
RL_Full,10,54,1,0,21,inf
RL_Full,10,54,1,0,22,inf
RL_Full,10,54,1,0,23,inf
RL_Full,10,54,1,0,24,inf
RL_Full,10,54,1,0,25,inf
RL_Full,10,54,1,0,26,inf
RL_Full,10,54,1,0,27,inf
RL_Full,10,54,1,0,28,inf
RL_Full,10,54,1,0,29,inf
RL_Full,10,54,1,0,30,inf
RL_Full,10,54,1,0,31,inf
RL_Full,10,54,1,0,32,inf
RL_Full,10,54,1,0,33,inf
RL_Full,10,54,1,0,34,inf
RL_Full,10,54,1,0,35,inf
RL_Full,10,54,1,0,36,inf
RL_Full,10,54,1,0,37,inf
RL_Full,10,54,1,0,38,inf
RL_Full,10,54,1,0,39,inf
RL_Full,10,54,1,0,40,inf
RL_Full,10,54,1,0,41,inf
RL_Full,10,54,1,0,42,inf
RL_Full,10,54,1,0,43,inf
RL_Full,10,54,1,0,44,inf
RL_Full,10,54,1,0,45,inf
RL_Full,10,54,1,0,46,inf
RL_Full,10,54,1,0,47,inf
RL_Full,10,54,1,0,48,inf
RL_Full,10,54,1,0,49,inf
RL_Full,10,54,1,0,50,inf
RL_Full,10,54,1,0,51,inf
RL_Full,10,54,1,0,52,inf
RL_Full,10,54,1,0,53,inf
RL_Full,10,54,1,0,54,inf
RL_Full,10,54,1,0,55,inf
RL_Full,10,54,1,0,56,inf
RL_Full,10,54,1,0,57,inf
RL_Full,10,54,1,0,58,inf
RL_Full,10,54,1,0,59,inf
RL_Full,10,54,1,0,60,inf
RL_Full,10,54,1,0,61,inf
RL_Full,10,54,1,0,62,inf
RL_Full,10,54,1,0,63,inf
RL_Full,10,54,1,0,64,inf
RL_Full,10,54,1,0,65,inf
RL_Full,10,54,1,0,66,inf
RL_Full,10,54,1,0,67,inf
RL_Full,10,54,1,0,68,inf
RL_Full,10,54,1,0,69,inf
RL_Full,10,54,1,0,70,inf
RL_Full,10,54,1,0,71,inf
RL_Full,10,54,1,0,72,inf
RL_Full,10,54,1,0,73,inf
RL_Full,10,54,1,0,74,inf
RL_Full,10,54,1,0,75,inf
RL_Full,10,54,1,0,76,inf
RL_Full,10,54,1,0,77,inf
RL_Full,10,54,1,0,78,inf
RL_Full,10,54,1,0,79,inf
RL_Full,10,54,1,0,80,inf
RL_Full,10,54,1,0,81,inf
RL_Full,10,54,1,0,82,inf
RL_Full,10,54,1,0,83,inf
RL_Full,10,54,1,0,84,inf
RL_Full,10,54,1,0,85,inf
RL_Full,10,54,1,0,86,inf
RL_Full,10,54,1,0,87,inf
RL_Full,10,54,1,0,88,inf
RL_Full,10,54,1,0,89,inf
RL_Full,10,54,1,0,90,inf
RL_Full,10,54,1,0,91,inf
RL_Full,10,54,1,0,92,inf
RL_Full,10,54,1,0,93,inf
RL_Full,10,54,1,0,94,inf
RL_Full,10,54,1,0,95,inf
RL_Full,10,54,1,0,96,inf
RL_Full,10,54,1,0,97,inf
RL_Full,10,54,1,0,98,inf
RL_Full,10,54,1,0,99,inf
RL_Full,10,54,1,0,100,inf
Random,10,54,1,1,1,inf
Random,10,54,1,1,2,inf
Random,10,54,1,1,3,inf
Random,10,54,1,1,4,inf
Random,10,54,1,1,5,inf
Random,10,54,1,1,6,inf
Random,10,54,1,1,7,inf
Random,10,54,1,1,8,inf
Random,10,54,1,1,9,inf
Random,10,54,1,1,10,inf
Random,10,54,1,1,11,inf
Random,10,54,1,1,12,inf
Random,10,54,1,1,13,inf
Random,10,54,1,1,14,inf
Random,10,54,1,1,15,inf
Random,10,54,1,1,16,inf
Random,10,54,1,1,17,inf
Random,10,54,1,1,18,inf
Random,10,54,1,1,19,inf
Random,10,54,1,1,20,inf
Random,10,54,1,1,21,inf
Random,10,54,1,1,22,inf
Random,10,54,1,1,23,inf
Random,10,54,1,1,24,inf
Random,10,54,1,1,25,inf
Random,10,54,1,1,26,inf
Random,10,54,1,1,27,inf
Random,10,54,1,1,28,inf
Random,10,54,1,1,29,inf
Random,10,54,1,1,30,inf
Random,10,54,1,1,31,inf
Random,10,54,1,1,32,inf
Random,10,54,1,1,33,inf
Random,10,54,1,1,34,inf
Random,10,54,1,1,35,inf
Random,10,54,1,1,36,inf
Random,10,54,1,1,37,inf
Random,10,54,1,1,38,inf
Random,10,54,1,1,39,inf
Random,10,54,1,1,40,inf
Random,10,54,1,1,41,inf
Random,10,54,1,1,42,inf
Random,10,54,1,1,43,inf
Random,10,54,1,1,44,inf
Random,10,54,1,1,45,inf
Random,10,54,1,1,46,inf
Random,10,54,1,1,47,inf
Random,10,54,1,1,48,inf
Random,10,54,1,1,49,inf
Random,10,54,1,1,50,inf
Random,10,54,1,1,51,inf
Random,10,54,1,1,52,inf
Random,10,54,1,1,53,inf
Random,10,54,1,1,54,inf
Random,10,54,1,1,55,inf
Random,10,54,1,1,56,inf
Random,10,54,1,1,57,inf
Random,10,54,1,1,58,inf
Random,10,54,1,1,59,inf
Random,10,54,1,1,60,inf
Random,10,54,1,1,61,inf
Random,10,54,1,1,62,inf
Random,10,54,1,1,63,inf
Random,10,54,1,1,64,inf
Random,10,54,1,1,65,inf
Random,10,54,1,1,66,inf
Random,10,54,1,1,67,inf
Random,10,54,1,1,68,inf
Random,10,54,1,1,69,inf
Random,10,54,1,1,70,inf
Random,10,54,1,1,71,inf
Random,10,54,1,1,72,inf
Random,10,54,1,1,73,inf
Random,10,54,1,1,74,inf
Random,10,54,1,1,75,inf
Random,10,54,1,1,76,inf
Random,10,54,1,1,77,inf
Random,10,54,1,1,78,inf
Random,10,54,1,1,79,inf
Random,10,54,1,1,80,inf
Random,10,54,1,1,81,inf
Random,10,54,1,1,82,inf
Random,10,54,1,1,83,inf
Random,10,54,1,1,84,inf
Random,10,54,1,1,85,inf
Random,10,54,1,1,86,inf
Random,10,54,1,1,87,inf
Random,10,54,1,1,88,inf
Random,10,54,1,1,89,inf
Random,10,54,1,1,90,inf
Random,10,54,1,1,91,inf
Random,10,54,1,1,92,inf
Random,10,54,1,1,93,inf
Random,10,54,1,1,94,inf
Random,10,54,1,1,95,inf
Random,10,54,1,1,96,inf
Random,10,54,1,1,97,inf
Random,10,54,1,1,98,inf
Random,10,54,1,1,99,inf
Random,10,54,1,1,100,inf
qLogEI,10,54,1,1,1,inf
qLogEI,10,54,1,1,2,inf
qLogEI,10,54,1,1,3,inf
qLogEI,10,54,1,1,4,inf
qLogEI,10,54,1,1,5,inf
qLogEI,10,54,1,1,6,inf
qLogEI,10,54,1,1,7,inf
qLogEI,10,54,1,1,8,inf
qLogEI,10,54,1,1,9,inf
qLogEI,10,54,1,1,10,inf
qLogEI,10,54,1,1,11,inf
qLogEI,10,54,1,1,12,inf
qLogEI,10,54,1,1,13,inf
qLogEI,10,54,1,1,14,inf
qLogEI,10,54,1,1,15,inf
qLogEI,10,54,1,1,16,inf
qLogEI,10,54,1,1,17,inf
qLogEI,10,54,1,1,18,inf
qLogEI,10,54,1,1,19,inf
qLogEI,10,54,1,1,20,inf
qLogEI,10,54,1,1,21,inf
qLogEI,10,54,1,1,22,inf
qLogEI,10,54,1,1,23,inf
qLogEI,10,54,1,1,24,inf
qLogEI,10,54,1,1,25,inf
qLogEI,10,54,1,1,26,inf
qLogEI,10,54,1,1,27,inf
qLogEI,10,54,1,1,28,inf
qLogEI,10,54,1,1,29,inf
qLogEI,10,54,1,1,30,inf
qLogEI,10,54,1,1,31,inf
qLogEI,10,54,1,1,32,inf
qLogEI,10,54,1,1,33,inf
qLogEI,10,54,1,1,34,inf
qLogEI,10,54,1,1,35,inf
qLogEI,10,54,1,1,36,inf
qLogEI,10,54,1,1,37,inf
qLogEI,10,54,1,1,38,inf
qLogEI,10,54,1,1,39,inf
qLogEI,10,54,1,1,40,inf
qLogEI,10,54,1,1,41,inf
qLogEI,10,54,1,1,42,inf
qLogEI,10,54,1,1,43,inf
qLogEI,10,54,1,1,44,inf
qLogEI,10,54,1,1,45,inf
qLogEI,10,54,1,1,46,inf
qLogEI,10,54,1,1,47,inf
qLogEI,10,54,1,1,48,inf
qLogEI,10,54,1,1,49,inf
qLogEI,10,54,1,1,50,inf
qLogEI,10,54,1,1,51,inf
qLogEI,10,54,1,1,52,inf
qLogEI,10,54,1,1,53,inf
qLogEI,10,54,1,1,54,inf
qLogEI,10,54,1,1,55,inf
qLogEI,10,54,1,1,56,inf
qLogEI,10,54,1,1,57,inf
qLogEI,10,54,1,1,58,inf
qLogEI,10,54,1,1,59,inf
qLogEI,10,54,1,1,60,inf
qLogEI,10,54,1,1,61,inf
qLogEI,10,54,1,1,62,inf
qLogEI,10,54,1,1,63,inf
qLogEI,10,54,1,1,64,inf
qLogEI,10,54,1,1,65,inf
qLogEI,10,54,1,1,66,inf
qLogEI,10,54,1,1,67,inf
qLogEI,10,54,1,1,68,inf
qLogEI,10,54,1,1,69,inf
qLogEI,10,54,1,1,70,inf
qLogEI,10,54,1,1,71,inf
qLogEI,10,54,1,1,72,inf
qLogEI,10,54,1,1,73,inf
qLogEI,10,54,1,1,74,inf
qLogEI,10,54,1,1,75,inf
qLogEI,10,54,1,1,76,inf
qLogEI,10,54,1,1,77,inf
qLogEI,10,54,1,1,78,inf
qLogEI,10,54,1,1,79,inf
qLogEI,10,54,1,1,80,inf
qLogEI,10,54,1,1,81,inf
qLogEI,10,54,1,1,82,inf
qLogEI,10,54,1,1,83,inf
qLogEI,10,54,1,1,84,inf
qLogEI,10,54,1,1,85,inf
qLogEI,10,54,1,1,86,inf
qLogEI,10,54,1,1,87,inf
qLogEI,10,54,1,1,88,inf
qLogEI,10,54,1,1,89,inf
qLogEI,10,54,1,1,90,inf
qLogEI,10,54,1,1,91,inf
qLogEI,10,54,1,1,92,inf
qLogEI,10,54,1,1,93,inf
qLogEI,10,54,1,1,94,inf
qLogEI,10,54,1,1,95,inf
qLogEI,10,54,1,1,96,inf
qLogEI,10,54,1,1,97,inf
qLogEI,10,54,1,1,98,inf
qLogEI,10,54,1,1,99,inf
qLogEI,10,54,1,1,100,inf
RL_Full,10,54,1,1,1,inf
RL_Full,10,54,1,1,2,inf
RL_Full,10,54,1,1,3,inf
RL_Full,10,54,1,1,4,inf
RL_Full,10,54,1,1,5,inf
RL_Full,10,54,1,1,6,inf
RL_Full,10,54,1,1,7,inf
RL_Full,10,54,1,1,8,inf
RL_Full,10,54,1,1,9,inf
RL_Full,10,54,1,1,10,inf
RL_Full,10,54,1,1,11,inf
RL_Full,10,54,1,1,12,inf
RL_Full,10,54,1,1,13,inf
RL_Full,10,54,1,1,14,inf
RL_Full,10,54,1,1,15,inf
RL_Full,10,54,1,1,16,inf
RL_Full,10,54,1,1,17,inf
RL_Full,10,54,1,1,18,inf
RL_Full,10,54,1,1,19,inf
RL_Full,10,54,1,1,20,inf
RL_Full,10,54,1,1,21,inf
RL_Full,10,54,1,1,22,inf
RL_Full,10,54,1,1,23,inf
RL_Full,10,54,1,1,24,inf
RL_Full,10,54,1,1,25,inf
RL_Full,10,54,1,1,26,inf
RL_Full,10,54,1,1,27,inf
RL_Full,10,54,1,1,28,inf
RL_Full,10,54,1,1,29,inf
RL_Full,10,54,1,1,30,inf
RL_Full,10,54,1,1,31,inf
RL_Full,10,54,1,1,32,inf
RL_Full,10,54,1,1,33,inf
RL_Full,10,54,1,1,34,inf
RL_Full,10,54,1,1,35,inf
RL_Full,10,54,1,1,36,inf
RL_Full,10,54,1,1,37,inf
RL_Full,10,54,1,1,38,inf
RL_Full,10,54,1,1,39,inf
RL_Full,10,54,1,1,40,inf
RL_Full,10,54,1,1,41,inf
RL_Full,10,54,1,1,42,inf
RL_Full,10,54,1,1,43,inf
RL_Full,10,54,1,1,44,inf
RL_Full,10,54,1,1,45,inf
RL_Full,10,54,1,1,46,inf
RL_Full,10,54,1,1,47,inf
RL_Full,10,54,1,1,48,inf
RL_Full,10,54,1,1,49,inf
RL_Full,10,54,1,1,50,inf
RL_Full,10,54,1,1,51,inf
RL_Full,10,54,1,1,52,inf
RL_Full,10,54,1,1,53,inf
RL_Full,10,54,1,1,54,inf
RL_Full,10,54,1,1,55,inf
RL_Full,10,54,1,1,56,inf
RL_Full,10,54,1,1,57,inf
RL_Full,10,54,1,1,58,inf
RL_Full,10,54,1,1,59,inf
RL_Full,10,54,1,1,60,inf
RL_Full,10,54,1,1,61,inf
RL_Full,10,54,1,1,62,inf
RL_Full,10,54,1,1,63,inf
RL_Full,10,54,1,1,64,inf
RL_Full,10,54,1,1,65,inf
RL_Full,10,54,1,1,66,inf
RL_Full,10,54,1,1,67,inf
RL_Full,10,54,1,1,68,inf
RL_Full,10,54,1,1,69,inf
RL_Full,10,54,1,1,70,inf
RL_Full,10,54,1,1,71,inf
RL_Full,10,54,1,1,72,inf
RL_Full,10,54,1,1,73,inf
RL_Full,10,54,1,1,74,inf
RL_Full,10,54,1,1,75,inf
RL_Full,10,54,1,1,76,inf
RL_Full,10,54,1,1,77,inf
RL_Full,10,54,1,1,78,inf
RL_Full,10,54,1,1,79,inf
RL_Full,10,54,1,1,80,inf
RL_Full,10,54,1,1,81,inf
RL_Full,10,54,1,1,82,inf
RL_Full,10,54,1,1,83,inf
RL_Full,10,54,1,1,84,inf
RL_Full,10,54,1,1,85,inf
RL_Full,10,54,1,1,86,inf
RL_Full,10,54,1,1,87,inf
RL_Full,10,54,1,1,88,inf
RL_Full,10,54,1,1,89,inf
RL_Full,10,54,1,1,90,inf
RL_Full,10,54,1,1,91,inf
RL_Full,10,54,1,1,92,inf
RL_Full,10,54,1,1,93,inf
RL_Full,10,54,1,1,94,inf
RL_Full,10,54,1,1,95,inf
RL_Full,10,54,1,1,96,inf
RL_Full,10,54,1,1,97,inf
RL_Full,10,54,1,1,98,inf
RL_Full,10,54,1,1,99,inf
RL_Full,10,54,1,1,100,inf
Random,10,54,1,2,1,inf
Random,10,54,1,2,2,inf
Random,10,54,1,2,3,inf
Random,10,54,1,2,4,inf
Random,10,54,1,2,5,inf
Random,10,54,1,2,6,inf
Random,10,54,1,2,7,inf
Random,10,54,1,2,8,inf
Random,10,54,1,2,9,inf
Random,10,54,1,2,10,inf
Random,10,54,1,2,11,inf
Random,10,54,1,2,12,inf
Random,10,54,1,2,13,inf
Random,10,54,1,2,14,inf
Random,10,54,1,2,15,inf
Random,10,54,1,2,16,inf
Random,10,54,1,2,17,inf
Random,10,54,1,2,18,inf
Random,10,54,1,2,19,inf
Random,10,54,1,2,20,inf
Random,10,54,1,2,21,inf
Random,10,54,1,2,22,inf
Random,10,54,1,2,23,inf
Random,10,54,1,2,24,inf
Random,10,54,1,2,25,inf
Random,10,54,1,2,26,inf
Random,10,54,1,2,27,inf
Random,10,54,1,2,28,inf
Random,10,54,1,2,29,inf
Random,10,54,1,2,30,inf
Random,10,54,1,2,31,inf
Random,10,54,1,2,32,inf
Random,10,54,1,2,33,inf
Random,10,54,1,2,34,inf
Random,10,54,1,2,35,inf
Random,10,54,1,2,36,inf
Random,10,54,1,2,37,inf
Random,10,54,1,2,38,inf
Random,10,54,1,2,39,inf
Random,10,54,1,2,40,inf
Random,10,54,1,2,41,inf
Random,10,54,1,2,42,inf
Random,10,54,1,2,43,inf
Random,10,54,1,2,44,inf
Random,10,54,1,2,45,inf
Random,10,54,1,2,46,inf
Random,10,54,1,2,47,inf
Random,10,54,1,2,48,inf
Random,10,54,1,2,49,inf
Random,10,54,1,2,50,inf
Random,10,54,1,2,51,inf
Random,10,54,1,2,52,inf
Random,10,54,1,2,53,inf
Random,10,54,1,2,54,inf
Random,10,54,1,2,55,inf
Random,10,54,1,2,56,inf
Random,10,54,1,2,57,inf
Random,10,54,1,2,58,inf
Random,10,54,1,2,59,inf
Random,10,54,1,2,60,inf
Random,10,54,1,2,61,inf
Random,10,54,1,2,62,inf
Random,10,54,1,2,63,inf
Random,10,54,1,2,64,inf
Random,10,54,1,2,65,inf
Random,10,54,1,2,66,inf
Random,10,54,1,2,67,inf
Random,10,54,1,2,68,inf
Random,10,54,1,2,69,inf
Random,10,54,1,2,70,inf
Random,10,54,1,2,71,inf
Random,10,54,1,2,72,inf
Random,10,54,1,2,73,inf
Random,10,54,1,2,74,inf
Random,10,54,1,2,75,inf
Random,10,54,1,2,76,inf
Random,10,54,1,2,77,inf
Random,10,54,1,2,78,inf
Random,10,54,1,2,79,inf
Random,10,54,1,2,80,inf
Random,10,54,1,2,81,inf
Random,10,54,1,2,82,inf
Random,10,54,1,2,83,inf
Random,10,54,1,2,84,inf
Random,10,54,1,2,85,inf
Random,10,54,1,2,86,inf
Random,10,54,1,2,87,inf
Random,10,54,1,2,88,inf
Random,10,54,1,2,89,inf
Random,10,54,1,2,90,inf
Random,10,54,1,2,91,inf
Random,10,54,1,2,92,inf
Random,10,54,1,2,93,inf
Random,10,54,1,2,94,inf
Random,10,54,1,2,95,inf
Random,10,54,1,2,96,inf
Random,10,54,1,2,97,inf
Random,10,54,1,2,98,inf
Random,10,54,1,2,99,inf
Random,10,54,1,2,100,inf
qLogEI,10,54,1,2,1,inf
qLogEI,10,54,1,2,2,inf
qLogEI,10,54,1,2,3,inf
qLogEI,10,54,1,2,4,inf
qLogEI,10,54,1,2,5,inf
qLogEI,10,54,1,2,6,inf
qLogEI,10,54,1,2,7,inf
qLogEI,10,54,1,2,8,inf
qLogEI,10,54,1,2,9,inf
qLogEI,10,54,1,2,10,inf
qLogEI,10,54,1,2,11,inf
qLogEI,10,54,1,2,12,inf
qLogEI,10,54,1,2,13,inf
qLogEI,10,54,1,2,14,inf
qLogEI,10,54,1,2,15,inf
qLogEI,10,54,1,2,16,inf
qLogEI,10,54,1,2,17,inf
qLogEI,10,54,1,2,18,inf
qLogEI,10,54,1,2,19,inf
qLogEI,10,54,1,2,20,inf
qLogEI,10,54,1,2,21,inf
qLogEI,10,54,1,2,22,inf
qLogEI,10,54,1,2,23,inf
qLogEI,10,54,1,2,24,inf
qLogEI,10,54,1,2,25,inf
qLogEI,10,54,1,2,26,inf
qLogEI,10,54,1,2,27,inf
qLogEI,10,54,1,2,28,inf
qLogEI,10,54,1,2,29,inf
qLogEI,10,54,1,2,30,inf
qLogEI,10,54,1,2,31,inf
qLogEI,10,54,1,2,32,inf
qLogEI,10,54,1,2,33,inf
qLogEI,10,54,1,2,34,inf
qLogEI,10,54,1,2,35,inf
qLogEI,10,54,1,2,36,inf
qLogEI,10,54,1,2,37,inf
qLogEI,10,54,1,2,38,inf
qLogEI,10,54,1,2,39,inf
qLogEI,10,54,1,2,40,inf
qLogEI,10,54,1,2,41,inf
qLogEI,10,54,1,2,42,inf
qLogEI,10,54,1,2,43,inf
qLogEI,10,54,1,2,44,inf
qLogEI,10,54,1,2,45,inf
qLogEI,10,54,1,2,46,inf
qLogEI,10,54,1,2,47,inf
qLogEI,10,54,1,2,48,inf
qLogEI,10,54,1,2,49,inf
qLogEI,10,54,1,2,50,inf
qLogEI,10,54,1,2,51,inf
qLogEI,10,54,1,2,52,inf
qLogEI,10,54,1,2,53,inf
qLogEI,10,54,1,2,54,inf
qLogEI,10,54,1,2,55,inf
qLogEI,10,54,1,2,56,inf
qLogEI,10,54,1,2,57,inf
qLogEI,10,54,1,2,58,inf
qLogEI,10,54,1,2,59,inf
qLogEI,10,54,1,2,60,inf
qLogEI,10,54,1,2,61,inf
qLogEI,10,54,1,2,62,inf
qLogEI,10,54,1,2,63,inf
qLogEI,10,54,1,2,64,inf
qLogEI,10,54,1,2,65,inf
qLogEI,10,54,1,2,66,inf
qLogEI,10,54,1,2,67,inf
qLogEI,10,54,1,2,68,inf
qLogEI,10,54,1,2,69,inf
qLogEI,10,54,1,2,70,inf
qLogEI,10,54,1,2,71,inf
qLogEI,10,54,1,2,72,inf
qLogEI,10,54,1,2,73,inf
qLogEI,10,54,1,2,74,inf
qLogEI,10,54,1,2,75,inf
qLogEI,10,54,1,2,76,inf
qLogEI,10,54,1,2,77,inf
qLogEI,10,54,1,2,78,inf
qLogEI,10,54,1,2,79,inf
qLogEI,10,54,1,2,80,inf
qLogEI,10,54,1,2,81,inf
qLogEI,10,54,1,2,82,inf
qLogEI,10,54,1,2,83,inf
qLogEI,10,54,1,2,84,inf
qLogEI,10,54,1,2,85,inf
qLogEI,10,54,1,2,86,inf
qLogEI,10,54,1,2,87,inf
qLogEI,10,54,1,2,88,inf
qLogEI,10,54,1,2,89,inf
qLogEI,10,54,1,2,90,inf
qLogEI,10,54,1,2,91,inf
qLogEI,10,54,1,2,92,inf
qLogEI,10,54,1,2,93,inf
qLogEI,10,54,1,2,94,inf
qLogEI,10,54,1,2,95,inf
qLogEI,10,54,1,2,96,inf
qLogEI,10,54,1,2,97,inf
qLogEI,10,54,1,2,98,inf
qLogEI,10,54,1,2,99,inf
qLogEI,10,54,1,2,100,inf
RL_Full,10,54,1,2,1,inf
RL_Full,10,54,1,2,2,inf
RL_Full,10,54,1,2,3,inf
RL_Full,10,54,1,2,4,inf
RL_Full,10,54,1,2,5,inf
RL_Full,10,54,1,2,6,inf
RL_Full,10,54,1,2,7,inf
RL_Full,10,54,1,2,8,inf
RL_Full,10,54,1,2,9,inf
RL_Full,10,54,1,2,10,inf
RL_Full,10,54,1,2,11,inf
RL_Full,10,54,1,2,12,inf
RL_Full,10,54,1,2,13,inf
RL_Full,10,54,1,2,14,inf
RL_Full,10,54,1,2,15,inf
RL_Full,10,54,1,2,16,inf
RL_Full,10,54,1,2,17,inf
RL_Full,10,54,1,2,18,inf
RL_Full,10,54,1,2,19,inf
RL_Full,10,54,1,2,20,inf
RL_Full,10,54,1,2,21,inf
RL_Full,10,54,1,2,22,inf
RL_Full,10,54,1,2,23,inf
RL_Full,10,54,1,2,24,inf
RL_Full,10,54,1,2,25,inf
RL_Full,10,54,1,2,26,inf
RL_Full,10,54,1,2,27,inf
RL_Full,10,54,1,2,28,inf
RL_Full,10,54,1,2,29,inf
RL_Full,10,54,1,2,30,inf
RL_Full,10,54,1,2,31,inf
RL_Full,10,54,1,2,32,inf
RL_Full,10,54,1,2,33,inf
RL_Full,10,54,1,2,34,inf
RL_Full,10,54,1,2,35,inf
RL_Full,10,54,1,2,36,inf
RL_Full,10,54,1,2,37,inf
RL_Full,10,54,1,2,38,inf
RL_Full,10,54,1,2,39,inf
RL_Full,10,54,1,2,40,inf
RL_Full,10,54,1,2,41,inf
RL_Full,10,54,1,2,42,inf
RL_Full,10,54,1,2,43,inf
RL_Full,10,54,1,2,44,inf
RL_Full,10,54,1,2,45,inf
RL_Full,10,54,1,2,46,inf
RL_Full,10,54,1,2,47,inf
RL_Full,10,54,1,2,48,inf
RL_Full,10,54,1,2,49,inf
RL_Full,10,54,1,2,50,inf
RL_Full,10,54,1,2,51,inf
RL_Full,10,54,1,2,52,inf
RL_Full,10,54,1,2,53,inf
RL_Full,10,54,1,2,54,inf
RL_Full,10,54,1,2,55,inf
RL_Full,10,54,1,2,56,inf
RL_Full,10,54,1,2,57,inf
RL_Full,10,54,1,2,58,inf
RL_Full,10,54,1,2,59,inf
RL_Full,10,54,1,2,60,inf
RL_Full,10,54,1,2,61,inf
RL_Full,10,54,1,2,62,inf
RL_Full,10,54,1,2,63,inf
RL_Full,10,54,1,2,64,inf
RL_Full,10,54,1,2,65,inf
RL_Full,10,54,1,2,66,inf
RL_Full,10,54,1,2,67,inf
RL_Full,10,54,1,2,68,inf
RL_Full,10,54,1,2,69,inf
RL_Full,10,54,1,2,70,inf
RL_Full,10,54,1,2,71,inf
RL_Full,10,54,1,2,72,inf
RL_Full,10,54,1,2,73,inf
RL_Full,10,54,1,2,74,inf
RL_Full,10,54,1,2,75,inf
RL_Full,10,54,1,2,76,inf
RL_Full,10,54,1,2,77,inf
RL_Full,10,54,1,2,78,inf
RL_Full,10,54,1,2,79,inf
RL_Full,10,54,1,2,80,inf
RL_Full,10,54,1,2,81,inf
RL_Full,10,54,1,2,82,inf
RL_Full,10,54,1,2,83,inf
RL_Full,10,54,1,2,84,inf
RL_Full,10,54,1,2,85,inf
RL_Full,10,54,1,2,86,inf
RL_Full,10,54,1,2,87,inf
RL_Full,10,54,1,2,88,inf
RL_Full,10,54,1,2,89,inf
RL_Full,10,54,1,2,90,inf
RL_Full,10,54,1,2,91,inf
RL_Full,10,54,1,2,92,inf
RL_Full,10,54,1,2,93,inf
RL_Full,10,54,1,2,94,inf
RL_Full,10,54,1,2,95,inf
RL_Full,10,54,1,2,96,inf
RL_Full,10,54,1,2,97,inf
RL_Full,10,54,1,2,98,inf
RL_Full,10,54,1,2,99,inf
RL_Full,10,54,1,2,100,inf
Random,10,54,1,3,1,inf
Random,10,54,1,3,2,inf
Random,10,54,1,3,3,inf
Random,10,54,1,3,4,inf
Random,10,54,1,3,5,inf
Random,10,54,1,3,6,inf
Random,10,54,1,3,7,inf
Random,10,54,1,3,8,inf
Random,10,54,1,3,9,inf
Random,10,54,1,3,10,inf
Random,10,54,1,3,11,inf
Random,10,54,1,3,12,inf
Random,10,54,1,3,13,inf
Random,10,54,1,3,14,inf
Random,10,54,1,3,15,inf
Random,10,54,1,3,16,inf
Random,10,54,1,3,17,inf
Random,10,54,1,3,18,inf
Random,10,54,1,3,19,inf
Random,10,54,1,3,20,inf
Random,10,54,1,3,21,inf
Random,10,54,1,3,22,inf
Random,10,54,1,3,23,inf
Random,10,54,1,3,24,inf
Random,10,54,1,3,25,inf
Random,10,54,1,3,26,inf
Random,10,54,1,3,27,inf
Random,10,54,1,3,28,inf
Random,10,54,1,3,29,inf
Random,10,54,1,3,30,inf
Random,10,54,1,3,31,inf
Random,10,54,1,3,32,inf
Random,10,54,1,3,33,inf
Random,10,54,1,3,34,inf
Random,10,54,1,3,35,inf
Random,10,54,1,3,36,inf
Random,10,54,1,3,37,inf
Random,10,54,1,3,38,inf
Random,10,54,1,3,39,inf
Random,10,54,1,3,40,inf
Random,10,54,1,3,41,inf
Random,10,54,1,3,42,inf
Random,10,54,1,3,43,inf
Random,10,54,1,3,44,inf
Random,10,54,1,3,45,inf
Random,10,54,1,3,46,inf
Random,10,54,1,3,47,inf
Random,10,54,1,3,48,inf
Random,10,54,1,3,49,inf
Random,10,54,1,3,50,inf
Random,10,54,1,3,51,inf
Random,10,54,1,3,52,inf
Random,10,54,1,3,53,inf
Random,10,54,1,3,54,inf
Random,10,54,1,3,55,inf
Random,10,54,1,3,56,inf
Random,10,54,1,3,57,inf
Random,10,54,1,3,58,inf
Random,10,54,1,3,59,inf
Random,10,54,1,3,60,inf
Random,10,54,1,3,61,inf
Random,10,54,1,3,62,inf
Random,10,54,1,3,63,inf
Random,10,54,1,3,64,inf
Random,10,54,1,3,65,inf
Random,10,54,1,3,66,inf
Random,10,54,1,3,67,inf
Random,10,54,1,3,68,inf
Random,10,54,1,3,69,inf
Random,10,54,1,3,70,inf
Random,10,54,1,3,71,inf
Random,10,54,1,3,72,inf
Random,10,54,1,3,73,inf
Random,10,54,1,3,74,inf
Random,10,54,1,3,75,inf
Random,10,54,1,3,76,inf
Random,10,54,1,3,77,inf
Random,10,54,1,3,78,inf
Random,10,54,1,3,79,inf
Random,10,54,1,3,80,inf
Random,10,54,1,3,81,inf
Random,10,54,1,3,82,inf
Random,10,54,1,3,83,inf
Random,10,54,1,3,84,inf
Random,10,54,1,3,85,inf
Random,10,54,1,3,86,inf
Random,10,54,1,3,87,inf
Random,10,54,1,3,88,inf
Random,10,54,1,3,89,inf
Random,10,54,1,3,90,inf
Random,10,54,1,3,91,inf
Random,10,54,1,3,92,inf
Random,10,54,1,3,93,inf
Random,10,54,1,3,94,inf
Random,10,54,1,3,95,inf
Random,10,54,1,3,96,inf
Random,10,54,1,3,97,inf
Random,10,54,1,3,98,inf
Random,10,54,1,3,99,inf
Random,10,54,1,3,100,inf
qLogEI,10,54,1,3,1,inf
qLogEI,10,54,1,3,2,inf
qLogEI,10,54,1,3,3,inf
qLogEI,10,54,1,3,4,inf
qLogEI,10,54,1,3,5,inf
qLogEI,10,54,1,3,6,inf
qLogEI,10,54,1,3,7,inf
qLogEI,10,54,1,3,8,inf
qLogEI,10,54,1,3,9,inf
qLogEI,10,54,1,3,10,inf
qLogEI,10,54,1,3,11,inf
qLogEI,10,54,1,3,12,inf
qLogEI,10,54,1,3,13,inf
qLogEI,10,54,1,3,14,inf
qLogEI,10,54,1,3,15,inf
qLogEI,10,54,1,3,16,inf
qLogEI,10,54,1,3,17,inf
qLogEI,10,54,1,3,18,inf
qLogEI,10,54,1,3,19,inf
qLogEI,10,54,1,3,20,inf
qLogEI,10,54,1,3,21,inf
qLogEI,10,54,1,3,22,inf
qLogEI,10,54,1,3,23,inf
qLogEI,10,54,1,3,24,inf
qLogEI,10,54,1,3,25,inf
qLogEI,10,54,1,3,26,inf
qLogEI,10,54,1,3,27,inf
qLogEI,10,54,1,3,28,inf
qLogEI,10,54,1,3,29,inf
qLogEI,10,54,1,3,30,inf
qLogEI,10,54,1,3,31,inf
qLogEI,10,54,1,3,32,inf
qLogEI,10,54,1,3,33,inf
qLogEI,10,54,1,3,34,inf
qLogEI,10,54,1,3,35,inf
qLogEI,10,54,1,3,36,inf
qLogEI,10,54,1,3,37,inf
qLogEI,10,54,1,3,38,inf
qLogEI,10,54,1,3,39,inf
qLogEI,10,54,1,3,40,inf
qLogEI,10,54,1,3,41,inf
qLogEI,10,54,1,3,42,inf
qLogEI,10,54,1,3,43,inf
qLogEI,10,54,1,3,44,inf
qLogEI,10,54,1,3,45,inf
qLogEI,10,54,1,3,46,inf
qLogEI,10,54,1,3,47,inf
qLogEI,10,54,1,3,48,inf
qLogEI,10,54,1,3,49,inf
qLogEI,10,54,1,3,50,inf
qLogEI,10,54,1,3,51,inf
qLogEI,10,54,1,3,52,inf
qLogEI,10,54,1,3,53,inf
qLogEI,10,54,1,3,54,inf
qLogEI,10,54,1,3,55,inf
qLogEI,10,54,1,3,56,inf
qLogEI,10,54,1,3,57,inf
qLogEI,10,54,1,3,58,inf
qLogEI,10,54,1,3,59,inf
qLogEI,10,54,1,3,60,inf
qLogEI,10,54,1,3,61,inf
qLogEI,10,54,1,3,62,inf
qLogEI,10,54,1,3,63,inf
qLogEI,10,54,1,3,64,inf
qLogEI,10,54,1,3,65,inf
qLogEI,10,54,1,3,66,inf
qLogEI,10,54,1,3,67,inf
qLogEI,10,54,1,3,68,inf
qLogEI,10,54,1,3,69,inf
qLogEI,10,54,1,3,70,inf
qLogEI,10,54,1,3,71,inf
qLogEI,10,54,1,3,72,inf
qLogEI,10,54,1,3,73,inf
qLogEI,10,54,1,3,74,inf
qLogEI,10,54,1,3,75,inf
qLogEI,10,54,1,3,76,inf
qLogEI,10,54,1,3,77,inf
qLogEI,10,54,1,3,78,inf
qLogEI,10,54,1,3,79,inf
qLogEI,10,54,1,3,80,inf
qLogEI,10,54,1,3,81,inf
qLogEI,10,54,1,3,82,inf
qLogEI,10,54,1,3,83,inf
qLogEI,10,54,1,3,84,inf
qLogEI,10,54,1,3,85,inf
qLogEI,10,54,1,3,86,inf
qLogEI,10,54,1,3,87,inf
qLogEI,10,54,1,3,88,inf
qLogEI,10,54,1,3,89,inf
qLogEI,10,54,1,3,90,inf
qLogEI,10,54,1,3,91,inf
qLogEI,10,54,1,3,92,inf
qLogEI,10,54,1,3,93,inf
qLogEI,10,54,1,3,94,inf
qLogEI,10,54,1,3,95,inf
qLogEI,10,54,1,3,96,inf
qLogEI,10,54,1,3,97,inf
qLogEI,10,54,1,3,98,inf
qLogEI,10,54,1,3,99,inf
qLogEI,10,54,1,3,100,inf
RL_Full,10,54,1,3,1,inf
RL_Full,10,54,1,3,2,inf
RL_Full,10,54,1,3,3,inf
RL_Full,10,54,1,3,4,inf
RL_Full,10,54,1,3,5,inf
RL_Full,10,54,1,3,6,inf
RL_Full,10,54,1,3,7,inf
RL_Full,10,54,1,3,8,inf
RL_Full,10,54,1,3,9,inf
RL_Full,10,54,1,3,10,inf
RL_Full,10,54,1,3,11,inf
RL_Full,10,54,1,3,12,inf
RL_Full,10,54,1,3,13,inf
RL_Full,10,54,1,3,14,inf
RL_Full,10,54,1,3,15,inf
RL_Full,10,54,1,3,16,inf
RL_Full,10,54,1,3,17,inf
RL_Full,10,54,1,3,18,inf
RL_Full,10,54,1,3,19,inf
RL_Full,10,54,1,3,20,inf
RL_Full,10,54,1,3,21,inf
RL_Full,10,54,1,3,22,inf
RL_Full,10,54,1,3,23,inf
RL_Full,10,54,1,3,24,inf
RL_Full,10,54,1,3,25,inf
RL_Full,10,54,1,3,26,inf
RL_Full,10,54,1,3,27,inf
RL_Full,10,54,1,3,28,inf
RL_Full,10,54,1,3,29,inf
RL_Full,10,54,1,3,30,inf
RL_Full,10,54,1,3,31,inf
RL_Full,10,54,1,3,32,inf
RL_Full,10,54,1,3,33,inf
RL_Full,10,54,1,3,34,inf
RL_Full,10,54,1,3,35,inf
RL_Full,10,54,1,3,36,inf
RL_Full,10,54,1,3,37,inf
RL_Full,10,54,1,3,38,inf
RL_Full,10,54,1,3,39,inf
RL_Full,10,54,1,3,40,inf
RL_Full,10,54,1,3,41,inf
RL_Full,10,54,1,3,42,inf
RL_Full,10,54,1,3,43,inf
RL_Full,10,54,1,3,44,inf
RL_Full,10,54,1,3,45,inf
RL_Full,10,54,1,3,46,inf
RL_Full,10,54,1,3,47,inf
RL_Full,10,54,1,3,48,inf
RL_Full,10,54,1,3,49,inf
RL_Full,10,54,1,3,50,inf
RL_Full,10,54,1,3,51,inf
RL_Full,10,54,1,3,52,inf
RL_Full,10,54,1,3,53,inf
RL_Full,10,54,1,3,54,inf
RL_Full,10,54,1,3,55,inf
RL_Full,10,54,1,3,56,inf
RL_Full,10,54,1,3,57,inf
RL_Full,10,54,1,3,58,inf
RL_Full,10,54,1,3,59,inf
RL_Full,10,54,1,3,60,inf
RL_Full,10,54,1,3,61,inf
RL_Full,10,54,1,3,62,inf
RL_Full,10,54,1,3,63,inf
RL_Full,10,54,1,3,64,inf
RL_Full,10,54,1,3,65,inf
RL_Full,10,54,1,3,66,inf
RL_Full,10,54,1,3,67,inf
RL_Full,10,54,1,3,68,inf
RL_Full,10,54,1,3,69,inf
RL_Full,10,54,1,3,70,inf
RL_Full,10,54,1,3,71,inf
RL_Full,10,54,1,3,72,inf
RL_Full,10,54,1,3,73,inf
RL_Full,10,54,1,3,74,inf
RL_Full,10,54,1,3,75,inf
RL_Full,10,54,1,3,76,inf
RL_Full,10,54,1,3,77,inf
RL_Full,10,54,1,3,78,inf
RL_Full,10,54,1,3,79,inf
RL_Full,10,54,1,3,80,inf
RL_Full,10,54,1,3,81,inf
RL_Full,10,54,1,3,82,inf
RL_Full,10,54,1,3,83,inf
RL_Full,10,54,1,3,84,inf
RL_Full,10,54,1,3,85,inf
RL_Full,10,54,1,3,86,inf
RL_Full,10,54,1,3,87,inf
RL_Full,10,54,1,3,88,inf
RL_Full,10,54,1,3,89,inf
RL_Full,10,54,1,3,90,inf
RL_Full,10,54,1,3,91,inf
RL_Full,10,54,1,3,92,inf
RL_Full,10,54,1,3,93,inf
RL_Full,10,54,1,3,94,inf
RL_Full,10,54,1,3,95,inf
RL_Full,10,54,1,3,96,inf
RL_Full,10,54,1,3,97,inf
RL_Full,10,54,1,3,98,inf
RL_Full,10,54,1,3,99,inf
RL_Full,10,54,1,3,100,inf
Random,10,54,1,4,1,inf
Random,10,54,1,4,2,inf
Random,10,54,1,4,3,inf
Random,10,54,1,4,4,inf
Random,10,54,1,4,5,inf
Random,10,54,1,4,6,inf
Random,10,54,1,4,7,inf
Random,10,54,1,4,8,inf
Random,10,54,1,4,9,inf
Random,10,54,1,4,10,inf
Random,10,54,1,4,11,inf
Random,10,54,1,4,12,inf
Random,10,54,1,4,13,inf
Random,10,54,1,4,14,inf
Random,10,54,1,4,15,inf
Random,10,54,1,4,16,inf
Random,10,54,1,4,17,inf
Random,10,54,1,4,18,inf
Random,10,54,1,4,19,inf
Random,10,54,1,4,20,inf
Random,10,54,1,4,21,inf
Random,10,54,1,4,22,inf
Random,10,54,1,4,23,inf
Random,10,54,1,4,24,inf
Random,10,54,1,4,25,inf
Random,10,54,1,4,26,inf
Random,10,54,1,4,27,inf
Random,10,54,1,4,28,inf
Random,10,54,1,4,29,inf
Random,10,54,1,4,30,inf
Random,10,54,1,4,31,inf
Random,10,54,1,4,32,inf
Random,10,54,1,4,33,inf
Random,10,54,1,4,34,inf
Random,10,54,1,4,35,inf
Random,10,54,1,4,36,inf
Random,10,54,1,4,37,inf
Random,10,54,1,4,38,inf
Random,10,54,1,4,39,inf
Random,10,54,1,4,40,inf
Random,10,54,1,4,41,inf
Random,10,54,1,4,42,inf
Random,10,54,1,4,43,inf
Random,10,54,1,4,44,inf
Random,10,54,1,4,45,inf
Random,10,54,1,4,46,inf
Random,10,54,1,4,47,inf
Random,10,54,1,4,48,inf
Random,10,54,1,4,49,inf
Random,10,54,1,4,50,inf
Random,10,54,1,4,51,inf
Random,10,54,1,4,52,inf
Random,10,54,1,4,53,inf
Random,10,54,1,4,54,inf
Random,10,54,1,4,55,inf
Random,10,54,1,4,56,inf
Random,10,54,1,4,57,inf
Random,10,54,1,4,58,inf
Random,10,54,1,4,59,inf
Random,10,54,1,4,60,inf
Random,10,54,1,4,61,inf
Random,10,54,1,4,62,inf
Random,10,54,1,4,63,inf
Random,10,54,1,4,64,inf
Random,10,54,1,4,65,inf
Random,10,54,1,4,66,inf
Random,10,54,1,4,67,inf
Random,10,54,1,4,68,inf
Random,10,54,1,4,69,inf
Random,10,54,1,4,70,inf
Random,10,54,1,4,71,inf
Random,10,54,1,4,72,inf
Random,10,54,1,4,73,inf
Random,10,54,1,4,74,inf
Random,10,54,1,4,75,inf
Random,10,54,1,4,76,inf
Random,10,54,1,4,77,inf
Random,10,54,1,4,78,inf
Random,10,54,1,4,79,inf
Random,10,54,1,4,80,inf
Random,10,54,1,4,81,inf
Random,10,54,1,4,82,inf
Random,10,54,1,4,83,inf
Random,10,54,1,4,84,inf
Random,10,54,1,4,85,inf
Random,10,54,1,4,86,inf
Random,10,54,1,4,87,inf
Random,10,54,1,4,88,inf
Random,10,54,1,4,89,inf
Random,10,54,1,4,90,inf
Random,10,54,1,4,91,inf
Random,10,54,1,4,92,inf
Random,10,54,1,4,93,inf
Random,10,54,1,4,94,inf
Random,10,54,1,4,95,inf
Random,10,54,1,4,96,inf
Random,10,54,1,4,97,inf
Random,10,54,1,4,98,inf
Random,10,54,1,4,99,inf
Random,10,54,1,4,100,inf
qLogEI,10,54,1,4,1,inf
qLogEI,10,54,1,4,2,inf
qLogEI,10,54,1,4,3,inf
qLogEI,10,54,1,4,4,inf
qLogEI,10,54,1,4,5,inf
qLogEI,10,54,1,4,6,inf
qLogEI,10,54,1,4,7,inf
qLogEI,10,54,1,4,8,inf
qLogEI,10,54,1,4,9,inf
qLogEI,10,54,1,4,10,inf
qLogEI,10,54,1,4,11,inf
qLogEI,10,54,1,4,12,inf
qLogEI,10,54,1,4,13,inf
qLogEI,10,54,1,4,14,inf
qLogEI,10,54,1,4,15,inf
qLogEI,10,54,1,4,16,inf
qLogEI,10,54,1,4,17,inf
qLogEI,10,54,1,4,18,inf
qLogEI,10,54,1,4,19,inf
qLogEI,10,54,1,4,20,inf
qLogEI,10,54,1,4,21,inf
qLogEI,10,54,1,4,22,inf
qLogEI,10,54,1,4,23,inf
qLogEI,10,54,1,4,24,inf
qLogEI,10,54,1,4,25,inf
qLogEI,10,54,1,4,26,inf
qLogEI,10,54,1,4,27,inf
qLogEI,10,54,1,4,28,inf
qLogEI,10,54,1,4,29,inf
qLogEI,10,54,1,4,30,inf
qLogEI,10,54,1,4,31,inf
qLogEI,10,54,1,4,32,inf
qLogEI,10,54,1,4,33,inf
qLogEI,10,54,1,4,34,inf
qLogEI,10,54,1,4,35,inf
qLogEI,10,54,1,4,36,inf
qLogEI,10,54,1,4,37,inf
qLogEI,10,54,1,4,38,inf
qLogEI,10,54,1,4,39,inf
qLogEI,10,54,1,4,40,inf
qLogEI,10,54,1,4,41,inf
qLogEI,10,54,1,4,42,inf
qLogEI,10,54,1,4,43,inf
qLogEI,10,54,1,4,44,inf
qLogEI,10,54,1,4,45,inf
qLogEI,10,54,1,4,46,inf
qLogEI,10,54,1,4,47,inf
qLogEI,10,54,1,4,48,inf
qLogEI,10,54,1,4,49,inf
qLogEI,10,54,1,4,50,inf
qLogEI,10,54,1,4,51,inf
qLogEI,10,54,1,4,52,inf
qLogEI,10,54,1,4,53,inf
qLogEI,10,54,1,4,54,inf
qLogEI,10,54,1,4,55,inf
qLogEI,10,54,1,4,56,inf
qLogEI,10,54,1,4,57,inf
qLogEI,10,54,1,4,58,inf
qLogEI,10,54,1,4,59,inf
qLogEI,10,54,1,4,60,inf
qLogEI,10,54,1,4,61,inf
qLogEI,10,54,1,4,62,inf
qLogEI,10,54,1,4,63,inf
qLogEI,10,54,1,4,64,inf
qLogEI,10,54,1,4,65,inf
qLogEI,10,54,1,4,66,inf
qLogEI,10,54,1,4,67,inf
qLogEI,10,54,1,4,68,inf
qLogEI,10,54,1,4,69,inf
qLogEI,10,54,1,4,70,inf
qLogEI,10,54,1,4,71,inf
qLogEI,10,54,1,4,72,inf
qLogEI,10,54,1,4,73,inf
qLogEI,10,54,1,4,74,inf
qLogEI,10,54,1,4,75,inf
qLogEI,10,54,1,4,76,inf
qLogEI,10,54,1,4,77,inf
qLogEI,10,54,1,4,78,inf
qLogEI,10,54,1,4,79,inf
qLogEI,10,54,1,4,80,inf
qLogEI,10,54,1,4,81,inf
qLogEI,10,54,1,4,82,inf
qLogEI,10,54,1,4,83,inf
qLogEI,10,54,1,4,84,inf
qLogEI,10,54,1,4,85,inf
qLogEI,10,54,1,4,86,inf
qLogEI,10,54,1,4,87,inf
qLogEI,10,54,1,4,88,inf
qLogEI,10,54,1,4,89,inf
qLogEI,10,54,1,4,90,inf
qLogEI,10,54,1,4,91,inf
qLogEI,10,54,1,4,92,inf
qLogEI,10,54,1,4,93,inf
qLogEI,10,54,1,4,94,inf
qLogEI,10,54,1,4,95,inf
qLogEI,10,54,1,4,96,inf
qLogEI,10,54,1,4,97,inf
qLogEI,10,54,1,4,98,inf
qLogEI,10,54,1,4,99,inf
qLogEI,10,54,1,4,100,inf
RL_Full,10,54,1,4,1,inf
RL_Full,10,54,1,4,2,inf
RL_Full,10,54,1,4,3,inf
RL_Full,10,54,1,4,4,inf
RL_Full,10,54,1,4,5,inf
RL_Full,10,54,1,4,6,inf
RL_Full,10,54,1,4,7,inf
RL_Full,10,54,1,4,8,inf
RL_Full,10,54,1,4,9,inf
RL_Full,10,54,1,4,10,inf
RL_Full,10,54,1,4,11,inf
RL_Full,10,54,1,4,12,inf
RL_Full,10,54,1,4,13,inf
RL_Full,10,54,1,4,14,inf
RL_Full,10,54,1,4,15,inf
RL_Full,10,54,1,4,16,inf
RL_Full,10,54,1,4,17,inf
RL_Full,10,54,1,4,18,inf
RL_Full,10,54,1,4,19,inf
RL_Full,10,54,1,4,20,inf
RL_Full,10,54,1,4,21,inf
RL_Full,10,54,1,4,22,inf
RL_Full,10,54,1,4,23,inf
RL_Full,10,54,1,4,24,inf
RL_Full,10,54,1,4,25,inf
RL_Full,10,54,1,4,26,inf
RL_Full,10,54,1,4,27,inf
RL_Full,10,54,1,4,28,inf
RL_Full,10,54,1,4,29,inf
RL_Full,10,54,1,4,30,inf
RL_Full,10,54,1,4,31,inf
RL_Full,10,54,1,4,32,inf
RL_Full,10,54,1,4,33,inf
RL_Full,10,54,1,4,34,inf
RL_Full,10,54,1,4,35,inf
RL_Full,10,54,1,4,36,inf
RL_Full,10,54,1,4,37,inf
RL_Full,10,54,1,4,38,inf
RL_Full,10,54,1,4,39,inf
RL_Full,10,54,1,4,40,inf
RL_Full,10,54,1,4,41,inf
RL_Full,10,54,1,4,42,inf
RL_Full,10,54,1,4,43,inf
RL_Full,10,54,1,4,44,inf
RL_Full,10,54,1,4,45,inf
RL_Full,10,54,1,4,46,inf
RL_Full,10,54,1,4,47,inf
RL_Full,10,54,1,4,48,inf
RL_Full,10,54,1,4,49,inf
RL_Full,10,54,1,4,50,inf
RL_Full,10,54,1,4,51,inf
RL_Full,10,54,1,4,52,inf
RL_Full,10,54,1,4,53,inf
RL_Full,10,54,1,4,54,inf
RL_Full,10,54,1,4,55,inf
RL_Full,10,54,1,4,56,inf
RL_Full,10,54,1,4,57,inf
RL_Full,10,54,1,4,58,inf
RL_Full,10,54,1,4,59,inf
RL_Full,10,54,1,4,60,inf
RL_Full,10,54,1,4,61,inf
RL_Full,10,54,1,4,62,inf
RL_Full,10,54,1,4,63,inf
RL_Full,10,54,1,4,64,inf
RL_Full,10,54,1,4,65,inf
RL_Full,10,54,1,4,66,inf
RL_Full,10,54,1,4,67,inf
RL_Full,10,54,1,4,68,inf
RL_Full,10,54,1,4,69,inf
RL_Full,10,54,1,4,70,inf
RL_Full,10,54,1,4,71,inf
RL_Full,10,54,1,4,72,inf
RL_Full,10,54,1,4,73,inf
RL_Full,10,54,1,4,74,inf
RL_Full,10,54,1,4,75,inf
RL_Full,10,54,1,4,76,inf
RL_Full,10,54,1,4,77,inf
RL_Full,10,54,1,4,78,inf
RL_Full,10,54,1,4,79,inf
RL_Full,10,54,1,4,80,inf
RL_Full,10,54,1,4,81,inf
RL_Full,10,54,1,4,82,inf
RL_Full,10,54,1,4,83,inf
RL_Full,10,54,1,4,84,inf
RL_Full,10,54,1,4,85,inf
RL_Full,10,54,1,4,86,inf
RL_Full,10,54,1,4,87,inf
RL_Full,10,54,1,4,88,inf
RL_Full,10,54,1,4,89,inf
RL_Full,10,54,1,4,90,inf
RL_Full,10,54,1,4,91,inf
RL_Full,10,54,1,4,92,inf
RL_Full,10,54,1,4,93,inf
RL_Full,10,54,1,4,94,inf
RL_Full,10,54,1,4,95,inf
RL_Full,10,54,1,4,96,inf
RL_Full,10,54,1,4,97,inf
RL_Full,10,54,1,4,98,inf
RL_Full,10,54,1,4,99,inf
RL_Full,10,54,1,4,100,inf
Random,10,54,2,0,1,inf
Random,10,54,2,0,2,inf
Random,10,54,2,0,3,inf
Random,10,54,2,0,4,inf
Random,10,54,2,0,5,inf
Random,10,54,2,0,6,inf
Random,10,54,2,0,7,inf
Random,10,54,2,0,8,inf
Random,10,54,2,0,9,inf
Random,10,54,2,0,10,inf
Random,10,54,2,0,11,inf
Random,10,54,2,0,12,inf
Random,10,54,2,0,13,inf
Random,10,54,2,0,14,inf
Random,10,54,2,0,15,inf
Random,10,54,2,0,16,inf
Random,10,54,2,0,17,inf
Random,10,54,2,0,18,inf
Random,10,54,2,0,19,inf
Random,10,54,2,0,20,inf
Random,10,54,2,0,21,inf
Random,10,54,2,0,22,inf
Random,10,54,2,0,23,inf
Random,10,54,2,0,24,inf
Random,10,54,2,0,25,inf
Random,10,54,2,0,26,inf
Random,10,54,2,0,27,inf
Random,10,54,2,0,28,inf
Random,10,54,2,0,29,inf
Random,10,54,2,0,30,inf
Random,10,54,2,0,31,inf
Random,10,54,2,0,32,inf
Random,10,54,2,0,33,inf
Random,10,54,2,0,34,inf
Random,10,54,2,0,35,inf
Random,10,54,2,0,36,inf
Random,10,54,2,0,37,inf
Random,10,54,2,0,38,inf
Random,10,54,2,0,39,inf
Random,10,54,2,0,40,inf
Random,10,54,2,0,41,inf
Random,10,54,2,0,42,inf
Random,10,54,2,0,43,inf
Random,10,54,2,0,44,inf
Random,10,54,2,0,45,inf
Random,10,54,2,0,46,inf
Random,10,54,2,0,47,inf
Random,10,54,2,0,48,inf
Random,10,54,2,0,49,inf
Random,10,54,2,0,50,inf
Random,10,54,2,0,51,inf
Random,10,54,2,0,52,inf
Random,10,54,2,0,53,inf
Random,10,54,2,0,54,inf
Random,10,54,2,0,55,inf
Random,10,54,2,0,56,inf
Random,10,54,2,0,57,inf
Random,10,54,2,0,58,inf
Random,10,54,2,0,59,inf
Random,10,54,2,0,60,inf
Random,10,54,2,0,61,inf
Random,10,54,2,0,62,inf
Random,10,54,2,0,63,inf
Random,10,54,2,0,64,inf
Random,10,54,2,0,65,inf
Random,10,54,2,0,66,inf
Random,10,54,2,0,67,inf
Random,10,54,2,0,68,inf
Random,10,54,2,0,69,inf
Random,10,54,2,0,70,inf
Random,10,54,2,0,71,inf
Random,10,54,2,0,72,inf
Random,10,54,2,0,73,inf
Random,10,54,2,0,74,inf
Random,10,54,2,0,75,inf
Random,10,54,2,0,76,inf
Random,10,54,2,0,77,inf
Random,10,54,2,0,78,inf
Random,10,54,2,0,79,inf
Random,10,54,2,0,80,inf
Random,10,54,2,0,81,inf
Random,10,54,2,0,82,inf
Random,10,54,2,0,83,inf
Random,10,54,2,0,84,inf
Random,10,54,2,0,85,inf
Random,10,54,2,0,86,inf
Random,10,54,2,0,87,inf
Random,10,54,2,0,88,inf
Random,10,54,2,0,89,inf
Random,10,54,2,0,90,inf
Random,10,54,2,0,91,inf
Random,10,54,2,0,92,inf
Random,10,54,2,0,93,inf
Random,10,54,2,0,94,inf
Random,10,54,2,0,95,inf
Random,10,54,2,0,96,inf
Random,10,54,2,0,97,inf
Random,10,54,2,0,98,inf
Random,10,54,2,0,99,inf
Random,10,54,2,0,100,inf
qLogEI,10,54,2,0,1,inf
qLogEI,10,54,2,0,2,inf
qLogEI,10,54,2,0,3,inf
qLogEI,10,54,2,0,4,inf
qLogEI,10,54,2,0,5,inf
qLogEI,10,54,2,0,6,inf
qLogEI,10,54,2,0,7,inf
qLogEI,10,54,2,0,8,inf
qLogEI,10,54,2,0,9,inf
qLogEI,10,54,2,0,10,inf
qLogEI,10,54,2,0,11,inf
qLogEI,10,54,2,0,12,inf
qLogEI,10,54,2,0,13,inf
qLogEI,10,54,2,0,14,inf
qLogEI,10,54,2,0,15,inf
qLogEI,10,54,2,0,16,inf
qLogEI,10,54,2,0,17,inf
qLogEI,10,54,2,0,18,inf
qLogEI,10,54,2,0,19,inf
qLogEI,10,54,2,0,20,inf
qLogEI,10,54,2,0,21,inf
qLogEI,10,54,2,0,22,inf
qLogEI,10,54,2,0,23,inf
qLogEI,10,54,2,0,24,inf
qLogEI,10,54,2,0,25,inf
qLogEI,10,54,2,0,26,inf
qLogEI,10,54,2,0,27,inf
qLogEI,10,54,2,0,28,inf
qLogEI,10,54,2,0,29,inf
qLogEI,10,54,2,0,30,inf
qLogEI,10,54,2,0,31,inf
qLogEI,10,54,2,0,32,inf
qLogEI,10,54,2,0,33,inf
qLogEI,10,54,2,0,34,inf
qLogEI,10,54,2,0,35,inf
qLogEI,10,54,2,0,36,inf
qLogEI,10,54,2,0,37,inf
qLogEI,10,54,2,0,38,inf
qLogEI,10,54,2,0,39,inf
qLogEI,10,54,2,0,40,inf
qLogEI,10,54,2,0,41,inf
qLogEI,10,54,2,0,42,inf
qLogEI,10,54,2,0,43,inf
qLogEI,10,54,2,0,44,inf
qLogEI,10,54,2,0,45,inf
qLogEI,10,54,2,0,46,inf
qLogEI,10,54,2,0,47,inf
qLogEI,10,54,2,0,48,inf
qLogEI,10,54,2,0,49,inf
qLogEI,10,54,2,0,50,inf
qLogEI,10,54,2,0,51,inf
qLogEI,10,54,2,0,52,inf
qLogEI,10,54,2,0,53,inf
qLogEI,10,54,2,0,54,inf
qLogEI,10,54,2,0,55,inf
qLogEI,10,54,2,0,56,inf
qLogEI,10,54,2,0,57,inf
qLogEI,10,54,2,0,58,inf
qLogEI,10,54,2,0,59,inf
qLogEI,10,54,2,0,60,inf
qLogEI,10,54,2,0,61,inf
qLogEI,10,54,2,0,62,inf
qLogEI,10,54,2,0,63,inf
qLogEI,10,54,2,0,64,inf
qLogEI,10,54,2,0,65,inf
qLogEI,10,54,2,0,66,inf
qLogEI,10,54,2,0,67,inf
qLogEI,10,54,2,0,68,inf
qLogEI,10,54,2,0,69,inf
qLogEI,10,54,2,0,70,inf
qLogEI,10,54,2,0,71,inf
qLogEI,10,54,2,0,72,inf
qLogEI,10,54,2,0,73,inf
qLogEI,10,54,2,0,74,inf
qLogEI,10,54,2,0,75,inf
qLogEI,10,54,2,0,76,inf
qLogEI,10,54,2,0,77,inf
qLogEI,10,54,2,0,78,inf
qLogEI,10,54,2,0,79,inf
qLogEI,10,54,2,0,80,inf
qLogEI,10,54,2,0,81,inf
qLogEI,10,54,2,0,82,inf
qLogEI,10,54,2,0,83,inf
qLogEI,10,54,2,0,84,inf
qLogEI,10,54,2,0,85,inf
qLogEI,10,54,2,0,86,inf
qLogEI,10,54,2,0,87,inf
qLogEI,10,54,2,0,88,inf
qLogEI,10,54,2,0,89,inf
qLogEI,10,54,2,0,90,inf
qLogEI,10,54,2,0,91,inf
qLogEI,10,54,2,0,92,inf
qLogEI,10,54,2,0,93,inf
qLogEI,10,54,2,0,94,inf
qLogEI,10,54,2,0,95,inf
qLogEI,10,54,2,0,96,inf
qLogEI,10,54,2,0,97,inf
qLogEI,10,54,2,0,98,inf
qLogEI,10,54,2,0,99,inf
qLogEI,10,54,2,0,100,inf
RL_Full,10,54,2,0,1,inf
RL_Full,10,54,2,0,2,inf
RL_Full,10,54,2,0,3,inf
RL_Full,10,54,2,0,4,inf
RL_Full,10,54,2,0,5,inf
RL_Full,10,54,2,0,6,inf
RL_Full,10,54,2,0,7,inf
RL_Full,10,54,2,0,8,inf
RL_Full,10,54,2,0,9,inf
RL_Full,10,54,2,0,10,inf
RL_Full,10,54,2,0,11,inf
RL_Full,10,54,2,0,12,inf
RL_Full,10,54,2,0,13,inf
RL_Full,10,54,2,0,14,inf
RL_Full,10,54,2,0,15,inf
RL_Full,10,54,2,0,16,inf
RL_Full,10,54,2,0,17,inf
RL_Full,10,54,2,0,18,inf
RL_Full,10,54,2,0,19,inf
RL_Full,10,54,2,0,20,inf
RL_Full,10,54,2,0,21,inf
RL_Full,10,54,2,0,22,inf
RL_Full,10,54,2,0,23,inf
RL_Full,10,54,2,0,24,inf
RL_Full,10,54,2,0,25,inf
RL_Full,10,54,2,0,26,inf
RL_Full,10,54,2,0,27,inf
RL_Full,10,54,2,0,28,inf
RL_Full,10,54,2,0,29,inf
RL_Full,10,54,2,0,30,inf
RL_Full,10,54,2,0,31,inf
RL_Full,10,54,2,0,32,inf
RL_Full,10,54,2,0,33,inf
RL_Full,10,54,2,0,34,inf
RL_Full,10,54,2,0,35,inf
RL_Full,10,54,2,0,36,inf
RL_Full,10,54,2,0,37,inf
RL_Full,10,54,2,0,38,inf
RL_Full,10,54,2,0,39,inf
RL_Full,10,54,2,0,40,inf
RL_Full,10,54,2,0,41,inf
RL_Full,10,54,2,0,42,inf
RL_Full,10,54,2,0,43,inf
RL_Full,10,54,2,0,44,inf
RL_Full,10,54,2,0,45,inf
RL_Full,10,54,2,0,46,inf
RL_Full,10,54,2,0,47,inf
RL_Full,10,54,2,0,48,inf
RL_Full,10,54,2,0,49,inf
RL_Full,10,54,2,0,50,inf
RL_Full,10,54,2,0,51,inf
RL_Full,10,54,2,0,52,inf
RL_Full,10,54,2,0,53,inf
RL_Full,10,54,2,0,54,inf
RL_Full,10,54,2,0,55,inf
RL_Full,10,54,2,0,56,inf
RL_Full,10,54,2,0,57,inf
RL_Full,10,54,2,0,58,inf
RL_Full,10,54,2,0,59,inf
RL_Full,10,54,2,0,60,inf
RL_Full,10,54,2,0,61,inf
RL_Full,10,54,2,0,62,inf
RL_Full,10,54,2,0,63,inf
RL_Full,10,54,2,0,64,inf
RL_Full,10,54,2,0,65,inf
RL_Full,10,54,2,0,66,inf
RL_Full,10,54,2,0,67,inf
RL_Full,10,54,2,0,68,inf
RL_Full,10,54,2,0,69,inf
RL_Full,10,54,2,0,70,inf
RL_Full,10,54,2,0,71,inf
RL_Full,10,54,2,0,72,inf
RL_Full,10,54,2,0,73,inf
RL_Full,10,54,2,0,74,inf
RL_Full,10,54,2,0,75,inf
RL_Full,10,54,2,0,76,inf
RL_Full,10,54,2,0,77,inf
RL_Full,10,54,2,0,78,inf
RL_Full,10,54,2,0,79,inf
RL_Full,10,54,2,0,80,inf
RL_Full,10,54,2,0,81,inf
RL_Full,10,54,2,0,82,inf
RL_Full,10,54,2,0,83,inf
RL_Full,10,54,2,0,84,inf
RL_Full,10,54,2,0,85,inf
RL_Full,10,54,2,0,86,inf
RL_Full,10,54,2,0,87,inf
RL_Full,10,54,2,0,88,inf
RL_Full,10,54,2,0,89,inf
RL_Full,10,54,2,0,90,inf
RL_Full,10,54,2,0,91,inf
RL_Full,10,54,2,0,92,inf
RL_Full,10,54,2,0,93,inf
RL_Full,10,54,2,0,94,inf
RL_Full,10,54,2,0,95,inf
RL_Full,10,54,2,0,96,inf
RL_Full,10,54,2,0,97,inf
RL_Full,10,54,2,0,98,inf
RL_Full,10,54,2,0,99,inf
RL_Full,10,54,2,0,100,inf
Random,10,54,2,1,1,inf
Random,10,54,2,1,2,inf
Random,10,54,2,1,3,inf
Random,10,54,2,1,4,inf
Random,10,54,2,1,5,inf
Random,10,54,2,1,6,inf
Random,10,54,2,1,7,inf
Random,10,54,2,1,8,inf
Random,10,54,2,1,9,inf
Random,10,54,2,1,10,inf
Random,10,54,2,1,11,inf
Random,10,54,2,1,12,inf
Random,10,54,2,1,13,inf
Random,10,54,2,1,14,inf
Random,10,54,2,1,15,inf
Random,10,54,2,1,16,inf
Random,10,54,2,1,17,inf
Random,10,54,2,1,18,inf
Random,10,54,2,1,19,inf
Random,10,54,2,1,20,inf
Random,10,54,2,1,21,inf
Random,10,54,2,1,22,inf
Random,10,54,2,1,23,inf
Random,10,54,2,1,24,inf
Random,10,54,2,1,25,inf
Random,10,54,2,1,26,inf
Random,10,54,2,1,27,inf
Random,10,54,2,1,28,inf
Random,10,54,2,1,29,inf
Random,10,54,2,1,30,inf
Random,10,54,2,1,31,inf
Random,10,54,2,1,32,inf
Random,10,54,2,1,33,inf
Random,10,54,2,1,34,inf
Random,10,54,2,1,35,inf
Random,10,54,2,1,36,inf
Random,10,54,2,1,37,inf
Random,10,54,2,1,38,inf
Random,10,54,2,1,39,inf
Random,10,54,2,1,40,inf
Random,10,54,2,1,41,inf
Random,10,54,2,1,42,inf
Random,10,54,2,1,43,inf
Random,10,54,2,1,44,inf
Random,10,54,2,1,45,inf
Random,10,54,2,1,46,inf
Random,10,54,2,1,47,inf
Random,10,54,2,1,48,inf
Random,10,54,2,1,49,inf
Random,10,54,2,1,50,inf
Random,10,54,2,1,51,inf
Random,10,54,2,1,52,inf
Random,10,54,2,1,53,inf
Random,10,54,2,1,54,inf
Random,10,54,2,1,55,inf
Random,10,54,2,1,56,inf
Random,10,54,2,1,57,inf
Random,10,54,2,1,58,inf
Random,10,54,2,1,59,inf
Random,10,54,2,1,60,inf
Random,10,54,2,1,61,inf
Random,10,54,2,1,62,inf
Random,10,54,2,1,63,inf
Random,10,54,2,1,64,inf
Random,10,54,2,1,65,inf
Random,10,54,2,1,66,inf
Random,10,54,2,1,67,inf
Random,10,54,2,1,68,inf
Random,10,54,2,1,69,inf
Random,10,54,2,1,70,inf
Random,10,54,2,1,71,inf
Random,10,54,2,1,72,inf
Random,10,54,2,1,73,inf
Random,10,54,2,1,74,inf
Random,10,54,2,1,75,inf
Random,10,54,2,1,76,inf
Random,10,54,2,1,77,inf
Random,10,54,2,1,78,inf
Random,10,54,2,1,79,inf
Random,10,54,2,1,80,inf
Random,10,54,2,1,81,inf
Random,10,54,2,1,82,inf
Random,10,54,2,1,83,inf
Random,10,54,2,1,84,inf
Random,10,54,2,1,85,inf
Random,10,54,2,1,86,inf
Random,10,54,2,1,87,inf
Random,10,54,2,1,88,inf
Random,10,54,2,1,89,inf
Random,10,54,2,1,90,inf
Random,10,54,2,1,91,inf
Random,10,54,2,1,92,inf
Random,10,54,2,1,93,inf
Random,10,54,2,1,94,inf
Random,10,54,2,1,95,inf
Random,10,54,2,1,96,inf
Random,10,54,2,1,97,inf
Random,10,54,2,1,98,inf
Random,10,54,2,1,99,inf
Random,10,54,2,1,100,inf
qLogEI,10,54,2,1,1,inf
qLogEI,10,54,2,1,2,inf
qLogEI,10,54,2,1,3,inf
qLogEI,10,54,2,1,4,inf
qLogEI,10,54,2,1,5,inf
qLogEI,10,54,2,1,6,inf
qLogEI,10,54,2,1,7,inf
qLogEI,10,54,2,1,8,inf
qLogEI,10,54,2,1,9,inf
qLogEI,10,54,2,1,10,inf
qLogEI,10,54,2,1,11,inf
qLogEI,10,54,2,1,12,inf
qLogEI,10,54,2,1,13,inf
qLogEI,10,54,2,1,14,inf
qLogEI,10,54,2,1,15,inf
qLogEI,10,54,2,1,16,inf
qLogEI,10,54,2,1,17,inf
qLogEI,10,54,2,1,18,inf
qLogEI,10,54,2,1,19,inf
qLogEI,10,54,2,1,20,inf
qLogEI,10,54,2,1,21,inf
qLogEI,10,54,2,1,22,inf
qLogEI,10,54,2,1,23,inf
qLogEI,10,54,2,1,24,inf
qLogEI,10,54,2,1,25,inf
qLogEI,10,54,2,1,26,inf
qLogEI,10,54,2,1,27,inf
qLogEI,10,54,2,1,28,inf
qLogEI,10,54,2,1,29,inf
qLogEI,10,54,2,1,30,inf
qLogEI,10,54,2,1,31,inf
qLogEI,10,54,2,1,32,inf
qLogEI,10,54,2,1,33,inf
qLogEI,10,54,2,1,34,inf
qLogEI,10,54,2,1,35,inf
qLogEI,10,54,2,1,36,inf
qLogEI,10,54,2,1,37,inf
qLogEI,10,54,2,1,38,inf
qLogEI,10,54,2,1,39,inf
qLogEI,10,54,2,1,40,inf
qLogEI,10,54,2,1,41,inf
qLogEI,10,54,2,1,42,inf
qLogEI,10,54,2,1,43,inf
qLogEI,10,54,2,1,44,inf
qLogEI,10,54,2,1,45,inf
qLogEI,10,54,2,1,46,inf
qLogEI,10,54,2,1,47,inf
qLogEI,10,54,2,1,48,inf
qLogEI,10,54,2,1,49,inf
qLogEI,10,54,2,1,50,inf
qLogEI,10,54,2,1,51,inf
qLogEI,10,54,2,1,52,inf
qLogEI,10,54,2,1,53,inf
qLogEI,10,54,2,1,54,inf
qLogEI,10,54,2,1,55,inf
qLogEI,10,54,2,1,56,inf
qLogEI,10,54,2,1,57,inf
qLogEI,10,54,2,1,58,inf
qLogEI,10,54,2,1,59,inf
qLogEI,10,54,2,1,60,inf
qLogEI,10,54,2,1,61,inf
qLogEI,10,54,2,1,62,inf
qLogEI,10,54,2,1,63,inf
qLogEI,10,54,2,1,64,inf
qLogEI,10,54,2,1,65,inf
qLogEI,10,54,2,1,66,inf
qLogEI,10,54,2,1,67,inf
qLogEI,10,54,2,1,68,inf
qLogEI,10,54,2,1,69,inf
qLogEI,10,54,2,1,70,inf
qLogEI,10,54,2,1,71,inf
qLogEI,10,54,2,1,72,inf
qLogEI,10,54,2,1,73,inf
qLogEI,10,54,2,1,74,inf
qLogEI,10,54,2,1,75,inf
qLogEI,10,54,2,1,76,inf
qLogEI,10,54,2,1,77,inf
qLogEI,10,54,2,1,78,inf
qLogEI,10,54,2,1,79,inf
qLogEI,10,54,2,1,80,inf
qLogEI,10,54,2,1,81,inf
qLogEI,10,54,2,1,82,inf
qLogEI,10,54,2,1,83,inf
qLogEI,10,54,2,1,84,inf
qLogEI,10,54,2,1,85,inf
qLogEI,10,54,2,1,86,inf
qLogEI,10,54,2,1,87,inf
qLogEI,10,54,2,1,88,inf
qLogEI,10,54,2,1,89,inf
qLogEI,10,54,2,1,90,inf
qLogEI,10,54,2,1,91,inf
qLogEI,10,54,2,1,92,inf
qLogEI,10,54,2,1,93,inf
qLogEI,10,54,2,1,94,inf
qLogEI,10,54,2,1,95,inf
qLogEI,10,54,2,1,96,inf
qLogEI,10,54,2,1,97,inf
qLogEI,10,54,2,1,98,inf
qLogEI,10,54,2,1,99,inf
qLogEI,10,54,2,1,100,inf
RL_Full,10,54,2,1,1,inf
RL_Full,10,54,2,1,2,inf
RL_Full,10,54,2,1,3,inf
RL_Full,10,54,2,1,4,inf
RL_Full,10,54,2,1,5,inf
RL_Full,10,54,2,1,6,inf
RL_Full,10,54,2,1,7,inf
RL_Full,10,54,2,1,8,inf
RL_Full,10,54,2,1,9,inf
RL_Full,10,54,2,1,10,inf
RL_Full,10,54,2,1,11,inf
RL_Full,10,54,2,1,12,inf
RL_Full,10,54,2,1,13,inf
RL_Full,10,54,2,1,14,inf
RL_Full,10,54,2,1,15,inf
RL_Full,10,54,2,1,16,inf
RL_Full,10,54,2,1,17,inf
RL_Full,10,54,2,1,18,inf
RL_Full,10,54,2,1,19,inf
RL_Full,10,54,2,1,20,inf
RL_Full,10,54,2,1,21,inf
RL_Full,10,54,2,1,22,inf
RL_Full,10,54,2,1,23,inf
RL_Full,10,54,2,1,24,inf
RL_Full,10,54,2,1,25,inf
RL_Full,10,54,2,1,26,inf
RL_Full,10,54,2,1,27,inf
RL_Full,10,54,2,1,28,inf
RL_Full,10,54,2,1,29,inf
RL_Full,10,54,2,1,30,inf
RL_Full,10,54,2,1,31,inf
RL_Full,10,54,2,1,32,inf
RL_Full,10,54,2,1,33,inf
RL_Full,10,54,2,1,34,inf
RL_Full,10,54,2,1,35,inf
RL_Full,10,54,2,1,36,inf
RL_Full,10,54,2,1,37,inf
RL_Full,10,54,2,1,38,inf
RL_Full,10,54,2,1,39,inf
RL_Full,10,54,2,1,40,inf
RL_Full,10,54,2,1,41,inf
RL_Full,10,54,2,1,42,inf
RL_Full,10,54,2,1,43,inf
RL_Full,10,54,2,1,44,inf
RL_Full,10,54,2,1,45,inf
RL_Full,10,54,2,1,46,inf
RL_Full,10,54,2,1,47,inf
RL_Full,10,54,2,1,48,inf
RL_Full,10,54,2,1,49,inf
RL_Full,10,54,2,1,50,inf
RL_Full,10,54,2,1,51,inf
RL_Full,10,54,2,1,52,inf
RL_Full,10,54,2,1,53,inf
RL_Full,10,54,2,1,54,inf
RL_Full,10,54,2,1,55,inf
RL_Full,10,54,2,1,56,inf
RL_Full,10,54,2,1,57,inf
RL_Full,10,54,2,1,58,inf
RL_Full,10,54,2,1,59,inf
RL_Full,10,54,2,1,60,inf
RL_Full,10,54,2,1,61,inf
RL_Full,10,54,2,1,62,inf
RL_Full,10,54,2,1,63,inf
RL_Full,10,54,2,1,64,inf
RL_Full,10,54,2,1,65,inf
RL_Full,10,54,2,1,66,inf
RL_Full,10,54,2,1,67,inf
RL_Full,10,54,2,1,68,inf
RL_Full,10,54,2,1,69,inf
RL_Full,10,54,2,1,70,inf
RL_Full,10,54,2,1,71,inf
RL_Full,10,54,2,1,72,inf
RL_Full,10,54,2,1,73,inf
RL_Full,10,54,2,1,74,inf
RL_Full,10,54,2,1,75,inf
RL_Full,10,54,2,1,76,inf
RL_Full,10,54,2,1,77,inf
RL_Full,10,54,2,1,78,inf
RL_Full,10,54,2,1,79,inf
RL_Full,10,54,2,1,80,inf
RL_Full,10,54,2,1,81,inf
RL_Full,10,54,2,1,82,inf
RL_Full,10,54,2,1,83,inf
RL_Full,10,54,2,1,84,inf
RL_Full,10,54,2,1,85,inf
RL_Full,10,54,2,1,86,inf
RL_Full,10,54,2,1,87,inf
RL_Full,10,54,2,1,88,inf
RL_Full,10,54,2,1,89,inf
RL_Full,10,54,2,1,90,inf
RL_Full,10,54,2,1,91,inf
RL_Full,10,54,2,1,92,inf
RL_Full,10,54,2,1,93,inf
RL_Full,10,54,2,1,94,inf
RL_Full,10,54,2,1,95,inf
RL_Full,10,54,2,1,96,inf
RL_Full,10,54,2,1,97,inf
RL_Full,10,54,2,1,98,inf
RL_Full,10,54,2,1,99,inf
RL_Full,10,54,2,1,100,inf
Random,10,54,2,2,1,inf
Random,10,54,2,2,2,inf
Random,10,54,2,2,3,inf
Random,10,54,2,2,4,inf
Random,10,54,2,2,5,inf
Random,10,54,2,2,6,inf
Random,10,54,2,2,7,inf
Random,10,54,2,2,8,inf
Random,10,54,2,2,9,inf
Random,10,54,2,2,10,inf
Random,10,54,2,2,11,inf
Random,10,54,2,2,12,inf
Random,10,54,2,2,13,inf
Random,10,54,2,2,14,inf
Random,10,54,2,2,15,inf
Random,10,54,2,2,16,inf
Random,10,54,2,2,17,inf
Random,10,54,2,2,18,inf
Random,10,54,2,2,19,inf
Random,10,54,2,2,20,inf
Random,10,54,2,2,21,inf
Random,10,54,2,2,22,inf
Random,10,54,2,2,23,inf
Random,10,54,2,2,24,inf
Random,10,54,2,2,25,inf
Random,10,54,2,2,26,inf
Random,10,54,2,2,27,inf
Random,10,54,2,2,28,inf
Random,10,54,2,2,29,inf
Random,10,54,2,2,30,inf
Random,10,54,2,2,31,inf
Random,10,54,2,2,32,inf
Random,10,54,2,2,33,inf
Random,10,54,2,2,34,inf
Random,10,54,2,2,35,inf
Random,10,54,2,2,36,inf
Random,10,54,2,2,37,inf
Random,10,54,2,2,38,inf
Random,10,54,2,2,39,inf
Random,10,54,2,2,40,inf
Random,10,54,2,2,41,inf
Random,10,54,2,2,42,inf
Random,10,54,2,2,43,inf
Random,10,54,2,2,44,inf
Random,10,54,2,2,45,inf
Random,10,54,2,2,46,inf
Random,10,54,2,2,47,inf
Random,10,54,2,2,48,inf
Random,10,54,2,2,49,inf
Random,10,54,2,2,50,inf
Random,10,54,2,2,51,inf
Random,10,54,2,2,52,inf
Random,10,54,2,2,53,inf
Random,10,54,2,2,54,inf
Random,10,54,2,2,55,inf
Random,10,54,2,2,56,inf
Random,10,54,2,2,57,inf
Random,10,54,2,2,58,inf
Random,10,54,2,2,59,inf
Random,10,54,2,2,60,inf
Random,10,54,2,2,61,inf
Random,10,54,2,2,62,inf
Random,10,54,2,2,63,inf
Random,10,54,2,2,64,inf
Random,10,54,2,2,65,inf
Random,10,54,2,2,66,inf
Random,10,54,2,2,67,inf
Random,10,54,2,2,68,inf
Random,10,54,2,2,69,inf
Random,10,54,2,2,70,inf
Random,10,54,2,2,71,inf
Random,10,54,2,2,72,inf
Random,10,54,2,2,73,inf
Random,10,54,2,2,74,inf
Random,10,54,2,2,75,inf
Random,10,54,2,2,76,inf
Random,10,54,2,2,77,inf
Random,10,54,2,2,78,inf
Random,10,54,2,2,79,inf
Random,10,54,2,2,80,inf
Random,10,54,2,2,81,inf
Random,10,54,2,2,82,inf
Random,10,54,2,2,83,inf
Random,10,54,2,2,84,inf
Random,10,54,2,2,85,inf
Random,10,54,2,2,86,inf
Random,10,54,2,2,87,inf
Random,10,54,2,2,88,inf
Random,10,54,2,2,89,inf
Random,10,54,2,2,90,inf
Random,10,54,2,2,91,inf
Random,10,54,2,2,92,inf
Random,10,54,2,2,93,inf
Random,10,54,2,2,94,inf
Random,10,54,2,2,95,inf
Random,10,54,2,2,96,inf
Random,10,54,2,2,97,inf
Random,10,54,2,2,98,inf
Random,10,54,2,2,99,inf
Random,10,54,2,2,100,inf
qLogEI,10,54,2,2,1,inf
qLogEI,10,54,2,2,2,inf
qLogEI,10,54,2,2,3,inf
qLogEI,10,54,2,2,4,inf
qLogEI,10,54,2,2,5,inf
qLogEI,10,54,2,2,6,inf
qLogEI,10,54,2,2,7,inf
qLogEI,10,54,2,2,8,inf
qLogEI,10,54,2,2,9,inf
qLogEI,10,54,2,2,10,inf
qLogEI,10,54,2,2,11,inf
qLogEI,10,54,2,2,12,inf
qLogEI,10,54,2,2,13,inf
qLogEI,10,54,2,2,14,inf
qLogEI,10,54,2,2,15,inf
qLogEI,10,54,2,2,16,inf
qLogEI,10,54,2,2,17,inf
qLogEI,10,54,2,2,18,inf
qLogEI,10,54,2,2,19,inf
qLogEI,10,54,2,2,20,inf
qLogEI,10,54,2,2,21,inf
qLogEI,10,54,2,2,22,inf
qLogEI,10,54,2,2,23,inf
qLogEI,10,54,2,2,24,inf
qLogEI,10,54,2,2,25,inf
qLogEI,10,54,2,2,26,inf
qLogEI,10,54,2,2,27,inf
qLogEI,10,54,2,2,28,inf
qLogEI,10,54,2,2,29,inf
qLogEI,10,54,2,2,30,inf
qLogEI,10,54,2,2,31,inf
qLogEI,10,54,2,2,32,inf
qLogEI,10,54,2,2,33,inf
qLogEI,10,54,2,2,34,inf
qLogEI,10,54,2,2,35,inf
qLogEI,10,54,2,2,36,inf
qLogEI,10,54,2,2,37,inf
qLogEI,10,54,2,2,38,inf
qLogEI,10,54,2,2,39,inf
qLogEI,10,54,2,2,40,inf
qLogEI,10,54,2,2,41,inf
qLogEI,10,54,2,2,42,inf
qLogEI,10,54,2,2,43,inf
qLogEI,10,54,2,2,44,inf
qLogEI,10,54,2,2,45,inf
qLogEI,10,54,2,2,46,inf
qLogEI,10,54,2,2,47,inf
qLogEI,10,54,2,2,48,inf
qLogEI,10,54,2,2,49,inf
qLogEI,10,54,2,2,50,inf
qLogEI,10,54,2,2,51,inf
qLogEI,10,54,2,2,52,inf
qLogEI,10,54,2,2,53,inf
qLogEI,10,54,2,2,54,inf
qLogEI,10,54,2,2,55,inf
qLogEI,10,54,2,2,56,inf
qLogEI,10,54,2,2,57,inf
qLogEI,10,54,2,2,58,inf
qLogEI,10,54,2,2,59,inf
qLogEI,10,54,2,2,60,inf
qLogEI,10,54,2,2,61,inf
qLogEI,10,54,2,2,62,inf
qLogEI,10,54,2,2,63,inf
qLogEI,10,54,2,2,64,inf
qLogEI,10,54,2,2,65,inf
qLogEI,10,54,2,2,66,inf
qLogEI,10,54,2,2,67,inf
qLogEI,10,54,2,2,68,inf
qLogEI,10,54,2,2,69,inf
qLogEI,10,54,2,2,70,inf
qLogEI,10,54,2,2,71,inf
qLogEI,10,54,2,2,72,inf
qLogEI,10,54,2,2,73,inf
qLogEI,10,54,2,2,74,inf
qLogEI,10,54,2,2,75,inf
qLogEI,10,54,2,2,76,inf
qLogEI,10,54,2,2,77,inf
qLogEI,10,54,2,2,78,inf
qLogEI,10,54,2,2,79,inf
qLogEI,10,54,2,2,80,inf
qLogEI,10,54,2,2,81,inf
qLogEI,10,54,2,2,82,inf
qLogEI,10,54,2,2,83,inf
qLogEI,10,54,2,2,84,inf
qLogEI,10,54,2,2,85,inf
qLogEI,10,54,2,2,86,inf
qLogEI,10,54,2,2,87,inf
qLogEI,10,54,2,2,88,inf
qLogEI,10,54,2,2,89,inf
qLogEI,10,54,2,2,90,inf
qLogEI,10,54,2,2,91,inf
qLogEI,10,54,2,2,92,inf
qLogEI,10,54,2,2,93,inf
qLogEI,10,54,2,2,94,inf
qLogEI,10,54,2,2,95,inf
qLogEI,10,54,2,2,96,inf
qLogEI,10,54,2,2,97,inf
qLogEI,10,54,2,2,98,inf
qLogEI,10,54,2,2,99,inf
qLogEI,10,54,2,2,100,inf
RL_Full,10,54,2,2,1,inf
RL_Full,10,54,2,2,2,inf
RL_Full,10,54,2,2,3,inf
RL_Full,10,54,2,2,4,inf
RL_Full,10,54,2,2,5,inf
RL_Full,10,54,2,2,6,inf
RL_Full,10,54,2,2,7,inf
RL_Full,10,54,2,2,8,inf
RL_Full,10,54,2,2,9,inf
RL_Full,10,54,2,2,10,inf
RL_Full,10,54,2,2,11,inf
RL_Full,10,54,2,2,12,inf
RL_Full,10,54,2,2,13,inf
RL_Full,10,54,2,2,14,inf
RL_Full,10,54,2,2,15,inf
RL_Full,10,54,2,2,16,inf
RL_Full,10,54,2,2,17,inf
RL_Full,10,54,2,2,18,inf
RL_Full,10,54,2,2,19,inf
RL_Full,10,54,2,2,20,inf
RL_Full,10,54,2,2,21,inf
RL_Full,10,54,2,2,22,inf
RL_Full,10,54,2,2,23,inf
RL_Full,10,54,2,2,24,inf
RL_Full,10,54,2,2,25,inf
RL_Full,10,54,2,2,26,inf
RL_Full,10,54,2,2,27,inf
RL_Full,10,54,2,2,28,inf
RL_Full,10,54,2,2,29,inf
RL_Full,10,54,2,2,30,inf
RL_Full,10,54,2,2,31,inf
RL_Full,10,54,2,2,32,inf
RL_Full,10,54,2,2,33,inf
RL_Full,10,54,2,2,34,inf
RL_Full,10,54,2,2,35,inf
RL_Full,10,54,2,2,36,inf
RL_Full,10,54,2,2,37,inf
RL_Full,10,54,2,2,38,inf
RL_Full,10,54,2,2,39,inf
RL_Full,10,54,2,2,40,inf
RL_Full,10,54,2,2,41,inf
RL_Full,10,54,2,2,42,inf
RL_Full,10,54,2,2,43,inf
RL_Full,10,54,2,2,44,inf
RL_Full,10,54,2,2,45,inf
RL_Full,10,54,2,2,46,inf
RL_Full,10,54,2,2,47,inf
RL_Full,10,54,2,2,48,inf
RL_Full,10,54,2,2,49,inf
RL_Full,10,54,2,2,50,inf
RL_Full,10,54,2,2,51,inf
RL_Full,10,54,2,2,52,inf
RL_Full,10,54,2,2,53,inf
RL_Full,10,54,2,2,54,inf
RL_Full,10,54,2,2,55,inf
RL_Full,10,54,2,2,56,inf
RL_Full,10,54,2,2,57,inf
RL_Full,10,54,2,2,58,inf
RL_Full,10,54,2,2,59,inf
RL_Full,10,54,2,2,60,inf
RL_Full,10,54,2,2,61,inf
RL_Full,10,54,2,2,62,inf
RL_Full,10,54,2,2,63,inf
RL_Full,10,54,2,2,64,inf
RL_Full,10,54,2,2,65,inf
RL_Full,10,54,2,2,66,inf
RL_Full,10,54,2,2,67,inf
RL_Full,10,54,2,2,68,inf
RL_Full,10,54,2,2,69,inf
RL_Full,10,54,2,2,70,inf
RL_Full,10,54,2,2,71,inf
RL_Full,10,54,2,2,72,inf
RL_Full,10,54,2,2,73,inf
RL_Full,10,54,2,2,74,inf
RL_Full,10,54,2,2,75,inf
RL_Full,10,54,2,2,76,inf
RL_Full,10,54,2,2,77,inf
RL_Full,10,54,2,2,78,inf
RL_Full,10,54,2,2,79,inf
RL_Full,10,54,2,2,80,inf
RL_Full,10,54,2,2,81,inf
RL_Full,10,54,2,2,82,inf
RL_Full,10,54,2,2,83,inf
RL_Full,10,54,2,2,84,inf
RL_Full,10,54,2,2,85,inf
RL_Full,10,54,2,2,86,inf
RL_Full,10,54,2,2,87,inf
RL_Full,10,54,2,2,88,inf
RL_Full,10,54,2,2,89,inf
RL_Full,10,54,2,2,90,inf
RL_Full,10,54,2,2,91,inf
RL_Full,10,54,2,2,92,inf
RL_Full,10,54,2,2,93,inf
RL_Full,10,54,2,2,94,inf
RL_Full,10,54,2,2,95,inf
RL_Full,10,54,2,2,96,inf
RL_Full,10,54,2,2,97,inf
RL_Full,10,54,2,2,98,inf
RL_Full,10,54,2,2,99,inf
RL_Full,10,54,2,2,100,inf
Random,10,54,2,3,1,inf
Random,10,54,2,3,2,inf
Random,10,54,2,3,3,inf
Random,10,54,2,3,4,inf
Random,10,54,2,3,5,inf
Random,10,54,2,3,6,inf
Random,10,54,2,3,7,inf
Random,10,54,2,3,8,inf
Random,10,54,2,3,9,inf
Random,10,54,2,3,10,inf
Random,10,54,2,3,11,inf
Random,10,54,2,3,12,inf
Random,10,54,2,3,13,inf
Random,10,54,2,3,14,inf
Random,10,54,2,3,15,inf
Random,10,54,2,3,16,inf
Random,10,54,2,3,17,inf
Random,10,54,2,3,18,inf
Random,10,54,2,3,19,inf
Random,10,54,2,3,20,inf
Random,10,54,2,3,21,inf
Random,10,54,2,3,22,inf
Random,10,54,2,3,23,inf
Random,10,54,2,3,24,inf
Random,10,54,2,3,25,inf
Random,10,54,2,3,26,inf
Random,10,54,2,3,27,inf
Random,10,54,2,3,28,inf
Random,10,54,2,3,29,inf
Random,10,54,2,3,30,inf
Random,10,54,2,3,31,inf
Random,10,54,2,3,32,inf
Random,10,54,2,3,33,inf
Random,10,54,2,3,34,inf
Random,10,54,2,3,35,inf
Random,10,54,2,3,36,inf
Random,10,54,2,3,37,inf
Random,10,54,2,3,38,inf
Random,10,54,2,3,39,inf
Random,10,54,2,3,40,inf
Random,10,54,2,3,41,inf
Random,10,54,2,3,42,inf
Random,10,54,2,3,43,inf
Random,10,54,2,3,44,inf
Random,10,54,2,3,45,inf
Random,10,54,2,3,46,inf
Random,10,54,2,3,47,inf
Random,10,54,2,3,48,inf
Random,10,54,2,3,49,inf
Random,10,54,2,3,50,inf
Random,10,54,2,3,51,inf
Random,10,54,2,3,52,inf
Random,10,54,2,3,53,inf
Random,10,54,2,3,54,inf
Random,10,54,2,3,55,inf
Random,10,54,2,3,56,inf
Random,10,54,2,3,57,inf
Random,10,54,2,3,58,inf
Random,10,54,2,3,59,inf
Random,10,54,2,3,60,inf
Random,10,54,2,3,61,inf
Random,10,54,2,3,62,inf
Random,10,54,2,3,63,inf
Random,10,54,2,3,64,inf
Random,10,54,2,3,65,inf
Random,10,54,2,3,66,inf
Random,10,54,2,3,67,inf
Random,10,54,2,3,68,inf
Random,10,54,2,3,69,inf
Random,10,54,2,3,70,inf
Random,10,54,2,3,71,inf
Random,10,54,2,3,72,inf
Random,10,54,2,3,73,inf
Random,10,54,2,3,74,inf
Random,10,54,2,3,75,inf
Random,10,54,2,3,76,inf
Random,10,54,2,3,77,inf
Random,10,54,2,3,78,inf
Random,10,54,2,3,79,inf
Random,10,54,2,3,80,inf
Random,10,54,2,3,81,inf
Random,10,54,2,3,82,inf
Random,10,54,2,3,83,inf
Random,10,54,2,3,84,inf
Random,10,54,2,3,85,inf
Random,10,54,2,3,86,inf
Random,10,54,2,3,87,inf
Random,10,54,2,3,88,inf
Random,10,54,2,3,89,inf
Random,10,54,2,3,90,inf
Random,10,54,2,3,91,inf
Random,10,54,2,3,92,inf
Random,10,54,2,3,93,inf
Random,10,54,2,3,94,inf
Random,10,54,2,3,95,inf
Random,10,54,2,3,96,inf
Random,10,54,2,3,97,inf
Random,10,54,2,3,98,inf
Random,10,54,2,3,99,inf
Random,10,54,2,3,100,inf
qLogEI,10,54,2,3,1,inf
qLogEI,10,54,2,3,2,inf
qLogEI,10,54,2,3,3,inf
qLogEI,10,54,2,3,4,inf
qLogEI,10,54,2,3,5,inf
qLogEI,10,54,2,3,6,inf
qLogEI,10,54,2,3,7,inf
qLogEI,10,54,2,3,8,inf
qLogEI,10,54,2,3,9,inf
qLogEI,10,54,2,3,10,inf
qLogEI,10,54,2,3,11,inf
qLogEI,10,54,2,3,12,inf
qLogEI,10,54,2,3,13,inf
qLogEI,10,54,2,3,14,inf
qLogEI,10,54,2,3,15,inf
qLogEI,10,54,2,3,16,inf
qLogEI,10,54,2,3,17,inf
qLogEI,10,54,2,3,18,inf
qLogEI,10,54,2,3,19,inf
qLogEI,10,54,2,3,20,inf
qLogEI,10,54,2,3,21,inf
qLogEI,10,54,2,3,22,inf
qLogEI,10,54,2,3,23,inf
qLogEI,10,54,2,3,24,inf
qLogEI,10,54,2,3,25,inf
qLogEI,10,54,2,3,26,inf
qLogEI,10,54,2,3,27,inf
qLogEI,10,54,2,3,28,inf
qLogEI,10,54,2,3,29,inf
qLogEI,10,54,2,3,30,inf
qLogEI,10,54,2,3,31,inf
qLogEI,10,54,2,3,32,inf
qLogEI,10,54,2,3,33,inf
qLogEI,10,54,2,3,34,inf
qLogEI,10,54,2,3,35,inf
qLogEI,10,54,2,3,36,inf
qLogEI,10,54,2,3,37,inf
qLogEI,10,54,2,3,38,inf
qLogEI,10,54,2,3,39,inf
qLogEI,10,54,2,3,40,inf
qLogEI,10,54,2,3,41,inf
qLogEI,10,54,2,3,42,inf
qLogEI,10,54,2,3,43,inf
qLogEI,10,54,2,3,44,inf
qLogEI,10,54,2,3,45,inf
qLogEI,10,54,2,3,46,inf
qLogEI,10,54,2,3,47,inf
qLogEI,10,54,2,3,48,inf
qLogEI,10,54,2,3,49,inf
qLogEI,10,54,2,3,50,inf
qLogEI,10,54,2,3,51,inf
qLogEI,10,54,2,3,52,inf
qLogEI,10,54,2,3,53,inf
qLogEI,10,54,2,3,54,inf
qLogEI,10,54,2,3,55,inf
qLogEI,10,54,2,3,56,inf
qLogEI,10,54,2,3,57,inf
qLogEI,10,54,2,3,58,inf
qLogEI,10,54,2,3,59,inf
qLogEI,10,54,2,3,60,inf
qLogEI,10,54,2,3,61,inf
qLogEI,10,54,2,3,62,inf
qLogEI,10,54,2,3,63,inf
qLogEI,10,54,2,3,64,inf
qLogEI,10,54,2,3,65,inf
qLogEI,10,54,2,3,66,inf
qLogEI,10,54,2,3,67,inf
qLogEI,10,54,2,3,68,inf
qLogEI,10,54,2,3,69,inf
qLogEI,10,54,2,3,70,inf
qLogEI,10,54,2,3,71,inf
qLogEI,10,54,2,3,72,inf
qLogEI,10,54,2,3,73,inf
qLogEI,10,54,2,3,74,inf
qLogEI,10,54,2,3,75,inf
qLogEI,10,54,2,3,76,inf
qLogEI,10,54,2,3,77,inf
qLogEI,10,54,2,3,78,inf
qLogEI,10,54,2,3,79,inf
qLogEI,10,54,2,3,80,inf
qLogEI,10,54,2,3,81,inf
qLogEI,10,54,2,3,82,inf
qLogEI,10,54,2,3,83,inf
qLogEI,10,54,2,3,84,inf
qLogEI,10,54,2,3,85,inf
qLogEI,10,54,2,3,86,inf
qLogEI,10,54,2,3,87,inf
qLogEI,10,54,2,3,88,inf
qLogEI,10,54,2,3,89,inf
qLogEI,10,54,2,3,90,inf
qLogEI,10,54,2,3,91,inf
qLogEI,10,54,2,3,92,inf
qLogEI,10,54,2,3,93,inf
qLogEI,10,54,2,3,94,inf
qLogEI,10,54,2,3,95,inf
qLogEI,10,54,2,3,96,inf
qLogEI,10,54,2,3,97,inf
qLogEI,10,54,2,3,98,inf
qLogEI,10,54,2,3,99,inf
qLogEI,10,54,2,3,100,inf
RL_Full,10,54,2,3,1,inf
RL_Full,10,54,2,3,2,inf
RL_Full,10,54,2,3,3,inf
RL_Full,10,54,2,3,4,inf
RL_Full,10,54,2,3,5,inf
RL_Full,10,54,2,3,6,inf
RL_Full,10,54,2,3,7,inf
RL_Full,10,54,2,3,8,inf
RL_Full,10,54,2,3,9,inf
RL_Full,10,54,2,3,10,inf
RL_Full,10,54,2,3,11,inf
RL_Full,10,54,2,3,12,inf
RL_Full,10,54,2,3,13,inf
RL_Full,10,54,2,3,14,inf
RL_Full,10,54,2,3,15,inf
RL_Full,10,54,2,3,16,inf
RL_Full,10,54,2,3,17,inf
RL_Full,10,54,2,3,18,inf
RL_Full,10,54,2,3,19,inf
RL_Full,10,54,2,3,20,inf
RL_Full,10,54,2,3,21,inf
RL_Full,10,54,2,3,22,inf
RL_Full,10,54,2,3,23,inf
RL_Full,10,54,2,3,24,inf
RL_Full,10,54,2,3,25,inf
RL_Full,10,54,2,3,26,inf
RL_Full,10,54,2,3,27,inf
RL_Full,10,54,2,3,28,inf
RL_Full,10,54,2,3,29,inf
RL_Full,10,54,2,3,30,inf
RL_Full,10,54,2,3,31,inf
RL_Full,10,54,2,3,32,inf
RL_Full,10,54,2,3,33,inf
RL_Full,10,54,2,3,34,inf
RL_Full,10,54,2,3,35,inf
RL_Full,10,54,2,3,36,inf
RL_Full,10,54,2,3,37,inf
RL_Full,10,54,2,3,38,inf
RL_Full,10,54,2,3,39,inf
RL_Full,10,54,2,3,40,inf
RL_Full,10,54,2,3,41,inf
RL_Full,10,54,2,3,42,inf
RL_Full,10,54,2,3,43,inf
RL_Full,10,54,2,3,44,inf
RL_Full,10,54,2,3,45,inf
RL_Full,10,54,2,3,46,inf
RL_Full,10,54,2,3,47,inf
RL_Full,10,54,2,3,48,inf
RL_Full,10,54,2,3,49,inf
RL_Full,10,54,2,3,50,inf
RL_Full,10,54,2,3,51,inf
RL_Full,10,54,2,3,52,inf
RL_Full,10,54,2,3,53,inf
RL_Full,10,54,2,3,54,inf
RL_Full,10,54,2,3,55,inf
RL_Full,10,54,2,3,56,inf
RL_Full,10,54,2,3,57,inf
RL_Full,10,54,2,3,58,inf
RL_Full,10,54,2,3,59,inf
RL_Full,10,54,2,3,60,inf
RL_Full,10,54,2,3,61,inf
RL_Full,10,54,2,3,62,inf
RL_Full,10,54,2,3,63,inf
RL_Full,10,54,2,3,64,inf
RL_Full,10,54,2,3,65,inf
RL_Full,10,54,2,3,66,inf
RL_Full,10,54,2,3,67,inf
RL_Full,10,54,2,3,68,inf
RL_Full,10,54,2,3,69,inf
RL_Full,10,54,2,3,70,inf
RL_Full,10,54,2,3,71,inf
RL_Full,10,54,2,3,72,inf
RL_Full,10,54,2,3,73,inf
RL_Full,10,54,2,3,74,inf
RL_Full,10,54,2,3,75,inf
RL_Full,10,54,2,3,76,inf
RL_Full,10,54,2,3,77,inf
RL_Full,10,54,2,3,78,inf
RL_Full,10,54,2,3,79,inf
RL_Full,10,54,2,3,80,inf
RL_Full,10,54,2,3,81,inf
RL_Full,10,54,2,3,82,inf
RL_Full,10,54,2,3,83,inf
RL_Full,10,54,2,3,84,inf
RL_Full,10,54,2,3,85,inf
RL_Full,10,54,2,3,86,inf
RL_Full,10,54,2,3,87,inf
RL_Full,10,54,2,3,88,inf
RL_Full,10,54,2,3,89,inf
RL_Full,10,54,2,3,90,inf
RL_Full,10,54,2,3,91,inf
RL_Full,10,54,2,3,92,inf
RL_Full,10,54,2,3,93,inf
RL_Full,10,54,2,3,94,inf
RL_Full,10,54,2,3,95,inf
RL_Full,10,54,2,3,96,inf
RL_Full,10,54,2,3,97,inf
RL_Full,10,54,2,3,98,inf
RL_Full,10,54,2,3,99,inf
RL_Full,10,54,2,3,100,inf
Random,10,54,2,4,1,inf
Random,10,54,2,4,2,inf
Random,10,54,2,4,3,inf
Random,10,54,2,4,4,inf
Random,10,54,2,4,5,inf
Random,10,54,2,4,6,inf
Random,10,54,2,4,7,inf
Random,10,54,2,4,8,inf
Random,10,54,2,4,9,inf
Random,10,54,2,4,10,inf
Random,10,54,2,4,11,inf
Random,10,54,2,4,12,inf
Random,10,54,2,4,13,inf
Random,10,54,2,4,14,inf
Random,10,54,2,4,15,inf
Random,10,54,2,4,16,inf
Random,10,54,2,4,17,inf
Random,10,54,2,4,18,inf
Random,10,54,2,4,19,inf
Random,10,54,2,4,20,inf
Random,10,54,2,4,21,inf
Random,10,54,2,4,22,inf
Random,10,54,2,4,23,inf
Random,10,54,2,4,24,inf
Random,10,54,2,4,25,inf
Random,10,54,2,4,26,inf
Random,10,54,2,4,27,inf
Random,10,54,2,4,28,inf
Random,10,54,2,4,29,inf
Random,10,54,2,4,30,inf
Random,10,54,2,4,31,inf
Random,10,54,2,4,32,inf
Random,10,54,2,4,33,inf
Random,10,54,2,4,34,inf
Random,10,54,2,4,35,inf
Random,10,54,2,4,36,inf
Random,10,54,2,4,37,inf
Random,10,54,2,4,38,inf
Random,10,54,2,4,39,inf
Random,10,54,2,4,40,inf
Random,10,54,2,4,41,inf
Random,10,54,2,4,42,inf
Random,10,54,2,4,43,inf
Random,10,54,2,4,44,inf
Random,10,54,2,4,45,inf
Random,10,54,2,4,46,inf
Random,10,54,2,4,47,inf
Random,10,54,2,4,48,inf
Random,10,54,2,4,49,inf
Random,10,54,2,4,50,inf
Random,10,54,2,4,51,inf
Random,10,54,2,4,52,inf
Random,10,54,2,4,53,inf
Random,10,54,2,4,54,inf
Random,10,54,2,4,55,inf
Random,10,54,2,4,56,inf
Random,10,54,2,4,57,inf
Random,10,54,2,4,58,inf
Random,10,54,2,4,59,inf
Random,10,54,2,4,60,inf
Random,10,54,2,4,61,inf
Random,10,54,2,4,62,inf
Random,10,54,2,4,63,inf
Random,10,54,2,4,64,inf
Random,10,54,2,4,65,inf
Random,10,54,2,4,66,inf
Random,10,54,2,4,67,inf
Random,10,54,2,4,68,inf
Random,10,54,2,4,69,inf
Random,10,54,2,4,70,inf
Random,10,54,2,4,71,inf
Random,10,54,2,4,72,inf
Random,10,54,2,4,73,inf
Random,10,54,2,4,74,inf
Random,10,54,2,4,75,inf
Random,10,54,2,4,76,inf
Random,10,54,2,4,77,inf
Random,10,54,2,4,78,inf
Random,10,54,2,4,79,inf
Random,10,54,2,4,80,inf
Random,10,54,2,4,81,inf
Random,10,54,2,4,82,inf
Random,10,54,2,4,83,inf
Random,10,54,2,4,84,inf
Random,10,54,2,4,85,inf
Random,10,54,2,4,86,inf
Random,10,54,2,4,87,inf
Random,10,54,2,4,88,inf
Random,10,54,2,4,89,inf
Random,10,54,2,4,90,inf
Random,10,54,2,4,91,inf
Random,10,54,2,4,92,inf
Random,10,54,2,4,93,inf
Random,10,54,2,4,94,inf
Random,10,54,2,4,95,inf
Random,10,54,2,4,96,inf
Random,10,54,2,4,97,inf
Random,10,54,2,4,98,inf
Random,10,54,2,4,99,inf
Random,10,54,2,4,100,inf
qLogEI,10,54,2,4,1,inf
qLogEI,10,54,2,4,2,inf
qLogEI,10,54,2,4,3,inf
qLogEI,10,54,2,4,4,inf
qLogEI,10,54,2,4,5,inf
qLogEI,10,54,2,4,6,inf
qLogEI,10,54,2,4,7,inf
qLogEI,10,54,2,4,8,inf
qLogEI,10,54,2,4,9,inf
qLogEI,10,54,2,4,10,inf
qLogEI,10,54,2,4,11,inf
qLogEI,10,54,2,4,12,inf
qLogEI,10,54,2,4,13,inf
qLogEI,10,54,2,4,14,inf
qLogEI,10,54,2,4,15,inf
qLogEI,10,54,2,4,16,inf
qLogEI,10,54,2,4,17,inf
qLogEI,10,54,2,4,18,inf
qLogEI,10,54,2,4,19,inf
qLogEI,10,54,2,4,20,inf
qLogEI,10,54,2,4,21,inf
qLogEI,10,54,2,4,22,inf
qLogEI,10,54,2,4,23,inf
qLogEI,10,54,2,4,24,inf
qLogEI,10,54,2,4,25,inf
qLogEI,10,54,2,4,26,inf
qLogEI,10,54,2,4,27,inf
qLogEI,10,54,2,4,28,inf
qLogEI,10,54,2,4,29,inf
qLogEI,10,54,2,4,30,inf
qLogEI,10,54,2,4,31,inf
qLogEI,10,54,2,4,32,inf
qLogEI,10,54,2,4,33,inf
qLogEI,10,54,2,4,34,inf
qLogEI,10,54,2,4,35,inf
qLogEI,10,54,2,4,36,inf
qLogEI,10,54,2,4,37,inf
qLogEI,10,54,2,4,38,inf
qLogEI,10,54,2,4,39,inf
qLogEI,10,54,2,4,40,inf
qLogEI,10,54,2,4,41,inf
qLogEI,10,54,2,4,42,inf
qLogEI,10,54,2,4,43,inf
qLogEI,10,54,2,4,44,inf
qLogEI,10,54,2,4,45,inf
qLogEI,10,54,2,4,46,inf
qLogEI,10,54,2,4,47,inf
qLogEI,10,54,2,4,48,inf
qLogEI,10,54,2,4,49,inf
qLogEI,10,54,2,4,50,inf
qLogEI,10,54,2,4,51,inf
qLogEI,10,54,2,4,52,inf
qLogEI,10,54,2,4,53,inf
qLogEI,10,54,2,4,54,inf
qLogEI,10,54,2,4,55,inf
qLogEI,10,54,2,4,56,inf
qLogEI,10,54,2,4,57,inf
qLogEI,10,54,2,4,58,inf
qLogEI,10,54,2,4,59,inf
qLogEI,10,54,2,4,60,inf
qLogEI,10,54,2,4,61,inf
qLogEI,10,54,2,4,62,inf
qLogEI,10,54,2,4,63,inf
qLogEI,10,54,2,4,64,inf
qLogEI,10,54,2,4,65,inf
qLogEI,10,54,2,4,66,inf
qLogEI,10,54,2,4,67,inf
qLogEI,10,54,2,4,68,inf
qLogEI,10,54,2,4,69,inf
qLogEI,10,54,2,4,70,inf
qLogEI,10,54,2,4,71,inf
qLogEI,10,54,2,4,72,inf
qLogEI,10,54,2,4,73,inf
qLogEI,10,54,2,4,74,inf
qLogEI,10,54,2,4,75,inf
qLogEI,10,54,2,4,76,inf
qLogEI,10,54,2,4,77,inf
qLogEI,10,54,2,4,78,inf
qLogEI,10,54,2,4,79,inf
qLogEI,10,54,2,4,80,inf
qLogEI,10,54,2,4,81,inf
qLogEI,10,54,2,4,82,inf
qLogEI,10,54,2,4,83,inf
qLogEI,10,54,2,4,84,inf
qLogEI,10,54,2,4,85,inf
qLogEI,10,54,2,4,86,inf
qLogEI,10,54,2,4,87,inf
qLogEI,10,54,2,4,88,inf
qLogEI,10,54,2,4,89,inf
qLogEI,10,54,2,4,90,inf
qLogEI,10,54,2,4,91,inf
qLogEI,10,54,2,4,92,inf
qLogEI,10,54,2,4,93,inf
qLogEI,10,54,2,4,94,inf
qLogEI,10,54,2,4,95,inf
qLogEI,10,54,2,4,96,inf
qLogEI,10,54,2,4,97,inf
qLogEI,10,54,2,4,98,inf
qLogEI,10,54,2,4,99,inf
qLogEI,10,54,2,4,100,inf
RL_Full,10,54,2,4,1,inf
RL_Full,10,54,2,4,2,inf
RL_Full,10,54,2,4,3,inf
RL_Full,10,54,2,4,4,inf
RL_Full,10,54,2,4,5,inf
RL_Full,10,54,2,4,6,inf
RL_Full,10,54,2,4,7,inf
RL_Full,10,54,2,4,8,inf
RL_Full,10,54,2,4,9,inf
RL_Full,10,54,2,4,10,inf
RL_Full,10,54,2,4,11,inf
RL_Full,10,54,2,4,12,inf
RL_Full,10,54,2,4,13,inf
RL_Full,10,54,2,4,14,inf
RL_Full,10,54,2,4,15,inf
RL_Full,10,54,2,4,16,inf
RL_Full,10,54,2,4,17,inf
RL_Full,10,54,2,4,18,inf
RL_Full,10,54,2,4,19,inf
RL_Full,10,54,2,4,20,inf
RL_Full,10,54,2,4,21,inf
RL_Full,10,54,2,4,22,inf
RL_Full,10,54,2,4,23,inf
RL_Full,10,54,2,4,24,inf
RL_Full,10,54,2,4,25,inf
RL_Full,10,54,2,4,26,inf
RL_Full,10,54,2,4,27,inf
RL_Full,10,54,2,4,28,inf
RL_Full,10,54,2,4,29,inf
RL_Full,10,54,2,4,30,inf
RL_Full,10,54,2,4,31,inf
RL_Full,10,54,2,4,32,inf
RL_Full,10,54,2,4,33,inf
RL_Full,10,54,2,4,34,inf
RL_Full,10,54,2,4,35,inf
RL_Full,10,54,2,4,36,inf
RL_Full,10,54,2,4,37,inf
RL_Full,10,54,2,4,38,inf
RL_Full,10,54,2,4,39,inf
RL_Full,10,54,2,4,40,inf
RL_Full,10,54,2,4,41,inf
RL_Full,10,54,2,4,42,inf
RL_Full,10,54,2,4,43,inf
RL_Full,10,54,2,4,44,inf
RL_Full,10,54,2,4,45,inf
RL_Full,10,54,2,4,46,inf
RL_Full,10,54,2,4,47,inf
RL_Full,10,54,2,4,48,inf
RL_Full,10,54,2,4,49,inf
RL_Full,10,54,2,4,50,inf
RL_Full,10,54,2,4,51,inf
RL_Full,10,54,2,4,52,inf
RL_Full,10,54,2,4,53,inf
RL_Full,10,54,2,4,54,inf
RL_Full,10,54,2,4,55,inf
RL_Full,10,54,2,4,56,inf
RL_Full,10,54,2,4,57,inf
RL_Full,10,54,2,4,58,inf
RL_Full,10,54,2,4,59,inf
RL_Full,10,54,2,4,60,inf
RL_Full,10,54,2,4,61,inf
RL_Full,10,54,2,4,62,inf
RL_Full,10,54,2,4,63,inf
RL_Full,10,54,2,4,64,inf
RL_Full,10,54,2,4,65,inf
RL_Full,10,54,2,4,66,inf
RL_Full,10,54,2,4,67,inf
RL_Full,10,54,2,4,68,inf
RL_Full,10,54,2,4,69,inf
RL_Full,10,54,2,4,70,inf
RL_Full,10,54,2,4,71,inf
RL_Full,10,54,2,4,72,inf
RL_Full,10,54,2,4,73,inf
RL_Full,10,54,2,4,74,inf
RL_Full,10,54,2,4,75,inf
RL_Full,10,54,2,4,76,inf
RL_Full,10,54,2,4,77,inf
RL_Full,10,54,2,4,78,inf
RL_Full,10,54,2,4,79,inf
RL_Full,10,54,2,4,80,inf
RL_Full,10,54,2,4,81,inf
RL_Full,10,54,2,4,82,inf
RL_Full,10,54,2,4,83,inf
RL_Full,10,54,2,4,84,inf
RL_Full,10,54,2,4,85,inf
RL_Full,10,54,2,4,86,inf
RL_Full,10,54,2,4,87,inf
RL_Full,10,54,2,4,88,inf
RL_Full,10,54,2,4,89,inf
RL_Full,10,54,2,4,90,inf
RL_Full,10,54,2,4,91,inf
RL_Full,10,54,2,4,92,inf
RL_Full,10,54,2,4,93,inf
RL_Full,10,54,2,4,94,inf
RL_Full,10,54,2,4,95,inf
RL_Full,10,54,2,4,96,inf
RL_Full,10,54,2,4,97,inf
RL_Full,10,54,2,4,98,inf
RL_Full,10,54,2,4,99,inf
RL_Full,10,54,2,4,100,inf
Random,10,54,3,0,1,inf
Random,10,54,3,0,2,inf
Random,10,54,3,0,3,inf
Random,10,54,3,0,4,inf
Random,10,54,3,0,5,inf
Random,10,54,3,0,6,inf
Random,10,54,3,0,7,inf
Random,10,54,3,0,8,inf
Random,10,54,3,0,9,inf
Random,10,54,3,0,10,inf
Random,10,54,3,0,11,inf
Random,10,54,3,0,12,inf
Random,10,54,3,0,13,inf
Random,10,54,3,0,14,inf
Random,10,54,3,0,15,inf
Random,10,54,3,0,16,inf
Random,10,54,3,0,17,inf
Random,10,54,3,0,18,inf
Random,10,54,3,0,19,inf
Random,10,54,3,0,20,inf
Random,10,54,3,0,21,inf
Random,10,54,3,0,22,inf
Random,10,54,3,0,23,inf
Random,10,54,3,0,24,inf
Random,10,54,3,0,25,inf
Random,10,54,3,0,26,inf
Random,10,54,3,0,27,inf
Random,10,54,3,0,28,inf
Random,10,54,3,0,29,inf
Random,10,54,3,0,30,inf
Random,10,54,3,0,31,inf
Random,10,54,3,0,32,inf
Random,10,54,3,0,33,inf
Random,10,54,3,0,34,inf
Random,10,54,3,0,35,inf
Random,10,54,3,0,36,inf
Random,10,54,3,0,37,inf
Random,10,54,3,0,38,inf
Random,10,54,3,0,39,inf
Random,10,54,3,0,40,inf
Random,10,54,3,0,41,inf
Random,10,54,3,0,42,inf
Random,10,54,3,0,43,inf
Random,10,54,3,0,44,inf
Random,10,54,3,0,45,inf
Random,10,54,3,0,46,inf
Random,10,54,3,0,47,inf
Random,10,54,3,0,48,inf
Random,10,54,3,0,49,inf
Random,10,54,3,0,50,inf
Random,10,54,3,0,51,inf
Random,10,54,3,0,52,inf
Random,10,54,3,0,53,inf
Random,10,54,3,0,54,inf
Random,10,54,3,0,55,inf
Random,10,54,3,0,56,inf
Random,10,54,3,0,57,inf
Random,10,54,3,0,58,inf
Random,10,54,3,0,59,inf
Random,10,54,3,0,60,inf
Random,10,54,3,0,61,inf
Random,10,54,3,0,62,inf
Random,10,54,3,0,63,inf
Random,10,54,3,0,64,inf
Random,10,54,3,0,65,inf
Random,10,54,3,0,66,inf
Random,10,54,3,0,67,inf
Random,10,54,3,0,68,inf
Random,10,54,3,0,69,inf
Random,10,54,3,0,70,inf
Random,10,54,3,0,71,inf
Random,10,54,3,0,72,inf
Random,10,54,3,0,73,inf
Random,10,54,3,0,74,inf
Random,10,54,3,0,75,inf
Random,10,54,3,0,76,inf
Random,10,54,3,0,77,inf
Random,10,54,3,0,78,inf
Random,10,54,3,0,79,inf
Random,10,54,3,0,80,inf
Random,10,54,3,0,81,inf
Random,10,54,3,0,82,inf
Random,10,54,3,0,83,inf
Random,10,54,3,0,84,inf
Random,10,54,3,0,85,inf
Random,10,54,3,0,86,inf
Random,10,54,3,0,87,inf
Random,10,54,3,0,88,inf
Random,10,54,3,0,89,inf
Random,10,54,3,0,90,inf
Random,10,54,3,0,91,inf
Random,10,54,3,0,92,inf
Random,10,54,3,0,93,inf
Random,10,54,3,0,94,inf
Random,10,54,3,0,95,inf
Random,10,54,3,0,96,inf
Random,10,54,3,0,97,inf
Random,10,54,3,0,98,inf
Random,10,54,3,0,99,inf
Random,10,54,3,0,100,inf
qLogEI,10,54,3,0,1,inf
qLogEI,10,54,3,0,2,inf
qLogEI,10,54,3,0,3,inf
qLogEI,10,54,3,0,4,inf
qLogEI,10,54,3,0,5,inf
qLogEI,10,54,3,0,6,inf
qLogEI,10,54,3,0,7,inf
qLogEI,10,54,3,0,8,inf
qLogEI,10,54,3,0,9,inf
qLogEI,10,54,3,0,10,inf
qLogEI,10,54,3,0,11,inf
qLogEI,10,54,3,0,12,inf
qLogEI,10,54,3,0,13,inf
qLogEI,10,54,3,0,14,inf
qLogEI,10,54,3,0,15,inf
qLogEI,10,54,3,0,16,inf
qLogEI,10,54,3,0,17,inf
qLogEI,10,54,3,0,18,inf
qLogEI,10,54,3,0,19,inf
qLogEI,10,54,3,0,20,inf
qLogEI,10,54,3,0,21,inf
qLogEI,10,54,3,0,22,inf
qLogEI,10,54,3,0,23,inf
qLogEI,10,54,3,0,24,inf
qLogEI,10,54,3,0,25,inf
qLogEI,10,54,3,0,26,inf
qLogEI,10,54,3,0,27,inf
qLogEI,10,54,3,0,28,inf
qLogEI,10,54,3,0,29,inf
qLogEI,10,54,3,0,30,inf
qLogEI,10,54,3,0,31,inf
qLogEI,10,54,3,0,32,inf
qLogEI,10,54,3,0,33,inf
qLogEI,10,54,3,0,34,inf
qLogEI,10,54,3,0,35,inf
qLogEI,10,54,3,0,36,inf
qLogEI,10,54,3,0,37,inf
qLogEI,10,54,3,0,38,inf
qLogEI,10,54,3,0,39,inf
qLogEI,10,54,3,0,40,inf
qLogEI,10,54,3,0,41,inf
qLogEI,10,54,3,0,42,inf
qLogEI,10,54,3,0,43,inf
qLogEI,10,54,3,0,44,inf
qLogEI,10,54,3,0,45,inf
qLogEI,10,54,3,0,46,inf
qLogEI,10,54,3,0,47,inf
qLogEI,10,54,3,0,48,inf
qLogEI,10,54,3,0,49,inf
qLogEI,10,54,3,0,50,inf
qLogEI,10,54,3,0,51,inf
qLogEI,10,54,3,0,52,inf
qLogEI,10,54,3,0,53,inf
qLogEI,10,54,3,0,54,inf
qLogEI,10,54,3,0,55,inf
qLogEI,10,54,3,0,56,inf
qLogEI,10,54,3,0,57,inf
qLogEI,10,54,3,0,58,inf
qLogEI,10,54,3,0,59,inf
qLogEI,10,54,3,0,60,inf
qLogEI,10,54,3,0,61,inf
qLogEI,10,54,3,0,62,inf
qLogEI,10,54,3,0,63,inf
qLogEI,10,54,3,0,64,inf
qLogEI,10,54,3,0,65,inf
qLogEI,10,54,3,0,66,inf
qLogEI,10,54,3,0,67,inf
qLogEI,10,54,3,0,68,inf
qLogEI,10,54,3,0,69,inf
qLogEI,10,54,3,0,70,inf
qLogEI,10,54,3,0,71,inf
qLogEI,10,54,3,0,72,inf
qLogEI,10,54,3,0,73,inf
qLogEI,10,54,3,0,74,inf
qLogEI,10,54,3,0,75,inf
qLogEI,10,54,3,0,76,inf
qLogEI,10,54,3,0,77,inf
qLogEI,10,54,3,0,78,inf
qLogEI,10,54,3,0,79,inf
qLogEI,10,54,3,0,80,inf
qLogEI,10,54,3,0,81,inf
qLogEI,10,54,3,0,82,inf
qLogEI,10,54,3,0,83,inf
qLogEI,10,54,3,0,84,inf
qLogEI,10,54,3,0,85,inf
qLogEI,10,54,3,0,86,inf
qLogEI,10,54,3,0,87,inf
qLogEI,10,54,3,0,88,inf
qLogEI,10,54,3,0,89,inf
qLogEI,10,54,3,0,90,inf
qLogEI,10,54,3,0,91,inf
qLogEI,10,54,3,0,92,inf
qLogEI,10,54,3,0,93,inf
qLogEI,10,54,3,0,94,inf
qLogEI,10,54,3,0,95,inf
qLogEI,10,54,3,0,96,inf
qLogEI,10,54,3,0,97,inf
qLogEI,10,54,3,0,98,inf
qLogEI,10,54,3,0,99,inf
qLogEI,10,54,3,0,100,inf
RL_Full,10,54,3,0,1,inf
RL_Full,10,54,3,0,2,inf
RL_Full,10,54,3,0,3,inf
RL_Full,10,54,3,0,4,inf
RL_Full,10,54,3,0,5,inf
RL_Full,10,54,3,0,6,inf
RL_Full,10,54,3,0,7,inf
RL_Full,10,54,3,0,8,inf
RL_Full,10,54,3,0,9,inf
RL_Full,10,54,3,0,10,inf
RL_Full,10,54,3,0,11,inf
RL_Full,10,54,3,0,12,inf
RL_Full,10,54,3,0,13,inf
RL_Full,10,54,3,0,14,inf
RL_Full,10,54,3,0,15,inf
RL_Full,10,54,3,0,16,inf
RL_Full,10,54,3,0,17,inf
RL_Full,10,54,3,0,18,inf
RL_Full,10,54,3,0,19,inf
RL_Full,10,54,3,0,20,inf
RL_Full,10,54,3,0,21,inf
RL_Full,10,54,3,0,22,inf
RL_Full,10,54,3,0,23,inf
RL_Full,10,54,3,0,24,inf
RL_Full,10,54,3,0,25,inf
RL_Full,10,54,3,0,26,inf
RL_Full,10,54,3,0,27,inf
RL_Full,10,54,3,0,28,inf
RL_Full,10,54,3,0,29,inf
RL_Full,10,54,3,0,30,inf
RL_Full,10,54,3,0,31,inf
RL_Full,10,54,3,0,32,inf
RL_Full,10,54,3,0,33,inf
RL_Full,10,54,3,0,34,inf
RL_Full,10,54,3,0,35,inf
RL_Full,10,54,3,0,36,inf
RL_Full,10,54,3,0,37,inf
RL_Full,10,54,3,0,38,inf
RL_Full,10,54,3,0,39,inf
RL_Full,10,54,3,0,40,inf
RL_Full,10,54,3,0,41,inf
RL_Full,10,54,3,0,42,inf
RL_Full,10,54,3,0,43,inf
RL_Full,10,54,3,0,44,inf
RL_Full,10,54,3,0,45,inf
RL_Full,10,54,3,0,46,inf
RL_Full,10,54,3,0,47,inf
RL_Full,10,54,3,0,48,inf
RL_Full,10,54,3,0,49,inf
RL_Full,10,54,3,0,50,inf
RL_Full,10,54,3,0,51,inf
RL_Full,10,54,3,0,52,inf
RL_Full,10,54,3,0,53,inf
RL_Full,10,54,3,0,54,inf
RL_Full,10,54,3,0,55,inf
RL_Full,10,54,3,0,56,inf
RL_Full,10,54,3,0,57,inf
RL_Full,10,54,3,0,58,inf
RL_Full,10,54,3,0,59,inf
RL_Full,10,54,3,0,60,inf
RL_Full,10,54,3,0,61,inf
RL_Full,10,54,3,0,62,inf
RL_Full,10,54,3,0,63,inf
RL_Full,10,54,3,0,64,inf
RL_Full,10,54,3,0,65,inf
RL_Full,10,54,3,0,66,inf
RL_Full,10,54,3,0,67,inf
RL_Full,10,54,3,0,68,inf
RL_Full,10,54,3,0,69,inf
RL_Full,10,54,3,0,70,inf
RL_Full,10,54,3,0,71,inf
RL_Full,10,54,3,0,72,inf
RL_Full,10,54,3,0,73,inf
RL_Full,10,54,3,0,74,inf
RL_Full,10,54,3,0,75,inf
RL_Full,10,54,3,0,76,inf
RL_Full,10,54,3,0,77,inf
RL_Full,10,54,3,0,78,inf
RL_Full,10,54,3,0,79,inf
RL_Full,10,54,3,0,80,inf
RL_Full,10,54,3,0,81,inf
RL_Full,10,54,3,0,82,inf
RL_Full,10,54,3,0,83,inf
RL_Full,10,54,3,0,84,inf
RL_Full,10,54,3,0,85,inf
RL_Full,10,54,3,0,86,inf
RL_Full,10,54,3,0,87,inf
RL_Full,10,54,3,0,88,inf
RL_Full,10,54,3,0,89,inf
RL_Full,10,54,3,0,90,inf
RL_Full,10,54,3,0,91,inf
RL_Full,10,54,3,0,92,inf
RL_Full,10,54,3,0,93,inf
RL_Full,10,54,3,0,94,inf
RL_Full,10,54,3,0,95,inf
RL_Full,10,54,3,0,96,inf
RL_Full,10,54,3,0,97,inf
RL_Full,10,54,3,0,98,inf
RL_Full,10,54,3,0,99,inf
RL_Full,10,54,3,0,100,inf
Random,10,54,3,1,1,inf
Random,10,54,3,1,2,inf
Random,10,54,3,1,3,inf
Random,10,54,3,1,4,inf
Random,10,54,3,1,5,inf
Random,10,54,3,1,6,inf
Random,10,54,3,1,7,inf
Random,10,54,3,1,8,inf
Random,10,54,3,1,9,inf
Random,10,54,3,1,10,inf
Random,10,54,3,1,11,inf
Random,10,54,3,1,12,inf
Random,10,54,3,1,13,inf
Random,10,54,3,1,14,inf
Random,10,54,3,1,15,inf
Random,10,54,3,1,16,inf
Random,10,54,3,1,17,inf
Random,10,54,3,1,18,inf
Random,10,54,3,1,19,inf
Random,10,54,3,1,20,inf
Random,10,54,3,1,21,inf
Random,10,54,3,1,22,inf
Random,10,54,3,1,23,inf
Random,10,54,3,1,24,inf
Random,10,54,3,1,25,inf
Random,10,54,3,1,26,inf
Random,10,54,3,1,27,inf
Random,10,54,3,1,28,inf
Random,10,54,3,1,29,inf
Random,10,54,3,1,30,inf
Random,10,54,3,1,31,inf
Random,10,54,3,1,32,inf
Random,10,54,3,1,33,inf
Random,10,54,3,1,34,inf
Random,10,54,3,1,35,inf
Random,10,54,3,1,36,inf
Random,10,54,3,1,37,inf
Random,10,54,3,1,38,inf
Random,10,54,3,1,39,inf
Random,10,54,3,1,40,inf
Random,10,54,3,1,41,inf
Random,10,54,3,1,42,inf
Random,10,54,3,1,43,inf
Random,10,54,3,1,44,inf
Random,10,54,3,1,45,inf
Random,10,54,3,1,46,inf
Random,10,54,3,1,47,inf
Random,10,54,3,1,48,inf
Random,10,54,3,1,49,inf
Random,10,54,3,1,50,inf
Random,10,54,3,1,51,inf
Random,10,54,3,1,52,inf
Random,10,54,3,1,53,inf
Random,10,54,3,1,54,inf
Random,10,54,3,1,55,inf
Random,10,54,3,1,56,inf
Random,10,54,3,1,57,inf
Random,10,54,3,1,58,inf
Random,10,54,3,1,59,inf
Random,10,54,3,1,60,inf
Random,10,54,3,1,61,inf
Random,10,54,3,1,62,inf
Random,10,54,3,1,63,inf
Random,10,54,3,1,64,inf
Random,10,54,3,1,65,inf
Random,10,54,3,1,66,inf
Random,10,54,3,1,67,inf
Random,10,54,3,1,68,inf
Random,10,54,3,1,69,inf
Random,10,54,3,1,70,inf
Random,10,54,3,1,71,inf
Random,10,54,3,1,72,inf
Random,10,54,3,1,73,inf
Random,10,54,3,1,74,inf
Random,10,54,3,1,75,inf
Random,10,54,3,1,76,inf
Random,10,54,3,1,77,inf
Random,10,54,3,1,78,inf
Random,10,54,3,1,79,inf
Random,10,54,3,1,80,inf
Random,10,54,3,1,81,inf
Random,10,54,3,1,82,inf
Random,10,54,3,1,83,inf
Random,10,54,3,1,84,inf
Random,10,54,3,1,85,inf
Random,10,54,3,1,86,inf
Random,10,54,3,1,87,inf
Random,10,54,3,1,88,inf
Random,10,54,3,1,89,inf
Random,10,54,3,1,90,inf
Random,10,54,3,1,91,inf
Random,10,54,3,1,92,inf
Random,10,54,3,1,93,inf
Random,10,54,3,1,94,inf
Random,10,54,3,1,95,inf
Random,10,54,3,1,96,inf
Random,10,54,3,1,97,inf
Random,10,54,3,1,98,inf
Random,10,54,3,1,99,inf
Random,10,54,3,1,100,inf
qLogEI,10,54,3,1,1,inf
qLogEI,10,54,3,1,2,inf
qLogEI,10,54,3,1,3,inf
qLogEI,10,54,3,1,4,inf
qLogEI,10,54,3,1,5,inf
qLogEI,10,54,3,1,6,inf
qLogEI,10,54,3,1,7,inf
qLogEI,10,54,3,1,8,inf
qLogEI,10,54,3,1,9,inf
qLogEI,10,54,3,1,10,inf
qLogEI,10,54,3,1,11,inf
qLogEI,10,54,3,1,12,inf
qLogEI,10,54,3,1,13,inf
qLogEI,10,54,3,1,14,inf
qLogEI,10,54,3,1,15,inf
qLogEI,10,54,3,1,16,inf
qLogEI,10,54,3,1,17,inf
qLogEI,10,54,3,1,18,inf
qLogEI,10,54,3,1,19,inf
qLogEI,10,54,3,1,20,inf
qLogEI,10,54,3,1,21,inf
qLogEI,10,54,3,1,22,inf
qLogEI,10,54,3,1,23,inf
qLogEI,10,54,3,1,24,inf
qLogEI,10,54,3,1,25,inf
qLogEI,10,54,3,1,26,inf
qLogEI,10,54,3,1,27,inf
qLogEI,10,54,3,1,28,inf
qLogEI,10,54,3,1,29,inf
qLogEI,10,54,3,1,30,inf
qLogEI,10,54,3,1,31,inf
qLogEI,10,54,3,1,32,inf
qLogEI,10,54,3,1,33,inf
qLogEI,10,54,3,1,34,inf
qLogEI,10,54,3,1,35,inf
qLogEI,10,54,3,1,36,inf
qLogEI,10,54,3,1,37,inf
qLogEI,10,54,3,1,38,inf
qLogEI,10,54,3,1,39,inf
qLogEI,10,54,3,1,40,inf
qLogEI,10,54,3,1,41,inf
qLogEI,10,54,3,1,42,inf
qLogEI,10,54,3,1,43,inf
qLogEI,10,54,3,1,44,inf
qLogEI,10,54,3,1,45,inf
qLogEI,10,54,3,1,46,inf
qLogEI,10,54,3,1,47,inf
qLogEI,10,54,3,1,48,inf
qLogEI,10,54,3,1,49,inf
qLogEI,10,54,3,1,50,inf
qLogEI,10,54,3,1,51,inf
qLogEI,10,54,3,1,52,inf
qLogEI,10,54,3,1,53,inf
qLogEI,10,54,3,1,54,inf
qLogEI,10,54,3,1,55,inf
qLogEI,10,54,3,1,56,inf
qLogEI,10,54,3,1,57,inf
qLogEI,10,54,3,1,58,inf
qLogEI,10,54,3,1,59,inf
qLogEI,10,54,3,1,60,inf
qLogEI,10,54,3,1,61,inf
qLogEI,10,54,3,1,62,inf
qLogEI,10,54,3,1,63,inf
qLogEI,10,54,3,1,64,inf
qLogEI,10,54,3,1,65,inf
qLogEI,10,54,3,1,66,inf
qLogEI,10,54,3,1,67,inf
qLogEI,10,54,3,1,68,inf
qLogEI,10,54,3,1,69,inf
qLogEI,10,54,3,1,70,inf
qLogEI,10,54,3,1,71,inf
qLogEI,10,54,3,1,72,inf
qLogEI,10,54,3,1,73,inf
qLogEI,10,54,3,1,74,inf
qLogEI,10,54,3,1,75,inf
qLogEI,10,54,3,1,76,inf
qLogEI,10,54,3,1,77,inf
qLogEI,10,54,3,1,78,inf
qLogEI,10,54,3,1,79,inf
qLogEI,10,54,3,1,80,inf
qLogEI,10,54,3,1,81,inf
qLogEI,10,54,3,1,82,inf
qLogEI,10,54,3,1,83,inf
qLogEI,10,54,3,1,84,inf
qLogEI,10,54,3,1,85,inf
qLogEI,10,54,3,1,86,inf
qLogEI,10,54,3,1,87,inf
qLogEI,10,54,3,1,88,inf
qLogEI,10,54,3,1,89,inf
qLogEI,10,54,3,1,90,inf
qLogEI,10,54,3,1,91,inf
qLogEI,10,54,3,1,92,inf
qLogEI,10,54,3,1,93,inf
qLogEI,10,54,3,1,94,inf
qLogEI,10,54,3,1,95,inf
qLogEI,10,54,3,1,96,inf
qLogEI,10,54,3,1,97,inf
qLogEI,10,54,3,1,98,inf
qLogEI,10,54,3,1,99,inf
qLogEI,10,54,3,1,100,inf
RL_Full,10,54,3,1,1,inf
RL_Full,10,54,3,1,2,inf
RL_Full,10,54,3,1,3,inf
RL_Full,10,54,3,1,4,inf
RL_Full,10,54,3,1,5,inf
RL_Full,10,54,3,1,6,inf
RL_Full,10,54,3,1,7,inf
RL_Full,10,54,3,1,8,inf
RL_Full,10,54,3,1,9,inf
RL_Full,10,54,3,1,10,inf
RL_Full,10,54,3,1,11,inf
RL_Full,10,54,3,1,12,inf
RL_Full,10,54,3,1,13,inf
RL_Full,10,54,3,1,14,inf
RL_Full,10,54,3,1,15,inf
RL_Full,10,54,3,1,16,inf
RL_Full,10,54,3,1,17,inf
RL_Full,10,54,3,1,18,inf
RL_Full,10,54,3,1,19,inf
RL_Full,10,54,3,1,20,inf
RL_Full,10,54,3,1,21,inf
RL_Full,10,54,3,1,22,inf
RL_Full,10,54,3,1,23,inf
RL_Full,10,54,3,1,24,inf
RL_Full,10,54,3,1,25,inf
RL_Full,10,54,3,1,26,inf
RL_Full,10,54,3,1,27,inf
RL_Full,10,54,3,1,28,inf
RL_Full,10,54,3,1,29,inf
RL_Full,10,54,3,1,30,inf
RL_Full,10,54,3,1,31,inf
RL_Full,10,54,3,1,32,inf
RL_Full,10,54,3,1,33,inf
RL_Full,10,54,3,1,34,inf
RL_Full,10,54,3,1,35,inf
RL_Full,10,54,3,1,36,inf
RL_Full,10,54,3,1,37,inf
RL_Full,10,54,3,1,38,inf
RL_Full,10,54,3,1,39,inf
RL_Full,10,54,3,1,40,inf
RL_Full,10,54,3,1,41,inf
RL_Full,10,54,3,1,42,inf
RL_Full,10,54,3,1,43,inf
RL_Full,10,54,3,1,44,inf
RL_Full,10,54,3,1,45,inf
RL_Full,10,54,3,1,46,inf
RL_Full,10,54,3,1,47,inf
RL_Full,10,54,3,1,48,inf
RL_Full,10,54,3,1,49,inf
RL_Full,10,54,3,1,50,inf
RL_Full,10,54,3,1,51,inf
RL_Full,10,54,3,1,52,inf
RL_Full,10,54,3,1,53,inf
RL_Full,10,54,3,1,54,inf
RL_Full,10,54,3,1,55,inf
RL_Full,10,54,3,1,56,inf
RL_Full,10,54,3,1,57,inf
RL_Full,10,54,3,1,58,inf
RL_Full,10,54,3,1,59,inf
RL_Full,10,54,3,1,60,inf
RL_Full,10,54,3,1,61,inf
RL_Full,10,54,3,1,62,inf
RL_Full,10,54,3,1,63,inf
RL_Full,10,54,3,1,64,inf
RL_Full,10,54,3,1,65,inf
RL_Full,10,54,3,1,66,inf
RL_Full,10,54,3,1,67,inf
RL_Full,10,54,3,1,68,inf
RL_Full,10,54,3,1,69,inf
RL_Full,10,54,3,1,70,inf
RL_Full,10,54,3,1,71,inf
RL_Full,10,54,3,1,72,inf
RL_Full,10,54,3,1,73,inf
RL_Full,10,54,3,1,74,inf
RL_Full,10,54,3,1,75,inf
RL_Full,10,54,3,1,76,inf
RL_Full,10,54,3,1,77,inf
RL_Full,10,54,3,1,78,inf
RL_Full,10,54,3,1,79,inf
RL_Full,10,54,3,1,80,inf
RL_Full,10,54,3,1,81,inf
RL_Full,10,54,3,1,82,inf
RL_Full,10,54,3,1,83,inf
RL_Full,10,54,3,1,84,inf
RL_Full,10,54,3,1,85,inf
RL_Full,10,54,3,1,86,inf
RL_Full,10,54,3,1,87,inf
RL_Full,10,54,3,1,88,inf
RL_Full,10,54,3,1,89,inf
RL_Full,10,54,3,1,90,inf
RL_Full,10,54,3,1,91,inf
RL_Full,10,54,3,1,92,inf
RL_Full,10,54,3,1,93,inf
RL_Full,10,54,3,1,94,inf
RL_Full,10,54,3,1,95,inf
RL_Full,10,54,3,1,96,inf
RL_Full,10,54,3,1,97,inf
RL_Full,10,54,3,1,98,inf
RL_Full,10,54,3,1,99,inf
RL_Full,10,54,3,1,100,inf
Random,10,54,3,2,1,inf
Random,10,54,3,2,2,inf
Random,10,54,3,2,3,inf
Random,10,54,3,2,4,inf
Random,10,54,3,2,5,inf
Random,10,54,3,2,6,inf
Random,10,54,3,2,7,inf
Random,10,54,3,2,8,inf
Random,10,54,3,2,9,inf
Random,10,54,3,2,10,inf
Random,10,54,3,2,11,inf
Random,10,54,3,2,12,inf
Random,10,54,3,2,13,inf
Random,10,54,3,2,14,inf
Random,10,54,3,2,15,inf
Random,10,54,3,2,16,inf
Random,10,54,3,2,17,inf
Random,10,54,3,2,18,inf
Random,10,54,3,2,19,inf
Random,10,54,3,2,20,inf
Random,10,54,3,2,21,inf
Random,10,54,3,2,22,inf
Random,10,54,3,2,23,inf
Random,10,54,3,2,24,inf
Random,10,54,3,2,25,inf
Random,10,54,3,2,26,inf
Random,10,54,3,2,27,inf
Random,10,54,3,2,28,inf
Random,10,54,3,2,29,inf
Random,10,54,3,2,30,inf
Random,10,54,3,2,31,inf
Random,10,54,3,2,32,inf
Random,10,54,3,2,33,inf
Random,10,54,3,2,34,inf
Random,10,54,3,2,35,inf
Random,10,54,3,2,36,inf
Random,10,54,3,2,37,inf
Random,10,54,3,2,38,inf
Random,10,54,3,2,39,inf
Random,10,54,3,2,40,inf
Random,10,54,3,2,41,inf
Random,10,54,3,2,42,inf
Random,10,54,3,2,43,inf
Random,10,54,3,2,44,inf
Random,10,54,3,2,45,inf
Random,10,54,3,2,46,inf
Random,10,54,3,2,47,inf
Random,10,54,3,2,48,inf
Random,10,54,3,2,49,inf
Random,10,54,3,2,50,inf
Random,10,54,3,2,51,inf
Random,10,54,3,2,52,inf
Random,10,54,3,2,53,inf
Random,10,54,3,2,54,inf
Random,10,54,3,2,55,inf
Random,10,54,3,2,56,inf
Random,10,54,3,2,57,inf
Random,10,54,3,2,58,inf
Random,10,54,3,2,59,inf
Random,10,54,3,2,60,inf
Random,10,54,3,2,61,inf
Random,10,54,3,2,62,inf
Random,10,54,3,2,63,inf
Random,10,54,3,2,64,inf
Random,10,54,3,2,65,inf
Random,10,54,3,2,66,inf
Random,10,54,3,2,67,inf
Random,10,54,3,2,68,inf
Random,10,54,3,2,69,inf
Random,10,54,3,2,70,inf
Random,10,54,3,2,71,inf
Random,10,54,3,2,72,inf
Random,10,54,3,2,73,inf
Random,10,54,3,2,74,inf
Random,10,54,3,2,75,inf
Random,10,54,3,2,76,inf
Random,10,54,3,2,77,inf
Random,10,54,3,2,78,inf
Random,10,54,3,2,79,inf
Random,10,54,3,2,80,inf
Random,10,54,3,2,81,inf
Random,10,54,3,2,82,inf
Random,10,54,3,2,83,inf
Random,10,54,3,2,84,inf
Random,10,54,3,2,85,inf
Random,10,54,3,2,86,inf
Random,10,54,3,2,87,inf
Random,10,54,3,2,88,inf
Random,10,54,3,2,89,inf
Random,10,54,3,2,90,inf
Random,10,54,3,2,91,inf
Random,10,54,3,2,92,inf
Random,10,54,3,2,93,inf
Random,10,54,3,2,94,inf
Random,10,54,3,2,95,inf
Random,10,54,3,2,96,inf
Random,10,54,3,2,97,inf
Random,10,54,3,2,98,inf
Random,10,54,3,2,99,inf
Random,10,54,3,2,100,inf
qLogEI,10,54,3,2,1,inf
qLogEI,10,54,3,2,2,inf
qLogEI,10,54,3,2,3,inf
qLogEI,10,54,3,2,4,inf
qLogEI,10,54,3,2,5,inf
qLogEI,10,54,3,2,6,inf
qLogEI,10,54,3,2,7,inf
qLogEI,10,54,3,2,8,inf
qLogEI,10,54,3,2,9,inf
qLogEI,10,54,3,2,10,inf
qLogEI,10,54,3,2,11,inf
qLogEI,10,54,3,2,12,inf
qLogEI,10,54,3,2,13,inf
qLogEI,10,54,3,2,14,inf
qLogEI,10,54,3,2,15,inf
qLogEI,10,54,3,2,16,inf
qLogEI,10,54,3,2,17,inf
qLogEI,10,54,3,2,18,inf
qLogEI,10,54,3,2,19,inf
qLogEI,10,54,3,2,20,inf
qLogEI,10,54,3,2,21,inf
qLogEI,10,54,3,2,22,inf
qLogEI,10,54,3,2,23,inf
qLogEI,10,54,3,2,24,inf
qLogEI,10,54,3,2,25,inf
qLogEI,10,54,3,2,26,inf
qLogEI,10,54,3,2,27,inf
qLogEI,10,54,3,2,28,inf
qLogEI,10,54,3,2,29,inf
qLogEI,10,54,3,2,30,inf
qLogEI,10,54,3,2,31,inf
qLogEI,10,54,3,2,32,inf
qLogEI,10,54,3,2,33,inf
qLogEI,10,54,3,2,34,inf
qLogEI,10,54,3,2,35,inf
qLogEI,10,54,3,2,36,inf
qLogEI,10,54,3,2,37,inf
qLogEI,10,54,3,2,38,inf
qLogEI,10,54,3,2,39,inf
qLogEI,10,54,3,2,40,inf
qLogEI,10,54,3,2,41,inf
qLogEI,10,54,3,2,42,inf
qLogEI,10,54,3,2,43,inf
qLogEI,10,54,3,2,44,inf
qLogEI,10,54,3,2,45,inf
qLogEI,10,54,3,2,46,inf
qLogEI,10,54,3,2,47,inf
qLogEI,10,54,3,2,48,inf
qLogEI,10,54,3,2,49,inf
qLogEI,10,54,3,2,50,inf
qLogEI,10,54,3,2,51,inf
qLogEI,10,54,3,2,52,inf
qLogEI,10,54,3,2,53,inf
qLogEI,10,54,3,2,54,inf
qLogEI,10,54,3,2,55,inf
qLogEI,10,54,3,2,56,inf
qLogEI,10,54,3,2,57,inf
qLogEI,10,54,3,2,58,inf
qLogEI,10,54,3,2,59,inf
qLogEI,10,54,3,2,60,inf
qLogEI,10,54,3,2,61,inf
qLogEI,10,54,3,2,62,inf
qLogEI,10,54,3,2,63,inf
qLogEI,10,54,3,2,64,inf
qLogEI,10,54,3,2,65,inf
qLogEI,10,54,3,2,66,inf
qLogEI,10,54,3,2,67,inf
qLogEI,10,54,3,2,68,inf
qLogEI,10,54,3,2,69,inf
qLogEI,10,54,3,2,70,inf
qLogEI,10,54,3,2,71,inf
qLogEI,10,54,3,2,72,inf
qLogEI,10,54,3,2,73,inf
qLogEI,10,54,3,2,74,inf
qLogEI,10,54,3,2,75,inf
qLogEI,10,54,3,2,76,inf
qLogEI,10,54,3,2,77,inf
qLogEI,10,54,3,2,78,inf
qLogEI,10,54,3,2,79,inf
qLogEI,10,54,3,2,80,inf
qLogEI,10,54,3,2,81,inf
qLogEI,10,54,3,2,82,inf
qLogEI,10,54,3,2,83,inf
qLogEI,10,54,3,2,84,inf
qLogEI,10,54,3,2,85,inf
qLogEI,10,54,3,2,86,inf
qLogEI,10,54,3,2,87,inf
qLogEI,10,54,3,2,88,inf
qLogEI,10,54,3,2,89,inf
qLogEI,10,54,3,2,90,inf
qLogEI,10,54,3,2,91,inf
qLogEI,10,54,3,2,92,inf
qLogEI,10,54,3,2,93,inf
qLogEI,10,54,3,2,94,inf
qLogEI,10,54,3,2,95,inf
qLogEI,10,54,3,2,96,inf
qLogEI,10,54,3,2,97,inf
qLogEI,10,54,3,2,98,inf
qLogEI,10,54,3,2,99,inf
qLogEI,10,54,3,2,100,inf
RL_Full,10,54,3,2,1,inf
RL_Full,10,54,3,2,2,inf
RL_Full,10,54,3,2,3,inf
RL_Full,10,54,3,2,4,inf
RL_Full,10,54,3,2,5,inf
RL_Full,10,54,3,2,6,inf
RL_Full,10,54,3,2,7,inf
RL_Full,10,54,3,2,8,inf
RL_Full,10,54,3,2,9,inf
RL_Full,10,54,3,2,10,inf
RL_Full,10,54,3,2,11,inf
RL_Full,10,54,3,2,12,inf
RL_Full,10,54,3,2,13,inf
RL_Full,10,54,3,2,14,inf
RL_Full,10,54,3,2,15,inf
RL_Full,10,54,3,2,16,inf
RL_Full,10,54,3,2,17,inf
RL_Full,10,54,3,2,18,inf
RL_Full,10,54,3,2,19,inf
RL_Full,10,54,3,2,20,inf
RL_Full,10,54,3,2,21,inf
RL_Full,10,54,3,2,22,inf
RL_Full,10,54,3,2,23,inf
RL_Full,10,54,3,2,24,inf
RL_Full,10,54,3,2,25,inf
RL_Full,10,54,3,2,26,inf
RL_Full,10,54,3,2,27,inf
RL_Full,10,54,3,2,28,inf
RL_Full,10,54,3,2,29,inf
RL_Full,10,54,3,2,30,inf
RL_Full,10,54,3,2,31,inf
RL_Full,10,54,3,2,32,inf
RL_Full,10,54,3,2,33,inf
RL_Full,10,54,3,2,34,inf
RL_Full,10,54,3,2,35,inf
RL_Full,10,54,3,2,36,inf
RL_Full,10,54,3,2,37,inf
RL_Full,10,54,3,2,38,inf
RL_Full,10,54,3,2,39,inf
RL_Full,10,54,3,2,40,inf
RL_Full,10,54,3,2,41,inf
RL_Full,10,54,3,2,42,inf
RL_Full,10,54,3,2,43,inf
RL_Full,10,54,3,2,44,inf
RL_Full,10,54,3,2,45,inf
RL_Full,10,54,3,2,46,inf
RL_Full,10,54,3,2,47,inf
RL_Full,10,54,3,2,48,inf
RL_Full,10,54,3,2,49,inf
RL_Full,10,54,3,2,50,inf
RL_Full,10,54,3,2,51,inf
RL_Full,10,54,3,2,52,inf
RL_Full,10,54,3,2,53,inf
RL_Full,10,54,3,2,54,inf
RL_Full,10,54,3,2,55,inf
RL_Full,10,54,3,2,56,inf
RL_Full,10,54,3,2,57,inf
RL_Full,10,54,3,2,58,inf
RL_Full,10,54,3,2,59,inf
RL_Full,10,54,3,2,60,inf
RL_Full,10,54,3,2,61,inf
RL_Full,10,54,3,2,62,inf
RL_Full,10,54,3,2,63,inf
RL_Full,10,54,3,2,64,inf
RL_Full,10,54,3,2,65,inf
RL_Full,10,54,3,2,66,inf
RL_Full,10,54,3,2,67,inf
RL_Full,10,54,3,2,68,inf
RL_Full,10,54,3,2,69,inf
RL_Full,10,54,3,2,70,inf
RL_Full,10,54,3,2,71,inf
RL_Full,10,54,3,2,72,inf
RL_Full,10,54,3,2,73,inf
RL_Full,10,54,3,2,74,inf
RL_Full,10,54,3,2,75,inf
RL_Full,10,54,3,2,76,inf
RL_Full,10,54,3,2,77,inf
RL_Full,10,54,3,2,78,inf
RL_Full,10,54,3,2,79,inf
RL_Full,10,54,3,2,80,inf
RL_Full,10,54,3,2,81,inf
RL_Full,10,54,3,2,82,inf
RL_Full,10,54,3,2,83,inf
RL_Full,10,54,3,2,84,inf
RL_Full,10,54,3,2,85,inf
RL_Full,10,54,3,2,86,inf
RL_Full,10,54,3,2,87,inf
RL_Full,10,54,3,2,88,inf
RL_Full,10,54,3,2,89,inf
RL_Full,10,54,3,2,90,inf
RL_Full,10,54,3,2,91,inf
RL_Full,10,54,3,2,92,inf
RL_Full,10,54,3,2,93,inf
RL_Full,10,54,3,2,94,inf
RL_Full,10,54,3,2,95,inf
RL_Full,10,54,3,2,96,inf
RL_Full,10,54,3,2,97,inf
RL_Full,10,54,3,2,98,inf
RL_Full,10,54,3,2,99,inf
RL_Full,10,54,3,2,100,inf
Random,10,54,3,3,1,inf
Random,10,54,3,3,2,inf
Random,10,54,3,3,3,inf
Random,10,54,3,3,4,inf
Random,10,54,3,3,5,inf
Random,10,54,3,3,6,inf
Random,10,54,3,3,7,inf
Random,10,54,3,3,8,inf
Random,10,54,3,3,9,inf
Random,10,54,3,3,10,inf
Random,10,54,3,3,11,inf
Random,10,54,3,3,12,inf
Random,10,54,3,3,13,inf
Random,10,54,3,3,14,inf
Random,10,54,3,3,15,inf
Random,10,54,3,3,16,inf
Random,10,54,3,3,17,inf
Random,10,54,3,3,18,inf
Random,10,54,3,3,19,inf
Random,10,54,3,3,20,inf
Random,10,54,3,3,21,inf
Random,10,54,3,3,22,inf
Random,10,54,3,3,23,inf
Random,10,54,3,3,24,inf
Random,10,54,3,3,25,inf
Random,10,54,3,3,26,inf
Random,10,54,3,3,27,inf
Random,10,54,3,3,28,inf
Random,10,54,3,3,29,inf
Random,10,54,3,3,30,inf
Random,10,54,3,3,31,inf
Random,10,54,3,3,32,inf
Random,10,54,3,3,33,inf
Random,10,54,3,3,34,inf
Random,10,54,3,3,35,inf
Random,10,54,3,3,36,inf
Random,10,54,3,3,37,inf
Random,10,54,3,3,38,inf
Random,10,54,3,3,39,inf
Random,10,54,3,3,40,inf
Random,10,54,3,3,41,inf
Random,10,54,3,3,42,inf
Random,10,54,3,3,43,inf
Random,10,54,3,3,44,inf
Random,10,54,3,3,45,inf
Random,10,54,3,3,46,inf
Random,10,54,3,3,47,inf
Random,10,54,3,3,48,inf
Random,10,54,3,3,49,inf
Random,10,54,3,3,50,inf
Random,10,54,3,3,51,inf
Random,10,54,3,3,52,inf
Random,10,54,3,3,53,inf
Random,10,54,3,3,54,inf
Random,10,54,3,3,55,inf
Random,10,54,3,3,56,inf
Random,10,54,3,3,57,inf
Random,10,54,3,3,58,inf
Random,10,54,3,3,59,inf
Random,10,54,3,3,60,inf
Random,10,54,3,3,61,inf
Random,10,54,3,3,62,inf
Random,10,54,3,3,63,inf
Random,10,54,3,3,64,inf
Random,10,54,3,3,65,inf
Random,10,54,3,3,66,inf
Random,10,54,3,3,67,inf
Random,10,54,3,3,68,inf
Random,10,54,3,3,69,inf
Random,10,54,3,3,70,inf
Random,10,54,3,3,71,inf
Random,10,54,3,3,72,inf
Random,10,54,3,3,73,inf
Random,10,54,3,3,74,inf
Random,10,54,3,3,75,inf
Random,10,54,3,3,76,inf
Random,10,54,3,3,77,inf
Random,10,54,3,3,78,inf
Random,10,54,3,3,79,inf
Random,10,54,3,3,80,inf
Random,10,54,3,3,81,inf
Random,10,54,3,3,82,inf
Random,10,54,3,3,83,inf
Random,10,54,3,3,84,inf
Random,10,54,3,3,85,inf
Random,10,54,3,3,86,inf
Random,10,54,3,3,87,inf
Random,10,54,3,3,88,inf
Random,10,54,3,3,89,inf
Random,10,54,3,3,90,inf
Random,10,54,3,3,91,inf
Random,10,54,3,3,92,inf
Random,10,54,3,3,93,inf
Random,10,54,3,3,94,inf
Random,10,54,3,3,95,inf
Random,10,54,3,3,96,inf
Random,10,54,3,3,97,inf
Random,10,54,3,3,98,inf
Random,10,54,3,3,99,inf
Random,10,54,3,3,100,inf
qLogEI,10,54,3,3,1,inf
qLogEI,10,54,3,3,2,inf
qLogEI,10,54,3,3,3,inf
qLogEI,10,54,3,3,4,inf
qLogEI,10,54,3,3,5,inf
qLogEI,10,54,3,3,6,inf
qLogEI,10,54,3,3,7,inf
qLogEI,10,54,3,3,8,inf
qLogEI,10,54,3,3,9,inf
qLogEI,10,54,3,3,10,inf
qLogEI,10,54,3,3,11,inf
qLogEI,10,54,3,3,12,inf
qLogEI,10,54,3,3,13,inf
qLogEI,10,54,3,3,14,inf
qLogEI,10,54,3,3,15,inf
qLogEI,10,54,3,3,16,inf
qLogEI,10,54,3,3,17,inf
qLogEI,10,54,3,3,18,inf
qLogEI,10,54,3,3,19,inf
qLogEI,10,54,3,3,20,inf
qLogEI,10,54,3,3,21,inf
qLogEI,10,54,3,3,22,inf
qLogEI,10,54,3,3,23,inf
qLogEI,10,54,3,3,24,inf
qLogEI,10,54,3,3,25,inf
qLogEI,10,54,3,3,26,inf
qLogEI,10,54,3,3,27,inf
qLogEI,10,54,3,3,28,inf
qLogEI,10,54,3,3,29,inf
qLogEI,10,54,3,3,30,inf
qLogEI,10,54,3,3,31,inf
qLogEI,10,54,3,3,32,inf
qLogEI,10,54,3,3,33,inf
qLogEI,10,54,3,3,34,inf
qLogEI,10,54,3,3,35,inf
qLogEI,10,54,3,3,36,inf
qLogEI,10,54,3,3,37,inf
qLogEI,10,54,3,3,38,inf
qLogEI,10,54,3,3,39,inf
qLogEI,10,54,3,3,40,inf
qLogEI,10,54,3,3,41,inf
qLogEI,10,54,3,3,42,inf
qLogEI,10,54,3,3,43,inf
qLogEI,10,54,3,3,44,inf
qLogEI,10,54,3,3,45,inf
qLogEI,10,54,3,3,46,inf
qLogEI,10,54,3,3,47,inf
qLogEI,10,54,3,3,48,inf
qLogEI,10,54,3,3,49,inf
qLogEI,10,54,3,3,50,inf
qLogEI,10,54,3,3,51,inf
qLogEI,10,54,3,3,52,inf
qLogEI,10,54,3,3,53,inf
qLogEI,10,54,3,3,54,inf
qLogEI,10,54,3,3,55,inf
qLogEI,10,54,3,3,56,inf
qLogEI,10,54,3,3,57,inf
qLogEI,10,54,3,3,58,inf
qLogEI,10,54,3,3,59,inf
qLogEI,10,54,3,3,60,inf
qLogEI,10,54,3,3,61,inf
qLogEI,10,54,3,3,62,inf
qLogEI,10,54,3,3,63,inf
qLogEI,10,54,3,3,64,inf
qLogEI,10,54,3,3,65,inf
qLogEI,10,54,3,3,66,inf
qLogEI,10,54,3,3,67,inf
qLogEI,10,54,3,3,68,inf
qLogEI,10,54,3,3,69,inf
qLogEI,10,54,3,3,70,inf
qLogEI,10,54,3,3,71,inf
qLogEI,10,54,3,3,72,inf
qLogEI,10,54,3,3,73,inf
qLogEI,10,54,3,3,74,inf
qLogEI,10,54,3,3,75,inf
qLogEI,10,54,3,3,76,inf
qLogEI,10,54,3,3,77,inf
qLogEI,10,54,3,3,78,inf
qLogEI,10,54,3,3,79,inf
qLogEI,10,54,3,3,80,inf
qLogEI,10,54,3,3,81,inf
qLogEI,10,54,3,3,82,inf
qLogEI,10,54,3,3,83,inf
qLogEI,10,54,3,3,84,inf
qLogEI,10,54,3,3,85,inf
qLogEI,10,54,3,3,86,inf
qLogEI,10,54,3,3,87,inf
qLogEI,10,54,3,3,88,inf
qLogEI,10,54,3,3,89,inf
qLogEI,10,54,3,3,90,inf
qLogEI,10,54,3,3,91,inf
qLogEI,10,54,3,3,92,inf
qLogEI,10,54,3,3,93,inf
qLogEI,10,54,3,3,94,inf
qLogEI,10,54,3,3,95,inf
qLogEI,10,54,3,3,96,inf
qLogEI,10,54,3,3,97,inf
qLogEI,10,54,3,3,98,inf
qLogEI,10,54,3,3,99,inf
qLogEI,10,54,3,3,100,inf
RL_Full,10,54,3,3,1,inf
RL_Full,10,54,3,3,2,inf
RL_Full,10,54,3,3,3,inf
RL_Full,10,54,3,3,4,inf
RL_Full,10,54,3,3,5,inf
RL_Full,10,54,3,3,6,inf
RL_Full,10,54,3,3,7,inf
RL_Full,10,54,3,3,8,inf
RL_Full,10,54,3,3,9,inf
RL_Full,10,54,3,3,10,inf
RL_Full,10,54,3,3,11,inf
RL_Full,10,54,3,3,12,inf
RL_Full,10,54,3,3,13,inf
RL_Full,10,54,3,3,14,inf
RL_Full,10,54,3,3,15,inf
RL_Full,10,54,3,3,16,inf
RL_Full,10,54,3,3,17,inf
RL_Full,10,54,3,3,18,inf
RL_Full,10,54,3,3,19,inf
RL_Full,10,54,3,3,20,inf
RL_Full,10,54,3,3,21,inf
RL_Full,10,54,3,3,22,inf
RL_Full,10,54,3,3,23,inf
RL_Full,10,54,3,3,24,inf
RL_Full,10,54,3,3,25,inf
RL_Full,10,54,3,3,26,inf
RL_Full,10,54,3,3,27,inf
RL_Full,10,54,3,3,28,inf
RL_Full,10,54,3,3,29,inf
RL_Full,10,54,3,3,30,inf
RL_Full,10,54,3,3,31,inf
RL_Full,10,54,3,3,32,inf
RL_Full,10,54,3,3,33,inf
RL_Full,10,54,3,3,34,inf
RL_Full,10,54,3,3,35,inf
RL_Full,10,54,3,3,36,inf
RL_Full,10,54,3,3,37,inf
RL_Full,10,54,3,3,38,inf
RL_Full,10,54,3,3,39,inf
RL_Full,10,54,3,3,40,inf
RL_Full,10,54,3,3,41,inf
RL_Full,10,54,3,3,42,inf
RL_Full,10,54,3,3,43,inf
RL_Full,10,54,3,3,44,inf
RL_Full,10,54,3,3,45,inf
RL_Full,10,54,3,3,46,inf
RL_Full,10,54,3,3,47,inf
RL_Full,10,54,3,3,48,inf
RL_Full,10,54,3,3,49,inf
RL_Full,10,54,3,3,50,inf
RL_Full,10,54,3,3,51,inf
RL_Full,10,54,3,3,52,inf
RL_Full,10,54,3,3,53,inf
RL_Full,10,54,3,3,54,inf
RL_Full,10,54,3,3,55,inf
RL_Full,10,54,3,3,56,inf
RL_Full,10,54,3,3,57,inf
RL_Full,10,54,3,3,58,inf
RL_Full,10,54,3,3,59,inf
RL_Full,10,54,3,3,60,inf
RL_Full,10,54,3,3,61,inf
RL_Full,10,54,3,3,62,inf
RL_Full,10,54,3,3,63,inf
RL_Full,10,54,3,3,64,inf
RL_Full,10,54,3,3,65,inf
RL_Full,10,54,3,3,66,inf
RL_Full,10,54,3,3,67,inf
RL_Full,10,54,3,3,68,inf
RL_Full,10,54,3,3,69,inf
RL_Full,10,54,3,3,70,inf
RL_Full,10,54,3,3,71,inf
RL_Full,10,54,3,3,72,inf
RL_Full,10,54,3,3,73,inf
RL_Full,10,54,3,3,74,inf
RL_Full,10,54,3,3,75,inf
RL_Full,10,54,3,3,76,inf
RL_Full,10,54,3,3,77,inf
RL_Full,10,54,3,3,78,inf
RL_Full,10,54,3,3,79,inf
RL_Full,10,54,3,3,80,inf
RL_Full,10,54,3,3,81,inf
RL_Full,10,54,3,3,82,inf
RL_Full,10,54,3,3,83,inf
RL_Full,10,54,3,3,84,inf
RL_Full,10,54,3,3,85,inf
RL_Full,10,54,3,3,86,inf
RL_Full,10,54,3,3,87,inf
RL_Full,10,54,3,3,88,inf
RL_Full,10,54,3,3,89,inf
RL_Full,10,54,3,3,90,inf
RL_Full,10,54,3,3,91,inf
RL_Full,10,54,3,3,92,inf
RL_Full,10,54,3,3,93,inf
RL_Full,10,54,3,3,94,inf
RL_Full,10,54,3,3,95,inf
RL_Full,10,54,3,3,96,inf
RL_Full,10,54,3,3,97,inf
RL_Full,10,54,3,3,98,inf
RL_Full,10,54,3,3,99,inf
RL_Full,10,54,3,3,100,inf
Random,10,54,3,4,1,inf
Random,10,54,3,4,2,inf
Random,10,54,3,4,3,inf
Random,10,54,3,4,4,inf
Random,10,54,3,4,5,inf
Random,10,54,3,4,6,inf
Random,10,54,3,4,7,inf
Random,10,54,3,4,8,inf
Random,10,54,3,4,9,inf
Random,10,54,3,4,10,inf
Random,10,54,3,4,11,inf
Random,10,54,3,4,12,inf
Random,10,54,3,4,13,inf
Random,10,54,3,4,14,inf
Random,10,54,3,4,15,inf
Random,10,54,3,4,16,inf
Random,10,54,3,4,17,inf
Random,10,54,3,4,18,inf
Random,10,54,3,4,19,inf
Random,10,54,3,4,20,inf
Random,10,54,3,4,21,inf
Random,10,54,3,4,22,inf
Random,10,54,3,4,23,inf
Random,10,54,3,4,24,inf
Random,10,54,3,4,25,inf
Random,10,54,3,4,26,inf
Random,10,54,3,4,27,inf
Random,10,54,3,4,28,inf
Random,10,54,3,4,29,inf
Random,10,54,3,4,30,inf
Random,10,54,3,4,31,inf
Random,10,54,3,4,32,inf
Random,10,54,3,4,33,inf
Random,10,54,3,4,34,inf
Random,10,54,3,4,35,inf
Random,10,54,3,4,36,inf
Random,10,54,3,4,37,inf
Random,10,54,3,4,38,inf
Random,10,54,3,4,39,inf
Random,10,54,3,4,40,inf
Random,10,54,3,4,41,inf
Random,10,54,3,4,42,inf
Random,10,54,3,4,43,inf
Random,10,54,3,4,44,inf
Random,10,54,3,4,45,inf
Random,10,54,3,4,46,inf
Random,10,54,3,4,47,inf
Random,10,54,3,4,48,inf
Random,10,54,3,4,49,inf
Random,10,54,3,4,50,inf
Random,10,54,3,4,51,inf
Random,10,54,3,4,52,inf
Random,10,54,3,4,53,inf
Random,10,54,3,4,54,inf
Random,10,54,3,4,55,inf
Random,10,54,3,4,56,inf
Random,10,54,3,4,57,inf
Random,10,54,3,4,58,inf
Random,10,54,3,4,59,inf
Random,10,54,3,4,60,inf
Random,10,54,3,4,61,inf
Random,10,54,3,4,62,inf
Random,10,54,3,4,63,inf
Random,10,54,3,4,64,inf
Random,10,54,3,4,65,inf
Random,10,54,3,4,66,inf
Random,10,54,3,4,67,inf
Random,10,54,3,4,68,inf
Random,10,54,3,4,69,inf
Random,10,54,3,4,70,inf
Random,10,54,3,4,71,inf
Random,10,54,3,4,72,inf
Random,10,54,3,4,73,inf
Random,10,54,3,4,74,inf
Random,10,54,3,4,75,inf
Random,10,54,3,4,76,inf
Random,10,54,3,4,77,inf
Random,10,54,3,4,78,inf
Random,10,54,3,4,79,inf
Random,10,54,3,4,80,inf
Random,10,54,3,4,81,inf
Random,10,54,3,4,82,inf
Random,10,54,3,4,83,inf
Random,10,54,3,4,84,inf
Random,10,54,3,4,85,inf
Random,10,54,3,4,86,inf
Random,10,54,3,4,87,inf
Random,10,54,3,4,88,inf
Random,10,54,3,4,89,inf
Random,10,54,3,4,90,inf
Random,10,54,3,4,91,inf
Random,10,54,3,4,92,inf
Random,10,54,3,4,93,inf
Random,10,54,3,4,94,inf
Random,10,54,3,4,95,inf
Random,10,54,3,4,96,inf
Random,10,54,3,4,97,inf
Random,10,54,3,4,98,inf
Random,10,54,3,4,99,inf
Random,10,54,3,4,100,inf
qLogEI,10,54,3,4,1,inf
qLogEI,10,54,3,4,2,inf
qLogEI,10,54,3,4,3,inf
qLogEI,10,54,3,4,4,inf
qLogEI,10,54,3,4,5,inf
qLogEI,10,54,3,4,6,inf
qLogEI,10,54,3,4,7,inf
qLogEI,10,54,3,4,8,inf
qLogEI,10,54,3,4,9,inf
qLogEI,10,54,3,4,10,inf
qLogEI,10,54,3,4,11,inf
qLogEI,10,54,3,4,12,inf
qLogEI,10,54,3,4,13,inf
qLogEI,10,54,3,4,14,inf
qLogEI,10,54,3,4,15,inf
qLogEI,10,54,3,4,16,inf
qLogEI,10,54,3,4,17,inf
qLogEI,10,54,3,4,18,inf
qLogEI,10,54,3,4,19,inf
qLogEI,10,54,3,4,20,inf
qLogEI,10,54,3,4,21,inf
qLogEI,10,54,3,4,22,inf
qLogEI,10,54,3,4,23,inf
qLogEI,10,54,3,4,24,inf
qLogEI,10,54,3,4,25,inf
qLogEI,10,54,3,4,26,inf
qLogEI,10,54,3,4,27,inf
qLogEI,10,54,3,4,28,inf
qLogEI,10,54,3,4,29,inf
qLogEI,10,54,3,4,30,inf
qLogEI,10,54,3,4,31,inf
qLogEI,10,54,3,4,32,inf
qLogEI,10,54,3,4,33,inf
qLogEI,10,54,3,4,34,inf
qLogEI,10,54,3,4,35,inf
qLogEI,10,54,3,4,36,inf
qLogEI,10,54,3,4,37,inf
qLogEI,10,54,3,4,38,inf
qLogEI,10,54,3,4,39,inf
qLogEI,10,54,3,4,40,inf
qLogEI,10,54,3,4,41,inf
qLogEI,10,54,3,4,42,inf
qLogEI,10,54,3,4,43,inf
qLogEI,10,54,3,4,44,inf
qLogEI,10,54,3,4,45,inf
qLogEI,10,54,3,4,46,inf
qLogEI,10,54,3,4,47,inf
qLogEI,10,54,3,4,48,inf
qLogEI,10,54,3,4,49,inf
qLogEI,10,54,3,4,50,inf
qLogEI,10,54,3,4,51,inf
qLogEI,10,54,3,4,52,inf
qLogEI,10,54,3,4,53,inf
qLogEI,10,54,3,4,54,inf
qLogEI,10,54,3,4,55,inf
qLogEI,10,54,3,4,56,inf
qLogEI,10,54,3,4,57,inf
qLogEI,10,54,3,4,58,inf
qLogEI,10,54,3,4,59,inf
qLogEI,10,54,3,4,60,inf
qLogEI,10,54,3,4,61,inf
qLogEI,10,54,3,4,62,inf
qLogEI,10,54,3,4,63,inf
qLogEI,10,54,3,4,64,inf
qLogEI,10,54,3,4,65,inf
qLogEI,10,54,3,4,66,inf
qLogEI,10,54,3,4,67,inf
qLogEI,10,54,3,4,68,inf
qLogEI,10,54,3,4,69,inf
qLogEI,10,54,3,4,70,inf
qLogEI,10,54,3,4,71,inf
qLogEI,10,54,3,4,72,inf
qLogEI,10,54,3,4,73,inf
qLogEI,10,54,3,4,74,inf
qLogEI,10,54,3,4,75,inf
qLogEI,10,54,3,4,76,inf
qLogEI,10,54,3,4,77,inf
qLogEI,10,54,3,4,78,inf
qLogEI,10,54,3,4,79,inf
qLogEI,10,54,3,4,80,inf
qLogEI,10,54,3,4,81,inf
qLogEI,10,54,3,4,82,inf
qLogEI,10,54,3,4,83,inf
qLogEI,10,54,3,4,84,inf
qLogEI,10,54,3,4,85,inf
qLogEI,10,54,3,4,86,inf
qLogEI,10,54,3,4,87,inf
qLogEI,10,54,3,4,88,inf
qLogEI,10,54,3,4,89,inf
qLogEI,10,54,3,4,90,inf
qLogEI,10,54,3,4,91,inf
qLogEI,10,54,3,4,92,inf
qLogEI,10,54,3,4,93,inf
qLogEI,10,54,3,4,94,inf
qLogEI,10,54,3,4,95,inf
qLogEI,10,54,3,4,96,inf
qLogEI,10,54,3,4,97,inf
qLogEI,10,54,3,4,98,inf
qLogEI,10,54,3,4,99,inf
qLogEI,10,54,3,4,100,inf
RL_Full,10,54,3,4,1,inf
RL_Full,10,54,3,4,2,inf
RL_Full,10,54,3,4,3,inf
RL_Full,10,54,3,4,4,inf
RL_Full,10,54,3,4,5,inf
RL_Full,10,54,3,4,6,inf
RL_Full,10,54,3,4,7,inf
RL_Full,10,54,3,4,8,inf
RL_Full,10,54,3,4,9,inf
RL_Full,10,54,3,4,10,inf
RL_Full,10,54,3,4,11,inf
RL_Full,10,54,3,4,12,inf
RL_Full,10,54,3,4,13,inf
RL_Full,10,54,3,4,14,inf
RL_Full,10,54,3,4,15,inf
RL_Full,10,54,3,4,16,inf
RL_Full,10,54,3,4,17,inf
RL_Full,10,54,3,4,18,inf
RL_Full,10,54,3,4,19,inf
RL_Full,10,54,3,4,20,inf
RL_Full,10,54,3,4,21,inf
RL_Full,10,54,3,4,22,inf
RL_Full,10,54,3,4,23,inf
RL_Full,10,54,3,4,24,inf
RL_Full,10,54,3,4,25,inf
RL_Full,10,54,3,4,26,inf
RL_Full,10,54,3,4,27,inf
RL_Full,10,54,3,4,28,inf
RL_Full,10,54,3,4,29,inf
RL_Full,10,54,3,4,30,inf
RL_Full,10,54,3,4,31,inf
RL_Full,10,54,3,4,32,inf
RL_Full,10,54,3,4,33,inf
RL_Full,10,54,3,4,34,inf
RL_Full,10,54,3,4,35,inf
RL_Full,10,54,3,4,36,inf
RL_Full,10,54,3,4,37,inf
RL_Full,10,54,3,4,38,inf
RL_Full,10,54,3,4,39,inf
RL_Full,10,54,3,4,40,inf
RL_Full,10,54,3,4,41,inf
RL_Full,10,54,3,4,42,inf
RL_Full,10,54,3,4,43,inf
RL_Full,10,54,3,4,44,inf
RL_Full,10,54,3,4,45,inf
RL_Full,10,54,3,4,46,inf
RL_Full,10,54,3,4,47,inf
RL_Full,10,54,3,4,48,inf
RL_Full,10,54,3,4,49,inf
RL_Full,10,54,3,4,50,inf
RL_Full,10,54,3,4,51,inf
RL_Full,10,54,3,4,52,inf
RL_Full,10,54,3,4,53,inf
RL_Full,10,54,3,4,54,inf
RL_Full,10,54,3,4,55,inf
RL_Full,10,54,3,4,56,inf
RL_Full,10,54,3,4,57,inf
RL_Full,10,54,3,4,58,inf
RL_Full,10,54,3,4,59,inf
RL_Full,10,54,3,4,60,inf
RL_Full,10,54,3,4,61,inf
RL_Full,10,54,3,4,62,inf
RL_Full,10,54,3,4,63,inf
RL_Full,10,54,3,4,64,inf
RL_Full,10,54,3,4,65,inf
RL_Full,10,54,3,4,66,inf
RL_Full,10,54,3,4,67,inf
RL_Full,10,54,3,4,68,inf
RL_Full,10,54,3,4,69,inf
RL_Full,10,54,3,4,70,inf
RL_Full,10,54,3,4,71,inf
RL_Full,10,54,3,4,72,inf
RL_Full,10,54,3,4,73,inf
RL_Full,10,54,3,4,74,inf
RL_Full,10,54,3,4,75,inf
RL_Full,10,54,3,4,76,inf
RL_Full,10,54,3,4,77,inf
RL_Full,10,54,3,4,78,inf
RL_Full,10,54,3,4,79,inf
RL_Full,10,54,3,4,80,inf
RL_Full,10,54,3,4,81,inf
RL_Full,10,54,3,4,82,inf
RL_Full,10,54,3,4,83,inf
RL_Full,10,54,3,4,84,inf
RL_Full,10,54,3,4,85,inf
RL_Full,10,54,3,4,86,inf
RL_Full,10,54,3,4,87,inf
RL_Full,10,54,3,4,88,inf
RL_Full,10,54,3,4,89,inf
RL_Full,10,54,3,4,90,inf
RL_Full,10,54,3,4,91,inf
RL_Full,10,54,3,4,92,inf
RL_Full,10,54,3,4,93,inf
RL_Full,10,54,3,4,94,inf
RL_Full,10,54,3,4,95,inf
RL_Full,10,54,3,4,96,inf
RL_Full,10,54,3,4,97,inf
RL_Full,10,54,3,4,98,inf
RL_Full,10,54,3,4,99,inf
RL_Full,10,54,3,4,100,inf
