method,dim,function,instance,repetition,eval,best_feasible
Random,2,2,1,0,1,inf
Random,2,2,1,0,2,inf
Random,2,2,1,0,3,-1484.246948032138
Random,2,2,1,0,4,-1484.246948032138
Random,2,2,1,0,5,-1484.246948032138
Random,2,2,1,0,6,-1484.246948032138
Random,2,2,1,0,7,-1484.246948032138
Random,2,2,1,0,8,-1484.246948032138
Random,2,2,1,0,9,-1755.6985952662722
Random,2,2,1,0,10,-1755.6985952662722
Random,2,2,1,0,11,-1755.6985952662722
Random,2,2,1,0,12,-1755.6985952662722
Random,2,2,1,0,13,-1755.6985952662722
Random,2,2,1,0,14,-1755.6985952662722
Random,2,2,1,0,15,-1755.6985952662722
Random,2,2,1,0,16,-1755.6985952662722
Random,2,2,1,0,17,-1755.6985952662722
Random,2,2,1,0,18,-1755.6985952662722
Random,2,2,1,0,19,-1755.6985952662722
Random,2,2,1,0,20,-1755.6985952662722
qLogEI,2,2,1,0,1,inf
qLogEI,2,2,1,0,2,inf
qLogEI,2,2,1,0,3,-1484.246948032138
qLogEI,2,2,1,0,4,-1484.246948032138
qLogEI,2,2,1,0,5,-1732.6087932373434
qLogEI,2,2,1,0,6,-1732.6087932373434
qLogEI,2,2,1,0,7,-1788.2409272357088
qLogEI,2,2,1,0,8,-1898.855307197924
qLogEI,2,2,1,0,9,-1898.855307197924
qLogEI,2,2,1,0,10,-1952.3605612970841
qLogEI,2,2,1,0,11,-2014.7874846987324
qLogEI,2,2,1,0,12,-2014.7874846987324
qLogEI,2,2,1,0,13,-2014.7874846987324
qLogEI,2,2,1,0,14,-2014.7874846987324
qLogEI,2,2,1,0,15,-2014.7874846987324
qLogEI,2,2,1,0,16,-2014.7874846987324
qLogEI,2,2,1,0,17,-2014.7874846987324
qLogEI,2,2,1,0,18,-2018.9438677918135
qLogEI,2,2,1,0,19,-2019.8017632340025
qLogEI,2,2,1,0,20,-2020.4106044243485
RL_Enhanced,2,2,1,0,1,inf
RL_Enhanced,2,2,1,0,2,inf
RL_Enhanced,2,2,1,0,3,-1484.246948032138
RL_Enhanced,2,2,1,0,4,-1484.246948032138
RL_Enhanced,2,2,1,0,5,-1484.246948032138
RL_Enhanced,2,2,1,0,6,-1484.246948032138
RL_Enhanced,2,2,1,0,7,-1484.246948032138
RL_Enhanced,2,2,1,0,8,-1484.246948032138
RL_Enhanced,2,2,1,0,9,-1484.246948032138
RL_Enhanced,2,2,1,0,10,-1484.246948032138
RL_Enhanced,2,2,1,0,11,-1484.246948032138
RL_Enhanced,2,2,1,0,12,-1484.246948032138
RL_Enhanced,2,2,1,0,13,-1484.246948032138
RL_Enhanced,2,2,1,0,14,-1484.246948032138
RL_Enhanced,2,2,1,0,15,-1484.246948032138
RL_Enhanced,2,2,1,0,16,-1484.246948032138
RL_Enhanced,2,2,1,0,17,-1484.246948032138
RL_Enhanced,2,2,1,0,18,-1484.246948032138
RL_Enhanced,2,2,1,0,19,-1484.246948032138
RL_Enhanced,2,2,1,0,20,-1484.246948032138
Random,2,2,1,1,1,inf
Random,2,2,1,1,2,inf
Random,2,2,1,1,3,inf
Random,2,2,1,1,4,inf
Random,2,2,1,1,5,inf
Random,2,2,1,1,6,-1756.31204999697
Random,2,2,1,1,7,-1756.31204999697
Random,2,2,1,1,8,-1756.31204999697
Random,2,2,1,1,9,-1756.31204999697
Random,2,2,1,1,10,-1932.2362700572198
Random,2,2,1,1,11,-1932.2362700572198
Random,2,2,1,1,12,-1932.2362700572198
Random,2,2,1,1,13,-1932.2362700572198
Random,2,2,1,1,14,-1932.2362700572198
Random,2,2,1,1,15,-1932.2362700572198
Random,2,2,1,1,16,-1932.2362700572198
Random,2,2,1,1,17,-1932.2362700572198
Random,2,2,1,1,18,-1932.2362700572198
Random,2,2,1,1,19,-1939.0344949368807
Random,2,2,1,1,20,-1939.0344949368807
qLogEI,2,2,1,1,1,inf
qLogEI,2,2,1,1,2,inf
qLogEI,2,2,1,1,3,inf
qLogEI,2,2,1,1,4,inf
qLogEI,2,2,1,1,5,-1353.5384
qLogEI,2,2,1,1,6,-1730.6675831779608
qLogEI,2,2,1,1,7,-1730.6675831779608
qLogEI,2,2,1,1,8,-1820.0699737499124
qLogEI,2,2,1,1,9,-1894.0608448503679
qLogEI,2,2,1,1,10,-1962.9551520021903
qLogEI,2,2,1,1,11,-1962.9551520021903
qLogEI,2,2,1,1,12,-1962.9551520021903
qLogEI,2,2,1,1,13,-1977.3760399005573
qLogEI,2,2,1,1,14,-1977.3760399005573
qLogEI,2,2,1,1,15,-1982.1890016620239
qLogEI,2,2,1,1,16,-1998.662172589954
qLogEI,2,2,1,1,17,-1998.662172589954
qLogEI,2,2,1,1,18,-2009.168138808364
qLogEI,2,2,1,1,19,-2009.168138808364
qLogEI,2,2,1,1,20,-2009.168138808364
RL_Enhanced,2,2,1,1,1,inf
RL_Enhanced,2,2,1,1,2,inf
RL_Enhanced,2,2,1,1,3,inf
RL_Enhanced,2,2,1,1,4,inf
RL_Enhanced,2,2,1,1,5,-1651.3052895012513
RL_Enhanced,2,2,1,1,6,-1651.3052895012513
RL_Enhanced,2,2,1,1,7,-1651.3052895012513
RL_Enhanced,2,2,1,1,8,-1651.3052895012513
RL_Enhanced,2,2,1,1,9,-1651.3052895012513
RL_Enhanced,2,2,1,1,10,-1651.3052895012513
RL_Enhanced,2,2,1,1,11,-1651.3052895012513
RL_Enhanced,2,2,1,1,12,-1651.3052895012513
RL_Enhanced,2,2,1,1,13,-1651.3052895012513
RL_Enhanced,2,2,1,1,14,-1651.3052895012513
RL_Enhanced,2,2,1,1,15,-1651.3052895012513
RL_Enhanced,2,2,1,1,16,-1651.3052895012513
RL_Enhanced,2,2,1,1,17,-1651.3052895012513
RL_Enhanced,2,2,1,1,18,-1651.3052895012513
RL_Enhanced,2,2,1,1,19,-1651.3052895012513
RL_Enhanced,2,2,1,1,20,-1651.3052895012513
Random,2,2,1,2,1,inf
Random,2,2,1,2,2,-1501.5305258682502
Random,2,2,1,2,3,-1501.5305258682502
Random,2,2,1,2,4,-1501.5305258682502
Random,2,2,1,2,5,-1656.6180149126872
Random,2,2,1,2,6,-1656.6180149126872
Random,2,2,1,2,7,-1928.4692352602017
Random,2,2,1,2,8,-1928.4692352602017
Random,2,2,1,2,9,-1928.4692352602017
Random,2,2,1,2,10,-1928.4692352602017
Random,2,2,1,2,11,-1928.4692352602017
Random,2,2,1,2,12,-1928.4692352602017
Random,2,2,1,2,13,-1928.4692352602017
Random,2,2,1,2,14,-1928.4692352602017
Random,2,2,1,2,15,-1928.4692352602017
Random,2,2,1,2,16,-1928.4692352602017
Random,2,2,1,2,17,-1928.4692352602017
Random,2,2,1,2,18,-1928.4692352602017
Random,2,2,1,2,19,-1928.4692352602017
Random,2,2,1,2,20,-1928.4692352602017
qLogEI,2,2,1,2,1,inf
qLogEI,2,2,1,2,2,-1501.5305258682502
qLogEI,2,2,1,2,3,-1501.5305258682502
qLogEI,2,2,1,2,4,-1501.5305258682502
qLogEI,2,2,1,2,5,-1859.981759577609
qLogEI,2,2,1,2,6,-1859.981759577609
qLogEI,2,2,1,2,7,-1859.981759577609
qLogEI,2,2,1,2,8,-1859.981759577609
qLogEI,2,2,1,2,9,-1982.920950518683
qLogEI,2,2,1,2,10,-1982.920950518683
qLogEI,2,2,1,2,11,-1982.920950518683
qLogEI,2,2,1,2,12,-2006.6928908688703
qLogEI,2,2,1,2,13,-2011.0842357625206
qLogEI,2,2,1,2,14,-2011.0842357625206
qLogEI,2,2,1,2,15,-2011.0842357625206
qLogEI,2,2,1,2,16,-2011.0842357625206
qLogEI,2,2,1,2,17,-2019.9442961266377
qLogEI,2,2,1,2,18,-2019.9442961266377
qLogEI,2,2,1,2,19,-2019.9442961266377
qLogEI,2,2,1,2,20,-2019.9442961266377
RL_Enhanced,2,2,1,2,1,inf
RL_Enhanced,2,2,1,2,2,-1501.5305258682502
RL_Enhanced,2,2,1,2,3,-1501.5305258682502
RL_Enhanced,2,2,1,2,4,-1501.5305258682502
RL_Enhanced,2,2,1,2,5,-1570.6125298122981
RL_Enhanced,2,2,1,2,6,-1570.6125298122981
RL_Enhanced,2,2,1,2,7,-1570.6125298122981
RL_Enhanced,2,2,1,2,8,-1570.6125298122981
RL_Enhanced,2,2,1,2,9,-1570.6125298122981
RL_Enhanced,2,2,1,2,10,-1570.6125298122981
RL_Enhanced,2,2,1,2,11,-1570.6125298122981
RL_Enhanced,2,2,1,2,12,-1570.6125298122981
RL_Enhanced,2,2,1,2,13,-1570.6125298122981
RL_Enhanced,2,2,1,2,14,-1570.6125298122981
RL_Enhanced,2,2,1,2,15,-1570.6125298122981
RL_Enhanced,2,2,1,2,16,-1570.6125298122981
RL_Enhanced,2,2,1,2,17,-1570.6125298122981
RL_Enhanced,2,2,1,2,18,-1570.6125298122981
RL_Enhanced,2,2,1,2,19,-1570.6125298122981
RL_Enhanced,2,2,1,2,20,-1570.6125298122981
Random,2,2,1,3,1,inf
Random,2,2,1,3,2,-1304.8001685975307
Random,2,2,1,3,3,-1304.8001685975307
Random,2,2,1,3,4,-1304.8001685975307
Random,2,2,1,3,5,-1525.061023225321
Random,2,2,1,3,6,-1575.4032984535124
Random,2,2,1,3,7,-1575.4032984535124
Random,2,2,1,3,8,-1575.4032984535124
Random,2,2,1,3,9,-1575.4032984535124
Random,2,2,1,3,10,-1575.4032984535124
Random,2,2,1,3,11,-1575.4032984535124
Random,2,2,1,3,12,-1575.4032984535124
Random,2,2,1,3,13,-1732.6495003331793
Random,2,2,1,3,14,-1732.6495003331793
Random,2,2,1,3,15,-1732.6495003331793
Random,2,2,1,3,16,-1732.6495003331793
Random,2,2,1,3,17,-1817.8415078605685
Random,2,2,1,3,18,-1817.8415078605685
Random,2,2,1,3,19,-1817.8415078605685
Random,2,2,1,3,20,-1817.8415078605685
qLogEI,2,2,1,3,1,inf
qLogEI,2,2,1,3,2,-1304.8001685975307
qLogEI,2,2,1,3,3,-1304.8001685975307
qLogEI,2,2,1,3,4,-1304.8001685975307
qLogEI,2,2,1,3,5,-1304.8001685975307
qLogEI,2,2,1,3,6,-1876.7094265639705
qLogEI,2,2,1,3,7,-1918.9578065588958
qLogEI,2,2,1,3,8,-1918.9578065588958
qLogEI,2,2,1,3,9,-1918.9578065588958
qLogEI,2,2,1,3,10,-1987.0716480368085
qLogEI,2,2,1,3,11,-2010.4624448178472
qLogEI,2,2,1,3,12,-2010.4624448178472
qLogEI,2,2,1,3,13,-2010.4624448178472
qLogEI,2,2,1,3,14,-2010.4624448178472
qLogEI,2,2,1,3,15,-2010.4624448178472
qLogEI,2,2,1,3,16,-2010.4624448178472
qLogEI,2,2,1,3,17,-2010.4624448178472
qLogEI,2,2,1,3,18,-2010.4624448178472
qLogEI,2,2,1,3,19,-2017.7211767662939
qLogEI,2,2,1,3,20,-2017.7211767662939
RL_Enhanced,2,2,1,3,1,inf
RL_Enhanced,2,2,1,3,2,-1304.8001685975307
RL_Enhanced,2,2,1,3,3,-1304.8001685975307
RL_Enhanced,2,2,1,3,4,-1304.8001685975307
RL_Enhanced,2,2,1,3,5,-1493.7358838440298
RL_Enhanced,2,2,1,3,6,-1493.7358838440298
RL_Enhanced,2,2,1,3,7,-1493.7358838440298
RL_Enhanced,2,2,1,3,8,-1493.7358838440298
RL_Enhanced,2,2,1,3,9,-1493.7358838440298
RL_Enhanced,2,2,1,3,10,-1493.7358838440298
RL_Enhanced,2,2,1,3,11,-1493.7358838440298
RL_Enhanced,2,2,1,3,12,-1493.7358838440298
RL_Enhanced,2,2,1,3,13,-1493.7358838440298
RL_Enhanced,2,2,1,3,14,-1493.7358838440298
RL_Enhanced,2,2,1,3,15,-1493.7358838440298
RL_Enhanced,2,2,1,3,16,-1493.7358838440298
RL_Enhanced,2,2,1,3,17,-1493.7358838440298
RL_Enhanced,2,2,1,3,18,-1493.7358838440298
RL_Enhanced,2,2,1,3,19,-1493.7358838440298
RL_Enhanced,2,2,1,3,20,-1493.7358838440298
Random,2,2,1,4,1,-1424.8122622011065
Random,2,2,1,4,2,-1424.8122622011065
Random,2,2,1,4,3,-1424.8122622011065
Random,2,2,1,4,4,-1424.8122622011065
Random,2,2,1,4,5,-1424.8122622011065
Random,2,2,1,4,6,-1582.7335723488275
Random,2,2,1,4,7,-1801.4902191691679
Random,2,2,1,4,8,-1929.9078613679603
Random,2,2,1,4,9,-1929.9078613679603
Random,2,2,1,4,10,-1929.9078613679603
Random,2,2,1,4,11,-1929.9078613679603
Random,2,2,1,4,12,-1929.9078613679603
Random,2,2,1,4,13,-1929.9078613679603
Random,2,2,1,4,14,-1979.2281983453768
Random,2,2,1,4,15,-1979.2281983453768
Random,2,2,1,4,16,-1979.2281983453768
Random,2,2,1,4,17,-1979.2281983453768
Random,2,2,1,4,18,-1979.2281983453768
Random,2,2,1,4,19,-1979.2281983453768
Random,2,2,1,4,20,-1979.2281983453768
qLogEI,2,2,1,4,1,-1424.8122622011065
qLogEI,2,2,1,4,2,-1424.8122622011065
qLogEI,2,2,1,4,3,-1424.8122622011065
qLogEI,2,2,1,4,4,-1424.8122622011065
qLogEI,2,2,1,4,5,-1424.8122622011065
qLogEI,2,2,1,4,6,-1424.8122622011065
qLogEI,2,2,1,4,7,-1424.8122622011065
qLogEI,2,2,1,4,8,-1870.1023958624169
qLogEI,2,2,1,4,9,-1870.1023958624169
qLogEI,2,2,1,4,10,-1948.718951543412
qLogEI,2,2,1,4,11,-1948.718951543412
qLogEI,2,2,1,4,12,-1969.2937088057743
qLogEI,2,2,1,4,13,-2005.4315056342166
qLogEI,2,2,1,4,14,-2005.4315056342166
qLogEI,2,2,1,4,15,-2005.4315056342166
qLogEI,2,2,1,4,16,-2012.0933069361076
qLogEI,2,2,1,4,17,-2014.3914345106011
qLogEI,2,2,1,4,18,-2014.3914345106011
qLogEI,2,2,1,4,19,-2014.3914345106011
qLogEI,2,2,1,4,20,-2014.3914345106011
RL_Enhanced,2,2,1,4,1,-1424.8122622011065
RL_Enhanced,2,2,1,4,2,-1424.8122622011065
RL_Enhanced,2,2,1,4,3,-1424.8122622011065
RL_Enhanced,2,2,1,4,4,-1424.8122622011065
RL_Enhanced,2,2,1,4,5,-1424.8122622011065
RL_Enhanced,2,2,1,4,6,-1424.8122622011065
RL_Enhanced,2,2,1,4,7,-1424.8122622011065
RL_Enhanced,2,2,1,4,8,-1424.8122622011065
RL_Enhanced,2,2,1,4,9,-1424.8122622011065
RL_Enhanced,2,2,1,4,10,-1424.8122622011065
RL_Enhanced,2,2,1,4,11,-1424.8122622011065
RL_Enhanced,2,2,1,4,12,-1424.8122622011065
RL_Enhanced,2,2,1,4,13,-1424.8122622011065
RL_Enhanced,2,2,1,4,14,-1424.8122622011065
RL_Enhanced,2,2,1,4,15,-1424.8122622011065
RL_Enhanced,2,2,1,4,16,-1424.8122622011065
RL_Enhanced,2,2,1,4,17,-1424.8122622011065
RL_Enhanced,2,2,1,4,18,-1424.8122622011065
RL_Enhanced,2,2,1,4,19,-1431.1984616956943
RL_Enhanced,2,2,1,4,20,-1431.1984616956943
Random,2,2,2,0,1,inf
Random,2,2,2,0,2,inf
Random,2,2,2,0,3,inf
Random,2,2,2,0,4,inf
Random,2,2,2,0,5,inf
Random,2,2,2,0,6,inf
Random,2,2,2,0,7,inf
Random,2,2,2,0,8,inf
Random,2,2,2,0,9,inf
Random,2,2,2,0,10,inf
Random,2,2,2,0,11,inf
Random,2,2,2,0,12,inf
Random,2,2,2,0,13,inf
Random,2,2,2,0,14,inf
Random,2,2,2,0,15,inf
Random,2,2,2,0,16,inf
Random,2,2,2,0,17,inf
Random,2,2,2,0,18,inf
Random,2,2,2,0,19,inf
Random,2,2,2,0,20,inf
qLogEI,2,2,2,0,1,inf
qLogEI,2,2,2,0,2,inf
qLogEI,2,2,2,0,3,inf
qLogEI,2,2,2,0,4,inf
qLogEI,2,2,2,0,5,inf
qLogEI,2,2,2,0,6,inf
qLogEI,2,2,2,0,7,inf
qLogEI,2,2,2,0,8,inf
qLogEI,2,2,2,0,9,inf
qLogEI,2,2,2,0,10,inf
qLogEI,2,2,2,0,11,inf
qLogEI,2,2,2,0,12,inf
qLogEI,2,2,2,0,13,inf
qLogEI,2,2,2,0,14,inf
qLogEI,2,2,2,0,15,inf
qLogEI,2,2,2,0,16,inf
qLogEI,2,2,2,0,17,inf
qLogEI,2,2,2,0,18,inf
qLogEI,2,2,2,0,19,inf
qLogEI,2,2,2,0,20,inf
RL_Enhanced,2,2,2,0,1,inf
RL_Enhanced,2,2,2,0,2,inf
RL_Enhanced,2,2,2,0,3,inf
RL_Enhanced,2,2,2,0,4,inf
RL_Enhanced,2,2,2,0,5,inf
RL_Enhanced,2,2,2,0,6,inf
RL_Enhanced,2,2,2,0,7,inf
RL_Enhanced,2,2,2,0,8,inf
RL_Enhanced,2,2,2,0,9,inf
RL_Enhanced,2,2,2,0,10,inf
RL_Enhanced,2,2,2,0,11,inf
RL_Enhanced,2,2,2,0,12,inf
RL_Enhanced,2,2,2,0,13,inf
RL_Enhanced,2,2,2,0,14,inf
RL_Enhanced,2,2,2,0,15,inf
RL_Enhanced,2,2,2,0,16,inf
RL_Enhanced,2,2,2,0,17,inf
RL_Enhanced,2,2,2,0,18,inf
RL_Enhanced,2,2,2,0,19,inf
RL_Enhanced,2,2,2,0,20,inf
Random,2,2,2,1,1,inf
Random,2,2,2,1,2,inf
Random,2,2,2,1,3,inf
Random,2,2,2,1,4,inf
Random,2,2,2,1,5,inf
Random,2,2,2,1,6,inf
Random,2,2,2,1,7,inf
Random,2,2,2,1,8,inf
Random,2,2,2,1,9,inf
Random,2,2,2,1,10,inf
Random,2,2,2,1,11,inf
Random,2,2,2,1,12,inf
Random,2,2,2,1,13,inf
Random,2,2,2,1,14,inf
Random,2,2,2,1,15,inf
Random,2,2,2,1,16,inf
Random,2,2,2,1,17,inf
Random,2,2,2,1,18,inf
Random,2,2,2,1,19,inf
Random,2,2,2,1,20,inf
qLogEI,2,2,2,1,1,inf
qLogEI,2,2,2,1,2,inf
qLogEI,2,2,2,1,3,inf
qLogEI,2,2,2,1,4,inf
qLogEI,2,2,2,1,5,inf
qLogEI,2,2,2,1,6,inf
qLogEI,2,2,2,1,7,inf
qLogEI,2,2,2,1,8,inf
qLogEI,2,2,2,1,9,inf
qLogEI,2,2,2,1,10,inf
qLogEI,2,2,2,1,11,inf
qLogEI,2,2,2,1,12,inf
qLogEI,2,2,2,1,13,inf
qLogEI,2,2,2,1,14,inf
qLogEI,2,2,2,1,15,inf
qLogEI,2,2,2,1,16,inf
qLogEI,2,2,2,1,17,inf
qLogEI,2,2,2,1,18,inf
qLogEI,2,2,2,1,19,inf
qLogEI,2,2,2,1,20,inf
RL_Enhanced,2,2,2,1,1,inf
RL_Enhanced,2,2,2,1,2,inf
RL_Enhanced,2,2,2,1,3,inf
RL_Enhanced,2,2,2,1,4,inf
RL_Enhanced,2,2,2,1,5,inf
RL_Enhanced,2,2,2,1,6,inf
RL_Enhanced,2,2,2,1,7,inf
RL_Enhanced,2,2,2,1,8,inf
RL_Enhanced,2,2,2,1,9,inf
RL_Enhanced,2,2,2,1,10,inf
RL_Enhanced,2,2,2,1,11,inf
RL_Enhanced,2,2,2,1,12,inf
RL_Enhanced,2,2,2,1,13,inf
RL_Enhanced,2,2,2,1,14,inf
RL_Enhanced,2,2,2,1,15,inf
RL_Enhanced,2,2,2,1,16,inf
RL_Enhanced,2,2,2,1,17,inf
RL_Enhanced,2,2,2,1,18,inf
RL_Enhanced,2,2,2,1,19,inf
RL_Enhanced,2,2,2,1,20,inf
Random,2,2,2,2,1,-714.3323717964231
Random,2,2,2,2,2,-714.3323717964231
Random,2,2,2,2,3,-714.3323717964231
Random,2,2,2,2,4,-714.3323717964231
Random,2,2,2,2,5,-714.3323717964231
Random,2,2,2,2,6,-714.3323717964231
Random,2,2,2,2,7,-714.3323717964231
Random,2,2,2,2,8,-714.3323717964231
Random,2,2,2,2,9,-714.3323717964231
Random,2,2,2,2,10,-714.3323717964231
Random,2,2,2,2,11,-714.3323717964231
Random,2,2,2,2,12,-714.3323717964231
Random,2,2,2,2,13,-714.3323717964231
Random,2,2,2,2,14,-714.3323717964231
Random,2,2,2,2,15,-714.3323717964231
Random,2,2,2,2,16,-714.3323717964231
Random,2,2,2,2,17,-714.3323717964231
Random,2,2,2,2,18,-714.3323717964231
Random,2,2,2,2,19,-714.3323717964231
Random,2,2,2,2,20,-714.3323717964231
qLogEI,2,2,2,2,1,-714.3323717964231
qLogEI,2,2,2,2,2,-714.3323717964231
qLogEI,2,2,2,2,3,-714.3323717964231
qLogEI,2,2,2,2,4,-714.3323717964231
qLogEI,2,2,2,2,5,-714.3323717964231
qLogEI,2,2,2,2,6,-714.3323717964231
qLogEI,2,2,2,2,7,-714.3323717964231
qLogEI,2,2,2,2,8,-714.3323717964231
qLogEI,2,2,2,2,9,-714.3323717964231
qLogEI,2,2,2,2,10,-714.3323717964231
qLogEI,2,2,2,2,11,-831.1044352548477
qLogEI,2,2,2,2,12,-831.1044352548477
qLogEI,2,2,2,2,13,-831.1044352548477
qLogEI,2,2,2,2,14,-832.9907002927146
qLogEI,2,2,2,2,15,-832.9907002927146
qLogEI,2,2,2,2,16,-849.2731057287447
qLogEI,2,2,2,2,17,-849.2731057287447
qLogEI,2,2,2,2,18,-849.2731057287447
qLogEI,2,2,2,2,19,-849.2731057287447
qLogEI,2,2,2,2,20,-849.2731057287447
RL_Enhanced,2,2,2,2,1,-714.3323717964231
RL_Enhanced,2,2,2,2,2,-714.3323717964231
RL_Enhanced,2,2,2,2,3,-714.3323717964231
RL_Enhanced,2,2,2,2,4,-714.3323717964231
RL_Enhanced,2,2,2,2,5,-714.3323717964231
RL_Enhanced,2,2,2,2,6,-714.3323717964231
RL_Enhanced,2,2,2,2,7,-714.3323717964231
RL_Enhanced,2,2,2,2,8,-714.3323717964231
RL_Enhanced,2,2,2,2,9,-714.3323717964231
RL_Enhanced,2,2,2,2,10,-714.3323717964231
RL_Enhanced,2,2,2,2,11,-714.3323717964231
RL_Enhanced,2,2,2,2,12,-714.3323717964231
RL_Enhanced,2,2,2,2,13,-714.3323717964231
RL_Enhanced,2,2,2,2,14,-714.3323717964231
RL_Enhanced,2,2,2,2,15,-714.3323717964231
RL_Enhanced,2,2,2,2,16,-714.3323717964231
RL_Enhanced,2,2,2,2,17,-714.3323717964231
RL_Enhanced,2,2,2,2,18,-714.3323717964231
RL_Enhanced,2,2,2,2,19,-714.3323717964231
RL_Enhanced,2,2,2,2,20,-714.3323717964231
Random,2,2,2,3,1,inf
Random,2,2,2,3,2,inf
Random,2,2,2,3,3,inf
Random,2,2,2,3,4,inf
Random,2,2,2,3,5,inf
Random,2,2,2,3,6,inf
Random,2,2,2,3,7,inf
Random,2,2,2,3,8,inf
Random,2,2,2,3,9,inf
Random,2,2,2,3,10,inf
Random,2,2,2,3,11,inf
Random,2,2,2,3,12,inf
Random,2,2,2,3,13,inf
Random,2,2,2,3,14,inf
Random,2,2,2,3,15,inf
Random,2,2,2,3,16,inf
Random,2,2,2,3,17,inf
Random,2,2,2,3,18,inf
Random,2,2,2,3,19,inf
Random,2,2,2,3,20,inf
qLogEI,2,2,2,3,1,inf
qLogEI,2,2,2,3,2,inf
qLogEI,2,2,2,3,3,inf
qLogEI,2,2,2,3,4,inf
qLogEI,2,2,2,3,5,inf
qLogEI,2,2,2,3,6,inf
qLogEI,2,2,2,3,7,inf
qLogEI,2,2,2,3,8,inf
qLogEI,2,2,2,3,9,inf
qLogEI,2,2,2,3,10,inf
qLogEI,2,2,2,3,11,inf
qLogEI,2,2,2,3,12,inf
qLogEI,2,2,2,3,13,inf
qLogEI,2,2,2,3,14,inf
qLogEI,2,2,2,3,15,inf
qLogEI,2,2,2,3,16,inf
qLogEI,2,2,2,3,17,inf
qLogEI,2,2,2,3,18,inf
qLogEI,2,2,2,3,19,inf
qLogEI,2,2,2,3,20,inf
RL_Enhanced,2,2,2,3,1,inf
RL_Enhanced,2,2,2,3,2,inf
RL_Enhanced,2,2,2,3,3,inf
RL_Enhanced,2,2,2,3,4,inf
RL_Enhanced,2,2,2,3,5,inf
RL_Enhanced,2,2,2,3,6,inf
RL_Enhanced,2,2,2,3,7,inf
RL_Enhanced,2,2,2,3,8,inf
RL_Enhanced,2,2,2,3,9,inf
RL_Enhanced,2,2,2,3,10,inf
RL_Enhanced,2,2,2,3,11,inf
RL_Enhanced,2,2,2,3,12,inf
RL_Enhanced,2,2,2,3,13,inf
RL_Enhanced,2,2,2,3,14,inf
RL_Enhanced,2,2,2,3,15,inf
RL_Enhanced,2,2,2,3,16,inf
RL_Enhanced,2,2,2,3,17,inf
RL_Enhanced,2,2,2,3,18,inf
RL_Enhanced,2,2,2,3,19,inf
RL_Enhanced,2,2,2,3,20,inf
Random,2,2,2,4,1,inf
Random,2,2,2,4,2,inf
Random,2,2,2,4,3,inf
Random,2,2,2,4,4,inf
Random,2,2,2,4,5,inf
Random,2,2,2,4,6,inf
Random,2,2,2,4,7,inf
Random,2,2,2,4,8,inf
Random,2,2,2,4,9,inf
Random,2,2,2,4,10,inf
Random,2,2,2,4,11,inf
Random,2,2,2,4,12,inf
Random,2,2,2,4,13,inf
Random,2,2,2,4,14,inf
Random,2,2,2,4,15,inf
Random,2,2,2,4,16,inf
Random,2,2,2,4,17,inf
Random,2,2,2,4,18,inf
Random,2,2,2,4,19,inf
Random,2,2,2,4,20,inf
qLogEI,2,2,2,4,1,inf
qLogEI,2,2,2,4,2,inf
qLogEI,2,2,2,4,3,inf
qLogEI,2,2,2,4,4,inf
qLogEI,2,2,2,4,5,inf
qLogEI,2,2,2,4,6,inf
qLogEI,2,2,2,4,7,inf
qLogEI,2,2,2,4,8,inf
qLogEI,2,2,2,4,9,inf
qLogEI,2,2,2,4,10,inf
qLogEI,2,2,2,4,11,inf
qLogEI,2,2,2,4,12,inf
qLogEI,2,2,2,4,13,inf
qLogEI,2,2,2,4,14,inf
qLogEI,2,2,2,4,15,inf
qLogEI,2,2,2,4,16,inf
qLogEI,2,2,2,4,17,inf
qLogEI,2,2,2,4,18,inf
qLogEI,2,2,2,4,19,inf
qLogEI,2,2,2,4,20,inf
RL_Enhanced,2,2,2,4,1,inf
RL_Enhanced,2,2,2,4,2,inf
RL_Enhanced,2,2,2,4,3,inf
RL_Enhanced,2,2,2,4,4,inf
RL_Enhanced,2,2,2,4,5,inf
RL_Enhanced,2,2,2,4,6,inf
RL_Enhanced,2,2,2,4,7,inf
RL_Enhanced,2,2,2,4,8,inf
RL_Enhanced,2,2,2,4,9,inf
RL_Enhanced,2,2,2,4,10,inf
RL_Enhanced,2,2,2,4,11,inf
RL_Enhanced,2,2,2,4,12,inf
RL_Enhanced,2,2,2,4,13,inf
RL_Enhanced,2,2,2,4,14,inf
RL_Enhanced,2,2,2,4,15,inf
RL_Enhanced,2,2,2,4,16,inf
RL_Enhanced,2,2,2,4,17,inf
RL_Enhanced,2,2,2,4,18,inf
RL_Enhanced,2,2,2,4,19,inf
RL_Enhanced,2,2,2,4,20,inf
Random,2,2,3,0,1,-6.624960755369926
Random,2,2,3,0,2,-6.624960755369926
Random,2,2,3,0,3,-6.624960755369926
Random,2,2,3,0,4,-6.624960755369926
Random,2,2,3,0,5,-6.624960755369926
Random,2,2,3,0,6,-6.624960755369926
Random,2,2,3,0,7,-538.7854115780654
Random,2,2,3,0,8,-538.7854115780654
Random,2,2,3,0,9,-538.7854115780654
Random,2,2,3,0,10,-538.7854115780654
Random,2,2,3,0,11,-538.7854115780654
Random,2,2,3,0,12,-538.7854115780654
Random,2,2,3,0,13,-538.7854115780654
Random,2,2,3,0,14,-538.7854115780654
Random,2,2,3,0,15,-538.7854115780654
Random,2,2,3,0,16,-538.7854115780654
Random,2,2,3,0,17,-681.2406693510877
Random,2,2,3,0,18,-681.2406693510877
Random,2,2,3,0,19,-681.2406693510877
Random,2,2,3,0,20,-681.2406693510877
qLogEI,2,2,3,0,1,-6.624960755369926
qLogEI,2,2,3,0,2,-6.624960755369926
qLogEI,2,2,3,0,3,-6.624960755369926
qLogEI,2,2,3,0,4,-6.624960755369926
qLogEI,2,2,3,0,5,-253.92006501925124
qLogEI,2,2,3,0,6,-430.580100466919
qLogEI,2,2,3,0,7,-514.8104913759691
qLogEI,2,2,3,0,8,-514.8104913759691
qLogEI,2,2,3,0,9,-599.1811469583018
qLogEI,2,2,3,0,10,-699.0939319300356
qLogEI,2,2,3,0,11,-699.0939319300356
qLogEI,2,2,3,0,12,-737.4415477196841
qLogEI,2,2,3,0,13,-775.0536432886271
qLogEI,2,2,3,0,14,-775.0536432886271
qLogEI,2,2,3,0,15,-775.0536432886271
qLogEI,2,2,3,0,16,-775.0536432886271
qLogEI,2,2,3,0,17,-775.0536432886271
qLogEI,2,2,3,0,18,-775.0536432886271
qLogEI,2,2,3,0,19,-793.3229279596551
qLogEI,2,2,3,0,20,-793.3229279596551
RL_Enhanced,2,2,3,0,1,-6.624960755369926
RL_Enhanced,2,2,3,0,2,-6.624960755369926
RL_Enhanced,2,2,3,0,3,-6.624960755369926
RL_Enhanced,2,2,3,0,4,-6.624960755369926
RL_Enhanced,2,2,3,0,5,-6.624960755369926
RL_Enhanced,2,2,3,0,6,-6.624960755369926
RL_Enhanced,2,2,3,0,7,-6.624960755369926
RL_Enhanced,2,2,3,0,8,-6.624960755369926
RL_Enhanced,2,2,3,0,9,-6.624960755369926
RL_Enhanced,2,2,3,0,10,-6.624960755369926
RL_Enhanced,2,2,3,0,11,-6.624960755369926
RL_Enhanced,2,2,3,0,12,-6.624960755369926
RL_Enhanced,2,2,3,0,13,-6.624960755369926
RL_Enhanced,2,2,3,0,14,-6.624960755369926
RL_Enhanced,2,2,3,0,15,-6.624960755369926
RL_Enhanced,2,2,3,0,16,-6.624960755369926
RL_Enhanced,2,2,3,0,17,-6.624960755369926
RL_Enhanced,2,2,3,0,18,-6.624960755369926
RL_Enhanced,2,2,3,0,19,-6.624960755369926
RL_Enhanced,2,2,3,0,20,-6.624960755369926
Random,2,2,3,1,1,inf
Random,2,2,3,1,2,inf
Random,2,2,3,1,3,inf
Random,2,2,3,1,4,inf
Random,2,2,3,1,5,inf
Random,2,2,3,1,6,inf
Random,2,2,3,1,7,inf
Random,2,2,3,1,8,inf
Random,2,2,3,1,9,inf
Random,2,2,3,1,10,inf
Random,2,2,3,1,11,-602.2970733350624
Random,2,2,3,1,12,-602.2970733350624
Random,2,2,3,1,13,-695.9339682374944
Random,2,2,3,1,14,-695.9339682374944
Random,2,2,3,1,15,-695.9339682374944
Random,2,2,3,1,16,-695.9339682374944
Random,2,2,3,1,17,-695.9339682374944
Random,2,2,3,1,18,-695.9339682374944
Random,2,2,3,1,19,-695.9339682374944
Random,2,2,3,1,20,-695.9339682374944
qLogEI,2,2,3,1,1,inf
qLogEI,2,2,3,1,2,inf
qLogEI,2,2,3,1,3,inf
qLogEI,2,2,3,1,4,inf
qLogEI,2,2,3,1,5,-452.7462348904925
qLogEI,2,2,3,1,6,-452.7462348904925
qLogEI,2,2,3,1,7,-726.7781840102522
qLogEI,2,2,3,1,8,-726.7781840102522
qLogEI,2,2,3,1,9,-754.4099932458902
qLogEI,2,2,3,1,10,-765.8661287575234
qLogEI,2,2,3,1,11,-782.24302310074
qLogEI,2,2,3,1,12,-793.9067191312652
qLogEI,2,2,3,1,13,-793.9067191312652
qLogEI,2,2,3,1,14,-793.9067191312652
qLogEI,2,2,3,1,15,-793.9067191312652
qLogEI,2,2,3,1,16,-793.9067191312652
qLogEI,2,2,3,1,17,-793.9067191312652
qLogEI,2,2,3,1,18,-793.9067191312652
qLogEI,2,2,3,1,19,-793.9067191312652
qLogEI,2,2,3,1,20,-793.9067191312652
RL_Enhanced,2,2,3,1,1,inf
RL_Enhanced,2,2,3,1,2,inf
RL_Enhanced,2,2,3,1,3,inf
RL_Enhanced,2,2,3,1,4,inf
RL_Enhanced,2,2,3,1,5,inf
RL_Enhanced,2,2,3,1,6,inf
RL_Enhanced,2,2,3,1,7,inf
RL_Enhanced,2,2,3,1,8,inf
RL_Enhanced,2,2,3,1,9,inf
RL_Enhanced,2,2,3,1,10,inf
RL_Enhanced,2,2,3,1,11,inf
RL_Enhanced,2,2,3,1,12,inf
RL_Enhanced,2,2,3,1,13,inf
RL_Enhanced,2,2,3,1,14,inf
RL_Enhanced,2,2,3,1,15,inf
RL_Enhanced,2,2,3,1,16,inf
RL_Enhanced,2,2,3,1,17,inf
RL_Enhanced,2,2,3,1,18,inf
RL_Enhanced,2,2,3,1,19,inf
RL_Enhanced,2,2,3,1,20,inf
Random,2,2,3,2,1,inf
Random,2,2,3,2,2,inf
Random,2,2,3,2,3,inf
Random,2,2,3,2,4,inf
Random,2,2,3,2,5,inf
Random,2,2,3,2,6,inf
Random,2,2,3,2,7,inf
Random,2,2,3,2,8,inf
Random,2,2,3,2,9,inf
Random,2,2,3,2,10,-378.8807032376685
Random,2,2,3,2,11,-500.39159316956363
Random,2,2,3,2,12,-500.39159316956363
Random,2,2,3,2,13,-500.39159316956363
Random,2,2,3,2,14,-500.39159316956363
Random,2,2,3,2,15,-500.39159316956363
Random,2,2,3,2,16,-500.39159316956363
Random,2,2,3,2,17,-500.39159316956363
Random,2,2,3,2,18,-530.5898771541022
Random,2,2,3,2,19,-530.5898771541022
Random,2,2,3,2,20,-530.5898771541022
qLogEI,2,2,3,2,1,inf
qLogEI,2,2,3,2,2,inf
qLogEI,2,2,3,2,3,inf
qLogEI,2,2,3,2,4,inf
qLogEI,2,2,3,2,5,inf
qLogEI,2,2,3,2,6,-744.1260618523165
qLogEI,2,2,3,2,7,-744.1260618523165
qLogEI,2,2,3,2,8,-744.1260618523165
qLogEI,2,2,3,2,9,-744.1260618523165
qLogEI,2,2,3,2,10,-769.2338215343158
qLogEI,2,2,3,2,11,-769.2338215343158
qLogEI,2,2,3,2,12,-797.0779954991867
qLogEI,2,2,3,2,13,-797.0779954991867
qLogEI,2,2,3,2,14,-797.0779954991867
qLogEI,2,2,3,2,15,-797.0779954991867
qLogEI,2,2,3,2,16,-797.0779954991867
qLogEI,2,2,3,2,17,-800.7189890178192
qLogEI,2,2,3,2,18,-800.7189890178192
qLogEI,2,2,3,2,19,-800.7189890178192
qLogEI,2,2,3,2,20,-800.7189890178192
RL_Enhanced,2,2,3,2,1,inf
RL_Enhanced,2,2,3,2,2,inf
RL_Enhanced,2,2,3,2,3,inf
RL_Enhanced,2,2,3,2,4,inf
RL_Enhanced,2,2,3,2,5,inf
RL_Enhanced,2,2,3,2,6,inf
RL_Enhanced,2,2,3,2,7,inf
RL_Enhanced,2,2,3,2,8,inf
RL_Enhanced,2,2,3,2,9,inf
RL_Enhanced,2,2,3,2,10,inf
RL_Enhanced,2,2,3,2,11,inf
RL_Enhanced,2,2,3,2,12,inf
RL_Enhanced,2,2,3,2,13,inf
RL_Enhanced,2,2,3,2,14,inf
RL_Enhanced,2,2,3,2,15,inf
RL_Enhanced,2,2,3,2,16,inf
RL_Enhanced,2,2,3,2,17,inf
RL_Enhanced,2,2,3,2,18,inf
RL_Enhanced,2,2,3,2,19,inf
RL_Enhanced,2,2,3,2,20,inf
Random,2,2,3,3,1,inf
Random,2,2,3,3,2,inf
Random,2,2,3,3,3,inf
Random,2,2,3,3,4,inf
Random,2,2,3,3,5,inf
Random,2,2,3,3,6,inf
Random,2,2,3,3,7,inf
Random,2,2,3,3,8,inf
Random,2,2,3,3,9,inf
Random,2,2,3,3,10,inf
Random,2,2,3,3,11,inf
Random,2,2,3,3,12,-209.08875890742266
Random,2,2,3,3,13,-209.08875890742266
Random,2,2,3,3,14,-209.08875890742266
Random,2,2,3,3,15,-209.08875890742266
Random,2,2,3,3,16,-431.28771494135697
Random,2,2,3,3,17,-431.28771494135697
Random,2,2,3,3,18,-431.28771494135697
Random,2,2,3,3,19,-431.28771494135697
Random,2,2,3,3,20,-431.28771494135697
qLogEI,2,2,3,3,1,inf
qLogEI,2,2,3,3,2,inf
qLogEI,2,2,3,3,3,inf
qLogEI,2,2,3,3,4,inf
qLogEI,2,2,3,3,5,-703.3981756166459
qLogEI,2,2,3,3,6,-721.1326054047872
qLogEI,2,2,3,3,7,-727.852869142314
qLogEI,2,2,3,3,8,-727.852869142314
qLogEI,2,2,3,3,9,-727.852869142314
qLogEI,2,2,3,3,10,-727.852869142314
qLogEI,2,2,3,3,11,-727.852869142314
qLogEI,2,2,3,3,12,-780.6160002433911
qLogEI,2,2,3,3,13,-780.6160002433911
qLogEI,2,2,3,3,14,-780.6160002433911
qLogEI,2,2,3,3,15,-785.6536419114058
qLogEI,2,2,3,3,16,-785.6536419114058
qLogEI,2,2,3,3,17,-790.8162268317891
qLogEI,2,2,3,3,18,-794.4204816844341
qLogEI,2,2,3,3,19,-794.4204816844341
qLogEI,2,2,3,3,20,-794.4204816844341
RL_Enhanced,2,2,3,3,1,inf
RL_Enhanced,2,2,3,3,2,inf
RL_Enhanced,2,2,3,3,3,inf
RL_Enhanced,2,2,3,3,4,inf
RL_Enhanced,2,2,3,3,5,inf
RL_Enhanced,2,2,3,3,6,inf
RL_Enhanced,2,2,3,3,7,inf
RL_Enhanced,2,2,3,3,8,inf
RL_Enhanced,2,2,3,3,9,inf
RL_Enhanced,2,2,3,3,10,inf
RL_Enhanced,2,2,3,3,11,inf
RL_Enhanced,2,2,3,3,12,inf
RL_Enhanced,2,2,3,3,13,inf
RL_Enhanced,2,2,3,3,14,inf
RL_Enhanced,2,2,3,3,15,inf
RL_Enhanced,2,2,3,3,16,inf
RL_Enhanced,2,2,3,3,17,inf
RL_Enhanced,2,2,3,3,18,inf
RL_Enhanced,2,2,3,3,19,inf
RL_Enhanced,2,2,3,3,20,inf
Random,2,2,3,4,1,inf
Random,2,2,3,4,2,-445.39911824747406
Random,2,2,3,4,3,-445.39911824747406
Random,2,2,3,4,4,-445.39911824747406
Random,2,2,3,4,5,-445.39911824747406
Random,2,2,3,4,6,-445.39911824747406
Random,2,2,3,4,7,-445.39911824747406
Random,2,2,3,4,8,-445.39911824747406
Random,2,2,3,4,9,-445.39911824747406
Random,2,2,3,4,10,-445.39911824747406
Random,2,2,3,4,11,-445.39911824747406
Random,2,2,3,4,12,-445.39911824747406
Random,2,2,3,4,13,-445.39911824747406
Random,2,2,3,4,14,-445.39911824747406
Random,2,2,3,4,15,-445.39911824747406
Random,2,2,3,4,16,-445.39911824747406
Random,2,2,3,4,17,-445.39911824747406
Random,2,2,3,4,18,-445.39911824747406
Random,2,2,3,4,19,-484.6794839132139
Random,2,2,3,4,20,-484.6794839132139
qLogEI,2,2,3,4,1,inf
qLogEI,2,2,3,4,2,-445.39911824747406
qLogEI,2,2,3,4,3,-445.39911824747406
qLogEI,2,2,3,4,4,-445.39911824747406
qLogEI,2,2,3,4,5,-658.2048131236472
qLogEI,2,2,3,4,6,-748.2438411300051
qLogEI,2,2,3,4,7,-748.2438411300051
qLogEI,2,2,3,4,8,-748.2438411300051
qLogEI,2,2,3,4,9,-748.2438411300051
qLogEI,2,2,3,4,10,-776.0225419703953
qLogEI,2,2,3,4,11,-776.0225419703953
qLogEI,2,2,3,4,12,-776.0225419703953
qLogEI,2,2,3,4,13,-781.4092110709356
qLogEI,2,2,3,4,14,-789.320213109592
qLogEI,2,2,3,4,15,-789.320213109592
qLogEI,2,2,3,4,16,-789.320213109592
qLogEI,2,2,3,4,17,-794.9950440371142
qLogEI,2,2,3,4,18,-794.9950440371142
qLogEI,2,2,3,4,19,-796.6698626304764
qLogEI,2,2,3,4,20,-796.6698626304764
RL_Enhanced,2,2,3,4,1,inf
RL_Enhanced,2,2,3,4,2,-445.39911824747406
RL_Enhanced,2,2,3,4,3,-445.39911824747406
RL_Enhanced,2,2,3,4,4,-445.39911824747406
RL_Enhanced,2,2,3,4,5,-445.39911824747406
RL_Enhanced,2,2,3,4,6,-445.39911824747406
RL_Enhanced,2,2,3,4,7,-445.39911824747406
RL_Enhanced,2,2,3,4,8,-445.39911824747406
RL_Enhanced,2,2,3,4,9,-445.39911824747406
RL_Enhanced,2,2,3,4,10,-445.39911824747406
RL_Enhanced,2,2,3,4,11,-445.39911824747406
RL_Enhanced,2,2,3,4,12,-445.39911824747406
RL_Enhanced,2,2,3,4,13,-445.39911824747406
RL_Enhanced,2,2,3,4,14,-445.39911824747406
RL_Enhanced,2,2,3,4,15,-445.39911824747406
RL_Enhanced,2,2,3,4,16,-445.39911824747406
RL_Enhanced,2,2,3,4,17,-445.39911824747406
RL_Enhanced,2,2,3,4,18,-445.39911824747406
RL_Enhanced,2,2,3,4,19,-445.39911824747406
RL_Enhanced,2,2,3,4,20,-445.39911824747406
Random,2,4,1,0,1,inf
Random,2,4,1,0,2,inf
Random,2,4,1,0,3,inf
Random,2,4,1,0,4,inf
Random,2,4,1,0,5,inf
Random,2,4,1,0,6,inf
Random,2,4,1,0,7,inf
Random,2,4,1,0,8,inf
Random,2,4,1,0,9,inf
Random,2,4,1,0,10,inf
Random,2,4,1,0,11,inf
Random,2,4,1,0,12,inf
Random,2,4,1,0,13,inf
Random,2,4,1,0,14,inf
Random,2,4,1,0,15,inf
Random,2,4,1,0,16,inf
Random,2,4,1,0,17,inf
Random,2,4,1,0,18,inf
Random,2,4,1,0,19,inf
Random,2,4,1,0,20,inf
qLogEI,2,4,1,0,1,inf
qLogEI,2,4,1,0,2,inf
qLogEI,2,4,1,0,3,inf
qLogEI,2,4,1,0,4,inf
qLogEI,2,4,1,0,5,inf
qLogEI,2,4,1,0,6,inf
qLogEI,2,4,1,0,7,inf
qLogEI,2,4,1,0,8,inf
qLogEI,2,4,1,0,9,inf
qLogEI,2,4,1,0,10,inf
qLogEI,2,4,1,0,11,inf
qLogEI,2,4,1,0,12,inf
qLogEI,2,4,1,0,13,inf
qLogEI,2,4,1,0,14,inf
qLogEI,2,4,1,0,15,inf
qLogEI,2,4,1,0,16,inf
qLogEI,2,4,1,0,17,inf
qLogEI,2,4,1,0,18,inf
qLogEI,2,4,1,0,19,inf
qLogEI,2,4,1,0,20,inf
RL_Enhanced,2,4,1,0,1,inf
RL_Enhanced,2,4,1,0,2,inf
RL_Enhanced,2,4,1,0,3,inf
RL_Enhanced,2,4,1,0,4,inf
RL_Enhanced,2,4,1,0,5,inf
RL_Enhanced,2,4,1,0,6,inf
RL_Enhanced,2,4,1,0,7,inf
RL_Enhanced,2,4,1,0,8,inf
RL_Enhanced,2,4,1,0,9,inf
RL_Enhanced,2,4,1,0,10,inf
RL_Enhanced,2,4,1,0,11,inf
RL_Enhanced,2,4,1,0,12,inf
RL_Enhanced,2,4,1,0,13,inf
RL_Enhanced,2,4,1,0,14,inf
RL_Enhanced,2,4,1,0,15,inf
RL_Enhanced,2,4,1,0,16,inf
RL_Enhanced,2,4,1,0,17,inf
RL_Enhanced,2,4,1,0,18,inf
RL_Enhanced,2,4,1,0,19,inf
RL_Enhanced,2,4,1,0,20,inf
Random,2,4,1,1,1,inf
Random,2,4,1,1,2,inf
Random,2,4,1,1,3,inf
Random,2,4,1,1,4,inf
Random,2,4,1,1,5,inf
Random,2,4,1,1,6,inf
Random,2,4,1,1,7,inf
Random,2,4,1,1,8,inf
Random,2,4,1,1,9,inf
Random,2,4,1,1,10,inf
Random,2,4,1,1,11,inf
Random,2,4,1,1,12,inf
Random,2,4,1,1,13,inf
Random,2,4,1,1,14,inf
Random,2,4,1,1,15,inf
Random,2,4,1,1,16,inf
Random,2,4,1,1,17,inf
Random,2,4,1,1,18,inf
Random,2,4,1,1,19,inf
Random,2,4,1,1,20,inf
qLogEI,2,4,1,1,1,inf
qLogEI,2,4,1,1,2,inf
qLogEI,2,4,1,1,3,inf
qLogEI,2,4,1,1,4,inf
qLogEI,2,4,1,1,5,inf
qLogEI,2,4,1,1,6,inf
qLogEI,2,4,1,1,7,inf
qLogEI,2,4,1,1,8,inf
qLogEI,2,4,1,1,9,inf
qLogEI,2,4,1,1,10,inf
qLogEI,2,4,1,1,11,inf
qLogEI,2,4,1,1,12,inf
qLogEI,2,4,1,1,13,inf
qLogEI,2,4,1,1,14,inf
qLogEI,2,4,1,1,15,inf
qLogEI,2,4,1,1,16,inf
qLogEI,2,4,1,1,17,inf
qLogEI,2,4,1,1,18,inf
qLogEI,2,4,1,1,19,inf
qLogEI,2,4,1,1,20,inf
RL_Enhanced,2,4,1,1,1,inf
RL_Enhanced,2,4,1,1,2,inf
RL_Enhanced,2,4,1,1,3,inf
RL_Enhanced,2,4,1,1,4,inf
RL_Enhanced,2,4,1,1,5,inf
RL_Enhanced,2,4,1,1,6,inf
RL_Enhanced,2,4,1,1,7,inf
RL_Enhanced,2,4,1,1,8,inf
RL_Enhanced,2,4,1,1,9,inf
RL_Enhanced,2,4,1,1,10,inf
RL_Enhanced,2,4,1,1,11,inf
RL_Enhanced,2,4,1,1,12,inf
RL_Enhanced,2,4,1,1,13,inf
RL_Enhanced,2,4,1,1,14,inf
RL_Enhanced,2,4,1,1,15,inf
RL_Enhanced,2,4,1,1,16,inf
RL_Enhanced,2,4,1,1,17,inf
RL_Enhanced,2,4,1,1,18,inf
RL_Enhanced,2,4,1,1,19,inf
RL_Enhanced,2,4,1,1,20,inf
Random,2,4,1,2,1,inf
Random,2,4,1,2,2,inf
Random,2,4,1,2,3,inf
Random,2,4,1,2,4,inf
Random,2,4,1,2,5,inf
Random,2,4,1,2,6,inf
Random,2,4,1,2,7,inf
Random,2,4,1,2,8,inf
Random,2,4,1,2,9,inf
Random,2,4,1,2,10,inf
Random,2,4,1,2,11,inf
Random,2,4,1,2,12,inf
Random,2,4,1,2,13,inf
Random,2,4,1,2,14,inf
Random,2,4,1,2,15,inf
Random,2,4,1,2,16,inf
Random,2,4,1,2,17,inf
Random,2,4,1,2,18,inf
Random,2,4,1,2,19,inf
Random,2,4,1,2,20,inf
qLogEI,2,4,1,2,1,inf
qLogEI,2,4,1,2,2,inf
qLogEI,2,4,1,2,3,inf
qLogEI,2,4,1,2,4,inf
qLogEI,2,4,1,2,5,inf
qLogEI,2,4,1,2,6,inf
qLogEI,2,4,1,2,7,inf
qLogEI,2,4,1,2,8,inf
qLogEI,2,4,1,2,9,inf
qLogEI,2,4,1,2,10,inf
qLogEI,2,4,1,2,11,inf
qLogEI,2,4,1,2,12,inf
qLogEI,2,4,1,2,13,inf
qLogEI,2,4,1,2,14,inf
qLogEI,2,4,1,2,15,inf
qLogEI,2,4,1,2,16,inf
qLogEI,2,4,1,2,17,inf
qLogEI,2,4,1,2,18,inf
qLogEI,2,4,1,2,19,inf
qLogEI,2,4,1,2,20,inf
RL_Enhanced,2,4,1,2,1,inf
RL_Enhanced,2,4,1,2,2,inf
RL_Enhanced,2,4,1,2,3,inf
RL_Enhanced,2,4,1,2,4,inf
RL_Enhanced,2,4,1,2,5,inf
RL_Enhanced,2,4,1,2,6,inf
RL_Enhanced,2,4,1,2,7,inf
RL_Enhanced,2,4,1,2,8,inf
RL_Enhanced,2,4,1,2,9,inf
RL_Enhanced,2,4,1,2,10,inf
RL_Enhanced,2,4,1,2,11,inf
RL_Enhanced,2,4,1,2,12,inf
RL_Enhanced,2,4,1,2,13,inf
RL_Enhanced,2,4,1,2,14,inf
RL_Enhanced,2,4,1,2,15,inf
RL_Enhanced,2,4,1,2,16,inf
RL_Enhanced,2,4,1,2,17,inf
RL_Enhanced,2,4,1,2,18,inf
RL_Enhanced,2,4,1,2,19,inf
RL_Enhanced,2,4,1,2,20,inf
Random,2,4,1,3,1,inf
Random,2,4,1,3,2,inf
Random,2,4,1,3,3,inf
Random,2,4,1,3,4,inf
Random,2,4,1,3,5,inf
Random,2,4,1,3,6,inf
Random,2,4,1,3,7,inf
Random,2,4,1,3,8,inf
Random,2,4,1,3,9,inf
Random,2,4,1,3,10,inf
Random,2,4,1,3,11,inf
Random,2,4,1,3,12,inf
Random,2,4,1,3,13,inf
Random,2,4,1,3,14,inf
Random,2,4,1,3,15,inf
Random,2,4,1,3,16,inf
Random,2,4,1,3,17,inf
Random,2,4,1,3,18,inf
Random,2,4,1,3,19,inf
Random,2,4,1,3,20,inf
qLogEI,2,4,1,3,1,inf
qLogEI,2,4,1,3,2,inf
qLogEI,2,4,1,3,3,inf
qLogEI,2,4,1,3,4,inf
qLogEI,2,4,1,3,5,inf
qLogEI,2,4,1,3,6,inf
qLogEI,2,4,1,3,7,inf
qLogEI,2,4,1,3,8,inf
qLogEI,2,4,1,3,9,inf
qLogEI,2,4,1,3,10,inf
qLogEI,2,4,1,3,11,inf
qLogEI,2,4,1,3,12,inf
qLogEI,2,4,1,3,13,inf
qLogEI,2,4,1,3,14,inf
qLogEI,2,4,1,3,15,inf
qLogEI,2,4,1,3,16,inf
qLogEI,2,4,1,3,17,inf
qLogEI,2,4,1,3,18,inf
qLogEI,2,4,1,3,19,inf
qLogEI,2,4,1,3,20,inf
RL_Enhanced,2,4,1,3,1,inf
RL_Enhanced,2,4,1,3,2,inf
RL_Enhanced,2,4,1,3,3,inf
RL_Enhanced,2,4,1,3,4,inf
RL_Enhanced,2,4,1,3,5,inf
RL_Enhanced,2,4,1,3,6,inf
RL_Enhanced,2,4,1,3,7,inf
RL_Enhanced,2,4,1,3,8,inf
RL_Enhanced,2,4,1,3,9,inf
RL_Enhanced,2,4,1,3,10,inf
RL_Enhanced,2,4,1,3,11,inf
RL_Enhanced,2,4,1,3,12,inf
RL_Enhanced,2,4,1,3,13,inf
RL_Enhanced,2,4,1,3,14,inf
RL_Enhanced,2,4,1,3,15,inf
RL_Enhanced,2,4,1,3,16,inf
RL_Enhanced,2,4,1,3,17,inf
RL_Enhanced,2,4,1,3,18,inf
RL_Enhanced,2,4,1,3,19,inf
RL_Enhanced,2,4,1,3,20,inf
Random,2,4,1,4,1,inf
Random,2,4,1,4,2,inf
Random,2,4,1,4,3,inf
Random,2,4,1,4,4,inf
Random,2,4,1,4,5,inf
Random,2,4,1,4,6,inf
Random,2,4,1,4,7,inf
Random,2,4,1,4,8,inf
Random,2,4,1,4,9,inf
Random,2,4,1,4,10,inf
Random,2,4,1,4,11,inf
Random,2,4,1,4,12,inf
Random,2,4,1,4,13,inf
Random,2,4,1,4,14,inf
Random,2,4,1,4,15,inf
Random,2,4,1,4,16,inf
Random,2,4,1,4,17,inf
Random,2,4,1,4,18,inf
Random,2,4,1,4,19,inf
Random,2,4,1,4,20,inf
qLogEI,2,4,1,4,1,inf
qLogEI,2,4,1,4,2,inf
qLogEI,2,4,1,4,3,inf
qLogEI,2,4,1,4,4,inf
qLogEI,2,4,1,4,5,inf
qLogEI,2,4,1,4,6,inf
qLogEI,2,4,1,4,7,inf
qLogEI,2,4,1,4,8,inf
qLogEI,2,4,1,4,9,inf
qLogEI,2,4,1,4,10,inf
qLogEI,2,4,1,4,11,inf
qLogEI,2,4,1,4,12,inf
qLogEI,2,4,1,4,13,inf
qLogEI,2,4,1,4,14,inf
qLogEI,2,4,1,4,15,inf
qLogEI,2,4,1,4,16,inf
qLogEI,2,4,1,4,17,inf
qLogEI,2,4,1,4,18,inf
qLogEI,2,4,1,4,19,inf
qLogEI,2,4,1,4,20,inf
RL_Enhanced,2,4,1,4,1,inf
RL_Enhanced,2,4,1,4,2,inf
RL_Enhanced,2,4,1,4,3,inf
RL_Enhanced,2,4,1,4,4,inf
RL_Enhanced,2,4,1,4,5,inf
RL_Enhanced,2,4,1,4,6,inf
RL_Enhanced,2,4,1,4,7,inf
RL_Enhanced,2,4,1,4,8,inf
RL_Enhanced,2,4,1,4,9,inf
RL_Enhanced,2,4,1,4,10,inf
RL_Enhanced,2,4,1,4,11,inf
RL_Enhanced,2,4,1,4,12,inf
RL_Enhanced,2,4,1,4,13,inf
RL_Enhanced,2,4,1,4,14,inf
RL_Enhanced,2,4,1,4,15,inf
RL_Enhanced,2,4,1,4,16,inf
RL_Enhanced,2,4,1,4,17,inf
RL_Enhanced,2,4,1,4,18,inf
RL_Enhanced,2,4,1,4,19,inf
RL_Enhanced,2,4,1,4,20,inf
Random,2,4,2,0,1,inf
Random,2,4,2,0,2,2064.575204486192
Random,2,4,2,0,3,2064.575204486192
Random,2,4,2,0,4,2064.575204486192
Random,2,4,2,0,5,2064.575204486192
Random,2,4,2,0,6,2064.575204486192
Random,2,4,2,0,7,2064.575204486192
Random,2,4,2,0,8,2064.575204486192
Random,2,4,2,0,9,1686.7888468288106
Random,2,4,2,0,10,1686.7888468288106
Random,2,4,2,0,11,1686.7888468288106
Random,2,4,2,0,12,1686.7888468288106
Random,2,4,2,0,13,1686.7888468288106
Random,2,4,2,0,14,1686.7888468288106
Random,2,4,2,0,15,1686.7888468288106
Random,2,4,2,0,16,1686.7888468288106
Random,2,4,2,0,17,1686.7888468288106
Random,2,4,2,0,18,1686.7888468288106
Random,2,4,2,0,19,1686.7888468288106
Random,2,4,2,0,20,1686.7888468288106
qLogEI,2,4,2,0,1,inf
qLogEI,2,4,2,0,2,2064.575204486192
qLogEI,2,4,2,0,3,2064.575204486192
qLogEI,2,4,2,0,4,2064.575204486192
qLogEI,2,4,2,0,5,2064.575204486192
qLogEI,2,4,2,0,6,2064.575204486192
qLogEI,2,4,2,0,7,2064.575204486192
qLogEI,2,4,2,0,8,986.1563209825713
qLogEI,2,4,2,0,9,986.1563209825713
qLogEI,2,4,2,0,10,986.1563209825713
qLogEI,2,4,2,0,11,986.1563209825713
qLogEI,2,4,2,0,12,986.1563209825713
qLogEI,2,4,2,0,13,986.1563209825713
qLogEI,2,4,2,0,14,986.1563209825713
qLogEI,2,4,2,0,15,986.1563209825713
qLogEI,2,4,2,0,16,986.1563209825713
qLogEI,2,4,2,0,17,986.1563209825713
qLogEI,2,4,2,0,18,986.1563209825713
qLogEI,2,4,2,0,19,986.1563209825713
qLogEI,2,4,2,0,20,986.1563209825713
RL_Enhanced,2,4,2,0,1,inf
RL_Enhanced,2,4,2,0,2,2064.575204486192
RL_Enhanced,2,4,2,0,3,2064.575204486192
RL_Enhanced,2,4,2,0,4,2064.575204486192
RL_Enhanced,2,4,2,0,5,2064.575204486192
RL_Enhanced,2,4,2,0,6,2064.575204486192
RL_Enhanced,2,4,2,0,7,1967.2434460060394
RL_Enhanced,2,4,2,0,8,1797.9351507623462
RL_Enhanced,2,4,2,0,9,1797.9351507623462
RL_Enhanced,2,4,2,0,10,1797.9351507623462
RL_Enhanced,2,4,2,0,11,1797.9351507623462
RL_Enhanced,2,4,2,0,12,1797.9351507623462
RL_Enhanced,2,4,2,0,13,1797.9351507623462
RL_Enhanced,2,4,2,0,14,1014.4481431035119
RL_Enhanced,2,4,2,0,15,1014.4481431035119
RL_Enhanced,2,4,2,0,16,1014.4481431035119
RL_Enhanced,2,4,2,0,17,1014.4481431035119
RL_Enhanced,2,4,2,0,18,1014.4481431035119
RL_Enhanced,2,4,2,0,19,1014.4481431035119
RL_Enhanced,2,4,2,0,20,1014.4481431035119
Random,2,4,2,1,1,inf
Random,2,4,2,1,2,inf
Random,2,4,2,1,3,1850.2852302735346
Random,2,4,2,1,4,1850.2852302735346
Random,2,4,2,1,5,1850.2852302735346
Random,2,4,2,1,6,1166.6715414658877
Random,2,4,2,1,7,1166.6715414658877
Random,2,4,2,1,8,1166.6715414658877
Random,2,4,2,1,9,1166.6715414658877
Random,2,4,2,1,10,1166.6715414658877
Random,2,4,2,1,11,1166.6715414658877
Random,2,4,2,1,12,1166.6715414658877
Random,2,4,2,1,13,1166.6715414658877
Random,2,4,2,1,14,1166.6715414658877
Random,2,4,2,1,15,1166.6715414658877
Random,2,4,2,1,16,1166.6715414658877
Random,2,4,2,1,17,1166.6715414658877
Random,2,4,2,1,18,1166.6715414658877
Random,2,4,2,1,19,1166.6715414658877
Random,2,4,2,1,20,1166.6715414658877
qLogEI,2,4,2,1,1,inf
qLogEI,2,4,2,1,2,inf
qLogEI,2,4,2,1,3,1850.2852302735346
qLogEI,2,4,2,1,4,1850.2852302735346
qLogEI,2,4,2,1,5,1850.2852302735346
qLogEI,2,4,2,1,6,1560.0031989502352
qLogEI,2,4,2,1,7,1483.5688298461146
qLogEI,2,4,2,1,8,1327.994160508495
qLogEI,2,4,2,1,9,1210.1295919044678
qLogEI,2,4,2,1,10,1210.1295919044678
qLogEI,2,4,2,1,11,1101.2140465344146
qLogEI,2,4,2,1,12,1012.8519305508787
qLogEI,2,4,2,1,13,1012.8519305508787
qLogEI,2,4,2,1,14,977.869515541454
qLogEI,2,4,2,1,15,961.9699078345948
qLogEI,2,4,2,1,16,954.3358743686897
qLogEI,2,4,2,1,17,954.3358743686897
qLogEI,2,4,2,1,18,954.3358743686897
qLogEI,2,4,2,1,19,951.3434213966302
qLogEI,2,4,2,1,20,946.0733912276811
RL_Enhanced,2,4,2,1,1,inf
RL_Enhanced,2,4,2,1,2,inf
RL_Enhanced,2,4,2,1,3,1850.2852302735346
RL_Enhanced,2,4,2,1,4,1850.2852302735346
RL_Enhanced,2,4,2,1,5,1850.2852302735346
RL_Enhanced,2,4,2,1,6,1850.2852302735346
RL_Enhanced,2,4,2,1,7,1850.2852302735346
RL_Enhanced,2,4,2,1,8,1850.2852302735346
RL_Enhanced,2,4,2,1,9,1850.2852302735346
RL_Enhanced,2,4,2,1,10,1850.2852302735346
RL_Enhanced,2,4,2,1,11,1850.2852302735346
RL_Enhanced,2,4,2,1,12,1850.2852302735346
RL_Enhanced,2,4,2,1,13,1850.2852302735346
RL_Enhanced,2,4,2,1,14,1850.2852302735346
RL_Enhanced,2,4,2,1,15,1850.2852302735346
RL_Enhanced,2,4,2,1,16,1850.2852302735346
RL_Enhanced,2,4,2,1,17,1850.2852302735346
RL_Enhanced,2,4,2,1,18,1850.2852302735346
RL_Enhanced,2,4,2,1,19,1850.2852302735346
RL_Enhanced,2,4,2,1,20,1850.2852302735346
Random,2,4,2,2,1,inf
Random,2,4,2,2,2,inf
Random,2,4,2,2,3,inf
Random,2,4,2,2,4,inf
Random,2,4,2,2,5,inf
Random,2,4,2,2,6,2054.9336275721753
Random,2,4,2,2,7,2054.9336275721753
Random,2,4,2,2,8,2054.9336275721753
Random,2,4,2,2,9,2054.9336275721753
Random,2,4,2,2,10,2054.9336275721753
Random,2,4,2,2,11,2054.9336275721753
Random,2,4,2,2,12,1596.7726467943285
Random,2,4,2,2,13,1596.7726467943285
Random,2,4,2,2,14,1596.7726467943285
Random,2,4,2,2,15,1596.7726467943285
Random,2,4,2,2,16,1596.7726467943285
Random,2,4,2,2,17,1596.7726467943285
Random,2,4,2,2,18,1596.7726467943285
Random,2,4,2,2,19,1596.7726467943285
Random,2,4,2,2,20,1596.7726467943285
qLogEI,2,4,2,2,1,inf
qLogEI,2,4,2,2,2,inf
qLogEI,2,4,2,2,3,inf
qLogEI,2,4,2,2,4,inf
qLogEI,2,4,2,2,5,inf
qLogEI,2,4,2,2,6,inf
qLogEI,2,4,2,2,7,inf
qLogEI,2,4,2,2,8,inf
qLogEI,2,4,2,2,9,inf
qLogEI,2,4,2,2,10,inf
qLogEI,2,4,2,2,11,inf
qLogEI,2,4,2,2,12,inf
qLogEI,2,4,2,2,13,inf
qLogEI,2,4,2,2,14,inf
qLogEI,2,4,2,2,15,inf
qLogEI,2,4,2,2,16,inf
qLogEI,2,4,2,2,17,inf
qLogEI,2,4,2,2,18,inf
qLogEI,2,4,2,2,19,inf
qLogEI,2,4,2,2,20,inf
RL_Enhanced,2,4,2,2,1,inf
RL_Enhanced,2,4,2,2,2,inf
RL_Enhanced,2,4,2,2,3,inf
RL_Enhanced,2,4,2,2,4,inf
RL_Enhanced,2,4,2,2,5,1872.265410261321
RL_Enhanced,2,4,2,2,6,1872.265410261321
RL_Enhanced,2,4,2,2,7,1872.265410261321
RL_Enhanced,2,4,2,2,8,1872.265410261321
RL_Enhanced,2,4,2,2,9,1872.265410261321
RL_Enhanced,2,4,2,2,10,1872.265410261321
RL_Enhanced,2,4,2,2,11,1872.265410261321
RL_Enhanced,2,4,2,2,12,1872.265410261321
RL_Enhanced,2,4,2,2,13,1872.265410261321
RL_Enhanced,2,4,2,2,14,1872.265410261321
RL_Enhanced,2,4,2,2,15,1872.265410261321
RL_Enhanced,2,4,2,2,16,1872.265410261321
RL_Enhanced,2,4,2,2,17,1872.265410261321
RL_Enhanced,2,4,2,2,18,1872.265410261321
RL_Enhanced,2,4,2,2,19,1872.265410261321
RL_Enhanced,2,4,2,2,20,1872.265410261321
Random,2,4,2,3,1,inf
Random,2,4,2,3,2,inf
Random,2,4,2,3,3,inf
Random,2,4,2,3,4,inf
Random,2,4,2,3,5,inf
Random,2,4,2,3,6,inf
Random,2,4,2,3,7,inf
Random,2,4,2,3,8,inf
Random,2,4,2,3,9,inf
Random,2,4,2,3,10,inf
Random,2,4,2,3,11,inf
Random,2,4,2,3,12,inf
Random,2,4,2,3,13,1365.3482615607825
Random,2,4,2,3,14,1365.3482615607825
Random,2,4,2,3,15,1365.3482615607825
Random,2,4,2,3,16,1365.3482615607825
Random,2,4,2,3,17,1365.3482615607825
Random,2,4,2,3,18,1365.3482615607825
Random,2,4,2,3,19,1365.3482615607825
Random,2,4,2,3,20,1365.3482615607825
qLogEI,2,4,2,3,1,inf
qLogEI,2,4,2,3,2,inf
qLogEI,2,4,2,3,3,inf
qLogEI,2,4,2,3,4,inf
qLogEI,2,4,2,3,5,inf
qLogEI,2,4,2,3,6,2253.852533352444
qLogEI,2,4,2,3,7,2178.601483482103
qLogEI,2,4,2,3,8,2075.0130354598095
qLogEI,2,4,2,3,9,1994.3944522867082
qLogEI,2,4,2,3,10,1919.148137875222
qLogEI,2,4,2,3,11,1879.867380435248
qLogEI,2,4,2,3,12,1815.183289718972
qLogEI,2,4,2,3,13,1760.731239885363
qLogEI,2,4,2,3,14,1760.731239885363
qLogEI,2,4,2,3,15,1760.731239885363
qLogEI,2,4,2,3,16,1760.731239885363
qLogEI,2,4,2,3,17,1545.9033397790604
qLogEI,2,4,2,3,18,1353.5449794669066
qLogEI,2,4,2,3,19,1353.5449794669066
qLogEI,2,4,2,3,20,1082.5371288755532
RL_Enhanced,2,4,2,3,1,inf
RL_Enhanced,2,4,2,3,2,inf
RL_Enhanced,2,4,2,3,3,inf
RL_Enhanced,2,4,2,3,4,inf
RL_Enhanced,2,4,2,3,5,inf
RL_Enhanced,2,4,2,3,6,inf
RL_Enhanced,2,4,2,3,7,inf
RL_Enhanced,2,4,2,3,8,inf
RL_Enhanced,2,4,2,3,9,inf
RL_Enhanced,2,4,2,3,10,inf
RL_Enhanced,2,4,2,3,11,inf
RL_Enhanced,2,4,2,3,12,inf
RL_Enhanced,2,4,2,3,13,inf
RL_Enhanced,2,4,2,3,14,inf
RL_Enhanced,2,4,2,3,15,inf
RL_Enhanced,2,4,2,3,16,inf
RL_Enhanced,2,4,2,3,17,inf
RL_Enhanced,2,4,2,3,18,inf
RL_Enhanced,2,4,2,3,19,inf
RL_Enhanced,2,4,2,3,20,inf
Random,2,4,2,4,1,inf
Random,2,4,2,4,2,inf
Random,2,4,2,4,3,inf
Random,2,4,2,4,4,inf
Random,2,4,2,4,5,inf
Random,2,4,2,4,6,inf
Random,2,4,2,4,7,1227.2796248219533
Random,2,4,2,4,8,1227.2796248219533
Random,2,4,2,4,9,1227.2796248219533
Random,2,4,2,4,10,1227.2796248219533
Random,2,4,2,4,11,1227.2796248219533
Random,2,4,2,4,12,1227.2796248219533
Random,2,4,2,4,13,1227.2796248219533
Random,2,4,2,4,14,1227.2796248219533
Random,2,4,2,4,15,1227.2796248219533
Random,2,4,2,4,16,1227.2796248219533
Random,2,4,2,4,17,1227.2796248219533
Random,2,4,2,4,18,1227.2796248219533
Random,2,4,2,4,19,1227.2796248219533
Random,2,4,2,4,20,1227.2796248219533
qLogEI,2,4,2,4,1,inf
qLogEI,2,4,2,4,2,inf
qLogEI,2,4,2,4,3,inf
qLogEI,2,4,2,4,4,inf
qLogEI,2,4,2,4,5,inf
qLogEI,2,4,2,4,6,inf
qLogEI,2,4,2,4,7,inf
qLogEI,2,4,2,4,8,inf
qLogEI,2,4,2,4,9,inf
qLogEI,2,4,2,4,10,inf
qLogEI,2,4,2,4,11,inf
qLogEI,2,4,2,4,12,inf
qLogEI,2,4,2,4,13,1325.0932454603922
qLogEI,2,4,2,4,14,1296.8970654869286
qLogEI,2,4,2,4,15,1227.4321830767606
qLogEI,2,4,2,4,16,1227.4321830767606
qLogEI,2,4,2,4,17,1227.4321830767606
qLogEI,2,4,2,4,18,1191.6461438325632
qLogEI,2,4,2,4,19,1191.6461438325632
qLogEI,2,4,2,4,20,1135.4189405501231
RL_Enhanced,2,4,2,4,1,inf
RL_Enhanced,2,4,2,4,2,inf
RL_Enhanced,2,4,2,4,3,inf
RL_Enhanced,2,4,2,4,4,inf
RL_Enhanced,2,4,2,4,5,inf
RL_Enhanced,2,4,2,4,6,inf
RL_Enhanced,2,4,2,4,7,inf
RL_Enhanced,2,4,2,4,8,inf
RL_Enhanced,2,4,2,4,9,inf
RL_Enhanced,2,4,2,4,10,inf
RL_Enhanced,2,4,2,4,11,2214.349026236736
RL_Enhanced,2,4,2,4,12,2214.349026236736
RL_Enhanced,2,4,2,4,13,2214.349026236736
RL_Enhanced,2,4,2,4,14,2214.349026236736
RL_Enhanced,2,4,2,4,15,2134.3631854706755
RL_Enhanced,2,4,2,4,16,2094.9348017810353
RL_Enhanced,2,4,2,4,17,2064.158492639138
RL_Enhanced,2,4,2,4,18,2063.6205543527985
RL_Enhanced,2,4,2,4,19,2018.6263625396157
RL_Enhanced,2,4,2,4,20,1983.0699974743754
Random,2,4,3,0,1,inf
Random,2,4,3,0,2,inf
Random,2,4,3,0,3,inf
Random,2,4,3,0,4,inf
Random,2,4,3,0,5,inf
Random,2,4,3,0,6,inf
Random,2,4,3,0,7,inf
Random,2,4,3,0,8,inf
Random,2,4,3,0,9,inf
Random,2,4,3,0,10,inf
Random,2,4,3,0,11,1483.1865587290738
Random,2,4,3,0,12,1483.1865587290738
Random,2,4,3,0,13,1483.1865587290738
Random,2,4,3,0,14,1483.1865587290738
Random,2,4,3,0,15,1483.1865587290738
Random,2,4,3,0,16,1483.1865587290738
Random,2,4,3,0,17,1483.1865587290738
Random,2,4,3,0,18,1483.1865587290738
Random,2,4,3,0,19,1483.1865587290738
Random,2,4,3,0,20,1483.1865587290738
qLogEI,2,4,3,0,1,inf
qLogEI,2,4,3,0,2,inf
qLogEI,2,4,3,0,3,inf
qLogEI,2,4,3,0,4,inf
qLogEI,2,4,3,0,5,1407.6967507792858
qLogEI,2,4,3,0,6,1407.6967507792858
qLogEI,2,4,3,0,7,1407.0113026722747
qLogEI,2,4,3,0,8,1405.1775214383167
qLogEI,2,4,3,0,9,1395.253492847328
qLogEI,2,4,3,0,10,1390.4575188481954
qLogEI,2,4,3,0,11,1385.0268985600105
qLogEI,2,4,3,0,12,1377.4133148419176
qLogEI,2,4,3,0,13,1377.4133148419176
qLogEI,2,4,3,0,14,1374.7421779308581
qLogEI,2,4,3,0,15,1371.7088826749593
qLogEI,2,4,3,0,16,1359.758450228486
qLogEI,2,4,3,0,17,1356.0052742640887
qLogEI,2,4,3,0,18,1353.128030215811
qLogEI,2,4,3,0,19,1353.128030215811
qLogEI,2,4,3,0,20,1353.128030215811
RL_Enhanced,2,4,3,0,1,inf
RL_Enhanced,2,4,3,0,2,inf
RL_Enhanced,2,4,3,0,3,inf
RL_Enhanced,2,4,3,0,4,inf
RL_Enhanced,2,4,3,0,5,inf
RL_Enhanced,2,4,3,0,6,inf
RL_Enhanced,2,4,3,0,7,inf
RL_Enhanced,2,4,3,0,8,inf
RL_Enhanced,2,4,3,0,9,inf
RL_Enhanced,2,4,3,0,10,inf
RL_Enhanced,2,4,3,0,11,inf
RL_Enhanced,2,4,3,0,12,inf
RL_Enhanced,2,4,3,0,13,inf
RL_Enhanced,2,4,3,0,14,inf
RL_Enhanced,2,4,3,0,15,inf
RL_Enhanced,2,4,3,0,16,inf
RL_Enhanced,2,4,3,0,17,inf
RL_Enhanced,2,4,3,0,18,inf
RL_Enhanced,2,4,3,0,19,inf
RL_Enhanced,2,4,3,0,20,inf
Random,2,4,3,1,1,inf
Random,2,4,3,1,2,inf
Random,2,4,3,1,3,inf
Random,2,4,3,1,4,1306.3811800700876
Random,2,4,3,1,5,1306.3811800700876
Random,2,4,3,1,6,1306.3811800700876
Random,2,4,3,1,7,1306.3811800700876
Random,2,4,3,1,8,1306.3811800700876
Random,2,4,3,1,9,1306.3811800700876
Random,2,4,3,1,10,1306.3811800700876
Random,2,4,3,1,11,1306.3811800700876
Random,2,4,3,1,12,1306.3811800700876
Random,2,4,3,1,13,1306.3811800700876
Random,2,4,3,1,14,1306.3811800700876
Random,2,4,3,1,15,1306.3811800700876
Random,2,4,3,1,16,1306.3811800700876
Random,2,4,3,1,17,1306.3811800700876
Random,2,4,3,1,18,1306.3811800700876
Random,2,4,3,1,19,1306.3811800700876
Random,2,4,3,1,20,1306.3811800700876
qLogEI,2,4,3,1,1,inf
qLogEI,2,4,3,1,2,inf
qLogEI,2,4,3,1,3,inf
qLogEI,2,4,3,1,4,1306.3811800700876
qLogEI,2,4,3,1,5,1306.3811800700876
qLogEI,2,4,3,1,6,1306.3811800700876
qLogEI,2,4,3,1,7,1306.3811800700876
qLogEI,2,4,3,1,8,1306.0534820495977
qLogEI,2,4,3,1,9,1306.0534820495977
qLogEI,2,4,3,1,10,1306.0534820495977
qLogEI,2,4,3,1,11,1306.0534820495977
qLogEI,2,4,3,1,12,1306.0534820495977
qLogEI,2,4,3,1,13,1306.0534820495977
qLogEI,2,4,3,1,14,1306.0534820495977
qLogEI,2,4,3,1,15,1305.7297666776044
qLogEI,2,4,3,1,16,1305.7297666776044
qLogEI,2,4,3,1,17,1305.7297666776044
qLogEI,2,4,3,1,18,1305.7297666776044
qLogEI,2,4,3,1,19,1305.7297666776044
qLogEI,2,4,3,1,20,1305.3456706169218
RL_Enhanced,2,4,3,1,1,inf
RL_Enhanced,2,4,3,1,2,inf
RL_Enhanced,2,4,3,1,3,inf
RL_Enhanced,2,4,3,1,4,1306.3811800700876
RL_Enhanced,2,4,3,1,5,1306.3811800700876
RL_Enhanced,2,4,3,1,6,1306.3811800700876
RL_Enhanced,2,4,3,1,7,1306.3811800700876
RL_Enhanced,2,4,3,1,8,1306.3811800700876
RL_Enhanced,2,4,3,1,9,1306.3811800700876
RL_Enhanced,2,4,3,1,10,1306.3811800700876
RL_Enhanced,2,4,3,1,11,1306.3811800700876
RL_Enhanced,2,4,3,1,12,1306.3811800700876
RL_Enhanced,2,4,3,1,13,1306.3811800700876
RL_Enhanced,2,4,3,1,14,1306.3811800700876
RL_Enhanced,2,4,3,1,15,1306.3811800700876
RL_Enhanced,2,4,3,1,16,1306.3811800700876
RL_Enhanced,2,4,3,1,17,1306.3811800700876
RL_Enhanced,2,4,3,1,18,1306.3811800700876
RL_Enhanced,2,4,3,1,19,1306.3811800700876
RL_Enhanced,2,4,3,1,20,1306.3811800700876
Random,2,4,3,2,1,inf
Random,2,4,3,2,2,inf
Random,2,4,3,2,3,inf
Random,2,4,3,2,4,inf
Random,2,4,3,2,5,inf
Random,2,4,3,2,6,inf
Random,2,4,3,2,7,inf
Random,2,4,3,2,8,1328.3759615511408
Random,2,4,3,2,9,1328.3759615511408
Random,2,4,3,2,10,1328.3759615511408
Random,2,4,3,2,11,1328.3759615511408
Random,2,4,3,2,12,1328.3759615511408
Random,2,4,3,2,13,1328.3759615511408
Random,2,4,3,2,14,1328.3759615511408
Random,2,4,3,2,15,1328.3759615511408
Random,2,4,3,2,16,1328.3759615511408
Random,2,4,3,2,17,1328.3759615511408
Random,2,4,3,2,18,1328.3759615511408
Random,2,4,3,2,19,1328.3759615511408
Random,2,4,3,2,20,1328.3759615511408
qLogEI,2,4,3,2,1,inf
qLogEI,2,4,3,2,2,inf
qLogEI,2,4,3,2,3,inf
qLogEI,2,4,3,2,4,inf
qLogEI,2,4,3,2,5,inf
qLogEI,2,4,3,2,6,inf
qLogEI,2,4,3,2,7,inf
qLogEI,2,4,3,2,8,inf
qLogEI,2,4,3,2,9,inf
qLogEI,2,4,3,2,10,inf
qLogEI,2,4,3,2,11,1335.9327625124029
qLogEI,2,4,3,2,12,1335.9327625124029
qLogEI,2,4,3,2,13,1335.9327625124029
qLogEI,2,4,3,2,14,1335.3302107469876
qLogEI,2,4,3,2,15,1335.3302107469876
qLogEI,2,4,3,2,16,1335.3302107469876
qLogEI,2,4,3,2,17,1335.3302107469876
qLogEI,2,4,3,2,18,1335.3302107469876
qLogEI,2,4,3,2,19,1335.3302107469876
qLogEI,2,4,3,2,20,1335.3302107469876
RL_Enhanced,2,4,3,2,1,inf
RL_Enhanced,2,4,3,2,2,inf
RL_Enhanced,2,4,3,2,3,inf
RL_Enhanced,2,4,3,2,4,inf
RL_Enhanced,2,4,3,2,5,inf
RL_Enhanced,2,4,3,2,6,inf
RL_Enhanced,2,4,3,2,7,inf
RL_Enhanced,2,4,3,2,8,inf
RL_Enhanced,2,4,3,2,9,inf
RL_Enhanced,2,4,3,2,10,inf
RL_Enhanced,2,4,3,2,11,inf
RL_Enhanced,2,4,3,2,12,inf
RL_Enhanced,2,4,3,2,13,inf
RL_Enhanced,2,4,3,2,14,inf
RL_Enhanced,2,4,3,2,15,inf
RL_Enhanced,2,4,3,2,16,inf
RL_Enhanced,2,4,3,2,17,inf
RL_Enhanced,2,4,3,2,18,inf
RL_Enhanced,2,4,3,2,19,inf
RL_Enhanced,2,4,3,2,20,inf
Random,2,4,3,3,1,inf
Random,2,4,3,3,2,inf
Random,2,4,3,3,3,inf
Random,2,4,3,3,4,inf
Random,2,4,3,3,5,inf
Random,2,4,3,3,6,inf
Random,2,4,3,3,7,1808.7467551267523
Random,2,4,3,3,8,1808.7467551267523
Random,2,4,3,3,9,1808.7467551267523
Random,2,4,3,3,10,1808.7467551267523
Random,2,4,3,3,11,1808.7467551267523
Random,2,4,3,3,12,1808.7467551267523
Random,2,4,3,3,13,1808.7467551267523
Random,2,4,3,3,14,1559.7089375032895
Random,2,4,3,3,15,1425.0771029851012
Random,2,4,3,3,16,1425.0771029851012
Random,2,4,3,3,17,1425.0771029851012
Random,2,4,3,3,18,1398.6987083351864
Random,2,4,3,3,19,1398.6987083351864
Random,2,4,3,3,20,1398.6987083351864
qLogEI,2,4,3,3,1,inf
qLogEI,2,4,3,3,2,inf
qLogEI,2,4,3,3,3,inf
qLogEI,2,4,3,3,4,inf
qLogEI,2,4,3,3,5,inf
qLogEI,2,4,3,3,6,inf
qLogEI,2,4,3,3,7,inf
qLogEI,2,4,3,3,8,inf
qLogEI,2,4,3,3,9,inf
qLogEI,2,4,3,3,10,inf
qLogEI,2,4,3,3,11,inf
qLogEI,2,4,3,3,12,inf
qLogEI,2,4,3,3,13,inf
qLogEI,2,4,3,3,14,inf
qLogEI,2,4,3,3,15,1310.5264364446302
qLogEI,2,4,3,3,16,1299.3528460753446
qLogEI,2,4,3,3,17,1299.3528460753446
qLogEI,2,4,3,3,18,1299.3528460753446
qLogEI,2,4,3,3,19,1299.3528460753446
qLogEI,2,4,3,3,20,1299.3528460753446
RL_Enhanced,2,4,3,3,1,inf
RL_Enhanced,2,4,3,3,2,inf
RL_Enhanced,2,4,3,3,3,inf
RL_Enhanced,2,4,3,3,4,inf
RL_Enhanced,2,4,3,3,5,inf
RL_Enhanced,2,4,3,3,6,inf
RL_Enhanced,2,4,3,3,7,inf
RL_Enhanced,2,4,3,3,8,inf
RL_Enhanced,2,4,3,3,9,inf
RL_Enhanced,2,4,3,3,10,inf
RL_Enhanced,2,4,3,3,11,inf
RL_Enhanced,2,4,3,3,12,inf
RL_Enhanced,2,4,3,3,13,inf
RL_Enhanced,2,4,3,3,14,inf
RL_Enhanced,2,4,3,3,15,inf
RL_Enhanced,2,4,3,3,16,inf
RL_Enhanced,2,4,3,3,17,inf
RL_Enhanced,2,4,3,3,18,inf
RL_Enhanced,2,4,3,3,19,inf
RL_Enhanced,2,4,3,3,20,inf
Random,2,4,3,4,1,inf
Random,2,4,3,4,2,inf
Random,2,4,3,4,3,inf
Random,2,4,3,4,4,inf
Random,2,4,3,4,5,1685.9668606176058
Random,2,4,3,4,6,1685.9668606176058
Random,2,4,3,4,7,1685.9668606176058
Random,2,4,3,4,8,1685.9668606176058
Random,2,4,3,4,9,1685.9668606176058
Random,2,4,3,4,10,1685.9668606176058
Random,2,4,3,4,11,1685.9668606176058
Random,2,4,3,4,12,1685.9668606176058
Random,2,4,3,4,13,1446.074181345575
Random,2,4,3,4,14,1446.074181345575
Random,2,4,3,4,15,1446.074181345575
Random,2,4,3,4,16,1446.074181345575
Random,2,4,3,4,17,1446.074181345575
Random,2,4,3,4,18,1446.074181345575
Random,2,4,3,4,19,1446.074181345575
Random,2,4,3,4,20,1446.074181345575
qLogEI,2,4,3,4,1,inf
qLogEI,2,4,3,4,2,inf
qLogEI,2,4,3,4,3,inf
qLogEI,2,4,3,4,4,inf
qLogEI,2,4,3,4,5,inf
qLogEI,2,4,3,4,6,1562.4304360380197
qLogEI,2,4,3,4,7,1434.2161340616753
qLogEI,2,4,3,4,8,1434.2161340616753
qLogEI,2,4,3,4,9,1423.9838243485092
qLogEI,2,4,3,4,10,1421.2431632087528
qLogEI,2,4,3,4,11,1420.6688712031773
qLogEI,2,4,3,4,12,1420.6688712031773
qLogEI,2,4,3,4,13,1409.3687362862945
qLogEI,2,4,3,4,14,1401.0427561022439
qLogEI,2,4,3,4,15,1398.34080165034
qLogEI,2,4,3,4,16,1379.3943931834433
qLogEI,2,4,3,4,17,1370.9224324308832
qLogEI,2,4,3,4,18,1370.9224324308832
qLogEI,2,4,3,4,19,1368.2358115590923
qLogEI,2,4,3,4,20,1367.110404583473
RL_Enhanced,2,4,3,4,1,inf
RL_Enhanced,2,4,3,4,2,inf
RL_Enhanced,2,4,3,4,3,inf
RL_Enhanced,2,4,3,4,4,inf
RL_Enhanced,2,4,3,4,5,inf
RL_Enhanced,2,4,3,4,6,inf
RL_Enhanced,2,4,3,4,7,inf
RL_Enhanced,2,4,3,4,8,inf
RL_Enhanced,2,4,3,4,9,inf
RL_Enhanced,2,4,3,4,10,inf
RL_Enhanced,2,4,3,4,11,inf
RL_Enhanced,2,4,3,4,12,inf
RL_Enhanced,2,4,3,4,13,inf
RL_Enhanced,2,4,3,4,14,inf
RL_Enhanced,2,4,3,4,15,inf
RL_Enhanced,2,4,3,4,16,inf
RL_Enhanced,2,4,3,4,17,inf
RL_Enhanced,2,4,3,4,18,inf
RL_Enhanced,2,4,3,4,19,inf
RL_Enhanced,2,4,3,4,20,inf
Random,2,6,1,0,1,inf
Random,2,6,1,0,2,inf
Random,2,6,1,0,3,inf
Random,2,6,1,0,4,inf
Random,2,6,1,0,5,inf
Random,2,6,1,0,6,inf
Random,2,6,1,0,7,inf
Random,2,6,1,0,8,inf
Random,2,6,1,0,9,693.6462031682748
Random,2,6,1,0,10,693.6462031682748
Random,2,6,1,0,11,693.6462031682748
Random,2,6,1,0,12,693.6462031682748
Random,2,6,1,0,13,693.6462031682748
Random,2,6,1,0,14,693.6462031682748
Random,2,6,1,0,15,693.6462031682748
Random,2,6,1,0,16,693.6462031682748
Random,2,6,1,0,17,693.6462031682748
Random,2,6,1,0,18,693.6462031682748
Random,2,6,1,0,19,693.6462031682748
Random,2,6,1,0,20,693.6462031682748
qLogEI,2,6,1,0,1,inf
qLogEI,2,6,1,0,2,inf
qLogEI,2,6,1,0,3,inf
qLogEI,2,6,1,0,4,inf
qLogEI,2,6,1,0,5,inf
qLogEI,2,6,1,0,6,inf
qLogEI,2,6,1,0,7,inf
qLogEI,2,6,1,0,8,inf
qLogEI,2,6,1,0,9,inf
qLogEI,2,6,1,0,10,inf
qLogEI,2,6,1,0,11,inf
qLogEI,2,6,1,0,12,inf
qLogEI,2,6,1,0,13,inf
qLogEI,2,6,1,0,14,inf
qLogEI,2,6,1,0,15,inf
qLogEI,2,6,1,0,16,inf
qLogEI,2,6,1,0,17,660.2131024552705
qLogEI,2,6,1,0,18,660.2131024552705
qLogEI,2,6,1,0,19,658.4188799362064
qLogEI,2,6,1,0,20,658.4188799362064
RL_Enhanced,2,6,1,0,1,inf
RL_Enhanced,2,6,1,0,2,inf
RL_Enhanced,2,6,1,0,3,inf
RL_Enhanced,2,6,1,0,4,inf
RL_Enhanced,2,6,1,0,5,inf
RL_Enhanced,2,6,1,0,6,1023.9216703804411
RL_Enhanced,2,6,1,0,7,972.003410639606
RL_Enhanced,2,6,1,0,8,964.479813253457
RL_Enhanced,2,6,1,0,9,964.479813253457
RL_Enhanced,2,6,1,0,10,964.479813253457
RL_Enhanced,2,6,1,0,11,964.479813253457
RL_Enhanced,2,6,1,0,12,952.3418568811612
RL_Enhanced,2,6,1,0,13,952.3418568811612
RL_Enhanced,2,6,1,0,14,952.3418568811612
RL_Enhanced,2,6,1,0,15,952.3418568811612
RL_Enhanced,2,6,1,0,16,951.6875130389346
RL_Enhanced,2,6,1,0,17,951.6875130389346
RL_Enhanced,2,6,1,0,18,934.9728448823862
RL_Enhanced,2,6,1,0,19,934.9728448823862
RL_Enhanced,2,6,1,0,20,929.4759415850247
Random,2,6,1,1,1,inf
Random,2,6,1,1,2,inf
Random,2,6,1,1,3,622.6705780418868
Random,2,6,1,1,4,622.6705780418868
Random,2,6,1,1,5,622.6705780418868
Random,2,6,1,1,6,622.6705780418868
Random,2,6,1,1,7,622.6705780418868
Random,2,6,1,1,8,622.6705780418868
Random,2,6,1,1,9,508.6732491781231
Random,2,6,1,1,10,508.6732491781231
Random,2,6,1,1,11,508.6732491781231
Random,2,6,1,1,12,508.6732491781231
Random,2,6,1,1,13,508.6732491781231
Random,2,6,1,1,14,508.6732491781231
Random,2,6,1,1,15,508.6732491781231
Random,2,6,1,1,16,508.6732491781231
Random,2,6,1,1,17,508.6732491781231
Random,2,6,1,1,18,508.6732491781231
Random,2,6,1,1,19,508.6732491781231
Random,2,6,1,1,20,508.6732491781231
qLogEI,2,6,1,1,1,inf
qLogEI,2,6,1,1,2,inf
qLogEI,2,6,1,1,3,622.6705780418868
qLogEI,2,6,1,1,4,622.6705780418868
qLogEI,2,6,1,1,5,622.6705780418868
qLogEI,2,6,1,1,6,622.6705780418868
qLogEI,2,6,1,1,7,611.5844278866138
qLogEI,2,6,1,1,8,607.0950395292723
qLogEI,2,6,1,1,9,601.9952383199618
qLogEI,2,6,1,1,10,601.6520860229274
qLogEI,2,6,1,1,11,592.9943059667372
qLogEI,2,6,1,1,12,582.6201599258922
qLogEI,2,6,1,1,13,569.0385334421642
qLogEI,2,6,1,1,14,545.4817374477707
qLogEI,2,6,1,1,15,537.6016337431968
qLogEI,2,6,1,1,16,525.6662319575937
qLogEI,2,6,1,1,17,517.511678681821
qLogEI,2,6,1,1,18,512.4698350642
qLogEI,2,6,1,1,19,509.51055907674623
qLogEI,2,6,1,1,20,504.9582540069965
RL_Enhanced,2,6,1,1,1,inf
RL_Enhanced,2,6,1,1,2,inf
RL_Enhanced,2,6,1,1,3,622.6705780418868
RL_Enhanced,2,6,1,1,4,622.6705780418868
RL_Enhanced,2,6,1,1,5,622.6705780418868
RL_Enhanced,2,6,1,1,6,622.6705780418868
RL_Enhanced,2,6,1,1,7,622.6705780418868
RL_Enhanced,2,6,1,1,8,622.6705780418868
RL_Enhanced,2,6,1,1,9,622.6705780418868
RL_Enhanced,2,6,1,1,10,622.6705780418868
RL_Enhanced,2,6,1,1,11,622.6705780418868
RL_Enhanced,2,6,1,1,12,622.6705780418868
RL_Enhanced,2,6,1,1,13,622.6705780418868
RL_Enhanced,2,6,1,1,14,622.6705780418868
RL_Enhanced,2,6,1,1,15,622.6705780418868
RL_Enhanced,2,6,1,1,16,622.6705780418868
RL_Enhanced,2,6,1,1,17,622.6705780418868
RL_Enhanced,2,6,1,1,18,622.6705780418868
RL_Enhanced,2,6,1,1,19,622.6705780418868
RL_Enhanced,2,6,1,1,20,622.6705780418868
Random,2,6,1,2,1,inf
Random,2,6,1,2,2,inf
Random,2,6,1,2,3,inf
Random,2,6,1,2,4,inf
Random,2,6,1,2,5,795.0974893245916
Random,2,6,1,2,6,690.6220215699032
Random,2,6,1,2,7,690.6220215699032
Random,2,6,1,2,8,690.6220215699032
Random,2,6,1,2,9,690.6220215699032
Random,2,6,1,2,10,690.6220215699032
Random,2,6,1,2,11,690.6220215699032
Random,2,6,1,2,12,690.5017782107084
Random,2,6,1,2,13,690.5017782107084
Random,2,6,1,2,14,690.5017782107084
Random,2,6,1,2,15,690.5017782107084
Random,2,6,1,2,16,690.5017782107084
Random,2,6,1,2,17,690.5017782107084
Random,2,6,1,2,18,690.5017782107084
Random,2,6,1,2,19,690.5017782107084
Random,2,6,1,2,20,690.5017782107084
qLogEI,2,6,1,2,1,inf
qLogEI,2,6,1,2,2,inf
qLogEI,2,6,1,2,3,inf
qLogEI,2,6,1,2,4,inf
qLogEI,2,6,1,2,5,417.22421332681273
qLogEI,2,6,1,2,6,417.22421332681273
qLogEI,2,6,1,2,7,417.22421332681273
qLogEI,2,6,1,2,8,417.22421332681273
qLogEI,2,6,1,2,9,417.22421332681273
qLogEI,2,6,1,2,10,417.22421332681273
qLogEI,2,6,1,2,11,417.22421332681273
qLogEI,2,6,1,2,12,417.20845332190675
qLogEI,2,6,1,2,13,416.67000539260675
qLogEI,2,6,1,2,14,416.67000539260675
qLogEI,2,6,1,2,15,416.67000539260675
qLogEI,2,6,1,2,16,416.67000539260675
qLogEI,2,6,1,2,17,416.67000539260675
qLogEI,2,6,1,2,18,415.4770320660554
qLogEI,2,6,1,2,19,415.4770320660554
qLogEI,2,6,1,2,20,415.4770320660554
RL_Enhanced,2,6,1,2,1,inf
RL_Enhanced,2,6,1,2,2,inf
RL_Enhanced,2,6,1,2,3,inf
RL_Enhanced,2,6,1,2,4,inf
RL_Enhanced,2,6,1,2,5,795.3121465353859
RL_Enhanced,2,6,1,2,6,795.3121465353859
RL_Enhanced,2,6,1,2,7,795.3121465353859
RL_Enhanced,2,6,1,2,8,795.3121465353859
RL_Enhanced,2,6,1,2,9,795.3121465353859
RL_Enhanced,2,6,1,2,10,795.3121465353859
RL_Enhanced,2,6,1,2,11,795.3121465353859
RL_Enhanced,2,6,1,2,12,795.3121465353859
RL_Enhanced,2,6,1,2,13,795.3121465353859
RL_Enhanced,2,6,1,2,14,795.3121465353859
RL_Enhanced,2,6,1,2,15,795.3121465353859
RL_Enhanced,2,6,1,2,16,795.3121465353859
RL_Enhanced,2,6,1,2,17,795.3121465353859
RL_Enhanced,2,6,1,2,18,795.3121465353859
RL_Enhanced,2,6,1,2,19,795.3121465353859
RL_Enhanced,2,6,1,2,20,795.3121465353859
Random,2,6,1,3,1,inf
Random,2,6,1,3,2,inf
Random,2,6,1,3,3,inf
Random,2,6,1,3,4,inf
Random,2,6,1,3,5,915.2597507774212
Random,2,6,1,3,6,915.2597507774212
Random,2,6,1,3,7,915.2597507774212
Random,2,6,1,3,8,915.2597507774212
Random,2,6,1,3,9,915.2597507774212
Random,2,6,1,3,10,915.2597507774212
Random,2,6,1,3,11,915.2597507774212
Random,2,6,1,3,12,915.2597507774212
Random,2,6,1,3,13,915.2597507774212
Random,2,6,1,3,14,915.2597507774212
Random,2,6,1,3,15,915.2597507774212
Random,2,6,1,3,16,915.2597507774212
Random,2,6,1,3,17,915.2597507774212
Random,2,6,1,3,18,915.2597507774212
Random,2,6,1,3,19,915.2597507774212
Random,2,6,1,3,20,915.2597507774212
qLogEI,2,6,1,3,1,inf
qLogEI,2,6,1,3,2,inf
qLogEI,2,6,1,3,3,inf
qLogEI,2,6,1,3,4,inf
qLogEI,2,6,1,3,5,inf
qLogEI,2,6,1,3,6,inf
qLogEI,2,6,1,3,7,inf
qLogEI,2,6,1,3,8,inf
qLogEI,2,6,1,3,9,inf
qLogEI,2,6,1,3,10,inf
qLogEI,2,6,1,3,11,inf
qLogEI,2,6,1,3,12,inf
qLogEI,2,6,1,3,13,inf
qLogEI,2,6,1,3,14,inf
qLogEI,2,6,1,3,15,inf
qLogEI,2,6,1,3,16,inf
qLogEI,2,6,1,3,17,inf
qLogEI,2,6,1,3,18,inf
qLogEI,2,6,1,3,19,inf
qLogEI,2,6,1,3,20,inf
RL_Enhanced,2,6,1,3,1,inf
RL_Enhanced,2,6,1,3,2,inf
RL_Enhanced,2,6,1,3,3,inf
RL_Enhanced,2,6,1,3,4,inf
RL_Enhanced,2,6,1,3,5,794.9830455923407
RL_Enhanced,2,6,1,3,6,794.9830455923407
RL_Enhanced,2,6,1,3,7,794.9830455923407
RL_Enhanced,2,6,1,3,8,794.9830455923407
RL_Enhanced,2,6,1,3,9,794.9830455923407
RL_Enhanced,2,6,1,3,10,794.9830455923407
RL_Enhanced,2,6,1,3,11,794.9830455923407
RL_Enhanced,2,6,1,3,12,794.9830455923407
RL_Enhanced,2,6,1,3,13,794.9830455923407
RL_Enhanced,2,6,1,3,14,794.9830455923407
RL_Enhanced,2,6,1,3,15,794.9830455923407
RL_Enhanced,2,6,1,3,16,794.9830455923407
RL_Enhanced,2,6,1,3,17,794.9830455923407
RL_Enhanced,2,6,1,3,18,794.9830455923407
RL_Enhanced,2,6,1,3,19,794.9830455923407
RL_Enhanced,2,6,1,3,20,794.9830455923407
Random,2,6,1,4,1,999.331466176194
Random,2,6,1,4,2,413.4944354650017
Random,2,6,1,4,3,413.4944354650017
Random,2,6,1,4,4,413.4944354650017
Random,2,6,1,4,5,413.4944354650017
Random,2,6,1,4,6,413.4944354650017
Random,2,6,1,4,7,413.4944354650017
Random,2,6,1,4,8,413.4944354650017
Random,2,6,1,4,9,413.4944354650017
Random,2,6,1,4,10,413.4944354650017
Random,2,6,1,4,11,413.4944354650017
Random,2,6,1,4,12,413.4944354650017
Random,2,6,1,4,13,413.4944354650017
Random,2,6,1,4,14,413.4944354650017
Random,2,6,1,4,15,413.4944354650017
Random,2,6,1,4,16,413.4944354650017
Random,2,6,1,4,17,413.4944354650017
Random,2,6,1,4,18,413.4944354650017
Random,2,6,1,4,19,413.4944354650017
Random,2,6,1,4,20,413.4944354650017
qLogEI,2,6,1,4,1,999.331466176194
qLogEI,2,6,1,4,2,413.4944354650017
qLogEI,2,6,1,4,3,413.4944354650017
qLogEI,2,6,1,4,4,413.4944354650017
qLogEI,2,6,1,4,5,413.4944354650017
qLogEI,2,6,1,4,6,413.4944354650017
qLogEI,2,6,1,4,7,413.4944354650017
qLogEI,2,6,1,4,8,413.4944354650017
qLogEI,2,6,1,4,9,413.48826424729316
qLogEI,2,6,1,4,10,413.48826424729316
qLogEI,2,6,1,4,11,413.48826424729316
qLogEI,2,6,1,4,12,413.48826424729316
qLogEI,2,6,1,4,13,413.48826424729316
qLogEI,2,6,1,4,14,413.48826424729316
qLogEI,2,6,1,4,15,413.48826424729316
qLogEI,2,6,1,4,16,413.48826424729316
qLogEI,2,6,1,4,17,413.48826424729316
qLogEI,2,6,1,4,18,413.48826424729316
qLogEI,2,6,1,4,19,413.3155506190615
qLogEI,2,6,1,4,20,413.3155506190615
RL_Enhanced,2,6,1,4,1,999.331466176194
RL_Enhanced,2,6,1,4,2,413.4944354650017
RL_Enhanced,2,6,1,4,3,413.4944354650017
RL_Enhanced,2,6,1,4,4,413.4944354650017
RL_Enhanced,2,6,1,4,5,413.4944354650017
RL_Enhanced,2,6,1,4,6,413.4944354650017
RL_Enhanced,2,6,1,4,7,413.4944354650017
RL_Enhanced,2,6,1,4,8,413.4944354650017
RL_Enhanced,2,6,1,4,9,413.4944354650017
RL_Enhanced,2,6,1,4,10,413.4944354650017
RL_Enhanced,2,6,1,4,11,413.4944354650017
RL_Enhanced,2,6,1,4,12,413.4944354650017
RL_Enhanced,2,6,1,4,13,413.4944354650017
RL_Enhanced,2,6,1,4,14,413.4944354650017
RL_Enhanced,2,6,1,4,15,413.4944354650017
RL_Enhanced,2,6,1,4,16,413.4944354650017
RL_Enhanced,2,6,1,4,17,413.4944354650017
RL_Enhanced,2,6,1,4,18,413.4944354650017
RL_Enhanced,2,6,1,4,19,413.4944354650017
RL_Enhanced,2,6,1,4,20,413.4944354650017
Random,2,6,2,0,1,1378.0806984923302
Random,2,6,2,0,2,1378.0806984923302
Random,2,6,2,0,3,1378.0806984923302
Random,2,6,2,0,4,1378.0806984923302
Random,2,6,2,0,5,1378.0806984923302
Random,2,6,2,0,6,1378.0806984923302
Random,2,6,2,0,7,1378.0806984923302
Random,2,6,2,0,8,1378.0806984923302
Random,2,6,2,0,9,1378.0806984923302
Random,2,6,2,0,10,1378.0806984923302
Random,2,6,2,0,11,1378.0806984923302
Random,2,6,2,0,12,742.4638375185874
Random,2,6,2,0,13,742.4638375185874
Random,2,6,2,0,14,742.4638375185874
Random,2,6,2,0,15,742.4638375185874
Random,2,6,2,0,16,742.4638375185874
Random,2,6,2,0,17,742.4638375185874
Random,2,6,2,0,18,742.4638375185874
Random,2,6,2,0,19,742.4638375185874
Random,2,6,2,0,20,742.4638375185874
qLogEI,2,6,2,0,1,1378.0806984923302
qLogEI,2,6,2,0,2,1378.0806984923302
qLogEI,2,6,2,0,3,1378.0806984923302
qLogEI,2,6,2,0,4,1378.0806984923302
qLogEI,2,6,2,0,5,1378.0806984923302
qLogEI,2,6,2,0,6,1363.4220260274503
qLogEI,2,6,2,0,7,1294.5372083607629
qLogEI,2,6,2,0,8,1207.0953785522556
qLogEI,2,6,2,0,9,1077.722551594002
qLogEI,2,6,2,0,10,935.992287885901
qLogEI,2,6,2,0,11,844.2406735817597
qLogEI,2,6,2,0,12,729.8426448139332
qLogEI,2,6,2,0,13,729.8426448139332
qLogEI,2,6,2,0,14,729.8426448139332
qLogEI,2,6,2,0,15,670.8201233931984
qLogEI,2,6,2,0,16,669.8955566050504
qLogEI,2,6,2,0,17,669.7260396741764
qLogEI,2,6,2,0,18,669.7260396741764
qLogEI,2,6,2,0,19,669.7260396741764
qLogEI,2,6,2,0,20,669.7260396741764
RL_Enhanced,2,6,2,0,1,1378.0806984923302
RL_Enhanced,2,6,2,0,2,1378.0806984923302
RL_Enhanced,2,6,2,0,3,1378.0806984923302
RL_Enhanced,2,6,2,0,4,1378.0806984923302
RL_Enhanced,2,6,2,0,5,1378.0806984923302
RL_Enhanced,2,6,2,0,6,1378.0806984923302
RL_Enhanced,2,6,2,0,7,1378.0806984923302
RL_Enhanced,2,6,2,0,8,1378.0806984923302
RL_Enhanced,2,6,2,0,9,1378.0806984923302
RL_Enhanced,2,6,2,0,10,1378.0806984923302
RL_Enhanced,2,6,2,0,11,1378.0806984923302
RL_Enhanced,2,6,2,0,12,1378.0806984923302
RL_Enhanced,2,6,2,0,13,1378.0806984923302
RL_Enhanced,2,6,2,0,14,1378.0806984923302
RL_Enhanced,2,6,2,0,15,1378.0806984923302
RL_Enhanced,2,6,2,0,16,1378.0806984923302
RL_Enhanced,2,6,2,0,17,1378.0806984923302
RL_Enhanced,2,6,2,0,18,1378.0806984923302
RL_Enhanced,2,6,2,0,19,1378.0806984923302
RL_Enhanced,2,6,2,0,20,1378.0806984923302
Random,2,6,2,1,1,inf
Random,2,6,2,1,2,inf
Random,2,6,2,1,3,1225.0436929333525
Random,2,6,2,1,4,1225.0436929333525
Random,2,6,2,1,5,1225.0436929333525
Random,2,6,2,1,6,1225.0436929333525
Random,2,6,2,1,7,1225.0436929333525
Random,2,6,2,1,8,1225.0436929333525
Random,2,6,2,1,9,969.3008421567417
Random,2,6,2,1,10,969.3008421567417
Random,2,6,2,1,11,969.3008421567417
Random,2,6,2,1,12,969.3008421567417
Random,2,6,2,1,13,969.3008421567417
Random,2,6,2,1,14,969.3008421567417
Random,2,6,2,1,15,969.3008421567417
Random,2,6,2,1,16,969.3008421567417
Random,2,6,2,1,17,969.3008421567417
Random,2,6,2,1,18,969.3008421567417
Random,2,6,2,1,19,969.3008421567417
Random,2,6,2,1,20,969.3008421567417
qLogEI,2,6,2,1,1,inf
qLogEI,2,6,2,1,2,inf
qLogEI,2,6,2,1,3,1225.0436929333525
qLogEI,2,6,2,1,4,1225.0436929333525
qLogEI,2,6,2,1,5,1225.0436929333525
qLogEI,2,6,2,1,6,1225.0436929333525
qLogEI,2,6,2,1,7,1193.1851030330174
qLogEI,2,6,2,1,8,1193.1851030330174
qLogEI,2,6,2,1,9,1193.1851030330174
qLogEI,2,6,2,1,10,1193.1851030330174
qLogEI,2,6,2,1,11,1193.1851030330174
qLogEI,2,6,2,1,12,1193.1851030330174
qLogEI,2,6,2,1,13,570.0979270299906
qLogEI,2,6,2,1,14,570.0979270299906
qLogEI,2,6,2,1,15,570.0979270299906
qLogEI,2,6,2,1,16,562.9639557731583
qLogEI,2,6,2,1,17,562.9639557731583
qLogEI,2,6,2,1,18,562.9639557731583
qLogEI,2,6,2,1,19,562.9639557731583
qLogEI,2,6,2,1,20,562.9639557731583
RL_Enhanced,2,6,2,1,1,inf
RL_Enhanced,2,6,2,1,2,inf
RL_Enhanced,2,6,2,1,3,1225.0436929333525
RL_Enhanced,2,6,2,1,4,1225.0436929333525
RL_Enhanced,2,6,2,1,5,1225.0436929333525
RL_Enhanced,2,6,2,1,6,1225.0436929333525
RL_Enhanced,2,6,2,1,7,1225.0436929333525
RL_Enhanced,2,6,2,1,8,1225.0436929333525
RL_Enhanced,2,6,2,1,9,1225.0436929333525
RL_Enhanced,2,6,2,1,10,1225.0436929333525
RL_Enhanced,2,6,2,1,11,1225.0436929333525
RL_Enhanced,2,6,2,1,12,1225.0436929333525
RL_Enhanced,2,6,2,1,13,1225.0436929333525
RL_Enhanced,2,6,2,1,14,1225.0436929333525
RL_Enhanced,2,6,2,1,15,1225.0436929333525
RL_Enhanced,2,6,2,1,16,1225.0436929333525
RL_Enhanced,2,6,2,1,17,1225.0436929333525
RL_Enhanced,2,6,2,1,18,1225.0436929333525
RL_Enhanced,2,6,2,1,19,1225.0436929333525
RL_Enhanced,2,6,2,1,20,1225.0436929333525
Random,2,6,2,2,1,inf
Random,2,6,2,2,2,inf
Random,2,6,2,2,3,694.9618585510341
Random,2,6,2,2,4,694.9618585510341
Random,2,6,2,2,5,694.9618585510341
Random,2,6,2,2,6,694.9618585510341
Random,2,6,2,2,7,694.9618585510341
Random,2,6,2,2,8,694.9618585510341
Random,2,6,2,2,9,694.9618585510341
Random,2,6,2,2,10,694.9618585510341
Random,2,6,2,2,11,694.9618585510341
Random,2,6,2,2,12,694.9618585510341
Random,2,6,2,2,13,694.9618585510341
Random,2,6,2,2,14,694.9618585510341
Random,2,6,2,2,15,694.9618585510341
Random,2,6,2,2,16,694.9618585510341
Random,2,6,2,2,17,694.9618585510341
Random,2,6,2,2,18,694.9618585510341
Random,2,6,2,2,19,694.9618585510341
Random,2,6,2,2,20,694.9618585510341
qLogEI,2,6,2,2,1,inf
qLogEI,2,6,2,2,2,inf
qLogEI,2,6,2,2,3,694.9618585510341
qLogEI,2,6,2,2,4,694.9618585510341
qLogEI,2,6,2,2,5,694.9618585510341
qLogEI,2,6,2,2,6,694.9618585510341
qLogEI,2,6,2,2,7,677.5442816222436
qLogEI,2,6,2,2,8,677.5442816222436
qLogEI,2,6,2,2,9,661.5338802125918
qLogEI,2,6,2,2,10,661.5338802125918
qLogEI,2,6,2,2,11,618.8807895569342
qLogEI,2,6,2,2,12,610.893141887534
qLogEI,2,6,2,2,13,610.893141887534
qLogEI,2,6,2,2,14,610.893141887534
qLogEI,2,6,2,2,15,610.893141887534
qLogEI,2,6,2,2,16,603.4419491678789
qLogEI,2,6,2,2,17,603.4419491678789
qLogEI,2,6,2,2,18,566.7896509246883
qLogEI,2,6,2,2,19,566.7896509246883
qLogEI,2,6,2,2,20,566.7896509246883
RL_Enhanced,2,6,2,2,1,inf
RL_Enhanced,2,6,2,2,2,inf
RL_Enhanced,2,6,2,2,3,694.9618585510341
RL_Enhanced,2,6,2,2,4,694.9618585510341
RL_Enhanced,2,6,2,2,5,694.9618585510341
RL_Enhanced,2,6,2,2,6,694.9618585510341
RL_Enhanced,2,6,2,2,7,694.9618585510341
RL_Enhanced,2,6,2,2,8,694.9618585510341
RL_Enhanced,2,6,2,2,9,694.9618585510341
RL_Enhanced,2,6,2,2,10,694.9618585510341
RL_Enhanced,2,6,2,2,11,694.9618585510341
RL_Enhanced,2,6,2,2,12,694.9618585510341
RL_Enhanced,2,6,2,2,13,694.9618585510341
RL_Enhanced,2,6,2,2,14,694.9618585510341
RL_Enhanced,2,6,2,2,15,694.9618585510341
RL_Enhanced,2,6,2,2,16,694.9618585510341
RL_Enhanced,2,6,2,2,17,694.9618585510341
RL_Enhanced,2,6,2,2,18,694.9618585510341
RL_Enhanced,2,6,2,2,19,694.9618585510341
RL_Enhanced,2,6,2,2,20,694.9618585510341
Random,2,6,2,3,1,543.2766175741881
Random,2,6,2,3,2,543.2766175741881
Random,2,6,2,3,3,543.2766175741881
Random,2,6,2,3,4,543.2766175741881
Random,2,6,2,3,5,543.2766175741881
Random,2,6,2,3,6,543.2766175741881
Random,2,6,2,3,7,543.2766175741881
Random,2,6,2,3,8,543.2766175741881
Random,2,6,2,3,9,543.2766175741881
Random,2,6,2,3,10,543.2766175741881
Random,2,6,2,3,11,543.2766175741881
Random,2,6,2,3,12,543.2766175741881
Random,2,6,2,3,13,543.2766175741881
Random,2,6,2,3,14,543.2766175741881
Random,2,6,2,3,15,543.2766175741881
Random,2,6,2,3,16,543.2766175741881
Random,2,6,2,3,17,543.2766175741881
Random,2,6,2,3,18,543.2766175741881
Random,2,6,2,3,19,543.2766175741881
Random,2,6,2,3,20,543.2766175741881
qLogEI,2,6,2,3,1,543.2766175741881
qLogEI,2,6,2,3,2,543.2766175741881
qLogEI,2,6,2,3,3,543.2766175741881
qLogEI,2,6,2,3,4,543.2766175741881
qLogEI,2,6,2,3,5,543.2766175741881
qLogEI,2,6,2,3,6,543.2766175741881
qLogEI,2,6,2,3,7,542.8826108771575
qLogEI,2,6,2,3,8,542.8826108771575
qLogEI,2,6,2,3,9,542.8826108771575
qLogEI,2,6,2,3,10,542.8826108771575
qLogEI,2,6,2,3,11,542.8826108771575
qLogEI,2,6,2,3,12,536.2813281408979
qLogEI,2,6,2,3,13,534.7606039693444
qLogEI,2,6,2,3,14,534.7606039693444
qLogEI,2,6,2,3,15,534.7606039693444
qLogEI,2,6,2,3,16,534.7606039693444
qLogEI,2,6,2,3,17,533.9517195848516
qLogEI,2,6,2,3,18,532.3009110264941
qLogEI,2,6,2,3,19,532.3009110264941
qLogEI,2,6,2,3,20,532.1172376526961
RL_Enhanced,2,6,2,3,1,543.2766175741881
RL_Enhanced,2,6,2,3,2,543.2766175741881
RL_Enhanced,2,6,2,3,3,543.2766175741881
RL_Enhanced,2,6,2,3,4,543.2766175741881
RL_Enhanced,2,6,2,3,5,543.2766175741881
RL_Enhanced,2,6,2,3,6,543.2766175741881
RL_Enhanced,2,6,2,3,7,543.2766175741881
RL_Enhanced,2,6,2,3,8,543.2766175741881
RL_Enhanced,2,6,2,3,9,543.2766175741881
RL_Enhanced,2,6,2,3,10,543.2766175741881
RL_Enhanced,2,6,2,3,11,543.2766175741881
RL_Enhanced,2,6,2,3,12,543.2766175741881
RL_Enhanced,2,6,2,3,13,543.2766175741881
RL_Enhanced,2,6,2,3,14,543.2766175741881
RL_Enhanced,2,6,2,3,15,543.2766175741881
RL_Enhanced,2,6,2,3,16,543.2766175741881
RL_Enhanced,2,6,2,3,17,543.2766175741881
RL_Enhanced,2,6,2,3,18,543.2766175741881
RL_Enhanced,2,6,2,3,19,543.2766175741881
RL_Enhanced,2,6,2,3,20,543.2766175741881
Random,2,6,2,4,1,inf
Random,2,6,2,4,2,902.7869015642317
Random,2,6,2,4,3,902.7869015642317
Random,2,6,2,4,4,902.7869015642317
Random,2,6,2,4,5,902.7869015642317
Random,2,6,2,4,6,902.7869015642317
Random,2,6,2,4,7,902.7869015642317
Random,2,6,2,4,8,902.7869015642317
Random,2,6,2,4,9,902.7869015642317
Random,2,6,2,4,10,810.9510509271472
Random,2,6,2,4,11,810.9510509271472
Random,2,6,2,4,12,810.9510509271472
Random,2,6,2,4,13,810.9510509271472
Random,2,6,2,4,14,810.9510509271472
Random,2,6,2,4,15,810.9510509271472
Random,2,6,2,4,16,810.9510509271472
Random,2,6,2,4,17,810.9510509271472
Random,2,6,2,4,18,810.9510509271472
Random,2,6,2,4,19,810.9510509271472
Random,2,6,2,4,20,810.9510509271472
qLogEI,2,6,2,4,1,inf
qLogEI,2,6,2,4,2,902.7869015642317
qLogEI,2,6,2,4,3,902.7869015642317
qLogEI,2,6,2,4,4,902.7869015642317
qLogEI,2,6,2,4,5,902.7869015642317
qLogEI,2,6,2,4,6,902.7869015642317
qLogEI,2,6,2,4,7,902.7869015642317
qLogEI,2,6,2,4,8,902.7869015642317
qLogEI,2,6,2,4,9,606.6666181175036
qLogEI,2,6,2,4,10,606.6666181175036
qLogEI,2,6,2,4,11,606.6666181175036
qLogEI,2,6,2,4,12,595.9780484333045
qLogEI,2,6,2,4,13,585.6612292142524
qLogEI,2,6,2,4,14,576.6603222978481
qLogEI,2,6,2,4,15,573.4368557310108
qLogEI,2,6,2,4,16,570.2112305610193
qLogEI,2,6,2,4,17,567.8724813859934
qLogEI,2,6,2,4,18,565.8884519060313
qLogEI,2,6,2,4,19,563.4680820422852
qLogEI,2,6,2,4,20,563.4680820422852
RL_Enhanced,2,6,2,4,1,inf
RL_Enhanced,2,6,2,4,2,902.7869015642317
RL_Enhanced,2,6,2,4,3,902.7869015642317
RL_Enhanced,2,6,2,4,4,902.7869015642317
RL_Enhanced,2,6,2,4,5,902.7869015642317
RL_Enhanced,2,6,2,4,6,902.7869015642317
RL_Enhanced,2,6,2,4,7,902.7869015642317
RL_Enhanced,2,6,2,4,8,902.7869015642317
RL_Enhanced,2,6,2,4,9,902.7869015642317
RL_Enhanced,2,6,2,4,10,902.7869015642317
RL_Enhanced,2,6,2,4,11,902.7869015642317
RL_Enhanced,2,6,2,4,12,902.7869015642317
RL_Enhanced,2,6,2,4,13,902.7869015642317
RL_Enhanced,2,6,2,4,14,902.7869015642317
RL_Enhanced,2,6,2,4,15,902.7869015642317
RL_Enhanced,2,6,2,4,16,902.7869015642317
RL_Enhanced,2,6,2,4,17,902.7869015642317
RL_Enhanced,2,6,2,4,18,902.7869015642317
RL_Enhanced,2,6,2,4,19,902.7869015642317
RL_Enhanced,2,6,2,4,20,902.7869015642317
Random,2,6,3,0,1,inf
Random,2,6,3,0,2,inf
Random,2,6,3,0,3,inf
Random,2,6,3,0,4,-9630.967190111829
Random,2,6,3,0,5,-9630.967190111829
Random,2,6,3,0,6,-9630.967190111829
Random,2,6,3,0,7,-9630.967190111829
Random,2,6,3,0,8,-9630.967190111829
Random,2,6,3,0,9,-9630.967190111829
Random,2,6,3,0,10,-9630.967190111829
Random,2,6,3,0,11,-9630.967190111829
Random,2,6,3,0,12,-9630.967190111829
Random,2,6,3,0,13,-9630.967190111829
Random,2,6,3,0,14,-9630.967190111829
Random,2,6,3,0,15,-9630.967190111829
Random,2,6,3,0,16,-9630.967190111829
Random,2,6,3,0,17,-9630.967190111829
Random,2,6,3,0,18,-9630.967190111829
Random,2,6,3,0,19,-9630.967190111829
Random,2,6,3,0,20,-9630.967190111829
qLogEI,2,6,3,0,1,inf
qLogEI,2,6,3,0,2,inf
qLogEI,2,6,3,0,3,inf
qLogEI,2,6,3,0,4,-9630.967190111829
qLogEI,2,6,3,0,5,-9630.967190111829
qLogEI,2,6,3,0,6,-9630.967190111829
qLogEI,2,6,3,0,7,-9751.990598358854
qLogEI,2,6,3,0,8,-9765.166951848776
qLogEI,2,6,3,0,9,-9765.166951848776
qLogEI,2,6,3,0,10,-9765.166951848776
qLogEI,2,6,3,0,11,-9883.785182857071
qLogEI,2,6,3,0,12,-9883.785182857071
qLogEI,2,6,3,0,13,-9883.785182857071
qLogEI,2,6,3,0,14,-9883.785182857071
qLogEI,2,6,3,0,15,-9883.785182857071
qLogEI,2,6,3,0,16,-9883.785182857071
qLogEI,2,6,3,0,17,-9883.785182857071
qLogEI,2,6,3,0,18,-9883.785182857071
qLogEI,2,6,3,0,19,-9883.785182857071
qLogEI,2,6,3,0,20,-9883.785182857071
RL_Enhanced,2,6,3,0,1,inf
RL_Enhanced,2,6,3,0,2,inf
RL_Enhanced,2,6,3,0,3,inf
RL_Enhanced,2,6,3,0,4,-9630.967190111829
RL_Enhanced,2,6,3,0,5,-9630.967190111829
RL_Enhanced,2,6,3,0,6,-9630.967190111829
RL_Enhanced,2,6,3,0,7,-9630.967190111829
RL_Enhanced,2,6,3,0,8,-9630.967190111829
RL_Enhanced,2,6,3,0,9,-9630.967190111829
RL_Enhanced,2,6,3,0,10,-9630.967190111829
RL_Enhanced,2,6,3,0,11,-9630.967190111829
RL_Enhanced,2,6,3,0,12,-9630.967190111829
RL_Enhanced,2,6,3,0,13,-9630.967190111829
RL_Enhanced,2,6,3,0,14,-9630.967190111829
RL_Enhanced,2,6,3,0,15,-9630.967190111829
RL_Enhanced,2,6,3,0,16,-9630.967190111829
RL_Enhanced,2,6,3,0,17,-9630.967190111829
RL_Enhanced,2,6,3,0,18,-9630.967190111829
RL_Enhanced,2,6,3,0,19,-9630.967190111829
RL_Enhanced,2,6,3,0,20,-9630.967190111829
Random,2,6,3,1,1,inf
Random,2,6,3,1,2,inf
Random,2,6,3,1,3,inf
Random,2,6,3,1,4,inf
Random,2,6,3,1,5,-9019.298880691838
Random,2,6,3,1,6,-9019.298880691838
Random,2,6,3,1,7,-9746.84372312828
Random,2,6,3,1,8,-9746.84372312828
Random,2,6,3,1,9,-9746.84372312828
Random,2,6,3,1,10,-9746.84372312828
Random,2,6,3,1,11,-9746.84372312828
Random,2,6,3,1,12,-9746.84372312828
Random,2,6,3,1,13,-9746.84372312828
Random,2,6,3,1,14,-9746.84372312828
Random,2,6,3,1,15,-9746.84372312828
Random,2,6,3,1,16,-9746.84372312828
Random,2,6,3,1,17,-9746.84372312828
Random,2,6,3,1,18,-9746.84372312828
Random,2,6,3,1,19,-9746.84372312828
Random,2,6,3,1,20,-9746.84372312828
qLogEI,2,6,3,1,1,inf
qLogEI,2,6,3,1,2,inf
qLogEI,2,6,3,1,3,inf
qLogEI,2,6,3,1,4,inf
qLogEI,2,6,3,1,5,inf
qLogEI,2,6,3,1,6,inf
qLogEI,2,6,3,1,7,inf
qLogEI,2,6,3,1,8,inf
qLogEI,2,6,3,1,9,inf
qLogEI,2,6,3,1,10,inf
qLogEI,2,6,3,1,11,inf
qLogEI,2,6,3,1,12,inf
qLogEI,2,6,3,1,13,inf
qLogEI,2,6,3,1,14,inf
qLogEI,2,6,3,1,15,inf
qLogEI,2,6,3,1,16,inf
qLogEI,2,6,3,1,17,inf
qLogEI,2,6,3,1,18,inf
qLogEI,2,6,3,1,19,inf
qLogEI,2,6,3,1,20,inf
RL_Enhanced,2,6,3,1,1,inf
RL_Enhanced,2,6,3,1,2,inf
RL_Enhanced,2,6,3,1,3,inf
RL_Enhanced,2,6,3,1,4,inf
RL_Enhanced,2,6,3,1,5,inf
RL_Enhanced,2,6,3,1,6,inf
RL_Enhanced,2,6,3,1,7,inf
RL_Enhanced,2,6,3,1,8,inf
RL_Enhanced,2,6,3,1,9,inf
RL_Enhanced,2,6,3,1,10,inf
RL_Enhanced,2,6,3,1,11,inf
RL_Enhanced,2,6,3,1,12,inf
RL_Enhanced,2,6,3,1,13,inf
RL_Enhanced,2,6,3,1,14,inf
RL_Enhanced,2,6,3,1,15,inf
RL_Enhanced,2,6,3,1,16,inf
RL_Enhanced,2,6,3,1,17,inf
RL_Enhanced,2,6,3,1,18,inf
RL_Enhanced,2,6,3,1,19,inf
RL_Enhanced,2,6,3,1,20,inf
Random,2,6,3,2,1,inf
Random,2,6,3,2,2,inf
Random,2,6,3,2,3,inf
Random,2,6,3,2,4,inf
Random,2,6,3,2,5,inf
Random,2,6,3,2,6,inf
Random,2,6,3,2,7,inf
Random,2,6,3,2,8,inf
Random,2,6,3,2,9,inf
Random,2,6,3,2,10,inf
Random,2,6,3,2,11,inf
Random,2,6,3,2,12,inf
Random,2,6,3,2,13,inf
Random,2,6,3,2,14,inf
Random,2,6,3,2,15,inf
Random,2,6,3,2,16,inf
Random,2,6,3,2,17,inf
Random,2,6,3,2,18,inf
Random,2,6,3,2,19,inf
Random,2,6,3,2,20,inf
qLogEI,2,6,3,2,1,inf
qLogEI,2,6,3,2,2,inf
qLogEI,2,6,3,2,3,inf
qLogEI,2,6,3,2,4,inf
qLogEI,2,6,3,2,5,-9568.761928974742
qLogEI,2,6,3,2,6,-9568.761928974742
qLogEI,2,6,3,2,7,-9568.761928974742
qLogEI,2,6,3,2,8,-9635.21866336792
qLogEI,2,6,3,2,9,-9653.736909041434
qLogEI,2,6,3,2,10,-9747.249783740324
qLogEI,2,6,3,2,11,-9747.249783740324
qLogEI,2,6,3,2,12,-9752.89842890579
qLogEI,2,6,3,2,13,-9761.007715919863
qLogEI,2,6,3,2,14,-9789.68968371507
qLogEI,2,6,3,2,15,-9789.68968371507
qLogEI,2,6,3,2,16,-9789.68968371507
qLogEI,2,6,3,2,17,-9789.68968371507
qLogEI,2,6,3,2,18,-9806.484005099162
qLogEI,2,6,3,2,19,-9806.484005099162
qLogEI,2,6,3,2,20,-9806.484005099162
RL_Enhanced,2,6,3,2,1,inf
RL_Enhanced,2,6,3,2,2,inf
RL_Enhanced,2,6,3,2,3,inf
RL_Enhanced,2,6,3,2,4,inf
RL_Enhanced,2,6,3,2,5,inf
RL_Enhanced,2,6,3,2,6,inf
RL_Enhanced,2,6,3,2,7,inf
RL_Enhanced,2,6,3,2,8,inf
RL_Enhanced,2,6,3,2,9,inf
RL_Enhanced,2,6,3,2,10,inf
RL_Enhanced,2,6,3,2,11,inf
RL_Enhanced,2,6,3,2,12,inf
RL_Enhanced,2,6,3,2,13,inf
RL_Enhanced,2,6,3,2,14,inf
RL_Enhanced,2,6,3,2,15,inf
RL_Enhanced,2,6,3,2,16,inf
RL_Enhanced,2,6,3,2,17,inf
RL_Enhanced,2,6,3,2,18,inf
RL_Enhanced,2,6,3,2,19,inf
RL_Enhanced,2,6,3,2,20,inf
Random,2,6,3,3,1,inf
Random,2,6,3,3,2,inf
Random,2,6,3,3,3,inf
Random,2,6,3,3,4,inf
Random,2,6,3,3,5,inf
Random,2,6,3,3,6,inf
Random,2,6,3,3,7,inf
Random,2,6,3,3,8,inf
Random,2,6,3,3,9,inf
Random,2,6,3,3,10,inf
Random,2,6,3,3,11,inf
Random,2,6,3,3,12,inf
Random,2,6,3,3,13,inf
Random,2,6,3,3,14,-9533.759544005015
Random,2,6,3,3,15,-9533.759544005015
Random,2,6,3,3,16,-9533.759544005015
Random,2,6,3,3,17,-9533.759544005015
Random,2,6,3,3,18,-9533.759544005015
Random,2,6,3,3,19,-9533.759544005015
Random,2,6,3,3,20,-9847.792957389072
qLogEI,2,6,3,3,1,inf
qLogEI,2,6,3,3,2,inf
qLogEI,2,6,3,3,3,inf
qLogEI,2,6,3,3,4,inf
qLogEI,2,6,3,3,5,inf
qLogEI,2,6,3,3,6,inf
qLogEI,2,6,3,3,7,inf
qLogEI,2,6,3,3,8,inf
qLogEI,2,6,3,3,9,inf
qLogEI,2,6,3,3,10,inf
qLogEI,2,6,3,3,11,inf
qLogEI,2,6,3,3,12,inf
qLogEI,2,6,3,3,13,inf
qLogEI,2,6,3,3,14,inf
qLogEI,2,6,3,3,15,-9856.918006158929
qLogEI,2,6,3,3,16,-9856.918006158929
qLogEI,2,6,3,3,17,-9859.170328686998
qLogEI,2,6,3,3,18,-9859.71646250278
qLogEI,2,6,3,3,19,-9859.997971088858
qLogEI,2,6,3,3,20,-9860.254416781638
RL_Enhanced,2,6,3,3,1,inf
RL_Enhanced,2,6,3,3,2,inf
RL_Enhanced,2,6,3,3,3,inf
RL_Enhanced,2,6,3,3,4,inf
RL_Enhanced,2,6,3,3,5,inf
RL_Enhanced,2,6,3,3,6,inf
RL_Enhanced,2,6,3,3,7,inf
RL_Enhanced,2,6,3,3,8,inf
RL_Enhanced,2,6,3,3,9,inf
RL_Enhanced,2,6,3,3,10,inf
RL_Enhanced,2,6,3,3,11,inf
RL_Enhanced,2,6,3,3,12,inf
RL_Enhanced,2,6,3,3,13,inf
RL_Enhanced,2,6,3,3,14,inf
RL_Enhanced,2,6,3,3,15,inf
RL_Enhanced,2,6,3,3,16,inf
RL_Enhanced,2,6,3,3,17,inf
RL_Enhanced,2,6,3,3,18,inf
RL_Enhanced,2,6,3,3,19,inf
RL_Enhanced,2,6,3,3,20,inf
Random,2,6,3,4,1,inf
Random,2,6,3,4,2,inf
Random,2,6,3,4,3,-9528.020599058158
Random,2,6,3,4,4,-9528.020599058158
Random,2,6,3,4,5,-9528.020599058158
Random,2,6,3,4,6,-9528.020599058158
Random,2,6,3,4,7,-9528.020599058158
Random,2,6,3,4,8,-9528.020599058158
Random,2,6,3,4,9,-9528.020599058158
Random,2,6,3,4,10,-9528.020599058158
Random,2,6,3,4,11,-9528.020599058158
Random,2,6,3,4,12,-9528.020599058158
Random,2,6,3,4,13,-9528.020599058158
Random,2,6,3,4,14,-9528.020599058158
Random,2,6,3,4,15,-9528.020599058158
Random,2,6,3,4,16,-9528.020599058158
Random,2,6,3,4,17,-9528.020599058158
Random,2,6,3,4,18,-9528.020599058158
Random,2,6,3,4,19,-9528.020599058158
Random,2,6,3,4,20,-9664.61995150882
qLogEI,2,6,3,4,1,inf
qLogEI,2,6,3,4,2,inf
qLogEI,2,6,3,4,3,-9528.020599058158
qLogEI,2,6,3,4,4,-9528.020599058158
qLogEI,2,6,3,4,5,-9528.020599058158
qLogEI,2,6,3,4,6,-9528.020599058158
qLogEI,2,6,3,4,7,-9528.020599058158
qLogEI,2,6,3,4,8,-9558.184049891803
qLogEI,2,6,3,4,9,-9563.042008713714
qLogEI,2,6,3,4,10,-9726.477462799838
qLogEI,2,6,3,4,11,-9726.477462799838
qLogEI,2,6,3,4,12,-9726.477462799838
qLogEI,2,6,3,4,13,-9726.477462799838
qLogEI,2,6,3,4,14,-9726.477462799838
qLogEI,2,6,3,4,15,-9759.356143405636
qLogEI,2,6,3,4,16,-9759.356143405636
qLogEI,2,6,3,4,17,-9774.076484744184
qLogEI,2,6,3,4,18,-9774.076484744184
qLogEI,2,6,3,4,19,-9785.217775792298
qLogEI,2,6,3,4,20,-9828.0569658239
RL_Enhanced,2,6,3,4,1,inf
RL_Enhanced,2,6,3,4,2,inf
RL_Enhanced,2,6,3,4,3,-9528.020599058158
RL_Enhanced,2,6,3,4,4,-9528.020599058158
RL_Enhanced,2,6,3,4,5,-9528.020599058158
RL_Enhanced,2,6,3,4,6,-9528.020599058158
RL_Enhanced,2,6,3,4,7,-9528.020599058158
RL_Enhanced,2,6,3,4,8,-9528.020599058158
RL_Enhanced,2,6,3,4,9,-9528.020599058158
RL_Enhanced,2,6,3,4,10,-9528.020599058158
RL_Enhanced,2,6,3,4,11,-9528.020599058158
RL_Enhanced,2,6,3,4,12,-9528.020599058158
RL_Enhanced,2,6,3,4,13,-9528.020599058158
RL_Enhanced,2,6,3,4,14,-9528.020599058158
RL_Enhanced,2,6,3,4,15,-9528.020599058158
RL_Enhanced,2,6,3,4,16,-9528.020599058158
RL_Enhanced,2,6,3,4,17,-9528.020599058158
RL_Enhanced,2,6,3,4,18,-9528.020599058158
RL_Enhanced,2,6,3,4,19,-9528.020599058158
RL_Enhanced,2,6,3,4,20,-9528.020599058158
Random,2,50,1,0,1,inf
Random,2,50,1,0,2,inf
Random,2,50,1,0,3,799.3514371598862
Random,2,50,1,0,4,799.3514371598862
Random,2,50,1,0,5,799.3514371598862
Random,2,50,1,0,6,494.8137032145776
Random,2,50,1,0,7,494.8137032145776
Random,2,50,1,0,8,494.8137032145776
Random,2,50,1,0,9,494.8137032145776
Random,2,50,1,0,10,494.8137032145776
Random,2,50,1,0,11,494.8137032145776
Random,2,50,1,0,12,494.8137032145776
Random,2,50,1,0,13,494.8137032145776
Random,2,50,1,0,14,493.7424187470792
Random,2,50,1,0,15,493.7424187470792
Random,2,50,1,0,16,493.7424187470792
Random,2,50,1,0,17,493.7424187470792
Random,2,50,1,0,18,493.7424187470792
Random,2,50,1,0,19,493.7424187470792
Random,2,50,1,0,20,493.7424187470792
qLogEI,2,50,1,0,1,inf
qLogEI,2,50,1,0,2,inf
qLogEI,2,50,1,0,3,799.3514371598862
qLogEI,2,50,1,0,4,799.3514371598862
qLogEI,2,50,1,0,5,799.3514371598862
qLogEI,2,50,1,0,6,799.3514371598862
qLogEI,2,50,1,0,7,294.4692708671666
qLogEI,2,50,1,0,8,294.4692708671666
qLogEI,2,50,1,0,9,294.4692708671666
qLogEI,2,50,1,0,10,294.4692708671666
qLogEI,2,50,1,0,11,294.4692708671666
qLogEI,2,50,1,0,12,294.4692708671666
qLogEI,2,50,1,0,13,294.4692708671666
qLogEI,2,50,1,0,14,294.4692708671666
qLogEI,2,50,1,0,15,294.4692708671666
qLogEI,2,50,1,0,16,294.4692708671666
qLogEI,2,50,1,0,17,294.4692708671666
qLogEI,2,50,1,0,18,294.4692708671666
qLogEI,2,50,1,0,19,294.4692708671666
qLogEI,2,50,1,0,20,294.4692708671666
RL_Enhanced,2,50,1,0,1,inf
RL_Enhanced,2,50,1,0,2,inf
RL_Enhanced,2,50,1,0,3,799.3514371598862
RL_Enhanced,2,50,1,0,4,799.3514371598862
RL_Enhanced,2,50,1,0,5,790.7995922761843
RL_Enhanced,2,50,1,0,6,790.7995922761843
RL_Enhanced,2,50,1,0,7,790.7995922761843
RL_Enhanced,2,50,1,0,8,790.7995922761843
RL_Enhanced,2,50,1,0,9,669.2908842782938
RL_Enhanced,2,50,1,0,10,669.2908842782938
RL_Enhanced,2,50,1,0,11,669.2908842782938
RL_Enhanced,2,50,1,0,12,669.2908842782938
RL_Enhanced,2,50,1,0,13,669.2908842782938
RL_Enhanced,2,50,1,0,14,669.2908842782938
RL_Enhanced,2,50,1,0,15,669.2908842782938
RL_Enhanced,2,50,1,0,16,669.2908842782938
RL_Enhanced,2,50,1,0,17,669.2908842782938
RL_Enhanced,2,50,1,0,18,669.2908842782938
RL_Enhanced,2,50,1,0,19,669.2908842782938
RL_Enhanced,2,50,1,0,20,669.2908842782938
Random,2,50,1,1,1,876.3589704399865
Random,2,50,1,1,2,876.3589704399865
Random,2,50,1,1,3,876.3589704399865
Random,2,50,1,1,4,655.3916856026017
Random,2,50,1,1,5,655.3916856026017
Random,2,50,1,1,6,427.5868102823219
Random,2,50,1,1,7,427.5868102823219
Random,2,50,1,1,8,427.5868102823219
Random,2,50,1,1,9,427.5868102823219
Random,2,50,1,1,10,166.19583632102146
Random,2,50,1,1,11,166.19583632102146
Random,2,50,1,1,12,166.19583632102146
Random,2,50,1,1,13,166.19583632102146
Random,2,50,1,1,14,166.19583632102146
Random,2,50,1,1,15,166.19583632102146
Random,2,50,1,1,16,166.19583632102146
Random,2,50,1,1,17,166.19583632102146
Random,2,50,1,1,18,166.19583632102146
Random,2,50,1,1,19,166.19583632102146
Random,2,50,1,1,20,166.19583632102146
qLogEI,2,50,1,1,1,876.3589704399865
qLogEI,2,50,1,1,2,876.3589704399865
qLogEI,2,50,1,1,3,876.3589704399865
qLogEI,2,50,1,1,4,655.3916856026017
qLogEI,2,50,1,1,5,655.3916856026017
qLogEI,2,50,1,1,6,655.3916856026017
qLogEI,2,50,1,1,7,655.3916856026017
qLogEI,2,50,1,1,8,655.3916856026017
qLogEI,2,50,1,1,9,655.3916856026017
qLogEI,2,50,1,1,10,655.3916856026017
qLogEI,2,50,1,1,11,655.3916856026017
qLogEI,2,50,1,1,12,655.3916856026017
qLogEI,2,50,1,1,13,655.3916856026017
qLogEI,2,50,1,1,14,655.3916856026017
qLogEI,2,50,1,1,15,633.4671993441152
qLogEI,2,50,1,1,16,558.025908661564
qLogEI,2,50,1,1,17,558.025908661564
qLogEI,2,50,1,1,18,558.025908661564
qLogEI,2,50,1,1,19,558.025908661564
qLogEI,2,50,1,1,20,339.3924499538724
RL_Enhanced,2,50,1,1,1,876.3589704399865
RL_Enhanced,2,50,1,1,2,876.3589704399865
RL_Enhanced,2,50,1,1,3,876.3589704399865
RL_Enhanced,2,50,1,1,4,655.3916856026017
RL_Enhanced,2,50,1,1,5,655.3916856026017
RL_Enhanced,2,50,1,1,6,655.3916856026017
RL_Enhanced,2,50,1,1,7,655.3916856026017
RL_Enhanced,2,50,1,1,8,655.3916856026017
RL_Enhanced,2,50,1,1,9,655.3916856026017
RL_Enhanced,2,50,1,1,10,655.3916856026017
RL_Enhanced,2,50,1,1,11,655.3916856026017
RL_Enhanced,2,50,1,1,12,655.3916856026017
RL_Enhanced,2,50,1,1,13,655.3916856026017
RL_Enhanced,2,50,1,1,14,655.3916856026017
RL_Enhanced,2,50,1,1,15,655.3916856026017
RL_Enhanced,2,50,1,1,16,655.3916856026017
RL_Enhanced,2,50,1,1,17,655.3916856026017
RL_Enhanced,2,50,1,1,18,655.3916856026017
RL_Enhanced,2,50,1,1,19,655.3916856026017
RL_Enhanced,2,50,1,1,20,655.3916856026017
Random,2,50,1,2,1,inf
Random,2,50,1,2,2,1013.2760417412868
Random,2,50,1,2,3,1013.2760417412868
Random,2,50,1,2,4,866.0082337652777
Random,2,50,1,2,5,866.0082337652777
Random,2,50,1,2,6,866.0082337652777
Random,2,50,1,2,7,206.37286387123157
Random,2,50,1,2,8,206.37286387123157
Random,2,50,1,2,9,132.0809747546461
Random,2,50,1,2,10,132.0809747546461
Random,2,50,1,2,11,132.0809747546461
Random,2,50,1,2,12,132.0809747546461
Random,2,50,1,2,13,132.0809747546461
Random,2,50,1,2,14,132.0809747546461
Random,2,50,1,2,15,132.0809747546461
Random,2,50,1,2,16,132.0809747546461
Random,2,50,1,2,17,132.0809747546461
Random,2,50,1,2,18,132.0809747546461
Random,2,50,1,2,19,132.0809747546461
Random,2,50,1,2,20,132.0809747546461
qLogEI,2,50,1,2,1,inf
qLogEI,2,50,1,2,2,1013.2760417412868
qLogEI,2,50,1,2,3,1013.2760417412868
qLogEI,2,50,1,2,4,866.0082337652777
qLogEI,2,50,1,2,5,866.0082337652777
qLogEI,2,50,1,2,6,866.0082337652777
qLogEI,2,50,1,2,7,866.0082337652777
qLogEI,2,50,1,2,8,866.0082337652777
qLogEI,2,50,1,2,9,866.0082337652777
qLogEI,2,50,1,2,10,866.0082337652777
qLogEI,2,50,1,2,11,866.0082337652777
qLogEI,2,50,1,2,12,866.0082337652777
qLogEI,2,50,1,2,13,866.0082337652777
qLogEI,2,50,1,2,14,866.0082337652777
qLogEI,2,50,1,2,15,866.0082337652777
qLogEI,2,50,1,2,16,866.0082337652777
qLogEI,2,50,1,2,17,346.592701717926
qLogEI,2,50,1,2,18,346.592701717926
qLogEI,2,50,1,2,19,346.592701717926
qLogEI,2,50,1,2,20,277.30225515289953
RL_Enhanced,2,50,1,2,1,inf
RL_Enhanced,2,50,1,2,2,1013.2760417412868
RL_Enhanced,2,50,1,2,3,1013.2760417412868
RL_Enhanced,2,50,1,2,4,866.0082337652777
RL_Enhanced,2,50,1,2,5,726.9911149934119
RL_Enhanced,2,50,1,2,6,726.9911149934119
RL_Enhanced,2,50,1,2,7,726.9911149934119
RL_Enhanced,2,50,1,2,8,726.9911149934119
RL_Enhanced,2,50,1,2,9,726.9911149934119
RL_Enhanced,2,50,1,2,10,726.9911149934119
RL_Enhanced,2,50,1,2,11,726.9911149934119
RL_Enhanced,2,50,1,2,12,726.9911149934119
RL_Enhanced,2,50,1,2,13,726.9911149934119
RL_Enhanced,2,50,1,2,14,726.9911149934119
RL_Enhanced,2,50,1,2,15,726.9911149934119
RL_Enhanced,2,50,1,2,16,726.9911149934119
RL_Enhanced,2,50,1,2,17,726.9911149934119
RL_Enhanced,2,50,1,2,18,726.9911149934119
RL_Enhanced,2,50,1,2,19,726.9911149934119
RL_Enhanced,2,50,1,2,20,726.9911149934119
Random,2,50,1,3,1,284.21511665844156
Random,2,50,1,3,2,284.21511665844156
Random,2,50,1,3,3,284.21511665844156
Random,2,50,1,3,4,284.21511665844156
Random,2,50,1,3,5,284.21511665844156
Random,2,50,1,3,6,284.21511665844156
Random,2,50,1,3,7,284.21511665844156
Random,2,50,1,3,8,284.21511665844156
Random,2,50,1,3,9,284.21511665844156
Random,2,50,1,3,10,190.350646303926
Random,2,50,1,3,11,190.350646303926
Random,2,50,1,3,12,190.350646303926
Random,2,50,1,3,13,190.350646303926
Random,2,50,1,3,14,190.350646303926
Random,2,50,1,3,15,190.350646303926
Random,2,50,1,3,16,190.350646303926
Random,2,50,1,3,17,190.350646303926
Random,2,50,1,3,18,190.350646303926
Random,2,50,1,3,19,190.350646303926
Random,2,50,1,3,20,190.350646303926
qLogEI,2,50,1,3,1,284.21511665844156
qLogEI,2,50,1,3,2,284.21511665844156
qLogEI,2,50,1,3,3,284.21511665844156
qLogEI,2,50,1,3,4,284.21511665844156
qLogEI,2,50,1,3,5,284.21511665844156
qLogEI,2,50,1,3,6,284.21511665844156
qLogEI,2,50,1,3,7,284.21511665844156
qLogEI,2,50,1,3,8,284.21511665844156
qLogEI,2,50,1,3,9,284.21511665844156
qLogEI,2,50,1,3,10,284.21511665844156
qLogEI,2,50,1,3,11,284.21511665844156
qLogEI,2,50,1,3,12,284.21511665844156
qLogEI,2,50,1,3,13,284.21511665844156
qLogEI,2,50,1,3,14,284.21511665844156
qLogEI,2,50,1,3,15,284.21511665844156
qLogEI,2,50,1,3,16,284.21511665844156
qLogEI,2,50,1,3,17,284.21511665844156
qLogEI,2,50,1,3,18,284.21511665844156
qLogEI,2,50,1,3,19,284.21511665844156
qLogEI,2,50,1,3,20,284.21511665844156
RL_Enhanced,2,50,1,3,1,284.21511665844156
RL_Enhanced,2,50,1,3,2,284.21511665844156
RL_Enhanced,2,50,1,3,3,284.21511665844156
RL_Enhanced,2,50,1,3,4,284.21511665844156
RL_Enhanced,2,50,1,3,5,284.21511665844156
RL_Enhanced,2,50,1,3,6,284.21511665844156
RL_Enhanced,2,50,1,3,7,284.21511665844156
RL_Enhanced,2,50,1,3,8,284.21511665844156
RL_Enhanced,2,50,1,3,9,284.21511665844156
RL_Enhanced,2,50,1,3,10,284.21511665844156
RL_Enhanced,2,50,1,3,11,284.21511665844156
RL_Enhanced,2,50,1,3,12,284.21511665844156
RL_Enhanced,2,50,1,3,13,284.21511665844156
RL_Enhanced,2,50,1,3,14,284.21511665844156
RL_Enhanced,2,50,1,3,15,284.21511665844156
RL_Enhanced,2,50,1,3,16,284.21511665844156
RL_Enhanced,2,50,1,3,17,284.21511665844156
RL_Enhanced,2,50,1,3,18,284.21511665844156
RL_Enhanced,2,50,1,3,19,284.21511665844156
RL_Enhanced,2,50,1,3,20,284.21511665844156
Random,2,50,1,4,1,inf
Random,2,50,1,4,2,inf
Random,2,50,1,4,3,699.9407664688265
Random,2,50,1,4,4,559.6064985445274
Random,2,50,1,4,5,559.6064985445274
Random,2,50,1,4,6,559.6064985445274
Random,2,50,1,4,7,472.9805423545695
Random,2,50,1,4,8,430.61367328144513
Random,2,50,1,4,9,430.61367328144513
Random,2,50,1,4,10,430.61367328144513
Random,2,50,1,4,11,430.61367328144513
Random,2,50,1,4,12,430.61367328144513
Random,2,50,1,4,13,430.61367328144513
Random,2,50,1,4,14,129.98920041002154
Random,2,50,1,4,15,129.98920041002154
Random,2,50,1,4,16,129.98920041002154
Random,2,50,1,4,17,129.98920041002154
Random,2,50,1,4,18,129.98920041002154
Random,2,50,1,4,19,129.98920041002154
Random,2,50,1,4,20,129.98920041002154
qLogEI,2,50,1,4,1,inf
qLogEI,2,50,1,4,2,inf
qLogEI,2,50,1,4,3,699.9407664688265
qLogEI,2,50,1,4,4,559.6064985445274
qLogEI,2,50,1,4,5,559.6064985445274
qLogEI,2,50,1,4,6,559.6064985445274
qLogEI,2,50,1,4,7,559.6064985445274
qLogEI,2,50,1,4,8,559.6064985445274
qLogEI,2,50,1,4,9,559.6064985445274
qLogEI,2,50,1,4,10,559.6064985445274
qLogEI,2,50,1,4,11,559.6064985445274
qLogEI,2,50,1,4,12,559.6064985445274
qLogEI,2,50,1,4,13,559.6064985445274
qLogEI,2,50,1,4,14,559.6064985445274
qLogEI,2,50,1,4,15,559.6064985445274
qLogEI,2,50,1,4,16,121.67920380415009
qLogEI,2,50,1,4,17,121.67920380415009
qLogEI,2,50,1,4,18,121.67920380415009
qLogEI,2,50,1,4,19,121.67920380415009
qLogEI,2,50,1,4,20,121.67920380415009
RL_Enhanced,2,50,1,4,1,inf
RL_Enhanced,2,50,1,4,2,inf
RL_Enhanced,2,50,1,4,3,699.9407664688265
RL_Enhanced,2,50,1,4,4,559.6064985445274
RL_Enhanced,2,50,1,4,5,559.6064985445274
RL_Enhanced,2,50,1,4,6,559.6064985445274
RL_Enhanced,2,50,1,4,7,559.6064985445274
RL_Enhanced,2,50,1,4,8,559.6064985445274
RL_Enhanced,2,50,1,4,9,559.6064985445274
RL_Enhanced,2,50,1,4,10,559.6064985445274
RL_Enhanced,2,50,1,4,11,559.6064985445274
RL_Enhanced,2,50,1,4,12,559.6064985445274
RL_Enhanced,2,50,1,4,13,559.6064985445274
RL_Enhanced,2,50,1,4,14,559.6064985445274
RL_Enhanced,2,50,1,4,15,559.6064985445274
RL_Enhanced,2,50,1,4,16,559.6064985445274
RL_Enhanced,2,50,1,4,17,559.6064985445274
RL_Enhanced,2,50,1,4,18,559.6064985445274
RL_Enhanced,2,50,1,4,19,559.6064985445274
RL_Enhanced,2,50,1,4,20,559.6064985445274
Random,2,50,2,0,1,inf
Random,2,50,2,0,2,inf
Random,2,50,2,0,3,inf
Random,2,50,2,0,4,inf
Random,2,50,2,0,5,inf
Random,2,50,2,0,6,inf
Random,2,50,2,0,7,inf
Random,2,50,2,0,8,inf
Random,2,50,2,0,9,inf
Random,2,50,2,0,10,8886.431682531118
Random,2,50,2,0,11,8748.691754136544
Random,2,50,2,0,12,8748.691754136544
Random,2,50,2,0,13,8748.691754136544
Random,2,50,2,0,14,8748.691754136544
Random,2,50,2,0,15,8748.691754136544
Random,2,50,2,0,16,8748.691754136544
Random,2,50,2,0,17,8748.691754136544
Random,2,50,2,0,18,8748.691754136544
Random,2,50,2,0,19,8748.691754136544
Random,2,50,2,0,20,8748.691754136544
qLogEI,2,50,2,0,1,inf
qLogEI,2,50,2,0,2,inf
qLogEI,2,50,2,0,3,inf
qLogEI,2,50,2,0,4,inf
qLogEI,2,50,2,0,5,inf
qLogEI,2,50,2,0,6,8964.916217760532
qLogEI,2,50,2,0,7,8964.916217760532
qLogEI,2,50,2,0,8,8766.490123934924
qLogEI,2,50,2,0,9,8609.857313015587
qLogEI,2,50,2,0,10,8609.857313015587
qLogEI,2,50,2,0,11,8609.857313015587
qLogEI,2,50,2,0,12,8579.861657853011
qLogEI,2,50,2,0,13,8577.068213930032
qLogEI,2,50,2,0,14,8577.068213930032
qLogEI,2,50,2,0,15,8577.068213930032
qLogEI,2,50,2,0,16,8575.790001891877
qLogEI,2,50,2,0,17,8575.419285498001
qLogEI,2,50,2,0,18,8575.419285498001
qLogEI,2,50,2,0,19,8574.839338905611
qLogEI,2,50,2,0,20,8574.839338905611
RL_Enhanced,2,50,2,0,1,inf
RL_Enhanced,2,50,2,0,2,inf
RL_Enhanced,2,50,2,0,3,inf
RL_Enhanced,2,50,2,0,4,inf
RL_Enhanced,2,50,2,0,5,inf
RL_Enhanced,2,50,2,0,6,8844.304268752729
RL_Enhanced,2,50,2,0,7,8737.845474364989
RL_Enhanced,2,50,2,0,8,8729.216413457758
RL_Enhanced,2,50,2,0,9,8729.216413457758
RL_Enhanced,2,50,2,0,10,8729.216413457758
RL_Enhanced,2,50,2,0,11,8727.743738341873
RL_Enhanced,2,50,2,0,12,8727.743738341873
RL_Enhanced,2,50,2,0,13,8727.743738341873
RL_Enhanced,2,50,2,0,14,8727.743738341873
RL_Enhanced,2,50,2,0,15,8727.743738341873
RL_Enhanced,2,50,2,0,16,8727.743738341873
RL_Enhanced,2,50,2,0,17,8727.743738341873
RL_Enhanced,2,50,2,0,18,8727.743738341873
RL_Enhanced,2,50,2,0,19,8727.743738341873
RL_Enhanced,2,50,2,0,20,8727.743738341873
Random,2,50,2,1,1,inf
Random,2,50,2,1,2,inf
Random,2,50,2,1,3,inf
Random,2,50,2,1,4,inf
Random,2,50,2,1,5,8998.262689886655
Random,2,50,2,1,6,8998.262689886655
Random,2,50,2,1,7,8998.262689886655
Random,2,50,2,1,8,8998.262689886655
Random,2,50,2,1,9,8998.262689886655
Random,2,50,2,1,10,8998.262689886655
Random,2,50,2,1,11,8998.262689886655
Random,2,50,2,1,12,8998.262689886655
Random,2,50,2,1,13,8998.262689886655
Random,2,50,2,1,14,8998.262689886655
Random,2,50,2,1,15,8998.262689886655
Random,2,50,2,1,16,8998.262689886655
Random,2,50,2,1,17,8998.262689886655
Random,2,50,2,1,18,8998.262689886655
Random,2,50,2,1,19,8998.262689886655
Random,2,50,2,1,20,8998.262689886655
qLogEI,2,50,2,1,1,inf
qLogEI,2,50,2,1,2,inf
qLogEI,2,50,2,1,3,inf
qLogEI,2,50,2,1,4,inf
qLogEI,2,50,2,1,5,8896.009824841187
qLogEI,2,50,2,1,6,8896.009824841187
qLogEI,2,50,2,1,7,8753.021266997814
qLogEI,2,50,2,1,8,8753.021266997814
qLogEI,2,50,2,1,9,8749.759827569478
qLogEI,2,50,2,1,10,8657.255788315982
qLogEI,2,50,2,1,11,8657.255788315982
qLogEI,2,50,2,1,12,8656.615214424906
qLogEI,2,50,2,1,13,8656.615214424906
qLogEI,2,50,2,1,14,8656.615214424906
qLogEI,2,50,2,1,15,8656.603561386497
qLogEI,2,50,2,1,16,8656.603561386497
qLogEI,2,50,2,1,17,8656.603561386497
qLogEI,2,50,2,1,18,8656.603561386497
qLogEI,2,50,2,1,19,8656.603561386497
qLogEI,2,50,2,1,20,8656.603561386497
RL_Enhanced,2,50,2,1,1,inf
RL_Enhanced,2,50,2,1,2,inf
RL_Enhanced,2,50,2,1,3,inf
RL_Enhanced,2,50,2,1,4,inf
RL_Enhanced,2,50,2,1,5,inf
RL_Enhanced,2,50,2,1,6,8741.205031457073
RL_Enhanced,2,50,2,1,7,8741.205031457073
RL_Enhanced,2,50,2,1,8,8741.205031457073
RL_Enhanced,2,50,2,1,9,8741.205031457073
RL_Enhanced,2,50,2,1,10,8741.205031457073
RL_Enhanced,2,50,2,1,11,8741.205031457073
RL_Enhanced,2,50,2,1,12,8741.205031457073
RL_Enhanced,2,50,2,1,13,8741.205031457073
RL_Enhanced,2,50,2,1,14,8741.205031457073
RL_Enhanced,2,50,2,1,15,8741.205031457073
RL_Enhanced,2,50,2,1,16,8741.205031457073
RL_Enhanced,2,50,2,1,17,8741.205031457073
RL_Enhanced,2,50,2,1,18,8741.205031457073
RL_Enhanced,2,50,2,1,19,8741.205031457073
RL_Enhanced,2,50,2,1,20,8741.205031457073
Random,2,50,2,2,1,inf
Random,2,50,2,2,2,inf
Random,2,50,2,2,3,inf
Random,2,50,2,2,4,8835.20851483428
Random,2,50,2,2,5,8835.20851483428
Random,2,50,2,2,6,8835.20851483428
Random,2,50,2,2,7,8835.20851483428
Random,2,50,2,2,8,8835.20851483428
Random,2,50,2,2,9,8835.20851483428
Random,2,50,2,2,10,8835.20851483428
Random,2,50,2,2,11,8835.20851483428
Random,2,50,2,2,12,8835.20851483428
Random,2,50,2,2,13,8835.20851483428
Random,2,50,2,2,14,8835.20851483428
Random,2,50,2,2,15,8835.20851483428
Random,2,50,2,2,16,8835.20851483428
Random,2,50,2,2,17,8835.20851483428
Random,2,50,2,2,18,8835.20851483428
Random,2,50,2,2,19,8835.20851483428
Random,2,50,2,2,20,8835.20851483428
qLogEI,2,50,2,2,1,inf
qLogEI,2,50,2,2,2,inf
qLogEI,2,50,2,2,3,inf
qLogEI,2,50,2,2,4,8835.20851483428
qLogEI,2,50,2,2,5,8603.230115917424
qLogEI,2,50,2,2,6,8603.230115917424
qLogEI,2,50,2,2,7,8603.230115917424
qLogEI,2,50,2,2,8,8603.230115917424
qLogEI,2,50,2,2,9,8574.595492344613
qLogEI,2,50,2,2,10,8574.595492344613
qLogEI,2,50,2,2,11,8573.944155981007
qLogEI,2,50,2,2,12,8573.944155981007
qLogEI,2,50,2,2,13,8573.944155981007
qLogEI,2,50,2,2,14,8573.944155981007
qLogEI,2,50,2,2,15,8573.944155981007
qLogEI,2,50,2,2,16,8573.944155981007
qLogEI,2,50,2,2,17,8573.944155981007
qLogEI,2,50,2,2,18,8573.944155981007
qLogEI,2,50,2,2,19,8573.944155981007
qLogEI,2,50,2,2,20,8573.944155981007
RL_Enhanced,2,50,2,2,1,inf
RL_Enhanced,2,50,2,2,2,inf
RL_Enhanced,2,50,2,2,3,inf
RL_Enhanced,2,50,2,2,4,8835.20851483428
RL_Enhanced,2,50,2,2,5,8749.94018013534
RL_Enhanced,2,50,2,2,6,8749.94018013534
RL_Enhanced,2,50,2,2,7,8749.94018013534
RL_Enhanced,2,50,2,2,8,8749.94018013534
RL_Enhanced,2,50,2,2,9,8749.94018013534
RL_Enhanced,2,50,2,2,10,8749.94018013534
RL_Enhanced,2,50,2,2,11,8749.94018013534
RL_Enhanced,2,50,2,2,12,8749.94018013534
RL_Enhanced,2,50,2,2,13,8749.94018013534
RL_Enhanced,2,50,2,2,14,8749.94018013534
RL_Enhanced,2,50,2,2,15,8749.94018013534
RL_Enhanced,2,50,2,2,16,8749.94018013534
RL_Enhanced,2,50,2,2,17,8749.94018013534
RL_Enhanced,2,50,2,2,18,8749.94018013534
RL_Enhanced,2,50,2,2,19,8749.94018013534
RL_Enhanced,2,50,2,2,20,8749.94018013534
Random,2,50,2,3,1,inf
Random,2,50,2,3,2,inf
Random,2,50,2,3,3,inf
Random,2,50,2,3,4,inf
Random,2,50,2,3,5,inf
Random,2,50,2,3,6,inf
Random,2,50,2,3,7,inf
Random,2,50,2,3,8,inf
Random,2,50,2,3,9,inf
Random,2,50,2,3,10,inf
Random,2,50,2,3,11,inf
Random,2,50,2,3,12,inf
Random,2,50,2,3,13,inf
Random,2,50,2,3,14,inf
Random,2,50,2,3,15,inf
Random,2,50,2,3,16,inf
Random,2,50,2,3,17,inf
Random,2,50,2,3,18,inf
Random,2,50,2,3,19,inf
Random,2,50,2,3,20,inf
qLogEI,2,50,2,3,1,inf
qLogEI,2,50,2,3,2,inf
qLogEI,2,50,2,3,3,inf
qLogEI,2,50,2,3,4,inf
qLogEI,2,50,2,3,5,inf
qLogEI,2,50,2,3,6,8660.541240228835
qLogEI,2,50,2,3,7,8660.541240228835
qLogEI,2,50,2,3,8,8660.541240228835
qLogEI,2,50,2,3,9,8660.541240228835
qLogEI,2,50,2,3,10,8660.541240228835
qLogEI,2,50,2,3,11,8660.541240228835
qLogEI,2,50,2,3,12,8660.541240228835
qLogEI,2,50,2,3,13,8660.541240228835
qLogEI,2,50,2,3,14,8574.784177215863
qLogEI,2,50,2,3,15,8574.784177215863
qLogEI,2,50,2,3,16,8574.784177215863
qLogEI,2,50,2,3,17,8574.784177215863
qLogEI,2,50,2,3,18,8574.75255169834
qLogEI,2,50,2,3,19,8574.211744786115
qLogEI,2,50,2,3,20,8574.211744786115
RL_Enhanced,2,50,2,3,1,inf
RL_Enhanced,2,50,2,3,2,inf
RL_Enhanced,2,50,2,3,3,inf
RL_Enhanced,2,50,2,3,4,inf
RL_Enhanced,2,50,2,3,5,8778.95145903444
RL_Enhanced,2,50,2,3,6,8744.880206702781
RL_Enhanced,2,50,2,3,7,8744.880206702781
RL_Enhanced,2,50,2,3,8,8744.880206702781
RL_Enhanced,2,50,2,3,9,8744.880206702781
RL_Enhanced,2,50,2,3,10,8744.880206702781
RL_Enhanced,2,50,2,3,11,8744.880206702781
RL_Enhanced,2,50,2,3,12,8744.880206702781
RL_Enhanced,2,50,2,3,13,8744.880206702781
RL_Enhanced,2,50,2,3,14,8744.880206702781
RL_Enhanced,2,50,2,3,15,8744.880206702781
RL_Enhanced,2,50,2,3,16,8744.880206702781
RL_Enhanced,2,50,2,3,17,8744.880206702781
RL_Enhanced,2,50,2,3,18,8744.880206702781
RL_Enhanced,2,50,2,3,19,8744.880206702781
RL_Enhanced,2,50,2,3,20,8744.880206702781
Random,2,50,2,4,1,inf
Random,2,50,2,4,2,inf
Random,2,50,2,4,3,inf
Random,2,50,2,4,4,inf
Random,2,50,2,4,5,inf
Random,2,50,2,4,6,inf
Random,2,50,2,4,7,inf
Random,2,50,2,4,8,inf
Random,2,50,2,4,9,inf
Random,2,50,2,4,10,inf
Random,2,50,2,4,11,8691.181356974712
Random,2,50,2,4,12,8652.634353159492
Random,2,50,2,4,13,8652.634353159492
Random,2,50,2,4,14,8652.634353159492
Random,2,50,2,4,15,8652.634353159492
Random,2,50,2,4,16,8652.634353159492
Random,2,50,2,4,17,8652.634353159492
Random,2,50,2,4,18,8652.634353159492
Random,2,50,2,4,19,8652.634353159492
Random,2,50,2,4,20,8652.634353159492
qLogEI,2,50,2,4,1,inf
qLogEI,2,50,2,4,2,inf
qLogEI,2,50,2,4,3,inf
qLogEI,2,50,2,4,4,inf
qLogEI,2,50,2,4,5,inf
qLogEI,2,50,2,4,6,8704.51640796795
qLogEI,2,50,2,4,7,8704.51640796795
qLogEI,2,50,2,4,8,8704.51640796795
qLogEI,2,50,2,4,9,8704.51640796795
qLogEI,2,50,2,4,10,8657.00543974002
qLogEI,2,50,2,4,11,8656.603549673408
qLogEI,2,50,2,4,12,8656.603549673408
qLogEI,2,50,2,4,13,8656.603549673408
qLogEI,2,50,2,4,14,8656.603549673408
qLogEI,2,50,2,4,15,8656.603549673408
qLogEI,2,50,2,4,16,8656.603549673408
qLogEI,2,50,2,4,17,8656.603546573198
qLogEI,2,50,2,4,18,8656.603504411027
qLogEI,2,50,2,4,19,8656.603461755174
qLogEI,2,50,2,4,20,8656.60343216539
RL_Enhanced,2,50,2,4,1,inf
RL_Enhanced,2,50,2,4,2,inf
RL_Enhanced,2,50,2,4,3,inf
RL_Enhanced,2,50,2,4,4,inf
RL_Enhanced,2,50,2,4,5,inf
RL_Enhanced,2,50,2,4,6,8687.83859465078
RL_Enhanced,2,50,2,4,7,8687.83859465078
RL_Enhanced,2,50,2,4,8,8687.83859465078
RL_Enhanced,2,50,2,4,9,8687.83859465078
RL_Enhanced,2,50,2,4,10,8687.83859465078
RL_Enhanced,2,50,2,4,11,8687.83859465078
RL_Enhanced,2,50,2,4,12,8687.83859465078
RL_Enhanced,2,50,2,4,13,8687.83859465078
RL_Enhanced,2,50,2,4,14,8687.83859465078
RL_Enhanced,2,50,2,4,15,8687.83859465078
RL_Enhanced,2,50,2,4,16,8687.83859465078
RL_Enhanced,2,50,2,4,17,8687.83859465078
RL_Enhanced,2,50,2,4,18,8687.83859465078
RL_Enhanced,2,50,2,4,19,8687.83859465078
RL_Enhanced,2,50,2,4,20,8687.83859465078
Random,2,50,3,0,1,inf
Random,2,50,3,0,2,inf
Random,2,50,3,0,3,inf
Random,2,50,3,0,4,inf
Random,2,50,3,0,5,inf
Random,2,50,3,0,6,inf
Random,2,50,3,0,7,inf
Random,2,50,3,0,8,inf
Random,2,50,3,0,9,inf
Random,2,50,3,0,10,700.5965878960203
Random,2,50,3,0,11,700.5965878960203
Random,2,50,3,0,12,700.5965878960203
Random,2,50,3,0,13,700.5965878960203
Random,2,50,3,0,14,700.5965878960203
Random,2,50,3,0,15,700.5965878960203
Random,2,50,3,0,16,700.5965878960203
Random,2,50,3,0,17,700.5965878960203
Random,2,50,3,0,18,700.5965878960203
Random,2,50,3,0,19,700.5965878960203
Random,2,50,3,0,20,657.5094577237819
qLogEI,2,50,3,0,1,inf
qLogEI,2,50,3,0,2,inf
qLogEI,2,50,3,0,3,inf
qLogEI,2,50,3,0,4,inf
qLogEI,2,50,3,0,5,670.6178688646758
qLogEI,2,50,3,0,6,670.6178688646758
qLogEI,2,50,3,0,7,670.6178688646758
qLogEI,2,50,3,0,8,670.6178688646758
qLogEI,2,50,3,0,9,670.6178688646758
qLogEI,2,50,3,0,10,670.6178688646758
qLogEI,2,50,3,0,11,670.6178688646758
qLogEI,2,50,3,0,12,670.6178688646758
qLogEI,2,50,3,0,13,670.6178688646758
qLogEI,2,50,3,0,14,670.6178688646758
qLogEI,2,50,3,0,15,670.6178688646758
qLogEI,2,50,3,0,16,142.11570435757255
qLogEI,2,50,3,0,17,142.11570435757255
qLogEI,2,50,3,0,18,142.11570435757255
qLogEI,2,50,3,0,19,142.11570435757255
qLogEI,2,50,3,0,20,142.11570435757255
RL_Enhanced,2,50,3,0,1,inf
RL_Enhanced,2,50,3,0,2,inf
RL_Enhanced,2,50,3,0,3,inf
RL_Enhanced,2,50,3,0,4,inf
RL_Enhanced,2,50,3,0,5,inf
RL_Enhanced,2,50,3,0,6,inf
RL_Enhanced,2,50,3,0,7,inf
RL_Enhanced,2,50,3,0,8,inf
RL_Enhanced,2,50,3,0,9,inf
RL_Enhanced,2,50,3,0,10,inf
RL_Enhanced,2,50,3,0,11,inf
RL_Enhanced,2,50,3,0,12,inf
RL_Enhanced,2,50,3,0,13,inf
RL_Enhanced,2,50,3,0,14,inf
RL_Enhanced,2,50,3,0,15,inf
RL_Enhanced,2,50,3,0,16,inf
RL_Enhanced,2,50,3,0,17,inf
RL_Enhanced,2,50,3,0,18,inf
RL_Enhanced,2,50,3,0,19,inf
RL_Enhanced,2,50,3,0,20,inf
Random,2,50,3,1,1,inf
Random,2,50,3,1,2,458.8079018534427
Random,2,50,3,1,3,458.8079018534427
Random,2,50,3,1,4,458.8079018534427
Random,2,50,3,1,5,458.8079018534427
Random,2,50,3,1,6,458.8079018534427
Random,2,50,3,1,7,458.8079018534427
Random,2,50,3,1,8,458.8079018534427
Random,2,50,3,1,9,458.8079018534427
Random,2,50,3,1,10,458.8079018534427
Random,2,50,3,1,11,458.8079018534427
Random,2,50,3,1,12,458.8079018534427
Random,2,50,3,1,13,458.8079018534427
Random,2,50,3,1,14,458.8079018534427
Random,2,50,3,1,15,458.8079018534427
Random,2,50,3,1,16,359.5641880196198
Random,2,50,3,1,17,359.5641880196198
Random,2,50,3,1,18,359.5641880196198
Random,2,50,3,1,19,359.5641880196198
Random,2,50,3,1,20,359.5641880196198
qLogEI,2,50,3,1,1,inf
qLogEI,2,50,3,1,2,458.8079018534427
qLogEI,2,50,3,1,3,458.8079018534427
qLogEI,2,50,3,1,4,458.8079018534427
qLogEI,2,50,3,1,5,458.8079018534427
qLogEI,2,50,3,1,6,458.8079018534427
qLogEI,2,50,3,1,7,458.8079018534427
qLogEI,2,50,3,1,8,458.8079018534427
qLogEI,2,50,3,1,9,458.8079018534427
qLogEI,2,50,3,1,10,458.8079018534427
qLogEI,2,50,3,1,11,291.7921641884178
qLogEI,2,50,3,1,12,291.7921641884178
qLogEI,2,50,3,1,13,291.7921641884178
qLogEI,2,50,3,1,14,291.7921641884178
qLogEI,2,50,3,1,15,291.7921641884178
qLogEI,2,50,3,1,16,291.7921641884178
qLogEI,2,50,3,1,17,291.7921641884178
qLogEI,2,50,3,1,18,291.7921641884178
qLogEI,2,50,3,1,19,291.7921641884178
qLogEI,2,50,3,1,20,291.7921641884178
RL_Enhanced,2,50,3,1,1,inf
RL_Enhanced,2,50,3,1,2,458.8079018534427
RL_Enhanced,2,50,3,1,3,458.8079018534427
RL_Enhanced,2,50,3,1,4,458.8079018534427
RL_Enhanced,2,50,3,1,5,458.8079018534427
RL_Enhanced,2,50,3,1,6,458.8079018534427
RL_Enhanced,2,50,3,1,7,458.8079018534427
RL_Enhanced,2,50,3,1,8,458.8079018534427
RL_Enhanced,2,50,3,1,9,458.8079018534427
RL_Enhanced,2,50,3,1,10,458.8079018534427
RL_Enhanced,2,50,3,1,11,458.8079018534427
RL_Enhanced,2,50,3,1,12,458.8079018534427
RL_Enhanced,2,50,3,1,13,458.8079018534427
RL_Enhanced,2,50,3,1,14,458.8079018534427
RL_Enhanced,2,50,3,1,15,458.8079018534427
RL_Enhanced,2,50,3,1,16,458.8079018534427
RL_Enhanced,2,50,3,1,17,458.8079018534427
RL_Enhanced,2,50,3,1,18,458.8079018534427
RL_Enhanced,2,50,3,1,19,458.8079018534427
RL_Enhanced,2,50,3,1,20,458.8079018534427
Random,2,50,3,2,1,inf
Random,2,50,3,2,2,inf
Random,2,50,3,2,3,inf
Random,2,50,3,2,4,627.0200498318243
Random,2,50,3,2,5,627.0200498318243
Random,2,50,3,2,6,627.0200498318243
Random,2,50,3,2,7,627.0200498318243
Random,2,50,3,2,8,247.12572070497617
Random,2,50,3,2,9,247.12572070497617
Random,2,50,3,2,10,247.12572070497617
Random,2,50,3,2,11,247.12572070497617
Random,2,50,3,2,12,247.12572070497617
Random,2,50,3,2,13,247.12572070497617
Random,2,50,3,2,14,247.12572070497617
Random,2,50,3,2,15,247.12572070497617
Random,2,50,3,2,16,247.12572070497617
Random,2,50,3,2,17,247.12572070497617
Random,2,50,3,2,18,247.12572070497617
Random,2,50,3,2,19,247.12572070497617
Random,2,50,3,2,20,247.12572070497617
qLogEI,2,50,3,2,1,inf
qLogEI,2,50,3,2,2,inf
qLogEI,2,50,3,2,3,inf
qLogEI,2,50,3,2,4,627.0200498318243
qLogEI,2,50,3,2,5,627.0200498318243
qLogEI,2,50,3,2,6,627.0200498318243
qLogEI,2,50,3,2,7,627.0200498318243
qLogEI,2,50,3,2,8,627.0200498318243
qLogEI,2,50,3,2,9,627.0200498318243
qLogEI,2,50,3,2,10,312.28001860322433
qLogEI,2,50,3,2,11,312.28001860322433
qLogEI,2,50,3,2,12,312.28001860322433
qLogEI,2,50,3,2,13,312.28001860322433
qLogEI,2,50,3,2,14,312.28001860322433
qLogEI,2,50,3,2,15,312.28001860322433
qLogEI,2,50,3,2,16,312.28001860322433
qLogEI,2,50,3,2,17,312.28001860322433
qLogEI,2,50,3,2,18,312.28001860322433
qLogEI,2,50,3,2,19,312.28001860322433
qLogEI,2,50,3,2,20,312.28001860322433
RL_Enhanced,2,50,3,2,1,inf
RL_Enhanced,2,50,3,2,2,inf
RL_Enhanced,2,50,3,2,3,inf
RL_Enhanced,2,50,3,2,4,627.0200498318243
RL_Enhanced,2,50,3,2,5,627.0200498318243
RL_Enhanced,2,50,3,2,6,529.3952316277303
RL_Enhanced,2,50,3,2,7,529.3952316277303
RL_Enhanced,2,50,3,2,8,529.3952316277303
RL_Enhanced,2,50,3,2,9,457.9183081083471
RL_Enhanced,2,50,3,2,10,457.9183081083471
RL_Enhanced,2,50,3,2,11,457.9183081083471
RL_Enhanced,2,50,3,2,12,457.9183081083471
RL_Enhanced,2,50,3,2,13,457.9183081083471
RL_Enhanced,2,50,3,2,14,457.9183081083471
RL_Enhanced,2,50,3,2,15,457.9183081083471
RL_Enhanced,2,50,3,2,16,457.9183081083471
RL_Enhanced,2,50,3,2,17,457.9183081083471
RL_Enhanced,2,50,3,2,18,457.9183081083471
RL_Enhanced,2,50,3,2,19,457.9183081083471
RL_Enhanced,2,50,3,2,20,457.9183081083471
Random,2,50,3,3,1,inf
Random,2,50,3,3,2,inf
Random,2,50,3,3,3,inf
Random,2,50,3,3,4,inf
Random,2,50,3,3,5,inf
Random,2,50,3,3,6,inf
Random,2,50,3,3,7,inf
Random,2,50,3,3,8,inf
Random,2,50,3,3,9,inf
Random,2,50,3,3,10,inf
Random,2,50,3,3,11,inf
Random,2,50,3,3,12,inf
Random,2,50,3,3,13,inf
Random,2,50,3,3,14,inf
Random,2,50,3,3,15,inf
Random,2,50,3,3,16,inf
Random,2,50,3,3,17,inf
Random,2,50,3,3,18,394.22402658173723
Random,2,50,3,3,19,394.22402658173723
Random,2,50,3,3,20,394.22402658173723
qLogEI,2,50,3,3,1,inf
qLogEI,2,50,3,3,2,inf
qLogEI,2,50,3,3,3,inf
qLogEI,2,50,3,3,4,inf
qLogEI,2,50,3,3,5,492.11027120526325
qLogEI,2,50,3,3,6,379.667545811217
qLogEI,2,50,3,3,7,379.667545811217
qLogEI,2,50,3,3,8,379.667545811217
qLogEI,2,50,3,3,9,279.03392699783365
qLogEI,2,50,3,3,10,279.03392699783365
qLogEI,2,50,3,3,11,242.12454346476744
qLogEI,2,50,3,3,12,242.12454346476744
qLogEI,2,50,3,3,13,242.12454346476744
qLogEI,2,50,3,3,14,242.12454346476744
qLogEI,2,50,3,3,15,242.12454346476744
qLogEI,2,50,3,3,16,242.12454346476744
qLogEI,2,50,3,3,17,242.12454346476744
qLogEI,2,50,3,3,18,242.12454346476744
qLogEI,2,50,3,3,19,242.12454346476744
qLogEI,2,50,3,3,20,242.12454346476744
RL_Enhanced,2,50,3,3,1,inf
RL_Enhanced,2,50,3,3,2,inf
RL_Enhanced,2,50,3,3,3,inf
RL_Enhanced,2,50,3,3,4,inf
RL_Enhanced,2,50,3,3,5,inf
RL_Enhanced,2,50,3,3,6,inf
RL_Enhanced,2,50,3,3,7,inf
RL_Enhanced,2,50,3,3,8,inf
RL_Enhanced,2,50,3,3,9,inf
RL_Enhanced,2,50,3,3,10,inf
RL_Enhanced,2,50,3,3,11,inf
RL_Enhanced,2,50,3,3,12,inf
RL_Enhanced,2,50,3,3,13,inf
RL_Enhanced,2,50,3,3,14,inf
RL_Enhanced,2,50,3,3,15,inf
RL_Enhanced,2,50,3,3,16,inf
RL_Enhanced,2,50,3,3,17,inf
RL_Enhanced,2,50,3,3,18,inf
RL_Enhanced,2,50,3,3,19,inf
RL_Enhanced,2,50,3,3,20,inf
Random,2,50,3,4,1,inf
Random,2,50,3,4,2,inf
Random,2,50,3,4,3,inf
Random,2,50,3,4,4,inf
Random,2,50,3,4,5,inf
Random,2,50,3,4,6,inf
Random,2,50,3,4,7,inf
Random,2,50,3,4,8,inf
Random,2,50,3,4,9,inf
Random,2,50,3,4,10,inf
Random,2,50,3,4,11,inf
Random,2,50,3,4,12,540.5219591072765
Random,2,50,3,4,13,324.46652152338777
Random,2,50,3,4,14,324.46652152338777
Random,2,50,3,4,15,324.46652152338777
Random,2,50,3,4,16,324.46652152338777
Random,2,50,3,4,17,324.46652152338777
Random,2,50,3,4,18,324.46652152338777
Random,2,50,3,4,19,324.46652152338777
Random,2,50,3,4,20,324.46652152338777
qLogEI,2,50,3,4,1,inf
qLogEI,2,50,3,4,2,inf
qLogEI,2,50,3,4,3,inf
qLogEI,2,50,3,4,4,inf
qLogEI,2,50,3,4,5,inf
qLogEI,2,50,3,4,6,355.4973196103724
qLogEI,2,50,3,4,7,355.4973196103724
qLogEI,2,50,3,4,8,355.4973196103724
qLogEI,2,50,3,4,9,355.4973196103724
qLogEI,2,50,3,4,10,355.4973196103724
qLogEI,2,50,3,4,11,355.4973196103724
qLogEI,2,50,3,4,12,355.4973196103724
qLogEI,2,50,3,4,13,355.4973196103724
qLogEI,2,50,3,4,14,355.4973196103724
qLogEI,2,50,3,4,15,355.4973196103724
qLogEI,2,50,3,4,16,355.4973196103724
qLogEI,2,50,3,4,17,355.4973196103724
qLogEI,2,50,3,4,18,355.4973196103724
qLogEI,2,50,3,4,19,355.4973196103724
qLogEI,2,50,3,4,20,355.4973196103724
RL_Enhanced,2,50,3,4,1,inf
RL_Enhanced,2,50,3,4,2,inf
RL_Enhanced,2,50,3,4,3,inf
RL_Enhanced,2,50,3,4,4,inf
RL_Enhanced,2,50,3,4,5,inf
RL_Enhanced,2,50,3,4,6,inf
RL_Enhanced,2,50,3,4,7,inf
RL_Enhanced,2,50,3,4,8,inf
RL_Enhanced,2,50,3,4,9,inf
RL_Enhanced,2,50,3,4,10,inf
RL_Enhanced,2,50,3,4,11,inf
RL_Enhanced,2,50,3,4,12,inf
RL_Enhanced,2,50,3,4,13,inf
RL_Enhanced,2,50,3,4,14,inf
RL_Enhanced,2,50,3,4,15,inf
RL_Enhanced,2,50,3,4,16,inf
RL_Enhanced,2,50,3,4,17,inf
RL_Enhanced,2,50,3,4,18,inf
RL_Enhanced,2,50,3,4,19,inf
RL_Enhanced,2,50,3,4,20,inf
Random,2,52,1,0,1,inf
Random,2,52,1,0,2,inf
Random,2,52,1,0,3,inf
Random,2,52,1,0,4,inf
Random,2,52,1,0,5,inf
Random,2,52,1,0,6,3027.203710059141
Random,2,52,1,0,7,3027.203710059141
Random,2,52,1,0,8,3027.203710059141
Random,2,52,1,0,9,3027.203710059141
Random,2,52,1,0,10,3027.203710059141
Random,2,52,1,0,11,3027.203710059141
Random,2,52,1,0,12,3027.203710059141
Random,2,52,1,0,13,3027.203710059141
Random,2,52,1,0,14,2645.5150045330956
Random,2,52,1,0,15,2645.5150045330956
Random,2,52,1,0,16,2645.5150045330956
Random,2,52,1,0,17,2645.5150045330956
Random,2,52,1,0,18,2645.5150045330956
Random,2,52,1,0,19,2645.5150045330956
Random,2,52,1,0,20,2645.5150045330956
qLogEI,2,52,1,0,1,inf
qLogEI,2,52,1,0,2,inf
qLogEI,2,52,1,0,3,inf
qLogEI,2,52,1,0,4,inf
qLogEI,2,52,1,0,5,inf
qLogEI,2,52,1,0,6,inf
qLogEI,2,52,1,0,7,inf
qLogEI,2,52,1,0,8,inf
qLogEI,2,52,1,0,9,inf
qLogEI,2,52,1,0,10,inf
qLogEI,2,52,1,0,11,inf
qLogEI,2,52,1,0,12,inf
qLogEI,2,52,1,0,13,2590.54149575368
qLogEI,2,52,1,0,14,2590.54149575368
qLogEI,2,52,1,0,15,2371.692792128687
qLogEI,2,52,1,0,16,2371.692792128687
qLogEI,2,52,1,0,17,2371.692792128687
qLogEI,2,52,1,0,18,2371.692792128687
qLogEI,2,52,1,0,19,2371.692792128687
qLogEI,2,52,1,0,20,2371.692792128687
RL_Enhanced,2,52,1,0,1,inf
RL_Enhanced,2,52,1,0,2,inf
RL_Enhanced,2,52,1,0,3,inf
RL_Enhanced,2,52,1,0,4,inf
RL_Enhanced,2,52,1,0,5,inf
RL_Enhanced,2,52,1,0,6,inf
RL_Enhanced,2,52,1,0,7,inf
RL_Enhanced,2,52,1,0,8,inf
RL_Enhanced,2,52,1,0,9,inf
RL_Enhanced,2,52,1,0,10,inf
RL_Enhanced,2,52,1,0,11,inf
RL_Enhanced,2,52,1,0,12,inf
RL_Enhanced,2,52,1,0,13,inf
RL_Enhanced,2,52,1,0,14,inf
RL_Enhanced,2,52,1,0,15,inf
RL_Enhanced,2,52,1,0,16,inf
RL_Enhanced,2,52,1,0,17,inf
RL_Enhanced,2,52,1,0,18,inf
RL_Enhanced,2,52,1,0,19,inf
RL_Enhanced,2,52,1,0,20,inf
Random,2,52,1,1,1,inf
Random,2,52,1,1,2,inf
Random,2,52,1,1,3,inf
Random,2,52,1,1,4,inf
Random,2,52,1,1,5,inf
Random,2,52,1,1,6,2134.778090229137
Random,2,52,1,1,7,2086.9580698037407
Random,2,52,1,1,8,2086.9580698037407
Random,2,52,1,1,9,2086.9580698037407
Random,2,52,1,1,10,2086.9580698037407
Random,2,52,1,1,11,2086.9580698037407
Random,2,52,1,1,12,2086.9580698037407
Random,2,52,1,1,13,2086.9580698037407
Random,2,52,1,1,14,2086.9580698037407
Random,2,52,1,1,15,2086.9580698037407
Random,2,52,1,1,16,2086.9580698037407
Random,2,52,1,1,17,2086.9580698037407
Random,2,52,1,1,18,2086.9580698037407
Random,2,52,1,1,19,2086.9580698037407
Random,2,52,1,1,20,2086.9580698037407
qLogEI,2,52,1,1,1,inf
qLogEI,2,52,1,1,2,inf
qLogEI,2,52,1,1,3,inf
qLogEI,2,52,1,1,4,inf
qLogEI,2,52,1,1,5,3354.4589808466408
qLogEI,2,52,1,1,6,3354.4589808466408
qLogEI,2,52,1,1,7,3354.4589808466408
qLogEI,2,52,1,1,8,3354.4589808466408
qLogEI,2,52,1,1,9,3354.4589808466408
qLogEI,2,52,1,1,10,3354.4589808466408
qLogEI,2,52,1,1,11,3354.4589808466408
qLogEI,2,52,1,1,12,3354.4589808466408
qLogEI,2,52,1,1,13,3354.4589808466408
qLogEI,2,52,1,1,14,3354.4589808466408
qLogEI,2,52,1,1,15,2007.3624595112287
qLogEI,2,52,1,1,16,2007.3624595112287
qLogEI,2,52,1,1,17,2007.3624595112287
qLogEI,2,52,1,1,18,2007.3624595112287
qLogEI,2,52,1,1,19,2007.3624595112287
qLogEI,2,52,1,1,20,2007.3624595112287
RL_Enhanced,2,52,1,1,1,inf
RL_Enhanced,2,52,1,1,2,inf
RL_Enhanced,2,52,1,1,3,inf
RL_Enhanced,2,52,1,1,4,inf
RL_Enhanced,2,52,1,1,5,inf
RL_Enhanced,2,52,1,1,6,inf
RL_Enhanced,2,52,1,1,7,inf
RL_Enhanced,2,52,1,1,8,inf
RL_Enhanced,2,52,1,1,9,inf
RL_Enhanced,2,52,1,1,10,inf
RL_Enhanced,2,52,1,1,11,inf
RL_Enhanced,2,52,1,1,12,inf
RL_Enhanced,2,52,1,1,13,inf
RL_Enhanced,2,52,1,1,14,inf
RL_Enhanced,2,52,1,1,15,inf
RL_Enhanced,2,52,1,1,16,inf
RL_Enhanced,2,52,1,1,17,inf
RL_Enhanced,2,52,1,1,18,inf
RL_Enhanced,2,52,1,1,19,inf
RL_Enhanced,2,52,1,1,20,inf
Random,2,52,1,2,1,10476.174284912777
Random,2,52,1,2,2,10476.174284912777
Random,2,52,1,2,3,3260.4147138106987
Random,2,52,1,2,4,3260.4147138106987
Random,2,52,1,2,5,3260.4147138106987
Random,2,52,1,2,6,3260.4147138106987
Random,2,52,1,2,7,2500.7755206487923
Random,2,52,1,2,8,2500.7755206487923
Random,2,52,1,2,9,2500.7755206487923
Random,2,52,1,2,10,2500.7755206487923
Random,2,52,1,2,11,2500.7755206487923
Random,2,52,1,2,12,2500.7755206487923
Random,2,52,1,2,13,2500.7755206487923
Random,2,52,1,2,14,2500.7755206487923
Random,2,52,1,2,15,2500.7755206487923
Random,2,52,1,2,16,2500.7755206487923
Random,2,52,1,2,17,2500.7755206487923
Random,2,52,1,2,18,2500.7755206487923
Random,2,52,1,2,19,2500.7755206487923
Random,2,52,1,2,20,2500.7755206487923
qLogEI,2,52,1,2,1,10476.174284912777
qLogEI,2,52,1,2,2,10476.174284912777
qLogEI,2,52,1,2,3,3260.4147138106987
qLogEI,2,52,1,2,4,3260.4147138106987
qLogEI,2,52,1,2,5,2234.8921991212387
qLogEI,2,52,1,2,6,2234.8921991212387
qLogEI,2,52,1,2,7,2234.8921991212387
qLogEI,2,52,1,2,8,2234.8921991212387
qLogEI,2,52,1,2,9,2234.8921991212387
qLogEI,2,52,1,2,10,2200.1568802396155
qLogEI,2,52,1,2,11,2200.1568802396155
qLogEI,2,52,1,2,12,2200.1568802396155
qLogEI,2,52,1,2,13,2200.1568802396155
qLogEI,2,52,1,2,14,2200.1568802396155
qLogEI,2,52,1,2,15,1995.935428957585
qLogEI,2,52,1,2,16,1995.935428957585
qLogEI,2,52,1,2,17,1995.935428957585
qLogEI,2,52,1,2,18,1995.935428957585
qLogEI,2,52,1,2,19,1995.935428957585
qLogEI,2,52,1,2,20,1995.935428957585
RL_Enhanced,2,52,1,2,1,10476.174284912777
RL_Enhanced,2,52,1,2,2,10476.174284912777
RL_Enhanced,2,52,1,2,3,3260.4147138106987
RL_Enhanced,2,52,1,2,4,3260.4147138106987
RL_Enhanced,2,52,1,2,5,3260.4147138106987
RL_Enhanced,2,52,1,2,6,3260.4147138106987
RL_Enhanced,2,52,1,2,7,3260.4147138106987
RL_Enhanced,2,52,1,2,8,3260.4147138106987
RL_Enhanced,2,52,1,2,9,3260.4147138106987
RL_Enhanced,2,52,1,2,10,3260.4147138106987
RL_Enhanced,2,52,1,2,11,3260.4147138106987
RL_Enhanced,2,52,1,2,12,3260.4147138106987
RL_Enhanced,2,52,1,2,13,3260.4147138106987
RL_Enhanced,2,52,1,2,14,3260.4147138106987
RL_Enhanced,2,52,1,2,15,3260.4147138106987
RL_Enhanced,2,52,1,2,16,3260.4147138106987
RL_Enhanced,2,52,1,2,17,3260.4147138106987
RL_Enhanced,2,52,1,2,18,3260.4147138106987
RL_Enhanced,2,52,1,2,19,3260.4147138106987
RL_Enhanced,2,52,1,2,20,3260.4147138106987
Random,2,52,1,3,1,3652.7691660256346
Random,2,52,1,3,2,3652.7691660256346
Random,2,52,1,3,3,2724.3909338929966
Random,2,52,1,3,4,2724.3909338929966
Random,2,52,1,3,5,2724.3909338929966
Random,2,52,1,3,6,2724.3909338929966
Random,2,52,1,3,7,2724.3909338929966
Random,2,52,1,3,8,2724.3909338929966
Random,2,52,1,3,9,2724.3909338929966
Random,2,52,1,3,10,2724.3909338929966
Random,2,52,1,3,11,2724.3909338929966
Random,2,52,1,3,12,2724.3909338929966
Random,2,52,1,3,13,2724.3909338929966
Random,2,52,1,3,14,2724.3909338929966
Random,2,52,1,3,15,2724.3909338929966
Random,2,52,1,3,16,2724.3909338929966
Random,2,52,1,3,17,2258.3579005903107
Random,2,52,1,3,18,2258.3579005903107
Random,2,52,1,3,19,2258.3579005903107
Random,2,52,1,3,20,2258.3579005903107
qLogEI,2,52,1,3,1,3652.7691660256346
qLogEI,2,52,1,3,2,3652.7691660256346
qLogEI,2,52,1,3,3,2724.3909338929966
qLogEI,2,52,1,3,4,2724.3909338929966
qLogEI,2,52,1,3,5,2477.1985064004098
qLogEI,2,52,1,3,6,2409.614931810207
qLogEI,2,52,1,3,7,2409.614931810207
qLogEI,2,52,1,3,8,2409.614931810207
qLogEI,2,52,1,3,9,2409.614931810207
qLogEI,2,52,1,3,10,2409.614931810207
qLogEI,2,52,1,3,11,2409.0654333599045
qLogEI,2,52,1,3,12,2402.946035768099
qLogEI,2,52,1,3,13,2352.781145724891
qLogEI,2,52,1,3,14,2081.68700860996
qLogEI,2,52,1,3,15,2081.68700860996
qLogEI,2,52,1,3,16,2081.68700860996
qLogEI,2,52,1,3,17,2081.438020369168
qLogEI,2,52,1,3,18,2080.9289618748144
qLogEI,2,52,1,3,19,2080.9289618748144
qLogEI,2,52,1,3,20,2043.0554119356775
RL_Enhanced,2,52,1,3,1,3652.7691660256346
RL_Enhanced,2,52,1,3,2,3652.7691660256346
RL_Enhanced,2,52,1,3,3,2724.3909338929966
RL_Enhanced,2,52,1,3,4,2724.3909338929966
RL_Enhanced,2,52,1,3,5,2724.3909338929966
RL_Enhanced,2,52,1,3,6,1985.875852217277
RL_Enhanced,2,52,1,3,7,1985.875852217277
RL_Enhanced,2,52,1,3,8,1985.875852217277
RL_Enhanced,2,52,1,3,9,1985.875852217277
RL_Enhanced,2,52,1,3,10,1985.875852217277
RL_Enhanced,2,52,1,3,11,1985.875852217277
RL_Enhanced,2,52,1,3,12,1979.7708347484959
RL_Enhanced,2,52,1,3,13,1979.7708347484959
RL_Enhanced,2,52,1,3,14,1979.7685061838297
RL_Enhanced,2,52,1,3,15,1979.7685061838297
RL_Enhanced,2,52,1,3,16,1979.7685061838297
RL_Enhanced,2,52,1,3,17,1979.7685061838297
RL_Enhanced,2,52,1,3,18,1979.7685061838297
RL_Enhanced,2,52,1,3,19,1979.7685061838297
RL_Enhanced,2,52,1,3,20,1979.7685061838297
Random,2,52,1,4,1,inf
Random,2,52,1,4,2,3197.809037593691
Random,2,52,1,4,3,3197.809037593691
Random,2,52,1,4,4,3036.5843624682784
Random,2,52,1,4,5,3036.5843624682784
Random,2,52,1,4,6,3036.5843624682784
Random,2,52,1,4,7,2207.6306520176463
Random,2,52,1,4,8,2207.6306520176463
Random,2,52,1,4,9,2207.6306520176463
Random,2,52,1,4,10,2207.6306520176463
Random,2,52,1,4,11,2207.6306520176463
Random,2,52,1,4,12,2207.6306520176463
Random,2,52,1,4,13,2207.6306520176463
Random,2,52,1,4,14,2207.6306520176463
Random,2,52,1,4,15,2207.6306520176463
Random,2,52,1,4,16,2207.6306520176463
Random,2,52,1,4,17,2207.6306520176463
Random,2,52,1,4,18,2207.6306520176463
Random,2,52,1,4,19,2207.6306520176463
Random,2,52,1,4,20,2207.6306520176463
qLogEI,2,52,1,4,1,inf
qLogEI,2,52,1,4,2,3197.809037593691
qLogEI,2,52,1,4,3,3197.809037593691
qLogEI,2,52,1,4,4,3036.5843624682784
qLogEI,2,52,1,4,5,3036.5843624682784
qLogEI,2,52,1,4,6,2863.8570768446616
qLogEI,2,52,1,4,7,2542.751516616199
qLogEI,2,52,1,4,8,2358.9561748072338
qLogEI,2,52,1,4,9,2204.7857466124124
qLogEI,2,52,1,4,10,2204.7857466124124
qLogEI,2,52,1,4,11,2204.7857466124124
qLogEI,2,52,1,4,12,2204.7857466124124
qLogEI,2,52,1,4,13,2204.7857466124124
qLogEI,2,52,1,4,14,2204.7857466124124
qLogEI,2,52,1,4,15,2140.762783233232
qLogEI,2,52,1,4,16,2140.762783233232
qLogEI,2,52,1,4,17,2087.2359969082327
qLogEI,2,52,1,4,18,2087.2359969082327
qLogEI,2,52,1,4,19,2087.2359969082327
qLogEI,2,52,1,4,20,2087.2359969082327
RL_Enhanced,2,52,1,4,1,inf
RL_Enhanced,2,52,1,4,2,3197.809037593691
RL_Enhanced,2,52,1,4,3,3197.809037593691
RL_Enhanced,2,52,1,4,4,3036.5843624682784
RL_Enhanced,2,52,1,4,5,3036.5843624682784
RL_Enhanced,2,52,1,4,6,3036.5843624682784
RL_Enhanced,2,52,1,4,7,3036.5843624682784
RL_Enhanced,2,52,1,4,8,2046.4822560419677
RL_Enhanced,2,52,1,4,9,2046.4822560419677
RL_Enhanced,2,52,1,4,10,2046.4822560419677
RL_Enhanced,2,52,1,4,11,2046.4822560419677
RL_Enhanced,2,52,1,4,12,2046.4822560419677
RL_Enhanced,2,52,1,4,13,2046.4822560419677
RL_Enhanced,2,52,1,4,14,2046.4822560419677
RL_Enhanced,2,52,1,4,15,2046.4822560419677
RL_Enhanced,2,52,1,4,16,2046.4822560419677
RL_Enhanced,2,52,1,4,17,2046.4822560419677
RL_Enhanced,2,52,1,4,18,2046.4822560419677
RL_Enhanced,2,52,1,4,19,2046.4822560419677
RL_Enhanced,2,52,1,4,20,2046.4822560419677
Random,2,52,2,0,1,inf
Random,2,52,2,0,2,inf
Random,2,52,2,0,3,inf
Random,2,52,2,0,4,inf
Random,2,52,2,0,5,inf
Random,2,52,2,0,6,inf
Random,2,52,2,0,7,inf
Random,2,52,2,0,8,inf
Random,2,52,2,0,9,inf
Random,2,52,2,0,10,inf
Random,2,52,2,0,11,inf
Random,2,52,2,0,12,inf
Random,2,52,2,0,13,inf
Random,2,52,2,0,14,inf
Random,2,52,2,0,15,inf
Random,2,52,2,0,16,inf
Random,2,52,2,0,17,inf
Random,2,52,2,0,18,inf
Random,2,52,2,0,19,inf
Random,2,52,2,0,20,inf
qLogEI,2,52,2,0,1,inf
qLogEI,2,52,2,0,2,inf
qLogEI,2,52,2,0,3,inf
qLogEI,2,52,2,0,4,inf
qLogEI,2,52,2,0,5,inf
qLogEI,2,52,2,0,6,inf
qLogEI,2,52,2,0,7,inf
qLogEI,2,52,2,0,8,inf
qLogEI,2,52,2,0,9,inf
qLogEI,2,52,2,0,10,inf
qLogEI,2,52,2,0,11,-583.2543460833501
qLogEI,2,52,2,0,12,-668.7477238372801
qLogEI,2,52,2,0,13,-668.7477238372801
qLogEI,2,52,2,0,14,-668.7477238372801
qLogEI,2,52,2,0,15,-668.7477238372801
qLogEI,2,52,2,0,16,-668.7477238372801
qLogEI,2,52,2,0,17,-668.7477238372801
qLogEI,2,52,2,0,18,-668.7477238372801
qLogEI,2,52,2,0,19,-668.7477238372801
qLogEI,2,52,2,0,20,-668.7477238372801
RL_Enhanced,2,52,2,0,1,inf
RL_Enhanced,2,52,2,0,2,inf
RL_Enhanced,2,52,2,0,3,inf
RL_Enhanced,2,52,2,0,4,inf
RL_Enhanced,2,52,2,0,5,-617.3522477160807
RL_Enhanced,2,52,2,0,6,-617.3522477160807
RL_Enhanced,2,52,2,0,7,-617.3522477160807
RL_Enhanced,2,52,2,0,8,-617.3522477160807
RL_Enhanced,2,52,2,0,9,-617.3522477160807
RL_Enhanced,2,52,2,0,10,-617.3522477160807
RL_Enhanced,2,52,2,0,11,-617.3522477160807
RL_Enhanced,2,52,2,0,12,-617.3522477160807
RL_Enhanced,2,52,2,0,13,-617.3522477160807
RL_Enhanced,2,52,2,0,14,-617.3522477160807
RL_Enhanced,2,52,2,0,15,-617.3522477160807
RL_Enhanced,2,52,2,0,16,-617.3522477160807
RL_Enhanced,2,52,2,0,17,-617.3522477160807
RL_Enhanced,2,52,2,0,18,-617.3522477160807
RL_Enhanced,2,52,2,0,19,-617.3522477160807
RL_Enhanced,2,52,2,0,20,-617.3522477160807
Random,2,52,2,1,1,inf
Random,2,52,2,1,2,inf
Random,2,52,2,1,3,inf
Random,2,52,2,1,4,inf
Random,2,52,2,1,5,inf
Random,2,52,2,1,6,inf
Random,2,52,2,1,7,inf
Random,2,52,2,1,8,inf
Random,2,52,2,1,9,inf
Random,2,52,2,1,10,inf
Random,2,52,2,1,11,inf
Random,2,52,2,1,12,inf
Random,2,52,2,1,13,inf
Random,2,52,2,1,14,inf
Random,2,52,2,1,15,inf
Random,2,52,2,1,16,inf
Random,2,52,2,1,17,inf
Random,2,52,2,1,18,inf
Random,2,52,2,1,19,inf
Random,2,52,2,1,20,inf
qLogEI,2,52,2,1,1,inf
qLogEI,2,52,2,1,2,inf
qLogEI,2,52,2,1,3,inf
qLogEI,2,52,2,1,4,inf
qLogEI,2,52,2,1,5,inf
qLogEI,2,52,2,1,6,inf
qLogEI,2,52,2,1,7,inf
qLogEI,2,52,2,1,8,-381.0537265350125
qLogEI,2,52,2,1,9,-512.7711500680242
qLogEI,2,52,2,1,10,-512.7711500680242
qLogEI,2,52,2,1,11,-573.1752117203257
qLogEI,2,52,2,1,12,-573.1752117203257
qLogEI,2,52,2,1,13,-654.7313911850847
qLogEI,2,52,2,1,14,-654.7313911850847
qLogEI,2,52,2,1,15,-654.7313911850847
qLogEI,2,52,2,1,16,-654.7313911850847
qLogEI,2,52,2,1,17,-654.7313911850847
qLogEI,2,52,2,1,18,-654.7313911850847
qLogEI,2,52,2,1,19,-654.7313911850847
qLogEI,2,52,2,1,20,-654.7313911850847
RL_Enhanced,2,52,2,1,1,inf
RL_Enhanced,2,52,2,1,2,inf
RL_Enhanced,2,52,2,1,3,inf
RL_Enhanced,2,52,2,1,4,inf
RL_Enhanced,2,52,2,1,5,-603.5625201645373
RL_Enhanced,2,52,2,1,6,-603.5625201645373
RL_Enhanced,2,52,2,1,7,-603.5625201645373
RL_Enhanced,2,52,2,1,8,-603.5625201645373
RL_Enhanced,2,52,2,1,9,-603.5625201645373
RL_Enhanced,2,52,2,1,10,-603.5625201645373
RL_Enhanced,2,52,2,1,11,-603.5625201645373
RL_Enhanced,2,52,2,1,12,-603.5625201645373
RL_Enhanced,2,52,2,1,13,-603.5625201645373
RL_Enhanced,2,52,2,1,14,-603.5625201645373
RL_Enhanced,2,52,2,1,15,-603.5625201645373
RL_Enhanced,2,52,2,1,16,-603.5625201645373
RL_Enhanced,2,52,2,1,17,-603.5625201645373
RL_Enhanced,2,52,2,1,18,-603.5625201645373
RL_Enhanced,2,52,2,1,19,-603.5625201645373
RL_Enhanced,2,52,2,1,20,-603.5625201645373
Random,2,52,2,2,1,inf
Random,2,52,2,2,2,inf
Random,2,52,2,2,3,inf
Random,2,52,2,2,4,inf
Random,2,52,2,2,5,-576.3718780154411
Random,2,52,2,2,6,-576.3718780154411
Random,2,52,2,2,7,-576.3718780154411
Random,2,52,2,2,8,-576.3718780154411
Random,2,52,2,2,9,-576.3718780154411
Random,2,52,2,2,10,-576.3718780154411
Random,2,52,2,2,11,-576.3718780154411
Random,2,52,2,2,12,-576.3718780154411
Random,2,52,2,2,13,-576.3718780154411
Random,2,52,2,2,14,-576.3718780154411
Random,2,52,2,2,15,-576.3718780154411
Random,2,52,2,2,16,-576.3718780154411
Random,2,52,2,2,17,-576.3718780154411
Random,2,52,2,2,18,-576.3718780154411
Random,2,52,2,2,19,-576.3718780154411
Random,2,52,2,2,20,-576.3718780154411
qLogEI,2,52,2,2,1,inf
qLogEI,2,52,2,2,2,inf
qLogEI,2,52,2,2,3,inf
qLogEI,2,52,2,2,4,inf
qLogEI,2,52,2,2,5,inf
qLogEI,2,52,2,2,6,inf
qLogEI,2,52,2,2,7,inf
qLogEI,2,52,2,2,8,inf
qLogEI,2,52,2,2,9,inf
qLogEI,2,52,2,2,10,inf
qLogEI,2,52,2,2,11,inf
qLogEI,2,52,2,2,12,inf
qLogEI,2,52,2,2,13,-300.76622461771785
qLogEI,2,52,2,2,14,-300.76622461771785
qLogEI,2,52,2,2,15,-408.76423832056054
qLogEI,2,52,2,2,16,-408.76423832056054
qLogEI,2,52,2,2,17,-408.76423832056054
qLogEI,2,52,2,2,18,-408.76423832056054
qLogEI,2,52,2,2,19,-408.76423832056054
qLogEI,2,52,2,2,20,-605.1260397030729
RL_Enhanced,2,52,2,2,1,inf
RL_Enhanced,2,52,2,2,2,inf
RL_Enhanced,2,52,2,2,3,inf
RL_Enhanced,2,52,2,2,4,inf
RL_Enhanced,2,52,2,2,5,-696.6176877772946
RL_Enhanced,2,52,2,2,6,-696.6176877772946
RL_Enhanced,2,52,2,2,7,-696.6176877772946
RL_Enhanced,2,52,2,2,8,-696.6176877772946
RL_Enhanced,2,52,2,2,9,-696.6176877772946
RL_Enhanced,2,52,2,2,10,-696.6176877772946
RL_Enhanced,2,52,2,2,11,-696.6176877772946
RL_Enhanced,2,52,2,2,12,-696.6176877772946
RL_Enhanced,2,52,2,2,13,-696.6176877772946
RL_Enhanced,2,52,2,2,14,-696.6176877772946
RL_Enhanced,2,52,2,2,15,-696.6176877772946
RL_Enhanced,2,52,2,2,16,-696.6176877772946
RL_Enhanced,2,52,2,2,17,-696.6176877772946
RL_Enhanced,2,52,2,2,18,-696.6176877772946
RL_Enhanced,2,52,2,2,19,-696.6176877772946
RL_Enhanced,2,52,2,2,20,-696.6176877772946
Random,2,52,2,3,1,inf
Random,2,52,2,3,2,inf
Random,2,52,2,3,3,inf
Random,2,52,2,3,4,inf
Random,2,52,2,3,5,-389.0386436060365
Random,2,52,2,3,6,-389.0386436060365
Random,2,52,2,3,7,-389.0386436060365
Random,2,52,2,3,8,-389.0386436060365
Random,2,52,2,3,9,-389.0386436060365
Random,2,52,2,3,10,-389.0386436060365
Random,2,52,2,3,11,-389.0386436060365
Random,2,52,2,3,12,-389.0386436060365
Random,2,52,2,3,13,-820.2039774845838
Random,2,52,2,3,14,-820.2039774845838
Random,2,52,2,3,15,-820.2039774845838
Random,2,52,2,3,16,-820.2039774845838
Random,2,52,2,3,17,-820.2039774845838
Random,2,52,2,3,18,-820.2039774845838
Random,2,52,2,3,19,-820.2039774845838
Random,2,52,2,3,20,-820.2039774845838
qLogEI,2,52,2,3,1,inf
qLogEI,2,52,2,3,2,inf
qLogEI,2,52,2,3,3,inf
qLogEI,2,52,2,3,4,inf
qLogEI,2,52,2,3,5,inf
qLogEI,2,52,2,3,6,inf
qLogEI,2,52,2,3,7,inf
qLogEI,2,52,2,3,8,inf
qLogEI,2,52,2,3,9,inf
qLogEI,2,52,2,3,10,-381.0537265350125
qLogEI,2,52,2,3,11,-381.0537265350125
qLogEI,2,52,2,3,12,-381.0537265350125
qLogEI,2,52,2,3,13,-381.0537265350125
qLogEI,2,52,2,3,14,-381.0537265350125
qLogEI,2,52,2,3,15,-509.9683845072252
qLogEI,2,52,2,3,16,-509.9683845072252
qLogEI,2,52,2,3,17,-509.9683845072252
qLogEI,2,52,2,3,18,-509.9683845072252
qLogEI,2,52,2,3,19,-509.9683845072252
qLogEI,2,52,2,3,20,-509.9683845072252
RL_Enhanced,2,52,2,3,1,inf
RL_Enhanced,2,52,2,3,2,inf
RL_Enhanced,2,52,2,3,3,inf
RL_Enhanced,2,52,2,3,4,inf
RL_Enhanced,2,52,2,3,5,-562.2683723043272
RL_Enhanced,2,52,2,3,6,-562.2683723043272
RL_Enhanced,2,52,2,3,7,-562.2683723043272
RL_Enhanced,2,52,2,3,8,-562.2683723043272
RL_Enhanced,2,52,2,3,9,-562.2683723043272
RL_Enhanced,2,52,2,3,10,-562.2683723043272
RL_Enhanced,2,52,2,3,11,-562.2683723043272
RL_Enhanced,2,52,2,3,12,-562.2683723043272
RL_Enhanced,2,52,2,3,13,-562.2683723043272
RL_Enhanced,2,52,2,3,14,-562.2683723043272
RL_Enhanced,2,52,2,3,15,-562.2683723043272
RL_Enhanced,2,52,2,3,16,-562.2683723043272
RL_Enhanced,2,52,2,3,17,-562.2683723043272
RL_Enhanced,2,52,2,3,18,-562.2683723043272
RL_Enhanced,2,52,2,3,19,-562.2683723043272
RL_Enhanced,2,52,2,3,20,-562.2683723043272
Random,2,52,2,4,1,-180.82752404803983
Random,2,52,2,4,2,-180.82752404803983
Random,2,52,2,4,3,-180.82752404803983
Random,2,52,2,4,4,-180.82752404803983
Random,2,52,2,4,5,-180.82752404803983
Random,2,52,2,4,6,-440.355857954459
Random,2,52,2,4,7,-440.355857954459
Random,2,52,2,4,8,-440.355857954459
Random,2,52,2,4,9,-440.355857954459
Random,2,52,2,4,10,-440.355857954459
Random,2,52,2,4,11,-440.355857954459
Random,2,52,2,4,12,-440.355857954459
Random,2,52,2,4,13,-440.355857954459
Random,2,52,2,4,14,-440.355857954459
Random,2,52,2,4,15,-440.355857954459
Random,2,52,2,4,16,-440.355857954459
Random,2,52,2,4,17,-440.355857954459
Random,2,52,2,4,18,-440.355857954459
Random,2,52,2,4,19,-440.355857954459
Random,2,52,2,4,20,-440.355857954459
qLogEI,2,52,2,4,1,-180.82752404803983
qLogEI,2,52,2,4,2,-180.82752404803983
qLogEI,2,52,2,4,3,-180.82752404803983
qLogEI,2,52,2,4,4,-180.82752404803983
qLogEI,2,52,2,4,5,-180.82752404803983
qLogEI,2,52,2,4,6,-180.82752404803983
qLogEI,2,52,2,4,7,-180.82752404803983
qLogEI,2,52,2,4,8,-231.33637182454402
qLogEI,2,52,2,4,9,-231.33637182454402
qLogEI,2,52,2,4,10,-231.33637182454402
qLogEI,2,52,2,4,11,-231.33637182454402
qLogEI,2,52,2,4,12,-307.8166022615925
qLogEI,2,52,2,4,13,-307.8166022615925
qLogEI,2,52,2,4,14,-317.424280986136
qLogEI,2,52,2,4,15,-414.5670065149883
qLogEI,2,52,2,4,16,-548.8117853458181
qLogEI,2,52,2,4,17,-674.244754086306
qLogEI,2,52,2,4,18,-674.244754086306
qLogEI,2,52,2,4,19,-674.244754086306
qLogEI,2,52,2,4,20,-674.244754086306
RL_Enhanced,2,52,2,4,1,-180.82752404803983
RL_Enhanced,2,52,2,4,2,-180.82752404803983
RL_Enhanced,2,52,2,4,3,-180.82752404803983
RL_Enhanced,2,52,2,4,4,-180.82752404803983
RL_Enhanced,2,52,2,4,5,-755.9242683529346
RL_Enhanced,2,52,2,4,6,-755.9242683529346
RL_Enhanced,2,52,2,4,7,-755.9242683529346
RL_Enhanced,2,52,2,4,8,-755.9242683529346
RL_Enhanced,2,52,2,4,9,-755.9242683529346
RL_Enhanced,2,52,2,4,10,-755.9242683529346
RL_Enhanced,2,52,2,4,11,-755.9242683529346
RL_Enhanced,2,52,2,4,12,-755.9242683529346
RL_Enhanced,2,52,2,4,13,-755.9242683529346
RL_Enhanced,2,52,2,4,14,-755.9242683529346
RL_Enhanced,2,52,2,4,15,-755.9242683529346
RL_Enhanced,2,52,2,4,16,-755.9242683529346
RL_Enhanced,2,52,2,4,17,-755.9242683529346
RL_Enhanced,2,52,2,4,18,-755.9242683529346
RL_Enhanced,2,52,2,4,19,-755.9242683529346
RL_Enhanced,2,52,2,4,20,-755.9242683529346
Random,2,52,3,0,1,inf
Random,2,52,3,0,2,inf
Random,2,52,3,0,3,inf
Random,2,52,3,0,4,inf
Random,2,52,3,0,5,inf
Random,2,52,3,0,6,inf
Random,2,52,3,0,7,inf
Random,2,52,3,0,8,inf
Random,2,52,3,0,9,inf
Random,2,52,3,0,10,inf
Random,2,52,3,0,11,inf
Random,2,52,3,0,12,inf
Random,2,52,3,0,13,inf
Random,2,52,3,0,14,inf
Random,2,52,3,0,15,inf
Random,2,52,3,0,16,inf
Random,2,52,3,0,17,inf
Random,2,52,3,0,18,inf
Random,2,52,3,0,19,inf
Random,2,52,3,0,20,inf
qLogEI,2,52,3,0,1,inf
qLogEI,2,52,3,0,2,inf
qLogEI,2,52,3,0,3,inf
qLogEI,2,52,3,0,4,inf
qLogEI,2,52,3,0,5,inf
qLogEI,2,52,3,0,6,inf
qLogEI,2,52,3,0,7,inf
qLogEI,2,52,3,0,8,inf
qLogEI,2,52,3,0,9,inf
qLogEI,2,52,3,0,10,inf
qLogEI,2,52,3,0,11,inf
qLogEI,2,52,3,0,12,inf
qLogEI,2,52,3,0,13,inf
qLogEI,2,52,3,0,14,inf
qLogEI,2,52,3,0,15,inf
qLogEI,2,52,3,0,16,inf
qLogEI,2,52,3,0,17,inf
qLogEI,2,52,3,0,18,-85.4583347567457
qLogEI,2,52,3,0,19,-85.4583347567457
qLogEI,2,52,3,0,20,-85.4583347567457
RL_Enhanced,2,52,3,0,1,inf
RL_Enhanced,2,52,3,0,2,inf
RL_Enhanced,2,52,3,0,3,inf
RL_Enhanced,2,52,3,0,4,inf
RL_Enhanced,2,52,3,0,5,inf
RL_Enhanced,2,52,3,0,6,inf
RL_Enhanced,2,52,3,0,7,inf
RL_Enhanced,2,52,3,0,8,inf
RL_Enhanced,2,52,3,0,9,inf
RL_Enhanced,2,52,3,0,10,inf
RL_Enhanced,2,52,3,0,11,inf
RL_Enhanced,2,52,3,0,12,inf
RL_Enhanced,2,52,3,0,13,inf
RL_Enhanced,2,52,3,0,14,inf
RL_Enhanced,2,52,3,0,15,inf
RL_Enhanced,2,52,3,0,16,inf
RL_Enhanced,2,52,3,0,17,inf
RL_Enhanced,2,52,3,0,18,inf
RL_Enhanced,2,52,3,0,19,inf
RL_Enhanced,2,52,3,0,20,inf
Random,2,52,3,1,1,inf
Random,2,52,3,1,2,inf
Random,2,52,3,1,3,inf
Random,2,52,3,1,4,inf
Random,2,52,3,1,5,inf
Random,2,52,3,1,6,inf
Random,2,52,3,1,7,inf
Random,2,52,3,1,8,167.55868150587872
Random,2,52,3,1,9,167.55868150587872
Random,2,52,3,1,10,-732.7894642587233
Random,2,52,3,1,11,-732.7894642587233
Random,2,52,3,1,12,-732.7894642587233
Random,2,52,3,1,13,-732.7894642587233
Random,2,52,3,1,14,-732.7894642587233
Random,2,52,3,1,15,-732.7894642587233
Random,2,52,3,1,16,-732.7894642587233
Random,2,52,3,1,17,-732.7894642587233
Random,2,52,3,1,18,-732.7894642587233
Random,2,52,3,1,19,-732.7894642587233
Random,2,52,3,1,20,-732.7894642587233
qLogEI,2,52,3,1,1,inf
qLogEI,2,52,3,1,2,inf
qLogEI,2,52,3,1,3,inf
qLogEI,2,52,3,1,4,inf
qLogEI,2,52,3,1,5,inf
qLogEI,2,52,3,1,6,inf
qLogEI,2,52,3,1,7,inf
qLogEI,2,52,3,1,8,inf
qLogEI,2,52,3,1,9,inf
qLogEI,2,52,3,1,10,inf
qLogEI,2,52,3,1,11,inf
qLogEI,2,52,3,1,12,inf
qLogEI,2,52,3,1,13,inf
qLogEI,2,52,3,1,14,inf
qLogEI,2,52,3,1,15,inf
qLogEI,2,52,3,1,16,inf
qLogEI,2,52,3,1,17,inf
qLogEI,2,52,3,1,18,inf
qLogEI,2,52,3,1,19,inf
qLogEI,2,52,3,1,20,inf
RL_Enhanced,2,52,3,1,1,inf
RL_Enhanced,2,52,3,1,2,inf
RL_Enhanced,2,52,3,1,3,inf
RL_Enhanced,2,52,3,1,4,inf
RL_Enhanced,2,52,3,1,5,inf
RL_Enhanced,2,52,3,1,6,inf
RL_Enhanced,2,52,3,1,7,inf
RL_Enhanced,2,52,3,1,8,inf
RL_Enhanced,2,52,3,1,9,inf
RL_Enhanced,2,52,3,1,10,inf
RL_Enhanced,2,52,3,1,11,inf
RL_Enhanced,2,52,3,1,12,inf
RL_Enhanced,2,52,3,1,13,inf
RL_Enhanced,2,52,3,1,14,inf
RL_Enhanced,2,52,3,1,15,inf
RL_Enhanced,2,52,3,1,16,inf
RL_Enhanced,2,52,3,1,17,inf
RL_Enhanced,2,52,3,1,18,inf
RL_Enhanced,2,52,3,1,19,inf
RL_Enhanced,2,52,3,1,20,inf
Random,2,52,3,2,1,inf
Random,2,52,3,2,2,inf
Random,2,52,3,2,3,inf
Random,2,52,3,2,4,inf
Random,2,52,3,2,5,inf
Random,2,52,3,2,6,inf
Random,2,52,3,2,7,inf
Random,2,52,3,2,8,inf
Random,2,52,3,2,9,inf
Random,2,52,3,2,10,inf
Random,2,52,3,2,11,inf
Random,2,52,3,2,12,inf
Random,2,52,3,2,13,inf
Random,2,52,3,2,14,inf
Random,2,52,3,2,15,inf
Random,2,52,3,2,16,inf
Random,2,52,3,2,17,inf
Random,2,52,3,2,18,inf
Random,2,52,3,2,19,inf
Random,2,52,3,2,20,inf
qLogEI,2,52,3,2,1,inf
qLogEI,2,52,3,2,2,inf
qLogEI,2,52,3,2,3,inf
qLogEI,2,52,3,2,4,inf
qLogEI,2,52,3,2,5,inf
qLogEI,2,52,3,2,6,inf
qLogEI,2,52,3,2,7,inf
qLogEI,2,52,3,2,8,inf
qLogEI,2,52,3,2,9,inf
qLogEI,2,52,3,2,10,inf
qLogEI,2,52,3,2,11,inf
qLogEI,2,52,3,2,12,inf
qLogEI,2,52,3,2,13,inf
qLogEI,2,52,3,2,14,inf
qLogEI,2,52,3,2,15,inf
qLogEI,2,52,3,2,16,inf
qLogEI,2,52,3,2,17,22.868311647036137
qLogEI,2,52,3,2,18,22.868311647036137
qLogEI,2,52,3,2,19,22.868311647036137
qLogEI,2,52,3,2,20,-334.6198934215299
RL_Enhanced,2,52,3,2,1,inf
RL_Enhanced,2,52,3,2,2,inf
RL_Enhanced,2,52,3,2,3,inf
RL_Enhanced,2,52,3,2,4,inf
RL_Enhanced,2,52,3,2,5,inf
RL_Enhanced,2,52,3,2,6,inf
RL_Enhanced,2,52,3,2,7,inf
RL_Enhanced,2,52,3,2,8,inf
RL_Enhanced,2,52,3,2,9,inf
RL_Enhanced,2,52,3,2,10,inf
RL_Enhanced,2,52,3,2,11,inf
RL_Enhanced,2,52,3,2,12,inf
RL_Enhanced,2,52,3,2,13,inf
RL_Enhanced,2,52,3,2,14,inf
RL_Enhanced,2,52,3,2,15,inf
RL_Enhanced,2,52,3,2,16,inf
RL_Enhanced,2,52,3,2,17,inf
RL_Enhanced,2,52,3,2,18,inf
RL_Enhanced,2,52,3,2,19,inf
RL_Enhanced,2,52,3,2,20,inf
Random,2,52,3,3,1,inf
Random,2,52,3,3,2,inf
Random,2,52,3,3,3,inf
Random,2,52,3,3,4,inf
Random,2,52,3,3,5,inf
Random,2,52,3,3,6,-29.80829067730454
Random,2,52,3,3,7,-29.80829067730454
Random,2,52,3,3,8,-29.80829067730454
Random,2,52,3,3,9,-29.80829067730454
Random,2,52,3,3,10,-29.80829067730454
Random,2,52,3,3,11,-29.80829067730454
Random,2,52,3,3,12,-29.80829067730454
Random,2,52,3,3,13,-300.70894611209724
Random,2,52,3,3,14,-300.70894611209724
Random,2,52,3,3,15,-300.70894611209724
Random,2,52,3,3,16,-300.70894611209724
Random,2,52,3,3,17,-300.70894611209724
Random,2,52,3,3,18,-300.70894611209724
Random,2,52,3,3,19,-300.70894611209724
Random,2,52,3,3,20,-300.70894611209724
qLogEI,2,52,3,3,1,inf
qLogEI,2,52,3,3,2,inf
qLogEI,2,52,3,3,3,inf
qLogEI,2,52,3,3,4,inf
qLogEI,2,52,3,3,5,inf
qLogEI,2,52,3,3,6,inf
qLogEI,2,52,3,3,7,inf
qLogEI,2,52,3,3,8,inf
qLogEI,2,52,3,3,9,inf
qLogEI,2,52,3,3,10,inf
qLogEI,2,52,3,3,11,inf
qLogEI,2,52,3,3,12,inf
qLogEI,2,52,3,3,13,inf
qLogEI,2,52,3,3,14,inf
qLogEI,2,52,3,3,15,inf
qLogEI,2,52,3,3,16,inf
qLogEI,2,52,3,3,17,inf
qLogEI,2,52,3,3,18,inf
qLogEI,2,52,3,3,19,inf
qLogEI,2,52,3,3,20,inf
RL_Enhanced,2,52,3,3,1,inf
RL_Enhanced,2,52,3,3,2,inf
RL_Enhanced,2,52,3,3,3,inf
RL_Enhanced,2,52,3,3,4,inf
RL_Enhanced,2,52,3,3,5,inf
RL_Enhanced,2,52,3,3,6,inf
RL_Enhanced,2,52,3,3,7,inf
RL_Enhanced,2,52,3,3,8,inf
RL_Enhanced,2,52,3,3,9,inf
RL_Enhanced,2,52,3,3,10,inf
RL_Enhanced,2,52,3,3,11,inf
RL_Enhanced,2,52,3,3,12,inf
RL_Enhanced,2,52,3,3,13,inf
RL_Enhanced,2,52,3,3,14,inf
RL_Enhanced,2,52,3,3,15,inf
RL_Enhanced,2,52,3,3,16,inf
RL_Enhanced,2,52,3,3,17,inf
RL_Enhanced,2,52,3,3,18,inf
RL_Enhanced,2,52,3,3,19,inf
RL_Enhanced,2,52,3,3,20,inf
Random,2,52,3,4,1,inf
Random,2,52,3,4,2,inf
Random,2,52,3,4,3,inf
Random,2,52,3,4,4,inf
Random,2,52,3,4,5,inf
Random,2,52,3,4,6,inf
Random,2,52,3,4,7,inf
Random,2,52,3,4,8,inf
Random,2,52,3,4,9,inf
Random,2,52,3,4,10,inf
Random,2,52,3,4,11,inf
Random,2,52,3,4,12,inf
Random,2,52,3,4,13,inf
Random,2,52,3,4,14,inf
Random,2,52,3,4,15,inf
Random,2,52,3,4,16,inf
Random,2,52,3,4,17,inf
Random,2,52,3,4,18,inf
Random,2,52,3,4,19,inf
Random,2,52,3,4,20,inf
qLogEI,2,52,3,4,1,inf
qLogEI,2,52,3,4,2,inf
qLogEI,2,52,3,4,3,inf
qLogEI,2,52,3,4,4,inf
qLogEI,2,52,3,4,5,inf
qLogEI,2,52,3,4,6,inf
qLogEI,2,52,3,4,7,inf
qLogEI,2,52,3,4,8,inf
qLogEI,2,52,3,4,9,inf
qLogEI,2,52,3,4,10,inf
qLogEI,2,52,3,4,11,-116.16594465399629
qLogEI,2,52,3,4,12,-116.16594465399629
qLogEI,2,52,3,4,13,-116.16594465399629
qLogEI,2,52,3,4,14,-116.16594465399629
qLogEI,2,52,3,4,15,-116.16594465399629
qLogEI,2,52,3,4,16,-116.16594465399629
qLogEI,2,52,3,4,17,-116.16594465399629
qLogEI,2,52,3,4,18,-116.16594465399629
qLogEI,2,52,3,4,19,-116.16594465399629
qLogEI,2,52,3,4,20,-116.16594465399629
RL_Enhanced,2,52,3,4,1,inf
RL_Enhanced,2,52,3,4,2,inf
RL_Enhanced,2,52,3,4,3,inf
RL_Enhanced,2,52,3,4,4,inf
RL_Enhanced,2,52,3,4,5,inf
RL_Enhanced,2,52,3,4,6,inf
RL_Enhanced,2,52,3,4,7,inf
RL_Enhanced,2,52,3,4,8,inf
RL_Enhanced,2,52,3,4,9,inf
RL_Enhanced,2,52,3,4,10,inf
RL_Enhanced,2,52,3,4,11,inf
RL_Enhanced,2,52,3,4,12,inf
RL_Enhanced,2,52,3,4,13,inf
RL_Enhanced,2,52,3,4,14,inf
RL_Enhanced,2,52,3,4,15,inf
RL_Enhanced,2,52,3,4,16,inf
RL_Enhanced,2,52,3,4,17,inf
RL_Enhanced,2,52,3,4,18,inf
RL_Enhanced,2,52,3,4,19,inf
RL_Enhanced,2,52,3,4,20,inf
Random,2,54,1,0,1,inf
Random,2,54,1,0,2,inf
Random,2,54,1,0,3,inf
Random,2,54,1,0,4,inf
Random,2,54,1,0,5,inf
Random,2,54,1,0,6,inf
Random,2,54,1,0,7,inf
Random,2,54,1,0,8,inf
Random,2,54,1,0,9,inf
Random,2,54,1,0,10,inf
Random,2,54,1,0,11,inf
Random,2,54,1,0,12,10645.168437854829
Random,2,54,1,0,13,10645.168437854829
Random,2,54,1,0,14,10645.168437854829
Random,2,54,1,0,15,10645.168437854829
Random,2,54,1,0,16,10645.168437854829
Random,2,54,1,0,17,10645.168437854829
Random,2,54,1,0,18,10645.168437854829
Random,2,54,1,0,19,10645.168437854829
Random,2,54,1,0,20,10645.168437854829
qLogEI,2,54,1,0,1,inf
qLogEI,2,54,1,0,2,inf
qLogEI,2,54,1,0,3,inf
qLogEI,2,54,1,0,4,inf
qLogEI,2,54,1,0,5,inf
qLogEI,2,54,1,0,6,inf
qLogEI,2,54,1,0,7,inf
qLogEI,2,54,1,0,8,inf
qLogEI,2,54,1,0,9,inf
qLogEI,2,54,1,0,10,inf
qLogEI,2,54,1,0,11,inf
qLogEI,2,54,1,0,12,inf
qLogEI,2,54,1,0,13,inf
qLogEI,2,54,1,0,14,10553.694148576613
qLogEI,2,54,1,0,15,10553.694148576613
qLogEI,2,54,1,0,16,10553.694148576613
qLogEI,2,54,1,0,17,10553.694148576613
qLogEI,2,54,1,0,18,10553.694148576613
qLogEI,2,54,1,0,19,10553.694148576613
qLogEI,2,54,1,0,20,10553.694148576613
RL_Enhanced,2,54,1,0,1,inf
RL_Enhanced,2,54,1,0,2,inf
RL_Enhanced,2,54,1,0,3,inf
RL_Enhanced,2,54,1,0,4,inf
RL_Enhanced,2,54,1,0,5,inf
RL_Enhanced,2,54,1,0,6,inf
RL_Enhanced,2,54,1,0,7,inf
RL_Enhanced,2,54,1,0,8,inf
RL_Enhanced,2,54,1,0,9,inf
RL_Enhanced,2,54,1,0,10,inf
RL_Enhanced,2,54,1,0,11,inf
RL_Enhanced,2,54,1,0,12,inf
RL_Enhanced,2,54,1,0,13,inf
RL_Enhanced,2,54,1,0,14,inf
RL_Enhanced,2,54,1,0,15,inf
RL_Enhanced,2,54,1,0,16,inf
RL_Enhanced,2,54,1,0,17,inf
RL_Enhanced,2,54,1,0,18,inf
RL_Enhanced,2,54,1,0,19,inf
RL_Enhanced,2,54,1,0,20,inf
Random,2,54,1,1,1,inf
Random,2,54,1,1,2,inf
Random,2,54,1,1,3,inf
Random,2,54,1,1,4,inf
Random,2,54,1,1,5,inf
Random,2,54,1,1,6,inf
Random,2,54,1,1,7,inf
Random,2,54,1,1,8,inf
Random,2,54,1,1,9,inf
Random,2,54,1,1,10,inf
Random,2,54,1,1,11,inf
Random,2,54,1,1,12,inf
Random,2,54,1,1,13,inf
Random,2,54,1,1,14,inf
Random,2,54,1,1,15,inf
Random,2,54,1,1,16,inf
Random,2,54,1,1,17,inf
Random,2,54,1,1,18,inf
Random,2,54,1,1,19,inf
Random,2,54,1,1,20,inf
qLogEI,2,54,1,1,1,inf
qLogEI,2,54,1,1,2,inf
qLogEI,2,54,1,1,3,inf
qLogEI,2,54,1,1,4,inf
qLogEI,2,54,1,1,5,inf
qLogEI,2,54,1,1,6,inf
qLogEI,2,54,1,1,7,inf
qLogEI,2,54,1,1,8,inf
qLogEI,2,54,1,1,9,inf
qLogEI,2,54,1,1,10,inf
qLogEI,2,54,1,1,11,inf
qLogEI,2,54,1,1,12,inf
qLogEI,2,54,1,1,13,inf
qLogEI,2,54,1,1,14,inf
qLogEI,2,54,1,1,15,inf
qLogEI,2,54,1,1,16,inf
qLogEI,2,54,1,1,17,inf
qLogEI,2,54,1,1,18,inf
qLogEI,2,54,1,1,19,inf
qLogEI,2,54,1,1,20,inf
RL_Enhanced,2,54,1,1,1,inf
RL_Enhanced,2,54,1,1,2,inf
RL_Enhanced,2,54,1,1,3,inf
RL_Enhanced,2,54,1,1,4,inf
RL_Enhanced,2,54,1,1,5,inf
RL_Enhanced,2,54,1,1,6,inf
RL_Enhanced,2,54,1,1,7,inf
RL_Enhanced,2,54,1,1,8,inf
RL_Enhanced,2,54,1,1,9,inf
RL_Enhanced,2,54,1,1,10,inf
RL_Enhanced,2,54,1,1,11,inf
RL_Enhanced,2,54,1,1,12,inf
RL_Enhanced,2,54,1,1,13,inf
RL_Enhanced,2,54,1,1,14,inf
RL_Enhanced,2,54,1,1,15,inf
RL_Enhanced,2,54,1,1,16,inf
RL_Enhanced,2,54,1,1,17,inf
RL_Enhanced,2,54,1,1,18,inf
RL_Enhanced,2,54,1,1,19,inf
RL_Enhanced,2,54,1,1,20,inf
Random,2,54,1,2,1,inf
Random,2,54,1,2,2,inf
Random,2,54,1,2,3,inf
Random,2,54,1,2,4,inf
Random,2,54,1,2,5,inf
Random,2,54,1,2,6,inf
Random,2,54,1,2,7,inf
Random,2,54,1,2,8,inf
Random,2,54,1,2,9,inf
Random,2,54,1,2,10,inf
Random,2,54,1,2,11,inf
Random,2,54,1,2,12,inf
Random,2,54,1,2,13,inf
Random,2,54,1,2,14,inf
Random,2,54,1,2,15,inf
Random,2,54,1,2,16,inf
Random,2,54,1,2,17,inf
Random,2,54,1,2,18,inf
Random,2,54,1,2,19,inf
Random,2,54,1,2,20,inf
qLogEI,2,54,1,2,1,inf
qLogEI,2,54,1,2,2,inf
qLogEI,2,54,1,2,3,inf
qLogEI,2,54,1,2,4,inf
qLogEI,2,54,1,2,5,inf
qLogEI,2,54,1,2,6,inf
qLogEI,2,54,1,2,7,inf
qLogEI,2,54,1,2,8,inf
qLogEI,2,54,1,2,9,inf
qLogEI,2,54,1,2,10,inf
qLogEI,2,54,1,2,11,inf
qLogEI,2,54,1,2,12,inf
qLogEI,2,54,1,2,13,inf
qLogEI,2,54,1,2,14,inf
qLogEI,2,54,1,2,15,inf
qLogEI,2,54,1,2,16,10870.327965350007
qLogEI,2,54,1,2,17,10870.327965350007
qLogEI,2,54,1,2,18,10870.327965350007
qLogEI,2,54,1,2,19,10870.327965350007
qLogEI,2,54,1,2,20,10870.327965350007
RL_Enhanced,2,54,1,2,1,inf
RL_Enhanced,2,54,1,2,2,inf
RL_Enhanced,2,54,1,2,3,inf
RL_Enhanced,2,54,1,2,4,inf
RL_Enhanced,2,54,1,2,5,inf
RL_Enhanced,2,54,1,2,6,inf
RL_Enhanced,2,54,1,2,7,inf
RL_Enhanced,2,54,1,2,8,inf
RL_Enhanced,2,54,1,2,9,inf
RL_Enhanced,2,54,1,2,10,inf
RL_Enhanced,2,54,1,2,11,inf
RL_Enhanced,2,54,1,2,12,inf
RL_Enhanced,2,54,1,2,13,inf
RL_Enhanced,2,54,1,2,14,inf
RL_Enhanced,2,54,1,2,15,inf
RL_Enhanced,2,54,1,2,16,inf
RL_Enhanced,2,54,1,2,17,inf
RL_Enhanced,2,54,1,2,18,inf
RL_Enhanced,2,54,1,2,19,inf
RL_Enhanced,2,54,1,2,20,inf
Random,2,54,1,3,1,inf
Random,2,54,1,3,2,inf
Random,2,54,1,3,3,inf
Random,2,54,1,3,4,inf
Random,2,54,1,3,5,inf
Random,2,54,1,3,6,inf
Random,2,54,1,3,7,inf
Random,2,54,1,3,8,inf
Random,2,54,1,3,9,inf
Random,2,54,1,3,10,inf
Random,2,54,1,3,11,inf
Random,2,54,1,3,12,inf
Random,2,54,1,3,13,inf
Random,2,54,1,3,14,inf
Random,2,54,1,3,15,inf
Random,2,54,1,3,16,inf
Random,2,54,1,3,17,inf
Random,2,54,1,3,18,inf
Random,2,54,1,3,19,inf
Random,2,54,1,3,20,inf
qLogEI,2,54,1,3,1,inf
qLogEI,2,54,1,3,2,inf
qLogEI,2,54,1,3,3,inf
qLogEI,2,54,1,3,4,inf
qLogEI,2,54,1,3,5,inf
qLogEI,2,54,1,3,6,inf
qLogEI,2,54,1,3,7,inf
qLogEI,2,54,1,3,8,inf
qLogEI,2,54,1,3,9,inf
qLogEI,2,54,1,3,10,inf
qLogEI,2,54,1,3,11,inf
qLogEI,2,54,1,3,12,inf
qLogEI,2,54,1,3,13,inf
qLogEI,2,54,1,3,14,inf
qLogEI,2,54,1,3,15,inf
qLogEI,2,54,1,3,16,inf
qLogEI,2,54,1,3,17,inf
qLogEI,2,54,1,3,18,inf
qLogEI,2,54,1,3,19,inf
qLogEI,2,54,1,3,20,inf
RL_Enhanced,2,54,1,3,1,inf
RL_Enhanced,2,54,1,3,2,inf
RL_Enhanced,2,54,1,3,3,inf
RL_Enhanced,2,54,1,3,4,inf
RL_Enhanced,2,54,1,3,5,inf
RL_Enhanced,2,54,1,3,6,inf
RL_Enhanced,2,54,1,3,7,inf
RL_Enhanced,2,54,1,3,8,inf
RL_Enhanced,2,54,1,3,9,inf
RL_Enhanced,2,54,1,3,10,inf
RL_Enhanced,2,54,1,3,11,inf
RL_Enhanced,2,54,1,3,12,inf
RL_Enhanced,2,54,1,3,13,inf
RL_Enhanced,2,54,1,3,14,inf
RL_Enhanced,2,54,1,3,15,inf
RL_Enhanced,2,54,1,3,16,inf
RL_Enhanced,2,54,1,3,17,inf
RL_Enhanced,2,54,1,3,18,inf
RL_Enhanced,2,54,1,3,19,inf
RL_Enhanced,2,54,1,3,20,inf
Random,2,54,1,4,1,inf
Random,2,54,1,4,2,inf
Random,2,54,1,4,3,inf
Random,2,54,1,4,4,inf
Random,2,54,1,4,5,inf
Random,2,54,1,4,6,inf
Random,2,54,1,4,7,inf
Random,2,54,1,4,8,inf
Random,2,54,1,4,9,inf
Random,2,54,1,4,10,inf
Random,2,54,1,4,11,inf
Random,2,54,1,4,12,inf
Random,2,54,1,4,13,inf
Random,2,54,1,4,14,inf
Random,2,54,1,4,15,inf
Random,2,54,1,4,16,inf
Random,2,54,1,4,17,inf
Random,2,54,1,4,18,inf
Random,2,54,1,4,19,inf
Random,2,54,1,4,20,inf
qLogEI,2,54,1,4,1,inf
qLogEI,2,54,1,4,2,inf
qLogEI,2,54,1,4,3,inf
qLogEI,2,54,1,4,4,inf
qLogEI,2,54,1,4,5,inf
qLogEI,2,54,1,4,6,inf
qLogEI,2,54,1,4,7,10981.24291988752
qLogEI,2,54,1,4,8,10981.24291988752
qLogEI,2,54,1,4,9,10981.24291988752
qLogEI,2,54,1,4,10,10922.901380559917
qLogEI,2,54,1,4,11,10920.135171915994
qLogEI,2,54,1,4,12,10913.693742859537
qLogEI,2,54,1,4,13,10913.693742859537
qLogEI,2,54,1,4,14,10913.693742859537
qLogEI,2,54,1,4,15,10913.693742859537
qLogEI,2,54,1,4,16,10913.693742859537
qLogEI,2,54,1,4,17,10913.693742859537
qLogEI,2,54,1,4,18,10859.499045554374
qLogEI,2,54,1,4,19,10858.58333282923
qLogEI,2,54,1,4,20,10858.58333282923
RL_Enhanced,2,54,1,4,1,inf
RL_Enhanced,2,54,1,4,2,inf
RL_Enhanced,2,54,1,4,3,inf
RL_Enhanced,2,54,1,4,4,inf
RL_Enhanced,2,54,1,4,5,inf
RL_Enhanced,2,54,1,4,6,inf
RL_Enhanced,2,54,1,4,7,inf
RL_Enhanced,2,54,1,4,8,inf
RL_Enhanced,2,54,1,4,9,inf
RL_Enhanced,2,54,1,4,10,inf
RL_Enhanced,2,54,1,4,11,inf
RL_Enhanced,2,54,1,4,12,inf
RL_Enhanced,2,54,1,4,13,inf
RL_Enhanced,2,54,1,4,14,inf
RL_Enhanced,2,54,1,4,15,inf
RL_Enhanced,2,54,1,4,16,inf
RL_Enhanced,2,54,1,4,17,inf
RL_Enhanced,2,54,1,4,18,inf
RL_Enhanced,2,54,1,4,19,inf
RL_Enhanced,2,54,1,4,20,inf
Random,2,54,2,0,1,inf
Random,2,54,2,0,2,inf
Random,2,54,2,0,3,inf
Random,2,54,2,0,4,inf
Random,2,54,2,0,5,inf
Random,2,54,2,0,6,inf
Random,2,54,2,0,7,inf
Random,2,54,2,0,8,inf
Random,2,54,2,0,9,inf
Random,2,54,2,0,10,inf
Random,2,54,2,0,11,inf
Random,2,54,2,0,12,inf
Random,2,54,2,0,13,inf
Random,2,54,2,0,14,inf
Random,2,54,2,0,15,inf
Random,2,54,2,0,16,inf
Random,2,54,2,0,17,inf
Random,2,54,2,0,18,inf
Random,2,54,2,0,19,inf
Random,2,54,2,0,20,inf
qLogEI,2,54,2,0,1,inf
qLogEI,2,54,2,0,2,inf
qLogEI,2,54,2,0,3,inf
qLogEI,2,54,2,0,4,inf
qLogEI,2,54,2,0,5,inf
qLogEI,2,54,2,0,6,inf
qLogEI,2,54,2,0,7,inf
qLogEI,2,54,2,0,8,inf
qLogEI,2,54,2,0,9,inf
qLogEI,2,54,2,0,10,inf
qLogEI,2,54,2,0,11,inf
qLogEI,2,54,2,0,12,454.78148545833847
qLogEI,2,54,2,0,13,454.78148545833847
qLogEI,2,54,2,0,14,454.78148545833847
qLogEI,2,54,2,0,15,454.78148545833847
qLogEI,2,54,2,0,16,454.78148545833847
qLogEI,2,54,2,0,17,454.78148545833847
qLogEI,2,54,2,0,18,454.78148545833847
qLogEI,2,54,2,0,19,454.78148545833847
qLogEI,2,54,2,0,20,454.78148545833847
RL_Enhanced,2,54,2,0,1,inf
RL_Enhanced,2,54,2,0,2,inf
RL_Enhanced,2,54,2,0,3,inf
RL_Enhanced,2,54,2,0,4,inf
RL_Enhanced,2,54,2,0,5,inf
RL_Enhanced,2,54,2,0,6,inf
RL_Enhanced,2,54,2,0,7,inf
RL_Enhanced,2,54,2,0,8,inf
RL_Enhanced,2,54,2,0,9,inf
RL_Enhanced,2,54,2,0,10,inf
RL_Enhanced,2,54,2,0,11,inf
RL_Enhanced,2,54,2,0,12,inf
RL_Enhanced,2,54,2,0,13,inf
RL_Enhanced,2,54,2,0,14,inf
RL_Enhanced,2,54,2,0,15,inf
RL_Enhanced,2,54,2,0,16,inf
RL_Enhanced,2,54,2,0,17,inf
RL_Enhanced,2,54,2,0,18,inf
RL_Enhanced,2,54,2,0,19,inf
RL_Enhanced,2,54,2,0,20,inf
Random,2,54,2,1,1,inf
Random,2,54,2,1,2,inf
Random,2,54,2,1,3,inf
Random,2,54,2,1,4,inf
Random,2,54,2,1,5,inf
Random,2,54,2,1,6,inf
Random,2,54,2,1,7,inf
Random,2,54,2,1,8,inf
Random,2,54,2,1,9,inf
Random,2,54,2,1,10,inf
Random,2,54,2,1,11,inf
Random,2,54,2,1,12,inf
Random,2,54,2,1,13,inf
Random,2,54,2,1,14,inf
Random,2,54,2,1,15,inf
Random,2,54,2,1,16,inf
Random,2,54,2,1,17,inf
Random,2,54,2,1,18,inf
Random,2,54,2,1,19,inf
Random,2,54,2,1,20,inf
qLogEI,2,54,2,1,1,inf
qLogEI,2,54,2,1,2,inf
qLogEI,2,54,2,1,3,inf
qLogEI,2,54,2,1,4,inf
qLogEI,2,54,2,1,5,inf
qLogEI,2,54,2,1,6,inf
qLogEI,2,54,2,1,7,inf
qLogEI,2,54,2,1,8,inf
qLogEI,2,54,2,1,9,inf
qLogEI,2,54,2,1,10,inf
qLogEI,2,54,2,1,11,inf
qLogEI,2,54,2,1,12,inf
qLogEI,2,54,2,1,13,inf
qLogEI,2,54,2,1,14,inf
qLogEI,2,54,2,1,15,inf
qLogEI,2,54,2,1,16,inf
qLogEI,2,54,2,1,17,inf
qLogEI,2,54,2,1,18,inf
qLogEI,2,54,2,1,19,inf
qLogEI,2,54,2,1,20,inf
RL_Enhanced,2,54,2,1,1,inf
RL_Enhanced,2,54,2,1,2,inf
RL_Enhanced,2,54,2,1,3,inf
RL_Enhanced,2,54,2,1,4,inf
RL_Enhanced,2,54,2,1,5,inf
RL_Enhanced,2,54,2,1,6,inf
RL_Enhanced,2,54,2,1,7,inf
RL_Enhanced,2,54,2,1,8,inf
RL_Enhanced,2,54,2,1,9,inf
RL_Enhanced,2,54,2,1,10,inf
RL_Enhanced,2,54,2,1,11,inf
RL_Enhanced,2,54,2,1,12,inf
RL_Enhanced,2,54,2,1,13,inf
RL_Enhanced,2,54,2,1,14,inf
RL_Enhanced,2,54,2,1,15,inf
RL_Enhanced,2,54,2,1,16,inf
RL_Enhanced,2,54,2,1,17,inf
RL_Enhanced,2,54,2,1,18,inf
RL_Enhanced,2,54,2,1,19,inf
RL_Enhanced,2,54,2,1,20,inf
Random,2,54,2,2,1,inf
Random,2,54,2,2,2,inf
Random,2,54,2,2,3,inf
Random,2,54,2,2,4,inf
Random,2,54,2,2,5,inf
Random,2,54,2,2,6,inf
Random,2,54,2,2,7,inf
Random,2,54,2,2,8,inf
Random,2,54,2,2,9,inf
Random,2,54,2,2,10,inf
Random,2,54,2,2,11,inf
Random,2,54,2,2,12,inf
Random,2,54,2,2,13,inf
Random,2,54,2,2,14,inf
Random,2,54,2,2,15,inf
Random,2,54,2,2,16,inf
Random,2,54,2,2,17,inf
Random,2,54,2,2,18,inf
Random,2,54,2,2,19,inf
Random,2,54,2,2,20,inf
qLogEI,2,54,2,2,1,inf
qLogEI,2,54,2,2,2,inf
qLogEI,2,54,2,2,3,inf
qLogEI,2,54,2,2,4,inf
qLogEI,2,54,2,2,5,inf
qLogEI,2,54,2,2,6,inf
qLogEI,2,54,2,2,7,479.68231740285535
qLogEI,2,54,2,2,8,479.68231740285535
qLogEI,2,54,2,2,9,479.68231740285535
qLogEI,2,54,2,2,10,479.68231740285535
qLogEI,2,54,2,2,11,479.68231740285535
qLogEI,2,54,2,2,12,479.68231740285535
qLogEI,2,54,2,2,13,479.68231740285535
qLogEI,2,54,2,2,14,479.68231740285535
qLogEI,2,54,2,2,15,479.68231740285535
qLogEI,2,54,2,2,16,479.68231740285535
qLogEI,2,54,2,2,17,479.68231740285535
qLogEI,2,54,2,2,18,479.68231740285535
qLogEI,2,54,2,2,19,479.68231740285535
qLogEI,2,54,2,2,20,479.68231740285535
RL_Enhanced,2,54,2,2,1,inf
RL_Enhanced,2,54,2,2,2,inf
RL_Enhanced,2,54,2,2,3,inf
RL_Enhanced,2,54,2,2,4,inf
RL_Enhanced,2,54,2,2,5,inf
RL_Enhanced,2,54,2,2,6,inf
RL_Enhanced,2,54,2,2,7,inf
RL_Enhanced,2,54,2,2,8,inf
RL_Enhanced,2,54,2,2,9,inf
RL_Enhanced,2,54,2,2,10,inf
RL_Enhanced,2,54,2,2,11,inf
RL_Enhanced,2,54,2,2,12,inf
RL_Enhanced,2,54,2,2,13,inf
RL_Enhanced,2,54,2,2,14,inf
RL_Enhanced,2,54,2,2,15,inf
RL_Enhanced,2,54,2,2,16,inf
RL_Enhanced,2,54,2,2,17,inf
RL_Enhanced,2,54,2,2,18,inf
RL_Enhanced,2,54,2,2,19,inf
RL_Enhanced,2,54,2,2,20,inf
Random,2,54,2,3,1,inf
Random,2,54,2,3,2,inf
Random,2,54,2,3,3,inf
Random,2,54,2,3,4,inf
Random,2,54,2,3,5,inf
Random,2,54,2,3,6,inf
Random,2,54,2,3,7,inf
Random,2,54,2,3,8,inf
Random,2,54,2,3,9,inf
Random,2,54,2,3,10,inf
Random,2,54,2,3,11,inf
Random,2,54,2,3,12,inf
Random,2,54,2,3,13,inf
Random,2,54,2,3,14,inf
Random,2,54,2,3,15,inf
Random,2,54,2,3,16,inf
Random,2,54,2,3,17,inf
Random,2,54,2,3,18,inf
Random,2,54,2,3,19,inf
Random,2,54,2,3,20,inf
qLogEI,2,54,2,3,1,inf
qLogEI,2,54,2,3,2,inf
qLogEI,2,54,2,3,3,inf
qLogEI,2,54,2,3,4,inf
qLogEI,2,54,2,3,5,inf
qLogEI,2,54,2,3,6,inf
qLogEI,2,54,2,3,7,inf
qLogEI,2,54,2,3,8,inf
qLogEI,2,54,2,3,9,inf
qLogEI,2,54,2,3,10,inf
qLogEI,2,54,2,3,11,inf
qLogEI,2,54,2,3,12,inf
qLogEI,2,54,2,3,13,inf
qLogEI,2,54,2,3,14,inf
qLogEI,2,54,2,3,15,inf
qLogEI,2,54,2,3,16,inf
qLogEI,2,54,2,3,17,inf
qLogEI,2,54,2,3,18,inf
qLogEI,2,54,2,3,19,inf
qLogEI,2,54,2,3,20,inf
RL_Enhanced,2,54,2,3,1,inf
RL_Enhanced,2,54,2,3,2,inf
RL_Enhanced,2,54,2,3,3,inf
RL_Enhanced,2,54,2,3,4,inf
RL_Enhanced,2,54,2,3,5,inf
RL_Enhanced,2,54,2,3,6,inf
RL_Enhanced,2,54,2,3,7,inf
RL_Enhanced,2,54,2,3,8,inf
RL_Enhanced,2,54,2,3,9,inf
RL_Enhanced,2,54,2,3,10,inf
RL_Enhanced,2,54,2,3,11,inf
RL_Enhanced,2,54,2,3,12,inf
RL_Enhanced,2,54,2,3,13,inf
RL_Enhanced,2,54,2,3,14,inf
RL_Enhanced,2,54,2,3,15,inf
RL_Enhanced,2,54,2,3,16,inf
RL_Enhanced,2,54,2,3,17,inf
RL_Enhanced,2,54,2,3,18,inf
RL_Enhanced,2,54,2,3,19,inf
RL_Enhanced,2,54,2,3,20,inf
Random,2,54,2,4,1,inf
Random,2,54,2,4,2,inf
Random,2,54,2,4,3,inf
Random,2,54,2,4,4,inf
Random,2,54,2,4,5,inf
Random,2,54,2,4,6,inf
Random,2,54,2,4,7,inf
Random,2,54,2,4,8,inf
Random,2,54,2,4,9,inf
Random,2,54,2,4,10,inf
Random,2,54,2,4,11,inf
Random,2,54,2,4,12,inf
Random,2,54,2,4,13,inf
Random,2,54,2,4,14,inf
Random,2,54,2,4,15,inf
Random,2,54,2,4,16,inf
Random,2,54,2,4,17,inf
Random,2,54,2,4,18,inf
Random,2,54,2,4,19,inf
Random,2,54,2,4,20,inf
qLogEI,2,54,2,4,1,inf
qLogEI,2,54,2,4,2,inf
qLogEI,2,54,2,4,3,inf
qLogEI,2,54,2,4,4,inf
qLogEI,2,54,2,4,5,inf
qLogEI,2,54,2,4,6,inf
qLogEI,2,54,2,4,7,inf
qLogEI,2,54,2,4,8,inf
qLogEI,2,54,2,4,9,inf
qLogEI,2,54,2,4,10,inf
qLogEI,2,54,2,4,11,inf
qLogEI,2,54,2,4,12,inf
qLogEI,2,54,2,4,13,inf
qLogEI,2,54,2,4,14,inf
qLogEI,2,54,2,4,15,inf
qLogEI,2,54,2,4,16,inf
qLogEI,2,54,2,4,17,inf
qLogEI,2,54,2,4,18,inf
qLogEI,2,54,2,4,19,inf
qLogEI,2,54,2,4,20,inf
RL_Enhanced,2,54,2,4,1,inf
RL_Enhanced,2,54,2,4,2,inf
RL_Enhanced,2,54,2,4,3,inf
RL_Enhanced,2,54,2,4,4,inf
RL_Enhanced,2,54,2,4,5,inf
RL_Enhanced,2,54,2,4,6,inf
RL_Enhanced,2,54,2,4,7,inf
RL_Enhanced,2,54,2,4,8,inf
RL_Enhanced,2,54,2,4,9,inf
RL_Enhanced,2,54,2,4,10,inf
RL_Enhanced,2,54,2,4,11,inf
RL_Enhanced,2,54,2,4,12,inf
RL_Enhanced,2,54,2,4,13,inf
RL_Enhanced,2,54,2,4,14,inf
RL_Enhanced,2,54,2,4,15,inf
RL_Enhanced,2,54,2,4,16,inf
RL_Enhanced,2,54,2,4,17,inf
RL_Enhanced,2,54,2,4,18,inf
RL_Enhanced,2,54,2,4,19,inf
RL_Enhanced,2,54,2,4,20,inf
Random,2,54,3,0,1,inf
Random,2,54,3,0,2,inf
Random,2,54,3,0,3,inf
Random,2,54,3,0,4,inf
Random,2,54,3,0,5,inf
Random,2,54,3,0,6,inf
Random,2,54,3,0,7,inf
Random,2,54,3,0,8,inf
Random,2,54,3,0,9,inf
Random,2,54,3,0,10,inf
Random,2,54,3,0,11,inf
Random,2,54,3,0,12,inf
Random,2,54,3,0,13,inf
Random,2,54,3,0,14,inf
Random,2,54,3,0,15,inf
Random,2,54,3,0,16,inf
Random,2,54,3,0,17,inf
Random,2,54,3,0,18,inf
Random,2,54,3,0,19,inf
Random,2,54,3,0,20,inf
qLogEI,2,54,3,0,1,inf
qLogEI,2,54,3,0,2,inf
qLogEI,2,54,3,0,3,inf
qLogEI,2,54,3,0,4,inf
qLogEI,2,54,3,0,5,inf
qLogEI,2,54,3,0,6,inf
qLogEI,2,54,3,0,7,inf
qLogEI,2,54,3,0,8,inf
qLogEI,2,54,3,0,9,inf
qLogEI,2,54,3,0,10,inf
qLogEI,2,54,3,0,11,inf
qLogEI,2,54,3,0,12,inf
qLogEI,2,54,3,0,13,inf
qLogEI,2,54,3,0,14,inf
qLogEI,2,54,3,0,15,inf
qLogEI,2,54,3,0,16,inf
qLogEI,2,54,3,0,17,inf
qLogEI,2,54,3,0,18,inf
qLogEI,2,54,3,0,19,inf
qLogEI,2,54,3,0,20,inf
RL_Enhanced,2,54,3,0,1,inf
RL_Enhanced,2,54,3,0,2,inf
RL_Enhanced,2,54,3,0,3,inf
RL_Enhanced,2,54,3,0,4,inf
RL_Enhanced,2,54,3,0,5,inf
RL_Enhanced,2,54,3,0,6,inf
RL_Enhanced,2,54,3,0,7,inf
RL_Enhanced,2,54,3,0,8,inf
RL_Enhanced,2,54,3,0,9,inf
RL_Enhanced,2,54,3,0,10,inf
RL_Enhanced,2,54,3,0,11,inf
RL_Enhanced,2,54,3,0,12,inf
RL_Enhanced,2,54,3,0,13,inf
RL_Enhanced,2,54,3,0,14,inf
RL_Enhanced,2,54,3,0,15,inf
RL_Enhanced,2,54,3,0,16,inf
RL_Enhanced,2,54,3,0,17,inf
RL_Enhanced,2,54,3,0,18,inf
RL_Enhanced,2,54,3,0,19,inf
RL_Enhanced,2,54,3,0,20,inf
Random,2,54,3,1,1,inf
Random,2,54,3,1,2,inf
Random,2,54,3,1,3,inf
Random,2,54,3,1,4,inf
Random,2,54,3,1,5,inf
Random,2,54,3,1,6,inf
Random,2,54,3,1,7,inf
Random,2,54,3,1,8,inf
Random,2,54,3,1,9,inf
Random,2,54,3,1,10,inf
Random,2,54,3,1,11,inf
Random,2,54,3,1,12,inf
Random,2,54,3,1,13,inf
Random,2,54,3,1,14,inf
Random,2,54,3,1,15,inf
Random,2,54,3,1,16,inf
Random,2,54,3,1,17,inf
Random,2,54,3,1,18,inf
Random,2,54,3,1,19,inf
Random,2,54,3,1,20,inf
qLogEI,2,54,3,1,1,inf
qLogEI,2,54,3,1,2,inf
qLogEI,2,54,3,1,3,inf
qLogEI,2,54,3,1,4,inf
qLogEI,2,54,3,1,5,inf
qLogEI,2,54,3,1,6,inf
qLogEI,2,54,3,1,7,inf
qLogEI,2,54,3,1,8,inf
qLogEI,2,54,3,1,9,inf
qLogEI,2,54,3,1,10,inf
qLogEI,2,54,3,1,11,inf
qLogEI,2,54,3,1,12,inf
qLogEI,2,54,3,1,13,inf
qLogEI,2,54,3,1,14,inf
qLogEI,2,54,3,1,15,inf
qLogEI,2,54,3,1,16,inf
qLogEI,2,54,3,1,17,inf
qLogEI,2,54,3,1,18,inf
qLogEI,2,54,3,1,19,inf
qLogEI,2,54,3,1,20,inf
RL_Enhanced,2,54,3,1,1,inf
RL_Enhanced,2,54,3,1,2,inf
RL_Enhanced,2,54,3,1,3,inf
RL_Enhanced,2,54,3,1,4,inf
RL_Enhanced,2,54,3,1,5,inf
RL_Enhanced,2,54,3,1,6,inf
RL_Enhanced,2,54,3,1,7,inf
RL_Enhanced,2,54,3,1,8,inf
RL_Enhanced,2,54,3,1,9,inf
RL_Enhanced,2,54,3,1,10,inf
RL_Enhanced,2,54,3,1,11,inf
RL_Enhanced,2,54,3,1,12,inf
RL_Enhanced,2,54,3,1,13,inf
RL_Enhanced,2,54,3,1,14,inf
RL_Enhanced,2,54,3,1,15,inf
RL_Enhanced,2,54,3,1,16,inf
RL_Enhanced,2,54,3,1,17,inf
RL_Enhanced,2,54,3,1,18,inf
RL_Enhanced,2,54,3,1,19,inf
RL_Enhanced,2,54,3,1,20,inf
Random,2,54,3,2,1,inf
Random,2,54,3,2,2,inf
Random,2,54,3,2,3,inf
Random,2,54,3,2,4,inf
Random,2,54,3,2,5,inf
Random,2,54,3,2,6,inf
Random,2,54,3,2,7,inf
Random,2,54,3,2,8,inf
Random,2,54,3,2,9,inf
Random,2,54,3,2,10,inf
Random,2,54,3,2,11,inf
Random,2,54,3,2,12,inf
Random,2,54,3,2,13,inf
Random,2,54,3,2,14,inf
Random,2,54,3,2,15,inf
Random,2,54,3,2,16,inf
Random,2,54,3,2,17,inf
Random,2,54,3,2,18,inf
Random,2,54,3,2,19,inf
Random,2,54,3,2,20,inf
qLogEI,2,54,3,2,1,inf
qLogEI,2,54,3,2,2,inf
qLogEI,2,54,3,2,3,inf
qLogEI,2,54,3,2,4,inf
qLogEI,2,54,3,2,5,inf
qLogEI,2,54,3,2,6,inf
qLogEI,2,54,3,2,7,inf
qLogEI,2,54,3,2,8,inf
qLogEI,2,54,3,2,9,inf
qLogEI,2,54,3,2,10,inf
qLogEI,2,54,3,2,11,inf
qLogEI,2,54,3,2,12,inf
qLogEI,2,54,3,2,13,-2657.4072317322252
qLogEI,2,54,3,2,14,-2657.4072317322252
qLogEI,2,54,3,2,15,-2657.4072317322252
qLogEI,2,54,3,2,16,-2657.4072317322252
qLogEI,2,54,3,2,17,-2657.4072317322252
qLogEI,2,54,3,2,18,-2657.4072317322252
qLogEI,2,54,3,2,19,-2657.4072317322252
qLogEI,2,54,3,2,20,-2657.4072317322252
RL_Enhanced,2,54,3,2,1,inf
RL_Enhanced,2,54,3,2,2,inf
RL_Enhanced,2,54,3,2,3,inf
RL_Enhanced,2,54,3,2,4,inf
RL_Enhanced,2,54,3,2,5,inf
RL_Enhanced,2,54,3,2,6,inf
RL_Enhanced,2,54,3,2,7,inf
RL_Enhanced,2,54,3,2,8,inf
RL_Enhanced,2,54,3,2,9,inf
RL_Enhanced,2,54,3,2,10,inf
RL_Enhanced,2,54,3,2,11,inf
RL_Enhanced,2,54,3,2,12,inf
RL_Enhanced,2,54,3,2,13,inf
RL_Enhanced,2,54,3,2,14,inf
RL_Enhanced,2,54,3,2,15,inf
RL_Enhanced,2,54,3,2,16,inf
RL_Enhanced,2,54,3,2,17,inf
RL_Enhanced,2,54,3,2,18,inf
RL_Enhanced,2,54,3,2,19,inf
RL_Enhanced,2,54,3,2,20,inf
Random,2,54,3,3,1,inf
Random,2,54,3,3,2,inf
Random,2,54,3,3,3,inf
Random,2,54,3,3,4,inf
Random,2,54,3,3,5,inf
Random,2,54,3,3,6,inf
Random,2,54,3,3,7,inf
Random,2,54,3,3,8,inf
Random,2,54,3,3,9,inf
Random,2,54,3,3,10,inf
Random,2,54,3,3,11,inf
Random,2,54,3,3,12,inf
Random,2,54,3,3,13,inf
Random,2,54,3,3,14,inf
Random,2,54,3,3,15,inf
Random,2,54,3,3,16,inf
Random,2,54,3,3,17,inf
Random,2,54,3,3,18,inf
Random,2,54,3,3,19,inf
Random,2,54,3,3,20,inf
qLogEI,2,54,3,3,1,inf
qLogEI,2,54,3,3,2,inf
qLogEI,2,54,3,3,3,inf
qLogEI,2,54,3,3,4,inf
qLogEI,2,54,3,3,5,inf
qLogEI,2,54,3,3,6,inf
qLogEI,2,54,3,3,7,inf
qLogEI,2,54,3,3,8,inf
qLogEI,2,54,3,3,9,inf
qLogEI,2,54,3,3,10,inf
qLogEI,2,54,3,3,11,inf
qLogEI,2,54,3,3,12,inf
qLogEI,2,54,3,3,13,-2874.8521890109205
qLogEI,2,54,3,3,14,-2874.8521890109205
qLogEI,2,54,3,3,15,-2874.8521890109205
qLogEI,2,54,3,3,16,-2874.8521890109205
qLogEI,2,54,3,3,17,-2874.8521890109205
qLogEI,2,54,3,3,18,-2874.8521890109205
qLogEI,2,54,3,3,19,-2874.8521890109205
qLogEI,2,54,3,3,20,-2874.8521890109205
RL_Enhanced,2,54,3,3,1,inf
RL_Enhanced,2,54,3,3,2,inf
RL_Enhanced,2,54,3,3,3,inf
RL_Enhanced,2,54,3,3,4,inf
RL_Enhanced,2,54,3,3,5,inf
RL_Enhanced,2,54,3,3,6,inf
RL_Enhanced,2,54,3,3,7,inf
RL_Enhanced,2,54,3,3,8,inf
RL_Enhanced,2,54,3,3,9,inf
RL_Enhanced,2,54,3,3,10,inf
RL_Enhanced,2,54,3,3,11,inf
RL_Enhanced,2,54,3,3,12,inf
RL_Enhanced,2,54,3,3,13,inf
RL_Enhanced,2,54,3,3,14,inf
RL_Enhanced,2,54,3,3,15,inf
RL_Enhanced,2,54,3,3,16,inf
RL_Enhanced,2,54,3,3,17,inf
RL_Enhanced,2,54,3,3,18,inf
RL_Enhanced,2,54,3,3,19,inf
RL_Enhanced,2,54,3,3,20,inf
Random,2,54,3,4,1,inf
Random,2,54,3,4,2,inf
Random,2,54,3,4,3,inf
Random,2,54,3,4,4,inf
Random,2,54,3,4,5,inf
Random,2,54,3,4,6,inf
Random,2,54,3,4,7,inf
Random,2,54,3,4,8,inf
Random,2,54,3,4,9,inf
Random,2,54,3,4,10,inf
Random,2,54,3,4,11,inf
Random,2,54,3,4,12,inf
Random,2,54,3,4,13,inf
Random,2,54,3,4,14,inf
Random,2,54,3,4,15,inf
Random,2,54,3,4,16,inf
Random,2,54,3,4,17,inf
Random,2,54,3,4,18,inf
Random,2,54,3,4,19,inf
Random,2,54,3,4,20,inf
qLogEI,2,54,3,4,1,inf
qLogEI,2,54,3,4,2,inf
qLogEI,2,54,3,4,3,inf
qLogEI,2,54,3,4,4,inf
qLogEI,2,54,3,4,5,inf
qLogEI,2,54,3,4,6,inf
qLogEI,2,54,3,4,7,inf
qLogEI,2,54,3,4,8,inf
qLogEI,2,54,3,4,9,inf
qLogEI,2,54,3,4,10,inf
qLogEI,2,54,3,4,11,inf
qLogEI,2,54,3,4,12,inf
qLogEI,2,54,3,4,13,inf
qLogEI,2,54,3,4,14,inf
qLogEI,2,54,3,4,15,inf
qLogEI,2,54,3,4,16,inf
qLogEI,2,54,3,4,17,inf
qLogEI,2,54,3,4,18,inf
qLogEI,2,54,3,4,19,inf
qLogEI,2,54,3,4,20,inf
RL_Enhanced,2,54,3,4,1,inf
RL_Enhanced,2,54,3,4,2,inf
RL_Enhanced,2,54,3,4,3,inf
RL_Enhanced,2,54,3,4,4,inf
RL_Enhanced,2,54,3,4,5,inf
RL_Enhanced,2,54,3,4,6,inf
RL_Enhanced,2,54,3,4,7,inf
RL_Enhanced,2,54,3,4,8,inf
RL_Enhanced,2,54,3,4,9,inf
RL_Enhanced,2,54,3,4,10,inf
RL_Enhanced,2,54,3,4,11,inf
RL_Enhanced,2,54,3,4,12,inf
RL_Enhanced,2,54,3,4,13,inf
RL_Enhanced,2,54,3,4,14,inf
RL_Enhanced,2,54,3,4,15,inf
RL_Enhanced,2,54,3,4,16,inf
RL_Enhanced,2,54,3,4,17,inf
RL_Enhanced,2,54,3,4,18,inf
RL_Enhanced,2,54,3,4,19,inf
RL_Enhanced,2,54,3,4,20,inf
Random,10,2,1,0,1,inf
Random,10,2,1,0,2,inf
Random,10,2,1,0,3,inf
Random,10,2,1,0,4,inf
Random,10,2,1,0,5,inf
Random,10,2,1,0,6,inf
Random,10,2,1,0,7,inf
Random,10,2,1,0,8,inf
Random,10,2,1,0,9,inf
Random,10,2,1,0,10,inf
Random,10,2,1,0,11,inf
Random,10,2,1,0,12,inf
Random,10,2,1,0,13,inf
Random,10,2,1,0,14,inf
Random,10,2,1,0,15,inf
Random,10,2,1,0,16,-330.99581010627134
Random,10,2,1,0,17,-330.99581010627134
Random,10,2,1,0,18,-330.99581010627134
Random,10,2,1,0,19,-330.99581010627134
Random,10,2,1,0,20,-330.99581010627134
Random,10,2,1,0,21,-330.99581010627134
Random,10,2,1,0,22,-330.99581010627134
Random,10,2,1,0,23,-330.99581010627134
Random,10,2,1,0,24,-330.99581010627134
Random,10,2,1,0,25,-330.99581010627134
Random,10,2,1,0,26,-330.99581010627134
Random,10,2,1,0,27,-330.99581010627134
Random,10,2,1,0,28,-330.99581010627134
Random,10,2,1,0,29,-330.99581010627134
Random,10,2,1,0,30,-330.99581010627134
Random,10,2,1,0,31,-330.99581010627134
Random,10,2,1,0,32,-330.99581010627134
Random,10,2,1,0,33,-330.99581010627134
Random,10,2,1,0,34,-330.99581010627134
Random,10,2,1,0,35,-330.99581010627134
Random,10,2,1,0,36,-330.99581010627134
Random,10,2,1,0,37,-330.99581010627134
Random,10,2,1,0,38,-330.99581010627134
Random,10,2,1,0,39,-330.99581010627134
Random,10,2,1,0,40,-330.99581010627134
Random,10,2,1,0,41,-330.99581010627134
Random,10,2,1,0,42,-330.99581010627134
Random,10,2,1,0,43,-330.99581010627134
Random,10,2,1,0,44,-330.99581010627134
Random,10,2,1,0,45,-330.99581010627134
Random,10,2,1,0,46,-330.99581010627134
Random,10,2,1,0,47,-330.99581010627134
Random,10,2,1,0,48,-330.99581010627134
Random,10,2,1,0,49,-330.99581010627134
Random,10,2,1,0,50,-330.99581010627134
Random,10,2,1,0,51,-744.386674695287
Random,10,2,1,0,52,-744.386674695287
Random,10,2,1,0,53,-744.386674695287
Random,10,2,1,0,54,-744.386674695287
Random,10,2,1,0,55,-744.386674695287
Random,10,2,1,0,56,-744.386674695287
Random,10,2,1,0,57,-744.386674695287
Random,10,2,1,0,58,-744.386674695287
Random,10,2,1,0,59,-744.386674695287
Random,10,2,1,0,60,-744.386674695287
Random,10,2,1,0,61,-744.386674695287
Random,10,2,1,0,62,-744.386674695287
Random,10,2,1,0,63,-744.386674695287
Random,10,2,1,0,64,-744.386674695287
Random,10,2,1,0,65,-744.386674695287
Random,10,2,1,0,66,-744.386674695287
Random,10,2,1,0,67,-744.386674695287
Random,10,2,1,0,68,-744.386674695287
Random,10,2,1,0,69,-744.386674695287
Random,10,2,1,0,70,-744.386674695287
Random,10,2,1,0,71,-744.386674695287
Random,10,2,1,0,72,-744.386674695287
Random,10,2,1,0,73,-744.386674695287
Random,10,2,1,0,74,-744.386674695287
Random,10,2,1,0,75,-744.386674695287
Random,10,2,1,0,76,-744.386674695287
Random,10,2,1,0,77,-744.386674695287
Random,10,2,1,0,78,-744.386674695287
Random,10,2,1,0,79,-744.386674695287
Random,10,2,1,0,80,-744.386674695287
Random,10,2,1,0,81,-744.386674695287
Random,10,2,1,0,82,-744.386674695287
Random,10,2,1,0,83,-744.386674695287
Random,10,2,1,0,84,-744.386674695287
Random,10,2,1,0,85,-744.386674695287
Random,10,2,1,0,86,-744.386674695287
Random,10,2,1,0,87,-744.386674695287
Random,10,2,1,0,88,-744.386674695287
Random,10,2,1,0,89,-744.386674695287
Random,10,2,1,0,90,-744.386674695287
Random,10,2,1,0,91,-872.495448054011
Random,10,2,1,0,92,-872.495448054011
Random,10,2,1,0,93,-872.495448054011
Random,10,2,1,0,94,-872.495448054011
Random,10,2,1,0,95,-872.495448054011
Random,10,2,1,0,96,-872.495448054011
Random,10,2,1,0,97,-872.495448054011
Random,10,2,1,0,98,-872.495448054011
Random,10,2,1,0,99,-872.495448054011
Random,10,2,1,0,100,-872.495448054011
qLogEI,10,2,1,0,1,inf
qLogEI,10,2,1,0,2,inf
qLogEI,10,2,1,0,3,inf
qLogEI,10,2,1,0,4,inf
qLogEI,10,2,1,0,5,inf
qLogEI,10,2,1,0,6,inf
qLogEI,10,2,1,0,7,inf
qLogEI,10,2,1,0,8,inf
qLogEI,10,2,1,0,9,inf
qLogEI,10,2,1,0,10,inf
qLogEI,10,2,1,0,11,inf
qLogEI,10,2,1,0,12,inf
qLogEI,10,2,1,0,13,inf
qLogEI,10,2,1,0,14,inf
qLogEI,10,2,1,0,15,inf
qLogEI,10,2,1,0,16,-330.99581010627134
qLogEI,10,2,1,0,17,-330.99581010627134
qLogEI,10,2,1,0,18,-330.99581010627134
qLogEI,10,2,1,0,19,-330.99581010627134
qLogEI,10,2,1,0,20,-330.99581010627134
qLogEI,10,2,1,0,21,-330.99581010627134
qLogEI,10,2,1,0,22,-330.99581010627134
qLogEI,10,2,1,0,23,-330.99581010627134
qLogEI,10,2,1,0,24,-330.99581010627134
qLogEI,10,2,1,0,25,-330.99581010627134
qLogEI,10,2,1,0,26,-330.99581010627134
qLogEI,10,2,1,0,27,-330.99581010627134
qLogEI,10,2,1,0,28,-330.99581010627134
qLogEI,10,2,1,0,29,-1643.1989333243082
qLogEI,10,2,1,0,30,-1643.1989333243082
qLogEI,10,2,1,0,31,-1643.1989333243082
qLogEI,10,2,1,0,32,-1643.1989333243082
qLogEI,10,2,1,0,33,-1643.1989333243082
qLogEI,10,2,1,0,34,-1643.1989333243082
qLogEI,10,2,1,0,35,-1643.1989333243082
qLogEI,10,2,1,0,36,-1643.1989333243082
qLogEI,10,2,1,0,37,-1643.1989333243082
qLogEI,10,2,1,0,38,-1643.1989333243082
qLogEI,10,2,1,0,39,-1643.1989333243082
qLogEI,10,2,1,0,40,-1643.1989333243082
qLogEI,10,2,1,0,41,-1643.1989333243082
qLogEI,10,2,1,0,42,-1643.1989333243082
qLogEI,10,2,1,0,43,-1643.1989333243082
qLogEI,10,2,1,0,44,-1643.1989333243082
qLogEI,10,2,1,0,45,-1643.1989333243082
qLogEI,10,2,1,0,46,-1643.1989333243082
qLogEI,10,2,1,0,47,-1643.1989333243082
qLogEI,10,2,1,0,48,-1643.1989333243082
qLogEI,10,2,1,0,49,-1643.1989333243082
qLogEI,10,2,1,0,50,-1643.1989333243082
qLogEI,10,2,1,0,51,-1643.1989333243082
qLogEI,10,2,1,0,52,-1643.1989333243082
qLogEI,10,2,1,0,53,-1643.1989333243082
qLogEI,10,2,1,0,54,-1643.1989333243082
qLogEI,10,2,1,0,55,-1643.1989333243082
qLogEI,10,2,1,0,56,-1643.1989333243082
qLogEI,10,2,1,0,57,-1643.1989333243082
qLogEI,10,2,1,0,58,-1643.1989333243082
qLogEI,10,2,1,0,59,-1643.1989333243082
qLogEI,10,2,1,0,60,-1643.1989333243082
qLogEI,10,2,1,0,61,-1643.1989333243082
qLogEI,10,2,1,0,62,-1643.1989333243082
qLogEI,10,2,1,0,63,-1643.1989333243082
qLogEI,10,2,1,0,64,-1643.1989333243082
qLogEI,10,2,1,0,65,-1643.1989333243082
qLogEI,10,2,1,0,66,-1643.1989333243082
qLogEI,10,2,1,0,67,-1643.1989333243082
qLogEI,10,2,1,0,68,-1643.1989333243082
qLogEI,10,2,1,0,69,-1643.1989333243082
qLogEI,10,2,1,0,70,-1643.1989333243082
qLogEI,10,2,1,0,71,-1643.1989333243082
qLogEI,10,2,1,0,72,-1643.1989333243082
qLogEI,10,2,1,0,73,-1643.1989333243082
qLogEI,10,2,1,0,74,-1643.1989333243082
qLogEI,10,2,1,0,75,-1643.1989333243082
qLogEI,10,2,1,0,76,-1643.1989333243082
qLogEI,10,2,1,0,77,-1643.1989333243082
qLogEI,10,2,1,0,78,-1643.1989333243082
qLogEI,10,2,1,0,79,-1643.1989333243082
qLogEI,10,2,1,0,80,-1643.1989333243082
qLogEI,10,2,1,0,81,-1643.1989333243082
qLogEI,10,2,1,0,82,-1643.1989333243082
qLogEI,10,2,1,0,83,-1643.1989333243082
qLogEI,10,2,1,0,84,-1643.1989333243082
qLogEI,10,2,1,0,85,-1643.1989333243082
qLogEI,10,2,1,0,86,-1643.1989333243082
qLogEI,10,2,1,0,87,-1643.1989333243082
qLogEI,10,2,1,0,88,-1643.1989333243082
qLogEI,10,2,1,0,89,-1643.1989333243082
qLogEI,10,2,1,0,90,-1643.1989333243082
qLogEI,10,2,1,0,91,-1643.1989333243082
qLogEI,10,2,1,0,92,-1643.1989333243082
qLogEI,10,2,1,0,93,-1643.1989333243082
qLogEI,10,2,1,0,94,-1643.1989333243082
qLogEI,10,2,1,0,95,-1643.1989333243082
qLogEI,10,2,1,0,96,-1643.1989333243082
qLogEI,10,2,1,0,97,-1643.1989333243082
qLogEI,10,2,1,0,98,-1643.1989333243082
qLogEI,10,2,1,0,99,-1643.1989333243082
qLogEI,10,2,1,0,100,-1643.1989333243082
RL_Enhanced,10,2,1,0,1,inf
RL_Enhanced,10,2,1,0,2,inf
RL_Enhanced,10,2,1,0,3,inf
RL_Enhanced,10,2,1,0,4,inf
RL_Enhanced,10,2,1,0,5,inf
RL_Enhanced,10,2,1,0,6,inf
RL_Enhanced,10,2,1,0,7,inf
RL_Enhanced,10,2,1,0,8,inf
RL_Enhanced,10,2,1,0,9,inf
RL_Enhanced,10,2,1,0,10,inf
RL_Enhanced,10,2,1,0,11,inf
RL_Enhanced,10,2,1,0,12,inf
RL_Enhanced,10,2,1,0,13,inf
RL_Enhanced,10,2,1,0,14,inf
RL_Enhanced,10,2,1,0,15,inf
RL_Enhanced,10,2,1,0,16,-330.99581010627134
RL_Enhanced,10,2,1,0,17,-330.99581010627134
RL_Enhanced,10,2,1,0,18,-330.99581010627134
RL_Enhanced,10,2,1,0,19,-330.99581010627134
RL_Enhanced,10,2,1,0,20,-330.99581010627134
RL_Enhanced,10,2,1,0,21,-330.99581010627134
RL_Enhanced,10,2,1,0,22,-330.99581010627134
RL_Enhanced,10,2,1,0,23,-330.99581010627134
RL_Enhanced,10,2,1,0,24,-330.99581010627134
RL_Enhanced,10,2,1,0,25,-330.99581010627134
RL_Enhanced,10,2,1,0,26,-330.99581010627134
RL_Enhanced,10,2,1,0,27,-330.99581010627134
RL_Enhanced,10,2,1,0,28,-330.99581010627134
RL_Enhanced,10,2,1,0,29,-330.99581010627134
RL_Enhanced,10,2,1,0,30,-330.99581010627134
RL_Enhanced,10,2,1,0,31,-330.99581010627134
RL_Enhanced,10,2,1,0,32,-330.99581010627134
RL_Enhanced,10,2,1,0,33,-330.99581010627134
RL_Enhanced,10,2,1,0,34,-330.99581010627134
RL_Enhanced,10,2,1,0,35,-330.99581010627134
RL_Enhanced,10,2,1,0,36,-330.99581010627134
RL_Enhanced,10,2,1,0,37,-330.99581010627134
RL_Enhanced,10,2,1,0,38,-330.99581010627134
RL_Enhanced,10,2,1,0,39,-330.99581010627134
RL_Enhanced,10,2,1,0,40,-330.99581010627134
RL_Enhanced,10,2,1,0,41,-330.99581010627134
RL_Enhanced,10,2,1,0,42,-330.99581010627134
RL_Enhanced,10,2,1,0,43,-330.99581010627134
RL_Enhanced,10,2,1,0,44,-330.99581010627134
RL_Enhanced,10,2,1,0,45,-330.99581010627134
RL_Enhanced,10,2,1,0,46,-330.99581010627134
RL_Enhanced,10,2,1,0,47,-330.99581010627134
RL_Enhanced,10,2,1,0,48,-330.99581010627134
RL_Enhanced,10,2,1,0,49,-330.99581010627134
RL_Enhanced,10,2,1,0,50,-330.99581010627134
RL_Enhanced,10,2,1,0,51,-330.99581010627134
RL_Enhanced,10,2,1,0,52,-330.99581010627134
RL_Enhanced,10,2,1,0,53,-330.99581010627134
RL_Enhanced,10,2,1,0,54,-330.99581010627134
RL_Enhanced,10,2,1,0,55,-330.99581010627134
RL_Enhanced,10,2,1,0,56,-330.99581010627134
RL_Enhanced,10,2,1,0,57,-330.99581010627134
RL_Enhanced,10,2,1,0,58,-330.99581010627134
RL_Enhanced,10,2,1,0,59,-330.99581010627134
RL_Enhanced,10,2,1,0,60,-330.99581010627134
RL_Enhanced,10,2,1,0,61,-330.99581010627134
RL_Enhanced,10,2,1,0,62,-330.99581010627134
RL_Enhanced,10,2,1,0,63,-330.99581010627134
RL_Enhanced,10,2,1,0,64,-330.99581010627134
RL_Enhanced,10,2,1,0,65,-330.99581010627134
RL_Enhanced,10,2,1,0,66,-330.99581010627134
RL_Enhanced,10,2,1,0,67,-330.99581010627134
RL_Enhanced,10,2,1,0,68,-330.99581010627134
RL_Enhanced,10,2,1,0,69,-330.99581010627134
RL_Enhanced,10,2,1,0,70,-330.99581010627134
RL_Enhanced,10,2,1,0,71,-330.99581010627134
RL_Enhanced,10,2,1,0,72,-330.99581010627134
RL_Enhanced,10,2,1,0,73,-330.99581010627134
RL_Enhanced,10,2,1,0,74,-330.99581010627134
RL_Enhanced,10,2,1,0,75,-330.99581010627134
RL_Enhanced,10,2,1,0,76,-330.99581010627134
RL_Enhanced,10,2,1,0,77,-330.99581010627134
RL_Enhanced,10,2,1,0,78,-330.99581010627134
RL_Enhanced,10,2,1,0,79,-330.99581010627134
RL_Enhanced,10,2,1,0,80,-330.99581010627134
RL_Enhanced,10,2,1,0,81,-330.99581010627134
RL_Enhanced,10,2,1,0,82,-330.99581010627134
RL_Enhanced,10,2,1,0,83,-330.99581010627134
RL_Enhanced,10,2,1,0,84,-330.99581010627134
RL_Enhanced,10,2,1,0,85,-330.99581010627134
RL_Enhanced,10,2,1,0,86,-330.99581010627134
RL_Enhanced,10,2,1,0,87,-330.99581010627134
RL_Enhanced,10,2,1,0,88,-330.99581010627134
RL_Enhanced,10,2,1,0,89,-330.99581010627134
RL_Enhanced,10,2,1,0,90,-330.99581010627134
RL_Enhanced,10,2,1,0,91,-330.99581010627134
RL_Enhanced,10,2,1,0,92,-330.99581010627134
RL_Enhanced,10,2,1,0,93,-330.99581010627134
RL_Enhanced,10,2,1,0,94,-330.99581010627134
RL_Enhanced,10,2,1,0,95,-330.99581010627134
RL_Enhanced,10,2,1,0,96,-330.99581010627134
RL_Enhanced,10,2,1,0,97,-330.99581010627134
RL_Enhanced,10,2,1,0,98,-330.99581010627134
RL_Enhanced,10,2,1,0,99,-330.99581010627134
RL_Enhanced,10,2,1,0,100,-330.99581010627134
Random,10,2,1,1,1,inf
Random,10,2,1,1,2,inf
Random,10,2,1,1,3,inf
Random,10,2,1,1,4,inf
Random,10,2,1,1,5,inf
Random,10,2,1,1,6,inf
Random,10,2,1,1,7,inf
Random,10,2,1,1,8,inf
Random,10,2,1,1,9,inf
Random,10,2,1,1,10,inf
Random,10,2,1,1,11,inf
Random,10,2,1,1,12,inf
Random,10,2,1,1,13,inf
Random,10,2,1,1,14,inf
Random,10,2,1,1,15,inf
Random,10,2,1,1,16,inf
Random,10,2,1,1,17,inf
Random,10,2,1,1,18,inf
Random,10,2,1,1,19,inf
Random,10,2,1,1,20,inf
Random,10,2,1,1,21,inf
Random,10,2,1,1,22,inf
Random,10,2,1,1,23,-435.5779768192073
Random,10,2,1,1,24,-435.5779768192073
Random,10,2,1,1,25,-435.5779768192073
Random,10,2,1,1,26,-435.5779768192073
Random,10,2,1,1,27,-435.5779768192073
Random,10,2,1,1,28,-435.5779768192073
Random,10,2,1,1,29,-435.5779768192073
Random,10,2,1,1,30,-435.5779768192073
Random,10,2,1,1,31,-435.5779768192073
Random,10,2,1,1,32,-435.5779768192073
Random,10,2,1,1,33,-435.5779768192073
Random,10,2,1,1,34,-435.5779768192073
Random,10,2,1,1,35,-435.5779768192073
Random,10,2,1,1,36,-435.5779768192073
Random,10,2,1,1,37,-435.5779768192073
Random,10,2,1,1,38,-435.5779768192073
Random,10,2,1,1,39,-435.5779768192073
Random,10,2,1,1,40,-435.5779768192073
Random,10,2,1,1,41,-435.5779768192073
Random,10,2,1,1,42,-435.5779768192073
Random,10,2,1,1,43,-435.5779768192073
Random,10,2,1,1,44,-435.5779768192073
Random,10,2,1,1,45,-435.5779768192073
Random,10,2,1,1,46,-435.5779768192073
Random,10,2,1,1,47,-435.5779768192073
Random,10,2,1,1,48,-435.5779768192073
Random,10,2,1,1,49,-435.5779768192073
Random,10,2,1,1,50,-435.5779768192073
Random,10,2,1,1,51,-435.5779768192073
Random,10,2,1,1,52,-435.5779768192073
Random,10,2,1,1,53,-435.5779768192073
Random,10,2,1,1,54,-435.5779768192073
Random,10,2,1,1,55,-435.5779768192073
Random,10,2,1,1,56,-435.5779768192073
Random,10,2,1,1,57,-435.5779768192073
Random,10,2,1,1,58,-435.5779768192073
Random,10,2,1,1,59,-435.5779768192073
Random,10,2,1,1,60,-435.5779768192073
Random,10,2,1,1,61,-435.5779768192073
Random,10,2,1,1,62,-435.5779768192073
Random,10,2,1,1,63,-435.5779768192073
Random,10,2,1,1,64,-435.5779768192073
Random,10,2,1,1,65,-435.5779768192073
Random,10,2,1,1,66,-435.5779768192073
Random,10,2,1,1,67,-435.5779768192073
Random,10,2,1,1,68,-435.5779768192073
Random,10,2,1,1,69,-435.5779768192073
Random,10,2,1,1,70,-435.5779768192073
Random,10,2,1,1,71,-435.5779768192073
Random,10,2,1,1,72,-435.5779768192073
Random,10,2,1,1,73,-435.5779768192073
Random,10,2,1,1,74,-435.5779768192073
Random,10,2,1,1,75,-435.5779768192073
Random,10,2,1,1,76,-435.5779768192073
Random,10,2,1,1,77,-435.5779768192073
Random,10,2,1,1,78,-435.5779768192073
Random,10,2,1,1,79,-435.5779768192073
Random,10,2,1,1,80,-435.5779768192073
Random,10,2,1,1,81,-435.5779768192073
Random,10,2,1,1,82,-435.5779768192073
Random,10,2,1,1,83,-435.5779768192073
Random,10,2,1,1,84,-435.5779768192073
Random,10,2,1,1,85,-435.5779768192073
Random,10,2,1,1,86,-435.5779768192073
Random,10,2,1,1,87,-435.5779768192073
Random,10,2,1,1,88,-435.5779768192073
Random,10,2,1,1,89,-917.4980731074888
Random,10,2,1,1,90,-917.4980731074888
Random,10,2,1,1,91,-917.4980731074888
Random,10,2,1,1,92,-917.4980731074888
Random,10,2,1,1,93,-917.4980731074888
Random,10,2,1,1,94,-917.4980731074888
Random,10,2,1,1,95,-917.4980731074888
Random,10,2,1,1,96,-917.4980731074888
Random,10,2,1,1,97,-917.4980731074888
Random,10,2,1,1,98,-917.4980731074888
Random,10,2,1,1,99,-917.4980731074888
Random,10,2,1,1,100,-917.4980731074888
qLogEI,10,2,1,1,1,inf
qLogEI,10,2,1,1,2,inf
qLogEI,10,2,1,1,3,inf
qLogEI,10,2,1,1,4,inf
qLogEI,10,2,1,1,5,inf
qLogEI,10,2,1,1,6,inf
qLogEI,10,2,1,1,7,inf
qLogEI,10,2,1,1,8,inf
qLogEI,10,2,1,1,9,inf
qLogEI,10,2,1,1,10,inf
qLogEI,10,2,1,1,11,inf
qLogEI,10,2,1,1,12,inf
qLogEI,10,2,1,1,13,inf
qLogEI,10,2,1,1,14,inf
qLogEI,10,2,1,1,15,inf
qLogEI,10,2,1,1,16,inf
qLogEI,10,2,1,1,17,inf
qLogEI,10,2,1,1,18,inf
qLogEI,10,2,1,1,19,inf
qLogEI,10,2,1,1,20,inf
qLogEI,10,2,1,1,21,inf
qLogEI,10,2,1,1,22,inf
qLogEI,10,2,1,1,23,inf
qLogEI,10,2,1,1,24,inf
qLogEI,10,2,1,1,25,inf
qLogEI,10,2,1,1,26,inf
qLogEI,10,2,1,1,27,inf
qLogEI,10,2,1,1,28,inf
qLogEI,10,2,1,1,29,inf
qLogEI,10,2,1,1,30,inf
qLogEI,10,2,1,1,31,inf
qLogEI,10,2,1,1,32,inf
qLogEI,10,2,1,1,33,inf
qLogEI,10,2,1,1,34,459.0735155246051
qLogEI,10,2,1,1,35,459.0735155246051
qLogEI,10,2,1,1,36,459.0735155246051
qLogEI,10,2,1,1,37,459.0735155246051
qLogEI,10,2,1,1,38,459.0735155246051
qLogEI,10,2,1,1,39,459.0735155246051
qLogEI,10,2,1,1,40,459.0735155246051
qLogEI,10,2,1,1,41,459.0735155246051
qLogEI,10,2,1,1,42,459.0735155246051
qLogEI,10,2,1,1,43,459.0735155246051
qLogEI,10,2,1,1,44,459.0735155246051
qLogEI,10,2,1,1,45,459.0735155246051
qLogEI,10,2,1,1,46,459.0735155246051
qLogEI,10,2,1,1,47,459.0735155246051
qLogEI,10,2,1,1,48,459.0735155246051
qLogEI,10,2,1,1,49,459.0735155246051
qLogEI,10,2,1,1,50,-1610.365634673169
qLogEI,10,2,1,1,51,-1610.365634673169
qLogEI,10,2,1,1,52,-1610.365634673169
qLogEI,10,2,1,1,53,-1610.365634673169
qLogEI,10,2,1,1,54,-1610.365634673169
qLogEI,10,2,1,1,55,-1610.365634673169
qLogEI,10,2,1,1,56,-1610.365634673169
qLogEI,10,2,1,1,57,-1610.365634673169
qLogEI,10,2,1,1,58,-1610.365634673169
qLogEI,10,2,1,1,59,-1610.365634673169
qLogEI,10,2,1,1,60,-1610.365634673169
qLogEI,10,2,1,1,61,-1610.365634673169
qLogEI,10,2,1,1,62,-1610.365634673169
qLogEI,10,2,1,1,63,-1610.365634673169
qLogEI,10,2,1,1,64,-1610.365634673169
qLogEI,10,2,1,1,65,-1610.365634673169
qLogEI,10,2,1,1,66,-1610.365634673169
qLogEI,10,2,1,1,67,-1610.365634673169
qLogEI,10,2,1,1,68,-1610.365634673169
qLogEI,10,2,1,1,69,-1610.365634673169
qLogEI,10,2,1,1,70,-1610.365634673169
qLogEI,10,2,1,1,71,-1610.365634673169
qLogEI,10,2,1,1,72,-1610.365634673169
qLogEI,10,2,1,1,73,-1610.365634673169
qLogEI,10,2,1,1,74,-1610.365634673169
qLogEI,10,2,1,1,75,-1610.365634673169
qLogEI,10,2,1,1,76,-1610.365634673169
qLogEI,10,2,1,1,77,-1610.365634673169
qLogEI,10,2,1,1,78,-1610.365634673169
qLogEI,10,2,1,1,79,-1610.365634673169
qLogEI,10,2,1,1,80,-1610.365634673169
qLogEI,10,2,1,1,81,-1610.365634673169
qLogEI,10,2,1,1,82,-1610.365634673169
qLogEI,10,2,1,1,83,-1610.365634673169
qLogEI,10,2,1,1,84,-1610.365634673169
qLogEI,10,2,1,1,85,-1610.365634673169
qLogEI,10,2,1,1,86,-1610.365634673169
qLogEI,10,2,1,1,87,-1610.365634673169
qLogEI,10,2,1,1,88,-1610.365634673169
qLogEI,10,2,1,1,89,-1610.365634673169
qLogEI,10,2,1,1,90,-1610.365634673169
qLogEI,10,2,1,1,91,-1610.365634673169
qLogEI,10,2,1,1,92,-1610.365634673169
qLogEI,10,2,1,1,93,-1610.365634673169
qLogEI,10,2,1,1,94,-1610.365634673169
qLogEI,10,2,1,1,95,-1610.365634673169
qLogEI,10,2,1,1,96,-1610.365634673169
qLogEI,10,2,1,1,97,-1610.365634673169
qLogEI,10,2,1,1,98,-1610.365634673169
qLogEI,10,2,1,1,99,-1610.365634673169
qLogEI,10,2,1,1,100,-1610.365634673169
RL_Enhanced,10,2,1,1,1,inf
RL_Enhanced,10,2,1,1,2,inf
RL_Enhanced,10,2,1,1,3,inf
RL_Enhanced,10,2,1,1,4,inf
RL_Enhanced,10,2,1,1,5,inf
RL_Enhanced,10,2,1,1,6,inf
RL_Enhanced,10,2,1,1,7,inf
RL_Enhanced,10,2,1,1,8,inf
RL_Enhanced,10,2,1,1,9,inf
RL_Enhanced,10,2,1,1,10,inf
RL_Enhanced,10,2,1,1,11,inf
RL_Enhanced,10,2,1,1,12,inf
RL_Enhanced,10,2,1,1,13,inf
RL_Enhanced,10,2,1,1,14,inf
RL_Enhanced,10,2,1,1,15,inf
RL_Enhanced,10,2,1,1,16,inf
RL_Enhanced,10,2,1,1,17,inf
RL_Enhanced,10,2,1,1,18,inf
RL_Enhanced,10,2,1,1,19,inf
RL_Enhanced,10,2,1,1,20,inf
RL_Enhanced,10,2,1,1,21,67.95115825440689
RL_Enhanced,10,2,1,1,22,67.95115825440689
RL_Enhanced,10,2,1,1,23,67.95115825440689
RL_Enhanced,10,2,1,1,24,57.21128720358678
RL_Enhanced,10,2,1,1,25,57.21128720358678
RL_Enhanced,10,2,1,1,26,57.21128720358678
RL_Enhanced,10,2,1,1,27,57.21128720358678
RL_Enhanced,10,2,1,1,28,45.1564938786251
RL_Enhanced,10,2,1,1,29,45.1564938786251
RL_Enhanced,10,2,1,1,30,44.33526507195353
RL_Enhanced,10,2,1,1,31,38.8358177615936
RL_Enhanced,10,2,1,1,32,38.8358177615936
RL_Enhanced,10,2,1,1,33,38.8358177615936
RL_Enhanced,10,2,1,1,34,38.8358177615936
RL_Enhanced,10,2,1,1,35,38.8358177615936
RL_Enhanced,10,2,1,1,36,33.59554551202592
RL_Enhanced,10,2,1,1,37,33.59554551202592
RL_Enhanced,10,2,1,1,38,33.59554551202592
RL_Enhanced,10,2,1,1,39,33.59554551202592
RL_Enhanced,10,2,1,1,40,33.59554551202592
RL_Enhanced,10,2,1,1,41,33.59554551202592
RL_Enhanced,10,2,1,1,42,30.55926385243282
RL_Enhanced,10,2,1,1,43,14.726783611285441
RL_Enhanced,10,2,1,1,44,14.726700768277965
RL_Enhanced,10,2,1,1,45,14.726700768277965
RL_Enhanced,10,2,1,1,46,14.726700768277965
RL_Enhanced,10,2,1,1,47,14.726700768277965
RL_Enhanced,10,2,1,1,48,14.726700768277965
RL_Enhanced,10,2,1,1,49,14.726700768277965
RL_Enhanced,10,2,1,1,50,14.726700768277965
RL_Enhanced,10,2,1,1,51,14.726700768277965
RL_Enhanced,10,2,1,1,52,14.726700768277965
RL_Enhanced,10,2,1,1,53,14.726700768277965
RL_Enhanced,10,2,1,1,54,14.726700768277965
RL_Enhanced,10,2,1,1,55,14.726700768277965
RL_Enhanced,10,2,1,1,56,14.726700768277965
RL_Enhanced,10,2,1,1,57,14.726700768277965
RL_Enhanced,10,2,1,1,58,14.726700768277965
RL_Enhanced,10,2,1,1,59,14.726700768277965
RL_Enhanced,10,2,1,1,60,14.726700768277965
RL_Enhanced,10,2,1,1,61,14.726700768277965
RL_Enhanced,10,2,1,1,62,14.726700768277965
RL_Enhanced,10,2,1,1,63,14.726700768277965
RL_Enhanced,10,2,1,1,64,14.726700768277965
RL_Enhanced,10,2,1,1,65,14.726700768277965
RL_Enhanced,10,2,1,1,66,14.726700768277965
RL_Enhanced,10,2,1,1,67,14.726700768277965
RL_Enhanced,10,2,1,1,68,14.726700768277965
RL_Enhanced,10,2,1,1,69,14.726700768277965
RL_Enhanced,10,2,1,1,70,14.726700768277965
RL_Enhanced,10,2,1,1,71,14.726700768277965
RL_Enhanced,10,2,1,1,72,14.726700768277965
RL_Enhanced,10,2,1,1,73,14.726700768277965
RL_Enhanced,10,2,1,1,74,14.726700768277965
RL_Enhanced,10,2,1,1,75,14.726700768277965
RL_Enhanced,10,2,1,1,76,14.726700768277965
RL_Enhanced,10,2,1,1,77,14.726700768277965
RL_Enhanced,10,2,1,1,78,14.726700768277965
RL_Enhanced,10,2,1,1,79,14.726700768277965
RL_Enhanced,10,2,1,1,80,14.726700768277965
RL_Enhanced,10,2,1,1,81,14.726700768277965
RL_Enhanced,10,2,1,1,82,14.726700768277965
RL_Enhanced,10,2,1,1,83,14.726700768277965
RL_Enhanced,10,2,1,1,84,14.726700768277965
RL_Enhanced,10,2,1,1,85,14.726700768277965
RL_Enhanced,10,2,1,1,86,14.726700768277965
RL_Enhanced,10,2,1,1,87,14.726700768277965
RL_Enhanced,10,2,1,1,88,14.726700768277965
RL_Enhanced,10,2,1,1,89,14.726700768277965
RL_Enhanced,10,2,1,1,90,14.726700768277965
RL_Enhanced,10,2,1,1,91,6.794876750724086
RL_Enhanced,10,2,1,1,92,6.794876750724086
RL_Enhanced,10,2,1,1,93,6.794876750724086
RL_Enhanced,10,2,1,1,94,6.794876750724086
RL_Enhanced,10,2,1,1,95,6.794876750724086
RL_Enhanced,10,2,1,1,96,3.3768751008744857
RL_Enhanced,10,2,1,1,97,-27.349890886266905
RL_Enhanced,10,2,1,1,98,-63.894729067501714
RL_Enhanced,10,2,1,1,99,-63.894729067501714
RL_Enhanced,10,2,1,1,100,-63.894729067501714
Random,10,2,1,2,1,inf
Random,10,2,1,2,2,inf
Random,10,2,1,2,3,inf
Random,10,2,1,2,4,inf
Random,10,2,1,2,5,inf
Random,10,2,1,2,6,inf
Random,10,2,1,2,7,inf
Random,10,2,1,2,8,-990.7343163328561
Random,10,2,1,2,9,-990.7343163328561
Random,10,2,1,2,10,-990.7343163328561
Random,10,2,1,2,11,-990.7343163328561
Random,10,2,1,2,12,-990.7343163328561
Random,10,2,1,2,13,-990.7343163328561
Random,10,2,1,2,14,-990.7343163328561
Random,10,2,1,2,15,-990.7343163328561
Random,10,2,1,2,16,-990.7343163328561
Random,10,2,1,2,17,-990.7343163328561
Random,10,2,1,2,18,-990.7343163328561
Random,10,2,1,2,19,-990.7343163328561
Random,10,2,1,2,20,-990.7343163328561
Random,10,2,1,2,21,-990.7343163328561
Random,10,2,1,2,22,-990.7343163328561
Random,10,2,1,2,23,-990.7343163328561
Random,10,2,1,2,24,-990.7343163328561
Random,10,2,1,2,25,-990.7343163328561
Random,10,2,1,2,26,-990.7343163328561
Random,10,2,1,2,27,-990.7343163328561
Random,10,2,1,2,28,-1317.7090610685175
Random,10,2,1,2,29,-1317.7090610685175
Random,10,2,1,2,30,-1317.7090610685175
Random,10,2,1,2,31,-1317.7090610685175
Random,10,2,1,2,32,-1317.7090610685175
Random,10,2,1,2,33,-1317.7090610685175
Random,10,2,1,2,34,-1317.7090610685175
Random,10,2,1,2,35,-1317.7090610685175
Random,10,2,1,2,36,-1317.7090610685175
Random,10,2,1,2,37,-1317.7090610685175
Random,10,2,1,2,38,-1317.7090610685175
Random,10,2,1,2,39,-1317.7090610685175
Random,10,2,1,2,40,-1317.7090610685175
Random,10,2,1,2,41,-1317.7090610685175
Random,10,2,1,2,42,-1317.7090610685175
Random,10,2,1,2,43,-1317.7090610685175
Random,10,2,1,2,44,-1317.7090610685175
Random,10,2,1,2,45,-1317.7090610685175
Random,10,2,1,2,46,-1317.7090610685175
Random,10,2,1,2,47,-1317.7090610685175
Random,10,2,1,2,48,-1317.7090610685175
Random,10,2,1,2,49,-1317.7090610685175
Random,10,2,1,2,50,-1317.7090610685175
Random,10,2,1,2,51,-1317.7090610685175
Random,10,2,1,2,52,-1317.7090610685175
Random,10,2,1,2,53,-1317.7090610685175
Random,10,2,1,2,54,-1317.7090610685175
Random,10,2,1,2,55,-1317.7090610685175
Random,10,2,1,2,56,-1317.7090610685175
Random,10,2,1,2,57,-1317.7090610685175
Random,10,2,1,2,58,-1317.7090610685175
Random,10,2,1,2,59,-1317.7090610685175
Random,10,2,1,2,60,-1317.7090610685175
Random,10,2,1,2,61,-1317.7090610685175
Random,10,2,1,2,62,-1317.7090610685175
Random,10,2,1,2,63,-1317.7090610685175
Random,10,2,1,2,64,-1317.7090610685175
Random,10,2,1,2,65,-1317.7090610685175
Random,10,2,1,2,66,-1317.7090610685175
Random,10,2,1,2,67,-1317.7090610685175
Random,10,2,1,2,68,-1317.7090610685175
Random,10,2,1,2,69,-1317.7090610685175
Random,10,2,1,2,70,-1317.7090610685175
Random,10,2,1,2,71,-1317.7090610685175
Random,10,2,1,2,72,-1317.7090610685175
Random,10,2,1,2,73,-1317.7090610685175
Random,10,2,1,2,74,-1317.7090610685175
Random,10,2,1,2,75,-1317.7090610685175
Random,10,2,1,2,76,-1317.7090610685175
Random,10,2,1,2,77,-1317.7090610685175
Random,10,2,1,2,78,-1317.7090610685175
Random,10,2,1,2,79,-1317.7090610685175
Random,10,2,1,2,80,-1317.7090610685175
Random,10,2,1,2,81,-1317.7090610685175
Random,10,2,1,2,82,-1317.7090610685175
Random,10,2,1,2,83,-1317.7090610685175
Random,10,2,1,2,84,-1317.7090610685175
Random,10,2,1,2,85,-1317.7090610685175
Random,10,2,1,2,86,-1317.7090610685175
Random,10,2,1,2,87,-1317.7090610685175
Random,10,2,1,2,88,-1317.7090610685175
Random,10,2,1,2,89,-1317.7090610685175
Random,10,2,1,2,90,-1317.7090610685175
Random,10,2,1,2,91,-1317.7090610685175
Random,10,2,1,2,92,-1317.7090610685175
Random,10,2,1,2,93,-1317.7090610685175
Random,10,2,1,2,94,-1317.7090610685175
Random,10,2,1,2,95,-1317.7090610685175
Random,10,2,1,2,96,-1317.7090610685175
Random,10,2,1,2,97,-1317.7090610685175
Random,10,2,1,2,98,-1317.7090610685175
Random,10,2,1,2,99,-1317.7090610685175
Random,10,2,1,2,100,-1317.7090610685175
qLogEI,10,2,1,2,1,inf
qLogEI,10,2,1,2,2,inf
qLogEI,10,2,1,2,3,inf
qLogEI,10,2,1,2,4,inf
qLogEI,10,2,1,2,5,inf
qLogEI,10,2,1,2,6,inf
qLogEI,10,2,1,2,7,inf
qLogEI,10,2,1,2,8,-990.7343163328561
qLogEI,10,2,1,2,9,-990.7343163328561
qLogEI,10,2,1,2,10,-990.7343163328561
qLogEI,10,2,1,2,11,-990.7343163328561
qLogEI,10,2,1,2,12,-990.7343163328561
qLogEI,10,2,1,2,13,-990.7343163328561
qLogEI,10,2,1,2,14,-990.7343163328561
qLogEI,10,2,1,2,15,-990.7343163328561
qLogEI,10,2,1,2,16,-990.7343163328561
qLogEI,10,2,1,2,17,-990.7343163328561
qLogEI,10,2,1,2,18,-990.7343163328561
qLogEI,10,2,1,2,19,-990.7343163328561
qLogEI,10,2,1,2,20,-990.7343163328561
qLogEI,10,2,1,2,21,-990.7343163328561
qLogEI,10,2,1,2,22,-990.7343163328561
qLogEI,10,2,1,2,23,-990.7343163328561
qLogEI,10,2,1,2,24,-990.7343163328561
qLogEI,10,2,1,2,25,-990.7343163328561
qLogEI,10,2,1,2,26,-990.7343163328561
qLogEI,10,2,1,2,27,-990.7343163328561
qLogEI,10,2,1,2,28,-990.7343163328561
qLogEI,10,2,1,2,29,-990.7343163328561
qLogEI,10,2,1,2,30,-990.7343163328561
qLogEI,10,2,1,2,31,-990.7343163328561
qLogEI,10,2,1,2,32,-990.7343163328561
qLogEI,10,2,1,2,33,-990.7343163328561
qLogEI,10,2,1,2,34,-990.7343163328561
qLogEI,10,2,1,2,35,-1705.9264319024242
qLogEI,10,2,1,2,36,-1705.9264319024242
qLogEI,10,2,1,2,37,-1705.9264319024242
qLogEI,10,2,1,2,38,-1705.9264319024242
qLogEI,10,2,1,2,39,-1705.9264319024242
qLogEI,10,2,1,2,40,-1705.9264319024242
qLogEI,10,2,1,2,41,-1705.9264319024242
qLogEI,10,2,1,2,42,-1705.9264319024242
qLogEI,10,2,1,2,43,-1705.9264319024242
qLogEI,10,2,1,2,44,-1705.9264319024242
qLogEI,10,2,1,2,45,-1705.9264319024242
qLogEI,10,2,1,2,46,-1705.9264319024242
qLogEI,10,2,1,2,47,-1705.9264319024242
qLogEI,10,2,1,2,48,-1705.9264319024242
qLogEI,10,2,1,2,49,-1705.9264319024242
qLogEI,10,2,1,2,50,-1705.9264319024242
qLogEI,10,2,1,2,51,-1705.9264319024242
qLogEI,10,2,1,2,52,-1705.9264319024242
qLogEI,10,2,1,2,53,-1705.9264319024242
qLogEI,10,2,1,2,54,-1705.9264319024242
qLogEI,10,2,1,2,55,-1705.9264319024242
qLogEI,10,2,1,2,56,-1705.9264319024242
qLogEI,10,2,1,2,57,-1705.9264319024242
qLogEI,10,2,1,2,58,-1705.9264319024242
qLogEI,10,2,1,2,59,-1705.9264319024242
qLogEI,10,2,1,2,60,-1705.9264319024242
qLogEI,10,2,1,2,61,-1705.9264319024242
qLogEI,10,2,1,2,62,-1705.9264319024242
qLogEI,10,2,1,2,63,-1705.9264319024242
qLogEI,10,2,1,2,64,-1705.9264319024242
qLogEI,10,2,1,2,65,-1705.9264319024242
qLogEI,10,2,1,2,66,-1705.9264319024242
qLogEI,10,2,1,2,67,-1705.9264319024242
qLogEI,10,2,1,2,68,-1705.9264319024242
qLogEI,10,2,1,2,69,-1705.9264319024242
qLogEI,10,2,1,2,70,-1705.9264319024242
qLogEI,10,2,1,2,71,-1705.9264319024242
qLogEI,10,2,1,2,72,-1705.9264319024242
qLogEI,10,2,1,2,73,-1705.9264319024242
qLogEI,10,2,1,2,74,-1705.9264319024242
qLogEI,10,2,1,2,75,-1705.9264319024242
qLogEI,10,2,1,2,76,-1705.9264319024242
qLogEI,10,2,1,2,77,-1705.9264319024242
qLogEI,10,2,1,2,78,-1705.9264319024242
qLogEI,10,2,1,2,79,-1705.9264319024242
qLogEI,10,2,1,2,80,-1705.9264319024242
qLogEI,10,2,1,2,81,-1705.9264319024242
qLogEI,10,2,1,2,82,-1705.9264319024242
qLogEI,10,2,1,2,83,-1705.9264319024242
qLogEI,10,2,1,2,84,-1705.9264319024242
qLogEI,10,2,1,2,85,-1705.9264319024242
qLogEI,10,2,1,2,86,-1705.9264319024242
qLogEI,10,2,1,2,87,-1705.9264319024242
qLogEI,10,2,1,2,88,-1705.9264319024242
qLogEI,10,2,1,2,89,-1705.9264319024242
qLogEI,10,2,1,2,90,-1705.9264319024242
qLogEI,10,2,1,2,91,-1705.9264319024242
qLogEI,10,2,1,2,92,-1705.9264319024242
qLogEI,10,2,1,2,93,-1705.9264319024242
qLogEI,10,2,1,2,94,-1705.9264319024242
qLogEI,10,2,1,2,95,-1705.9264319024242
qLogEI,10,2,1,2,96,-1705.9264319024242
qLogEI,10,2,1,2,97,-1705.9264319024242
qLogEI,10,2,1,2,98,-1705.9264319024242
qLogEI,10,2,1,2,99,-1705.9264319024242
qLogEI,10,2,1,2,100,-1705.9264319024242
RL_Enhanced,10,2,1,2,1,inf
RL_Enhanced,10,2,1,2,2,inf
RL_Enhanced,10,2,1,2,3,inf
RL_Enhanced,10,2,1,2,4,inf
RL_Enhanced,10,2,1,2,5,inf
RL_Enhanced,10,2,1,2,6,inf
RL_Enhanced,10,2,1,2,7,inf
RL_Enhanced,10,2,1,2,8,-990.7343163328561
RL_Enhanced,10,2,1,2,9,-990.7343163328561
RL_Enhanced,10,2,1,2,10,-990.7343163328561
RL_Enhanced,10,2,1,2,11,-990.7343163328561
RL_Enhanced,10,2,1,2,12,-990.7343163328561
RL_Enhanced,10,2,1,2,13,-990.7343163328561
RL_Enhanced,10,2,1,2,14,-990.7343163328561
RL_Enhanced,10,2,1,2,15,-990.7343163328561
RL_Enhanced,10,2,1,2,16,-990.7343163328561
RL_Enhanced,10,2,1,2,17,-990.7343163328561
RL_Enhanced,10,2,1,2,18,-990.7343163328561
RL_Enhanced,10,2,1,2,19,-990.7343163328561
RL_Enhanced,10,2,1,2,20,-990.7343163328561
RL_Enhanced,10,2,1,2,21,-990.7343163328561
RL_Enhanced,10,2,1,2,22,-990.7343163328561
RL_Enhanced,10,2,1,2,23,-990.7343163328561
RL_Enhanced,10,2,1,2,24,-990.7343163328561
RL_Enhanced,10,2,1,2,25,-990.7343163328561
RL_Enhanced,10,2,1,2,26,-990.7343163328561
RL_Enhanced,10,2,1,2,27,-990.7343163328561
RL_Enhanced,10,2,1,2,28,-990.7343163328561
RL_Enhanced,10,2,1,2,29,-990.7343163328561
RL_Enhanced,10,2,1,2,30,-990.7343163328561
RL_Enhanced,10,2,1,2,31,-990.7343163328561
RL_Enhanced,10,2,1,2,32,-990.7343163328561
RL_Enhanced,10,2,1,2,33,-990.7343163328561
RL_Enhanced,10,2,1,2,34,-990.7343163328561
RL_Enhanced,10,2,1,2,35,-990.7343163328561
RL_Enhanced,10,2,1,2,36,-990.7343163328561
RL_Enhanced,10,2,1,2,37,-990.7343163328561
RL_Enhanced,10,2,1,2,38,-990.7343163328561
RL_Enhanced,10,2,1,2,39,-990.7343163328561
RL_Enhanced,10,2,1,2,40,-990.7343163328561
RL_Enhanced,10,2,1,2,41,-990.7343163328561
RL_Enhanced,10,2,1,2,42,-990.7343163328561
RL_Enhanced,10,2,1,2,43,-990.7343163328561
RL_Enhanced,10,2,1,2,44,-990.7343163328561
RL_Enhanced,10,2,1,2,45,-990.7343163328561
RL_Enhanced,10,2,1,2,46,-990.7343163328561
RL_Enhanced,10,2,1,2,47,-990.7343163328561
RL_Enhanced,10,2,1,2,48,-990.7343163328561
RL_Enhanced,10,2,1,2,49,-990.7343163328561
RL_Enhanced,10,2,1,2,50,-990.7343163328561
RL_Enhanced,10,2,1,2,51,-990.7343163328561
RL_Enhanced,10,2,1,2,52,-990.7343163328561
RL_Enhanced,10,2,1,2,53,-990.7343163328561
RL_Enhanced,10,2,1,2,54,-990.7343163328561
RL_Enhanced,10,2,1,2,55,-990.7343163328561
RL_Enhanced,10,2,1,2,56,-990.7343163328561
RL_Enhanced,10,2,1,2,57,-990.7343163328561
RL_Enhanced,10,2,1,2,58,-990.7343163328561
RL_Enhanced,10,2,1,2,59,-990.7343163328561
RL_Enhanced,10,2,1,2,60,-990.7343163328561
RL_Enhanced,10,2,1,2,61,-990.7343163328561
RL_Enhanced,10,2,1,2,62,-990.7343163328561
RL_Enhanced,10,2,1,2,63,-990.7343163328561
RL_Enhanced,10,2,1,2,64,-990.7343163328561
RL_Enhanced,10,2,1,2,65,-990.7343163328561
RL_Enhanced,10,2,1,2,66,-990.7343163328561
RL_Enhanced,10,2,1,2,67,-990.7343163328561
RL_Enhanced,10,2,1,2,68,-990.7343163328561
RL_Enhanced,10,2,1,2,69,-990.7343163328561
RL_Enhanced,10,2,1,2,70,-990.7343163328561
RL_Enhanced,10,2,1,2,71,-990.7343163328561
RL_Enhanced,10,2,1,2,72,-990.7343163328561
RL_Enhanced,10,2,1,2,73,-990.7343163328561
RL_Enhanced,10,2,1,2,74,-990.7343163328561
RL_Enhanced,10,2,1,2,75,-990.7343163328561
RL_Enhanced,10,2,1,2,76,-990.7343163328561
RL_Enhanced,10,2,1,2,77,-990.7343163328561
RL_Enhanced,10,2,1,2,78,-990.7343163328561
RL_Enhanced,10,2,1,2,79,-990.7343163328561
RL_Enhanced,10,2,1,2,80,-990.7343163328561
RL_Enhanced,10,2,1,2,81,-990.7343163328561
RL_Enhanced,10,2,1,2,82,-990.7343163328561
RL_Enhanced,10,2,1,2,83,-990.7343163328561
RL_Enhanced,10,2,1,2,84,-990.7343163328561
RL_Enhanced,10,2,1,2,85,-990.7343163328561
RL_Enhanced,10,2,1,2,86,-990.7343163328561
RL_Enhanced,10,2,1,2,87,-990.7343163328561
RL_Enhanced,10,2,1,2,88,-990.7343163328561
RL_Enhanced,10,2,1,2,89,-990.7343163328561
RL_Enhanced,10,2,1,2,90,-990.7343163328561
RL_Enhanced,10,2,1,2,91,-990.7343163328561
RL_Enhanced,10,2,1,2,92,-990.7343163328561
RL_Enhanced,10,2,1,2,93,-990.7343163328561
RL_Enhanced,10,2,1,2,94,-990.7343163328561
RL_Enhanced,10,2,1,2,95,-990.7343163328561
RL_Enhanced,10,2,1,2,96,-990.7343163328561
RL_Enhanced,10,2,1,2,97,-990.7343163328561
RL_Enhanced,10,2,1,2,98,-990.7343163328561
RL_Enhanced,10,2,1,2,99,-990.7343163328561
RL_Enhanced,10,2,1,2,100,-990.7343163328561
Random,10,2,1,3,1,inf
Random,10,2,1,3,2,inf
Random,10,2,1,3,3,inf
Random,10,2,1,3,4,inf
Random,10,2,1,3,5,inf
Random,10,2,1,3,6,-465.66309781992743
Random,10,2,1,3,7,-465.66309781992743
Random,10,2,1,3,8,-465.66309781992743
Random,10,2,1,3,9,-465.66309781992743
Random,10,2,1,3,10,-465.66309781992743
Random,10,2,1,3,11,-465.66309781992743
Random,10,2,1,3,12,-465.66309781992743
Random,10,2,1,3,13,-465.66309781992743
Random,10,2,1,3,14,-465.66309781992743
Random,10,2,1,3,15,-465.66309781992743
Random,10,2,1,3,16,-465.66309781992743
Random,10,2,1,3,17,-465.66309781992743
Random,10,2,1,3,18,-465.66309781992743
Random,10,2,1,3,19,-465.66309781992743
Random,10,2,1,3,20,-465.66309781992743
Random,10,2,1,3,21,-465.66309781992743
Random,10,2,1,3,22,-465.66309781992743
Random,10,2,1,3,23,-465.66309781992743
Random,10,2,1,3,24,-465.66309781992743
Random,10,2,1,3,25,-465.66309781992743
Random,10,2,1,3,26,-465.66309781992743
Random,10,2,1,3,27,-465.66309781992743
Random,10,2,1,3,28,-465.66309781992743
Random,10,2,1,3,29,-465.66309781992743
Random,10,2,1,3,30,-465.66309781992743
Random,10,2,1,3,31,-465.66309781992743
Random,10,2,1,3,32,-465.66309781992743
Random,10,2,1,3,33,-465.66309781992743
Random,10,2,1,3,34,-465.66309781992743
Random,10,2,1,3,35,-465.66309781992743
Random,10,2,1,3,36,-465.66309781992743
Random,10,2,1,3,37,-465.66309781992743
Random,10,2,1,3,38,-465.66309781992743
Random,10,2,1,3,39,-465.66309781992743
Random,10,2,1,3,40,-465.66309781992743
Random,10,2,1,3,41,-465.66309781992743
Random,10,2,1,3,42,-465.66309781992743
Random,10,2,1,3,43,-465.66309781992743
Random,10,2,1,3,44,-465.66309781992743
Random,10,2,1,3,45,-465.66309781992743
Random,10,2,1,3,46,-465.66309781992743
Random,10,2,1,3,47,-465.66309781992743
Random,10,2,1,3,48,-465.66309781992743
Random,10,2,1,3,49,-465.66309781992743
Random,10,2,1,3,50,-465.66309781992743
Random,10,2,1,3,51,-465.66309781992743
Random,10,2,1,3,52,-465.66309781992743
Random,10,2,1,3,53,-465.66309781992743
Random,10,2,1,3,54,-465.66309781992743
Random,10,2,1,3,55,-465.66309781992743
Random,10,2,1,3,56,-465.66309781992743
Random,10,2,1,3,57,-465.66309781992743
Random,10,2,1,3,58,-465.66309781992743
Random,10,2,1,3,59,-465.66309781992743
Random,10,2,1,3,60,-465.66309781992743
Random,10,2,1,3,61,-465.66309781992743
Random,10,2,1,3,62,-465.66309781992743
Random,10,2,1,3,63,-465.66309781992743
Random,10,2,1,3,64,-465.66309781992743
Random,10,2,1,3,65,-465.66309781992743
Random,10,2,1,3,66,-465.66309781992743
Random,10,2,1,3,67,-465.66309781992743
Random,10,2,1,3,68,-465.66309781992743
Random,10,2,1,3,69,-465.66309781992743
Random,10,2,1,3,70,-465.66309781992743
Random,10,2,1,3,71,-465.66309781992743
Random,10,2,1,3,72,-465.66309781992743
Random,10,2,1,3,73,-465.66309781992743
Random,10,2,1,3,74,-465.66309781992743
Random,10,2,1,3,75,-465.66309781992743
Random,10,2,1,3,76,-465.66309781992743
Random,10,2,1,3,77,-465.66309781992743
Random,10,2,1,3,78,-465.66309781992743
Random,10,2,1,3,79,-465.66309781992743
Random,10,2,1,3,80,-465.66309781992743
Random,10,2,1,3,81,-465.66309781992743
Random,10,2,1,3,82,-465.66309781992743
Random,10,2,1,3,83,-465.66309781992743
Random,10,2,1,3,84,-465.66309781992743
Random,10,2,1,3,85,-465.66309781992743
Random,10,2,1,3,86,-465.66309781992743
Random,10,2,1,3,87,-465.66309781992743
Random,10,2,1,3,88,-465.66309781992743
Random,10,2,1,3,89,-465.66309781992743
Random,10,2,1,3,90,-465.66309781992743
Random,10,2,1,3,91,-465.66309781992743
Random,10,2,1,3,92,-465.66309781992743
Random,10,2,1,3,93,-465.66309781992743
Random,10,2,1,3,94,-465.66309781992743
Random,10,2,1,3,95,-465.66309781992743
Random,10,2,1,3,96,-465.66309781992743
Random,10,2,1,3,97,-465.66309781992743
Random,10,2,1,3,98,-465.66309781992743
Random,10,2,1,3,99,-465.66309781992743
Random,10,2,1,3,100,-465.66309781992743
qLogEI,10,2,1,3,1,inf
qLogEI,10,2,1,3,2,inf
qLogEI,10,2,1,3,3,inf
qLogEI,10,2,1,3,4,inf
qLogEI,10,2,1,3,5,inf
qLogEI,10,2,1,3,6,-465.66309781992743
qLogEI,10,2,1,3,7,-465.66309781992743
qLogEI,10,2,1,3,8,-465.66309781992743
qLogEI,10,2,1,3,9,-465.66309781992743
qLogEI,10,2,1,3,10,-465.66309781992743
qLogEI,10,2,1,3,11,-465.66309781992743
qLogEI,10,2,1,3,12,-465.66309781992743
qLogEI,10,2,1,3,13,-465.66309781992743
qLogEI,10,2,1,3,14,-465.66309781992743
qLogEI,10,2,1,3,15,-465.66309781992743
qLogEI,10,2,1,3,16,-465.66309781992743
qLogEI,10,2,1,3,17,-465.66309781992743
qLogEI,10,2,1,3,18,-465.66309781992743
qLogEI,10,2,1,3,19,-465.66309781992743
qLogEI,10,2,1,3,20,-465.66309781992743
qLogEI,10,2,1,3,21,-465.66309781992743
qLogEI,10,2,1,3,22,-465.66309781992743
qLogEI,10,2,1,3,23,-465.66309781992743
qLogEI,10,2,1,3,24,-465.66309781992743
qLogEI,10,2,1,3,25,-465.66309781992743
qLogEI,10,2,1,3,26,-465.66309781992743
qLogEI,10,2,1,3,27,-465.66309781992743
qLogEI,10,2,1,3,28,-465.66309781992743
qLogEI,10,2,1,3,29,-465.66309781992743
qLogEI,10,2,1,3,30,-465.66309781992743
qLogEI,10,2,1,3,31,-465.66309781992743
qLogEI,10,2,1,3,32,-465.66309781992743
qLogEI,10,2,1,3,33,-465.66309781992743
qLogEI,10,2,1,3,34,-465.66309781992743
qLogEI,10,2,1,3,35,-465.66309781992743
qLogEI,10,2,1,3,36,-465.66309781992743
qLogEI,10,2,1,3,37,-465.66309781992743
qLogEI,10,2,1,3,38,-465.66309781992743
qLogEI,10,2,1,3,39,-465.66309781992743
qLogEI,10,2,1,3,40,-465.66309781992743
qLogEI,10,2,1,3,41,-465.66309781992743
qLogEI,10,2,1,3,42,-465.66309781992743
qLogEI,10,2,1,3,43,-465.66309781992743
qLogEI,10,2,1,3,44,-1283.2138785653983
qLogEI,10,2,1,3,45,-1283.2138785653983
qLogEI,10,2,1,3,46,-1283.2138785653983
qLogEI,10,2,1,3,47,-1283.2138785653983
qLogEI,10,2,1,3,48,-1283.2138785653983
qLogEI,10,2,1,3,49,-1283.2138785653983
qLogEI,10,2,1,3,50,-1283.2138785653983
qLogEI,10,2,1,3,51,-1283.2138785653983
qLogEI,10,2,1,3,52,-1283.2138785653983
qLogEI,10,2,1,3,53,-1283.2138785653983
qLogEI,10,2,1,3,54,-1283.2138785653983
qLogEI,10,2,1,3,55,-1283.2138785653983
qLogEI,10,2,1,3,56,-1283.2138785653983
qLogEI,10,2,1,3,57,-1283.2138785653983
qLogEI,10,2,1,3,58,-1283.2138785653983
qLogEI,10,2,1,3,59,-1283.2138785653983
qLogEI,10,2,1,3,60,-1706.5687828977188
qLogEI,10,2,1,3,61,-1706.5687828977188
qLogEI,10,2,1,3,62,-1706.5687828977188
qLogEI,10,2,1,3,63,-1706.5687828977188
qLogEI,10,2,1,3,64,-1706.5687828977188
qLogEI,10,2,1,3,65,-1706.5687828977188
qLogEI,10,2,1,3,66,-1706.5687828977188
qLogEI,10,2,1,3,67,-1706.5687828977188
qLogEI,10,2,1,3,68,-1706.5687828977188
qLogEI,10,2,1,3,69,-1706.5687828977188
qLogEI,10,2,1,3,70,-1706.5687828977188
qLogEI,10,2,1,3,71,-1706.5687828977188
qLogEI,10,2,1,3,72,-1706.5687828977188
qLogEI,10,2,1,3,73,-1706.5687828977188
qLogEI,10,2,1,3,74,-1706.5687828977188
qLogEI,10,2,1,3,75,-1706.5687828977188
qLogEI,10,2,1,3,76,-1706.5687828977188
qLogEI,10,2,1,3,77,-1706.5687828977188
qLogEI,10,2,1,3,78,-1706.5687828977188
qLogEI,10,2,1,3,79,-1706.5687828977188
qLogEI,10,2,1,3,80,-1706.5687828977188
qLogEI,10,2,1,3,81,-1706.5687828977188
qLogEI,10,2,1,3,82,-1706.5687828977188
qLogEI,10,2,1,3,83,-1706.5687828977188
qLogEI,10,2,1,3,84,-1706.5687828977188
qLogEI,10,2,1,3,85,-1706.5687828977188
qLogEI,10,2,1,3,86,-1706.5687828977188
qLogEI,10,2,1,3,87,-1706.5687828977188
qLogEI,10,2,1,3,88,-1706.5687828977188
qLogEI,10,2,1,3,89,-1706.5687828977188
qLogEI,10,2,1,3,90,-1706.5687828977188
qLogEI,10,2,1,3,91,-1706.5687828977188
qLogEI,10,2,1,3,92,-1706.5687828977188
qLogEI,10,2,1,3,93,-1706.5687828977188
qLogEI,10,2,1,3,94,-1706.5687828977188
qLogEI,10,2,1,3,95,-1706.5687828977188
qLogEI,10,2,1,3,96,-1706.5687828977188
qLogEI,10,2,1,3,97,-1706.5687828977188
qLogEI,10,2,1,3,98,-1706.5687828977188
qLogEI,10,2,1,3,99,-1706.5687828977188
qLogEI,10,2,1,3,100,-1706.5687828977188
RL_Enhanced,10,2,1,3,1,inf
RL_Enhanced,10,2,1,3,2,inf
RL_Enhanced,10,2,1,3,3,inf
RL_Enhanced,10,2,1,3,4,inf
RL_Enhanced,10,2,1,3,5,inf
RL_Enhanced,10,2,1,3,6,-465.66309781992743
RL_Enhanced,10,2,1,3,7,-465.66309781992743
RL_Enhanced,10,2,1,3,8,-465.66309781992743
RL_Enhanced,10,2,1,3,9,-465.66309781992743
RL_Enhanced,10,2,1,3,10,-465.66309781992743
RL_Enhanced,10,2,1,3,11,-465.66309781992743
RL_Enhanced,10,2,1,3,12,-465.66309781992743
RL_Enhanced,10,2,1,3,13,-465.66309781992743
RL_Enhanced,10,2,1,3,14,-465.66309781992743
RL_Enhanced,10,2,1,3,15,-465.66309781992743
RL_Enhanced,10,2,1,3,16,-465.66309781992743
RL_Enhanced,10,2,1,3,17,-465.66309781992743
RL_Enhanced,10,2,1,3,18,-465.66309781992743
RL_Enhanced,10,2,1,3,19,-465.66309781992743
RL_Enhanced,10,2,1,3,20,-465.66309781992743
RL_Enhanced,10,2,1,3,21,-465.66309781992743
RL_Enhanced,10,2,1,3,22,-465.66309781992743
RL_Enhanced,10,2,1,3,23,-465.66309781992743
RL_Enhanced,10,2,1,3,24,-465.66309781992743
RL_Enhanced,10,2,1,3,25,-465.66309781992743
RL_Enhanced,10,2,1,3,26,-465.66309781992743
RL_Enhanced,10,2,1,3,27,-465.66309781992743
RL_Enhanced,10,2,1,3,28,-465.66309781992743
RL_Enhanced,10,2,1,3,29,-465.66309781992743
RL_Enhanced,10,2,1,3,30,-465.66309781992743
RL_Enhanced,10,2,1,3,31,-465.66309781992743
RL_Enhanced,10,2,1,3,32,-465.66309781992743
RL_Enhanced,10,2,1,3,33,-465.66309781992743
RL_Enhanced,10,2,1,3,34,-465.66309781992743
RL_Enhanced,10,2,1,3,35,-465.66309781992743
RL_Enhanced,10,2,1,3,36,-465.66309781992743
RL_Enhanced,10,2,1,3,37,-465.66309781992743
RL_Enhanced,10,2,1,3,38,-465.66309781992743
RL_Enhanced,10,2,1,3,39,-465.66309781992743
RL_Enhanced,10,2,1,3,40,-465.66309781992743
RL_Enhanced,10,2,1,3,41,-465.66309781992743
RL_Enhanced,10,2,1,3,42,-465.66309781992743
RL_Enhanced,10,2,1,3,43,-465.66309781992743
RL_Enhanced,10,2,1,3,44,-465.66309781992743
RL_Enhanced,10,2,1,3,45,-465.66309781992743
RL_Enhanced,10,2,1,3,46,-465.66309781992743
RL_Enhanced,10,2,1,3,47,-465.66309781992743
RL_Enhanced,10,2,1,3,48,-465.66309781992743
RL_Enhanced,10,2,1,3,49,-465.66309781992743
RL_Enhanced,10,2,1,3,50,-465.66309781992743
RL_Enhanced,10,2,1,3,51,-465.66309781992743
RL_Enhanced,10,2,1,3,52,-465.66309781992743
RL_Enhanced,10,2,1,3,53,-465.66309781992743
RL_Enhanced,10,2,1,3,54,-465.66309781992743
RL_Enhanced,10,2,1,3,55,-465.66309781992743
RL_Enhanced,10,2,1,3,56,-465.66309781992743
RL_Enhanced,10,2,1,3,57,-465.66309781992743
RL_Enhanced,10,2,1,3,58,-465.66309781992743
RL_Enhanced,10,2,1,3,59,-465.66309781992743
RL_Enhanced,10,2,1,3,60,-465.66309781992743
RL_Enhanced,10,2,1,3,61,-465.66309781992743
RL_Enhanced,10,2,1,3,62,-465.66309781992743
RL_Enhanced,10,2,1,3,63,-465.66309781992743
RL_Enhanced,10,2,1,3,64,-465.66309781992743
RL_Enhanced,10,2,1,3,65,-465.66309781992743
RL_Enhanced,10,2,1,3,66,-465.66309781992743
RL_Enhanced,10,2,1,3,67,-465.66309781992743
RL_Enhanced,10,2,1,3,68,-465.66309781992743
RL_Enhanced,10,2,1,3,69,-465.66309781992743
RL_Enhanced,10,2,1,3,70,-465.66309781992743
RL_Enhanced,10,2,1,3,71,-465.66309781992743
RL_Enhanced,10,2,1,3,72,-465.66309781992743
RL_Enhanced,10,2,1,3,73,-465.66309781992743
RL_Enhanced,10,2,1,3,74,-465.66309781992743
RL_Enhanced,10,2,1,3,75,-465.66309781992743
RL_Enhanced,10,2,1,3,76,-465.66309781992743
RL_Enhanced,10,2,1,3,77,-465.66309781992743
RL_Enhanced,10,2,1,3,78,-465.66309781992743
RL_Enhanced,10,2,1,3,79,-465.66309781992743
RL_Enhanced,10,2,1,3,80,-465.66309781992743
RL_Enhanced,10,2,1,3,81,-465.66309781992743
RL_Enhanced,10,2,1,3,82,-465.66309781992743
RL_Enhanced,10,2,1,3,83,-465.66309781992743
RL_Enhanced,10,2,1,3,84,-465.66309781992743
RL_Enhanced,10,2,1,3,85,-465.66309781992743
RL_Enhanced,10,2,1,3,86,-465.66309781992743
RL_Enhanced,10,2,1,3,87,-465.66309781992743
RL_Enhanced,10,2,1,3,88,-465.66309781992743
RL_Enhanced,10,2,1,3,89,-465.66309781992743
RL_Enhanced,10,2,1,3,90,-465.66309781992743
RL_Enhanced,10,2,1,3,91,-465.66309781992743
RL_Enhanced,10,2,1,3,92,-465.66309781992743
RL_Enhanced,10,2,1,3,93,-465.66309781992743
RL_Enhanced,10,2,1,3,94,-465.66309781992743
RL_Enhanced,10,2,1,3,95,-465.66309781992743
RL_Enhanced,10,2,1,3,96,-465.66309781992743
RL_Enhanced,10,2,1,3,97,-465.66309781992743
RL_Enhanced,10,2,1,3,98,-465.66309781992743
RL_Enhanced,10,2,1,3,99,-465.66309781992743
RL_Enhanced,10,2,1,3,100,-465.66309781992743
Random,10,2,1,4,1,-570.1492847065092
Random,10,2,1,4,2,-570.1492847065092
Random,10,2,1,4,3,-570.1492847065092
Random,10,2,1,4,4,-570.1492847065092
Random,10,2,1,4,5,-570.1492847065092
Random,10,2,1,4,6,-570.1492847065092
Random,10,2,1,4,7,-570.1492847065092
Random,10,2,1,4,8,-570.1492847065092
Random,10,2,1,4,9,-570.1492847065092
Random,10,2,1,4,10,-570.1492847065092
Random,10,2,1,4,11,-570.1492847065092
Random,10,2,1,4,12,-570.1492847065092
Random,10,2,1,4,13,-570.1492847065092
Random,10,2,1,4,14,-570.1492847065092
Random,10,2,1,4,15,-570.1492847065092
Random,10,2,1,4,16,-570.1492847065092
Random,10,2,1,4,17,-570.1492847065092
Random,10,2,1,4,18,-570.1492847065092
Random,10,2,1,4,19,-570.1492847065092
Random,10,2,1,4,20,-570.1492847065092
Random,10,2,1,4,21,-570.1492847065092
Random,10,2,1,4,22,-570.1492847065092
Random,10,2,1,4,23,-570.1492847065092
Random,10,2,1,4,24,-570.1492847065092
Random,10,2,1,4,25,-570.1492847065092
Random,10,2,1,4,26,-570.1492847065092
Random,10,2,1,4,27,-570.1492847065092
Random,10,2,1,4,28,-570.1492847065092
Random,10,2,1,4,29,-570.1492847065092
Random,10,2,1,4,30,-570.1492847065092
Random,10,2,1,4,31,-570.1492847065092
Random,10,2,1,4,32,-570.1492847065092
Random,10,2,1,4,33,-570.1492847065092
Random,10,2,1,4,34,-570.1492847065092
Random,10,2,1,4,35,-570.1492847065092
Random,10,2,1,4,36,-570.1492847065092
Random,10,2,1,4,37,-570.1492847065092
Random,10,2,1,4,38,-570.1492847065092
Random,10,2,1,4,39,-570.1492847065092
Random,10,2,1,4,40,-570.1492847065092
Random,10,2,1,4,41,-570.1492847065092
Random,10,2,1,4,42,-570.1492847065092
Random,10,2,1,4,43,-570.1492847065092
Random,10,2,1,4,44,-570.1492847065092
Random,10,2,1,4,45,-570.1492847065092
Random,10,2,1,4,46,-570.1492847065092
Random,10,2,1,4,47,-570.1492847065092
Random,10,2,1,4,48,-570.1492847065092
Random,10,2,1,4,49,-570.1492847065092
Random,10,2,1,4,50,-570.1492847065092
Random,10,2,1,4,51,-570.1492847065092
Random,10,2,1,4,52,-570.1492847065092
Random,10,2,1,4,53,-570.1492847065092
Random,10,2,1,4,54,-570.1492847065092
Random,10,2,1,4,55,-570.1492847065092
Random,10,2,1,4,56,-570.1492847065092
Random,10,2,1,4,57,-570.1492847065092
Random,10,2,1,4,58,-570.1492847065092
Random,10,2,1,4,59,-570.1492847065092
Random,10,2,1,4,60,-570.1492847065092
Random,10,2,1,4,61,-570.1492847065092
Random,10,2,1,4,62,-570.1492847065092
Random,10,2,1,4,63,-570.1492847065092
Random,10,2,1,4,64,-570.1492847065092
Random,10,2,1,4,65,-570.1492847065092
Random,10,2,1,4,66,-570.1492847065092
Random,10,2,1,4,67,-570.1492847065092
Random,10,2,1,4,68,-570.1492847065092
Random,10,2,1,4,69,-570.1492847065092
Random,10,2,1,4,70,-570.1492847065092
Random,10,2,1,4,71,-570.1492847065092
Random,10,2,1,4,72,-570.1492847065092
Random,10,2,1,4,73,-570.1492847065092
Random,10,2,1,4,74,-570.1492847065092
Random,10,2,1,4,75,-570.1492847065092
Random,10,2,1,4,76,-570.1492847065092
Random,10,2,1,4,77,-570.1492847065092
Random,10,2,1,4,78,-570.1492847065092
Random,10,2,1,4,79,-570.1492847065092
Random,10,2,1,4,80,-570.1492847065092
Random,10,2,1,4,81,-570.1492847065092
Random,10,2,1,4,82,-570.1492847065092
Random,10,2,1,4,83,-570.1492847065092
Random,10,2,1,4,84,-570.1492847065092
Random,10,2,1,4,85,-570.1492847065092
Random,10,2,1,4,86,-570.1492847065092
Random,10,2,1,4,87,-570.1492847065092
Random,10,2,1,4,88,-570.1492847065092
Random,10,2,1,4,89,-570.1492847065092
Random,10,2,1,4,90,-570.1492847065092
Random,10,2,1,4,91,-570.1492847065092
Random,10,2,1,4,92,-570.1492847065092
Random,10,2,1,4,93,-570.1492847065092
Random,10,2,1,4,94,-570.1492847065092
Random,10,2,1,4,95,-570.1492847065092
Random,10,2,1,4,96,-570.1492847065092
Random,10,2,1,4,97,-570.1492847065092
Random,10,2,1,4,98,-570.1492847065092
Random,10,2,1,4,99,-570.1492847065092
Random,10,2,1,4,100,-570.1492847065092
qLogEI,10,2,1,4,1,-570.1492847065092
qLogEI,10,2,1,4,2,-570.1492847065092
qLogEI,10,2,1,4,3,-570.1492847065092
qLogEI,10,2,1,4,4,-570.1492847065092
qLogEI,10,2,1,4,5,-570.1492847065092
qLogEI,10,2,1,4,6,-570.1492847065092
qLogEI,10,2,1,4,7,-570.1492847065092
qLogEI,10,2,1,4,8,-570.1492847065092
qLogEI,10,2,1,4,9,-570.1492847065092
qLogEI,10,2,1,4,10,-570.1492847065092
qLogEI,10,2,1,4,11,-570.1492847065092
qLogEI,10,2,1,4,12,-570.1492847065092
qLogEI,10,2,1,4,13,-570.1492847065092
qLogEI,10,2,1,4,14,-570.1492847065092
qLogEI,10,2,1,4,15,-570.1492847065092
qLogEI,10,2,1,4,16,-570.1492847065092
qLogEI,10,2,1,4,17,-570.1492847065092
qLogEI,10,2,1,4,18,-570.1492847065092
qLogEI,10,2,1,4,19,-570.1492847065092
qLogEI,10,2,1,4,20,-570.1492847065092
qLogEI,10,2,1,4,21,-570.1492847065092
qLogEI,10,2,1,4,22,-570.1492847065092
qLogEI,10,2,1,4,23,-570.1492847065092
qLogEI,10,2,1,4,24,-570.1492847065092
qLogEI,10,2,1,4,25,-570.1492847065092
qLogEI,10,2,1,4,26,-570.1492847065092
qLogEI,10,2,1,4,27,-570.1492847065092
qLogEI,10,2,1,4,28,-570.1492847065092
qLogEI,10,2,1,4,29,-570.1492847065092
qLogEI,10,2,1,4,30,-570.1492847065092
qLogEI,10,2,1,4,31,-570.1492847065092
qLogEI,10,2,1,4,32,-570.1492847065092
qLogEI,10,2,1,4,33,-570.1492847065092
qLogEI,10,2,1,4,34,-570.1492847065092
qLogEI,10,2,1,4,35,-570.1492847065092
qLogEI,10,2,1,4,36,-570.1492847065092
qLogEI,10,2,1,4,37,-570.1492847065092
qLogEI,10,2,1,4,38,-570.1492847065092
qLogEI,10,2,1,4,39,-570.1492847065092
qLogEI,10,2,1,4,40,-1674.9572775810793
qLogEI,10,2,1,4,41,-1674.9572775810793
qLogEI,10,2,1,4,42,-1674.9572775810793
qLogEI,10,2,1,4,43,-1674.9572775810793
qLogEI,10,2,1,4,44,-1674.9572775810793
qLogEI,10,2,1,4,45,-1674.9572775810793
qLogEI,10,2,1,4,46,-1674.9572775810793
qLogEI,10,2,1,4,47,-1674.9572775810793
qLogEI,10,2,1,4,48,-1674.9572775810793
qLogEI,10,2,1,4,49,-1674.9572775810793
qLogEI,10,2,1,4,50,-1674.9572775810793
qLogEI,10,2,1,4,51,-1674.9572775810793
qLogEI,10,2,1,4,52,-1674.9572775810793
qLogEI,10,2,1,4,53,-1674.9572775810793
qLogEI,10,2,1,4,54,-1674.9572775810793
qLogEI,10,2,1,4,55,-1674.9572775810793
qLogEI,10,2,1,4,56,-1674.9572775810793
qLogEI,10,2,1,4,57,-1674.9572775810793
qLogEI,10,2,1,4,58,-1674.9572775810793
qLogEI,10,2,1,4,59,-1674.9572775810793
qLogEI,10,2,1,4,60,-1674.9572775810793
qLogEI,10,2,1,4,61,-1674.9572775810793
qLogEI,10,2,1,4,62,-1674.9572775810793
qLogEI,10,2,1,4,63,-1674.9572775810793
qLogEI,10,2,1,4,64,-1674.9572775810793
qLogEI,10,2,1,4,65,-1674.9572775810793
qLogEI,10,2,1,4,66,-1674.9572775810793
qLogEI,10,2,1,4,67,-1674.9572775810793
qLogEI,10,2,1,4,68,-1674.9572775810793
qLogEI,10,2,1,4,69,-1674.9572775810793
qLogEI,10,2,1,4,70,-1674.9572775810793
qLogEI,10,2,1,4,71,-1674.9572775810793
qLogEI,10,2,1,4,72,-1674.9572775810793
qLogEI,10,2,1,4,73,-1674.9572775810793
qLogEI,10,2,1,4,74,-1674.9572775810793
qLogEI,10,2,1,4,75,-1674.9572775810793
qLogEI,10,2,1,4,76,-1674.9572775810793
qLogEI,10,2,1,4,77,-1674.9572775810793
qLogEI,10,2,1,4,78,-1674.9572775810793
qLogEI,10,2,1,4,79,-1674.9572775810793
qLogEI,10,2,1,4,80,-1674.9572775810793
qLogEI,10,2,1,4,81,-1674.9572775810793
qLogEI,10,2,1,4,82,-1674.9572775810793
qLogEI,10,2,1,4,83,-1674.9572775810793
qLogEI,10,2,1,4,84,-1674.9572775810793
qLogEI,10,2,1,4,85,-1674.9572775810793
qLogEI,10,2,1,4,86,-1674.9572775810793
qLogEI,10,2,1,4,87,-1674.9572775810793
qLogEI,10,2,1,4,88,-1674.9572775810793
qLogEI,10,2,1,4,89,-1674.9572775810793
qLogEI,10,2,1,4,90,-1674.9572775810793
qLogEI,10,2,1,4,91,-1674.9572775810793
qLogEI,10,2,1,4,92,-1674.9572775810793
qLogEI,10,2,1,4,93,-1674.9572775810793
qLogEI,10,2,1,4,94,-1674.9572775810793
qLogEI,10,2,1,4,95,-1674.9572775810793
qLogEI,10,2,1,4,96,-1674.9572775810793
qLogEI,10,2,1,4,97,-1674.9572775810793
qLogEI,10,2,1,4,98,-1674.9572775810793
qLogEI,10,2,1,4,99,-1674.9572775810793
qLogEI,10,2,1,4,100,-1674.9572775810793
RL_Enhanced,10,2,1,4,1,-570.1492847065092
RL_Enhanced,10,2,1,4,2,-570.1492847065092
RL_Enhanced,10,2,1,4,3,-570.1492847065092
RL_Enhanced,10,2,1,4,4,-570.1492847065092
RL_Enhanced,10,2,1,4,5,-570.1492847065092
RL_Enhanced,10,2,1,4,6,-570.1492847065092
RL_Enhanced,10,2,1,4,7,-570.1492847065092
RL_Enhanced,10,2,1,4,8,-570.1492847065092
RL_Enhanced,10,2,1,4,9,-570.1492847065092
RL_Enhanced,10,2,1,4,10,-570.1492847065092
RL_Enhanced,10,2,1,4,11,-570.1492847065092
RL_Enhanced,10,2,1,4,12,-570.1492847065092
RL_Enhanced,10,2,1,4,13,-570.1492847065092
RL_Enhanced,10,2,1,4,14,-570.1492847065092
RL_Enhanced,10,2,1,4,15,-570.1492847065092
RL_Enhanced,10,2,1,4,16,-570.1492847065092
RL_Enhanced,10,2,1,4,17,-570.1492847065092
RL_Enhanced,10,2,1,4,18,-570.1492847065092
RL_Enhanced,10,2,1,4,19,-570.1492847065092
RL_Enhanced,10,2,1,4,20,-570.1492847065092
RL_Enhanced,10,2,1,4,21,-570.1492847065092
RL_Enhanced,10,2,1,4,22,-570.1492847065092
RL_Enhanced,10,2,1,4,23,-570.1492847065092
RL_Enhanced,10,2,1,4,24,-570.1492847065092
RL_Enhanced,10,2,1,4,25,-570.1492847065092
RL_Enhanced,10,2,1,4,26,-570.1492847065092
RL_Enhanced,10,2,1,4,27,-570.1492847065092
RL_Enhanced,10,2,1,4,28,-570.1492847065092
RL_Enhanced,10,2,1,4,29,-570.1492847065092
RL_Enhanced,10,2,1,4,30,-570.1492847065092
RL_Enhanced,10,2,1,4,31,-570.1492847065092
RL_Enhanced,10,2,1,4,32,-570.1492847065092
RL_Enhanced,10,2,1,4,33,-570.1492847065092
RL_Enhanced,10,2,1,4,34,-570.1492847065092
RL_Enhanced,10,2,1,4,35,-570.1492847065092
RL_Enhanced,10,2,1,4,36,-570.1492847065092
RL_Enhanced,10,2,1,4,37,-570.1492847065092
RL_Enhanced,10,2,1,4,38,-570.1492847065092
RL_Enhanced,10,2,1,4,39,-570.1492847065092
RL_Enhanced,10,2,1,4,40,-570.1492847065092
RL_Enhanced,10,2,1,4,41,-570.1492847065092
RL_Enhanced,10,2,1,4,42,-570.1492847065092
RL_Enhanced,10,2,1,4,43,-570.1492847065092
RL_Enhanced,10,2,1,4,44,-570.1492847065092
RL_Enhanced,10,2,1,4,45,-570.1492847065092
RL_Enhanced,10,2,1,4,46,-570.1492847065092
RL_Enhanced,10,2,1,4,47,-570.1492847065092
RL_Enhanced,10,2,1,4,48,-570.1492847065092
RL_Enhanced,10,2,1,4,49,-570.1492847065092
RL_Enhanced,10,2,1,4,50,-570.1492847065092
RL_Enhanced,10,2,1,4,51,-570.1492847065092
RL_Enhanced,10,2,1,4,52,-570.1492847065092
RL_Enhanced,10,2,1,4,53,-570.1492847065092
RL_Enhanced,10,2,1,4,54,-570.1492847065092
RL_Enhanced,10,2,1,4,55,-570.1492847065092
RL_Enhanced,10,2,1,4,56,-570.1492847065092
RL_Enhanced,10,2,1,4,57,-570.1492847065092
RL_Enhanced,10,2,1,4,58,-570.1492847065092
RL_Enhanced,10,2,1,4,59,-570.1492847065092
RL_Enhanced,10,2,1,4,60,-570.1492847065092
RL_Enhanced,10,2,1,4,61,-570.1492847065092
RL_Enhanced,10,2,1,4,62,-570.1492847065092
RL_Enhanced,10,2,1,4,63,-570.1492847065092
RL_Enhanced,10,2,1,4,64,-570.1492847065092
RL_Enhanced,10,2,1,4,65,-570.1492847065092
RL_Enhanced,10,2,1,4,66,-570.1492847065092
RL_Enhanced,10,2,1,4,67,-570.1492847065092
RL_Enhanced,10,2,1,4,68,-570.1492847065092
RL_Enhanced,10,2,1,4,69,-570.1492847065092
RL_Enhanced,10,2,1,4,70,-570.1492847065092
RL_Enhanced,10,2,1,4,71,-570.1492847065092
RL_Enhanced,10,2,1,4,72,-570.1492847065092
RL_Enhanced,10,2,1,4,73,-570.1492847065092
RL_Enhanced,10,2,1,4,74,-570.1492847065092
RL_Enhanced,10,2,1,4,75,-570.1492847065092
RL_Enhanced,10,2,1,4,76,-570.1492847065092
RL_Enhanced,10,2,1,4,77,-570.1492847065092
RL_Enhanced,10,2,1,4,78,-570.1492847065092
RL_Enhanced,10,2,1,4,79,-570.1492847065092
RL_Enhanced,10,2,1,4,80,-570.1492847065092
RL_Enhanced,10,2,1,4,81,-570.1492847065092
RL_Enhanced,10,2,1,4,82,-570.1492847065092
RL_Enhanced,10,2,1,4,83,-570.1492847065092
RL_Enhanced,10,2,1,4,84,-570.1492847065092
RL_Enhanced,10,2,1,4,85,-570.1492847065092
RL_Enhanced,10,2,1,4,86,-570.1492847065092
RL_Enhanced,10,2,1,4,87,-570.1492847065092
RL_Enhanced,10,2,1,4,88,-570.1492847065092
RL_Enhanced,10,2,1,4,89,-570.1492847065092
RL_Enhanced,10,2,1,4,90,-570.1492847065092
RL_Enhanced,10,2,1,4,91,-570.1492847065092
RL_Enhanced,10,2,1,4,92,-570.1492847065092
RL_Enhanced,10,2,1,4,93,-570.1492847065092
RL_Enhanced,10,2,1,4,94,-570.1492847065092
RL_Enhanced,10,2,1,4,95,-570.1492847065092
RL_Enhanced,10,2,1,4,96,-570.1492847065092
RL_Enhanced,10,2,1,4,97,-570.1492847065092
RL_Enhanced,10,2,1,4,98,-570.1492847065092
RL_Enhanced,10,2,1,4,99,-570.1492847065092
RL_Enhanced,10,2,1,4,100,-570.1492847065092
Random,10,2,2,0,1,inf
Random,10,2,2,0,2,inf
Random,10,2,2,0,3,inf
Random,10,2,2,0,4,inf
Random,10,2,2,0,5,inf
Random,10,2,2,0,6,inf
Random,10,2,2,0,7,inf
Random,10,2,2,0,8,inf
Random,10,2,2,0,9,inf
Random,10,2,2,0,10,inf
Random,10,2,2,0,11,inf
Random,10,2,2,0,12,inf
Random,10,2,2,0,13,inf
Random,10,2,2,0,14,inf
Random,10,2,2,0,15,inf
Random,10,2,2,0,16,inf
Random,10,2,2,0,17,inf
Random,10,2,2,0,18,inf
Random,10,2,2,0,19,inf
Random,10,2,2,0,20,inf
Random,10,2,2,0,21,inf
Random,10,2,2,0,22,inf
Random,10,2,2,0,23,inf
Random,10,2,2,0,24,inf
Random,10,2,2,0,25,inf
Random,10,2,2,0,26,838.4302298090427
Random,10,2,2,0,27,838.4302298090427
Random,10,2,2,0,28,838.4302298090427
Random,10,2,2,0,29,643.2130342099058
Random,10,2,2,0,30,643.2130342099058
Random,10,2,2,0,31,643.2130342099058
Random,10,2,2,0,32,643.2130342099058
Random,10,2,2,0,33,643.2130342099058
Random,10,2,2,0,34,643.2130342099058
Random,10,2,2,0,35,643.2130342099058
Random,10,2,2,0,36,643.2130342099058
Random,10,2,2,0,37,643.2130342099058
Random,10,2,2,0,38,643.2130342099058
Random,10,2,2,0,39,643.2130342099058
Random,10,2,2,0,40,643.2130342099058
Random,10,2,2,0,41,643.2130342099058
Random,10,2,2,0,42,643.2130342099058
Random,10,2,2,0,43,643.2130342099058
Random,10,2,2,0,44,643.2130342099058
Random,10,2,2,0,45,643.2130342099058
Random,10,2,2,0,46,643.2130342099058
Random,10,2,2,0,47,643.2130342099058
Random,10,2,2,0,48,643.2130342099058
Random,10,2,2,0,49,643.2130342099058
Random,10,2,2,0,50,643.2130342099058
Random,10,2,2,0,51,643.2130342099058
Random,10,2,2,0,52,643.2130342099058
Random,10,2,2,0,53,643.2130342099058
Random,10,2,2,0,54,643.2130342099058
Random,10,2,2,0,55,643.2130342099058
Random,10,2,2,0,56,643.2130342099058
Random,10,2,2,0,57,643.2130342099058
Random,10,2,2,0,58,643.2130342099058
Random,10,2,2,0,59,643.2130342099058
Random,10,2,2,0,60,643.2130342099058
Random,10,2,2,0,61,643.2130342099058
Random,10,2,2,0,62,643.2130342099058
Random,10,2,2,0,63,643.2130342099058
Random,10,2,2,0,64,643.2130342099058
Random,10,2,2,0,65,643.2130342099058
Random,10,2,2,0,66,643.2130342099058
Random,10,2,2,0,67,643.2130342099058
Random,10,2,2,0,68,643.2130342099058
Random,10,2,2,0,69,643.2130342099058
Random,10,2,2,0,70,643.2130342099058
Random,10,2,2,0,71,643.2130342099058
Random,10,2,2,0,72,643.2130342099058
Random,10,2,2,0,73,643.2130342099058
Random,10,2,2,0,74,643.2130342099058
Random,10,2,2,0,75,643.2130342099058
Random,10,2,2,0,76,643.2130342099058
Random,10,2,2,0,77,643.2130342099058
Random,10,2,2,0,78,643.2130342099058
Random,10,2,2,0,79,643.2130342099058
Random,10,2,2,0,80,643.2130342099058
Random,10,2,2,0,81,643.2130342099058
Random,10,2,2,0,82,643.2130342099058
Random,10,2,2,0,83,643.2130342099058
Random,10,2,2,0,84,643.2130342099058
Random,10,2,2,0,85,643.2130342099058
Random,10,2,2,0,86,643.2130342099058
Random,10,2,2,0,87,643.2130342099058
Random,10,2,2,0,88,643.2130342099058
Random,10,2,2,0,89,643.2130342099058
Random,10,2,2,0,90,643.2130342099058
Random,10,2,2,0,91,643.2130342099058
Random,10,2,2,0,92,643.2130342099058
Random,10,2,2,0,93,643.2130342099058
Random,10,2,2,0,94,643.2130342099058
Random,10,2,2,0,95,643.2130342099058
Random,10,2,2,0,96,643.2130342099058
Random,10,2,2,0,97,643.2130342099058
Random,10,2,2,0,98,643.2130342099058
Random,10,2,2,0,99,643.2130342099058
Random,10,2,2,0,100,643.2130342099058
qLogEI,10,2,2,0,1,inf
qLogEI,10,2,2,0,2,inf
qLogEI,10,2,2,0,3,inf
qLogEI,10,2,2,0,4,inf
qLogEI,10,2,2,0,5,inf
qLogEI,10,2,2,0,6,inf
qLogEI,10,2,2,0,7,inf
qLogEI,10,2,2,0,8,inf
qLogEI,10,2,2,0,9,inf
qLogEI,10,2,2,0,10,inf
qLogEI,10,2,2,0,11,inf
qLogEI,10,2,2,0,12,inf
qLogEI,10,2,2,0,13,inf
qLogEI,10,2,2,0,14,inf
qLogEI,10,2,2,0,15,inf
qLogEI,10,2,2,0,16,inf
qLogEI,10,2,2,0,17,inf
qLogEI,10,2,2,0,18,inf
qLogEI,10,2,2,0,19,inf
qLogEI,10,2,2,0,20,inf
qLogEI,10,2,2,0,21,inf
qLogEI,10,2,2,0,22,inf
qLogEI,10,2,2,0,23,inf
qLogEI,10,2,2,0,24,inf
qLogEI,10,2,2,0,25,inf
qLogEI,10,2,2,0,26,inf
qLogEI,10,2,2,0,27,inf
qLogEI,10,2,2,0,28,inf
qLogEI,10,2,2,0,29,inf
qLogEI,10,2,2,0,30,inf
qLogEI,10,2,2,0,31,inf
qLogEI,10,2,2,0,32,inf
qLogEI,10,2,2,0,33,inf
qLogEI,10,2,2,0,34,inf
qLogEI,10,2,2,0,35,inf
qLogEI,10,2,2,0,36,inf
qLogEI,10,2,2,0,37,inf
qLogEI,10,2,2,0,38,inf
qLogEI,10,2,2,0,39,inf
qLogEI,10,2,2,0,40,inf
qLogEI,10,2,2,0,41,inf
qLogEI,10,2,2,0,42,inf
qLogEI,10,2,2,0,43,inf
qLogEI,10,2,2,0,44,inf
qLogEI,10,2,2,0,45,inf
qLogEI,10,2,2,0,46,inf
qLogEI,10,2,2,0,47,inf
qLogEI,10,2,2,0,48,inf
qLogEI,10,2,2,0,49,inf
qLogEI,10,2,2,0,50,inf
qLogEI,10,2,2,0,51,inf
qLogEI,10,2,2,0,52,inf
qLogEI,10,2,2,0,53,inf
qLogEI,10,2,2,0,54,inf
qLogEI,10,2,2,0,55,inf
qLogEI,10,2,2,0,56,inf
qLogEI,10,2,2,0,57,inf
qLogEI,10,2,2,0,58,inf
qLogEI,10,2,2,0,59,inf
qLogEI,10,2,2,0,60,inf
qLogEI,10,2,2,0,61,inf
qLogEI,10,2,2,0,62,inf
qLogEI,10,2,2,0,63,inf
qLogEI,10,2,2,0,64,inf
qLogEI,10,2,2,0,65,inf
qLogEI,10,2,2,0,66,inf
qLogEI,10,2,2,0,67,inf
qLogEI,10,2,2,0,68,inf
qLogEI,10,2,2,0,69,inf
qLogEI,10,2,2,0,70,inf
qLogEI,10,2,2,0,71,inf
qLogEI,10,2,2,0,72,inf
qLogEI,10,2,2,0,73,inf
qLogEI,10,2,2,0,74,inf
qLogEI,10,2,2,0,75,inf
qLogEI,10,2,2,0,76,inf
qLogEI,10,2,2,0,77,inf
qLogEI,10,2,2,0,78,inf
qLogEI,10,2,2,0,79,inf
qLogEI,10,2,2,0,80,inf
qLogEI,10,2,2,0,81,inf
qLogEI,10,2,2,0,82,inf
qLogEI,10,2,2,0,83,inf
qLogEI,10,2,2,0,84,inf
qLogEI,10,2,2,0,85,inf
qLogEI,10,2,2,0,86,inf
qLogEI,10,2,2,0,87,inf
qLogEI,10,2,2,0,88,inf
qLogEI,10,2,2,0,89,inf
qLogEI,10,2,2,0,90,inf
qLogEI,10,2,2,0,91,inf
qLogEI,10,2,2,0,92,inf
qLogEI,10,2,2,0,93,inf
qLogEI,10,2,2,0,94,inf
qLogEI,10,2,2,0,95,inf
qLogEI,10,2,2,0,96,inf
qLogEI,10,2,2,0,97,inf
qLogEI,10,2,2,0,98,inf
qLogEI,10,2,2,0,99,inf
qLogEI,10,2,2,0,100,inf
RL_Enhanced,10,2,2,0,1,inf
RL_Enhanced,10,2,2,0,2,inf
RL_Enhanced,10,2,2,0,3,inf
RL_Enhanced,10,2,2,0,4,inf
RL_Enhanced,10,2,2,0,5,inf
RL_Enhanced,10,2,2,0,6,inf
RL_Enhanced,10,2,2,0,7,inf
RL_Enhanced,10,2,2,0,8,inf
RL_Enhanced,10,2,2,0,9,inf
RL_Enhanced,10,2,2,0,10,inf
RL_Enhanced,10,2,2,0,11,inf
RL_Enhanced,10,2,2,0,12,inf
RL_Enhanced,10,2,2,0,13,inf
RL_Enhanced,10,2,2,0,14,inf
RL_Enhanced,10,2,2,0,15,inf
RL_Enhanced,10,2,2,0,16,inf
RL_Enhanced,10,2,2,0,17,inf
RL_Enhanced,10,2,2,0,18,inf
RL_Enhanced,10,2,2,0,19,inf
RL_Enhanced,10,2,2,0,20,inf
RL_Enhanced,10,2,2,0,21,inf
RL_Enhanced,10,2,2,0,22,inf
RL_Enhanced,10,2,2,0,23,inf
RL_Enhanced,10,2,2,0,24,inf
RL_Enhanced,10,2,2,0,25,inf
RL_Enhanced,10,2,2,0,26,inf
RL_Enhanced,10,2,2,0,27,inf
RL_Enhanced,10,2,2,0,28,inf
RL_Enhanced,10,2,2,0,29,inf
RL_Enhanced,10,2,2,0,30,inf
RL_Enhanced,10,2,2,0,31,inf
RL_Enhanced,10,2,2,0,32,inf
RL_Enhanced,10,2,2,0,33,inf
RL_Enhanced,10,2,2,0,34,inf
RL_Enhanced,10,2,2,0,35,inf
RL_Enhanced,10,2,2,0,36,inf
RL_Enhanced,10,2,2,0,37,inf
RL_Enhanced,10,2,2,0,38,inf
RL_Enhanced,10,2,2,0,39,inf
RL_Enhanced,10,2,2,0,40,inf
RL_Enhanced,10,2,2,0,41,inf
RL_Enhanced,10,2,2,0,42,inf
RL_Enhanced,10,2,2,0,43,inf
RL_Enhanced,10,2,2,0,44,inf
RL_Enhanced,10,2,2,0,45,inf
RL_Enhanced,10,2,2,0,46,inf
RL_Enhanced,10,2,2,0,47,inf
RL_Enhanced,10,2,2,0,48,inf
RL_Enhanced,10,2,2,0,49,inf
RL_Enhanced,10,2,2,0,50,inf
RL_Enhanced,10,2,2,0,51,inf
RL_Enhanced,10,2,2,0,52,inf
RL_Enhanced,10,2,2,0,53,inf
RL_Enhanced,10,2,2,0,54,inf
RL_Enhanced,10,2,2,0,55,inf
RL_Enhanced,10,2,2,0,56,inf
RL_Enhanced,10,2,2,0,57,inf
RL_Enhanced,10,2,2,0,58,inf
RL_Enhanced,10,2,2,0,59,inf
RL_Enhanced,10,2,2,0,60,inf
RL_Enhanced,10,2,2,0,61,inf
RL_Enhanced,10,2,2,0,62,inf
RL_Enhanced,10,2,2,0,63,inf
RL_Enhanced,10,2,2,0,64,inf
RL_Enhanced,10,2,2,0,65,inf
RL_Enhanced,10,2,2,0,66,inf
RL_Enhanced,10,2,2,0,67,inf
RL_Enhanced,10,2,2,0,68,inf
RL_Enhanced,10,2,2,0,69,inf
RL_Enhanced,10,2,2,0,70,inf
RL_Enhanced,10,2,2,0,71,inf
RL_Enhanced,10,2,2,0,72,inf
RL_Enhanced,10,2,2,0,73,inf
RL_Enhanced,10,2,2,0,74,inf
RL_Enhanced,10,2,2,0,75,inf
RL_Enhanced,10,2,2,0,76,inf
RL_Enhanced,10,2,2,0,77,inf
RL_Enhanced,10,2,2,0,78,inf
RL_Enhanced,10,2,2,0,79,inf
RL_Enhanced,10,2,2,0,80,inf
RL_Enhanced,10,2,2,0,81,inf
RL_Enhanced,10,2,2,0,82,inf
RL_Enhanced,10,2,2,0,83,inf
RL_Enhanced,10,2,2,0,84,inf
RL_Enhanced,10,2,2,0,85,inf
RL_Enhanced,10,2,2,0,86,inf
RL_Enhanced,10,2,2,0,87,inf
RL_Enhanced,10,2,2,0,88,inf
RL_Enhanced,10,2,2,0,89,inf
RL_Enhanced,10,2,2,0,90,inf
RL_Enhanced,10,2,2,0,91,inf
RL_Enhanced,10,2,2,0,92,inf
RL_Enhanced,10,2,2,0,93,inf
RL_Enhanced,10,2,2,0,94,inf
RL_Enhanced,10,2,2,0,95,inf
RL_Enhanced,10,2,2,0,96,inf
RL_Enhanced,10,2,2,0,97,inf
RL_Enhanced,10,2,2,0,98,inf
RL_Enhanced,10,2,2,0,99,inf
RL_Enhanced,10,2,2,0,100,inf
Random,10,2,2,1,1,inf
Random,10,2,2,1,2,inf
Random,10,2,2,1,3,inf
Random,10,2,2,1,4,inf
Random,10,2,2,1,5,inf
Random,10,2,2,1,6,inf
Random,10,2,2,1,7,inf
Random,10,2,2,1,8,inf
Random,10,2,2,1,9,inf
Random,10,2,2,1,10,inf
Random,10,2,2,1,11,inf
Random,10,2,2,1,12,inf
Random,10,2,2,1,13,inf
Random,10,2,2,1,14,inf
Random,10,2,2,1,15,inf
Random,10,2,2,1,16,inf
Random,10,2,2,1,17,inf
Random,10,2,2,1,18,inf
Random,10,2,2,1,19,inf
Random,10,2,2,1,20,inf
Random,10,2,2,1,21,inf
Random,10,2,2,1,22,inf
Random,10,2,2,1,23,inf
Random,10,2,2,1,24,inf
Random,10,2,2,1,25,inf
Random,10,2,2,1,26,inf
Random,10,2,2,1,27,inf
Random,10,2,2,1,28,inf
Random,10,2,2,1,29,inf
Random,10,2,2,1,30,inf
Random,10,2,2,1,31,inf
Random,10,2,2,1,32,inf
Random,10,2,2,1,33,inf
Random,10,2,2,1,34,inf
Random,10,2,2,1,35,inf
Random,10,2,2,1,36,inf
Random,10,2,2,1,37,inf
Random,10,2,2,1,38,inf
Random,10,2,2,1,39,inf
Random,10,2,2,1,40,inf
Random,10,2,2,1,41,inf
Random,10,2,2,1,42,inf
Random,10,2,2,1,43,inf
Random,10,2,2,1,44,inf
Random,10,2,2,1,45,inf
Random,10,2,2,1,46,inf
Random,10,2,2,1,47,inf
Random,10,2,2,1,48,inf
Random,10,2,2,1,49,inf
Random,10,2,2,1,50,inf
Random,10,2,2,1,51,inf
Random,10,2,2,1,52,inf
Random,10,2,2,1,53,inf
Random,10,2,2,1,54,inf
Random,10,2,2,1,55,inf
Random,10,2,2,1,56,inf
Random,10,2,2,1,57,inf
Random,10,2,2,1,58,inf
Random,10,2,2,1,59,inf
Random,10,2,2,1,60,inf
Random,10,2,2,1,61,inf
Random,10,2,2,1,62,inf
Random,10,2,2,1,63,inf
Random,10,2,2,1,64,inf
Random,10,2,2,1,65,inf
Random,10,2,2,1,66,inf
Random,10,2,2,1,67,inf
Random,10,2,2,1,68,inf
Random,10,2,2,1,69,inf
Random,10,2,2,1,70,inf
Random,10,2,2,1,71,inf
Random,10,2,2,1,72,inf
Random,10,2,2,1,73,inf
Random,10,2,2,1,74,inf
Random,10,2,2,1,75,inf
Random,10,2,2,1,76,inf
Random,10,2,2,1,77,inf
Random,10,2,2,1,78,inf
Random,10,2,2,1,79,inf
Random,10,2,2,1,80,inf
Random,10,2,2,1,81,inf
Random,10,2,2,1,82,inf
Random,10,2,2,1,83,inf
Random,10,2,2,1,84,inf
Random,10,2,2,1,85,inf
Random,10,2,2,1,86,inf
Random,10,2,2,1,87,inf
Random,10,2,2,1,88,inf
Random,10,2,2,1,89,inf
Random,10,2,2,1,90,inf
Random,10,2,2,1,91,inf
Random,10,2,2,1,92,inf
Random,10,2,2,1,93,inf
Random,10,2,2,1,94,inf
Random,10,2,2,1,95,inf
Random,10,2,2,1,96,inf
Random,10,2,2,1,97,inf
Random,10,2,2,1,98,inf
Random,10,2,2,1,99,inf
Random,10,2,2,1,100,inf
qLogEI,10,2,2,1,1,inf
qLogEI,10,2,2,1,2,inf
qLogEI,10,2,2,1,3,inf
qLogEI,10,2,2,1,4,inf
qLogEI,10,2,2,1,5,inf
qLogEI,10,2,2,1,6,inf
qLogEI,10,2,2,1,7,inf
qLogEI,10,2,2,1,8,inf
qLogEI,10,2,2,1,9,inf
qLogEI,10,2,2,1,10,inf
qLogEI,10,2,2,1,11,inf
qLogEI,10,2,2,1,12,inf
qLogEI,10,2,2,1,13,inf
qLogEI,10,2,2,1,14,inf
qLogEI,10,2,2,1,15,inf
qLogEI,10,2,2,1,16,inf
qLogEI,10,2,2,1,17,inf
qLogEI,10,2,2,1,18,inf
qLogEI,10,2,2,1,19,inf
qLogEI,10,2,2,1,20,inf
qLogEI,10,2,2,1,21,inf
qLogEI,10,2,2,1,22,inf
qLogEI,10,2,2,1,23,inf
qLogEI,10,2,2,1,24,inf
qLogEI,10,2,2,1,25,inf
qLogEI,10,2,2,1,26,inf
qLogEI,10,2,2,1,27,inf
qLogEI,10,2,2,1,28,inf
qLogEI,10,2,2,1,29,inf
qLogEI,10,2,2,1,30,inf
qLogEI,10,2,2,1,31,inf
qLogEI,10,2,2,1,32,inf
qLogEI,10,2,2,1,33,inf
qLogEI,10,2,2,1,34,inf
qLogEI,10,2,2,1,35,inf
qLogEI,10,2,2,1,36,inf
qLogEI,10,2,2,1,37,inf
qLogEI,10,2,2,1,38,inf
qLogEI,10,2,2,1,39,inf
qLogEI,10,2,2,1,40,inf
qLogEI,10,2,2,1,41,inf
qLogEI,10,2,2,1,42,inf
qLogEI,10,2,2,1,43,inf
qLogEI,10,2,2,1,44,inf
qLogEI,10,2,2,1,45,inf
qLogEI,10,2,2,1,46,inf
qLogEI,10,2,2,1,47,inf
qLogEI,10,2,2,1,48,inf
qLogEI,10,2,2,1,49,inf
qLogEI,10,2,2,1,50,inf
qLogEI,10,2,2,1,51,inf
qLogEI,10,2,2,1,52,inf
qLogEI,10,2,2,1,53,inf
qLogEI,10,2,2,1,54,inf
qLogEI,10,2,2,1,55,inf
qLogEI,10,2,2,1,56,inf
qLogEI,10,2,2,1,57,inf
qLogEI,10,2,2,1,58,inf
qLogEI,10,2,2,1,59,inf
qLogEI,10,2,2,1,60,inf
qLogEI,10,2,2,1,61,inf
qLogEI,10,2,2,1,62,inf
qLogEI,10,2,2,1,63,inf
qLogEI,10,2,2,1,64,inf
qLogEI,10,2,2,1,65,inf
qLogEI,10,2,2,1,66,inf
qLogEI,10,2,2,1,67,inf
qLogEI,10,2,2,1,68,inf
qLogEI,10,2,2,1,69,inf
qLogEI,10,2,2,1,70,inf
qLogEI,10,2,2,1,71,inf
qLogEI,10,2,2,1,72,inf
qLogEI,10,2,2,1,73,inf
qLogEI,10,2,2,1,74,inf
qLogEI,10,2,2,1,75,inf
qLogEI,10,2,2,1,76,inf
qLogEI,10,2,2,1,77,inf
qLogEI,10,2,2,1,78,inf
qLogEI,10,2,2,1,79,inf
qLogEI,10,2,2,1,80,inf
qLogEI,10,2,2,1,81,inf
qLogEI,10,2,2,1,82,inf
qLogEI,10,2,2,1,83,96.4131971158912
qLogEI,10,2,2,1,84,96.4131971158912
qLogEI,10,2,2,1,85,96.4131971158912
qLogEI,10,2,2,1,86,96.4131971158912
qLogEI,10,2,2,1,87,96.4131971158912
qLogEI,10,2,2,1,88,96.4131971158912
qLogEI,10,2,2,1,89,96.4131971158912
qLogEI,10,2,2,1,90,96.4131971158912
qLogEI,10,2,2,1,91,96.4131971158912
qLogEI,10,2,2,1,92,96.4131971158912
qLogEI,10,2,2,1,93,96.4131971158912
qLogEI,10,2,2,1,94,96.4131971158912
qLogEI,10,2,2,1,95,96.4131971158912
qLogEI,10,2,2,1,96,96.4131971158912
qLogEI,10,2,2,1,97,96.4131971158912
qLogEI,10,2,2,1,98,96.4131971158912
qLogEI,10,2,2,1,99,96.4131971158912
qLogEI,10,2,2,1,100,96.4131971158912
RL_Enhanced,10,2,2,1,1,inf
RL_Enhanced,10,2,2,1,2,inf
RL_Enhanced,10,2,2,1,3,inf
RL_Enhanced,10,2,2,1,4,inf
RL_Enhanced,10,2,2,1,5,inf
RL_Enhanced,10,2,2,1,6,inf
RL_Enhanced,10,2,2,1,7,inf
RL_Enhanced,10,2,2,1,8,inf
RL_Enhanced,10,2,2,1,9,inf
RL_Enhanced,10,2,2,1,10,inf
RL_Enhanced,10,2,2,1,11,inf
RL_Enhanced,10,2,2,1,12,inf
RL_Enhanced,10,2,2,1,13,inf
RL_Enhanced,10,2,2,1,14,inf
RL_Enhanced,10,2,2,1,15,inf
RL_Enhanced,10,2,2,1,16,inf
RL_Enhanced,10,2,2,1,17,inf
RL_Enhanced,10,2,2,1,18,inf
RL_Enhanced,10,2,2,1,19,inf
RL_Enhanced,10,2,2,1,20,inf
RL_Enhanced,10,2,2,1,21,inf
RL_Enhanced,10,2,2,1,22,inf
RL_Enhanced,10,2,2,1,23,inf
RL_Enhanced,10,2,2,1,24,inf
RL_Enhanced,10,2,2,1,25,inf
RL_Enhanced,10,2,2,1,26,inf
RL_Enhanced,10,2,2,1,27,inf
RL_Enhanced,10,2,2,1,28,inf
RL_Enhanced,10,2,2,1,29,inf
RL_Enhanced,10,2,2,1,30,inf
RL_Enhanced,10,2,2,1,31,inf
RL_Enhanced,10,2,2,1,32,inf
RL_Enhanced,10,2,2,1,33,inf
RL_Enhanced,10,2,2,1,34,inf
RL_Enhanced,10,2,2,1,35,inf
RL_Enhanced,10,2,2,1,36,inf
RL_Enhanced,10,2,2,1,37,inf
RL_Enhanced,10,2,2,1,38,inf
RL_Enhanced,10,2,2,1,39,inf
RL_Enhanced,10,2,2,1,40,inf
RL_Enhanced,10,2,2,1,41,inf
RL_Enhanced,10,2,2,1,42,inf
RL_Enhanced,10,2,2,1,43,inf
RL_Enhanced,10,2,2,1,44,inf
RL_Enhanced,10,2,2,1,45,inf
RL_Enhanced,10,2,2,1,46,inf
RL_Enhanced,10,2,2,1,47,inf
RL_Enhanced,10,2,2,1,48,inf
RL_Enhanced,10,2,2,1,49,inf
RL_Enhanced,10,2,2,1,50,inf
RL_Enhanced,10,2,2,1,51,inf
RL_Enhanced,10,2,2,1,52,inf
RL_Enhanced,10,2,2,1,53,inf
RL_Enhanced,10,2,2,1,54,inf
RL_Enhanced,10,2,2,1,55,inf
RL_Enhanced,10,2,2,1,56,inf
RL_Enhanced,10,2,2,1,57,inf
RL_Enhanced,10,2,2,1,58,inf
RL_Enhanced,10,2,2,1,59,inf
RL_Enhanced,10,2,2,1,60,inf
RL_Enhanced,10,2,2,1,61,inf
RL_Enhanced,10,2,2,1,62,inf
RL_Enhanced,10,2,2,1,63,inf
RL_Enhanced,10,2,2,1,64,inf
RL_Enhanced,10,2,2,1,65,inf
RL_Enhanced,10,2,2,1,66,inf
RL_Enhanced,10,2,2,1,67,inf
RL_Enhanced,10,2,2,1,68,inf
RL_Enhanced,10,2,2,1,69,inf
RL_Enhanced,10,2,2,1,70,inf
RL_Enhanced,10,2,2,1,71,inf
RL_Enhanced,10,2,2,1,72,inf
RL_Enhanced,10,2,2,1,73,inf
RL_Enhanced,10,2,2,1,74,inf
RL_Enhanced,10,2,2,1,75,inf
RL_Enhanced,10,2,2,1,76,inf
RL_Enhanced,10,2,2,1,77,inf
RL_Enhanced,10,2,2,1,78,inf
RL_Enhanced,10,2,2,1,79,inf
RL_Enhanced,10,2,2,1,80,inf
RL_Enhanced,10,2,2,1,81,inf
RL_Enhanced,10,2,2,1,82,inf
RL_Enhanced,10,2,2,1,83,inf
RL_Enhanced,10,2,2,1,84,inf
RL_Enhanced,10,2,2,1,85,inf
RL_Enhanced,10,2,2,1,86,inf
RL_Enhanced,10,2,2,1,87,inf
RL_Enhanced,10,2,2,1,88,inf
RL_Enhanced,10,2,2,1,89,inf
RL_Enhanced,10,2,2,1,90,inf
RL_Enhanced,10,2,2,1,91,inf
RL_Enhanced,10,2,2,1,92,inf
RL_Enhanced,10,2,2,1,93,inf
RL_Enhanced,10,2,2,1,94,inf
RL_Enhanced,10,2,2,1,95,inf
RL_Enhanced,10,2,2,1,96,inf
RL_Enhanced,10,2,2,1,97,inf
RL_Enhanced,10,2,2,1,98,inf
RL_Enhanced,10,2,2,1,99,inf
RL_Enhanced,10,2,2,1,100,inf
Random,10,2,2,2,1,790.4101432023654
Random,10,2,2,2,2,790.4101432023654
Random,10,2,2,2,3,790.4101432023654
Random,10,2,2,2,4,790.4101432023654
Random,10,2,2,2,5,790.4101432023654
Random,10,2,2,2,6,790.4101432023654
Random,10,2,2,2,7,790.4101432023654
Random,10,2,2,2,8,790.4101432023654
Random,10,2,2,2,9,790.4101432023654
Random,10,2,2,2,10,790.4101432023654
Random,10,2,2,2,11,790.4101432023654
Random,10,2,2,2,12,790.4101432023654
Random,10,2,2,2,13,790.4101432023654
Random,10,2,2,2,14,790.4101432023654
Random,10,2,2,2,15,790.4101432023654
Random,10,2,2,2,16,790.4101432023654
Random,10,2,2,2,17,790.4101432023654
Random,10,2,2,2,18,790.4101432023654
Random,10,2,2,2,19,790.4101432023654
Random,10,2,2,2,20,790.4101432023654
Random,10,2,2,2,21,790.4101432023654
Random,10,2,2,2,22,790.4101432023654
Random,10,2,2,2,23,790.4101432023654
Random,10,2,2,2,24,790.4101432023654
Random,10,2,2,2,25,790.4101432023654
Random,10,2,2,2,26,790.4101432023654
Random,10,2,2,2,27,790.4101432023654
Random,10,2,2,2,28,790.4101432023654
Random,10,2,2,2,29,790.4101432023654
Random,10,2,2,2,30,790.4101432023654
Random,10,2,2,2,31,790.4101432023654
Random,10,2,2,2,32,790.4101432023654
Random,10,2,2,2,33,790.4101432023654
Random,10,2,2,2,34,790.4101432023654
Random,10,2,2,2,35,790.4101432023654
Random,10,2,2,2,36,790.4101432023654
Random,10,2,2,2,37,790.4101432023654
Random,10,2,2,2,38,790.4101432023654
Random,10,2,2,2,39,790.4101432023654
Random,10,2,2,2,40,790.4101432023654
Random,10,2,2,2,41,790.4101432023654
Random,10,2,2,2,42,790.4101432023654
Random,10,2,2,2,43,790.4101432023654
Random,10,2,2,2,44,790.4101432023654
Random,10,2,2,2,45,790.4101432023654
Random,10,2,2,2,46,790.4101432023654
Random,10,2,2,2,47,790.4101432023654
Random,10,2,2,2,48,790.4101432023654
Random,10,2,2,2,49,790.4101432023654
Random,10,2,2,2,50,790.4101432023654
Random,10,2,2,2,51,790.4101432023654
Random,10,2,2,2,52,790.4101432023654
Random,10,2,2,2,53,790.4101432023654
Random,10,2,2,2,54,790.4101432023654
Random,10,2,2,2,55,790.4101432023654
Random,10,2,2,2,56,790.4101432023654
Random,10,2,2,2,57,790.4101432023654
Random,10,2,2,2,58,790.4101432023654
Random,10,2,2,2,59,790.4101432023654
Random,10,2,2,2,60,790.4101432023654
Random,10,2,2,2,61,790.4101432023654
Random,10,2,2,2,62,790.4101432023654
Random,10,2,2,2,63,790.4101432023654
Random,10,2,2,2,64,790.4101432023654
Random,10,2,2,2,65,790.4101432023654
Random,10,2,2,2,66,790.4101432023654
Random,10,2,2,2,67,790.4101432023654
Random,10,2,2,2,68,790.4101432023654
Random,10,2,2,2,69,790.4101432023654
Random,10,2,2,2,70,790.4101432023654
Random,10,2,2,2,71,790.4101432023654
Random,10,2,2,2,72,790.4101432023654
Random,10,2,2,2,73,790.4101432023654
Random,10,2,2,2,74,790.4101432023654
Random,10,2,2,2,75,790.4101432023654
Random,10,2,2,2,76,790.4101432023654
Random,10,2,2,2,77,790.4101432023654
Random,10,2,2,2,78,790.4101432023654
Random,10,2,2,2,79,790.4101432023654
Random,10,2,2,2,80,790.4101432023654
Random,10,2,2,2,81,596.1498646729353
Random,10,2,2,2,82,596.1498646729353
Random,10,2,2,2,83,596.1498646729353
Random,10,2,2,2,84,596.1498646729353
Random,10,2,2,2,85,596.1498646729353
Random,10,2,2,2,86,596.1498646729353
Random,10,2,2,2,87,596.1498646729353
Random,10,2,2,2,88,596.1498646729353
Random,10,2,2,2,89,576.919230566215
Random,10,2,2,2,90,576.919230566215
Random,10,2,2,2,91,576.919230566215
Random,10,2,2,2,92,576.919230566215
Random,10,2,2,2,93,576.919230566215
Random,10,2,2,2,94,576.919230566215
Random,10,2,2,2,95,576.919230566215
Random,10,2,2,2,96,576.919230566215
Random,10,2,2,2,97,576.919230566215
Random,10,2,2,2,98,576.919230566215
Random,10,2,2,2,99,576.919230566215
Random,10,2,2,2,100,576.919230566215
qLogEI,10,2,2,2,1,790.4101432023654
qLogEI,10,2,2,2,2,790.4101432023654
qLogEI,10,2,2,2,3,790.4101432023654
qLogEI,10,2,2,2,4,790.4101432023654
qLogEI,10,2,2,2,5,790.4101432023654
qLogEI,10,2,2,2,6,790.4101432023654
qLogEI,10,2,2,2,7,790.4101432023654
qLogEI,10,2,2,2,8,790.4101432023654
qLogEI,10,2,2,2,9,790.4101432023654
qLogEI,10,2,2,2,10,790.4101432023654
qLogEI,10,2,2,2,11,790.4101432023654
qLogEI,10,2,2,2,12,790.4101432023654
qLogEI,10,2,2,2,13,790.4101432023654
qLogEI,10,2,2,2,14,790.4101432023654
qLogEI,10,2,2,2,15,790.4101432023654
qLogEI,10,2,2,2,16,790.4101432023654
qLogEI,10,2,2,2,17,790.4101432023654
qLogEI,10,2,2,2,18,790.4101432023654
qLogEI,10,2,2,2,19,790.4101432023654
qLogEI,10,2,2,2,20,790.4101432023654
qLogEI,10,2,2,2,21,790.4101432023654
qLogEI,10,2,2,2,22,790.4101432023654
qLogEI,10,2,2,2,23,790.4101432023654
qLogEI,10,2,2,2,24,790.4101432023654
qLogEI,10,2,2,2,25,790.4101432023654
qLogEI,10,2,2,2,26,790.4101432023654
qLogEI,10,2,2,2,27,790.4101432023654
qLogEI,10,2,2,2,28,790.4101432023654
qLogEI,10,2,2,2,29,790.4101432023654
qLogEI,10,2,2,2,30,790.4101432023654
qLogEI,10,2,2,2,31,790.4101432023654
qLogEI,10,2,2,2,32,790.4101432023654
qLogEI,10,2,2,2,33,790.4101432023654
qLogEI,10,2,2,2,34,790.4101432023654
qLogEI,10,2,2,2,35,790.4101432023654
qLogEI,10,2,2,2,36,790.4101432023654
qLogEI,10,2,2,2,37,790.4101432023654
qLogEI,10,2,2,2,38,790.4101432023654
qLogEI,10,2,2,2,39,790.4101432023654
qLogEI,10,2,2,2,40,790.4101432023654
qLogEI,10,2,2,2,41,790.4101432023654
qLogEI,10,2,2,2,42,790.4101432023654
qLogEI,10,2,2,2,43,790.4101432023654
qLogEI,10,2,2,2,44,790.4101432023654
qLogEI,10,2,2,2,45,790.4101432023654
qLogEI,10,2,2,2,46,790.4101432023654
qLogEI,10,2,2,2,47,790.4101432023654
qLogEI,10,2,2,2,48,790.4101432023654
qLogEI,10,2,2,2,49,790.4101432023654
qLogEI,10,2,2,2,50,790.4101432023654
qLogEI,10,2,2,2,51,790.4101432023654
qLogEI,10,2,2,2,52,790.4101432023654
qLogEI,10,2,2,2,53,790.4101432023654
qLogEI,10,2,2,2,54,790.4101432023654
qLogEI,10,2,2,2,55,790.4101432023654
qLogEI,10,2,2,2,56,790.4101432023654
qLogEI,10,2,2,2,57,790.4101432023654
qLogEI,10,2,2,2,58,790.4101432023654
qLogEI,10,2,2,2,59,790.4101432023654
qLogEI,10,2,2,2,60,790.4101432023654
qLogEI,10,2,2,2,61,790.4101432023654
qLogEI,10,2,2,2,62,790.4101432023654
qLogEI,10,2,2,2,63,790.4101432023654
qLogEI,10,2,2,2,64,790.4101432023654
qLogEI,10,2,2,2,65,790.4101432023654
qLogEI,10,2,2,2,66,790.4101432023654
qLogEI,10,2,2,2,67,790.4101432023654
qLogEI,10,2,2,2,68,790.4101432023654
qLogEI,10,2,2,2,69,790.4101432023654
qLogEI,10,2,2,2,70,790.4101432023654
qLogEI,10,2,2,2,71,790.4101432023654
qLogEI,10,2,2,2,72,790.4101432023654
qLogEI,10,2,2,2,73,790.4101432023654
qLogEI,10,2,2,2,74,790.4101432023654
qLogEI,10,2,2,2,75,790.4101432023654
qLogEI,10,2,2,2,76,790.4101432023654
qLogEI,10,2,2,2,77,790.4101432023654
qLogEI,10,2,2,2,78,-226.8395526849136
qLogEI,10,2,2,2,79,-226.8395526849136
qLogEI,10,2,2,2,80,-226.8395526849136
qLogEI,10,2,2,2,81,-226.8395526849136
qLogEI,10,2,2,2,82,-226.8395526849136
qLogEI,10,2,2,2,83,-226.8395526849136
qLogEI,10,2,2,2,84,-226.8395526849136
qLogEI,10,2,2,2,85,-226.8395526849136
qLogEI,10,2,2,2,86,-226.8395526849136
qLogEI,10,2,2,2,87,-226.8395526849136
qLogEI,10,2,2,2,88,-279.83753365420426
qLogEI,10,2,2,2,89,-292.175142933366
qLogEI,10,2,2,2,90,-292.175142933366
qLogEI,10,2,2,2,91,-292.175142933366
qLogEI,10,2,2,2,92,-292.175142933366
qLogEI,10,2,2,2,93,-292.175142933366
qLogEI,10,2,2,2,94,-292.175142933366
qLogEI,10,2,2,2,95,-292.175142933366
qLogEI,10,2,2,2,96,-292.175142933366
qLogEI,10,2,2,2,97,-292.175142933366
qLogEI,10,2,2,2,98,-292.175142933366
qLogEI,10,2,2,2,99,-292.175142933366
qLogEI,10,2,2,2,100,-292.175142933366
RL_Enhanced,10,2,2,2,1,790.4101432023654
RL_Enhanced,10,2,2,2,2,790.4101432023654
RL_Enhanced,10,2,2,2,3,790.4101432023654
RL_Enhanced,10,2,2,2,4,790.4101432023654
RL_Enhanced,10,2,2,2,5,790.4101432023654
RL_Enhanced,10,2,2,2,6,790.4101432023654
RL_Enhanced,10,2,2,2,7,790.4101432023654
RL_Enhanced,10,2,2,2,8,790.4101432023654
RL_Enhanced,10,2,2,2,9,790.4101432023654
RL_Enhanced,10,2,2,2,10,790.4101432023654
RL_Enhanced,10,2,2,2,11,790.4101432023654
RL_Enhanced,10,2,2,2,12,790.4101432023654
RL_Enhanced,10,2,2,2,13,790.4101432023654
RL_Enhanced,10,2,2,2,14,790.4101432023654
RL_Enhanced,10,2,2,2,15,790.4101432023654
RL_Enhanced,10,2,2,2,16,790.4101432023654
RL_Enhanced,10,2,2,2,17,790.4101432023654
RL_Enhanced,10,2,2,2,18,790.4101432023654
RL_Enhanced,10,2,2,2,19,790.4101432023654
RL_Enhanced,10,2,2,2,20,790.4101432023654
RL_Enhanced,10,2,2,2,21,790.4101432023654
RL_Enhanced,10,2,2,2,22,790.4101432023654
RL_Enhanced,10,2,2,2,23,790.4101432023654
RL_Enhanced,10,2,2,2,24,790.4101432023654
RL_Enhanced,10,2,2,2,25,790.4101432023654
RL_Enhanced,10,2,2,2,26,790.4101432023654
RL_Enhanced,10,2,2,2,27,790.4101432023654
RL_Enhanced,10,2,2,2,28,790.4101432023654
RL_Enhanced,10,2,2,2,29,790.4101432023654
RL_Enhanced,10,2,2,2,30,790.4101432023654
RL_Enhanced,10,2,2,2,31,790.4101432023654
RL_Enhanced,10,2,2,2,32,790.4101432023654
RL_Enhanced,10,2,2,2,33,790.4101432023654
RL_Enhanced,10,2,2,2,34,790.4101432023654
RL_Enhanced,10,2,2,2,35,790.4101432023654
RL_Enhanced,10,2,2,2,36,790.4101432023654
RL_Enhanced,10,2,2,2,37,790.4101432023654
RL_Enhanced,10,2,2,2,38,790.4101432023654
RL_Enhanced,10,2,2,2,39,790.4101432023654
RL_Enhanced,10,2,2,2,40,790.4101432023654
RL_Enhanced,10,2,2,2,41,790.4101432023654
RL_Enhanced,10,2,2,2,42,790.4101432023654
RL_Enhanced,10,2,2,2,43,790.4101432023654
RL_Enhanced,10,2,2,2,44,790.4101432023654
RL_Enhanced,10,2,2,2,45,790.4101432023654
RL_Enhanced,10,2,2,2,46,790.4101432023654
RL_Enhanced,10,2,2,2,47,790.4101432023654
RL_Enhanced,10,2,2,2,48,790.4101432023654
RL_Enhanced,10,2,2,2,49,790.4101432023654
RL_Enhanced,10,2,2,2,50,790.4101432023654
RL_Enhanced,10,2,2,2,51,790.4101432023654
RL_Enhanced,10,2,2,2,52,790.4101432023654
RL_Enhanced,10,2,2,2,53,790.4101432023654
RL_Enhanced,10,2,2,2,54,790.4101432023654
RL_Enhanced,10,2,2,2,55,790.4101432023654
RL_Enhanced,10,2,2,2,56,790.4101432023654
RL_Enhanced,10,2,2,2,57,790.4101432023654
RL_Enhanced,10,2,2,2,58,790.4101432023654
RL_Enhanced,10,2,2,2,59,790.4101432023654
RL_Enhanced,10,2,2,2,60,790.4101432023654
RL_Enhanced,10,2,2,2,61,790.4101432023654
RL_Enhanced,10,2,2,2,62,790.4101432023654
RL_Enhanced,10,2,2,2,63,790.4101432023654
RL_Enhanced,10,2,2,2,64,790.4101432023654
RL_Enhanced,10,2,2,2,65,790.4101432023654
RL_Enhanced,10,2,2,2,66,790.4101432023654
RL_Enhanced,10,2,2,2,67,790.4101432023654
RL_Enhanced,10,2,2,2,68,790.4101432023654
RL_Enhanced,10,2,2,2,69,790.4101432023654
RL_Enhanced,10,2,2,2,70,790.4101432023654
RL_Enhanced,10,2,2,2,71,790.4101432023654
RL_Enhanced,10,2,2,2,72,790.4101432023654
RL_Enhanced,10,2,2,2,73,790.4101432023654
RL_Enhanced,10,2,2,2,74,790.4101432023654
RL_Enhanced,10,2,2,2,75,790.4101432023654
RL_Enhanced,10,2,2,2,76,790.4101432023654
RL_Enhanced,10,2,2,2,77,790.4101432023654
RL_Enhanced,10,2,2,2,78,790.4101432023654
RL_Enhanced,10,2,2,2,79,790.4101432023654
RL_Enhanced,10,2,2,2,80,790.4101432023654
RL_Enhanced,10,2,2,2,81,790.4101432023654
RL_Enhanced,10,2,2,2,82,790.4101432023654
RL_Enhanced,10,2,2,2,83,790.4101432023654
RL_Enhanced,10,2,2,2,84,790.4101432023654
RL_Enhanced,10,2,2,2,85,790.4101432023654
RL_Enhanced,10,2,2,2,86,790.4101432023654
RL_Enhanced,10,2,2,2,87,790.4101432023654
RL_Enhanced,10,2,2,2,88,790.4101432023654
RL_Enhanced,10,2,2,2,89,790.4101432023654
RL_Enhanced,10,2,2,2,90,790.4101432023654
RL_Enhanced,10,2,2,2,91,790.4101432023654
RL_Enhanced,10,2,2,2,92,790.4101432023654
RL_Enhanced,10,2,2,2,93,790.4101432023654
RL_Enhanced,10,2,2,2,94,790.4101432023654
RL_Enhanced,10,2,2,2,95,790.4101432023654
RL_Enhanced,10,2,2,2,96,790.4101432023654
RL_Enhanced,10,2,2,2,97,790.4101432023654
RL_Enhanced,10,2,2,2,98,790.4101432023654
RL_Enhanced,10,2,2,2,99,790.4101432023654
RL_Enhanced,10,2,2,2,100,790.4101432023654
Random,10,2,2,3,1,inf
Random,10,2,2,3,2,inf
Random,10,2,2,3,3,inf
Random,10,2,2,3,4,inf
Random,10,2,2,3,5,inf
Random,10,2,2,3,6,inf
Random,10,2,2,3,7,inf
Random,10,2,2,3,8,inf
Random,10,2,2,3,9,inf
Random,10,2,2,3,10,inf
Random,10,2,2,3,11,inf
Random,10,2,2,3,12,inf
Random,10,2,2,3,13,inf
Random,10,2,2,3,14,inf
Random,10,2,2,3,15,inf
Random,10,2,2,3,16,inf
Random,10,2,2,3,17,inf
Random,10,2,2,3,18,inf
Random,10,2,2,3,19,inf
Random,10,2,2,3,20,inf
Random,10,2,2,3,21,inf
Random,10,2,2,3,22,inf
Random,10,2,2,3,23,inf
Random,10,2,2,3,24,inf
Random,10,2,2,3,25,inf
Random,10,2,2,3,26,inf
Random,10,2,2,3,27,inf
Random,10,2,2,3,28,inf
Random,10,2,2,3,29,inf
Random,10,2,2,3,30,inf
Random,10,2,2,3,31,inf
Random,10,2,2,3,32,inf
Random,10,2,2,3,33,inf
Random,10,2,2,3,34,inf
Random,10,2,2,3,35,inf
Random,10,2,2,3,36,inf
Random,10,2,2,3,37,inf
Random,10,2,2,3,38,inf
Random,10,2,2,3,39,inf
Random,10,2,2,3,40,inf
Random,10,2,2,3,41,inf
Random,10,2,2,3,42,inf
Random,10,2,2,3,43,inf
Random,10,2,2,3,44,inf
Random,10,2,2,3,45,inf
Random,10,2,2,3,46,inf
Random,10,2,2,3,47,inf
Random,10,2,2,3,48,inf
Random,10,2,2,3,49,inf
Random,10,2,2,3,50,inf
Random,10,2,2,3,51,inf
Random,10,2,2,3,52,inf
Random,10,2,2,3,53,inf
Random,10,2,2,3,54,inf
Random,10,2,2,3,55,inf
Random,10,2,2,3,56,inf
Random,10,2,2,3,57,inf
Random,10,2,2,3,58,inf
Random,10,2,2,3,59,inf
Random,10,2,2,3,60,inf
Random,10,2,2,3,61,inf
Random,10,2,2,3,62,inf
Random,10,2,2,3,63,inf
Random,10,2,2,3,64,inf
Random,10,2,2,3,65,inf
Random,10,2,2,3,66,inf
Random,10,2,2,3,67,inf
Random,10,2,2,3,68,inf
Random,10,2,2,3,69,inf
Random,10,2,2,3,70,inf
Random,10,2,2,3,71,inf
Random,10,2,2,3,72,inf
Random,10,2,2,3,73,inf
Random,10,2,2,3,74,inf
Random,10,2,2,3,75,inf
Random,10,2,2,3,76,inf
Random,10,2,2,3,77,inf
Random,10,2,2,3,78,inf
Random,10,2,2,3,79,inf
Random,10,2,2,3,80,inf
Random,10,2,2,3,81,inf
Random,10,2,2,3,82,inf
Random,10,2,2,3,83,inf
Random,10,2,2,3,84,inf
Random,10,2,2,3,85,inf
Random,10,2,2,3,86,inf
Random,10,2,2,3,87,inf
Random,10,2,2,3,88,inf
Random,10,2,2,3,89,inf
Random,10,2,2,3,90,inf
Random,10,2,2,3,91,inf
Random,10,2,2,3,92,inf
Random,10,2,2,3,93,inf
Random,10,2,2,3,94,inf
Random,10,2,2,3,95,inf
Random,10,2,2,3,96,inf
Random,10,2,2,3,97,inf
Random,10,2,2,3,98,inf
Random,10,2,2,3,99,inf
Random,10,2,2,3,100,inf
qLogEI,10,2,2,3,1,inf
qLogEI,10,2,2,3,2,inf
qLogEI,10,2,2,3,3,inf
qLogEI,10,2,2,3,4,inf
qLogEI,10,2,2,3,5,inf
qLogEI,10,2,2,3,6,inf
qLogEI,10,2,2,3,7,inf
qLogEI,10,2,2,3,8,inf
qLogEI,10,2,2,3,9,inf
qLogEI,10,2,2,3,10,inf
qLogEI,10,2,2,3,11,inf
qLogEI,10,2,2,3,12,inf
qLogEI,10,2,2,3,13,inf
qLogEI,10,2,2,3,14,inf
qLogEI,10,2,2,3,15,inf
qLogEI,10,2,2,3,16,inf
qLogEI,10,2,2,3,17,inf
qLogEI,10,2,2,3,18,inf
qLogEI,10,2,2,3,19,inf
qLogEI,10,2,2,3,20,inf
qLogEI,10,2,2,3,21,inf
qLogEI,10,2,2,3,22,inf
qLogEI,10,2,2,3,23,inf
qLogEI,10,2,2,3,24,inf
qLogEI,10,2,2,3,25,inf
qLogEI,10,2,2,3,26,inf
qLogEI,10,2,2,3,27,inf
qLogEI,10,2,2,3,28,inf
qLogEI,10,2,2,3,29,inf
qLogEI,10,2,2,3,30,inf
qLogEI,10,2,2,3,31,inf
qLogEI,10,2,2,3,32,inf
qLogEI,10,2,2,3,33,inf
qLogEI,10,2,2,3,34,inf
qLogEI,10,2,2,3,35,inf
qLogEI,10,2,2,3,36,inf
qLogEI,10,2,2,3,37,inf
qLogEI,10,2,2,3,38,inf
qLogEI,10,2,2,3,39,inf
qLogEI,10,2,2,3,40,inf
qLogEI,10,2,2,3,41,inf
qLogEI,10,2,2,3,42,inf
qLogEI,10,2,2,3,43,inf
qLogEI,10,2,2,3,44,inf
qLogEI,10,2,2,3,45,inf
qLogEI,10,2,2,3,46,inf
qLogEI,10,2,2,3,47,inf
qLogEI,10,2,2,3,48,inf
qLogEI,10,2,2,3,49,inf
qLogEI,10,2,2,3,50,inf
qLogEI,10,2,2,3,51,inf
qLogEI,10,2,2,3,52,inf
qLogEI,10,2,2,3,53,inf
qLogEI,10,2,2,3,54,inf
qLogEI,10,2,2,3,55,inf
qLogEI,10,2,2,3,56,inf
qLogEI,10,2,2,3,57,inf
qLogEI,10,2,2,3,58,inf
qLogEI,10,2,2,3,59,inf
qLogEI,10,2,2,3,60,inf
qLogEI,10,2,2,3,61,inf
qLogEI,10,2,2,3,62,inf
qLogEI,10,2,2,3,63,inf
qLogEI,10,2,2,3,64,inf
qLogEI,10,2,2,3,65,inf
qLogEI,10,2,2,3,66,inf
qLogEI,10,2,2,3,67,inf
qLogEI,10,2,2,3,68,inf
qLogEI,10,2,2,3,69,-94.42469393180559
qLogEI,10,2,2,3,70,-94.42469393180559
qLogEI,10,2,2,3,71,-94.42469393180559
qLogEI,10,2,2,3,72,-94.42469393180559
qLogEI,10,2,2,3,73,-94.42469393180559
qLogEI,10,2,2,3,74,-94.42469393180559
qLogEI,10,2,2,3,75,-94.42469393180559
qLogEI,10,2,2,3,76,-94.42469393180559
qLogEI,10,2,2,3,77,-94.42469393180559
qLogEI,10,2,2,3,78,-94.42469393180559
qLogEI,10,2,2,3,79,-94.42469393180559
qLogEI,10,2,2,3,80,-94.42469393180559
qLogEI,10,2,2,3,81,-94.42469393180559
qLogEI,10,2,2,3,82,-94.42469393180559
qLogEI,10,2,2,3,83,-94.42469393180559
qLogEI,10,2,2,3,84,-94.42469393180559
qLogEI,10,2,2,3,85,-94.42469393180559
qLogEI,10,2,2,3,86,-94.42469393180559
qLogEI,10,2,2,3,87,-94.42469393180559
qLogEI,10,2,2,3,88,-94.42469393180559
qLogEI,10,2,2,3,89,-94.42469393180559
qLogEI,10,2,2,3,90,-94.42469393180559
qLogEI,10,2,2,3,91,-94.42469393180559
qLogEI,10,2,2,3,92,-94.42469393180559
qLogEI,10,2,2,3,93,-94.42469393180559
qLogEI,10,2,2,3,94,-94.42469393180559
qLogEI,10,2,2,3,95,-94.42469393180559
qLogEI,10,2,2,3,96,-94.42469393180559
qLogEI,10,2,2,3,97,-94.42469393180559
qLogEI,10,2,2,3,98,-94.42469393180559
qLogEI,10,2,2,3,99,-94.42469393180559
qLogEI,10,2,2,3,100,-94.42469393180559
RL_Enhanced,10,2,2,3,1,inf
RL_Enhanced,10,2,2,3,2,inf
RL_Enhanced,10,2,2,3,3,inf
RL_Enhanced,10,2,2,3,4,inf
RL_Enhanced,10,2,2,3,5,inf
RL_Enhanced,10,2,2,3,6,inf
RL_Enhanced,10,2,2,3,7,inf
RL_Enhanced,10,2,2,3,8,inf
RL_Enhanced,10,2,2,3,9,inf
RL_Enhanced,10,2,2,3,10,inf
RL_Enhanced,10,2,2,3,11,inf
RL_Enhanced,10,2,2,3,12,inf
RL_Enhanced,10,2,2,3,13,inf
RL_Enhanced,10,2,2,3,14,inf
RL_Enhanced,10,2,2,3,15,inf
RL_Enhanced,10,2,2,3,16,inf
RL_Enhanced,10,2,2,3,17,inf
RL_Enhanced,10,2,2,3,18,inf
RL_Enhanced,10,2,2,3,19,inf
RL_Enhanced,10,2,2,3,20,inf
RL_Enhanced,10,2,2,3,21,inf
RL_Enhanced,10,2,2,3,22,inf
RL_Enhanced,10,2,2,3,23,inf
RL_Enhanced,10,2,2,3,24,inf
RL_Enhanced,10,2,2,3,25,inf
RL_Enhanced,10,2,2,3,26,inf
RL_Enhanced,10,2,2,3,27,inf
RL_Enhanced,10,2,2,3,28,inf
RL_Enhanced,10,2,2,3,29,inf
RL_Enhanced,10,2,2,3,30,inf
RL_Enhanced,10,2,2,3,31,inf
RL_Enhanced,10,2,2,3,32,inf
RL_Enhanced,10,2,2,3,33,inf
RL_Enhanced,10,2,2,3,34,inf
RL_Enhanced,10,2,2,3,35,inf
RL_Enhanced,10,2,2,3,36,inf
RL_Enhanced,10,2,2,3,37,inf
RL_Enhanced,10,2,2,3,38,inf
RL_Enhanced,10,2,2,3,39,inf
RL_Enhanced,10,2,2,3,40,inf
RL_Enhanced,10,2,2,3,41,inf
RL_Enhanced,10,2,2,3,42,inf
RL_Enhanced,10,2,2,3,43,inf
RL_Enhanced,10,2,2,3,44,inf
RL_Enhanced,10,2,2,3,45,inf
RL_Enhanced,10,2,2,3,46,inf
RL_Enhanced,10,2,2,3,47,inf
RL_Enhanced,10,2,2,3,48,inf
RL_Enhanced,10,2,2,3,49,inf
RL_Enhanced,10,2,2,3,50,inf
RL_Enhanced,10,2,2,3,51,inf
RL_Enhanced,10,2,2,3,52,inf
RL_Enhanced,10,2,2,3,53,inf
RL_Enhanced,10,2,2,3,54,inf
RL_Enhanced,10,2,2,3,55,inf
RL_Enhanced,10,2,2,3,56,inf
RL_Enhanced,10,2,2,3,57,inf
RL_Enhanced,10,2,2,3,58,inf
RL_Enhanced,10,2,2,3,59,inf
RL_Enhanced,10,2,2,3,60,inf
RL_Enhanced,10,2,2,3,61,inf
RL_Enhanced,10,2,2,3,62,inf
RL_Enhanced,10,2,2,3,63,inf
RL_Enhanced,10,2,2,3,64,inf
RL_Enhanced,10,2,2,3,65,inf
RL_Enhanced,10,2,2,3,66,inf
RL_Enhanced,10,2,2,3,67,inf
RL_Enhanced,10,2,2,3,68,inf
RL_Enhanced,10,2,2,3,69,inf
RL_Enhanced,10,2,2,3,70,inf
RL_Enhanced,10,2,2,3,71,inf
RL_Enhanced,10,2,2,3,72,inf
RL_Enhanced,10,2,2,3,73,inf
RL_Enhanced,10,2,2,3,74,inf
RL_Enhanced,10,2,2,3,75,inf
RL_Enhanced,10,2,2,3,76,inf
RL_Enhanced,10,2,2,3,77,inf
RL_Enhanced,10,2,2,3,78,inf
RL_Enhanced,10,2,2,3,79,inf
RL_Enhanced,10,2,2,3,80,inf
RL_Enhanced,10,2,2,3,81,inf
RL_Enhanced,10,2,2,3,82,inf
RL_Enhanced,10,2,2,3,83,inf
RL_Enhanced,10,2,2,3,84,inf
RL_Enhanced,10,2,2,3,85,inf
RL_Enhanced,10,2,2,3,86,inf
RL_Enhanced,10,2,2,3,87,inf
RL_Enhanced,10,2,2,3,88,inf
RL_Enhanced,10,2,2,3,89,inf
RL_Enhanced,10,2,2,3,90,inf
RL_Enhanced,10,2,2,3,91,inf
RL_Enhanced,10,2,2,3,92,inf
RL_Enhanced,10,2,2,3,93,inf
RL_Enhanced,10,2,2,3,94,inf
RL_Enhanced,10,2,2,3,95,inf
RL_Enhanced,10,2,2,3,96,inf
RL_Enhanced,10,2,2,3,97,inf
RL_Enhanced,10,2,2,3,98,inf
RL_Enhanced,10,2,2,3,99,inf
RL_Enhanced,10,2,2,3,100,inf
Random,10,2,2,4,1,inf
Random,10,2,2,4,2,inf
Random,10,2,2,4,3,inf
Random,10,2,2,4,4,inf
Random,10,2,2,4,5,inf
Random,10,2,2,4,6,inf
Random,10,2,2,4,7,inf
Random,10,2,2,4,8,inf
Random,10,2,2,4,9,inf
Random,10,2,2,4,10,inf
Random,10,2,2,4,11,inf
Random,10,2,2,4,12,inf
Random,10,2,2,4,13,inf
Random,10,2,2,4,14,inf
Random,10,2,2,4,15,inf
Random,10,2,2,4,16,inf
Random,10,2,2,4,17,inf
Random,10,2,2,4,18,inf
Random,10,2,2,4,19,inf
Random,10,2,2,4,20,586.1677105463281
Random,10,2,2,4,21,586.1677105463281
Random,10,2,2,4,22,586.1677105463281
Random,10,2,2,4,23,586.1677105463281
Random,10,2,2,4,24,586.1677105463281
Random,10,2,2,4,25,586.1677105463281
Random,10,2,2,4,26,586.1677105463281
Random,10,2,2,4,27,586.1677105463281
Random,10,2,2,4,28,586.1677105463281
Random,10,2,2,4,29,586.1677105463281
Random,10,2,2,4,30,586.1677105463281
Random,10,2,2,4,31,586.1677105463281
Random,10,2,2,4,32,586.1677105463281
Random,10,2,2,4,33,586.1677105463281
Random,10,2,2,4,34,586.1677105463281
Random,10,2,2,4,35,586.1677105463281
Random,10,2,2,4,36,586.1677105463281
Random,10,2,2,4,37,586.1677105463281
Random,10,2,2,4,38,586.1677105463281
Random,10,2,2,4,39,586.1677105463281
Random,10,2,2,4,40,586.1677105463281
Random,10,2,2,4,41,586.1677105463281
Random,10,2,2,4,42,586.1677105463281
Random,10,2,2,4,43,586.1677105463281
Random,10,2,2,4,44,586.1677105463281
Random,10,2,2,4,45,586.1677105463281
Random,10,2,2,4,46,586.1677105463281
Random,10,2,2,4,47,586.1677105463281
Random,10,2,2,4,48,586.1677105463281
Random,10,2,2,4,49,586.1677105463281
Random,10,2,2,4,50,586.1677105463281
Random,10,2,2,4,51,586.1677105463281
Random,10,2,2,4,52,586.1677105463281
Random,10,2,2,4,53,586.1677105463281
Random,10,2,2,4,54,586.1677105463281
Random,10,2,2,4,55,586.1677105463281
Random,10,2,2,4,56,586.1677105463281
Random,10,2,2,4,57,586.1677105463281
Random,10,2,2,4,58,586.1677105463281
Random,10,2,2,4,59,586.1677105463281
Random,10,2,2,4,60,586.1677105463281
Random,10,2,2,4,61,586.1677105463281
Random,10,2,2,4,62,586.1677105463281
Random,10,2,2,4,63,586.1677105463281
Random,10,2,2,4,64,586.1677105463281
Random,10,2,2,4,65,586.1677105463281
Random,10,2,2,4,66,586.1677105463281
Random,10,2,2,4,67,586.1677105463281
Random,10,2,2,4,68,586.1677105463281
Random,10,2,2,4,69,586.1677105463281
Random,10,2,2,4,70,586.1677105463281
Random,10,2,2,4,71,586.1677105463281
Random,10,2,2,4,72,586.1677105463281
Random,10,2,2,4,73,586.1677105463281
Random,10,2,2,4,74,586.1677105463281
Random,10,2,2,4,75,586.1677105463281
Random,10,2,2,4,76,586.1677105463281
Random,10,2,2,4,77,586.1677105463281
Random,10,2,2,4,78,586.1677105463281
Random,10,2,2,4,79,586.1677105463281
Random,10,2,2,4,80,586.1677105463281
Random,10,2,2,4,81,586.1677105463281
Random,10,2,2,4,82,586.1677105463281
Random,10,2,2,4,83,586.1677105463281
Random,10,2,2,4,84,586.1677105463281
Random,10,2,2,4,85,586.1677105463281
Random,10,2,2,4,86,586.1677105463281
Random,10,2,2,4,87,586.1677105463281
Random,10,2,2,4,88,586.1677105463281
Random,10,2,2,4,89,586.1677105463281
Random,10,2,2,4,90,586.1677105463281
Random,10,2,2,4,91,586.1677105463281
Random,10,2,2,4,92,586.1677105463281
Random,10,2,2,4,93,586.1677105463281
Random,10,2,2,4,94,586.1677105463281
Random,10,2,2,4,95,586.1677105463281
Random,10,2,2,4,96,586.1677105463281
Random,10,2,2,4,97,586.1677105463281
Random,10,2,2,4,98,586.1677105463281
Random,10,2,2,4,99,586.1677105463281
Random,10,2,2,4,100,586.1677105463281
qLogEI,10,2,2,4,1,inf
qLogEI,10,2,2,4,2,inf
qLogEI,10,2,2,4,3,inf
qLogEI,10,2,2,4,4,inf
qLogEI,10,2,2,4,5,inf
qLogEI,10,2,2,4,6,inf
qLogEI,10,2,2,4,7,inf
qLogEI,10,2,2,4,8,inf
qLogEI,10,2,2,4,9,inf
qLogEI,10,2,2,4,10,inf
qLogEI,10,2,2,4,11,inf
qLogEI,10,2,2,4,12,inf
qLogEI,10,2,2,4,13,inf
qLogEI,10,2,2,4,14,inf
qLogEI,10,2,2,4,15,inf
qLogEI,10,2,2,4,16,inf
qLogEI,10,2,2,4,17,inf
qLogEI,10,2,2,4,18,inf
qLogEI,10,2,2,4,19,inf
qLogEI,10,2,2,4,20,586.1677105463281
qLogEI,10,2,2,4,21,586.1677105463281
qLogEI,10,2,2,4,22,586.1677105463281
qLogEI,10,2,2,4,23,586.1677105463281
qLogEI,10,2,2,4,24,586.1677105463281
qLogEI,10,2,2,4,25,586.1677105463281
qLogEI,10,2,2,4,26,586.1677105463281
qLogEI,10,2,2,4,27,586.1677105463281
qLogEI,10,2,2,4,28,586.1677105463281
qLogEI,10,2,2,4,29,586.1677105463281
qLogEI,10,2,2,4,30,586.1677105463281
qLogEI,10,2,2,4,31,586.1677105463281
qLogEI,10,2,2,4,32,586.1677105463281
qLogEI,10,2,2,4,33,586.1677105463281
qLogEI,10,2,2,4,34,586.1677105463281
qLogEI,10,2,2,4,35,586.1677105463281
qLogEI,10,2,2,4,36,586.1677105463281
qLogEI,10,2,2,4,37,586.1677105463281
qLogEI,10,2,2,4,38,586.1677105463281
qLogEI,10,2,2,4,39,586.1677105463281
qLogEI,10,2,2,4,40,586.1677105463281
qLogEI,10,2,2,4,41,586.1677105463281
qLogEI,10,2,2,4,42,586.1677105463281
qLogEI,10,2,2,4,43,586.1677105463281
qLogEI,10,2,2,4,44,586.1677105463281
qLogEI,10,2,2,4,45,586.1677105463281
qLogEI,10,2,2,4,46,586.1677105463281
qLogEI,10,2,2,4,47,586.1677105463281
qLogEI,10,2,2,4,48,586.1677105463281
qLogEI,10,2,2,4,49,586.1677105463281
qLogEI,10,2,2,4,50,586.1677105463281
qLogEI,10,2,2,4,51,586.1677105463281
qLogEI,10,2,2,4,52,586.1677105463281
qLogEI,10,2,2,4,53,586.1677105463281
qLogEI,10,2,2,4,54,586.1677105463281
qLogEI,10,2,2,4,55,586.1677105463281
qLogEI,10,2,2,4,56,586.1677105463281
qLogEI,10,2,2,4,57,586.1677105463281
qLogEI,10,2,2,4,58,586.1677105463281
qLogEI,10,2,2,4,59,586.1677105463281
qLogEI,10,2,2,4,60,586.1677105463281
qLogEI,10,2,2,4,61,586.1677105463281
qLogEI,10,2,2,4,62,586.1677105463281
qLogEI,10,2,2,4,63,586.1677105463281
qLogEI,10,2,2,4,64,586.1677105463281
qLogEI,10,2,2,4,65,586.1677105463281
qLogEI,10,2,2,4,66,586.1677105463281
qLogEI,10,2,2,4,67,586.1677105463281
qLogEI,10,2,2,4,68,586.1677105463281
qLogEI,10,2,2,4,69,586.1677105463281
qLogEI,10,2,2,4,70,586.1677105463281
qLogEI,10,2,2,4,71,586.1677105463281
qLogEI,10,2,2,4,72,586.1677105463281
qLogEI,10,2,2,4,73,586.1677105463281
qLogEI,10,2,2,4,74,586.1677105463281
qLogEI,10,2,2,4,75,586.1677105463281
qLogEI,10,2,2,4,76,586.1677105463281
qLogEI,10,2,2,4,77,586.1677105463281
qLogEI,10,2,2,4,78,586.1677105463281
qLogEI,10,2,2,4,79,586.1677105463281
qLogEI,10,2,2,4,80,-243.03352918291566
qLogEI,10,2,2,4,81,-243.03352918291566
qLogEI,10,2,2,4,82,-243.03352918291566
qLogEI,10,2,2,4,83,-243.03352918291566
qLogEI,10,2,2,4,84,-243.03352918291566
qLogEI,10,2,2,4,85,-243.03352918291566
qLogEI,10,2,2,4,86,-243.03352918291566
qLogEI,10,2,2,4,87,-243.03352918291566
qLogEI,10,2,2,4,88,-243.03352918291566
qLogEI,10,2,2,4,89,-243.03352918291566
qLogEI,10,2,2,4,90,-313.12417917443065
qLogEI,10,2,2,4,91,-313.12417917443065
qLogEI,10,2,2,4,92,-313.12417917443065
qLogEI,10,2,2,4,93,-313.12417917443065
qLogEI,10,2,2,4,94,-313.12417917443065
qLogEI,10,2,2,4,95,-313.12417917443065
qLogEI,10,2,2,4,96,-313.12417917443065
qLogEI,10,2,2,4,97,-313.12417917443065
qLogEI,10,2,2,4,98,-313.12417917443065
qLogEI,10,2,2,4,99,-313.12417917443065
qLogEI,10,2,2,4,100,-313.12417917443065
RL_Enhanced,10,2,2,4,1,inf
RL_Enhanced,10,2,2,4,2,inf
RL_Enhanced,10,2,2,4,3,inf
RL_Enhanced,10,2,2,4,4,inf
RL_Enhanced,10,2,2,4,5,inf
RL_Enhanced,10,2,2,4,6,inf
RL_Enhanced,10,2,2,4,7,inf
RL_Enhanced,10,2,2,4,8,inf
RL_Enhanced,10,2,2,4,9,inf
RL_Enhanced,10,2,2,4,10,inf
RL_Enhanced,10,2,2,4,11,inf
RL_Enhanced,10,2,2,4,12,inf
RL_Enhanced,10,2,2,4,13,inf
RL_Enhanced,10,2,2,4,14,inf
RL_Enhanced,10,2,2,4,15,inf
RL_Enhanced,10,2,2,4,16,inf
RL_Enhanced,10,2,2,4,17,inf
RL_Enhanced,10,2,2,4,18,inf
RL_Enhanced,10,2,2,4,19,inf
RL_Enhanced,10,2,2,4,20,586.1677105463281
RL_Enhanced,10,2,2,4,21,586.1677105463281
RL_Enhanced,10,2,2,4,22,586.1677105463281
RL_Enhanced,10,2,2,4,23,586.1677105463281
RL_Enhanced,10,2,2,4,24,586.1677105463281
RL_Enhanced,10,2,2,4,25,586.1677105463281
RL_Enhanced,10,2,2,4,26,586.1677105463281
RL_Enhanced,10,2,2,4,27,586.1677105463281
RL_Enhanced,10,2,2,4,28,586.1677105463281
RL_Enhanced,10,2,2,4,29,586.1677105463281
RL_Enhanced,10,2,2,4,30,586.1677105463281
RL_Enhanced,10,2,2,4,31,586.1677105463281
RL_Enhanced,10,2,2,4,32,586.1677105463281
RL_Enhanced,10,2,2,4,33,586.1677105463281
RL_Enhanced,10,2,2,4,34,586.1677105463281
RL_Enhanced,10,2,2,4,35,586.1677105463281
RL_Enhanced,10,2,2,4,36,586.1677105463281
RL_Enhanced,10,2,2,4,37,586.1677105463281
RL_Enhanced,10,2,2,4,38,586.1677105463281
RL_Enhanced,10,2,2,4,39,586.1677105463281
RL_Enhanced,10,2,2,4,40,586.1677105463281
RL_Enhanced,10,2,2,4,41,586.1677105463281
RL_Enhanced,10,2,2,4,42,586.1677105463281
RL_Enhanced,10,2,2,4,43,586.1677105463281
RL_Enhanced,10,2,2,4,44,586.1677105463281
RL_Enhanced,10,2,2,4,45,586.1677105463281
RL_Enhanced,10,2,2,4,46,586.1677105463281
RL_Enhanced,10,2,2,4,47,586.1677105463281
RL_Enhanced,10,2,2,4,48,586.1677105463281
RL_Enhanced,10,2,2,4,49,586.1677105463281
RL_Enhanced,10,2,2,4,50,586.1677105463281
RL_Enhanced,10,2,2,4,51,586.1677105463281
RL_Enhanced,10,2,2,4,52,586.1677105463281
RL_Enhanced,10,2,2,4,53,586.1677105463281
RL_Enhanced,10,2,2,4,54,586.1677105463281
RL_Enhanced,10,2,2,4,55,586.1677105463281
RL_Enhanced,10,2,2,4,56,586.1677105463281
RL_Enhanced,10,2,2,4,57,586.1677105463281
RL_Enhanced,10,2,2,4,58,586.1677105463281
RL_Enhanced,10,2,2,4,59,586.1677105463281
RL_Enhanced,10,2,2,4,60,586.1677105463281
RL_Enhanced,10,2,2,4,61,586.1677105463281
RL_Enhanced,10,2,2,4,62,586.1677105463281
RL_Enhanced,10,2,2,4,63,586.1677105463281
RL_Enhanced,10,2,2,4,64,586.1677105463281
RL_Enhanced,10,2,2,4,65,586.1677105463281
RL_Enhanced,10,2,2,4,66,586.1677105463281
RL_Enhanced,10,2,2,4,67,586.1677105463281
RL_Enhanced,10,2,2,4,68,586.1677105463281
RL_Enhanced,10,2,2,4,69,586.1677105463281
RL_Enhanced,10,2,2,4,70,586.1677105463281
RL_Enhanced,10,2,2,4,71,586.1677105463281
RL_Enhanced,10,2,2,4,72,586.1677105463281
RL_Enhanced,10,2,2,4,73,586.1677105463281
RL_Enhanced,10,2,2,4,74,586.1677105463281
RL_Enhanced,10,2,2,4,75,586.1677105463281
RL_Enhanced,10,2,2,4,76,586.1677105463281
RL_Enhanced,10,2,2,4,77,586.1677105463281
RL_Enhanced,10,2,2,4,78,586.1677105463281
RL_Enhanced,10,2,2,4,79,586.1677105463281
RL_Enhanced,10,2,2,4,80,586.1677105463281
RL_Enhanced,10,2,2,4,81,586.1677105463281
RL_Enhanced,10,2,2,4,82,586.1677105463281
RL_Enhanced,10,2,2,4,83,586.1677105463281
RL_Enhanced,10,2,2,4,84,586.1677105463281
RL_Enhanced,10,2,2,4,85,586.1677105463281
RL_Enhanced,10,2,2,4,86,586.1677105463281
RL_Enhanced,10,2,2,4,87,586.1677105463281
RL_Enhanced,10,2,2,4,88,586.1677105463281
RL_Enhanced,10,2,2,4,89,586.1677105463281
RL_Enhanced,10,2,2,4,90,586.1677105463281
RL_Enhanced,10,2,2,4,91,586.1677105463281
RL_Enhanced,10,2,2,4,92,586.1677105463281
RL_Enhanced,10,2,2,4,93,586.1677105463281
RL_Enhanced,10,2,2,4,94,586.1677105463281
RL_Enhanced,10,2,2,4,95,586.1677105463281
RL_Enhanced,10,2,2,4,96,586.1677105463281
RL_Enhanced,10,2,2,4,97,586.1677105463281
RL_Enhanced,10,2,2,4,98,586.1677105463281
RL_Enhanced,10,2,2,4,99,586.1677105463281
RL_Enhanced,10,2,2,4,100,586.1677105463281
Random,10,2,3,0,1,1709.547164083051
Random,10,2,3,0,2,1709.547164083051
Random,10,2,3,0,3,1709.547164083051
Random,10,2,3,0,4,1709.547164083051
Random,10,2,3,0,5,1709.547164083051
Random,10,2,3,0,6,1709.547164083051
Random,10,2,3,0,7,1709.547164083051
Random,10,2,3,0,8,1709.547164083051
Random,10,2,3,0,9,1709.547164083051
Random,10,2,3,0,10,1709.547164083051
Random,10,2,3,0,11,1709.547164083051
Random,10,2,3,0,12,1709.547164083051
Random,10,2,3,0,13,1709.547164083051
Random,10,2,3,0,14,1709.547164083051
Random,10,2,3,0,15,1709.547164083051
Random,10,2,3,0,16,1709.547164083051
Random,10,2,3,0,17,1709.547164083051
Random,10,2,3,0,18,1709.547164083051
Random,10,2,3,0,19,1709.547164083051
Random,10,2,3,0,20,1709.547164083051
Random,10,2,3,0,21,1709.547164083051
Random,10,2,3,0,22,1709.547164083051
Random,10,2,3,0,23,1709.547164083051
Random,10,2,3,0,24,1709.547164083051
Random,10,2,3,0,25,1709.547164083051
Random,10,2,3,0,26,1709.547164083051
Random,10,2,3,0,27,1709.547164083051
Random,10,2,3,0,28,1709.547164083051
Random,10,2,3,0,29,1709.547164083051
Random,10,2,3,0,30,1709.547164083051
Random,10,2,3,0,31,1709.547164083051
Random,10,2,3,0,32,1709.547164083051
Random,10,2,3,0,33,1709.547164083051
Random,10,2,3,0,34,1709.547164083051
Random,10,2,3,0,35,1709.547164083051
Random,10,2,3,0,36,1709.547164083051
Random,10,2,3,0,37,1709.547164083051
Random,10,2,3,0,38,1709.547164083051
Random,10,2,3,0,39,1709.547164083051
Random,10,2,3,0,40,1709.547164083051
Random,10,2,3,0,41,1709.547164083051
Random,10,2,3,0,42,1709.547164083051
Random,10,2,3,0,43,1709.547164083051
Random,10,2,3,0,44,1709.547164083051
Random,10,2,3,0,45,1709.547164083051
Random,10,2,3,0,46,1709.547164083051
Random,10,2,3,0,47,1709.547164083051
Random,10,2,3,0,48,1709.547164083051
Random,10,2,3,0,49,1709.547164083051
Random,10,2,3,0,50,1709.547164083051
Random,10,2,3,0,51,1709.547164083051
Random,10,2,3,0,52,1709.547164083051
Random,10,2,3,0,53,1709.547164083051
Random,10,2,3,0,54,1709.547164083051
Random,10,2,3,0,55,1709.547164083051
Random,10,2,3,0,56,1709.547164083051
Random,10,2,3,0,57,1709.547164083051
Random,10,2,3,0,58,1709.547164083051
Random,10,2,3,0,59,1709.547164083051
Random,10,2,3,0,60,1709.547164083051
Random,10,2,3,0,61,1709.547164083051
Random,10,2,3,0,62,1709.547164083051
Random,10,2,3,0,63,1709.547164083051
Random,10,2,3,0,64,1709.547164083051
Random,10,2,3,0,65,1709.547164083051
Random,10,2,3,0,66,1709.547164083051
Random,10,2,3,0,67,1709.547164083051
Random,10,2,3,0,68,1709.547164083051
Random,10,2,3,0,69,1709.547164083051
Random,10,2,3,0,70,1709.547164083051
Random,10,2,3,0,71,1709.547164083051
Random,10,2,3,0,72,1709.547164083051
Random,10,2,3,0,73,1709.547164083051
Random,10,2,3,0,74,1709.547164083051
Random,10,2,3,0,75,1709.547164083051
Random,10,2,3,0,76,1709.547164083051
Random,10,2,3,0,77,1709.547164083051
Random,10,2,3,0,78,1709.547164083051
Random,10,2,3,0,79,1709.547164083051
Random,10,2,3,0,80,1709.547164083051
Random,10,2,3,0,81,1709.547164083051
Random,10,2,3,0,82,1709.547164083051
Random,10,2,3,0,83,1709.547164083051
Random,10,2,3,0,84,1709.547164083051
Random,10,2,3,0,85,1709.547164083051
Random,10,2,3,0,86,1709.547164083051
Random,10,2,3,0,87,1709.547164083051
Random,10,2,3,0,88,1709.547164083051
Random,10,2,3,0,89,1709.547164083051
Random,10,2,3,0,90,1709.547164083051
Random,10,2,3,0,91,1709.547164083051
Random,10,2,3,0,92,1709.547164083051
Random,10,2,3,0,93,1709.547164083051
Random,10,2,3,0,94,1709.547164083051
Random,10,2,3,0,95,1709.547164083051
Random,10,2,3,0,96,1709.547164083051
Random,10,2,3,0,97,1709.547164083051
Random,10,2,3,0,98,1709.547164083051
Random,10,2,3,0,99,1709.547164083051
Random,10,2,3,0,100,1709.547164083051
qLogEI,10,2,3,0,1,1709.547164083051
qLogEI,10,2,3,0,2,1709.547164083051
qLogEI,10,2,3,0,3,1709.547164083051
qLogEI,10,2,3,0,4,1709.547164083051
qLogEI,10,2,3,0,5,1709.547164083051
qLogEI,10,2,3,0,6,1709.547164083051
qLogEI,10,2,3,0,7,1709.547164083051
qLogEI,10,2,3,0,8,1709.547164083051
qLogEI,10,2,3,0,9,1709.547164083051
qLogEI,10,2,3,0,10,1709.547164083051
qLogEI,10,2,3,0,11,1709.547164083051
qLogEI,10,2,3,0,12,1709.547164083051
qLogEI,10,2,3,0,13,1709.547164083051
qLogEI,10,2,3,0,14,1709.547164083051
qLogEI,10,2,3,0,15,1709.547164083051
qLogEI,10,2,3,0,16,1709.547164083051
qLogEI,10,2,3,0,17,1709.547164083051
qLogEI,10,2,3,0,18,1709.547164083051
qLogEI,10,2,3,0,19,1709.547164083051
qLogEI,10,2,3,0,20,1709.547164083051
qLogEI,10,2,3,0,21,1709.547164083051
qLogEI,10,2,3,0,22,1709.547164083051
qLogEI,10,2,3,0,23,1709.547164083051
qLogEI,10,2,3,0,24,1709.547164083051
qLogEI,10,2,3,0,25,1709.547164083051
qLogEI,10,2,3,0,26,1709.547164083051
qLogEI,10,2,3,0,27,1709.547164083051
qLogEI,10,2,3,0,28,1709.547164083051
qLogEI,10,2,3,0,29,1709.547164083051
qLogEI,10,2,3,0,30,1709.547164083051
qLogEI,10,2,3,0,31,1709.547164083051
qLogEI,10,2,3,0,32,1709.547164083051
qLogEI,10,2,3,0,33,1709.547164083051
qLogEI,10,2,3,0,34,1709.547164083051
qLogEI,10,2,3,0,35,1709.547164083051
qLogEI,10,2,3,0,36,1709.547164083051
qLogEI,10,2,3,0,37,1709.547164083051
qLogEI,10,2,3,0,38,1709.547164083051
qLogEI,10,2,3,0,39,1709.547164083051
qLogEI,10,2,3,0,40,1709.547164083051
qLogEI,10,2,3,0,41,1709.547164083051
qLogEI,10,2,3,0,42,1709.547164083051
qLogEI,10,2,3,0,43,1709.547164083051
qLogEI,10,2,3,0,44,1709.547164083051
qLogEI,10,2,3,0,45,1709.547164083051
qLogEI,10,2,3,0,46,1709.547164083051
qLogEI,10,2,3,0,47,1709.547164083051
qLogEI,10,2,3,0,48,1709.547164083051
qLogEI,10,2,3,0,49,1709.547164083051
qLogEI,10,2,3,0,50,1709.547164083051
qLogEI,10,2,3,0,51,1709.547164083051
qLogEI,10,2,3,0,52,1709.547164083051
qLogEI,10,2,3,0,53,1709.547164083051
qLogEI,10,2,3,0,54,1709.547164083051
qLogEI,10,2,3,0,55,1709.547164083051
qLogEI,10,2,3,0,56,1709.547164083051
qLogEI,10,2,3,0,57,1709.547164083051
qLogEI,10,2,3,0,58,1709.547164083051
qLogEI,10,2,3,0,59,1709.547164083051
qLogEI,10,2,3,0,60,1709.547164083051
qLogEI,10,2,3,0,61,1709.547164083051
qLogEI,10,2,3,0,62,1709.547164083051
qLogEI,10,2,3,0,63,1709.547164083051
qLogEI,10,2,3,0,64,1709.547164083051
qLogEI,10,2,3,0,65,1709.547164083051
qLogEI,10,2,3,0,66,1709.547164083051
qLogEI,10,2,3,0,67,1709.547164083051
qLogEI,10,2,3,0,68,1709.547164083051
qLogEI,10,2,3,0,69,1709.547164083051
qLogEI,10,2,3,0,70,1709.547164083051
qLogEI,10,2,3,0,71,1709.547164083051
qLogEI,10,2,3,0,72,1709.547164083051
qLogEI,10,2,3,0,73,1709.547164083051
qLogEI,10,2,3,0,74,1709.547164083051
qLogEI,10,2,3,0,75,1709.547164083051
qLogEI,10,2,3,0,76,1709.547164083051
qLogEI,10,2,3,0,77,1709.547164083051
qLogEI,10,2,3,0,78,1709.547164083051
qLogEI,10,2,3,0,79,1709.547164083051
qLogEI,10,2,3,0,80,1709.547164083051
qLogEI,10,2,3,0,81,1709.547164083051
qLogEI,10,2,3,0,82,1709.547164083051
qLogEI,10,2,3,0,83,1709.547164083051
qLogEI,10,2,3,0,84,1709.547164083051
qLogEI,10,2,3,0,85,1709.547164083051
qLogEI,10,2,3,0,86,1709.547164083051
qLogEI,10,2,3,0,87,1709.547164083051
qLogEI,10,2,3,0,88,1709.547164083051
qLogEI,10,2,3,0,89,1709.547164083051
qLogEI,10,2,3,0,90,1709.547164083051
qLogEI,10,2,3,0,91,1709.547164083051
qLogEI,10,2,3,0,92,1709.547164083051
qLogEI,10,2,3,0,93,1709.547164083051
qLogEI,10,2,3,0,94,1709.547164083051
qLogEI,10,2,3,0,95,1709.547164083051
qLogEI,10,2,3,0,96,1709.547164083051
qLogEI,10,2,3,0,97,1709.547164083051
qLogEI,10,2,3,0,98,1709.547164083051
qLogEI,10,2,3,0,99,1709.547164083051
qLogEI,10,2,3,0,100,1709.547164083051
RL_Enhanced,10,2,3,0,1,1709.547164083051
RL_Enhanced,10,2,3,0,2,1709.547164083051
RL_Enhanced,10,2,3,0,3,1709.547164083051
RL_Enhanced,10,2,3,0,4,1709.547164083051
RL_Enhanced,10,2,3,0,5,1709.547164083051
RL_Enhanced,10,2,3,0,6,1709.547164083051
RL_Enhanced,10,2,3,0,7,1709.547164083051
RL_Enhanced,10,2,3,0,8,1709.547164083051
RL_Enhanced,10,2,3,0,9,1709.547164083051
RL_Enhanced,10,2,3,0,10,1709.547164083051
RL_Enhanced,10,2,3,0,11,1709.547164083051
RL_Enhanced,10,2,3,0,12,1709.547164083051
RL_Enhanced,10,2,3,0,13,1709.547164083051
RL_Enhanced,10,2,3,0,14,1709.547164083051
RL_Enhanced,10,2,3,0,15,1709.547164083051
RL_Enhanced,10,2,3,0,16,1709.547164083051
RL_Enhanced,10,2,3,0,17,1709.547164083051
RL_Enhanced,10,2,3,0,18,1709.547164083051
RL_Enhanced,10,2,3,0,19,1709.547164083051
RL_Enhanced,10,2,3,0,20,1709.547164083051
RL_Enhanced,10,2,3,0,21,1709.547164083051
RL_Enhanced,10,2,3,0,22,1709.547164083051
RL_Enhanced,10,2,3,0,23,1709.547164083051
RL_Enhanced,10,2,3,0,24,1709.547164083051
RL_Enhanced,10,2,3,0,25,1709.547164083051
RL_Enhanced,10,2,3,0,26,1709.547164083051
RL_Enhanced,10,2,3,0,27,1709.547164083051
RL_Enhanced,10,2,3,0,28,1709.547164083051
RL_Enhanced,10,2,3,0,29,1709.547164083051
RL_Enhanced,10,2,3,0,30,1709.547164083051
RL_Enhanced,10,2,3,0,31,1709.547164083051
RL_Enhanced,10,2,3,0,32,1709.547164083051
RL_Enhanced,10,2,3,0,33,1709.547164083051
RL_Enhanced,10,2,3,0,34,1709.547164083051
RL_Enhanced,10,2,3,0,35,1709.547164083051
RL_Enhanced,10,2,3,0,36,1709.547164083051
RL_Enhanced,10,2,3,0,37,1709.547164083051
RL_Enhanced,10,2,3,0,38,1709.547164083051
RL_Enhanced,10,2,3,0,39,1709.547164083051
RL_Enhanced,10,2,3,0,40,1709.547164083051
RL_Enhanced,10,2,3,0,41,1709.547164083051
RL_Enhanced,10,2,3,0,42,1709.547164083051
RL_Enhanced,10,2,3,0,43,1709.547164083051
RL_Enhanced,10,2,3,0,44,1709.547164083051
RL_Enhanced,10,2,3,0,45,1709.547164083051
RL_Enhanced,10,2,3,0,46,1709.547164083051
RL_Enhanced,10,2,3,0,47,1709.547164083051
RL_Enhanced,10,2,3,0,48,1709.547164083051
RL_Enhanced,10,2,3,0,49,1709.547164083051
RL_Enhanced,10,2,3,0,50,1709.547164083051
RL_Enhanced,10,2,3,0,51,1709.547164083051
RL_Enhanced,10,2,3,0,52,1709.547164083051
RL_Enhanced,10,2,3,0,53,1709.547164083051
RL_Enhanced,10,2,3,0,54,1709.547164083051
RL_Enhanced,10,2,3,0,55,1709.547164083051
RL_Enhanced,10,2,3,0,56,1709.547164083051
RL_Enhanced,10,2,3,0,57,1709.547164083051
RL_Enhanced,10,2,3,0,58,1709.547164083051
RL_Enhanced,10,2,3,0,59,1709.547164083051
RL_Enhanced,10,2,3,0,60,1709.547164083051
RL_Enhanced,10,2,3,0,61,1709.547164083051
RL_Enhanced,10,2,3,0,62,1709.547164083051
RL_Enhanced,10,2,3,0,63,1709.547164083051
RL_Enhanced,10,2,3,0,64,1709.547164083051
RL_Enhanced,10,2,3,0,65,1709.547164083051
RL_Enhanced,10,2,3,0,66,1709.547164083051
RL_Enhanced,10,2,3,0,67,1709.547164083051
RL_Enhanced,10,2,3,0,68,1709.547164083051
RL_Enhanced,10,2,3,0,69,1709.547164083051
RL_Enhanced,10,2,3,0,70,1709.547164083051
RL_Enhanced,10,2,3,0,71,1709.547164083051
RL_Enhanced,10,2,3,0,72,1709.547164083051
RL_Enhanced,10,2,3,0,73,1709.547164083051
RL_Enhanced,10,2,3,0,74,1709.547164083051
RL_Enhanced,10,2,3,0,75,1709.547164083051
RL_Enhanced,10,2,3,0,76,1709.547164083051
RL_Enhanced,10,2,3,0,77,1709.547164083051
RL_Enhanced,10,2,3,0,78,1709.547164083051
RL_Enhanced,10,2,3,0,79,1709.547164083051
RL_Enhanced,10,2,3,0,80,1709.547164083051
RL_Enhanced,10,2,3,0,81,1709.547164083051
RL_Enhanced,10,2,3,0,82,1709.547164083051
RL_Enhanced,10,2,3,0,83,1709.547164083051
RL_Enhanced,10,2,3,0,84,1709.547164083051
RL_Enhanced,10,2,3,0,85,1709.547164083051
RL_Enhanced,10,2,3,0,86,1709.547164083051
RL_Enhanced,10,2,3,0,87,1709.547164083051
RL_Enhanced,10,2,3,0,88,1709.547164083051
RL_Enhanced,10,2,3,0,89,1709.547164083051
RL_Enhanced,10,2,3,0,90,1709.547164083051
RL_Enhanced,10,2,3,0,91,1709.547164083051
RL_Enhanced,10,2,3,0,92,1709.547164083051
RL_Enhanced,10,2,3,0,93,1709.547164083051
RL_Enhanced,10,2,3,0,94,1709.547164083051
RL_Enhanced,10,2,3,0,95,1709.547164083051
RL_Enhanced,10,2,3,0,96,1709.547164083051
RL_Enhanced,10,2,3,0,97,1709.547164083051
RL_Enhanced,10,2,3,0,98,1709.547164083051
RL_Enhanced,10,2,3,0,99,1709.547164083051
RL_Enhanced,10,2,3,0,100,1709.547164083051
Random,10,2,3,1,1,inf
Random,10,2,3,1,2,inf
Random,10,2,3,1,3,inf
Random,10,2,3,1,4,inf
Random,10,2,3,1,5,inf
Random,10,2,3,1,6,inf
Random,10,2,3,1,7,inf
Random,10,2,3,1,8,inf
Random,10,2,3,1,9,inf
Random,10,2,3,1,10,inf
Random,10,2,3,1,11,inf
Random,10,2,3,1,12,inf
Random,10,2,3,1,13,inf
Random,10,2,3,1,14,inf
Random,10,2,3,1,15,inf
Random,10,2,3,1,16,inf
Random,10,2,3,1,17,inf
Random,10,2,3,1,18,inf
Random,10,2,3,1,19,inf
Random,10,2,3,1,20,inf
Random,10,2,3,1,21,inf
Random,10,2,3,1,22,inf
Random,10,2,3,1,23,inf
Random,10,2,3,1,24,inf
Random,10,2,3,1,25,inf
Random,10,2,3,1,26,inf
Random,10,2,3,1,27,1684.6367186971866
Random,10,2,3,1,28,1684.6367186971866
Random,10,2,3,1,29,1684.6367186971866
Random,10,2,3,1,30,1684.6367186971866
Random,10,2,3,1,31,1684.6367186971866
Random,10,2,3,1,32,1684.6367186971866
Random,10,2,3,1,33,1684.6367186971866
Random,10,2,3,1,34,1684.6367186971866
Random,10,2,3,1,35,1684.6367186971866
Random,10,2,3,1,36,1684.6367186971866
Random,10,2,3,1,37,1684.6367186971866
Random,10,2,3,1,38,1684.6367186971866
Random,10,2,3,1,39,1684.6367186971866
Random,10,2,3,1,40,1684.6367186971866
Random,10,2,3,1,41,1684.6367186971866
Random,10,2,3,1,42,1684.6367186971866
Random,10,2,3,1,43,1684.6367186971866
Random,10,2,3,1,44,1684.6367186971866
Random,10,2,3,1,45,1684.6367186971866
Random,10,2,3,1,46,1684.6367186971866
Random,10,2,3,1,47,1684.6367186971866
Random,10,2,3,1,48,1684.6367186971866
Random,10,2,3,1,49,1684.6367186971866
Random,10,2,3,1,50,1684.6367186971866
Random,10,2,3,1,51,1684.6367186971866
Random,10,2,3,1,52,1684.6367186971866
Random,10,2,3,1,53,1684.6367186971866
Random,10,2,3,1,54,1684.6367186971866
Random,10,2,3,1,55,1684.6367186971866
Random,10,2,3,1,56,1684.6367186971866
Random,10,2,3,1,57,1684.6367186971866
Random,10,2,3,1,58,1684.6367186971866
Random,10,2,3,1,59,1684.6367186971866
Random,10,2,3,1,60,1684.6367186971866
Random,10,2,3,1,61,1684.6367186971866
Random,10,2,3,1,62,1684.6367186971866
Random,10,2,3,1,63,1684.6367186971866
Random,10,2,3,1,64,1684.6367186971866
Random,10,2,3,1,65,1684.6367186971866
Random,10,2,3,1,66,1684.6367186971866
Random,10,2,3,1,67,1684.6367186971866
Random,10,2,3,1,68,1684.6367186971866
Random,10,2,3,1,69,1684.6367186971866
Random,10,2,3,1,70,1684.6367186971866
Random,10,2,3,1,71,1684.6367186971866
Random,10,2,3,1,72,1004.8580745790458
Random,10,2,3,1,73,1004.8580745790458
Random,10,2,3,1,74,1004.8580745790458
Random,10,2,3,1,75,1004.8580745790458
Random,10,2,3,1,76,1004.8580745790458
Random,10,2,3,1,77,1004.8580745790458
Random,10,2,3,1,78,1004.8580745790458
Random,10,2,3,1,79,1004.8580745790458
Random,10,2,3,1,80,1004.8580745790458
Random,10,2,3,1,81,1004.8580745790458
Random,10,2,3,1,82,1004.8580745790458
Random,10,2,3,1,83,1004.8580745790458
Random,10,2,3,1,84,1004.8580745790458
Random,10,2,3,1,85,1004.8580745790458
Random,10,2,3,1,86,1004.8580745790458
Random,10,2,3,1,87,1004.8580745790458
Random,10,2,3,1,88,1004.8580745790458
Random,10,2,3,1,89,1004.8580745790458
Random,10,2,3,1,90,1004.8580745790458
Random,10,2,3,1,91,1004.8580745790458
Random,10,2,3,1,92,1004.8580745790458
Random,10,2,3,1,93,1004.8580745790458
Random,10,2,3,1,94,1004.8580745790458
Random,10,2,3,1,95,1004.8580745790458
Random,10,2,3,1,96,1004.8580745790458
Random,10,2,3,1,97,1004.8580745790458
Random,10,2,3,1,98,1004.8580745790458
Random,10,2,3,1,99,1004.8580745790458
Random,10,2,3,1,100,1004.8580745790458
qLogEI,10,2,3,1,1,inf
qLogEI,10,2,3,1,2,inf
qLogEI,10,2,3,1,3,inf
qLogEI,10,2,3,1,4,inf
qLogEI,10,2,3,1,5,inf
qLogEI,10,2,3,1,6,inf
qLogEI,10,2,3,1,7,inf
qLogEI,10,2,3,1,8,inf
qLogEI,10,2,3,1,9,inf
qLogEI,10,2,3,1,10,inf
qLogEI,10,2,3,1,11,inf
qLogEI,10,2,3,1,12,inf
qLogEI,10,2,3,1,13,inf
qLogEI,10,2,3,1,14,inf
qLogEI,10,2,3,1,15,inf
qLogEI,10,2,3,1,16,inf
qLogEI,10,2,3,1,17,inf
qLogEI,10,2,3,1,18,inf
qLogEI,10,2,3,1,19,inf
qLogEI,10,2,3,1,20,inf
qLogEI,10,2,3,1,21,inf
qLogEI,10,2,3,1,22,inf
qLogEI,10,2,3,1,23,inf
qLogEI,10,2,3,1,24,inf
qLogEI,10,2,3,1,25,inf
qLogEI,10,2,3,1,26,inf
qLogEI,10,2,3,1,27,inf
qLogEI,10,2,3,1,28,inf
qLogEI,10,2,3,1,29,inf
qLogEI,10,2,3,1,30,inf
qLogEI,10,2,3,1,31,inf
qLogEI,10,2,3,1,32,inf
qLogEI,10,2,3,1,33,inf
qLogEI,10,2,3,1,34,inf
qLogEI,10,2,3,1,35,inf
qLogEI,10,2,3,1,36,inf
qLogEI,10,2,3,1,37,inf
qLogEI,10,2,3,1,38,inf
qLogEI,10,2,3,1,39,inf
qLogEI,10,2,3,1,40,inf
qLogEI,10,2,3,1,41,inf
qLogEI,10,2,3,1,42,inf
qLogEI,10,2,3,1,43,inf
qLogEI,10,2,3,1,44,inf
qLogEI,10,2,3,1,45,inf
qLogEI,10,2,3,1,46,inf
qLogEI,10,2,3,1,47,inf
qLogEI,10,2,3,1,48,inf
qLogEI,10,2,3,1,49,inf
qLogEI,10,2,3,1,50,inf
qLogEI,10,2,3,1,51,inf
qLogEI,10,2,3,1,52,inf
qLogEI,10,2,3,1,53,inf
qLogEI,10,2,3,1,54,inf
qLogEI,10,2,3,1,55,inf
qLogEI,10,2,3,1,56,inf
qLogEI,10,2,3,1,57,inf
qLogEI,10,2,3,1,58,inf
qLogEI,10,2,3,1,59,inf
qLogEI,10,2,3,1,60,inf
qLogEI,10,2,3,1,61,inf
qLogEI,10,2,3,1,62,inf
qLogEI,10,2,3,1,63,inf
qLogEI,10,2,3,1,64,inf
qLogEI,10,2,3,1,65,inf
qLogEI,10,2,3,1,66,inf
qLogEI,10,2,3,1,67,inf
qLogEI,10,2,3,1,68,inf
qLogEI,10,2,3,1,69,inf
qLogEI,10,2,3,1,70,inf
qLogEI,10,2,3,1,71,inf
qLogEI,10,2,3,1,72,inf
qLogEI,10,2,3,1,73,inf
qLogEI,10,2,3,1,74,inf
qLogEI,10,2,3,1,75,inf
qLogEI,10,2,3,1,76,inf
qLogEI,10,2,3,1,77,inf
qLogEI,10,2,3,1,78,inf
qLogEI,10,2,3,1,79,inf
qLogEI,10,2,3,1,80,inf
qLogEI,10,2,3,1,81,inf
qLogEI,10,2,3,1,82,inf
qLogEI,10,2,3,1,83,inf
qLogEI,10,2,3,1,84,inf
qLogEI,10,2,3,1,85,inf
qLogEI,10,2,3,1,86,inf
qLogEI,10,2,3,1,87,inf
qLogEI,10,2,3,1,88,inf
qLogEI,10,2,3,1,89,inf
qLogEI,10,2,3,1,90,inf
qLogEI,10,2,3,1,91,inf
qLogEI,10,2,3,1,92,inf
qLogEI,10,2,3,1,93,inf
qLogEI,10,2,3,1,94,inf
qLogEI,10,2,3,1,95,inf
qLogEI,10,2,3,1,96,inf
qLogEI,10,2,3,1,97,inf
qLogEI,10,2,3,1,98,inf
qLogEI,10,2,3,1,99,inf
qLogEI,10,2,3,1,100,inf
RL_Enhanced,10,2,3,1,1,inf
RL_Enhanced,10,2,3,1,2,inf
RL_Enhanced,10,2,3,1,3,inf
RL_Enhanced,10,2,3,1,4,inf
RL_Enhanced,10,2,3,1,5,inf
RL_Enhanced,10,2,3,1,6,inf
RL_Enhanced,10,2,3,1,7,inf
RL_Enhanced,10,2,3,1,8,inf
RL_Enhanced,10,2,3,1,9,inf
RL_Enhanced,10,2,3,1,10,inf
RL_Enhanced,10,2,3,1,11,inf
RL_Enhanced,10,2,3,1,12,inf
RL_Enhanced,10,2,3,1,13,inf
RL_Enhanced,10,2,3,1,14,inf
RL_Enhanced,10,2,3,1,15,inf
RL_Enhanced,10,2,3,1,16,inf
RL_Enhanced,10,2,3,1,17,inf
RL_Enhanced,10,2,3,1,18,inf
RL_Enhanced,10,2,3,1,19,inf
RL_Enhanced,10,2,3,1,20,inf
RL_Enhanced,10,2,3,1,21,inf
RL_Enhanced,10,2,3,1,22,inf
RL_Enhanced,10,2,3,1,23,inf
RL_Enhanced,10,2,3,1,24,inf
RL_Enhanced,10,2,3,1,25,inf
RL_Enhanced,10,2,3,1,26,inf
RL_Enhanced,10,2,3,1,27,inf
RL_Enhanced,10,2,3,1,28,inf
RL_Enhanced,10,2,3,1,29,inf
RL_Enhanced,10,2,3,1,30,inf
RL_Enhanced,10,2,3,1,31,inf
RL_Enhanced,10,2,3,1,32,inf
RL_Enhanced,10,2,3,1,33,inf
RL_Enhanced,10,2,3,1,34,inf
RL_Enhanced,10,2,3,1,35,inf
RL_Enhanced,10,2,3,1,36,inf
RL_Enhanced,10,2,3,1,37,inf
RL_Enhanced,10,2,3,1,38,inf
RL_Enhanced,10,2,3,1,39,inf
RL_Enhanced,10,2,3,1,40,inf
RL_Enhanced,10,2,3,1,41,inf
RL_Enhanced,10,2,3,1,42,inf
RL_Enhanced,10,2,3,1,43,inf
RL_Enhanced,10,2,3,1,44,inf
RL_Enhanced,10,2,3,1,45,inf
RL_Enhanced,10,2,3,1,46,inf
RL_Enhanced,10,2,3,1,47,inf
RL_Enhanced,10,2,3,1,48,inf
RL_Enhanced,10,2,3,1,49,inf
RL_Enhanced,10,2,3,1,50,inf
RL_Enhanced,10,2,3,1,51,inf
RL_Enhanced,10,2,3,1,52,inf
RL_Enhanced,10,2,3,1,53,inf
RL_Enhanced,10,2,3,1,54,inf
RL_Enhanced,10,2,3,1,55,inf
RL_Enhanced,10,2,3,1,56,inf
RL_Enhanced,10,2,3,1,57,inf
RL_Enhanced,10,2,3,1,58,inf
RL_Enhanced,10,2,3,1,59,inf
RL_Enhanced,10,2,3,1,60,inf
RL_Enhanced,10,2,3,1,61,inf
RL_Enhanced,10,2,3,1,62,inf
RL_Enhanced,10,2,3,1,63,inf
RL_Enhanced,10,2,3,1,64,inf
RL_Enhanced,10,2,3,1,65,inf
RL_Enhanced,10,2,3,1,66,inf
RL_Enhanced,10,2,3,1,67,inf
RL_Enhanced,10,2,3,1,68,inf
RL_Enhanced,10,2,3,1,69,inf
RL_Enhanced,10,2,3,1,70,inf
RL_Enhanced,10,2,3,1,71,inf
RL_Enhanced,10,2,3,1,72,inf
RL_Enhanced,10,2,3,1,73,inf
RL_Enhanced,10,2,3,1,74,inf
RL_Enhanced,10,2,3,1,75,inf
RL_Enhanced,10,2,3,1,76,inf
RL_Enhanced,10,2,3,1,77,inf
RL_Enhanced,10,2,3,1,78,inf
RL_Enhanced,10,2,3,1,79,inf
RL_Enhanced,10,2,3,1,80,inf
RL_Enhanced,10,2,3,1,81,inf
RL_Enhanced,10,2,3,1,82,inf
RL_Enhanced,10,2,3,1,83,inf
RL_Enhanced,10,2,3,1,84,inf
RL_Enhanced,10,2,3,1,85,inf
RL_Enhanced,10,2,3,1,86,inf
RL_Enhanced,10,2,3,1,87,inf
RL_Enhanced,10,2,3,1,88,inf
RL_Enhanced,10,2,3,1,89,inf
RL_Enhanced,10,2,3,1,90,inf
RL_Enhanced,10,2,3,1,91,inf
RL_Enhanced,10,2,3,1,92,inf
RL_Enhanced,10,2,3,1,93,inf
RL_Enhanced,10,2,3,1,94,inf
RL_Enhanced,10,2,3,1,95,inf
RL_Enhanced,10,2,3,1,96,inf
RL_Enhanced,10,2,3,1,97,inf
RL_Enhanced,10,2,3,1,98,inf
RL_Enhanced,10,2,3,1,99,inf
RL_Enhanced,10,2,3,1,100,inf
Random,10,2,3,2,1,2119.144865334256
Random,10,2,3,2,2,2119.144865334256
Random,10,2,3,2,3,2119.144865334256
Random,10,2,3,2,4,2119.144865334256
Random,10,2,3,2,5,2119.144865334256
Random,10,2,3,2,6,2119.144865334256
Random,10,2,3,2,7,2119.144865334256
Random,10,2,3,2,8,2119.144865334256
Random,10,2,3,2,9,2119.144865334256
Random,10,2,3,2,10,2119.144865334256
Random,10,2,3,2,11,2119.144865334256
Random,10,2,3,2,12,2119.144865334256
Random,10,2,3,2,13,2119.144865334256
Random,10,2,3,2,14,2119.144865334256
Random,10,2,3,2,15,2119.144865334256
Random,10,2,3,2,16,2119.144865334256
Random,10,2,3,2,17,2119.144865334256
Random,10,2,3,2,18,2119.144865334256
Random,10,2,3,2,19,2119.144865334256
Random,10,2,3,2,20,2119.144865334256
Random,10,2,3,2,21,2119.144865334256
Random,10,2,3,2,22,1542.8585962616694
Random,10,2,3,2,23,1542.8585962616694
Random,10,2,3,2,24,1542.8585962616694
Random,10,2,3,2,25,1542.8585962616694
Random,10,2,3,2,26,1542.8585962616694
Random,10,2,3,2,27,1542.8585962616694
Random,10,2,3,2,28,1542.8585962616694
Random,10,2,3,2,29,1542.8585962616694
Random,10,2,3,2,30,1542.8585962616694
Random,10,2,3,2,31,1542.8585962616694
Random,10,2,3,2,32,1542.8585962616694
Random,10,2,3,2,33,1542.8585962616694
Random,10,2,3,2,34,1542.8585962616694
Random,10,2,3,2,35,1542.8585962616694
Random,10,2,3,2,36,1542.8585962616694
Random,10,2,3,2,37,1542.8585962616694
Random,10,2,3,2,38,1542.8585962616694
Random,10,2,3,2,39,1542.8585962616694
Random,10,2,3,2,40,1542.8585962616694
Random,10,2,3,2,41,955.8440563944829
Random,10,2,3,2,42,955.8440563944829
Random,10,2,3,2,43,955.8440563944829
Random,10,2,3,2,44,955.8440563944829
Random,10,2,3,2,45,955.8440563944829
Random,10,2,3,2,46,955.8440563944829
Random,10,2,3,2,47,955.8440563944829
Random,10,2,3,2,48,955.8440563944829
Random,10,2,3,2,49,955.8440563944829
Random,10,2,3,2,50,955.8440563944829
Random,10,2,3,2,51,955.8440563944829
Random,10,2,3,2,52,955.8440563944829
Random,10,2,3,2,53,955.8440563944829
Random,10,2,3,2,54,955.8440563944829
Random,10,2,3,2,55,955.8440563944829
Random,10,2,3,2,56,955.8440563944829
Random,10,2,3,2,57,955.8440563944829
Random,10,2,3,2,58,955.8440563944829
Random,10,2,3,2,59,955.8440563944829
Random,10,2,3,2,60,955.8440563944829
Random,10,2,3,2,61,955.8440563944829
Random,10,2,3,2,62,955.8440563944829
Random,10,2,3,2,63,955.8440563944829
Random,10,2,3,2,64,955.8440563944829
Random,10,2,3,2,65,955.8440563944829
Random,10,2,3,2,66,955.8440563944829
Random,10,2,3,2,67,955.8440563944829
Random,10,2,3,2,68,955.8440563944829
Random,10,2,3,2,69,955.8440563944829
Random,10,2,3,2,70,955.8440563944829
Random,10,2,3,2,71,955.8440563944829
Random,10,2,3,2,72,955.8440563944829
Random,10,2,3,2,73,955.8440563944829
Random,10,2,3,2,74,955.8440563944829
Random,10,2,3,2,75,955.8440563944829
Random,10,2,3,2,76,955.8440563944829
Random,10,2,3,2,77,955.8440563944829
Random,10,2,3,2,78,955.8440563944829
Random,10,2,3,2,79,955.8440563944829
Random,10,2,3,2,80,955.8440563944829
Random,10,2,3,2,81,955.8440563944829
Random,10,2,3,2,82,955.8440563944829
Random,10,2,3,2,83,955.8440563944829
Random,10,2,3,2,84,955.8440563944829
Random,10,2,3,2,85,955.8440563944829
Random,10,2,3,2,86,955.8440563944829
Random,10,2,3,2,87,955.8440563944829
Random,10,2,3,2,88,955.8440563944829
Random,10,2,3,2,89,955.8440563944829
Random,10,2,3,2,90,955.8440563944829
Random,10,2,3,2,91,955.8440563944829
Random,10,2,3,2,92,955.8440563944829
Random,10,2,3,2,93,955.8440563944829
Random,10,2,3,2,94,955.8440563944829
Random,10,2,3,2,95,955.8440563944829
Random,10,2,3,2,96,955.8440563944829
Random,10,2,3,2,97,955.8440563944829
Random,10,2,3,2,98,955.8440563944829
Random,10,2,3,2,99,955.8440563944829
Random,10,2,3,2,100,955.8440563944829
qLogEI,10,2,3,2,1,2119.144865334256
qLogEI,10,2,3,2,2,2119.144865334256
qLogEI,10,2,3,2,3,2119.144865334256
qLogEI,10,2,3,2,4,2119.144865334256
qLogEI,10,2,3,2,5,2119.144865334256
qLogEI,10,2,3,2,6,2119.144865334256
qLogEI,10,2,3,2,7,2119.144865334256
qLogEI,10,2,3,2,8,2119.144865334256
qLogEI,10,2,3,2,9,2119.144865334256
qLogEI,10,2,3,2,10,2119.144865334256
qLogEI,10,2,3,2,11,2119.144865334256
qLogEI,10,2,3,2,12,2119.144865334256
qLogEI,10,2,3,2,13,2119.144865334256
qLogEI,10,2,3,2,14,2119.144865334256
qLogEI,10,2,3,2,15,2119.144865334256
qLogEI,10,2,3,2,16,2119.144865334256
qLogEI,10,2,3,2,17,2119.144865334256
qLogEI,10,2,3,2,18,2119.144865334256
qLogEI,10,2,3,2,19,2119.144865334256
qLogEI,10,2,3,2,20,2119.144865334256
qLogEI,10,2,3,2,21,2119.144865334256
qLogEI,10,2,3,2,22,2119.144865334256
qLogEI,10,2,3,2,23,2119.144865334256
qLogEI,10,2,3,2,24,2119.144865334256
qLogEI,10,2,3,2,25,2119.144865334256
qLogEI,10,2,3,2,26,2119.144865334256
qLogEI,10,2,3,2,27,2119.144865334256
qLogEI,10,2,3,2,28,2119.144865334256
qLogEI,10,2,3,2,29,2119.144865334256
qLogEI,10,2,3,2,30,2119.144865334256
qLogEI,10,2,3,2,31,2119.144865334256
qLogEI,10,2,3,2,32,2119.144865334256
qLogEI,10,2,3,2,33,2119.144865334256
qLogEI,10,2,3,2,34,2119.144865334256
qLogEI,10,2,3,2,35,2119.144865334256
qLogEI,10,2,3,2,36,2119.144865334256
qLogEI,10,2,3,2,37,2119.144865334256
qLogEI,10,2,3,2,38,2119.144865334256
qLogEI,10,2,3,2,39,2119.144865334256
qLogEI,10,2,3,2,40,2119.144865334256
qLogEI,10,2,3,2,41,2119.144865334256
qLogEI,10,2,3,2,42,2119.144865334256
qLogEI,10,2,3,2,43,2119.144865334256
qLogEI,10,2,3,2,44,2119.144865334256
qLogEI,10,2,3,2,45,2119.144865334256
qLogEI,10,2,3,2,46,2119.144865334256
qLogEI,10,2,3,2,47,2119.144865334256
qLogEI,10,2,3,2,48,2119.144865334256
qLogEI,10,2,3,2,49,2119.144865334256
qLogEI,10,2,3,2,50,2119.144865334256
qLogEI,10,2,3,2,51,2119.144865334256
qLogEI,10,2,3,2,52,2119.144865334256
qLogEI,10,2,3,2,53,2119.144865334256
qLogEI,10,2,3,2,54,2119.144865334256
qLogEI,10,2,3,2,55,2119.144865334256
qLogEI,10,2,3,2,56,2119.144865334256
qLogEI,10,2,3,2,57,2119.144865334256
qLogEI,10,2,3,2,58,2119.144865334256
qLogEI,10,2,3,2,59,2119.144865334256
qLogEI,10,2,3,2,60,2119.144865334256
qLogEI,10,2,3,2,61,2119.144865334256
qLogEI,10,2,3,2,62,2119.144865334256
qLogEI,10,2,3,2,63,2119.144865334256
qLogEI,10,2,3,2,64,2119.144865334256
qLogEI,10,2,3,2,65,2119.144865334256
qLogEI,10,2,3,2,66,2119.144865334256
qLogEI,10,2,3,2,67,2119.144865334256
qLogEI,10,2,3,2,68,2119.144865334256
qLogEI,10,2,3,2,69,2119.144865334256
qLogEI,10,2,3,2,70,2119.144865334256
qLogEI,10,2,3,2,71,2119.144865334256
qLogEI,10,2,3,2,72,2119.144865334256
qLogEI,10,2,3,2,73,2119.144865334256
qLogEI,10,2,3,2,74,2119.144865334256
qLogEI,10,2,3,2,75,2119.144865334256
qLogEI,10,2,3,2,76,2119.144865334256
qLogEI,10,2,3,2,77,2119.144865334256
qLogEI,10,2,3,2,78,2119.144865334256
qLogEI,10,2,3,2,79,2119.144865334256
qLogEI,10,2,3,2,80,2119.144865334256
qLogEI,10,2,3,2,81,2119.144865334256
qLogEI,10,2,3,2,82,2119.144865334256
qLogEI,10,2,3,2,83,2119.144865334256
qLogEI,10,2,3,2,84,2119.144865334256
qLogEI,10,2,3,2,85,2119.144865334256
qLogEI,10,2,3,2,86,2119.144865334256
qLogEI,10,2,3,2,87,2119.144865334256
qLogEI,10,2,3,2,88,2119.144865334256
qLogEI,10,2,3,2,89,2119.144865334256
qLogEI,10,2,3,2,90,2119.144865334256
qLogEI,10,2,3,2,91,2119.144865334256
qLogEI,10,2,3,2,92,2119.144865334256
qLogEI,10,2,3,2,93,2119.144865334256
qLogEI,10,2,3,2,94,2119.144865334256
qLogEI,10,2,3,2,95,2119.144865334256
qLogEI,10,2,3,2,96,2119.144865334256
qLogEI,10,2,3,2,97,2119.144865334256
qLogEI,10,2,3,2,98,2119.144865334256
qLogEI,10,2,3,2,99,2119.144865334256
qLogEI,10,2,3,2,100,2119.144865334256
RL_Enhanced,10,2,3,2,1,2119.144865334256
RL_Enhanced,10,2,3,2,2,2119.144865334256
RL_Enhanced,10,2,3,2,3,2119.144865334256
RL_Enhanced,10,2,3,2,4,2119.144865334256
RL_Enhanced,10,2,3,2,5,2119.144865334256
RL_Enhanced,10,2,3,2,6,2119.144865334256
RL_Enhanced,10,2,3,2,7,2119.144865334256
RL_Enhanced,10,2,3,2,8,2119.144865334256
RL_Enhanced,10,2,3,2,9,2119.144865334256
RL_Enhanced,10,2,3,2,10,2119.144865334256
RL_Enhanced,10,2,3,2,11,2119.144865334256
RL_Enhanced,10,2,3,2,12,2119.144865334256
RL_Enhanced,10,2,3,2,13,2119.144865334256
RL_Enhanced,10,2,3,2,14,2119.144865334256
RL_Enhanced,10,2,3,2,15,2119.144865334256
RL_Enhanced,10,2,3,2,16,2119.144865334256
RL_Enhanced,10,2,3,2,17,2119.144865334256
RL_Enhanced,10,2,3,2,18,2119.144865334256
RL_Enhanced,10,2,3,2,19,2119.144865334256
RL_Enhanced,10,2,3,2,20,2119.144865334256
RL_Enhanced,10,2,3,2,21,2119.144865334256
RL_Enhanced,10,2,3,2,22,2119.144865334256
RL_Enhanced,10,2,3,2,23,2119.144865334256
RL_Enhanced,10,2,3,2,24,2119.144865334256
RL_Enhanced,10,2,3,2,25,2119.144865334256
RL_Enhanced,10,2,3,2,26,2119.144865334256
RL_Enhanced,10,2,3,2,27,2119.144865334256
RL_Enhanced,10,2,3,2,28,2119.144865334256
RL_Enhanced,10,2,3,2,29,2119.144865334256
RL_Enhanced,10,2,3,2,30,2119.144865334256
RL_Enhanced,10,2,3,2,31,2119.144865334256
RL_Enhanced,10,2,3,2,32,2119.144865334256
RL_Enhanced,10,2,3,2,33,2119.144865334256
RL_Enhanced,10,2,3,2,34,2119.144865334256
RL_Enhanced,10,2,3,2,35,2119.144865334256
RL_Enhanced,10,2,3,2,36,2119.144865334256
RL_Enhanced,10,2,3,2,37,2119.144865334256
RL_Enhanced,10,2,3,2,38,2119.144865334256
RL_Enhanced,10,2,3,2,39,2119.144865334256
RL_Enhanced,10,2,3,2,40,2119.144865334256
RL_Enhanced,10,2,3,2,41,2119.144865334256
RL_Enhanced,10,2,3,2,42,2119.144865334256
RL_Enhanced,10,2,3,2,43,2119.144865334256
RL_Enhanced,10,2,3,2,44,2119.144865334256
RL_Enhanced,10,2,3,2,45,2119.144865334256
RL_Enhanced,10,2,3,2,46,2119.144865334256
RL_Enhanced,10,2,3,2,47,2119.144865334256
RL_Enhanced,10,2,3,2,48,2119.144865334256
RL_Enhanced,10,2,3,2,49,2119.144865334256
RL_Enhanced,10,2,3,2,50,2119.144865334256
RL_Enhanced,10,2,3,2,51,2119.144865334256
RL_Enhanced,10,2,3,2,52,2119.144865334256
RL_Enhanced,10,2,3,2,53,2119.144865334256
RL_Enhanced,10,2,3,2,54,2119.144865334256
RL_Enhanced,10,2,3,2,55,2119.144865334256
RL_Enhanced,10,2,3,2,56,2119.144865334256
RL_Enhanced,10,2,3,2,57,2119.144865334256
RL_Enhanced,10,2,3,2,58,2119.144865334256
RL_Enhanced,10,2,3,2,59,2119.144865334256
RL_Enhanced,10,2,3,2,60,2119.144865334256
RL_Enhanced,10,2,3,2,61,2119.144865334256
RL_Enhanced,10,2,3,2,62,2119.144865334256
RL_Enhanced,10,2,3,2,63,2119.144865334256
RL_Enhanced,10,2,3,2,64,2119.144865334256
RL_Enhanced,10,2,3,2,65,2119.144865334256
RL_Enhanced,10,2,3,2,66,2119.144865334256
RL_Enhanced,10,2,3,2,67,2119.144865334256
RL_Enhanced,10,2,3,2,68,2119.144865334256
RL_Enhanced,10,2,3,2,69,2119.144865334256
RL_Enhanced,10,2,3,2,70,2119.144865334256
RL_Enhanced,10,2,3,2,71,2119.144865334256
RL_Enhanced,10,2,3,2,72,2119.144865334256
RL_Enhanced,10,2,3,2,73,2119.144865334256
RL_Enhanced,10,2,3,2,74,2119.144865334256
RL_Enhanced,10,2,3,2,75,2119.144865334256
RL_Enhanced,10,2,3,2,76,2119.144865334256
RL_Enhanced,10,2,3,2,77,2119.144865334256
RL_Enhanced,10,2,3,2,78,2119.144865334256
RL_Enhanced,10,2,3,2,79,2119.144865334256
RL_Enhanced,10,2,3,2,80,2119.144865334256
RL_Enhanced,10,2,3,2,81,2119.144865334256
RL_Enhanced,10,2,3,2,82,2119.144865334256
RL_Enhanced,10,2,3,2,83,2119.144865334256
RL_Enhanced,10,2,3,2,84,2119.144865334256
RL_Enhanced,10,2,3,2,85,2119.144865334256
RL_Enhanced,10,2,3,2,86,2119.144865334256
RL_Enhanced,10,2,3,2,87,2119.144865334256
RL_Enhanced,10,2,3,2,88,2119.144865334256
RL_Enhanced,10,2,3,2,89,2119.144865334256
RL_Enhanced,10,2,3,2,90,2119.144865334256
RL_Enhanced,10,2,3,2,91,2119.144865334256
RL_Enhanced,10,2,3,2,92,2119.144865334256
RL_Enhanced,10,2,3,2,93,2119.144865334256
RL_Enhanced,10,2,3,2,94,2119.144865334256
RL_Enhanced,10,2,3,2,95,2119.144865334256
RL_Enhanced,10,2,3,2,96,2119.144865334256
RL_Enhanced,10,2,3,2,97,2119.144865334256
RL_Enhanced,10,2,3,2,98,2119.144865334256
RL_Enhanced,10,2,3,2,99,2119.144865334256
RL_Enhanced,10,2,3,2,100,2119.144865334256
Random,10,2,3,3,1,inf
Random,10,2,3,3,2,inf
Random,10,2,3,3,3,inf
Random,10,2,3,3,4,inf
Random,10,2,3,3,5,inf
Random,10,2,3,3,6,inf
Random,10,2,3,3,7,inf
Random,10,2,3,3,8,inf
Random,10,2,3,3,9,inf
Random,10,2,3,3,10,inf
Random,10,2,3,3,11,inf
Random,10,2,3,3,12,inf
Random,10,2,3,3,13,2012.444647898551
Random,10,2,3,3,14,2012.444647898551
Random,10,2,3,3,15,2012.444647898551
Random,10,2,3,3,16,2012.444647898551
Random,10,2,3,3,17,2012.444647898551
Random,10,2,3,3,18,2012.444647898551
Random,10,2,3,3,19,2012.444647898551
Random,10,2,3,3,20,2012.444647898551
Random,10,2,3,3,21,2012.444647898551
Random,10,2,3,3,22,2012.444647898551
Random,10,2,3,3,23,2012.444647898551
Random,10,2,3,3,24,2012.444647898551
Random,10,2,3,3,25,2012.444647898551
Random,10,2,3,3,26,1298.1957277792453
Random,10,2,3,3,27,1298.1957277792453
Random,10,2,3,3,28,1298.1957277792453
Random,10,2,3,3,29,1298.1957277792453
Random,10,2,3,3,30,1298.1957277792453
Random,10,2,3,3,31,1298.1957277792453
Random,10,2,3,3,32,1298.1957277792453
Random,10,2,3,3,33,1298.1957277792453
Random,10,2,3,3,34,1298.1957277792453
Random,10,2,3,3,35,1298.1957277792453
Random,10,2,3,3,36,1298.1957277792453
Random,10,2,3,3,37,1298.1957277792453
Random,10,2,3,3,38,1298.1957277792453
Random,10,2,3,3,39,1298.1957277792453
Random,10,2,3,3,40,1298.1957277792453
Random,10,2,3,3,41,1298.1957277792453
Random,10,2,3,3,42,1298.1957277792453
Random,10,2,3,3,43,1298.1957277792453
Random,10,2,3,3,44,1298.1957277792453
Random,10,2,3,3,45,1298.1957277792453
Random,10,2,3,3,46,1298.1957277792453
Random,10,2,3,3,47,1298.1957277792453
Random,10,2,3,3,48,1298.1957277792453
Random,10,2,3,3,49,1298.1957277792453
Random,10,2,3,3,50,1298.1957277792453
Random,10,2,3,3,51,1298.1957277792453
Random,10,2,3,3,52,1298.1957277792453
Random,10,2,3,3,53,1298.1957277792453
Random,10,2,3,3,54,1298.1957277792453
Random,10,2,3,3,55,1298.1957277792453
Random,10,2,3,3,56,1298.1957277792453
Random,10,2,3,3,57,1298.1957277792453
Random,10,2,3,3,58,1298.1957277792453
Random,10,2,3,3,59,1298.1957277792453
Random,10,2,3,3,60,1298.1957277792453
Random,10,2,3,3,61,1298.1957277792453
Random,10,2,3,3,62,1298.1957277792453
Random,10,2,3,3,63,1298.1957277792453
Random,10,2,3,3,64,1298.1957277792453
Random,10,2,3,3,65,1298.1957277792453
Random,10,2,3,3,66,1298.1957277792453
Random,10,2,3,3,67,1298.1957277792453
Random,10,2,3,3,68,1298.1957277792453
Random,10,2,3,3,69,1298.1957277792453
Random,10,2,3,3,70,1298.1957277792453
Random,10,2,3,3,71,1298.1957277792453
Random,10,2,3,3,72,1298.1957277792453
Random,10,2,3,3,73,1298.1957277792453
Random,10,2,3,3,74,1298.1957277792453
Random,10,2,3,3,75,1298.1957277792453
Random,10,2,3,3,76,1298.1957277792453
Random,10,2,3,3,77,1298.1957277792453
Random,10,2,3,3,78,1298.1957277792453
Random,10,2,3,3,79,1298.1957277792453
Random,10,2,3,3,80,1298.1957277792453
Random,10,2,3,3,81,1298.1957277792453
Random,10,2,3,3,82,1298.1957277792453
Random,10,2,3,3,83,1298.1957277792453
Random,10,2,3,3,84,1298.1957277792453
Random,10,2,3,3,85,1298.1957277792453
Random,10,2,3,3,86,1298.1957277792453
Random,10,2,3,3,87,1298.1957277792453
Random,10,2,3,3,88,1298.1957277792453
Random,10,2,3,3,89,1298.1957277792453
Random,10,2,3,3,90,1298.1957277792453
Random,10,2,3,3,91,1298.1957277792453
Random,10,2,3,3,92,1298.1957277792453
Random,10,2,3,3,93,1298.1957277792453
Random,10,2,3,3,94,1298.1957277792453
Random,10,2,3,3,95,1298.1957277792453
Random,10,2,3,3,96,1298.1957277792453
Random,10,2,3,3,97,1298.1957277792453
Random,10,2,3,3,98,1298.1957277792453
Random,10,2,3,3,99,1298.1957277792453
Random,10,2,3,3,100,1298.1957277792453
qLogEI,10,2,3,3,1,inf
qLogEI,10,2,3,3,2,inf
qLogEI,10,2,3,3,3,inf
qLogEI,10,2,3,3,4,inf
qLogEI,10,2,3,3,5,inf
qLogEI,10,2,3,3,6,inf
qLogEI,10,2,3,3,7,inf
qLogEI,10,2,3,3,8,inf
qLogEI,10,2,3,3,9,inf
qLogEI,10,2,3,3,10,inf
qLogEI,10,2,3,3,11,inf
qLogEI,10,2,3,3,12,inf
qLogEI,10,2,3,3,13,2012.444647898551
qLogEI,10,2,3,3,14,2012.444647898551
qLogEI,10,2,3,3,15,2012.444647898551
qLogEI,10,2,3,3,16,2012.444647898551
qLogEI,10,2,3,3,17,2012.444647898551
qLogEI,10,2,3,3,18,2012.444647898551
qLogEI,10,2,3,3,19,2012.444647898551
qLogEI,10,2,3,3,20,2012.444647898551
qLogEI,10,2,3,3,21,2012.444647898551
qLogEI,10,2,3,3,22,2012.444647898551
qLogEI,10,2,3,3,23,2012.444647898551
qLogEI,10,2,3,3,24,2012.444647898551
qLogEI,10,2,3,3,25,2012.444647898551
qLogEI,10,2,3,3,26,2012.444647898551
qLogEI,10,2,3,3,27,2012.444647898551
qLogEI,10,2,3,3,28,2012.444647898551
qLogEI,10,2,3,3,29,2012.444647898551
qLogEI,10,2,3,3,30,2012.444647898551
qLogEI,10,2,3,3,31,2012.444647898551
qLogEI,10,2,3,3,32,2012.444647898551
qLogEI,10,2,3,3,33,2012.444647898551
qLogEI,10,2,3,3,34,2012.444647898551
qLogEI,10,2,3,3,35,2012.444647898551
qLogEI,10,2,3,3,36,2012.444647898551
qLogEI,10,2,3,3,37,2012.444647898551
qLogEI,10,2,3,3,38,2012.444647898551
qLogEI,10,2,3,3,39,2012.444647898551
qLogEI,10,2,3,3,40,2012.444647898551
qLogEI,10,2,3,3,41,2012.444647898551
qLogEI,10,2,3,3,42,2012.444647898551
qLogEI,10,2,3,3,43,2012.444647898551
qLogEI,10,2,3,3,44,2012.444647898551
qLogEI,10,2,3,3,45,2012.444647898551
qLogEI,10,2,3,3,46,2012.444647898551
qLogEI,10,2,3,3,47,2012.444647898551
qLogEI,10,2,3,3,48,2012.444647898551
qLogEI,10,2,3,3,49,2012.444647898551
qLogEI,10,2,3,3,50,2012.444647898551
qLogEI,10,2,3,3,51,2012.444647898551
qLogEI,10,2,3,3,52,2012.444647898551
qLogEI,10,2,3,3,53,2012.444647898551
qLogEI,10,2,3,3,54,2012.444647898551
qLogEI,10,2,3,3,55,2012.444647898551
qLogEI,10,2,3,3,56,2012.444647898551
qLogEI,10,2,3,3,57,2012.444647898551
qLogEI,10,2,3,3,58,2012.444647898551
qLogEI,10,2,3,3,59,2012.444647898551
qLogEI,10,2,3,3,60,2012.444647898551
qLogEI,10,2,3,3,61,2012.444647898551
qLogEI,10,2,3,3,62,2012.444647898551
qLogEI,10,2,3,3,63,2012.444647898551
qLogEI,10,2,3,3,64,2012.444647898551
qLogEI,10,2,3,3,65,2012.444647898551
qLogEI,10,2,3,3,66,2012.444647898551
qLogEI,10,2,3,3,67,2012.444647898551
qLogEI,10,2,3,3,68,2012.444647898551
qLogEI,10,2,3,3,69,2012.444647898551
qLogEI,10,2,3,3,70,2012.444647898551
qLogEI,10,2,3,3,71,2012.444647898551
qLogEI,10,2,3,3,72,2012.444647898551
qLogEI,10,2,3,3,73,2012.444647898551
qLogEI,10,2,3,3,74,2012.444647898551
qLogEI,10,2,3,3,75,2012.444647898551
qLogEI,10,2,3,3,76,2012.444647898551
qLogEI,10,2,3,3,77,2012.444647898551
qLogEI,10,2,3,3,78,2012.444647898551
qLogEI,10,2,3,3,79,2012.444647898551
qLogEI,10,2,3,3,80,2012.444647898551
qLogEI,10,2,3,3,81,2012.444647898551
qLogEI,10,2,3,3,82,2012.444647898551
qLogEI,10,2,3,3,83,2012.444647898551
qLogEI,10,2,3,3,84,2012.444647898551
qLogEI,10,2,3,3,85,2012.444647898551
qLogEI,10,2,3,3,86,2012.444647898551
qLogEI,10,2,3,3,87,2012.444647898551
qLogEI,10,2,3,3,88,2012.444647898551
qLogEI,10,2,3,3,89,2012.444647898551
qLogEI,10,2,3,3,90,2012.444647898551
qLogEI,10,2,3,3,91,2012.444647898551
qLogEI,10,2,3,3,92,2012.444647898551
qLogEI,10,2,3,3,93,2012.444647898551
qLogEI,10,2,3,3,94,2012.444647898551
qLogEI,10,2,3,3,95,2012.444647898551
qLogEI,10,2,3,3,96,2012.444647898551
qLogEI,10,2,3,3,97,2012.444647898551
qLogEI,10,2,3,3,98,2012.444647898551
qLogEI,10,2,3,3,99,2012.444647898551
qLogEI,10,2,3,3,100,2012.444647898551
RL_Enhanced,10,2,3,3,1,inf
RL_Enhanced,10,2,3,3,2,inf
RL_Enhanced,10,2,3,3,3,inf
RL_Enhanced,10,2,3,3,4,inf
RL_Enhanced,10,2,3,3,5,inf
RL_Enhanced,10,2,3,3,6,inf
RL_Enhanced,10,2,3,3,7,inf
RL_Enhanced,10,2,3,3,8,inf
RL_Enhanced,10,2,3,3,9,inf
RL_Enhanced,10,2,3,3,10,inf
RL_Enhanced,10,2,3,3,11,inf
RL_Enhanced,10,2,3,3,12,inf
RL_Enhanced,10,2,3,3,13,2012.444647898551
RL_Enhanced,10,2,3,3,14,2012.444647898551
RL_Enhanced,10,2,3,3,15,2012.444647898551
RL_Enhanced,10,2,3,3,16,2012.444647898551
RL_Enhanced,10,2,3,3,17,2012.444647898551
RL_Enhanced,10,2,3,3,18,2012.444647898551
RL_Enhanced,10,2,3,3,19,2012.444647898551
RL_Enhanced,10,2,3,3,20,2012.444647898551
RL_Enhanced,10,2,3,3,21,2012.444647898551
RL_Enhanced,10,2,3,3,22,2012.444647898551
RL_Enhanced,10,2,3,3,23,2012.444647898551
RL_Enhanced,10,2,3,3,24,2012.444647898551
RL_Enhanced,10,2,3,3,25,2012.444647898551
RL_Enhanced,10,2,3,3,26,2012.444647898551
RL_Enhanced,10,2,3,3,27,2012.444647898551
RL_Enhanced,10,2,3,3,28,2012.444647898551
RL_Enhanced,10,2,3,3,29,2012.444647898551
RL_Enhanced,10,2,3,3,30,2012.444647898551
RL_Enhanced,10,2,3,3,31,2012.444647898551
RL_Enhanced,10,2,3,3,32,2012.444647898551
RL_Enhanced,10,2,3,3,33,2012.444647898551
RL_Enhanced,10,2,3,3,34,2012.444647898551
RL_Enhanced,10,2,3,3,35,2012.444647898551
RL_Enhanced,10,2,3,3,36,2012.444647898551
RL_Enhanced,10,2,3,3,37,2012.444647898551
RL_Enhanced,10,2,3,3,38,2012.444647898551
RL_Enhanced,10,2,3,3,39,2012.444647898551
RL_Enhanced,10,2,3,3,40,2012.444647898551
RL_Enhanced,10,2,3,3,41,2012.444647898551
RL_Enhanced,10,2,3,3,42,2012.444647898551
RL_Enhanced,10,2,3,3,43,2012.444647898551
RL_Enhanced,10,2,3,3,44,2012.444647898551
RL_Enhanced,10,2,3,3,45,2012.444647898551
RL_Enhanced,10,2,3,3,46,2012.444647898551
RL_Enhanced,10,2,3,3,47,2012.444647898551
RL_Enhanced,10,2,3,3,48,2012.444647898551
RL_Enhanced,10,2,3,3,49,2012.444647898551
RL_Enhanced,10,2,3,3,50,2012.444647898551
RL_Enhanced,10,2,3,3,51,2012.444647898551
RL_Enhanced,10,2,3,3,52,2012.444647898551
RL_Enhanced,10,2,3,3,53,2012.444647898551
RL_Enhanced,10,2,3,3,54,2012.444647898551
RL_Enhanced,10,2,3,3,55,2012.444647898551
RL_Enhanced,10,2,3,3,56,2012.444647898551
RL_Enhanced,10,2,3,3,57,2012.444647898551
RL_Enhanced,10,2,3,3,58,2012.444647898551
RL_Enhanced,10,2,3,3,59,2012.444647898551
RL_Enhanced,10,2,3,3,60,2012.444647898551
RL_Enhanced,10,2,3,3,61,2012.444647898551
RL_Enhanced,10,2,3,3,62,2012.444647898551
RL_Enhanced,10,2,3,3,63,2012.444647898551
RL_Enhanced,10,2,3,3,64,2012.444647898551
RL_Enhanced,10,2,3,3,65,2012.444647898551
RL_Enhanced,10,2,3,3,66,2012.444647898551
RL_Enhanced,10,2,3,3,67,2012.444647898551
RL_Enhanced,10,2,3,3,68,2012.444647898551
RL_Enhanced,10,2,3,3,69,2012.444647898551
RL_Enhanced,10,2,3,3,70,2012.444647898551
RL_Enhanced,10,2,3,3,71,2012.444647898551
RL_Enhanced,10,2,3,3,72,2012.444647898551
RL_Enhanced,10,2,3,3,73,2012.444647898551
RL_Enhanced,10,2,3,3,74,2012.444647898551
RL_Enhanced,10,2,3,3,75,2012.444647898551
RL_Enhanced,10,2,3,3,76,2012.444647898551
RL_Enhanced,10,2,3,3,77,2012.444647898551
RL_Enhanced,10,2,3,3,78,2012.444647898551
RL_Enhanced,10,2,3,3,79,2012.444647898551
RL_Enhanced,10,2,3,3,80,2012.444647898551
RL_Enhanced,10,2,3,3,81,2012.444647898551
RL_Enhanced,10,2,3,3,82,2012.444647898551
RL_Enhanced,10,2,3,3,83,2012.444647898551
RL_Enhanced,10,2,3,3,84,2012.444647898551
RL_Enhanced,10,2,3,3,85,2012.444647898551
RL_Enhanced,10,2,3,3,86,2012.444647898551
RL_Enhanced,10,2,3,3,87,2012.444647898551
RL_Enhanced,10,2,3,3,88,2012.444647898551
RL_Enhanced,10,2,3,3,89,2012.444647898551
RL_Enhanced,10,2,3,3,90,2012.444647898551
RL_Enhanced,10,2,3,3,91,2012.444647898551
RL_Enhanced,10,2,3,3,92,2012.444647898551
RL_Enhanced,10,2,3,3,93,2012.444647898551
RL_Enhanced,10,2,3,3,94,2012.444647898551
RL_Enhanced,10,2,3,3,95,2012.444647898551
RL_Enhanced,10,2,3,3,96,2012.444647898551
RL_Enhanced,10,2,3,3,97,2012.444647898551
RL_Enhanced,10,2,3,3,98,2012.444647898551
RL_Enhanced,10,2,3,3,99,2012.444647898551
RL_Enhanced,10,2,3,3,100,2012.444647898551
Random,10,2,3,4,1,inf
Random,10,2,3,4,2,inf
Random,10,2,3,4,3,inf
Random,10,2,3,4,4,inf
Random,10,2,3,4,5,inf
Random,10,2,3,4,6,inf
Random,10,2,3,4,7,inf
Random,10,2,3,4,8,inf
Random,10,2,3,4,9,inf
Random,10,2,3,4,10,inf
Random,10,2,3,4,11,inf
Random,10,2,3,4,12,inf
Random,10,2,3,4,13,inf
Random,10,2,3,4,14,inf
Random,10,2,3,4,15,inf
Random,10,2,3,4,16,inf
Random,10,2,3,4,17,inf
Random,10,2,3,4,18,inf
Random,10,2,3,4,19,inf
Random,10,2,3,4,20,inf
Random,10,2,3,4,21,inf
Random,10,2,3,4,22,inf
Random,10,2,3,4,23,inf
Random,10,2,3,4,24,inf
Random,10,2,3,4,25,inf
Random,10,2,3,4,26,inf
Random,10,2,3,4,27,inf
Random,10,2,3,4,28,inf
Random,10,2,3,4,29,inf
Random,10,2,3,4,30,inf
Random,10,2,3,4,31,inf
Random,10,2,3,4,32,inf
Random,10,2,3,4,33,inf
Random,10,2,3,4,34,inf
Random,10,2,3,4,35,inf
Random,10,2,3,4,36,inf
Random,10,2,3,4,37,inf
Random,10,2,3,4,38,inf
Random,10,2,3,4,39,inf
Random,10,2,3,4,40,inf
Random,10,2,3,4,41,inf
Random,10,2,3,4,42,inf
Random,10,2,3,4,43,inf
Random,10,2,3,4,44,inf
Random,10,2,3,4,45,inf
Random,10,2,3,4,46,inf
Random,10,2,3,4,47,inf
Random,10,2,3,4,48,inf
Random,10,2,3,4,49,inf
Random,10,2,3,4,50,1170.8465471366671
Random,10,2,3,4,51,1170.8465471366671
Random,10,2,3,4,52,1170.8465471366671
Random,10,2,3,4,53,1170.8465471366671
Random,10,2,3,4,54,1170.8465471366671
Random,10,2,3,4,55,1170.8465471366671
Random,10,2,3,4,56,1170.8465471366671
Random,10,2,3,4,57,1170.8465471366671
Random,10,2,3,4,58,1170.8465471366671
Random,10,2,3,4,59,1170.8465471366671
Random,10,2,3,4,60,1170.8465471366671
Random,10,2,3,4,61,1170.8465471366671
Random,10,2,3,4,62,1170.8465471366671
Random,10,2,3,4,63,1170.8465471366671
Random,10,2,3,4,64,1170.8465471366671
Random,10,2,3,4,65,1170.8465471366671
Random,10,2,3,4,66,1170.8465471366671
Random,10,2,3,4,67,1170.8465471366671
Random,10,2,3,4,68,1170.8465471366671
Random,10,2,3,4,69,1170.8465471366671
Random,10,2,3,4,70,1170.8465471366671
Random,10,2,3,4,71,1170.8465471366671
Random,10,2,3,4,72,1170.8465471366671
Random,10,2,3,4,73,1170.8465471366671
Random,10,2,3,4,74,1170.8465471366671
Random,10,2,3,4,75,1170.8465471366671
Random,10,2,3,4,76,1170.8465471366671
Random,10,2,3,4,77,1170.8465471366671
Random,10,2,3,4,78,1170.8465471366671
Random,10,2,3,4,79,1170.8465471366671
Random,10,2,3,4,80,1170.8465471366671
Random,10,2,3,4,81,1170.8465471366671
Random,10,2,3,4,82,1170.8465471366671
Random,10,2,3,4,83,1135.7255933270808
Random,10,2,3,4,84,1135.7255933270808
Random,10,2,3,4,85,1135.7255933270808
Random,10,2,3,4,86,1135.7255933270808
Random,10,2,3,4,87,1135.7255933270808
Random,10,2,3,4,88,1135.7255933270808
Random,10,2,3,4,89,1135.7255933270808
Random,10,2,3,4,90,1135.7255933270808
Random,10,2,3,4,91,1135.7255933270808
Random,10,2,3,4,92,1135.7255933270808
Random,10,2,3,4,93,1135.7255933270808
Random,10,2,3,4,94,1135.7255933270808
Random,10,2,3,4,95,1135.7255933270808
Random,10,2,3,4,96,1135.7255933270808
Random,10,2,3,4,97,1135.7255933270808
Random,10,2,3,4,98,1135.7255933270808
Random,10,2,3,4,99,1135.7255933270808
Random,10,2,3,4,100,1135.7255933270808
qLogEI,10,2,3,4,1,inf
qLogEI,10,2,3,4,2,inf
qLogEI,10,2,3,4,3,inf
qLogEI,10,2,3,4,4,inf
qLogEI,10,2,3,4,5,inf
qLogEI,10,2,3,4,6,inf
qLogEI,10,2,3,4,7,inf
qLogEI,10,2,3,4,8,inf
qLogEI,10,2,3,4,9,inf
qLogEI,10,2,3,4,10,inf
qLogEI,10,2,3,4,11,inf
qLogEI,10,2,3,4,12,inf
qLogEI,10,2,3,4,13,inf
qLogEI,10,2,3,4,14,inf
qLogEI,10,2,3,4,15,inf
qLogEI,10,2,3,4,16,inf
qLogEI,10,2,3,4,17,inf
qLogEI,10,2,3,4,18,inf
qLogEI,10,2,3,4,19,inf
qLogEI,10,2,3,4,20,inf
qLogEI,10,2,3,4,21,inf
qLogEI,10,2,3,4,22,inf
qLogEI,10,2,3,4,23,inf
qLogEI,10,2,3,4,24,inf
qLogEI,10,2,3,4,25,inf
qLogEI,10,2,3,4,26,inf
qLogEI,10,2,3,4,27,inf
qLogEI,10,2,3,4,28,inf
qLogEI,10,2,3,4,29,inf
qLogEI,10,2,3,4,30,inf
qLogEI,10,2,3,4,31,inf
qLogEI,10,2,3,4,32,inf
qLogEI,10,2,3,4,33,inf
qLogEI,10,2,3,4,34,inf
qLogEI,10,2,3,4,35,inf
qLogEI,10,2,3,4,36,inf
qLogEI,10,2,3,4,37,inf
qLogEI,10,2,3,4,38,inf
qLogEI,10,2,3,4,39,inf
qLogEI,10,2,3,4,40,inf
qLogEI,10,2,3,4,41,inf
qLogEI,10,2,3,4,42,inf
qLogEI,10,2,3,4,43,inf
qLogEI,10,2,3,4,44,inf
qLogEI,10,2,3,4,45,inf
qLogEI,10,2,3,4,46,inf
qLogEI,10,2,3,4,47,inf
qLogEI,10,2,3,4,48,inf
qLogEI,10,2,3,4,49,inf
qLogEI,10,2,3,4,50,inf
qLogEI,10,2,3,4,51,inf
qLogEI,10,2,3,4,52,inf
qLogEI,10,2,3,4,53,inf
qLogEI,10,2,3,4,54,inf
qLogEI,10,2,3,4,55,inf
qLogEI,10,2,3,4,56,inf
qLogEI,10,2,3,4,57,inf
qLogEI,10,2,3,4,58,inf
qLogEI,10,2,3,4,59,inf
qLogEI,10,2,3,4,60,inf
qLogEI,10,2,3,4,61,inf
qLogEI,10,2,3,4,62,inf
qLogEI,10,2,3,4,63,inf
qLogEI,10,2,3,4,64,inf
qLogEI,10,2,3,4,65,inf
qLogEI,10,2,3,4,66,inf
qLogEI,10,2,3,4,67,inf
qLogEI,10,2,3,4,68,inf
qLogEI,10,2,3,4,69,inf
qLogEI,10,2,3,4,70,inf
qLogEI,10,2,3,4,71,inf
qLogEI,10,2,3,4,72,inf
qLogEI,10,2,3,4,73,inf
qLogEI,10,2,3,4,74,inf
qLogEI,10,2,3,4,75,inf
qLogEI,10,2,3,4,76,inf
qLogEI,10,2,3,4,77,inf
qLogEI,10,2,3,4,78,inf
qLogEI,10,2,3,4,79,inf
qLogEI,10,2,3,4,80,inf
qLogEI,10,2,3,4,81,inf
qLogEI,10,2,3,4,82,inf
qLogEI,10,2,3,4,83,inf
qLogEI,10,2,3,4,84,inf
qLogEI,10,2,3,4,85,inf
qLogEI,10,2,3,4,86,inf
qLogEI,10,2,3,4,87,inf
qLogEI,10,2,3,4,88,inf
qLogEI,10,2,3,4,89,inf
qLogEI,10,2,3,4,90,inf
qLogEI,10,2,3,4,91,inf
qLogEI,10,2,3,4,92,inf
qLogEI,10,2,3,4,93,inf
qLogEI,10,2,3,4,94,inf
qLogEI,10,2,3,4,95,inf
qLogEI,10,2,3,4,96,inf
qLogEI,10,2,3,4,97,inf
qLogEI,10,2,3,4,98,inf
qLogEI,10,2,3,4,99,inf
qLogEI,10,2,3,4,100,inf
RL_Enhanced,10,2,3,4,1,inf
RL_Enhanced,10,2,3,4,2,inf
RL_Enhanced,10,2,3,4,3,inf
RL_Enhanced,10,2,3,4,4,inf
RL_Enhanced,10,2,3,4,5,inf
RL_Enhanced,10,2,3,4,6,inf
RL_Enhanced,10,2,3,4,7,inf
RL_Enhanced,10,2,3,4,8,inf
RL_Enhanced,10,2,3,4,9,inf
RL_Enhanced,10,2,3,4,10,inf
RL_Enhanced,10,2,3,4,11,inf
RL_Enhanced,10,2,3,4,12,inf
RL_Enhanced,10,2,3,4,13,inf
RL_Enhanced,10,2,3,4,14,inf
RL_Enhanced,10,2,3,4,15,inf
RL_Enhanced,10,2,3,4,16,inf
RL_Enhanced,10,2,3,4,17,inf
RL_Enhanced,10,2,3,4,18,inf
RL_Enhanced,10,2,3,4,19,inf
RL_Enhanced,10,2,3,4,20,inf
RL_Enhanced,10,2,3,4,21,inf
RL_Enhanced,10,2,3,4,22,inf
RL_Enhanced,10,2,3,4,23,inf
RL_Enhanced,10,2,3,4,24,inf
RL_Enhanced,10,2,3,4,25,inf
RL_Enhanced,10,2,3,4,26,inf
RL_Enhanced,10,2,3,4,27,inf
RL_Enhanced,10,2,3,4,28,inf
RL_Enhanced,10,2,3,4,29,inf
RL_Enhanced,10,2,3,4,30,inf
RL_Enhanced,10,2,3,4,31,inf
RL_Enhanced,10,2,3,4,32,inf
RL_Enhanced,10,2,3,4,33,inf
RL_Enhanced,10,2,3,4,34,inf
RL_Enhanced,10,2,3,4,35,inf
RL_Enhanced,10,2,3,4,36,inf
RL_Enhanced,10,2,3,4,37,inf
RL_Enhanced,10,2,3,4,38,inf
RL_Enhanced,10,2,3,4,39,inf
RL_Enhanced,10,2,3,4,40,inf
RL_Enhanced,10,2,3,4,41,inf
RL_Enhanced,10,2,3,4,42,inf
RL_Enhanced,10,2,3,4,43,inf
RL_Enhanced,10,2,3,4,44,inf
RL_Enhanced,10,2,3,4,45,inf
RL_Enhanced,10,2,3,4,46,inf
RL_Enhanced,10,2,3,4,47,inf
RL_Enhanced,10,2,3,4,48,inf
RL_Enhanced,10,2,3,4,49,inf
RL_Enhanced,10,2,3,4,50,inf
RL_Enhanced,10,2,3,4,51,inf
RL_Enhanced,10,2,3,4,52,inf
RL_Enhanced,10,2,3,4,53,inf
RL_Enhanced,10,2,3,4,54,inf
RL_Enhanced,10,2,3,4,55,inf
RL_Enhanced,10,2,3,4,56,inf
RL_Enhanced,10,2,3,4,57,inf
RL_Enhanced,10,2,3,4,58,inf
RL_Enhanced,10,2,3,4,59,inf
RL_Enhanced,10,2,3,4,60,inf
RL_Enhanced,10,2,3,4,61,inf
RL_Enhanced,10,2,3,4,62,inf
RL_Enhanced,10,2,3,4,63,inf
RL_Enhanced,10,2,3,4,64,inf
RL_Enhanced,10,2,3,4,65,inf
RL_Enhanced,10,2,3,4,66,inf
RL_Enhanced,10,2,3,4,67,inf
RL_Enhanced,10,2,3,4,68,inf
RL_Enhanced,10,2,3,4,69,inf
RL_Enhanced,10,2,3,4,70,inf
RL_Enhanced,10,2,3,4,71,inf
RL_Enhanced,10,2,3,4,72,inf
RL_Enhanced,10,2,3,4,73,inf
RL_Enhanced,10,2,3,4,74,inf
RL_Enhanced,10,2,3,4,75,inf
RL_Enhanced,10,2,3,4,76,inf
RL_Enhanced,10,2,3,4,77,inf
RL_Enhanced,10,2,3,4,78,inf
RL_Enhanced,10,2,3,4,79,inf
RL_Enhanced,10,2,3,4,80,inf
RL_Enhanced,10,2,3,4,81,inf
RL_Enhanced,10,2,3,4,82,inf
RL_Enhanced,10,2,3,4,83,inf
RL_Enhanced,10,2,3,4,84,inf
RL_Enhanced,10,2,3,4,85,inf
RL_Enhanced,10,2,3,4,86,inf
RL_Enhanced,10,2,3,4,87,inf
RL_Enhanced,10,2,3,4,88,inf
RL_Enhanced,10,2,3,4,89,inf
RL_Enhanced,10,2,3,4,90,inf
RL_Enhanced,10,2,3,4,91,inf
RL_Enhanced,10,2,3,4,92,inf
RL_Enhanced,10,2,3,4,93,inf
RL_Enhanced,10,2,3,4,94,inf
RL_Enhanced,10,2,3,4,95,inf
RL_Enhanced,10,2,3,4,96,inf
RL_Enhanced,10,2,3,4,97,inf
RL_Enhanced,10,2,3,4,98,inf
RL_Enhanced,10,2,3,4,99,inf
RL_Enhanced,10,2,3,4,100,inf
Random,10,4,1,0,1,inf
Random,10,4,1,0,2,inf
Random,10,4,1,0,3,inf
Random,10,4,1,0,4,inf
Random,10,4,1,0,5,inf
Random,10,4,1,0,6,inf
Random,10,4,1,0,7,inf
Random,10,4,1,0,8,inf
Random,10,4,1,0,9,inf
Random,10,4,1,0,10,inf
Random,10,4,1,0,11,inf
Random,10,4,1,0,12,inf
Random,10,4,1,0,13,inf
Random,10,4,1,0,14,inf
Random,10,4,1,0,15,inf
Random,10,4,1,0,16,inf
Random,10,4,1,0,17,inf
Random,10,4,1,0,18,inf
Random,10,4,1,0,19,inf
Random,10,4,1,0,20,inf
Random,10,4,1,0,21,inf
Random,10,4,1,0,22,inf
Random,10,4,1,0,23,inf
Random,10,4,1,0,24,inf
Random,10,4,1,0,25,inf
Random,10,4,1,0,26,inf
Random,10,4,1,0,27,inf
Random,10,4,1,0,28,inf
Random,10,4,1,0,29,inf
Random,10,4,1,0,30,inf
Random,10,4,1,0,31,inf
Random,10,4,1,0,32,inf
Random,10,4,1,0,33,inf
Random,10,4,1,0,34,inf
Random,10,4,1,0,35,inf
Random,10,4,1,0,36,inf
Random,10,4,1,0,37,inf
Random,10,4,1,0,38,inf
Random,10,4,1,0,39,inf
Random,10,4,1,0,40,inf
Random,10,4,1,0,41,inf
Random,10,4,1,0,42,inf
Random,10,4,1,0,43,inf
Random,10,4,1,0,44,inf
Random,10,4,1,0,45,inf
Random,10,4,1,0,46,inf
Random,10,4,1,0,47,inf
Random,10,4,1,0,48,inf
Random,10,4,1,0,49,inf
Random,10,4,1,0,50,inf
Random,10,4,1,0,51,inf
Random,10,4,1,0,52,inf
Random,10,4,1,0,53,inf
Random,10,4,1,0,54,inf
Random,10,4,1,0,55,inf
Random,10,4,1,0,56,inf
Random,10,4,1,0,57,inf
Random,10,4,1,0,58,inf
Random,10,4,1,0,59,inf
Random,10,4,1,0,60,inf
Random,10,4,1,0,61,inf
Random,10,4,1,0,62,inf
Random,10,4,1,0,63,inf
Random,10,4,1,0,64,inf
Random,10,4,1,0,65,inf
Random,10,4,1,0,66,inf
Random,10,4,1,0,67,inf
Random,10,4,1,0,68,inf
Random,10,4,1,0,69,inf
Random,10,4,1,0,70,inf
Random,10,4,1,0,71,inf
Random,10,4,1,0,72,inf
Random,10,4,1,0,73,inf
Random,10,4,1,0,74,inf
Random,10,4,1,0,75,inf
Random,10,4,1,0,76,inf
Random,10,4,1,0,77,inf
Random,10,4,1,0,78,inf
Random,10,4,1,0,79,inf
Random,10,4,1,0,80,inf
Random,10,4,1,0,81,inf
Random,10,4,1,0,82,inf
Random,10,4,1,0,83,inf
Random,10,4,1,0,84,inf
Random,10,4,1,0,85,inf
Random,10,4,1,0,86,inf
Random,10,4,1,0,87,inf
Random,10,4,1,0,88,inf
Random,10,4,1,0,89,inf
Random,10,4,1,0,90,inf
Random,10,4,1,0,91,inf
Random,10,4,1,0,92,inf
Random,10,4,1,0,93,inf
Random,10,4,1,0,94,inf
Random,10,4,1,0,95,inf
Random,10,4,1,0,96,inf
Random,10,4,1,0,97,inf
Random,10,4,1,0,98,inf
Random,10,4,1,0,99,inf
Random,10,4,1,0,100,inf
qLogEI,10,4,1,0,1,inf
qLogEI,10,4,1,0,2,inf
qLogEI,10,4,1,0,3,inf
qLogEI,10,4,1,0,4,inf
qLogEI,10,4,1,0,5,inf
qLogEI,10,4,1,0,6,inf
qLogEI,10,4,1,0,7,inf
qLogEI,10,4,1,0,8,inf
qLogEI,10,4,1,0,9,inf
qLogEI,10,4,1,0,10,inf
qLogEI,10,4,1,0,11,inf
qLogEI,10,4,1,0,12,inf
qLogEI,10,4,1,0,13,inf
qLogEI,10,4,1,0,14,inf
qLogEI,10,4,1,0,15,inf
qLogEI,10,4,1,0,16,inf
qLogEI,10,4,1,0,17,inf
qLogEI,10,4,1,0,18,inf
qLogEI,10,4,1,0,19,inf
qLogEI,10,4,1,0,20,inf
qLogEI,10,4,1,0,21,inf
qLogEI,10,4,1,0,22,inf
qLogEI,10,4,1,0,23,inf
qLogEI,10,4,1,0,24,inf
qLogEI,10,4,1,0,25,inf
qLogEI,10,4,1,0,26,inf
qLogEI,10,4,1,0,27,inf
qLogEI,10,4,1,0,28,inf
qLogEI,10,4,1,0,29,inf
qLogEI,10,4,1,0,30,inf
qLogEI,10,4,1,0,31,inf
qLogEI,10,4,1,0,32,inf
qLogEI,10,4,1,0,33,inf
qLogEI,10,4,1,0,34,inf
qLogEI,10,4,1,0,35,inf
qLogEI,10,4,1,0,36,inf
qLogEI,10,4,1,0,37,inf
qLogEI,10,4,1,0,38,inf
qLogEI,10,4,1,0,39,inf
qLogEI,10,4,1,0,40,inf
qLogEI,10,4,1,0,41,inf
qLogEI,10,4,1,0,42,inf
qLogEI,10,4,1,0,43,inf
qLogEI,10,4,1,0,44,inf
qLogEI,10,4,1,0,45,inf
qLogEI,10,4,1,0,46,inf
qLogEI,10,4,1,0,47,inf
qLogEI,10,4,1,0,48,inf
qLogEI,10,4,1,0,49,inf
qLogEI,10,4,1,0,50,inf
qLogEI,10,4,1,0,51,inf
qLogEI,10,4,1,0,52,inf
qLogEI,10,4,1,0,53,inf
qLogEI,10,4,1,0,54,inf
qLogEI,10,4,1,0,55,inf
qLogEI,10,4,1,0,56,inf
qLogEI,10,4,1,0,57,inf
qLogEI,10,4,1,0,58,inf
qLogEI,10,4,1,0,59,inf
qLogEI,10,4,1,0,60,inf
qLogEI,10,4,1,0,61,inf
qLogEI,10,4,1,0,62,inf
qLogEI,10,4,1,0,63,inf
qLogEI,10,4,1,0,64,inf
qLogEI,10,4,1,0,65,inf
qLogEI,10,4,1,0,66,inf
qLogEI,10,4,1,0,67,inf
qLogEI,10,4,1,0,68,inf
qLogEI,10,4,1,0,69,inf
qLogEI,10,4,1,0,70,inf
qLogEI,10,4,1,0,71,inf
qLogEI,10,4,1,0,72,inf
qLogEI,10,4,1,0,73,inf
qLogEI,10,4,1,0,74,inf
qLogEI,10,4,1,0,75,inf
qLogEI,10,4,1,0,76,inf
qLogEI,10,4,1,0,77,inf
qLogEI,10,4,1,0,78,inf
qLogEI,10,4,1,0,79,inf
qLogEI,10,4,1,0,80,inf
qLogEI,10,4,1,0,81,inf
qLogEI,10,4,1,0,82,inf
qLogEI,10,4,1,0,83,inf
qLogEI,10,4,1,0,84,inf
qLogEI,10,4,1,0,85,inf
qLogEI,10,4,1,0,86,inf
qLogEI,10,4,1,0,87,inf
qLogEI,10,4,1,0,88,inf
qLogEI,10,4,1,0,89,inf
qLogEI,10,4,1,0,90,inf
qLogEI,10,4,1,0,91,inf
qLogEI,10,4,1,0,92,inf
qLogEI,10,4,1,0,93,inf
qLogEI,10,4,1,0,94,inf
qLogEI,10,4,1,0,95,inf
qLogEI,10,4,1,0,96,inf
qLogEI,10,4,1,0,97,inf
qLogEI,10,4,1,0,98,inf
qLogEI,10,4,1,0,99,inf
qLogEI,10,4,1,0,100,inf
RL_Enhanced,10,4,1,0,1,inf
RL_Enhanced,10,4,1,0,2,inf
RL_Enhanced,10,4,1,0,3,inf
RL_Enhanced,10,4,1,0,4,inf
RL_Enhanced,10,4,1,0,5,inf
RL_Enhanced,10,4,1,0,6,inf
RL_Enhanced,10,4,1,0,7,inf
RL_Enhanced,10,4,1,0,8,inf
RL_Enhanced,10,4,1,0,9,inf
RL_Enhanced,10,4,1,0,10,inf
RL_Enhanced,10,4,1,0,11,inf
RL_Enhanced,10,4,1,0,12,inf
RL_Enhanced,10,4,1,0,13,inf
RL_Enhanced,10,4,1,0,14,inf
RL_Enhanced,10,4,1,0,15,inf
RL_Enhanced,10,4,1,0,16,inf
RL_Enhanced,10,4,1,0,17,inf
RL_Enhanced,10,4,1,0,18,inf
RL_Enhanced,10,4,1,0,19,inf
RL_Enhanced,10,4,1,0,20,inf
RL_Enhanced,10,4,1,0,21,inf
RL_Enhanced,10,4,1,0,22,inf
RL_Enhanced,10,4,1,0,23,inf
RL_Enhanced,10,4,1,0,24,inf
RL_Enhanced,10,4,1,0,25,inf
RL_Enhanced,10,4,1,0,26,inf
RL_Enhanced,10,4,1,0,27,inf
RL_Enhanced,10,4,1,0,28,inf
RL_Enhanced,10,4,1,0,29,inf
RL_Enhanced,10,4,1,0,30,inf
RL_Enhanced,10,4,1,0,31,inf
RL_Enhanced,10,4,1,0,32,inf
RL_Enhanced,10,4,1,0,33,inf
RL_Enhanced,10,4,1,0,34,inf
RL_Enhanced,10,4,1,0,35,inf
RL_Enhanced,10,4,1,0,36,inf
RL_Enhanced,10,4,1,0,37,inf
RL_Enhanced,10,4,1,0,38,inf
RL_Enhanced,10,4,1,0,39,inf
RL_Enhanced,10,4,1,0,40,inf
RL_Enhanced,10,4,1,0,41,inf
RL_Enhanced,10,4,1,0,42,inf
RL_Enhanced,10,4,1,0,43,inf
RL_Enhanced,10,4,1,0,44,inf
RL_Enhanced,10,4,1,0,45,inf
RL_Enhanced,10,4,1,0,46,inf
RL_Enhanced,10,4,1,0,47,inf
RL_Enhanced,10,4,1,0,48,inf
RL_Enhanced,10,4,1,0,49,inf
RL_Enhanced,10,4,1,0,50,inf
RL_Enhanced,10,4,1,0,51,inf
RL_Enhanced,10,4,1,0,52,inf
RL_Enhanced,10,4,1,0,53,inf
RL_Enhanced,10,4,1,0,54,inf
RL_Enhanced,10,4,1,0,55,inf
RL_Enhanced,10,4,1,0,56,inf
RL_Enhanced,10,4,1,0,57,inf
RL_Enhanced,10,4,1,0,58,inf
RL_Enhanced,10,4,1,0,59,inf
RL_Enhanced,10,4,1,0,60,inf
RL_Enhanced,10,4,1,0,61,inf
RL_Enhanced,10,4,1,0,62,inf
RL_Enhanced,10,4,1,0,63,inf
RL_Enhanced,10,4,1,0,64,inf
RL_Enhanced,10,4,1,0,65,inf
RL_Enhanced,10,4,1,0,66,inf
RL_Enhanced,10,4,1,0,67,inf
RL_Enhanced,10,4,1,0,68,inf
RL_Enhanced,10,4,1,0,69,inf
RL_Enhanced,10,4,1,0,70,inf
RL_Enhanced,10,4,1,0,71,inf
RL_Enhanced,10,4,1,0,72,inf
RL_Enhanced,10,4,1,0,73,inf
RL_Enhanced,10,4,1,0,74,inf
RL_Enhanced,10,4,1,0,75,inf
RL_Enhanced,10,4,1,0,76,inf
RL_Enhanced,10,4,1,0,77,inf
RL_Enhanced,10,4,1,0,78,inf
RL_Enhanced,10,4,1,0,79,inf
RL_Enhanced,10,4,1,0,80,inf
RL_Enhanced,10,4,1,0,81,inf
RL_Enhanced,10,4,1,0,82,inf
RL_Enhanced,10,4,1,0,83,inf
RL_Enhanced,10,4,1,0,84,inf
RL_Enhanced,10,4,1,0,85,inf
RL_Enhanced,10,4,1,0,86,inf
RL_Enhanced,10,4,1,0,87,inf
RL_Enhanced,10,4,1,0,88,inf
RL_Enhanced,10,4,1,0,89,inf
RL_Enhanced,10,4,1,0,90,inf
RL_Enhanced,10,4,1,0,91,inf
RL_Enhanced,10,4,1,0,92,inf
RL_Enhanced,10,4,1,0,93,inf
RL_Enhanced,10,4,1,0,94,inf
RL_Enhanced,10,4,1,0,95,inf
RL_Enhanced,10,4,1,0,96,inf
RL_Enhanced,10,4,1,0,97,inf
RL_Enhanced,10,4,1,0,98,inf
RL_Enhanced,10,4,1,0,99,inf
RL_Enhanced,10,4,1,0,100,inf
Random,10,4,1,1,1,inf
Random,10,4,1,1,2,inf
Random,10,4,1,1,3,inf
Random,10,4,1,1,4,inf
Random,10,4,1,1,5,inf
Random,10,4,1,1,6,inf
Random,10,4,1,1,7,inf
Random,10,4,1,1,8,inf
Random,10,4,1,1,9,inf
Random,10,4,1,1,10,inf
Random,10,4,1,1,11,inf
Random,10,4,1,1,12,inf
Random,10,4,1,1,13,inf
Random,10,4,1,1,14,inf
Random,10,4,1,1,15,inf
Random,10,4,1,1,16,inf
Random,10,4,1,1,17,inf
Random,10,4,1,1,18,inf
Random,10,4,1,1,19,inf
Random,10,4,1,1,20,inf
Random,10,4,1,1,21,inf
Random,10,4,1,1,22,inf
Random,10,4,1,1,23,inf
Random,10,4,1,1,24,inf
Random,10,4,1,1,25,inf
Random,10,4,1,1,26,inf
Random,10,4,1,1,27,inf
Random,10,4,1,1,28,inf
Random,10,4,1,1,29,inf
Random,10,4,1,1,30,inf
Random,10,4,1,1,31,inf
Random,10,4,1,1,32,inf
Random,10,4,1,1,33,inf
Random,10,4,1,1,34,inf
Random,10,4,1,1,35,inf
Random,10,4,1,1,36,inf
Random,10,4,1,1,37,inf
Random,10,4,1,1,38,inf
Random,10,4,1,1,39,inf
Random,10,4,1,1,40,inf
Random,10,4,1,1,41,inf
Random,10,4,1,1,42,inf
Random,10,4,1,1,43,inf
Random,10,4,1,1,44,inf
Random,10,4,1,1,45,inf
Random,10,4,1,1,46,inf
Random,10,4,1,1,47,inf
Random,10,4,1,1,48,inf
Random,10,4,1,1,49,inf
Random,10,4,1,1,50,inf
Random,10,4,1,1,51,inf
Random,10,4,1,1,52,inf
Random,10,4,1,1,53,inf
Random,10,4,1,1,54,inf
Random,10,4,1,1,55,inf
Random,10,4,1,1,56,inf
Random,10,4,1,1,57,inf
Random,10,4,1,1,58,inf
Random,10,4,1,1,59,inf
Random,10,4,1,1,60,inf
Random,10,4,1,1,61,inf
Random,10,4,1,1,62,inf
Random,10,4,1,1,63,inf
Random,10,4,1,1,64,inf
Random,10,4,1,1,65,inf
Random,10,4,1,1,66,inf
Random,10,4,1,1,67,inf
Random,10,4,1,1,68,inf
Random,10,4,1,1,69,inf
Random,10,4,1,1,70,inf
Random,10,4,1,1,71,inf
Random,10,4,1,1,72,inf
Random,10,4,1,1,73,inf
Random,10,4,1,1,74,inf
Random,10,4,1,1,75,inf
Random,10,4,1,1,76,inf
Random,10,4,1,1,77,inf
Random,10,4,1,1,78,inf
Random,10,4,1,1,79,inf
Random,10,4,1,1,80,inf
Random,10,4,1,1,81,inf
Random,10,4,1,1,82,inf
Random,10,4,1,1,83,inf
Random,10,4,1,1,84,inf
Random,10,4,1,1,85,inf
Random,10,4,1,1,86,inf
Random,10,4,1,1,87,inf
Random,10,4,1,1,88,inf
Random,10,4,1,1,89,inf
Random,10,4,1,1,90,inf
Random,10,4,1,1,91,inf
Random,10,4,1,1,92,inf
Random,10,4,1,1,93,inf
Random,10,4,1,1,94,inf
Random,10,4,1,1,95,inf
Random,10,4,1,1,96,inf
Random,10,4,1,1,97,inf
Random,10,4,1,1,98,inf
Random,10,4,1,1,99,inf
Random,10,4,1,1,100,inf
qLogEI,10,4,1,1,1,inf
qLogEI,10,4,1,1,2,inf
qLogEI,10,4,1,1,3,inf
qLogEI,10,4,1,1,4,inf
qLogEI,10,4,1,1,5,inf
qLogEI,10,4,1,1,6,inf
qLogEI,10,4,1,1,7,inf
qLogEI,10,4,1,1,8,inf
qLogEI,10,4,1,1,9,inf
qLogEI,10,4,1,1,10,inf
qLogEI,10,4,1,1,11,inf
qLogEI,10,4,1,1,12,inf
qLogEI,10,4,1,1,13,inf
qLogEI,10,4,1,1,14,inf
qLogEI,10,4,1,1,15,inf
qLogEI,10,4,1,1,16,inf
qLogEI,10,4,1,1,17,inf
qLogEI,10,4,1,1,18,inf
qLogEI,10,4,1,1,19,inf
qLogEI,10,4,1,1,20,inf
qLogEI,10,4,1,1,21,inf
qLogEI,10,4,1,1,22,inf
qLogEI,10,4,1,1,23,inf
qLogEI,10,4,1,1,24,inf
qLogEI,10,4,1,1,25,inf
qLogEI,10,4,1,1,26,inf
qLogEI,10,4,1,1,27,inf
qLogEI,10,4,1,1,28,inf
qLogEI,10,4,1,1,29,inf
qLogEI,10,4,1,1,30,inf
qLogEI,10,4,1,1,31,inf
qLogEI,10,4,1,1,32,inf
qLogEI,10,4,1,1,33,inf
qLogEI,10,4,1,1,34,inf
qLogEI,10,4,1,1,35,inf
qLogEI,10,4,1,1,36,inf
qLogEI,10,4,1,1,37,inf
qLogEI,10,4,1,1,38,inf
qLogEI,10,4,1,1,39,inf
qLogEI,10,4,1,1,40,inf
qLogEI,10,4,1,1,41,inf
qLogEI,10,4,1,1,42,inf
qLogEI,10,4,1,1,43,inf
qLogEI,10,4,1,1,44,inf
qLogEI,10,4,1,1,45,inf
qLogEI,10,4,1,1,46,inf
qLogEI,10,4,1,1,47,inf
qLogEI,10,4,1,1,48,inf
qLogEI,10,4,1,1,49,inf
qLogEI,10,4,1,1,50,inf
qLogEI,10,4,1,1,51,inf
qLogEI,10,4,1,1,52,inf
qLogEI,10,4,1,1,53,inf
qLogEI,10,4,1,1,54,inf
qLogEI,10,4,1,1,55,inf
qLogEI,10,4,1,1,56,inf
qLogEI,10,4,1,1,57,inf
qLogEI,10,4,1,1,58,inf
qLogEI,10,4,1,1,59,inf
qLogEI,10,4,1,1,60,inf
qLogEI,10,4,1,1,61,inf
qLogEI,10,4,1,1,62,inf
qLogEI,10,4,1,1,63,inf
qLogEI,10,4,1,1,64,inf
qLogEI,10,4,1,1,65,inf
qLogEI,10,4,1,1,66,inf
qLogEI,10,4,1,1,67,inf
qLogEI,10,4,1,1,68,inf
qLogEI,10,4,1,1,69,inf
qLogEI,10,4,1,1,70,inf
qLogEI,10,4,1,1,71,inf
qLogEI,10,4,1,1,72,inf
qLogEI,10,4,1,1,73,inf
qLogEI,10,4,1,1,74,inf
qLogEI,10,4,1,1,75,inf
qLogEI,10,4,1,1,76,inf
qLogEI,10,4,1,1,77,inf
qLogEI,10,4,1,1,78,inf
qLogEI,10,4,1,1,79,inf
qLogEI,10,4,1,1,80,inf
qLogEI,10,4,1,1,81,inf
qLogEI,10,4,1,1,82,inf
qLogEI,10,4,1,1,83,inf
qLogEI,10,4,1,1,84,inf
qLogEI,10,4,1,1,85,inf
qLogEI,10,4,1,1,86,inf
qLogEI,10,4,1,1,87,inf
qLogEI,10,4,1,1,88,inf
qLogEI,10,4,1,1,89,inf
qLogEI,10,4,1,1,90,inf
qLogEI,10,4,1,1,91,inf
qLogEI,10,4,1,1,92,inf
qLogEI,10,4,1,1,93,inf
qLogEI,10,4,1,1,94,inf
qLogEI,10,4,1,1,95,inf
qLogEI,10,4,1,1,96,inf
qLogEI,10,4,1,1,97,inf
qLogEI,10,4,1,1,98,inf
qLogEI,10,4,1,1,99,inf
qLogEI,10,4,1,1,100,inf
RL_Enhanced,10,4,1,1,1,inf
RL_Enhanced,10,4,1,1,2,inf
RL_Enhanced,10,4,1,1,3,inf
RL_Enhanced,10,4,1,1,4,inf
RL_Enhanced,10,4,1,1,5,inf
RL_Enhanced,10,4,1,1,6,inf
RL_Enhanced,10,4,1,1,7,inf
RL_Enhanced,10,4,1,1,8,inf
RL_Enhanced,10,4,1,1,9,inf
RL_Enhanced,10,4,1,1,10,inf
RL_Enhanced,10,4,1,1,11,inf
RL_Enhanced,10,4,1,1,12,inf
RL_Enhanced,10,4,1,1,13,inf
RL_Enhanced,10,4,1,1,14,inf
RL_Enhanced,10,4,1,1,15,inf
RL_Enhanced,10,4,1,1,16,inf
RL_Enhanced,10,4,1,1,17,inf
RL_Enhanced,10,4,1,1,18,inf
RL_Enhanced,10,4,1,1,19,inf
RL_Enhanced,10,4,1,1,20,inf
RL_Enhanced,10,4,1,1,21,inf
RL_Enhanced,10,4,1,1,22,inf
RL_Enhanced,10,4,1,1,23,inf
RL_Enhanced,10,4,1,1,24,inf
RL_Enhanced,10,4,1,1,25,inf
RL_Enhanced,10,4,1,1,26,inf
RL_Enhanced,10,4,1,1,27,inf
RL_Enhanced,10,4,1,1,28,inf
RL_Enhanced,10,4,1,1,29,inf
RL_Enhanced,10,4,1,1,30,inf
RL_Enhanced,10,4,1,1,31,inf
RL_Enhanced,10,4,1,1,32,inf
RL_Enhanced,10,4,1,1,33,inf
RL_Enhanced,10,4,1,1,34,inf
RL_Enhanced,10,4,1,1,35,inf
RL_Enhanced,10,4,1,1,36,inf
RL_Enhanced,10,4,1,1,37,inf
RL_Enhanced,10,4,1,1,38,inf
RL_Enhanced,10,4,1,1,39,inf
RL_Enhanced,10,4,1,1,40,inf
RL_Enhanced,10,4,1,1,41,inf
RL_Enhanced,10,4,1,1,42,inf
RL_Enhanced,10,4,1,1,43,inf
RL_Enhanced,10,4,1,1,44,inf
RL_Enhanced,10,4,1,1,45,inf
RL_Enhanced,10,4,1,1,46,inf
RL_Enhanced,10,4,1,1,47,inf
RL_Enhanced,10,4,1,1,48,inf
RL_Enhanced,10,4,1,1,49,inf
RL_Enhanced,10,4,1,1,50,inf
RL_Enhanced,10,4,1,1,51,inf
RL_Enhanced,10,4,1,1,52,inf
RL_Enhanced,10,4,1,1,53,inf
RL_Enhanced,10,4,1,1,54,inf
RL_Enhanced,10,4,1,1,55,inf
RL_Enhanced,10,4,1,1,56,inf
RL_Enhanced,10,4,1,1,57,inf
RL_Enhanced,10,4,1,1,58,inf
RL_Enhanced,10,4,1,1,59,inf
RL_Enhanced,10,4,1,1,60,inf
RL_Enhanced,10,4,1,1,61,inf
RL_Enhanced,10,4,1,1,62,inf
RL_Enhanced,10,4,1,1,63,inf
RL_Enhanced,10,4,1,1,64,inf
RL_Enhanced,10,4,1,1,65,inf
RL_Enhanced,10,4,1,1,66,inf
RL_Enhanced,10,4,1,1,67,inf
RL_Enhanced,10,4,1,1,68,inf
RL_Enhanced,10,4,1,1,69,inf
RL_Enhanced,10,4,1,1,70,inf
RL_Enhanced,10,4,1,1,71,inf
RL_Enhanced,10,4,1,1,72,inf
RL_Enhanced,10,4,1,1,73,inf
RL_Enhanced,10,4,1,1,74,inf
RL_Enhanced,10,4,1,1,75,inf
RL_Enhanced,10,4,1,1,76,inf
RL_Enhanced,10,4,1,1,77,inf
RL_Enhanced,10,4,1,1,78,inf
RL_Enhanced,10,4,1,1,79,inf
RL_Enhanced,10,4,1,1,80,inf
RL_Enhanced,10,4,1,1,81,inf
RL_Enhanced,10,4,1,1,82,inf
RL_Enhanced,10,4,1,1,83,inf
RL_Enhanced,10,4,1,1,84,inf
RL_Enhanced,10,4,1,1,85,inf
RL_Enhanced,10,4,1,1,86,inf
RL_Enhanced,10,4,1,1,87,inf
RL_Enhanced,10,4,1,1,88,inf
RL_Enhanced,10,4,1,1,89,inf
RL_Enhanced,10,4,1,1,90,inf
RL_Enhanced,10,4,1,1,91,inf
RL_Enhanced,10,4,1,1,92,inf
RL_Enhanced,10,4,1,1,93,inf
RL_Enhanced,10,4,1,1,94,inf
RL_Enhanced,10,4,1,1,95,inf
RL_Enhanced,10,4,1,1,96,inf
RL_Enhanced,10,4,1,1,97,inf
RL_Enhanced,10,4,1,1,98,inf
RL_Enhanced,10,4,1,1,99,inf
RL_Enhanced,10,4,1,1,100,inf
Random,10,4,1,2,1,inf
Random,10,4,1,2,2,inf
Random,10,4,1,2,3,inf
Random,10,4,1,2,4,inf
Random,10,4,1,2,5,inf
Random,10,4,1,2,6,inf
Random,10,4,1,2,7,inf
Random,10,4,1,2,8,inf
Random,10,4,1,2,9,inf
Random,10,4,1,2,10,inf
Random,10,4,1,2,11,inf
Random,10,4,1,2,12,inf
Random,10,4,1,2,13,inf
Random,10,4,1,2,14,inf
Random,10,4,1,2,15,inf
Random,10,4,1,2,16,inf
Random,10,4,1,2,17,inf
Random,10,4,1,2,18,inf
Random,10,4,1,2,19,inf
Random,10,4,1,2,20,inf
Random,10,4,1,2,21,inf
Random,10,4,1,2,22,inf
Random,10,4,1,2,23,inf
Random,10,4,1,2,24,inf
Random,10,4,1,2,25,inf
Random,10,4,1,2,26,inf
Random,10,4,1,2,27,inf
Random,10,4,1,2,28,inf
Random,10,4,1,2,29,inf
Random,10,4,1,2,30,inf
Random,10,4,1,2,31,inf
Random,10,4,1,2,32,inf
Random,10,4,1,2,33,inf
Random,10,4,1,2,34,inf
Random,10,4,1,2,35,inf
Random,10,4,1,2,36,inf
Random,10,4,1,2,37,inf
Random,10,4,1,2,38,inf
Random,10,4,1,2,39,inf
Random,10,4,1,2,40,inf
Random,10,4,1,2,41,inf
Random,10,4,1,2,42,inf
Random,10,4,1,2,43,inf
Random,10,4,1,2,44,inf
Random,10,4,1,2,45,inf
Random,10,4,1,2,46,inf
Random,10,4,1,2,47,inf
Random,10,4,1,2,48,inf
Random,10,4,1,2,49,inf
Random,10,4,1,2,50,inf
Random,10,4,1,2,51,inf
Random,10,4,1,2,52,inf
Random,10,4,1,2,53,inf
Random,10,4,1,2,54,inf
Random,10,4,1,2,55,inf
Random,10,4,1,2,56,inf
Random,10,4,1,2,57,inf
Random,10,4,1,2,58,inf
Random,10,4,1,2,59,inf
Random,10,4,1,2,60,inf
Random,10,4,1,2,61,inf
Random,10,4,1,2,62,inf
Random,10,4,1,2,63,inf
Random,10,4,1,2,64,inf
Random,10,4,1,2,65,inf
Random,10,4,1,2,66,inf
Random,10,4,1,2,67,inf
Random,10,4,1,2,68,inf
Random,10,4,1,2,69,inf
Random,10,4,1,2,70,inf
Random,10,4,1,2,71,inf
Random,10,4,1,2,72,inf
Random,10,4,1,2,73,inf
Random,10,4,1,2,74,inf
Random,10,4,1,2,75,inf
Random,10,4,1,2,76,inf
Random,10,4,1,2,77,inf
Random,10,4,1,2,78,inf
Random,10,4,1,2,79,inf
Random,10,4,1,2,80,inf
Random,10,4,1,2,81,inf
Random,10,4,1,2,82,inf
Random,10,4,1,2,83,inf
Random,10,4,1,2,84,inf
Random,10,4,1,2,85,inf
Random,10,4,1,2,86,inf
Random,10,4,1,2,87,inf
Random,10,4,1,2,88,inf
Random,10,4,1,2,89,inf
Random,10,4,1,2,90,inf
Random,10,4,1,2,91,inf
Random,10,4,1,2,92,inf
Random,10,4,1,2,93,inf
Random,10,4,1,2,94,inf
Random,10,4,1,2,95,inf
Random,10,4,1,2,96,inf
Random,10,4,1,2,97,inf
Random,10,4,1,2,98,inf
Random,10,4,1,2,99,inf
Random,10,4,1,2,100,inf
qLogEI,10,4,1,2,1,inf
qLogEI,10,4,1,2,2,inf
qLogEI,10,4,1,2,3,inf
qLogEI,10,4,1,2,4,inf
qLogEI,10,4,1,2,5,inf
qLogEI,10,4,1,2,6,inf
qLogEI,10,4,1,2,7,inf
qLogEI,10,4,1,2,8,inf
qLogEI,10,4,1,2,9,inf
qLogEI,10,4,1,2,10,inf
qLogEI,10,4,1,2,11,inf
qLogEI,10,4,1,2,12,inf
qLogEI,10,4,1,2,13,inf
qLogEI,10,4,1,2,14,inf
qLogEI,10,4,1,2,15,inf
qLogEI,10,4,1,2,16,inf
qLogEI,10,4,1,2,17,inf
qLogEI,10,4,1,2,18,inf
qLogEI,10,4,1,2,19,inf
qLogEI,10,4,1,2,20,inf
qLogEI,10,4,1,2,21,inf
qLogEI,10,4,1,2,22,inf
qLogEI,10,4,1,2,23,inf
qLogEI,10,4,1,2,24,inf
qLogEI,10,4,1,2,25,inf
qLogEI,10,4,1,2,26,inf
qLogEI,10,4,1,2,27,inf
qLogEI,10,4,1,2,28,inf
qLogEI,10,4,1,2,29,inf
qLogEI,10,4,1,2,30,inf
qLogEI,10,4,1,2,31,inf
qLogEI,10,4,1,2,32,inf
qLogEI,10,4,1,2,33,inf
qLogEI,10,4,1,2,34,inf
qLogEI,10,4,1,2,35,inf
qLogEI,10,4,1,2,36,inf
qLogEI,10,4,1,2,37,inf
qLogEI,10,4,1,2,38,inf
qLogEI,10,4,1,2,39,inf
qLogEI,10,4,1,2,40,inf
qLogEI,10,4,1,2,41,inf
qLogEI,10,4,1,2,42,inf
qLogEI,10,4,1,2,43,inf
qLogEI,10,4,1,2,44,inf
qLogEI,10,4,1,2,45,inf
qLogEI,10,4,1,2,46,inf
qLogEI,10,4,1,2,47,inf
qLogEI,10,4,1,2,48,inf
qLogEI,10,4,1,2,49,inf
qLogEI,10,4,1,2,50,inf
qLogEI,10,4,1,2,51,inf
qLogEI,10,4,1,2,52,inf
qLogEI,10,4,1,2,53,inf
qLogEI,10,4,1,2,54,inf
qLogEI,10,4,1,2,55,inf
qLogEI,10,4,1,2,56,inf
qLogEI,10,4,1,2,57,inf
qLogEI,10,4,1,2,58,inf
qLogEI,10,4,1,2,59,inf
qLogEI,10,4,1,2,60,inf
qLogEI,10,4,1,2,61,inf
qLogEI,10,4,1,2,62,inf
qLogEI,10,4,1,2,63,inf
qLogEI,10,4,1,2,64,inf
qLogEI,10,4,1,2,65,inf
qLogEI,10,4,1,2,66,inf
qLogEI,10,4,1,2,67,inf
qLogEI,10,4,1,2,68,inf
qLogEI,10,4,1,2,69,inf
qLogEI,10,4,1,2,70,inf
qLogEI,10,4,1,2,71,inf
qLogEI,10,4,1,2,72,inf
qLogEI,10,4,1,2,73,inf
qLogEI,10,4,1,2,74,inf
qLogEI,10,4,1,2,75,inf
qLogEI,10,4,1,2,76,inf
qLogEI,10,4,1,2,77,inf
qLogEI,10,4,1,2,78,inf
qLogEI,10,4,1,2,79,inf
qLogEI,10,4,1,2,80,inf
qLogEI,10,4,1,2,81,inf
qLogEI,10,4,1,2,82,inf
qLogEI,10,4,1,2,83,inf
qLogEI,10,4,1,2,84,inf
qLogEI,10,4,1,2,85,inf
qLogEI,10,4,1,2,86,inf
qLogEI,10,4,1,2,87,inf
qLogEI,10,4,1,2,88,inf
qLogEI,10,4,1,2,89,inf
qLogEI,10,4,1,2,90,inf
qLogEI,10,4,1,2,91,inf
qLogEI,10,4,1,2,92,inf
qLogEI,10,4,1,2,93,inf
qLogEI,10,4,1,2,94,inf
qLogEI,10,4,1,2,95,inf
qLogEI,10,4,1,2,96,inf
qLogEI,10,4,1,2,97,inf
qLogEI,10,4,1,2,98,inf
qLogEI,10,4,1,2,99,inf
qLogEI,10,4,1,2,100,inf
RL_Enhanced,10,4,1,2,1,inf
RL_Enhanced,10,4,1,2,2,inf
RL_Enhanced,10,4,1,2,3,inf
RL_Enhanced,10,4,1,2,4,inf
RL_Enhanced,10,4,1,2,5,inf
RL_Enhanced,10,4,1,2,6,inf
RL_Enhanced,10,4,1,2,7,inf
RL_Enhanced,10,4,1,2,8,inf
RL_Enhanced,10,4,1,2,9,inf
RL_Enhanced,10,4,1,2,10,inf
RL_Enhanced,10,4,1,2,11,inf
RL_Enhanced,10,4,1,2,12,inf
RL_Enhanced,10,4,1,2,13,inf
RL_Enhanced,10,4,1,2,14,inf
RL_Enhanced,10,4,1,2,15,inf
RL_Enhanced,10,4,1,2,16,inf
RL_Enhanced,10,4,1,2,17,inf
RL_Enhanced,10,4,1,2,18,inf
RL_Enhanced,10,4,1,2,19,inf
RL_Enhanced,10,4,1,2,20,inf
RL_Enhanced,10,4,1,2,21,inf
RL_Enhanced,10,4,1,2,22,inf
RL_Enhanced,10,4,1,2,23,inf
RL_Enhanced,10,4,1,2,24,inf
RL_Enhanced,10,4,1,2,25,inf
RL_Enhanced,10,4,1,2,26,inf
RL_Enhanced,10,4,1,2,27,inf
RL_Enhanced,10,4,1,2,28,inf
RL_Enhanced,10,4,1,2,29,inf
RL_Enhanced,10,4,1,2,30,inf
RL_Enhanced,10,4,1,2,31,inf
RL_Enhanced,10,4,1,2,32,inf
RL_Enhanced,10,4,1,2,33,inf
RL_Enhanced,10,4,1,2,34,inf
RL_Enhanced,10,4,1,2,35,inf
RL_Enhanced,10,4,1,2,36,inf
RL_Enhanced,10,4,1,2,37,inf
RL_Enhanced,10,4,1,2,38,inf
RL_Enhanced,10,4,1,2,39,inf
RL_Enhanced,10,4,1,2,40,inf
RL_Enhanced,10,4,1,2,41,inf
RL_Enhanced,10,4,1,2,42,inf
RL_Enhanced,10,4,1,2,43,inf
RL_Enhanced,10,4,1,2,44,inf
RL_Enhanced,10,4,1,2,45,inf
RL_Enhanced,10,4,1,2,46,inf
RL_Enhanced,10,4,1,2,47,inf
RL_Enhanced,10,4,1,2,48,inf
RL_Enhanced,10,4,1,2,49,inf
RL_Enhanced,10,4,1,2,50,inf
RL_Enhanced,10,4,1,2,51,inf
RL_Enhanced,10,4,1,2,52,inf
RL_Enhanced,10,4,1,2,53,inf
RL_Enhanced,10,4,1,2,54,inf
RL_Enhanced,10,4,1,2,55,inf
RL_Enhanced,10,4,1,2,56,inf
RL_Enhanced,10,4,1,2,57,inf
RL_Enhanced,10,4,1,2,58,inf
RL_Enhanced,10,4,1,2,59,inf
RL_Enhanced,10,4,1,2,60,inf
RL_Enhanced,10,4,1,2,61,inf
RL_Enhanced,10,4,1,2,62,inf
RL_Enhanced,10,4,1,2,63,inf
RL_Enhanced,10,4,1,2,64,inf
RL_Enhanced,10,4,1,2,65,inf
RL_Enhanced,10,4,1,2,66,inf
RL_Enhanced,10,4,1,2,67,inf
RL_Enhanced,10,4,1,2,68,inf
RL_Enhanced,10,4,1,2,69,inf
RL_Enhanced,10,4,1,2,70,inf
RL_Enhanced,10,4,1,2,71,inf
RL_Enhanced,10,4,1,2,72,inf
RL_Enhanced,10,4,1,2,73,inf
RL_Enhanced,10,4,1,2,74,inf
RL_Enhanced,10,4,1,2,75,inf
RL_Enhanced,10,4,1,2,76,inf
RL_Enhanced,10,4,1,2,77,inf
RL_Enhanced,10,4,1,2,78,inf
RL_Enhanced,10,4,1,2,79,inf
RL_Enhanced,10,4,1,2,80,inf
RL_Enhanced,10,4,1,2,81,inf
RL_Enhanced,10,4,1,2,82,inf
RL_Enhanced,10,4,1,2,83,inf
RL_Enhanced,10,4,1,2,84,inf
RL_Enhanced,10,4,1,2,85,inf
RL_Enhanced,10,4,1,2,86,inf
RL_Enhanced,10,4,1,2,87,inf
RL_Enhanced,10,4,1,2,88,inf
RL_Enhanced,10,4,1,2,89,inf
RL_Enhanced,10,4,1,2,90,inf
RL_Enhanced,10,4,1,2,91,inf
RL_Enhanced,10,4,1,2,92,inf
RL_Enhanced,10,4,1,2,93,inf
RL_Enhanced,10,4,1,2,94,inf
RL_Enhanced,10,4,1,2,95,inf
RL_Enhanced,10,4,1,2,96,inf
RL_Enhanced,10,4,1,2,97,inf
RL_Enhanced,10,4,1,2,98,inf
RL_Enhanced,10,4,1,2,99,inf
RL_Enhanced,10,4,1,2,100,inf
Random,10,4,1,3,1,inf
Random,10,4,1,3,2,inf
Random,10,4,1,3,3,inf
Random,10,4,1,3,4,inf
Random,10,4,1,3,5,inf
Random,10,4,1,3,6,inf
Random,10,4,1,3,7,inf
Random,10,4,1,3,8,inf
Random,10,4,1,3,9,inf
Random,10,4,1,3,10,inf
Random,10,4,1,3,11,inf
Random,10,4,1,3,12,inf
Random,10,4,1,3,13,inf
Random,10,4,1,3,14,inf
Random,10,4,1,3,15,inf
Random,10,4,1,3,16,inf
Random,10,4,1,3,17,inf
Random,10,4,1,3,18,inf
Random,10,4,1,3,19,inf
Random,10,4,1,3,20,inf
Random,10,4,1,3,21,inf
Random,10,4,1,3,22,inf
Random,10,4,1,3,23,inf
Random,10,4,1,3,24,inf
Random,10,4,1,3,25,inf
Random,10,4,1,3,26,inf
Random,10,4,1,3,27,inf
Random,10,4,1,3,28,inf
Random,10,4,1,3,29,inf
Random,10,4,1,3,30,inf
Random,10,4,1,3,31,inf
Random,10,4,1,3,32,inf
Random,10,4,1,3,33,inf
Random,10,4,1,3,34,inf
Random,10,4,1,3,35,inf
Random,10,4,1,3,36,inf
Random,10,4,1,3,37,inf
Random,10,4,1,3,38,inf
Random,10,4,1,3,39,inf
Random,10,4,1,3,40,inf
Random,10,4,1,3,41,inf
Random,10,4,1,3,42,inf
Random,10,4,1,3,43,inf
Random,10,4,1,3,44,inf
Random,10,4,1,3,45,inf
Random,10,4,1,3,46,inf
Random,10,4,1,3,47,inf
Random,10,4,1,3,48,inf
Random,10,4,1,3,49,inf
Random,10,4,1,3,50,inf
Random,10,4,1,3,51,inf
Random,10,4,1,3,52,inf
Random,10,4,1,3,53,inf
Random,10,4,1,3,54,inf
Random,10,4,1,3,55,inf
Random,10,4,1,3,56,inf
Random,10,4,1,3,57,inf
Random,10,4,1,3,58,inf
Random,10,4,1,3,59,inf
Random,10,4,1,3,60,inf
Random,10,4,1,3,61,inf
Random,10,4,1,3,62,inf
Random,10,4,1,3,63,inf
Random,10,4,1,3,64,inf
Random,10,4,1,3,65,inf
Random,10,4,1,3,66,inf
Random,10,4,1,3,67,inf
Random,10,4,1,3,68,inf
Random,10,4,1,3,69,inf
Random,10,4,1,3,70,inf
Random,10,4,1,3,71,inf
Random,10,4,1,3,72,inf
Random,10,4,1,3,73,inf
Random,10,4,1,3,74,inf
Random,10,4,1,3,75,inf
Random,10,4,1,3,76,inf
Random,10,4,1,3,77,inf
Random,10,4,1,3,78,inf
Random,10,4,1,3,79,inf
Random,10,4,1,3,80,inf
Random,10,4,1,3,81,inf
Random,10,4,1,3,82,inf
Random,10,4,1,3,83,inf
Random,10,4,1,3,84,inf
Random,10,4,1,3,85,inf
Random,10,4,1,3,86,inf
Random,10,4,1,3,87,inf
Random,10,4,1,3,88,inf
Random,10,4,1,3,89,inf
Random,10,4,1,3,90,inf
Random,10,4,1,3,91,inf
Random,10,4,1,3,92,inf
Random,10,4,1,3,93,inf
Random,10,4,1,3,94,inf
Random,10,4,1,3,95,inf
Random,10,4,1,3,96,inf
Random,10,4,1,3,97,inf
Random,10,4,1,3,98,inf
Random,10,4,1,3,99,inf
Random,10,4,1,3,100,inf
qLogEI,10,4,1,3,1,inf
qLogEI,10,4,1,3,2,inf
qLogEI,10,4,1,3,3,inf
qLogEI,10,4,1,3,4,inf
qLogEI,10,4,1,3,5,inf
qLogEI,10,4,1,3,6,inf
qLogEI,10,4,1,3,7,inf
qLogEI,10,4,1,3,8,inf
qLogEI,10,4,1,3,9,inf
qLogEI,10,4,1,3,10,inf
qLogEI,10,4,1,3,11,inf
qLogEI,10,4,1,3,12,inf
qLogEI,10,4,1,3,13,inf
qLogEI,10,4,1,3,14,inf
qLogEI,10,4,1,3,15,inf
qLogEI,10,4,1,3,16,inf
qLogEI,10,4,1,3,17,inf
qLogEI,10,4,1,3,18,inf
qLogEI,10,4,1,3,19,inf
qLogEI,10,4,1,3,20,inf
qLogEI,10,4,1,3,21,inf
qLogEI,10,4,1,3,22,inf
qLogEI,10,4,1,3,23,inf
qLogEI,10,4,1,3,24,inf
qLogEI,10,4,1,3,25,inf
qLogEI,10,4,1,3,26,inf
qLogEI,10,4,1,3,27,inf
qLogEI,10,4,1,3,28,inf
qLogEI,10,4,1,3,29,inf
qLogEI,10,4,1,3,30,inf
qLogEI,10,4,1,3,31,inf
qLogEI,10,4,1,3,32,inf
qLogEI,10,4,1,3,33,inf
qLogEI,10,4,1,3,34,inf
qLogEI,10,4,1,3,35,inf
qLogEI,10,4,1,3,36,inf
qLogEI,10,4,1,3,37,inf
qLogEI,10,4,1,3,38,inf
qLogEI,10,4,1,3,39,inf
qLogEI,10,4,1,3,40,inf
qLogEI,10,4,1,3,41,inf
qLogEI,10,4,1,3,42,inf
qLogEI,10,4,1,3,43,inf
qLogEI,10,4,1,3,44,inf
qLogEI,10,4,1,3,45,inf
qLogEI,10,4,1,3,46,inf
qLogEI,10,4,1,3,47,inf
qLogEI,10,4,1,3,48,inf
qLogEI,10,4,1,3,49,inf
qLogEI,10,4,1,3,50,inf
qLogEI,10,4,1,3,51,inf
qLogEI,10,4,1,3,52,inf
qLogEI,10,4,1,3,53,inf
qLogEI,10,4,1,3,54,inf
qLogEI,10,4,1,3,55,inf
qLogEI,10,4,1,3,56,inf
qLogEI,10,4,1,3,57,inf
qLogEI,10,4,1,3,58,inf
qLogEI,10,4,1,3,59,inf
qLogEI,10,4,1,3,60,inf
qLogEI,10,4,1,3,61,inf
qLogEI,10,4,1,3,62,inf
qLogEI,10,4,1,3,63,inf
qLogEI,10,4,1,3,64,inf
qLogEI,10,4,1,3,65,inf
qLogEI,10,4,1,3,66,inf
qLogEI,10,4,1,3,67,inf
qLogEI,10,4,1,3,68,inf
qLogEI,10,4,1,3,69,inf
qLogEI,10,4,1,3,70,inf
qLogEI,10,4,1,3,71,inf
qLogEI,10,4,1,3,72,inf
qLogEI,10,4,1,3,73,inf
qLogEI,10,4,1,3,74,inf
qLogEI,10,4,1,3,75,inf
qLogEI,10,4,1,3,76,inf
qLogEI,10,4,1,3,77,inf
qLogEI,10,4,1,3,78,inf
qLogEI,10,4,1,3,79,inf
qLogEI,10,4,1,3,80,inf
qLogEI,10,4,1,3,81,inf
qLogEI,10,4,1,3,82,inf
qLogEI,10,4,1,3,83,inf
qLogEI,10,4,1,3,84,inf
qLogEI,10,4,1,3,85,inf
qLogEI,10,4,1,3,86,inf
qLogEI,10,4,1,3,87,inf
qLogEI,10,4,1,3,88,inf
qLogEI,10,4,1,3,89,inf
qLogEI,10,4,1,3,90,inf
qLogEI,10,4,1,3,91,inf
qLogEI,10,4,1,3,92,inf
qLogEI,10,4,1,3,93,inf
qLogEI,10,4,1,3,94,inf
qLogEI,10,4,1,3,95,inf
qLogEI,10,4,1,3,96,inf
qLogEI,10,4,1,3,97,inf
qLogEI,10,4,1,3,98,inf
qLogEI,10,4,1,3,99,inf
qLogEI,10,4,1,3,100,inf
RL_Enhanced,10,4,1,3,1,inf
RL_Enhanced,10,4,1,3,2,inf
RL_Enhanced,10,4,1,3,3,inf
RL_Enhanced,10,4,1,3,4,inf
RL_Enhanced,10,4,1,3,5,inf
RL_Enhanced,10,4,1,3,6,inf
RL_Enhanced,10,4,1,3,7,inf
RL_Enhanced,10,4,1,3,8,inf
RL_Enhanced,10,4,1,3,9,inf
RL_Enhanced,10,4,1,3,10,inf
RL_Enhanced,10,4,1,3,11,inf
RL_Enhanced,10,4,1,3,12,inf
RL_Enhanced,10,4,1,3,13,inf
RL_Enhanced,10,4,1,3,14,inf
RL_Enhanced,10,4,1,3,15,inf
RL_Enhanced,10,4,1,3,16,inf
RL_Enhanced,10,4,1,3,17,inf
RL_Enhanced,10,4,1,3,18,inf
RL_Enhanced,10,4,1,3,19,inf
RL_Enhanced,10,4,1,3,20,inf
RL_Enhanced,10,4,1,3,21,inf
RL_Enhanced,10,4,1,3,22,inf
RL_Enhanced,10,4,1,3,23,inf
RL_Enhanced,10,4,1,3,24,inf
RL_Enhanced,10,4,1,3,25,inf
RL_Enhanced,10,4,1,3,26,inf
RL_Enhanced,10,4,1,3,27,inf
RL_Enhanced,10,4,1,3,28,inf
RL_Enhanced,10,4,1,3,29,inf
RL_Enhanced,10,4,1,3,30,inf
RL_Enhanced,10,4,1,3,31,inf
RL_Enhanced,10,4,1,3,32,inf
RL_Enhanced,10,4,1,3,33,inf
RL_Enhanced,10,4,1,3,34,inf
RL_Enhanced,10,4,1,3,35,inf
RL_Enhanced,10,4,1,3,36,inf
RL_Enhanced,10,4,1,3,37,inf
RL_Enhanced,10,4,1,3,38,inf
RL_Enhanced,10,4,1,3,39,inf
RL_Enhanced,10,4,1,3,40,inf
RL_Enhanced,10,4,1,3,41,inf
RL_Enhanced,10,4,1,3,42,inf
RL_Enhanced,10,4,1,3,43,inf
RL_Enhanced,10,4,1,3,44,inf
RL_Enhanced,10,4,1,3,45,inf
RL_Enhanced,10,4,1,3,46,inf
RL_Enhanced,10,4,1,3,47,inf
RL_Enhanced,10,4,1,3,48,inf
RL_Enhanced,10,4,1,3,49,inf
RL_Enhanced,10,4,1,3,50,inf
RL_Enhanced,10,4,1,3,51,inf
RL_Enhanced,10,4,1,3,52,inf
RL_Enhanced,10,4,1,3,53,inf
RL_Enhanced,10,4,1,3,54,inf
RL_Enhanced,10,4,1,3,55,inf
RL_Enhanced,10,4,1,3,56,inf
RL_Enhanced,10,4,1,3,57,inf
RL_Enhanced,10,4,1,3,58,inf
RL_Enhanced,10,4,1,3,59,inf
RL_Enhanced,10,4,1,3,60,inf
RL_Enhanced,10,4,1,3,61,inf
RL_Enhanced,10,4,1,3,62,inf
RL_Enhanced,10,4,1,3,63,inf
RL_Enhanced,10,4,1,3,64,inf
RL_Enhanced,10,4,1,3,65,inf
RL_Enhanced,10,4,1,3,66,inf
RL_Enhanced,10,4,1,3,67,inf
RL_Enhanced,10,4,1,3,68,inf
RL_Enhanced,10,4,1,3,69,inf
RL_Enhanced,10,4,1,3,70,inf
RL_Enhanced,10,4,1,3,71,inf
RL_Enhanced,10,4,1,3,72,inf
RL_Enhanced,10,4,1,3,73,inf
RL_Enhanced,10,4,1,3,74,inf
RL_Enhanced,10,4,1,3,75,inf
RL_Enhanced,10,4,1,3,76,inf
RL_Enhanced,10,4,1,3,77,inf
RL_Enhanced,10,4,1,3,78,inf
RL_Enhanced,10,4,1,3,79,inf
RL_Enhanced,10,4,1,3,80,inf
RL_Enhanced,10,4,1,3,81,inf
RL_Enhanced,10,4,1,3,82,inf
RL_Enhanced,10,4,1,3,83,inf
RL_Enhanced,10,4,1,3,84,inf
RL_Enhanced,10,4,1,3,85,inf
RL_Enhanced,10,4,1,3,86,inf
RL_Enhanced,10,4,1,3,87,inf
RL_Enhanced,10,4,1,3,88,inf
RL_Enhanced,10,4,1,3,89,inf
RL_Enhanced,10,4,1,3,90,inf
RL_Enhanced,10,4,1,3,91,inf
RL_Enhanced,10,4,1,3,92,inf
RL_Enhanced,10,4,1,3,93,inf
RL_Enhanced,10,4,1,3,94,inf
RL_Enhanced,10,4,1,3,95,inf
RL_Enhanced,10,4,1,3,96,inf
RL_Enhanced,10,4,1,3,97,inf
RL_Enhanced,10,4,1,3,98,inf
RL_Enhanced,10,4,1,3,99,inf
RL_Enhanced,10,4,1,3,100,inf
Random,10,4,1,4,1,inf
Random,10,4,1,4,2,inf
Random,10,4,1,4,3,inf
Random,10,4,1,4,4,inf
Random,10,4,1,4,5,inf
Random,10,4,1,4,6,inf
Random,10,4,1,4,7,inf
Random,10,4,1,4,8,inf
Random,10,4,1,4,9,inf
Random,10,4,1,4,10,inf
Random,10,4,1,4,11,inf
Random,10,4,1,4,12,inf
Random,10,4,1,4,13,inf
Random,10,4,1,4,14,inf
Random,10,4,1,4,15,inf
Random,10,4,1,4,16,inf
Random,10,4,1,4,17,inf
Random,10,4,1,4,18,inf
Random,10,4,1,4,19,inf
Random,10,4,1,4,20,inf
Random,10,4,1,4,21,inf
Random,10,4,1,4,22,inf
Random,10,4,1,4,23,inf
Random,10,4,1,4,24,inf
Random,10,4,1,4,25,inf
Random,10,4,1,4,26,inf
Random,10,4,1,4,27,inf
Random,10,4,1,4,28,inf
Random,10,4,1,4,29,inf
Random,10,4,1,4,30,inf
Random,10,4,1,4,31,inf
Random,10,4,1,4,32,inf
Random,10,4,1,4,33,inf
Random,10,4,1,4,34,inf
Random,10,4,1,4,35,inf
Random,10,4,1,4,36,inf
Random,10,4,1,4,37,inf
Random,10,4,1,4,38,inf
Random,10,4,1,4,39,inf
Random,10,4,1,4,40,inf
Random,10,4,1,4,41,inf
Random,10,4,1,4,42,inf
Random,10,4,1,4,43,inf
Random,10,4,1,4,44,inf
Random,10,4,1,4,45,inf
Random,10,4,1,4,46,inf
Random,10,4,1,4,47,inf
Random,10,4,1,4,48,inf
Random,10,4,1,4,49,inf
Random,10,4,1,4,50,inf
Random,10,4,1,4,51,inf
Random,10,4,1,4,52,inf
Random,10,4,1,4,53,inf
Random,10,4,1,4,54,inf
Random,10,4,1,4,55,inf
Random,10,4,1,4,56,inf
Random,10,4,1,4,57,inf
Random,10,4,1,4,58,inf
Random,10,4,1,4,59,inf
Random,10,4,1,4,60,inf
Random,10,4,1,4,61,inf
Random,10,4,1,4,62,inf
Random,10,4,1,4,63,inf
Random,10,4,1,4,64,inf
Random,10,4,1,4,65,inf
Random,10,4,1,4,66,inf
Random,10,4,1,4,67,inf
Random,10,4,1,4,68,inf
Random,10,4,1,4,69,inf
Random,10,4,1,4,70,inf
Random,10,4,1,4,71,inf
Random,10,4,1,4,72,inf
Random,10,4,1,4,73,inf
Random,10,4,1,4,74,inf
Random,10,4,1,4,75,inf
Random,10,4,1,4,76,inf
Random,10,4,1,4,77,inf
Random,10,4,1,4,78,inf
Random,10,4,1,4,79,inf
Random,10,4,1,4,80,inf
Random,10,4,1,4,81,inf
Random,10,4,1,4,82,inf
Random,10,4,1,4,83,inf
Random,10,4,1,4,84,inf
Random,10,4,1,4,85,inf
Random,10,4,1,4,86,inf
Random,10,4,1,4,87,inf
Random,10,4,1,4,88,inf
Random,10,4,1,4,89,inf
Random,10,4,1,4,90,inf
Random,10,4,1,4,91,inf
Random,10,4,1,4,92,inf
Random,10,4,1,4,93,inf
Random,10,4,1,4,94,inf
Random,10,4,1,4,95,inf
Random,10,4,1,4,96,inf
Random,10,4,1,4,97,inf
Random,10,4,1,4,98,inf
Random,10,4,1,4,99,inf
Random,10,4,1,4,100,inf
qLogEI,10,4,1,4,1,inf
qLogEI,10,4,1,4,2,inf
qLogEI,10,4,1,4,3,inf
qLogEI,10,4,1,4,4,inf
qLogEI,10,4,1,4,5,inf
qLogEI,10,4,1,4,6,inf
qLogEI,10,4,1,4,7,inf
qLogEI,10,4,1,4,8,inf
qLogEI,10,4,1,4,9,inf
qLogEI,10,4,1,4,10,inf
qLogEI,10,4,1,4,11,inf
qLogEI,10,4,1,4,12,inf
qLogEI,10,4,1,4,13,inf
qLogEI,10,4,1,4,14,inf
qLogEI,10,4,1,4,15,inf
qLogEI,10,4,1,4,16,inf
qLogEI,10,4,1,4,17,inf
qLogEI,10,4,1,4,18,inf
qLogEI,10,4,1,4,19,inf
qLogEI,10,4,1,4,20,inf
qLogEI,10,4,1,4,21,inf
qLogEI,10,4,1,4,22,inf
qLogEI,10,4,1,4,23,inf
qLogEI,10,4,1,4,24,inf
qLogEI,10,4,1,4,25,inf
qLogEI,10,4,1,4,26,inf
qLogEI,10,4,1,4,27,inf
qLogEI,10,4,1,4,28,inf
qLogEI,10,4,1,4,29,inf
qLogEI,10,4,1,4,30,inf
qLogEI,10,4,1,4,31,inf
qLogEI,10,4,1,4,32,inf
qLogEI,10,4,1,4,33,inf
qLogEI,10,4,1,4,34,inf
qLogEI,10,4,1,4,35,inf
qLogEI,10,4,1,4,36,inf
qLogEI,10,4,1,4,37,inf
qLogEI,10,4,1,4,38,inf
qLogEI,10,4,1,4,39,inf
qLogEI,10,4,1,4,40,inf
qLogEI,10,4,1,4,41,inf
qLogEI,10,4,1,4,42,inf
qLogEI,10,4,1,4,43,inf
qLogEI,10,4,1,4,44,inf
qLogEI,10,4,1,4,45,inf
qLogEI,10,4,1,4,46,inf
qLogEI,10,4,1,4,47,inf
qLogEI,10,4,1,4,48,inf
qLogEI,10,4,1,4,49,inf
qLogEI,10,4,1,4,50,inf
qLogEI,10,4,1,4,51,inf
qLogEI,10,4,1,4,52,inf
qLogEI,10,4,1,4,53,inf
qLogEI,10,4,1,4,54,inf
qLogEI,10,4,1,4,55,inf
qLogEI,10,4,1,4,56,inf
qLogEI,10,4,1,4,57,inf
qLogEI,10,4,1,4,58,inf
qLogEI,10,4,1,4,59,inf
qLogEI,10,4,1,4,60,inf
qLogEI,10,4,1,4,61,inf
qLogEI,10,4,1,4,62,inf
qLogEI,10,4,1,4,63,inf
qLogEI,10,4,1,4,64,inf
qLogEI,10,4,1,4,65,inf
qLogEI,10,4,1,4,66,inf
qLogEI,10,4,1,4,67,inf
qLogEI,10,4,1,4,68,inf
qLogEI,10,4,1,4,69,inf
qLogEI,10,4,1,4,70,inf
qLogEI,10,4,1,4,71,inf
qLogEI,10,4,1,4,72,inf
qLogEI,10,4,1,4,73,inf
qLogEI,10,4,1,4,74,inf
qLogEI,10,4,1,4,75,inf
qLogEI,10,4,1,4,76,inf
qLogEI,10,4,1,4,77,inf
qLogEI,10,4,1,4,78,inf
qLogEI,10,4,1,4,79,inf
qLogEI,10,4,1,4,80,inf
qLogEI,10,4,1,4,81,inf
qLogEI,10,4,1,4,82,inf
qLogEI,10,4,1,4,83,inf
qLogEI,10,4,1,4,84,inf
qLogEI,10,4,1,4,85,inf
qLogEI,10,4,1,4,86,inf
qLogEI,10,4,1,4,87,inf
qLogEI,10,4,1,4,88,inf
qLogEI,10,4,1,4,89,inf
qLogEI,10,4,1,4,90,inf
qLogEI,10,4,1,4,91,inf
qLogEI,10,4,1,4,92,inf
qLogEI,10,4,1,4,93,inf
qLogEI,10,4,1,4,94,inf
qLogEI,10,4,1,4,95,inf
qLogEI,10,4,1,4,96,inf
qLogEI,10,4,1,4,97,inf
qLogEI,10,4,1,4,98,inf
qLogEI,10,4,1,4,99,inf
qLogEI,10,4,1,4,100,inf
RL_Enhanced,10,4,1,4,1,inf
RL_Enhanced,10,4,1,4,2,inf
RL_Enhanced,10,4,1,4,3,inf
RL_Enhanced,10,4,1,4,4,inf
RL_Enhanced,10,4,1,4,5,inf
RL_Enhanced,10,4,1,4,6,inf
RL_Enhanced,10,4,1,4,7,inf
RL_Enhanced,10,4,1,4,8,inf
RL_Enhanced,10,4,1,4,9,inf
RL_Enhanced,10,4,1,4,10,inf
RL_Enhanced,10,4,1,4,11,inf
RL_Enhanced,10,4,1,4,12,inf
RL_Enhanced,10,4,1,4,13,inf
RL_Enhanced,10,4,1,4,14,inf
RL_Enhanced,10,4,1,4,15,inf
RL_Enhanced,10,4,1,4,16,inf
RL_Enhanced,10,4,1,4,17,inf
RL_Enhanced,10,4,1,4,18,inf
RL_Enhanced,10,4,1,4,19,inf
RL_Enhanced,10,4,1,4,20,inf
RL_Enhanced,10,4,1,4,21,inf
RL_Enhanced,10,4,1,4,22,inf
RL_Enhanced,10,4,1,4,23,inf
RL_Enhanced,10,4,1,4,24,inf
RL_Enhanced,10,4,1,4,25,inf
RL_Enhanced,10,4,1,4,26,inf
RL_Enhanced,10,4,1,4,27,inf
RL_Enhanced,10,4,1,4,28,inf
RL_Enhanced,10,4,1,4,29,inf
RL_Enhanced,10,4,1,4,30,inf
RL_Enhanced,10,4,1,4,31,inf
RL_Enhanced,10,4,1,4,32,inf
RL_Enhanced,10,4,1,4,33,inf
RL_Enhanced,10,4,1,4,34,inf
RL_Enhanced,10,4,1,4,35,inf
RL_Enhanced,10,4,1,4,36,inf
RL_Enhanced,10,4,1,4,37,inf
RL_Enhanced,10,4,1,4,38,inf
RL_Enhanced,10,4,1,4,39,inf
RL_Enhanced,10,4,1,4,40,inf
RL_Enhanced,10,4,1,4,41,inf
RL_Enhanced,10,4,1,4,42,inf
RL_Enhanced,10,4,1,4,43,inf
RL_Enhanced,10,4,1,4,44,inf
RL_Enhanced,10,4,1,4,45,inf
RL_Enhanced,10,4,1,4,46,inf
RL_Enhanced,10,4,1,4,47,inf
RL_Enhanced,10,4,1,4,48,inf
RL_Enhanced,10,4,1,4,49,inf
RL_Enhanced,10,4,1,4,50,inf
RL_Enhanced,10,4,1,4,51,inf
RL_Enhanced,10,4,1,4,52,inf
RL_Enhanced,10,4,1,4,53,inf
RL_Enhanced,10,4,1,4,54,inf
RL_Enhanced,10,4,1,4,55,inf
RL_Enhanced,10,4,1,4,56,inf
RL_Enhanced,10,4,1,4,57,inf
RL_Enhanced,10,4,1,4,58,inf
RL_Enhanced,10,4,1,4,59,inf
RL_Enhanced,10,4,1,4,60,inf
RL_Enhanced,10,4,1,4,61,inf
RL_Enhanced,10,4,1,4,62,inf
RL_Enhanced,10,4,1,4,63,inf
RL_Enhanced,10,4,1,4,64,inf
RL_Enhanced,10,4,1,4,65,inf
RL_Enhanced,10,4,1,4,66,inf
RL_Enhanced,10,4,1,4,67,inf
RL_Enhanced,10,4,1,4,68,inf
RL_Enhanced,10,4,1,4,69,inf
RL_Enhanced,10,4,1,4,70,inf
RL_Enhanced,10,4,1,4,71,inf
RL_Enhanced,10,4,1,4,72,inf
RL_Enhanced,10,4,1,4,73,inf
RL_Enhanced,10,4,1,4,74,inf
RL_Enhanced,10,4,1,4,75,inf
RL_Enhanced,10,4,1,4,76,inf
RL_Enhanced,10,4,1,4,77,inf
RL_Enhanced,10,4,1,4,78,inf
RL_Enhanced,10,4,1,4,79,inf
RL_Enhanced,10,4,1,4,80,inf
RL_Enhanced,10,4,1,4,81,inf
RL_Enhanced,10,4,1,4,82,inf
RL_Enhanced,10,4,1,4,83,inf
RL_Enhanced,10,4,1,4,84,inf
RL_Enhanced,10,4,1,4,85,inf
RL_Enhanced,10,4,1,4,86,inf
RL_Enhanced,10,4,1,4,87,inf
RL_Enhanced,10,4,1,4,88,inf
RL_Enhanced,10,4,1,4,89,inf
RL_Enhanced,10,4,1,4,90,inf
RL_Enhanced,10,4,1,4,91,inf
RL_Enhanced,10,4,1,4,92,inf
RL_Enhanced,10,4,1,4,93,inf
RL_Enhanced,10,4,1,4,94,inf
RL_Enhanced,10,4,1,4,95,inf
RL_Enhanced,10,4,1,4,96,inf
RL_Enhanced,10,4,1,4,97,inf
RL_Enhanced,10,4,1,4,98,inf
RL_Enhanced,10,4,1,4,99,inf
RL_Enhanced,10,4,1,4,100,inf
Random,10,4,2,0,1,inf
Random,10,4,2,0,2,inf
Random,10,4,2,0,3,inf
Random,10,4,2,0,4,inf
Random,10,4,2,0,5,inf
Random,10,4,2,0,6,inf
Random,10,4,2,0,7,inf
Random,10,4,2,0,8,inf
Random,10,4,2,0,9,inf
Random,10,4,2,0,10,inf
Random,10,4,2,0,11,inf
Random,10,4,2,0,12,inf
Random,10,4,2,0,13,inf
Random,10,4,2,0,14,inf
Random,10,4,2,0,15,inf
Random,10,4,2,0,16,inf
Random,10,4,2,0,17,inf
Random,10,4,2,0,18,inf
Random,10,4,2,0,19,inf
Random,10,4,2,0,20,inf
Random,10,4,2,0,21,inf
Random,10,4,2,0,22,inf
Random,10,4,2,0,23,inf
Random,10,4,2,0,24,inf
Random,10,4,2,0,25,inf
Random,10,4,2,0,26,inf
Random,10,4,2,0,27,inf
Random,10,4,2,0,28,inf
Random,10,4,2,0,29,inf
Random,10,4,2,0,30,inf
Random,10,4,2,0,31,inf
Random,10,4,2,0,32,inf
Random,10,4,2,0,33,inf
Random,10,4,2,0,34,inf
Random,10,4,2,0,35,inf
Random,10,4,2,0,36,inf
Random,10,4,2,0,37,inf
Random,10,4,2,0,38,inf
Random,10,4,2,0,39,inf
Random,10,4,2,0,40,inf
Random,10,4,2,0,41,inf
Random,10,4,2,0,42,inf
Random,10,4,2,0,43,inf
Random,10,4,2,0,44,inf
Random,10,4,2,0,45,inf
Random,10,4,2,0,46,inf
Random,10,4,2,0,47,inf
Random,10,4,2,0,48,inf
Random,10,4,2,0,49,inf
Random,10,4,2,0,50,inf
Random,10,4,2,0,51,inf
Random,10,4,2,0,52,inf
Random,10,4,2,0,53,inf
Random,10,4,2,0,54,inf
Random,10,4,2,0,55,inf
Random,10,4,2,0,56,inf
Random,10,4,2,0,57,inf
Random,10,4,2,0,58,inf
Random,10,4,2,0,59,inf
Random,10,4,2,0,60,inf
Random,10,4,2,0,61,inf
Random,10,4,2,0,62,inf
Random,10,4,2,0,63,inf
Random,10,4,2,0,64,inf
Random,10,4,2,0,65,inf
Random,10,4,2,0,66,inf
Random,10,4,2,0,67,inf
Random,10,4,2,0,68,inf
Random,10,4,2,0,69,inf
Random,10,4,2,0,70,inf
Random,10,4,2,0,71,inf
Random,10,4,2,0,72,inf
Random,10,4,2,0,73,inf
Random,10,4,2,0,74,inf
Random,10,4,2,0,75,inf
Random,10,4,2,0,76,inf
Random,10,4,2,0,77,inf
Random,10,4,2,0,78,inf
Random,10,4,2,0,79,inf
Random,10,4,2,0,80,inf
Random,10,4,2,0,81,inf
Random,10,4,2,0,82,inf
Random,10,4,2,0,83,inf
Random,10,4,2,0,84,inf
Random,10,4,2,0,85,inf
Random,10,4,2,0,86,inf
Random,10,4,2,0,87,inf
Random,10,4,2,0,88,inf
Random,10,4,2,0,89,inf
Random,10,4,2,0,90,inf
Random,10,4,2,0,91,inf
Random,10,4,2,0,92,inf
Random,10,4,2,0,93,inf
Random,10,4,2,0,94,inf
Random,10,4,2,0,95,inf
Random,10,4,2,0,96,inf
Random,10,4,2,0,97,inf
Random,10,4,2,0,98,inf
Random,10,4,2,0,99,inf
Random,10,4,2,0,100,inf
qLogEI,10,4,2,0,1,inf
qLogEI,10,4,2,0,2,inf
qLogEI,10,4,2,0,3,inf
qLogEI,10,4,2,0,4,inf
qLogEI,10,4,2,0,5,inf
qLogEI,10,4,2,0,6,inf
qLogEI,10,4,2,0,7,inf
qLogEI,10,4,2,0,8,inf
qLogEI,10,4,2,0,9,inf
qLogEI,10,4,2,0,10,inf
qLogEI,10,4,2,0,11,inf
qLogEI,10,4,2,0,12,inf
qLogEI,10,4,2,0,13,inf
qLogEI,10,4,2,0,14,inf
qLogEI,10,4,2,0,15,inf
qLogEI,10,4,2,0,16,inf
qLogEI,10,4,2,0,17,inf
qLogEI,10,4,2,0,18,inf
qLogEI,10,4,2,0,19,inf
qLogEI,10,4,2,0,20,inf
qLogEI,10,4,2,0,21,inf
qLogEI,10,4,2,0,22,inf
qLogEI,10,4,2,0,23,inf
qLogEI,10,4,2,0,24,inf
qLogEI,10,4,2,0,25,inf
qLogEI,10,4,2,0,26,inf
qLogEI,10,4,2,0,27,inf
qLogEI,10,4,2,0,28,inf
qLogEI,10,4,2,0,29,inf
qLogEI,10,4,2,0,30,inf
qLogEI,10,4,2,0,31,inf
qLogEI,10,4,2,0,32,inf
qLogEI,10,4,2,0,33,inf
qLogEI,10,4,2,0,34,inf
qLogEI,10,4,2,0,35,inf
qLogEI,10,4,2,0,36,inf
qLogEI,10,4,2,0,37,inf
qLogEI,10,4,2,0,38,inf
qLogEI,10,4,2,0,39,inf
qLogEI,10,4,2,0,40,inf
qLogEI,10,4,2,0,41,inf
qLogEI,10,4,2,0,42,inf
qLogEI,10,4,2,0,43,inf
qLogEI,10,4,2,0,44,inf
qLogEI,10,4,2,0,45,inf
qLogEI,10,4,2,0,46,inf
qLogEI,10,4,2,0,47,inf
qLogEI,10,4,2,0,48,inf
qLogEI,10,4,2,0,49,inf
qLogEI,10,4,2,0,50,inf
qLogEI,10,4,2,0,51,inf
qLogEI,10,4,2,0,52,inf
qLogEI,10,4,2,0,53,inf
qLogEI,10,4,2,0,54,inf
qLogEI,10,4,2,0,55,inf
qLogEI,10,4,2,0,56,inf
qLogEI,10,4,2,0,57,inf
qLogEI,10,4,2,0,58,inf
qLogEI,10,4,2,0,59,inf
qLogEI,10,4,2,0,60,inf
qLogEI,10,4,2,0,61,inf
qLogEI,10,4,2,0,62,inf
qLogEI,10,4,2,0,63,inf
qLogEI,10,4,2,0,64,inf
qLogEI,10,4,2,0,65,inf
qLogEI,10,4,2,0,66,inf
qLogEI,10,4,2,0,67,inf
qLogEI,10,4,2,0,68,inf
qLogEI,10,4,2,0,69,inf
qLogEI,10,4,2,0,70,inf
qLogEI,10,4,2,0,71,inf
qLogEI,10,4,2,0,72,inf
qLogEI,10,4,2,0,73,inf
qLogEI,10,4,2,0,74,inf
qLogEI,10,4,2,0,75,inf
qLogEI,10,4,2,0,76,inf
qLogEI,10,4,2,0,77,inf
qLogEI,10,4,2,0,78,inf
qLogEI,10,4,2,0,79,inf
qLogEI,10,4,2,0,80,inf
qLogEI,10,4,2,0,81,inf
qLogEI,10,4,2,0,82,inf
qLogEI,10,4,2,0,83,inf
qLogEI,10,4,2,0,84,inf
qLogEI,10,4,2,0,85,inf
qLogEI,10,4,2,0,86,inf
qLogEI,10,4,2,0,87,inf
qLogEI,10,4,2,0,88,inf
qLogEI,10,4,2,0,89,inf
qLogEI,10,4,2,0,90,inf
qLogEI,10,4,2,0,91,inf
qLogEI,10,4,2,0,92,inf
qLogEI,10,4,2,0,93,inf
qLogEI,10,4,2,0,94,inf
qLogEI,10,4,2,0,95,inf
qLogEI,10,4,2,0,96,inf
qLogEI,10,4,2,0,97,inf
qLogEI,10,4,2,0,98,inf
qLogEI,10,4,2,0,99,inf
qLogEI,10,4,2,0,100,inf
RL_Enhanced,10,4,2,0,1,inf
RL_Enhanced,10,4,2,0,2,inf
RL_Enhanced,10,4,2,0,3,inf
RL_Enhanced,10,4,2,0,4,inf
RL_Enhanced,10,4,2,0,5,inf
RL_Enhanced,10,4,2,0,6,inf
RL_Enhanced,10,4,2,0,7,inf
RL_Enhanced,10,4,2,0,8,inf
RL_Enhanced,10,4,2,0,9,inf
RL_Enhanced,10,4,2,0,10,inf
RL_Enhanced,10,4,2,0,11,inf
RL_Enhanced,10,4,2,0,12,inf
RL_Enhanced,10,4,2,0,13,inf
RL_Enhanced,10,4,2,0,14,inf
RL_Enhanced,10,4,2,0,15,inf
RL_Enhanced,10,4,2,0,16,inf
RL_Enhanced,10,4,2,0,17,inf
RL_Enhanced,10,4,2,0,18,inf
RL_Enhanced,10,4,2,0,19,inf
RL_Enhanced,10,4,2,0,20,inf
RL_Enhanced,10,4,2,0,21,inf
RL_Enhanced,10,4,2,0,22,inf
RL_Enhanced,10,4,2,0,23,inf
RL_Enhanced,10,4,2,0,24,inf
RL_Enhanced,10,4,2,0,25,inf
RL_Enhanced,10,4,2,0,26,inf
RL_Enhanced,10,4,2,0,27,inf
RL_Enhanced,10,4,2,0,28,inf
RL_Enhanced,10,4,2,0,29,inf
RL_Enhanced,10,4,2,0,30,inf
RL_Enhanced,10,4,2,0,31,inf
RL_Enhanced,10,4,2,0,32,inf
RL_Enhanced,10,4,2,0,33,inf
RL_Enhanced,10,4,2,0,34,inf
RL_Enhanced,10,4,2,0,35,inf
RL_Enhanced,10,4,2,0,36,inf
RL_Enhanced,10,4,2,0,37,inf
RL_Enhanced,10,4,2,0,38,inf
RL_Enhanced,10,4,2,0,39,inf
RL_Enhanced,10,4,2,0,40,inf
RL_Enhanced,10,4,2,0,41,inf
RL_Enhanced,10,4,2,0,42,inf
RL_Enhanced,10,4,2,0,43,inf
RL_Enhanced,10,4,2,0,44,inf
RL_Enhanced,10,4,2,0,45,inf
RL_Enhanced,10,4,2,0,46,inf
RL_Enhanced,10,4,2,0,47,inf
RL_Enhanced,10,4,2,0,48,inf
RL_Enhanced,10,4,2,0,49,inf
RL_Enhanced,10,4,2,0,50,inf
RL_Enhanced,10,4,2,0,51,inf
RL_Enhanced,10,4,2,0,52,inf
RL_Enhanced,10,4,2,0,53,inf
RL_Enhanced,10,4,2,0,54,inf
RL_Enhanced,10,4,2,0,55,inf
RL_Enhanced,10,4,2,0,56,inf
RL_Enhanced,10,4,2,0,57,inf
RL_Enhanced,10,4,2,0,58,inf
RL_Enhanced,10,4,2,0,59,inf
RL_Enhanced,10,4,2,0,60,inf
RL_Enhanced,10,4,2,0,61,inf
RL_Enhanced,10,4,2,0,62,inf
RL_Enhanced,10,4,2,0,63,inf
RL_Enhanced,10,4,2,0,64,inf
RL_Enhanced,10,4,2,0,65,inf
RL_Enhanced,10,4,2,0,66,inf
RL_Enhanced,10,4,2,0,67,inf
RL_Enhanced,10,4,2,0,68,inf
RL_Enhanced,10,4,2,0,69,inf
RL_Enhanced,10,4,2,0,70,inf
RL_Enhanced,10,4,2,0,71,inf
RL_Enhanced,10,4,2,0,72,inf
RL_Enhanced,10,4,2,0,73,inf
RL_Enhanced,10,4,2,0,74,inf
RL_Enhanced,10,4,2,0,75,inf
RL_Enhanced,10,4,2,0,76,inf
RL_Enhanced,10,4,2,0,77,inf
RL_Enhanced,10,4,2,0,78,inf
RL_Enhanced,10,4,2,0,79,inf
RL_Enhanced,10,4,2,0,80,inf
RL_Enhanced,10,4,2,0,81,inf
RL_Enhanced,10,4,2,0,82,inf
RL_Enhanced,10,4,2,0,83,inf
RL_Enhanced,10,4,2,0,84,inf
RL_Enhanced,10,4,2,0,85,inf
RL_Enhanced,10,4,2,0,86,inf
RL_Enhanced,10,4,2,0,87,inf
RL_Enhanced,10,4,2,0,88,inf
RL_Enhanced,10,4,2,0,89,inf
RL_Enhanced,10,4,2,0,90,inf
RL_Enhanced,10,4,2,0,91,inf
RL_Enhanced,10,4,2,0,92,inf
RL_Enhanced,10,4,2,0,93,inf
RL_Enhanced,10,4,2,0,94,inf
RL_Enhanced,10,4,2,0,95,inf
RL_Enhanced,10,4,2,0,96,inf
RL_Enhanced,10,4,2,0,97,inf
RL_Enhanced,10,4,2,0,98,inf
RL_Enhanced,10,4,2,0,99,inf
RL_Enhanced,10,4,2,0,100,inf
Random,10,4,2,1,1,inf
Random,10,4,2,1,2,inf
Random,10,4,2,1,3,inf
Random,10,4,2,1,4,inf
Random,10,4,2,1,5,inf
Random,10,4,2,1,6,inf
Random,10,4,2,1,7,inf
Random,10,4,2,1,8,inf
Random,10,4,2,1,9,inf
Random,10,4,2,1,10,inf
Random,10,4,2,1,11,inf
Random,10,4,2,1,12,inf
Random,10,4,2,1,13,inf
Random,10,4,2,1,14,inf
Random,10,4,2,1,15,inf
Random,10,4,2,1,16,inf
Random,10,4,2,1,17,inf
Random,10,4,2,1,18,inf
Random,10,4,2,1,19,inf
Random,10,4,2,1,20,inf
Random,10,4,2,1,21,inf
Random,10,4,2,1,22,inf
Random,10,4,2,1,23,inf
Random,10,4,2,1,24,inf
Random,10,4,2,1,25,inf
Random,10,4,2,1,26,inf
Random,10,4,2,1,27,inf
Random,10,4,2,1,28,inf
Random,10,4,2,1,29,inf
Random,10,4,2,1,30,inf
Random,10,4,2,1,31,inf
Random,10,4,2,1,32,inf
Random,10,4,2,1,33,inf
Random,10,4,2,1,34,inf
Random,10,4,2,1,35,inf
Random,10,4,2,1,36,inf
Random,10,4,2,1,37,inf
Random,10,4,2,1,38,inf
Random,10,4,2,1,39,inf
Random,10,4,2,1,40,inf
Random,10,4,2,1,41,inf
Random,10,4,2,1,42,inf
Random,10,4,2,1,43,inf
Random,10,4,2,1,44,inf
Random,10,4,2,1,45,inf
Random,10,4,2,1,46,inf
Random,10,4,2,1,47,inf
Random,10,4,2,1,48,inf
Random,10,4,2,1,49,inf
Random,10,4,2,1,50,inf
Random,10,4,2,1,51,inf
Random,10,4,2,1,52,inf
Random,10,4,2,1,53,inf
Random,10,4,2,1,54,inf
Random,10,4,2,1,55,inf
Random,10,4,2,1,56,inf
Random,10,4,2,1,57,inf
Random,10,4,2,1,58,inf
Random,10,4,2,1,59,inf
Random,10,4,2,1,60,inf
Random,10,4,2,1,61,inf
Random,10,4,2,1,62,inf
Random,10,4,2,1,63,inf
Random,10,4,2,1,64,inf
Random,10,4,2,1,65,inf
Random,10,4,2,1,66,inf
Random,10,4,2,1,67,inf
Random,10,4,2,1,68,inf
Random,10,4,2,1,69,inf
Random,10,4,2,1,70,inf
Random,10,4,2,1,71,inf
Random,10,4,2,1,72,inf
Random,10,4,2,1,73,inf
Random,10,4,2,1,74,inf
Random,10,4,2,1,75,inf
Random,10,4,2,1,76,inf
Random,10,4,2,1,77,inf
Random,10,4,2,1,78,inf
Random,10,4,2,1,79,inf
Random,10,4,2,1,80,inf
Random,10,4,2,1,81,inf
Random,10,4,2,1,82,inf
Random,10,4,2,1,83,inf
Random,10,4,2,1,84,inf
Random,10,4,2,1,85,inf
Random,10,4,2,1,86,inf
Random,10,4,2,1,87,inf
Random,10,4,2,1,88,inf
Random,10,4,2,1,89,inf
Random,10,4,2,1,90,inf
Random,10,4,2,1,91,inf
Random,10,4,2,1,92,inf
Random,10,4,2,1,93,inf
Random,10,4,2,1,94,inf
Random,10,4,2,1,95,inf
Random,10,4,2,1,96,inf
Random,10,4,2,1,97,inf
Random,10,4,2,1,98,inf
Random,10,4,2,1,99,inf
Random,10,4,2,1,100,inf
qLogEI,10,4,2,1,1,inf
qLogEI,10,4,2,1,2,inf
qLogEI,10,4,2,1,3,inf
qLogEI,10,4,2,1,4,inf
qLogEI,10,4,2,1,5,inf
qLogEI,10,4,2,1,6,inf
qLogEI,10,4,2,1,7,inf
qLogEI,10,4,2,1,8,inf
qLogEI,10,4,2,1,9,inf
qLogEI,10,4,2,1,10,inf
qLogEI,10,4,2,1,11,inf
qLogEI,10,4,2,1,12,inf
qLogEI,10,4,2,1,13,inf
qLogEI,10,4,2,1,14,inf
qLogEI,10,4,2,1,15,inf
qLogEI,10,4,2,1,16,inf
qLogEI,10,4,2,1,17,inf
qLogEI,10,4,2,1,18,inf
qLogEI,10,4,2,1,19,inf
qLogEI,10,4,2,1,20,inf
qLogEI,10,4,2,1,21,inf
qLogEI,10,4,2,1,22,inf
qLogEI,10,4,2,1,23,inf
qLogEI,10,4,2,1,24,inf
qLogEI,10,4,2,1,25,inf
qLogEI,10,4,2,1,26,inf
qLogEI,10,4,2,1,27,inf
qLogEI,10,4,2,1,28,inf
qLogEI,10,4,2,1,29,inf
qLogEI,10,4,2,1,30,inf
qLogEI,10,4,2,1,31,inf
qLogEI,10,4,2,1,32,inf
qLogEI,10,4,2,1,33,inf
qLogEI,10,4,2,1,34,inf
qLogEI,10,4,2,1,35,inf
qLogEI,10,4,2,1,36,inf
qLogEI,10,4,2,1,37,inf
qLogEI,10,4,2,1,38,inf
qLogEI,10,4,2,1,39,inf
qLogEI,10,4,2,1,40,inf
qLogEI,10,4,2,1,41,inf
qLogEI,10,4,2,1,42,inf
qLogEI,10,4,2,1,43,inf
qLogEI,10,4,2,1,44,inf
qLogEI,10,4,2,1,45,inf
qLogEI,10,4,2,1,46,inf
qLogEI,10,4,2,1,47,inf
qLogEI,10,4,2,1,48,inf
qLogEI,10,4,2,1,49,inf
qLogEI,10,4,2,1,50,inf
qLogEI,10,4,2,1,51,inf
qLogEI,10,4,2,1,52,inf
qLogEI,10,4,2,1,53,inf
qLogEI,10,4,2,1,54,inf
qLogEI,10,4,2,1,55,inf
qLogEI,10,4,2,1,56,inf
qLogEI,10,4,2,1,57,inf
qLogEI,10,4,2,1,58,inf
qLogEI,10,4,2,1,59,inf
qLogEI,10,4,2,1,60,inf
qLogEI,10,4,2,1,61,inf
qLogEI,10,4,2,1,62,inf
qLogEI,10,4,2,1,63,inf
qLogEI,10,4,2,1,64,inf
qLogEI,10,4,2,1,65,inf
qLogEI,10,4,2,1,66,inf
qLogEI,10,4,2,1,67,inf
qLogEI,10,4,2,1,68,inf
qLogEI,10,4,2,1,69,inf
qLogEI,10,4,2,1,70,inf
qLogEI,10,4,2,1,71,inf
qLogEI,10,4,2,1,72,inf
qLogEI,10,4,2,1,73,inf
qLogEI,10,4,2,1,74,inf
qLogEI,10,4,2,1,75,inf
qLogEI,10,4,2,1,76,inf
qLogEI,10,4,2,1,77,inf
qLogEI,10,4,2,1,78,inf
qLogEI,10,4,2,1,79,inf
qLogEI,10,4,2,1,80,inf
qLogEI,10,4,2,1,81,inf
qLogEI,10,4,2,1,82,inf
qLogEI,10,4,2,1,83,inf
qLogEI,10,4,2,1,84,inf
qLogEI,10,4,2,1,85,inf
qLogEI,10,4,2,1,86,inf
qLogEI,10,4,2,1,87,inf
qLogEI,10,4,2,1,88,inf
qLogEI,10,4,2,1,89,inf
qLogEI,10,4,2,1,90,inf
qLogEI,10,4,2,1,91,inf
qLogEI,10,4,2,1,92,inf
qLogEI,10,4,2,1,93,inf
qLogEI,10,4,2,1,94,inf
qLogEI,10,4,2,1,95,inf
qLogEI,10,4,2,1,96,inf
qLogEI,10,4,2,1,97,inf
qLogEI,10,4,2,1,98,inf
qLogEI,10,4,2,1,99,inf
qLogEI,10,4,2,1,100,inf
RL_Enhanced,10,4,2,1,1,inf
RL_Enhanced,10,4,2,1,2,inf
RL_Enhanced,10,4,2,1,3,inf
RL_Enhanced,10,4,2,1,4,inf
RL_Enhanced,10,4,2,1,5,inf
RL_Enhanced,10,4,2,1,6,inf
RL_Enhanced,10,4,2,1,7,inf
RL_Enhanced,10,4,2,1,8,inf
RL_Enhanced,10,4,2,1,9,inf
RL_Enhanced,10,4,2,1,10,inf
RL_Enhanced,10,4,2,1,11,inf
RL_Enhanced,10,4,2,1,12,inf
RL_Enhanced,10,4,2,1,13,inf
RL_Enhanced,10,4,2,1,14,inf
RL_Enhanced,10,4,2,1,15,inf
RL_Enhanced,10,4,2,1,16,inf
RL_Enhanced,10,4,2,1,17,inf
RL_Enhanced,10,4,2,1,18,inf
RL_Enhanced,10,4,2,1,19,inf
RL_Enhanced,10,4,2,1,20,inf
RL_Enhanced,10,4,2,1,21,inf
RL_Enhanced,10,4,2,1,22,inf
RL_Enhanced,10,4,2,1,23,inf
RL_Enhanced,10,4,2,1,24,inf
RL_Enhanced,10,4,2,1,25,inf
RL_Enhanced,10,4,2,1,26,inf
RL_Enhanced,10,4,2,1,27,inf
RL_Enhanced,10,4,2,1,28,inf
RL_Enhanced,10,4,2,1,29,inf
RL_Enhanced,10,4,2,1,30,inf
RL_Enhanced,10,4,2,1,31,inf
RL_Enhanced,10,4,2,1,32,inf
RL_Enhanced,10,4,2,1,33,inf
RL_Enhanced,10,4,2,1,34,inf
RL_Enhanced,10,4,2,1,35,inf
RL_Enhanced,10,4,2,1,36,inf
RL_Enhanced,10,4,2,1,37,inf
RL_Enhanced,10,4,2,1,38,inf
RL_Enhanced,10,4,2,1,39,inf
RL_Enhanced,10,4,2,1,40,inf
RL_Enhanced,10,4,2,1,41,inf
RL_Enhanced,10,4,2,1,42,inf
RL_Enhanced,10,4,2,1,43,inf
RL_Enhanced,10,4,2,1,44,inf
RL_Enhanced,10,4,2,1,45,inf
RL_Enhanced,10,4,2,1,46,inf
RL_Enhanced,10,4,2,1,47,inf
RL_Enhanced,10,4,2,1,48,inf
RL_Enhanced,10,4,2,1,49,inf
RL_Enhanced,10,4,2,1,50,inf
RL_Enhanced,10,4,2,1,51,inf
RL_Enhanced,10,4,2,1,52,inf
RL_Enhanced,10,4,2,1,53,inf
RL_Enhanced,10,4,2,1,54,inf
RL_Enhanced,10,4,2,1,55,inf
RL_Enhanced,10,4,2,1,56,inf
RL_Enhanced,10,4,2,1,57,inf
RL_Enhanced,10,4,2,1,58,inf
RL_Enhanced,10,4,2,1,59,inf
RL_Enhanced,10,4,2,1,60,inf
RL_Enhanced,10,4,2,1,61,inf
RL_Enhanced,10,4,2,1,62,inf
RL_Enhanced,10,4,2,1,63,inf
RL_Enhanced,10,4,2,1,64,inf
RL_Enhanced,10,4,2,1,65,inf
RL_Enhanced,10,4,2,1,66,inf
RL_Enhanced,10,4,2,1,67,inf
RL_Enhanced,10,4,2,1,68,inf
RL_Enhanced,10,4,2,1,69,inf
RL_Enhanced,10,4,2,1,70,inf
RL_Enhanced,10,4,2,1,71,inf
RL_Enhanced,10,4,2,1,72,inf
RL_Enhanced,10,4,2,1,73,inf
RL_Enhanced,10,4,2,1,74,inf
RL_Enhanced,10,4,2,1,75,inf
RL_Enhanced,10,4,2,1,76,inf
RL_Enhanced,10,4,2,1,77,inf
RL_Enhanced,10,4,2,1,78,inf
RL_Enhanced,10,4,2,1,79,inf
RL_Enhanced,10,4,2,1,80,inf
RL_Enhanced,10,4,2,1,81,inf
RL_Enhanced,10,4,2,1,82,inf
RL_Enhanced,10,4,2,1,83,inf
RL_Enhanced,10,4,2,1,84,inf
RL_Enhanced,10,4,2,1,85,inf
RL_Enhanced,10,4,2,1,86,inf
RL_Enhanced,10,4,2,1,87,inf
RL_Enhanced,10,4,2,1,88,inf
RL_Enhanced,10,4,2,1,89,inf
RL_Enhanced,10,4,2,1,90,inf
RL_Enhanced,10,4,2,1,91,inf
RL_Enhanced,10,4,2,1,92,inf
RL_Enhanced,10,4,2,1,93,inf
RL_Enhanced,10,4,2,1,94,inf
RL_Enhanced,10,4,2,1,95,inf
RL_Enhanced,10,4,2,1,96,inf
RL_Enhanced,10,4,2,1,97,inf
RL_Enhanced,10,4,2,1,98,inf
RL_Enhanced,10,4,2,1,99,inf
RL_Enhanced,10,4,2,1,100,inf
Random,10,4,2,2,1,inf
Random,10,4,2,2,2,inf
Random,10,4,2,2,3,inf
Random,10,4,2,2,4,inf
Random,10,4,2,2,5,inf
Random,10,4,2,2,6,inf
Random,10,4,2,2,7,inf
Random,10,4,2,2,8,inf
Random,10,4,2,2,9,inf
Random,10,4,2,2,10,inf
Random,10,4,2,2,11,inf
Random,10,4,2,2,12,inf
Random,10,4,2,2,13,inf
Random,10,4,2,2,14,inf
Random,10,4,2,2,15,inf
Random,10,4,2,2,16,inf
Random,10,4,2,2,17,inf
Random,10,4,2,2,18,inf
Random,10,4,2,2,19,inf
Random,10,4,2,2,20,inf
Random,10,4,2,2,21,inf
Random,10,4,2,2,22,inf
Random,10,4,2,2,23,inf
Random,10,4,2,2,24,inf
Random,10,4,2,2,25,inf
Random,10,4,2,2,26,inf
Random,10,4,2,2,27,inf
Random,10,4,2,2,28,inf
Random,10,4,2,2,29,inf
Random,10,4,2,2,30,inf
Random,10,4,2,2,31,inf
Random,10,4,2,2,32,inf
Random,10,4,2,2,33,inf
Random,10,4,2,2,34,inf
Random,10,4,2,2,35,inf
Random,10,4,2,2,36,inf
Random,10,4,2,2,37,inf
Random,10,4,2,2,38,inf
Random,10,4,2,2,39,inf
Random,10,4,2,2,40,inf
Random,10,4,2,2,41,inf
Random,10,4,2,2,42,inf
Random,10,4,2,2,43,inf
Random,10,4,2,2,44,inf
Random,10,4,2,2,45,inf
Random,10,4,2,2,46,inf
Random,10,4,2,2,47,inf
Random,10,4,2,2,48,inf
Random,10,4,2,2,49,inf
Random,10,4,2,2,50,inf
Random,10,4,2,2,51,inf
Random,10,4,2,2,52,inf
Random,10,4,2,2,53,inf
Random,10,4,2,2,54,inf
Random,10,4,2,2,55,inf
Random,10,4,2,2,56,inf
Random,10,4,2,2,57,inf
Random,10,4,2,2,58,inf
Random,10,4,2,2,59,inf
Random,10,4,2,2,60,inf
Random,10,4,2,2,61,inf
Random,10,4,2,2,62,inf
Random,10,4,2,2,63,inf
Random,10,4,2,2,64,inf
Random,10,4,2,2,65,inf
Random,10,4,2,2,66,inf
Random,10,4,2,2,67,inf
Random,10,4,2,2,68,inf
Random,10,4,2,2,69,inf
Random,10,4,2,2,70,inf
Random,10,4,2,2,71,inf
Random,10,4,2,2,72,inf
Random,10,4,2,2,73,inf
Random,10,4,2,2,74,inf
Random,10,4,2,2,75,inf
Random,10,4,2,2,76,inf
Random,10,4,2,2,77,inf
Random,10,4,2,2,78,inf
Random,10,4,2,2,79,inf
Random,10,4,2,2,80,inf
Random,10,4,2,2,81,inf
Random,10,4,2,2,82,inf
Random,10,4,2,2,83,inf
Random,10,4,2,2,84,inf
Random,10,4,2,2,85,inf
Random,10,4,2,2,86,inf
Random,10,4,2,2,87,inf
Random,10,4,2,2,88,inf
Random,10,4,2,2,89,inf
Random,10,4,2,2,90,inf
Random,10,4,2,2,91,inf
Random,10,4,2,2,92,inf
Random,10,4,2,2,93,inf
Random,10,4,2,2,94,inf
Random,10,4,2,2,95,inf
Random,10,4,2,2,96,inf
Random,10,4,2,2,97,inf
Random,10,4,2,2,98,inf
Random,10,4,2,2,99,inf
Random,10,4,2,2,100,inf
qLogEI,10,4,2,2,1,inf
qLogEI,10,4,2,2,2,inf
qLogEI,10,4,2,2,3,inf
qLogEI,10,4,2,2,4,inf
qLogEI,10,4,2,2,5,inf
qLogEI,10,4,2,2,6,inf
qLogEI,10,4,2,2,7,inf
qLogEI,10,4,2,2,8,inf
qLogEI,10,4,2,2,9,inf
qLogEI,10,4,2,2,10,inf
qLogEI,10,4,2,2,11,inf
qLogEI,10,4,2,2,12,inf
qLogEI,10,4,2,2,13,inf
qLogEI,10,4,2,2,14,inf
qLogEI,10,4,2,2,15,inf
qLogEI,10,4,2,2,16,inf
qLogEI,10,4,2,2,17,inf
qLogEI,10,4,2,2,18,inf
qLogEI,10,4,2,2,19,inf
qLogEI,10,4,2,2,20,inf
qLogEI,10,4,2,2,21,inf
qLogEI,10,4,2,2,22,inf
qLogEI,10,4,2,2,23,inf
qLogEI,10,4,2,2,24,inf
qLogEI,10,4,2,2,25,inf
qLogEI,10,4,2,2,26,inf
qLogEI,10,4,2,2,27,inf
qLogEI,10,4,2,2,28,inf
qLogEI,10,4,2,2,29,inf
qLogEI,10,4,2,2,30,inf
qLogEI,10,4,2,2,31,inf
qLogEI,10,4,2,2,32,inf
qLogEI,10,4,2,2,33,inf
qLogEI,10,4,2,2,34,inf
qLogEI,10,4,2,2,35,inf
qLogEI,10,4,2,2,36,inf
qLogEI,10,4,2,2,37,inf
qLogEI,10,4,2,2,38,inf
qLogEI,10,4,2,2,39,inf
qLogEI,10,4,2,2,40,inf
qLogEI,10,4,2,2,41,inf
qLogEI,10,4,2,2,42,inf
qLogEI,10,4,2,2,43,inf
qLogEI,10,4,2,2,44,inf
qLogEI,10,4,2,2,45,inf
qLogEI,10,4,2,2,46,inf
qLogEI,10,4,2,2,47,inf
qLogEI,10,4,2,2,48,inf
qLogEI,10,4,2,2,49,inf
qLogEI,10,4,2,2,50,inf
qLogEI,10,4,2,2,51,inf
qLogEI,10,4,2,2,52,inf
qLogEI,10,4,2,2,53,inf
qLogEI,10,4,2,2,54,inf
qLogEI,10,4,2,2,55,inf
qLogEI,10,4,2,2,56,inf
qLogEI,10,4,2,2,57,inf
qLogEI,10,4,2,2,58,inf
qLogEI,10,4,2,2,59,inf
qLogEI,10,4,2,2,60,inf
qLogEI,10,4,2,2,61,inf
qLogEI,10,4,2,2,62,inf
qLogEI,10,4,2,2,63,inf
qLogEI,10,4,2,2,64,inf
qLogEI,10,4,2,2,65,inf
qLogEI,10,4,2,2,66,inf
qLogEI,10,4,2,2,67,inf
qLogEI,10,4,2,2,68,inf
qLogEI,10,4,2,2,69,inf
qLogEI,10,4,2,2,70,inf
qLogEI,10,4,2,2,71,inf
qLogEI,10,4,2,2,72,inf
qLogEI,10,4,2,2,73,inf
qLogEI,10,4,2,2,74,inf
qLogEI,10,4,2,2,75,inf
qLogEI,10,4,2,2,76,inf
qLogEI,10,4,2,2,77,inf
qLogEI,10,4,2,2,78,inf
qLogEI,10,4,2,2,79,inf
qLogEI,10,4,2,2,80,inf
qLogEI,10,4,2,2,81,inf
qLogEI,10,4,2,2,82,inf
qLogEI,10,4,2,2,83,inf
qLogEI,10,4,2,2,84,inf
qLogEI,10,4,2,2,85,inf
qLogEI,10,4,2,2,86,inf
qLogEI,10,4,2,2,87,inf
qLogEI,10,4,2,2,88,inf
qLogEI,10,4,2,2,89,inf
qLogEI,10,4,2,2,90,inf
qLogEI,10,4,2,2,91,inf
qLogEI,10,4,2,2,92,inf
qLogEI,10,4,2,2,93,inf
qLogEI,10,4,2,2,94,inf
qLogEI,10,4,2,2,95,inf
qLogEI,10,4,2,2,96,inf
qLogEI,10,4,2,2,97,inf
qLogEI,10,4,2,2,98,inf
qLogEI,10,4,2,2,99,inf
qLogEI,10,4,2,2,100,inf
RL_Enhanced,10,4,2,2,1,inf
RL_Enhanced,10,4,2,2,2,inf
RL_Enhanced,10,4,2,2,3,inf
RL_Enhanced,10,4,2,2,4,inf
RL_Enhanced,10,4,2,2,5,inf
RL_Enhanced,10,4,2,2,6,inf
RL_Enhanced,10,4,2,2,7,inf
RL_Enhanced,10,4,2,2,8,inf
RL_Enhanced,10,4,2,2,9,inf
RL_Enhanced,10,4,2,2,10,inf
RL_Enhanced,10,4,2,2,11,inf
RL_Enhanced,10,4,2,2,12,inf
RL_Enhanced,10,4,2,2,13,inf
RL_Enhanced,10,4,2,2,14,inf
RL_Enhanced,10,4,2,2,15,inf
RL_Enhanced,10,4,2,2,16,inf
RL_Enhanced,10,4,2,2,17,inf
RL_Enhanced,10,4,2,2,18,inf
RL_Enhanced,10,4,2,2,19,inf
RL_Enhanced,10,4,2,2,20,inf
RL_Enhanced,10,4,2,2,21,inf
RL_Enhanced,10,4,2,2,22,inf
RL_Enhanced,10,4,2,2,23,inf
RL_Enhanced,10,4,2,2,24,inf
RL_Enhanced,10,4,2,2,25,inf
RL_Enhanced,10,4,2,2,26,inf
RL_Enhanced,10,4,2,2,27,inf
RL_Enhanced,10,4,2,2,28,inf
RL_Enhanced,10,4,2,2,29,inf
RL_Enhanced,10,4,2,2,30,inf
RL_Enhanced,10,4,2,2,31,inf
RL_Enhanced,10,4,2,2,32,inf
RL_Enhanced,10,4,2,2,33,inf
RL_Enhanced,10,4,2,2,34,inf
RL_Enhanced,10,4,2,2,35,inf
RL_Enhanced,10,4,2,2,36,inf
RL_Enhanced,10,4,2,2,37,inf
RL_Enhanced,10,4,2,2,38,inf
RL_Enhanced,10,4,2,2,39,inf
RL_Enhanced,10,4,2,2,40,inf
RL_Enhanced,10,4,2,2,41,inf
RL_Enhanced,10,4,2,2,42,inf
RL_Enhanced,10,4,2,2,43,inf
RL_Enhanced,10,4,2,2,44,inf
RL_Enhanced,10,4,2,2,45,inf
RL_Enhanced,10,4,2,2,46,inf
RL_Enhanced,10,4,2,2,47,inf
RL_Enhanced,10,4,2,2,48,inf
RL_Enhanced,10,4,2,2,49,inf
RL_Enhanced,10,4,2,2,50,inf
RL_Enhanced,10,4,2,2,51,inf
RL_Enhanced,10,4,2,2,52,inf
RL_Enhanced,10,4,2,2,53,inf
RL_Enhanced,10,4,2,2,54,inf
RL_Enhanced,10,4,2,2,55,inf
RL_Enhanced,10,4,2,2,56,inf
RL_Enhanced,10,4,2,2,57,inf
RL_Enhanced,10,4,2,2,58,inf
RL_Enhanced,10,4,2,2,59,inf
RL_Enhanced,10,4,2,2,60,inf
RL_Enhanced,10,4,2,2,61,inf
RL_Enhanced,10,4,2,2,62,inf
RL_Enhanced,10,4,2,2,63,inf
RL_Enhanced,10,4,2,2,64,inf
RL_Enhanced,10,4,2,2,65,inf
RL_Enhanced,10,4,2,2,66,inf
RL_Enhanced,10,4,2,2,67,inf
RL_Enhanced,10,4,2,2,68,inf
RL_Enhanced,10,4,2,2,69,inf
RL_Enhanced,10,4,2,2,70,inf
RL_Enhanced,10,4,2,2,71,inf
RL_Enhanced,10,4,2,2,72,inf
RL_Enhanced,10,4,2,2,73,inf
RL_Enhanced,10,4,2,2,74,inf
RL_Enhanced,10,4,2,2,75,inf
RL_Enhanced,10,4,2,2,76,inf
RL_Enhanced,10,4,2,2,77,inf
RL_Enhanced,10,4,2,2,78,inf
RL_Enhanced,10,4,2,2,79,inf
RL_Enhanced,10,4,2,2,80,inf
RL_Enhanced,10,4,2,2,81,inf
RL_Enhanced,10,4,2,2,82,inf
RL_Enhanced,10,4,2,2,83,inf
RL_Enhanced,10,4,2,2,84,inf
RL_Enhanced,10,4,2,2,85,inf
RL_Enhanced,10,4,2,2,86,inf
RL_Enhanced,10,4,2,2,87,inf
RL_Enhanced,10,4,2,2,88,inf
RL_Enhanced,10,4,2,2,89,inf
RL_Enhanced,10,4,2,2,90,inf
RL_Enhanced,10,4,2,2,91,inf
RL_Enhanced,10,4,2,2,92,inf
RL_Enhanced,10,4,2,2,93,inf
RL_Enhanced,10,4,2,2,94,inf
RL_Enhanced,10,4,2,2,95,inf
RL_Enhanced,10,4,2,2,96,inf
RL_Enhanced,10,4,2,2,97,inf
RL_Enhanced,10,4,2,2,98,inf
RL_Enhanced,10,4,2,2,99,inf
RL_Enhanced,10,4,2,2,100,inf
Random,10,4,2,3,1,inf
Random,10,4,2,3,2,inf
Random,10,4,2,3,3,inf
Random,10,4,2,3,4,inf
Random,10,4,2,3,5,inf
Random,10,4,2,3,6,inf
Random,10,4,2,3,7,inf
Random,10,4,2,3,8,inf
Random,10,4,2,3,9,inf
Random,10,4,2,3,10,inf
Random,10,4,2,3,11,inf
Random,10,4,2,3,12,inf
Random,10,4,2,3,13,inf
Random,10,4,2,3,14,inf
Random,10,4,2,3,15,inf
Random,10,4,2,3,16,inf
Random,10,4,2,3,17,inf
Random,10,4,2,3,18,inf
Random,10,4,2,3,19,inf
Random,10,4,2,3,20,inf
Random,10,4,2,3,21,inf
Random,10,4,2,3,22,inf
Random,10,4,2,3,23,inf
Random,10,4,2,3,24,inf
Random,10,4,2,3,25,inf
Random,10,4,2,3,26,inf
Random,10,4,2,3,27,inf
Random,10,4,2,3,28,inf
Random,10,4,2,3,29,inf
Random,10,4,2,3,30,inf
Random,10,4,2,3,31,inf
Random,10,4,2,3,32,inf
Random,10,4,2,3,33,inf
Random,10,4,2,3,34,inf
Random,10,4,2,3,35,inf
Random,10,4,2,3,36,inf
Random,10,4,2,3,37,inf
Random,10,4,2,3,38,inf
Random,10,4,2,3,39,inf
Random,10,4,2,3,40,inf
Random,10,4,2,3,41,inf
Random,10,4,2,3,42,inf
Random,10,4,2,3,43,inf
Random,10,4,2,3,44,inf
Random,10,4,2,3,45,inf
Random,10,4,2,3,46,inf
Random,10,4,2,3,47,inf
Random,10,4,2,3,48,inf
Random,10,4,2,3,49,inf
Random,10,4,2,3,50,inf
Random,10,4,2,3,51,inf
Random,10,4,2,3,52,inf
Random,10,4,2,3,53,inf
Random,10,4,2,3,54,inf
Random,10,4,2,3,55,inf
Random,10,4,2,3,56,inf
Random,10,4,2,3,57,inf
Random,10,4,2,3,58,inf
Random,10,4,2,3,59,inf
Random,10,4,2,3,60,inf
Random,10,4,2,3,61,inf
Random,10,4,2,3,62,inf
Random,10,4,2,3,63,inf
Random,10,4,2,3,64,inf
Random,10,4,2,3,65,inf
Random,10,4,2,3,66,inf
Random,10,4,2,3,67,inf
Random,10,4,2,3,68,inf
Random,10,4,2,3,69,inf
Random,10,4,2,3,70,inf
Random,10,4,2,3,71,inf
Random,10,4,2,3,72,inf
Random,10,4,2,3,73,inf
Random,10,4,2,3,74,inf
Random,10,4,2,3,75,inf
Random,10,4,2,3,76,inf
Random,10,4,2,3,77,inf
Random,10,4,2,3,78,inf
Random,10,4,2,3,79,inf
Random,10,4,2,3,80,inf
Random,10,4,2,3,81,inf
Random,10,4,2,3,82,inf
Random,10,4,2,3,83,inf
Random,10,4,2,3,84,inf
Random,10,4,2,3,85,inf
Random,10,4,2,3,86,inf
Random,10,4,2,3,87,inf
Random,10,4,2,3,88,inf
Random,10,4,2,3,89,inf
Random,10,4,2,3,90,inf
Random,10,4,2,3,91,inf
Random,10,4,2,3,92,inf
Random,10,4,2,3,93,inf
Random,10,4,2,3,94,inf
Random,10,4,2,3,95,inf
Random,10,4,2,3,96,inf
Random,10,4,2,3,97,inf
Random,10,4,2,3,98,inf
Random,10,4,2,3,99,inf
Random,10,4,2,3,100,inf
qLogEI,10,4,2,3,1,inf
qLogEI,10,4,2,3,2,inf
qLogEI,10,4,2,3,3,inf
qLogEI,10,4,2,3,4,inf
qLogEI,10,4,2,3,5,inf
qLogEI,10,4,2,3,6,inf
qLogEI,10,4,2,3,7,inf
qLogEI,10,4,2,3,8,inf
qLogEI,10,4,2,3,9,inf
qLogEI,10,4,2,3,10,inf
qLogEI,10,4,2,3,11,inf
qLogEI,10,4,2,3,12,inf
qLogEI,10,4,2,3,13,inf
qLogEI,10,4,2,3,14,inf
qLogEI,10,4,2,3,15,inf
qLogEI,10,4,2,3,16,inf
qLogEI,10,4,2,3,17,inf
qLogEI,10,4,2,3,18,inf
qLogEI,10,4,2,3,19,inf
qLogEI,10,4,2,3,20,inf
qLogEI,10,4,2,3,21,inf
qLogEI,10,4,2,3,22,inf
qLogEI,10,4,2,3,23,inf
qLogEI,10,4,2,3,24,inf
qLogEI,10,4,2,3,25,inf
qLogEI,10,4,2,3,26,inf
qLogEI,10,4,2,3,27,inf
qLogEI,10,4,2,3,28,inf
qLogEI,10,4,2,3,29,inf
qLogEI,10,4,2,3,30,inf
qLogEI,10,4,2,3,31,inf
qLogEI,10,4,2,3,32,inf
qLogEI,10,4,2,3,33,inf
qLogEI,10,4,2,3,34,inf
qLogEI,10,4,2,3,35,inf
qLogEI,10,4,2,3,36,inf
qLogEI,10,4,2,3,37,inf
qLogEI,10,4,2,3,38,inf
qLogEI,10,4,2,3,39,inf
qLogEI,10,4,2,3,40,inf
qLogEI,10,4,2,3,41,inf
qLogEI,10,4,2,3,42,inf
qLogEI,10,4,2,3,43,inf
qLogEI,10,4,2,3,44,inf
qLogEI,10,4,2,3,45,inf
qLogEI,10,4,2,3,46,inf
qLogEI,10,4,2,3,47,inf
qLogEI,10,4,2,3,48,inf
qLogEI,10,4,2,3,49,inf
qLogEI,10,4,2,3,50,inf
qLogEI,10,4,2,3,51,inf
qLogEI,10,4,2,3,52,inf
qLogEI,10,4,2,3,53,inf
qLogEI,10,4,2,3,54,inf
qLogEI,10,4,2,3,55,inf
qLogEI,10,4,2,3,56,inf
qLogEI,10,4,2,3,57,inf
qLogEI,10,4,2,3,58,inf
qLogEI,10,4,2,3,59,inf
qLogEI,10,4,2,3,60,inf
qLogEI,10,4,2,3,61,inf
qLogEI,10,4,2,3,62,inf
qLogEI,10,4,2,3,63,inf
qLogEI,10,4,2,3,64,inf
qLogEI,10,4,2,3,65,inf
qLogEI,10,4,2,3,66,inf
qLogEI,10,4,2,3,67,inf
qLogEI,10,4,2,3,68,inf
qLogEI,10,4,2,3,69,inf
qLogEI,10,4,2,3,70,inf
qLogEI,10,4,2,3,71,inf
qLogEI,10,4,2,3,72,inf
qLogEI,10,4,2,3,73,inf
qLogEI,10,4,2,3,74,inf
qLogEI,10,4,2,3,75,inf
qLogEI,10,4,2,3,76,inf
qLogEI,10,4,2,3,77,inf
qLogEI,10,4,2,3,78,inf
qLogEI,10,4,2,3,79,inf
qLogEI,10,4,2,3,80,inf
qLogEI,10,4,2,3,81,inf
qLogEI,10,4,2,3,82,inf
qLogEI,10,4,2,3,83,inf
qLogEI,10,4,2,3,84,inf
qLogEI,10,4,2,3,85,inf
qLogEI,10,4,2,3,86,inf
qLogEI,10,4,2,3,87,inf
qLogEI,10,4,2,3,88,inf
qLogEI,10,4,2,3,89,inf
qLogEI,10,4,2,3,90,inf
qLogEI,10,4,2,3,91,inf
qLogEI,10,4,2,3,92,inf
qLogEI,10,4,2,3,93,inf
qLogEI,10,4,2,3,94,inf
qLogEI,10,4,2,3,95,inf
qLogEI,10,4,2,3,96,inf
qLogEI,10,4,2,3,97,inf
qLogEI,10,4,2,3,98,inf
qLogEI,10,4,2,3,99,inf
qLogEI,10,4,2,3,100,inf
RL_Enhanced,10,4,2,3,1,inf
RL_Enhanced,10,4,2,3,2,inf
RL_Enhanced,10,4,2,3,3,inf
RL_Enhanced,10,4,2,3,4,inf
RL_Enhanced,10,4,2,3,5,inf
RL_Enhanced,10,4,2,3,6,inf
RL_Enhanced,10,4,2,3,7,inf
RL_Enhanced,10,4,2,3,8,inf
RL_Enhanced,10,4,2,3,9,inf
RL_Enhanced,10,4,2,3,10,inf
RL_Enhanced,10,4,2,3,11,inf
RL_Enhanced,10,4,2,3,12,inf
RL_Enhanced,10,4,2,3,13,inf
RL_Enhanced,10,4,2,3,14,inf
RL_Enhanced,10,4,2,3,15,inf
RL_Enhanced,10,4,2,3,16,inf
RL_Enhanced,10,4,2,3,17,inf
RL_Enhanced,10,4,2,3,18,inf
RL_Enhanced,10,4,2,3,19,inf
RL_Enhanced,10,4,2,3,20,inf
RL_Enhanced,10,4,2,3,21,inf
RL_Enhanced,10,4,2,3,22,inf
RL_Enhanced,10,4,2,3,23,inf
RL_Enhanced,10,4,2,3,24,inf
RL_Enhanced,10,4,2,3,25,inf
RL_Enhanced,10,4,2,3,26,inf
RL_Enhanced,10,4,2,3,27,inf
RL_Enhanced,10,4,2,3,28,inf
RL_Enhanced,10,4,2,3,29,inf
RL_Enhanced,10,4,2,3,30,inf
RL_Enhanced,10,4,2,3,31,inf
RL_Enhanced,10,4,2,3,32,inf
RL_Enhanced,10,4,2,3,33,inf
RL_Enhanced,10,4,2,3,34,inf
RL_Enhanced,10,4,2,3,35,inf
RL_Enhanced,10,4,2,3,36,inf
RL_Enhanced,10,4,2,3,37,inf
RL_Enhanced,10,4,2,3,38,inf
RL_Enhanced,10,4,2,3,39,inf
RL_Enhanced,10,4,2,3,40,inf
RL_Enhanced,10,4,2,3,41,inf
RL_Enhanced,10,4,2,3,42,inf
RL_Enhanced,10,4,2,3,43,inf
RL_Enhanced,10,4,2,3,44,inf
RL_Enhanced,10,4,2,3,45,inf
RL_Enhanced,10,4,2,3,46,inf
RL_Enhanced,10,4,2,3,47,inf
RL_Enhanced,10,4,2,3,48,inf
RL_Enhanced,10,4,2,3,49,inf
RL_Enhanced,10,4,2,3,50,inf
RL_Enhanced,10,4,2,3,51,inf
RL_Enhanced,10,4,2,3,52,inf
RL_Enhanced,10,4,2,3,53,inf
RL_Enhanced,10,4,2,3,54,inf
RL_Enhanced,10,4,2,3,55,inf
RL_Enhanced,10,4,2,3,56,inf
RL_Enhanced,10,4,2,3,57,inf
RL_Enhanced,10,4,2,3,58,inf
RL_Enhanced,10,4,2,3,59,inf
RL_Enhanced,10,4,2,3,60,inf
RL_Enhanced,10,4,2,3,61,inf
RL_Enhanced,10,4,2,3,62,inf
RL_Enhanced,10,4,2,3,63,inf
RL_Enhanced,10,4,2,3,64,inf
RL_Enhanced,10,4,2,3,65,inf
RL_Enhanced,10,4,2,3,66,inf
RL_Enhanced,10,4,2,3,67,inf
RL_Enhanced,10,4,2,3,68,inf
RL_Enhanced,10,4,2,3,69,inf
RL_Enhanced,10,4,2,3,70,inf
RL_Enhanced,10,4,2,3,71,inf
RL_Enhanced,10,4,2,3,72,inf
RL_Enhanced,10,4,2,3,73,inf
RL_Enhanced,10,4,2,3,74,inf
RL_Enhanced,10,4,2,3,75,inf
RL_Enhanced,10,4,2,3,76,inf
RL_Enhanced,10,4,2,3,77,inf
RL_Enhanced,10,4,2,3,78,inf
RL_Enhanced,10,4,2,3,79,inf
RL_Enhanced,10,4,2,3,80,inf
RL_Enhanced,10,4,2,3,81,inf
RL_Enhanced,10,4,2,3,82,inf
RL_Enhanced,10,4,2,3,83,inf
RL_Enhanced,10,4,2,3,84,inf
RL_Enhanced,10,4,2,3,85,inf
RL_Enhanced,10,4,2,3,86,inf
RL_Enhanced,10,4,2,3,87,inf
RL_Enhanced,10,4,2,3,88,inf
RL_Enhanced,10,4,2,3,89,inf
RL_Enhanced,10,4,2,3,90,inf
RL_Enhanced,10,4,2,3,91,inf
RL_Enhanced,10,4,2,3,92,inf
RL_Enhanced,10,4,2,3,93,inf
RL_Enhanced,10,4,2,3,94,inf
RL_Enhanced,10,4,2,3,95,inf
RL_Enhanced,10,4,2,3,96,inf
RL_Enhanced,10,4,2,3,97,inf
RL_Enhanced,10,4,2,3,98,inf
RL_Enhanced,10,4,2,3,99,inf
RL_Enhanced,10,4,2,3,100,inf
Random,10,4,2,4,1,inf
Random,10,4,2,4,2,inf
Random,10,4,2,4,3,inf
Random,10,4,2,4,4,inf
Random,10,4,2,4,5,inf
Random,10,4,2,4,6,inf
Random,10,4,2,4,7,inf
Random,10,4,2,4,8,inf
Random,10,4,2,4,9,inf
Random,10,4,2,4,10,inf
Random,10,4,2,4,11,inf
Random,10,4,2,4,12,inf
Random,10,4,2,4,13,inf
Random,10,4,2,4,14,inf
Random,10,4,2,4,15,inf
Random,10,4,2,4,16,inf
Random,10,4,2,4,17,inf
Random,10,4,2,4,18,inf
Random,10,4,2,4,19,inf
Random,10,4,2,4,20,inf
Random,10,4,2,4,21,inf
Random,10,4,2,4,22,inf
Random,10,4,2,4,23,inf
Random,10,4,2,4,24,inf
Random,10,4,2,4,25,inf
Random,10,4,2,4,26,inf
Random,10,4,2,4,27,inf
Random,10,4,2,4,28,inf
Random,10,4,2,4,29,inf
Random,10,4,2,4,30,inf
Random,10,4,2,4,31,inf
Random,10,4,2,4,32,inf
Random,10,4,2,4,33,inf
Random,10,4,2,4,34,inf
Random,10,4,2,4,35,inf
Random,10,4,2,4,36,inf
Random,10,4,2,4,37,inf
Random,10,4,2,4,38,inf
Random,10,4,2,4,39,inf
Random,10,4,2,4,40,inf
Random,10,4,2,4,41,inf
Random,10,4,2,4,42,inf
Random,10,4,2,4,43,inf
Random,10,4,2,4,44,inf
Random,10,4,2,4,45,inf
Random,10,4,2,4,46,inf
Random,10,4,2,4,47,inf
Random,10,4,2,4,48,inf
Random,10,4,2,4,49,inf
Random,10,4,2,4,50,inf
Random,10,4,2,4,51,inf
Random,10,4,2,4,52,inf
Random,10,4,2,4,53,inf
Random,10,4,2,4,54,inf
Random,10,4,2,4,55,inf
Random,10,4,2,4,56,inf
Random,10,4,2,4,57,inf
Random,10,4,2,4,58,inf
Random,10,4,2,4,59,inf
Random,10,4,2,4,60,inf
Random,10,4,2,4,61,inf
Random,10,4,2,4,62,inf
Random,10,4,2,4,63,inf
Random,10,4,2,4,64,inf
Random,10,4,2,4,65,inf
Random,10,4,2,4,66,inf
Random,10,4,2,4,67,inf
Random,10,4,2,4,68,inf
Random,10,4,2,4,69,inf
Random,10,4,2,4,70,inf
Random,10,4,2,4,71,inf
Random,10,4,2,4,72,inf
Random,10,4,2,4,73,inf
Random,10,4,2,4,74,inf
Random,10,4,2,4,75,inf
Random,10,4,2,4,76,inf
Random,10,4,2,4,77,inf
Random,10,4,2,4,78,inf
Random,10,4,2,4,79,inf
Random,10,4,2,4,80,inf
Random,10,4,2,4,81,inf
Random,10,4,2,4,82,inf
Random,10,4,2,4,83,inf
Random,10,4,2,4,84,inf
Random,10,4,2,4,85,inf
Random,10,4,2,4,86,inf
Random,10,4,2,4,87,inf
Random,10,4,2,4,88,inf
Random,10,4,2,4,89,inf
Random,10,4,2,4,90,inf
Random,10,4,2,4,91,inf
Random,10,4,2,4,92,inf
Random,10,4,2,4,93,inf
Random,10,4,2,4,94,inf
Random,10,4,2,4,95,inf
Random,10,4,2,4,96,inf
Random,10,4,2,4,97,inf
Random,10,4,2,4,98,inf
Random,10,4,2,4,99,inf
Random,10,4,2,4,100,inf
qLogEI,10,4,2,4,1,inf
qLogEI,10,4,2,4,2,inf
qLogEI,10,4,2,4,3,inf
qLogEI,10,4,2,4,4,inf
qLogEI,10,4,2,4,5,inf
qLogEI,10,4,2,4,6,inf
qLogEI,10,4,2,4,7,inf
qLogEI,10,4,2,4,8,inf
qLogEI,10,4,2,4,9,inf
qLogEI,10,4,2,4,10,inf
qLogEI,10,4,2,4,11,inf
qLogEI,10,4,2,4,12,inf
qLogEI,10,4,2,4,13,inf
qLogEI,10,4,2,4,14,inf
qLogEI,10,4,2,4,15,inf
qLogEI,10,4,2,4,16,inf
qLogEI,10,4,2,4,17,inf
qLogEI,10,4,2,4,18,inf
qLogEI,10,4,2,4,19,inf
qLogEI,10,4,2,4,20,inf
qLogEI,10,4,2,4,21,inf
qLogEI,10,4,2,4,22,inf
qLogEI,10,4,2,4,23,inf
qLogEI,10,4,2,4,24,inf
qLogEI,10,4,2,4,25,inf
qLogEI,10,4,2,4,26,inf
qLogEI,10,4,2,4,27,inf
qLogEI,10,4,2,4,28,inf
qLogEI,10,4,2,4,29,inf
qLogEI,10,4,2,4,30,inf
qLogEI,10,4,2,4,31,inf
qLogEI,10,4,2,4,32,inf
qLogEI,10,4,2,4,33,inf
qLogEI,10,4,2,4,34,inf
qLogEI,10,4,2,4,35,inf
qLogEI,10,4,2,4,36,inf
qLogEI,10,4,2,4,37,inf
qLogEI,10,4,2,4,38,inf
qLogEI,10,4,2,4,39,inf
qLogEI,10,4,2,4,40,inf
qLogEI,10,4,2,4,41,inf
qLogEI,10,4,2,4,42,inf
qLogEI,10,4,2,4,43,inf
qLogEI,10,4,2,4,44,inf
qLogEI,10,4,2,4,45,inf
qLogEI,10,4,2,4,46,inf
qLogEI,10,4,2,4,47,inf
qLogEI,10,4,2,4,48,inf
qLogEI,10,4,2,4,49,inf
qLogEI,10,4,2,4,50,inf
qLogEI,10,4,2,4,51,inf
qLogEI,10,4,2,4,52,inf
qLogEI,10,4,2,4,53,inf
qLogEI,10,4,2,4,54,inf
qLogEI,10,4,2,4,55,inf
qLogEI,10,4,2,4,56,inf
qLogEI,10,4,2,4,57,inf
qLogEI,10,4,2,4,58,inf
qLogEI,10,4,2,4,59,inf
qLogEI,10,4,2,4,60,inf
qLogEI,10,4,2,4,61,inf
qLogEI,10,4,2,4,62,inf
qLogEI,10,4,2,4,63,inf
qLogEI,10,4,2,4,64,inf
qLogEI,10,4,2,4,65,inf
qLogEI,10,4,2,4,66,inf
qLogEI,10,4,2,4,67,inf
qLogEI,10,4,2,4,68,inf
qLogEI,10,4,2,4,69,inf
qLogEI,10,4,2,4,70,inf
qLogEI,10,4,2,4,71,inf
qLogEI,10,4,2,4,72,inf
qLogEI,10,4,2,4,73,inf
qLogEI,10,4,2,4,74,inf
qLogEI,10,4,2,4,75,inf
qLogEI,10,4,2,4,76,inf
qLogEI,10,4,2,4,77,inf
qLogEI,10,4,2,4,78,inf
qLogEI,10,4,2,4,79,inf
qLogEI,10,4,2,4,80,inf
qLogEI,10,4,2,4,81,inf
qLogEI,10,4,2,4,82,inf
qLogEI,10,4,2,4,83,inf
qLogEI,10,4,2,4,84,inf
qLogEI,10,4,2,4,85,inf
qLogEI,10,4,2,4,86,inf
qLogEI,10,4,2,4,87,inf
qLogEI,10,4,2,4,88,inf
qLogEI,10,4,2,4,89,inf
qLogEI,10,4,2,4,90,inf
qLogEI,10,4,2,4,91,inf
qLogEI,10,4,2,4,92,inf
qLogEI,10,4,2,4,93,inf
qLogEI,10,4,2,4,94,inf
qLogEI,10,4,2,4,95,inf
qLogEI,10,4,2,4,96,inf
qLogEI,10,4,2,4,97,inf
qLogEI,10,4,2,4,98,inf
qLogEI,10,4,2,4,99,inf
qLogEI,10,4,2,4,100,inf
RL_Enhanced,10,4,2,4,1,inf
RL_Enhanced,10,4,2,4,2,inf
RL_Enhanced,10,4,2,4,3,inf
RL_Enhanced,10,4,2,4,4,inf
RL_Enhanced,10,4,2,4,5,inf
RL_Enhanced,10,4,2,4,6,inf
RL_Enhanced,10,4,2,4,7,inf
RL_Enhanced,10,4,2,4,8,inf
RL_Enhanced,10,4,2,4,9,inf
RL_Enhanced,10,4,2,4,10,inf
RL_Enhanced,10,4,2,4,11,inf
RL_Enhanced,10,4,2,4,12,inf
RL_Enhanced,10,4,2,4,13,inf
RL_Enhanced,10,4,2,4,14,inf
RL_Enhanced,10,4,2,4,15,inf
RL_Enhanced,10,4,2,4,16,inf
RL_Enhanced,10,4,2,4,17,inf
RL_Enhanced,10,4,2,4,18,inf
RL_Enhanced,10,4,2,4,19,inf
RL_Enhanced,10,4,2,4,20,inf
RL_Enhanced,10,4,2,4,21,inf
RL_Enhanced,10,4,2,4,22,inf
RL_Enhanced,10,4,2,4,23,inf
RL_Enhanced,10,4,2,4,24,inf
RL_Enhanced,10,4,2,4,25,inf
RL_Enhanced,10,4,2,4,26,inf
RL_Enhanced,10,4,2,4,27,inf
RL_Enhanced,10,4,2,4,28,inf
RL_Enhanced,10,4,2,4,29,inf
RL_Enhanced,10,4,2,4,30,inf
RL_Enhanced,10,4,2,4,31,inf
RL_Enhanced,10,4,2,4,32,inf
RL_Enhanced,10,4,2,4,33,inf
RL_Enhanced,10,4,2,4,34,inf
RL_Enhanced,10,4,2,4,35,inf
RL_Enhanced,10,4,2,4,36,inf
RL_Enhanced,10,4,2,4,37,inf
RL_Enhanced,10,4,2,4,38,inf
RL_Enhanced,10,4,2,4,39,inf
RL_Enhanced,10,4,2,4,40,inf
RL_Enhanced,10,4,2,4,41,inf
RL_Enhanced,10,4,2,4,42,inf
RL_Enhanced,10,4,2,4,43,inf
RL_Enhanced,10,4,2,4,44,inf
RL_Enhanced,10,4,2,4,45,inf
RL_Enhanced,10,4,2,4,46,inf
RL_Enhanced,10,4,2,4,47,inf
RL_Enhanced,10,4,2,4,48,inf
RL_Enhanced,10,4,2,4,49,inf
RL_Enhanced,10,4,2,4,50,inf
RL_Enhanced,10,4,2,4,51,inf
RL_Enhanced,10,4,2,4,52,inf
RL_Enhanced,10,4,2,4,53,inf
RL_Enhanced,10,4,2,4,54,inf
RL_Enhanced,10,4,2,4,55,inf
RL_Enhanced,10,4,2,4,56,inf
RL_Enhanced,10,4,2,4,57,inf
RL_Enhanced,10,4,2,4,58,inf
RL_Enhanced,10,4,2,4,59,inf
RL_Enhanced,10,4,2,4,60,inf
RL_Enhanced,10,4,2,4,61,inf
RL_Enhanced,10,4,2,4,62,inf
RL_Enhanced,10,4,2,4,63,inf
RL_Enhanced,10,4,2,4,64,inf
RL_Enhanced,10,4,2,4,65,inf
RL_Enhanced,10,4,2,4,66,inf
RL_Enhanced,10,4,2,4,67,inf
RL_Enhanced,10,4,2,4,68,inf
RL_Enhanced,10,4,2,4,69,inf
RL_Enhanced,10,4,2,4,70,inf
RL_Enhanced,10,4,2,4,71,inf
RL_Enhanced,10,4,2,4,72,inf
RL_Enhanced,10,4,2,4,73,inf
RL_Enhanced,10,4,2,4,74,inf
RL_Enhanced,10,4,2,4,75,inf
RL_Enhanced,10,4,2,4,76,inf
RL_Enhanced,10,4,2,4,77,inf
RL_Enhanced,10,4,2,4,78,inf
RL_Enhanced,10,4,2,4,79,inf
RL_Enhanced,10,4,2,4,80,inf
RL_Enhanced,10,4,2,4,81,inf
RL_Enhanced,10,4,2,4,82,inf
RL_Enhanced,10,4,2,4,83,inf
RL_Enhanced,10,4,2,4,84,inf
RL_Enhanced,10,4,2,4,85,inf
RL_Enhanced,10,4,2,4,86,inf
RL_Enhanced,10,4,2,4,87,inf
RL_Enhanced,10,4,2,4,88,inf
RL_Enhanced,10,4,2,4,89,inf
RL_Enhanced,10,4,2,4,90,inf
RL_Enhanced,10,4,2,4,91,inf
RL_Enhanced,10,4,2,4,92,inf
RL_Enhanced,10,4,2,4,93,inf
RL_Enhanced,10,4,2,4,94,inf
RL_Enhanced,10,4,2,4,95,inf
RL_Enhanced,10,4,2,4,96,inf
RL_Enhanced,10,4,2,4,97,inf
RL_Enhanced,10,4,2,4,98,inf
RL_Enhanced,10,4,2,4,99,inf
RL_Enhanced,10,4,2,4,100,inf
Random,10,4,3,0,1,inf
Random,10,4,3,0,2,inf
Random,10,4,3,0,3,inf
Random,10,4,3,0,4,inf
Random,10,4,3,0,5,inf
Random,10,4,3,0,6,inf
Random,10,4,3,0,7,inf
Random,10,4,3,0,8,inf
Random,10,4,3,0,9,inf
Random,10,4,3,0,10,inf
Random,10,4,3,0,11,inf
Random,10,4,3,0,12,inf
Random,10,4,3,0,13,inf
Random,10,4,3,0,14,inf
Random,10,4,3,0,15,inf
Random,10,4,3,0,16,inf
Random,10,4,3,0,17,inf
Random,10,4,3,0,18,inf
Random,10,4,3,0,19,inf
Random,10,4,3,0,20,inf
Random,10,4,3,0,21,inf
Random,10,4,3,0,22,inf
Random,10,4,3,0,23,inf
Random,10,4,3,0,24,inf
Random,10,4,3,0,25,inf
Random,10,4,3,0,26,inf
Random,10,4,3,0,27,inf
Random,10,4,3,0,28,inf
Random,10,4,3,0,29,inf
Random,10,4,3,0,30,inf
Random,10,4,3,0,31,inf
Random,10,4,3,0,32,inf
Random,10,4,3,0,33,inf
Random,10,4,3,0,34,inf
Random,10,4,3,0,35,inf
Random,10,4,3,0,36,inf
Random,10,4,3,0,37,inf
Random,10,4,3,0,38,inf
Random,10,4,3,0,39,inf
Random,10,4,3,0,40,inf
Random,10,4,3,0,41,inf
Random,10,4,3,0,42,inf
Random,10,4,3,0,43,inf
Random,10,4,3,0,44,inf
Random,10,4,3,0,45,inf
Random,10,4,3,0,46,inf
Random,10,4,3,0,47,inf
Random,10,4,3,0,48,inf
Random,10,4,3,0,49,inf
Random,10,4,3,0,50,inf
Random,10,4,3,0,51,inf
Random,10,4,3,0,52,inf
Random,10,4,3,0,53,inf
Random,10,4,3,0,54,inf
Random,10,4,3,0,55,inf
Random,10,4,3,0,56,inf
Random,10,4,3,0,57,inf
Random,10,4,3,0,58,inf
Random,10,4,3,0,59,inf
Random,10,4,3,0,60,inf
Random,10,4,3,0,61,inf
Random,10,4,3,0,62,inf
Random,10,4,3,0,63,inf
Random,10,4,3,0,64,inf
Random,10,4,3,0,65,inf
Random,10,4,3,0,66,inf
Random,10,4,3,0,67,inf
Random,10,4,3,0,68,inf
Random,10,4,3,0,69,inf
Random,10,4,3,0,70,inf
Random,10,4,3,0,71,inf
Random,10,4,3,0,72,inf
Random,10,4,3,0,73,inf
Random,10,4,3,0,74,inf
Random,10,4,3,0,75,inf
Random,10,4,3,0,76,inf
Random,10,4,3,0,77,inf
Random,10,4,3,0,78,inf
Random,10,4,3,0,79,inf
Random,10,4,3,0,80,inf
Random,10,4,3,0,81,inf
Random,10,4,3,0,82,inf
Random,10,4,3,0,83,inf
Random,10,4,3,0,84,inf
Random,10,4,3,0,85,inf
Random,10,4,3,0,86,inf
Random,10,4,3,0,87,inf
Random,10,4,3,0,88,inf
Random,10,4,3,0,89,inf
Random,10,4,3,0,90,inf
Random,10,4,3,0,91,inf
Random,10,4,3,0,92,inf
Random,10,4,3,0,93,inf
Random,10,4,3,0,94,inf
Random,10,4,3,0,95,inf
Random,10,4,3,0,96,inf
Random,10,4,3,0,97,inf
Random,10,4,3,0,98,inf
Random,10,4,3,0,99,inf
Random,10,4,3,0,100,inf
qLogEI,10,4,3,0,1,inf
qLogEI,10,4,3,0,2,inf
qLogEI,10,4,3,0,3,inf
qLogEI,10,4,3,0,4,inf
qLogEI,10,4,3,0,5,inf
qLogEI,10,4,3,0,6,inf
qLogEI,10,4,3,0,7,inf
qLogEI,10,4,3,0,8,inf
qLogEI,10,4,3,0,9,inf
qLogEI,10,4,3,0,10,inf
qLogEI,10,4,3,0,11,inf
qLogEI,10,4,3,0,12,inf
qLogEI,10,4,3,0,13,inf
qLogEI,10,4,3,0,14,inf
qLogEI,10,4,3,0,15,inf
qLogEI,10,4,3,0,16,inf
qLogEI,10,4,3,0,17,inf
qLogEI,10,4,3,0,18,inf
qLogEI,10,4,3,0,19,inf
qLogEI,10,4,3,0,20,inf
qLogEI,10,4,3,0,21,inf
qLogEI,10,4,3,0,22,inf
qLogEI,10,4,3,0,23,inf
qLogEI,10,4,3,0,24,inf
qLogEI,10,4,3,0,25,inf
qLogEI,10,4,3,0,26,inf
qLogEI,10,4,3,0,27,inf
qLogEI,10,4,3,0,28,inf
qLogEI,10,4,3,0,29,inf
qLogEI,10,4,3,0,30,inf
qLogEI,10,4,3,0,31,inf
qLogEI,10,4,3,0,32,inf
qLogEI,10,4,3,0,33,inf
qLogEI,10,4,3,0,34,inf
qLogEI,10,4,3,0,35,inf
qLogEI,10,4,3,0,36,inf
qLogEI,10,4,3,0,37,inf
qLogEI,10,4,3,0,38,inf
qLogEI,10,4,3,0,39,inf
qLogEI,10,4,3,0,40,inf
qLogEI,10,4,3,0,41,inf
qLogEI,10,4,3,0,42,inf
qLogEI,10,4,3,0,43,inf
qLogEI,10,4,3,0,44,inf
qLogEI,10,4,3,0,45,inf
qLogEI,10,4,3,0,46,inf
qLogEI,10,4,3,0,47,inf
qLogEI,10,4,3,0,48,inf
qLogEI,10,4,3,0,49,inf
qLogEI,10,4,3,0,50,inf
qLogEI,10,4,3,0,51,inf
qLogEI,10,4,3,0,52,inf
qLogEI,10,4,3,0,53,inf
qLogEI,10,4,3,0,54,inf
qLogEI,10,4,3,0,55,inf
qLogEI,10,4,3,0,56,inf
qLogEI,10,4,3,0,57,inf
qLogEI,10,4,3,0,58,inf
qLogEI,10,4,3,0,59,inf
qLogEI,10,4,3,0,60,inf
qLogEI,10,4,3,0,61,inf
qLogEI,10,4,3,0,62,inf
qLogEI,10,4,3,0,63,inf
qLogEI,10,4,3,0,64,inf
qLogEI,10,4,3,0,65,inf
qLogEI,10,4,3,0,66,inf
qLogEI,10,4,3,0,67,inf
qLogEI,10,4,3,0,68,inf
qLogEI,10,4,3,0,69,inf
qLogEI,10,4,3,0,70,inf
qLogEI,10,4,3,0,71,inf
qLogEI,10,4,3,0,72,inf
qLogEI,10,4,3,0,73,inf
qLogEI,10,4,3,0,74,inf
qLogEI,10,4,3,0,75,inf
qLogEI,10,4,3,0,76,inf
qLogEI,10,4,3,0,77,inf
qLogEI,10,4,3,0,78,inf
qLogEI,10,4,3,0,79,inf
qLogEI,10,4,3,0,80,inf
qLogEI,10,4,3,0,81,inf
qLogEI,10,4,3,0,82,inf
qLogEI,10,4,3,0,83,inf
qLogEI,10,4,3,0,84,inf
qLogEI,10,4,3,0,85,inf
qLogEI,10,4,3,0,86,inf
qLogEI,10,4,3,0,87,inf
qLogEI,10,4,3,0,88,inf
qLogEI,10,4,3,0,89,inf
qLogEI,10,4,3,0,90,inf
qLogEI,10,4,3,0,91,inf
qLogEI,10,4,3,0,92,inf
qLogEI,10,4,3,0,93,inf
qLogEI,10,4,3,0,94,inf
qLogEI,10,4,3,0,95,inf
qLogEI,10,4,3,0,96,inf
qLogEI,10,4,3,0,97,inf
qLogEI,10,4,3,0,98,inf
qLogEI,10,4,3,0,99,inf
qLogEI,10,4,3,0,100,inf
RL_Enhanced,10,4,3,0,1,inf
RL_Enhanced,10,4,3,0,2,inf
RL_Enhanced,10,4,3,0,3,inf
RL_Enhanced,10,4,3,0,4,inf
RL_Enhanced,10,4,3,0,5,inf
RL_Enhanced,10,4,3,0,6,inf
RL_Enhanced,10,4,3,0,7,inf
RL_Enhanced,10,4,3,0,8,inf
RL_Enhanced,10,4,3,0,9,inf
RL_Enhanced,10,4,3,0,10,inf
RL_Enhanced,10,4,3,0,11,inf
RL_Enhanced,10,4,3,0,12,inf
RL_Enhanced,10,4,3,0,13,inf
RL_Enhanced,10,4,3,0,14,inf
RL_Enhanced,10,4,3,0,15,inf
RL_Enhanced,10,4,3,0,16,inf
RL_Enhanced,10,4,3,0,17,inf
RL_Enhanced,10,4,3,0,18,inf
RL_Enhanced,10,4,3,0,19,inf
RL_Enhanced,10,4,3,0,20,inf
RL_Enhanced,10,4,3,0,21,inf
RL_Enhanced,10,4,3,0,22,inf
RL_Enhanced,10,4,3,0,23,inf
RL_Enhanced,10,4,3,0,24,inf
RL_Enhanced,10,4,3,0,25,inf
RL_Enhanced,10,4,3,0,26,inf
RL_Enhanced,10,4,3,0,27,inf
RL_Enhanced,10,4,3,0,28,inf
RL_Enhanced,10,4,3,0,29,inf
RL_Enhanced,10,4,3,0,30,inf
RL_Enhanced,10,4,3,0,31,inf
RL_Enhanced,10,4,3,0,32,inf
RL_Enhanced,10,4,3,0,33,inf
RL_Enhanced,10,4,3,0,34,inf
RL_Enhanced,10,4,3,0,35,inf
RL_Enhanced,10,4,3,0,36,inf
RL_Enhanced,10,4,3,0,37,inf
RL_Enhanced,10,4,3,0,38,inf
RL_Enhanced,10,4,3,0,39,inf
RL_Enhanced,10,4,3,0,40,inf
RL_Enhanced,10,4,3,0,41,inf
RL_Enhanced,10,4,3,0,42,inf
RL_Enhanced,10,4,3,0,43,inf
RL_Enhanced,10,4,3,0,44,inf
RL_Enhanced,10,4,3,0,45,inf
RL_Enhanced,10,4,3,0,46,inf
RL_Enhanced,10,4,3,0,47,inf
RL_Enhanced,10,4,3,0,48,inf
RL_Enhanced,10,4,3,0,49,inf
RL_Enhanced,10,4,3,0,50,inf
RL_Enhanced,10,4,3,0,51,inf
RL_Enhanced,10,4,3,0,52,inf
RL_Enhanced,10,4,3,0,53,inf
RL_Enhanced,10,4,3,0,54,inf
RL_Enhanced,10,4,3,0,55,inf
RL_Enhanced,10,4,3,0,56,inf
RL_Enhanced,10,4,3,0,57,inf
RL_Enhanced,10,4,3,0,58,inf
RL_Enhanced,10,4,3,0,59,inf
RL_Enhanced,10,4,3,0,60,inf
RL_Enhanced,10,4,3,0,61,inf
RL_Enhanced,10,4,3,0,62,inf
RL_Enhanced,10,4,3,0,63,inf
RL_Enhanced,10,4,3,0,64,inf
RL_Enhanced,10,4,3,0,65,inf
RL_Enhanced,10,4,3,0,66,inf
RL_Enhanced,10,4,3,0,67,inf
RL_Enhanced,10,4,3,0,68,inf
RL_Enhanced,10,4,3,0,69,inf
RL_Enhanced,10,4,3,0,70,inf
RL_Enhanced,10,4,3,0,71,inf
RL_Enhanced,10,4,3,0,72,inf
RL_Enhanced,10,4,3,0,73,inf
RL_Enhanced,10,4,3,0,74,inf
RL_Enhanced,10,4,3,0,75,inf
RL_Enhanced,10,4,3,0,76,inf
RL_Enhanced,10,4,3,0,77,inf
RL_Enhanced,10,4,3,0,78,inf
RL_Enhanced,10,4,3,0,79,inf
RL_Enhanced,10,4,3,0,80,inf
RL_Enhanced,10,4,3,0,81,inf
RL_Enhanced,10,4,3,0,82,inf
RL_Enhanced,10,4,3,0,83,inf
RL_Enhanced,10,4,3,0,84,inf
RL_Enhanced,10,4,3,0,85,inf
RL_Enhanced,10,4,3,0,86,inf
RL_Enhanced,10,4,3,0,87,inf
RL_Enhanced,10,4,3,0,88,inf
RL_Enhanced,10,4,3,0,89,inf
RL_Enhanced,10,4,3,0,90,inf
RL_Enhanced,10,4,3,0,91,inf
RL_Enhanced,10,4,3,0,92,inf
RL_Enhanced,10,4,3,0,93,inf
RL_Enhanced,10,4,3,0,94,inf
RL_Enhanced,10,4,3,0,95,inf
RL_Enhanced,10,4,3,0,96,inf
RL_Enhanced,10,4,3,0,97,inf
RL_Enhanced,10,4,3,0,98,inf
RL_Enhanced,10,4,3,0,99,inf
RL_Enhanced,10,4,3,0,100,inf
Random,10,4,3,1,1,inf
Random,10,4,3,1,2,inf
Random,10,4,3,1,3,inf
Random,10,4,3,1,4,inf
Random,10,4,3,1,5,inf
Random,10,4,3,1,6,inf
Random,10,4,3,1,7,inf
Random,10,4,3,1,8,inf
Random,10,4,3,1,9,inf
Random,10,4,3,1,10,inf
Random,10,4,3,1,11,inf
Random,10,4,3,1,12,inf
Random,10,4,3,1,13,inf
Random,10,4,3,1,14,inf
Random,10,4,3,1,15,inf
Random,10,4,3,1,16,inf
Random,10,4,3,1,17,inf
Random,10,4,3,1,18,inf
Random,10,4,3,1,19,inf
Random,10,4,3,1,20,inf
Random,10,4,3,1,21,inf
Random,10,4,3,1,22,inf
Random,10,4,3,1,23,inf
Random,10,4,3,1,24,inf
Random,10,4,3,1,25,inf
Random,10,4,3,1,26,inf
Random,10,4,3,1,27,inf
Random,10,4,3,1,28,inf
Random,10,4,3,1,29,inf
Random,10,4,3,1,30,inf
Random,10,4,3,1,31,inf
Random,10,4,3,1,32,inf
Random,10,4,3,1,33,inf
Random,10,4,3,1,34,inf
Random,10,4,3,1,35,inf
Random,10,4,3,1,36,inf
Random,10,4,3,1,37,inf
Random,10,4,3,1,38,inf
Random,10,4,3,1,39,inf
Random,10,4,3,1,40,inf
Random,10,4,3,1,41,inf
Random,10,4,3,1,42,inf
Random,10,4,3,1,43,inf
Random,10,4,3,1,44,inf
Random,10,4,3,1,45,inf
Random,10,4,3,1,46,inf
Random,10,4,3,1,47,inf
Random,10,4,3,1,48,inf
Random,10,4,3,1,49,inf
Random,10,4,3,1,50,inf
Random,10,4,3,1,51,inf
Random,10,4,3,1,52,inf
Random,10,4,3,1,53,inf
Random,10,4,3,1,54,inf
Random,10,4,3,1,55,inf
Random,10,4,3,1,56,inf
Random,10,4,3,1,57,inf
Random,10,4,3,1,58,inf
Random,10,4,3,1,59,inf
Random,10,4,3,1,60,inf
Random,10,4,3,1,61,inf
Random,10,4,3,1,62,inf
Random,10,4,3,1,63,inf
Random,10,4,3,1,64,inf
Random,10,4,3,1,65,inf
Random,10,4,3,1,66,inf
Random,10,4,3,1,67,inf
Random,10,4,3,1,68,inf
Random,10,4,3,1,69,inf
Random,10,4,3,1,70,inf
Random,10,4,3,1,71,inf
Random,10,4,3,1,72,inf
Random,10,4,3,1,73,inf
Random,10,4,3,1,74,inf
Random,10,4,3,1,75,inf
Random,10,4,3,1,76,inf
Random,10,4,3,1,77,inf
Random,10,4,3,1,78,inf
Random,10,4,3,1,79,inf
Random,10,4,3,1,80,inf
Random,10,4,3,1,81,inf
Random,10,4,3,1,82,inf
Random,10,4,3,1,83,inf
Random,10,4,3,1,84,inf
Random,10,4,3,1,85,inf
Random,10,4,3,1,86,inf
Random,10,4,3,1,87,inf
Random,10,4,3,1,88,inf
Random,10,4,3,1,89,inf
Random,10,4,3,1,90,inf
Random,10,4,3,1,91,inf
Random,10,4,3,1,92,inf
Random,10,4,3,1,93,inf
Random,10,4,3,1,94,inf
Random,10,4,3,1,95,inf
Random,10,4,3,1,96,inf
Random,10,4,3,1,97,inf
Random,10,4,3,1,98,inf
Random,10,4,3,1,99,inf
Random,10,4,3,1,100,inf
qLogEI,10,4,3,1,1,inf
qLogEI,10,4,3,1,2,inf
qLogEI,10,4,3,1,3,inf
qLogEI,10,4,3,1,4,inf
qLogEI,10,4,3,1,5,inf
qLogEI,10,4,3,1,6,inf
qLogEI,10,4,3,1,7,inf
qLogEI,10,4,3,1,8,inf
qLogEI,10,4,3,1,9,inf
qLogEI,10,4,3,1,10,inf
qLogEI,10,4,3,1,11,inf
qLogEI,10,4,3,1,12,inf
qLogEI,10,4,3,1,13,inf
qLogEI,10,4,3,1,14,inf
qLogEI,10,4,3,1,15,inf
qLogEI,10,4,3,1,16,inf
qLogEI,10,4,3,1,17,inf
qLogEI,10,4,3,1,18,inf
qLogEI,10,4,3,1,19,inf
qLogEI,10,4,3,1,20,inf
qLogEI,10,4,3,1,21,inf
qLogEI,10,4,3,1,22,inf
qLogEI,10,4,3,1,23,inf
qLogEI,10,4,3,1,24,inf
qLogEI,10,4,3,1,25,inf
qLogEI,10,4,3,1,26,inf
qLogEI,10,4,3,1,27,inf
qLogEI,10,4,3,1,28,inf
qLogEI,10,4,3,1,29,inf
qLogEI,10,4,3,1,30,inf
qLogEI,10,4,3,1,31,inf
qLogEI,10,4,3,1,32,inf
qLogEI,10,4,3,1,33,inf
qLogEI,10,4,3,1,34,inf
qLogEI,10,4,3,1,35,inf
qLogEI,10,4,3,1,36,inf
qLogEI,10,4,3,1,37,inf
qLogEI,10,4,3,1,38,inf
qLogEI,10,4,3,1,39,inf
qLogEI,10,4,3,1,40,inf
qLogEI,10,4,3,1,41,inf
qLogEI,10,4,3,1,42,inf
qLogEI,10,4,3,1,43,inf
qLogEI,10,4,3,1,44,inf
qLogEI,10,4,3,1,45,inf
qLogEI,10,4,3,1,46,inf
qLogEI,10,4,3,1,47,inf
qLogEI,10,4,3,1,48,inf
qLogEI,10,4,3,1,49,inf
qLogEI,10,4,3,1,50,inf
qLogEI,10,4,3,1,51,inf
qLogEI,10,4,3,1,52,inf
qLogEI,10,4,3,1,53,inf
qLogEI,10,4,3,1,54,inf
qLogEI,10,4,3,1,55,inf
qLogEI,10,4,3,1,56,inf
qLogEI,10,4,3,1,57,inf
qLogEI,10,4,3,1,58,inf
qLogEI,10,4,3,1,59,inf
qLogEI,10,4,3,1,60,inf
qLogEI,10,4,3,1,61,inf
qLogEI,10,4,3,1,62,inf
qLogEI,10,4,3,1,63,inf
qLogEI,10,4,3,1,64,inf
qLogEI,10,4,3,1,65,inf
qLogEI,10,4,3,1,66,inf
qLogEI,10,4,3,1,67,inf
qLogEI,10,4,3,1,68,inf
qLogEI,10,4,3,1,69,inf
qLogEI,10,4,3,1,70,inf
qLogEI,10,4,3,1,71,inf
qLogEI,10,4,3,1,72,inf
qLogEI,10,4,3,1,73,inf
qLogEI,10,4,3,1,74,inf
qLogEI,10,4,3,1,75,inf
qLogEI,10,4,3,1,76,inf
qLogEI,10,4,3,1,77,inf
qLogEI,10,4,3,1,78,inf
qLogEI,10,4,3,1,79,inf
qLogEI,10,4,3,1,80,inf
qLogEI,10,4,3,1,81,inf
qLogEI,10,4,3,1,82,inf
qLogEI,10,4,3,1,83,inf
qLogEI,10,4,3,1,84,inf
qLogEI,10,4,3,1,85,inf
qLogEI,10,4,3,1,86,inf
qLogEI,10,4,3,1,87,inf
qLogEI,10,4,3,1,88,inf
qLogEI,10,4,3,1,89,inf
qLogEI,10,4,3,1,90,inf
qLogEI,10,4,3,1,91,inf
qLogEI,10,4,3,1,92,inf
qLogEI,10,4,3,1,93,inf
qLogEI,10,4,3,1,94,inf
qLogEI,10,4,3,1,95,inf
qLogEI,10,4,3,1,96,inf
qLogEI,10,4,3,1,97,inf
qLogEI,10,4,3,1,98,inf
qLogEI,10,4,3,1,99,inf
qLogEI,10,4,3,1,100,inf
RL_Enhanced,10,4,3,1,1,inf
RL_Enhanced,10,4,3,1,2,inf
RL_Enhanced,10,4,3,1,3,inf
RL_Enhanced,10,4,3,1,4,inf
RL_Enhanced,10,4,3,1,5,inf
RL_Enhanced,10,4,3,1,6,inf
RL_Enhanced,10,4,3,1,7,inf
RL_Enhanced,10,4,3,1,8,inf
RL_Enhanced,10,4,3,1,9,inf
RL_Enhanced,10,4,3,1,10,inf
RL_Enhanced,10,4,3,1,11,inf
RL_Enhanced,10,4,3,1,12,inf
RL_Enhanced,10,4,3,1,13,inf
RL_Enhanced,10,4,3,1,14,inf
RL_Enhanced,10,4,3,1,15,inf
RL_Enhanced,10,4,3,1,16,inf
RL_Enhanced,10,4,3,1,17,inf
RL_Enhanced,10,4,3,1,18,inf
RL_Enhanced,10,4,3,1,19,inf
RL_Enhanced,10,4,3,1,20,inf
RL_Enhanced,10,4,3,1,21,inf
RL_Enhanced,10,4,3,1,22,inf
RL_Enhanced,10,4,3,1,23,inf
RL_Enhanced,10,4,3,1,24,inf
RL_Enhanced,10,4,3,1,25,inf
RL_Enhanced,10,4,3,1,26,inf
RL_Enhanced,10,4,3,1,27,inf
RL_Enhanced,10,4,3,1,28,inf
RL_Enhanced,10,4,3,1,29,inf
RL_Enhanced,10,4,3,1,30,inf
RL_Enhanced,10,4,3,1,31,inf
RL_Enhanced,10,4,3,1,32,inf
RL_Enhanced,10,4,3,1,33,inf
RL_Enhanced,10,4,3,1,34,inf
RL_Enhanced,10,4,3,1,35,inf
RL_Enhanced,10,4,3,1,36,inf
RL_Enhanced,10,4,3,1,37,inf
RL_Enhanced,10,4,3,1,38,inf
RL_Enhanced,10,4,3,1,39,inf
RL_Enhanced,10,4,3,1,40,inf
RL_Enhanced,10,4,3,1,41,inf
RL_Enhanced,10,4,3,1,42,inf
RL_Enhanced,10,4,3,1,43,inf
RL_Enhanced,10,4,3,1,44,inf
RL_Enhanced,10,4,3,1,45,inf
RL_Enhanced,10,4,3,1,46,inf
RL_Enhanced,10,4,3,1,47,inf
RL_Enhanced,10,4,3,1,48,inf
RL_Enhanced,10,4,3,1,49,inf
RL_Enhanced,10,4,3,1,50,inf
RL_Enhanced,10,4,3,1,51,inf
RL_Enhanced,10,4,3,1,52,inf
RL_Enhanced,10,4,3,1,53,inf
RL_Enhanced,10,4,3,1,54,inf
RL_Enhanced,10,4,3,1,55,inf
RL_Enhanced,10,4,3,1,56,inf
RL_Enhanced,10,4,3,1,57,inf
RL_Enhanced,10,4,3,1,58,inf
RL_Enhanced,10,4,3,1,59,inf
RL_Enhanced,10,4,3,1,60,inf
RL_Enhanced,10,4,3,1,61,inf
RL_Enhanced,10,4,3,1,62,inf
RL_Enhanced,10,4,3,1,63,inf
RL_Enhanced,10,4,3,1,64,inf
RL_Enhanced,10,4,3,1,65,inf
RL_Enhanced,10,4,3,1,66,inf
RL_Enhanced,10,4,3,1,67,inf
RL_Enhanced,10,4,3,1,68,inf
RL_Enhanced,10,4,3,1,69,inf
RL_Enhanced,10,4,3,1,70,inf
RL_Enhanced,10,4,3,1,71,inf
RL_Enhanced,10,4,3,1,72,inf
RL_Enhanced,10,4,3,1,73,inf
RL_Enhanced,10,4,3,1,74,inf
RL_Enhanced,10,4,3,1,75,inf
RL_Enhanced,10,4,3,1,76,inf
RL_Enhanced,10,4,3,1,77,inf
RL_Enhanced,10,4,3,1,78,inf
RL_Enhanced,10,4,3,1,79,inf
RL_Enhanced,10,4,3,1,80,inf
RL_Enhanced,10,4,3,1,81,inf
RL_Enhanced,10,4,3,1,82,inf
RL_Enhanced,10,4,3,1,83,inf
RL_Enhanced,10,4,3,1,84,inf
RL_Enhanced,10,4,3,1,85,inf
RL_Enhanced,10,4,3,1,86,inf
RL_Enhanced,10,4,3,1,87,inf
RL_Enhanced,10,4,3,1,88,inf
RL_Enhanced,10,4,3,1,89,inf
RL_Enhanced,10,4,3,1,90,inf
RL_Enhanced,10,4,3,1,91,inf
RL_Enhanced,10,4,3,1,92,inf
RL_Enhanced,10,4,3,1,93,inf
RL_Enhanced,10,4,3,1,94,inf
RL_Enhanced,10,4,3,1,95,inf
RL_Enhanced,10,4,3,1,96,inf
RL_Enhanced,10,4,3,1,97,inf
RL_Enhanced,10,4,3,1,98,inf
RL_Enhanced,10,4,3,1,99,inf
RL_Enhanced,10,4,3,1,100,inf
Random,10,4,3,2,1,inf
Random,10,4,3,2,2,inf
Random,10,4,3,2,3,inf
Random,10,4,3,2,4,inf
Random,10,4,3,2,5,inf
Random,10,4,3,2,6,inf
Random,10,4,3,2,7,inf
Random,10,4,3,2,8,inf
Random,10,4,3,2,9,inf
Random,10,4,3,2,10,inf
Random,10,4,3,2,11,inf
Random,10,4,3,2,12,inf
Random,10,4,3,2,13,inf
Random,10,4,3,2,14,inf
Random,10,4,3,2,15,inf
Random,10,4,3,2,16,inf
Random,10,4,3,2,17,inf
Random,10,4,3,2,18,inf
Random,10,4,3,2,19,inf
Random,10,4,3,2,20,inf
Random,10,4,3,2,21,inf
Random,10,4,3,2,22,inf
Random,10,4,3,2,23,inf
Random,10,4,3,2,24,inf
Random,10,4,3,2,25,inf
Random,10,4,3,2,26,inf
Random,10,4,3,2,27,inf
Random,10,4,3,2,28,inf
Random,10,4,3,2,29,inf
Random,10,4,3,2,30,inf
Random,10,4,3,2,31,inf
Random,10,4,3,2,32,inf
Random,10,4,3,2,33,inf
Random,10,4,3,2,34,inf
Random,10,4,3,2,35,inf
Random,10,4,3,2,36,inf
Random,10,4,3,2,37,inf
Random,10,4,3,2,38,inf
Random,10,4,3,2,39,inf
Random,10,4,3,2,40,inf
Random,10,4,3,2,41,inf
Random,10,4,3,2,42,inf
Random,10,4,3,2,43,inf
Random,10,4,3,2,44,inf
Random,10,4,3,2,45,inf
Random,10,4,3,2,46,inf
Random,10,4,3,2,47,inf
Random,10,4,3,2,48,inf
Random,10,4,3,2,49,inf
Random,10,4,3,2,50,inf
Random,10,4,3,2,51,inf
Random,10,4,3,2,52,inf
Random,10,4,3,2,53,inf
Random,10,4,3,2,54,inf
Random,10,4,3,2,55,inf
Random,10,4,3,2,56,inf
Random,10,4,3,2,57,inf
Random,10,4,3,2,58,inf
Random,10,4,3,2,59,inf
Random,10,4,3,2,60,inf
Random,10,4,3,2,61,inf
Random,10,4,3,2,62,inf
Random,10,4,3,2,63,inf
Random,10,4,3,2,64,inf
Random,10,4,3,2,65,inf
Random,10,4,3,2,66,inf
Random,10,4,3,2,67,inf
Random,10,4,3,2,68,inf
Random,10,4,3,2,69,inf
Random,10,4,3,2,70,inf
Random,10,4,3,2,71,inf
Random,10,4,3,2,72,inf
Random,10,4,3,2,73,inf
Random,10,4,3,2,74,inf
Random,10,4,3,2,75,inf
Random,10,4,3,2,76,inf
Random,10,4,3,2,77,inf
Random,10,4,3,2,78,inf
Random,10,4,3,2,79,inf
Random,10,4,3,2,80,inf
Random,10,4,3,2,81,inf
Random,10,4,3,2,82,inf
Random,10,4,3,2,83,inf
Random,10,4,3,2,84,inf
Random,10,4,3,2,85,inf
Random,10,4,3,2,86,inf
Random,10,4,3,2,87,inf
Random,10,4,3,2,88,inf
Random,10,4,3,2,89,inf
Random,10,4,3,2,90,inf
Random,10,4,3,2,91,inf
Random,10,4,3,2,92,inf
Random,10,4,3,2,93,inf
Random,10,4,3,2,94,inf
Random,10,4,3,2,95,inf
Random,10,4,3,2,96,inf
Random,10,4,3,2,97,inf
Random,10,4,3,2,98,inf
Random,10,4,3,2,99,inf
Random,10,4,3,2,100,inf
qLogEI,10,4,3,2,1,inf
qLogEI,10,4,3,2,2,inf
qLogEI,10,4,3,2,3,inf
qLogEI,10,4,3,2,4,inf
qLogEI,10,4,3,2,5,inf
qLogEI,10,4,3,2,6,inf
qLogEI,10,4,3,2,7,inf
qLogEI,10,4,3,2,8,inf
qLogEI,10,4,3,2,9,inf
qLogEI,10,4,3,2,10,inf
qLogEI,10,4,3,2,11,inf
qLogEI,10,4,3,2,12,inf
qLogEI,10,4,3,2,13,inf
qLogEI,10,4,3,2,14,inf
qLogEI,10,4,3,2,15,inf
qLogEI,10,4,3,2,16,inf
qLogEI,10,4,3,2,17,inf
qLogEI,10,4,3,2,18,inf
qLogEI,10,4,3,2,19,inf
qLogEI,10,4,3,2,20,inf
qLogEI,10,4,3,2,21,inf
qLogEI,10,4,3,2,22,inf
qLogEI,10,4,3,2,23,inf
qLogEI,10,4,3,2,24,inf
qLogEI,10,4,3,2,25,inf
qLogEI,10,4,3,2,26,inf
qLogEI,10,4,3,2,27,inf
qLogEI,10,4,3,2,28,inf
qLogEI,10,4,3,2,29,inf
qLogEI,10,4,3,2,30,inf
qLogEI,10,4,3,2,31,inf
qLogEI,10,4,3,2,32,inf
qLogEI,10,4,3,2,33,inf
qLogEI,10,4,3,2,34,inf
qLogEI,10,4,3,2,35,inf
qLogEI,10,4,3,2,36,inf
qLogEI,10,4,3,2,37,inf
qLogEI,10,4,3,2,38,inf
qLogEI,10,4,3,2,39,inf
qLogEI,10,4,3,2,40,inf
qLogEI,10,4,3,2,41,inf
qLogEI,10,4,3,2,42,inf
qLogEI,10,4,3,2,43,inf
qLogEI,10,4,3,2,44,inf
qLogEI,10,4,3,2,45,inf
qLogEI,10,4,3,2,46,inf
qLogEI,10,4,3,2,47,inf
qLogEI,10,4,3,2,48,inf
qLogEI,10,4,3,2,49,inf
qLogEI,10,4,3,2,50,inf
qLogEI,10,4,3,2,51,inf
qLogEI,10,4,3,2,52,inf
qLogEI,10,4,3,2,53,inf
qLogEI,10,4,3,2,54,inf
qLogEI,10,4,3,2,55,inf
qLogEI,10,4,3,2,56,inf
qLogEI,10,4,3,2,57,inf
qLogEI,10,4,3,2,58,inf
qLogEI,10,4,3,2,59,inf
qLogEI,10,4,3,2,60,inf
qLogEI,10,4,3,2,61,inf
qLogEI,10,4,3,2,62,inf
qLogEI,10,4,3,2,63,inf
qLogEI,10,4,3,2,64,inf
qLogEI,10,4,3,2,65,inf
qLogEI,10,4,3,2,66,inf
qLogEI,10,4,3,2,67,inf
qLogEI,10,4,3,2,68,inf
qLogEI,10,4,3,2,69,inf
qLogEI,10,4,3,2,70,inf
qLogEI,10,4,3,2,71,inf
qLogEI,10,4,3,2,72,inf
qLogEI,10,4,3,2,73,inf
qLogEI,10,4,3,2,74,inf
qLogEI,10,4,3,2,75,inf
qLogEI,10,4,3,2,76,inf
qLogEI,10,4,3,2,77,inf
qLogEI,10,4,3,2,78,inf
qLogEI,10,4,3,2,79,inf
qLogEI,10,4,3,2,80,inf
qLogEI,10,4,3,2,81,inf
qLogEI,10,4,3,2,82,inf
qLogEI,10,4,3,2,83,inf
qLogEI,10,4,3,2,84,inf
qLogEI,10,4,3,2,85,inf
qLogEI,10,4,3,2,86,inf
qLogEI,10,4,3,2,87,inf
qLogEI,10,4,3,2,88,inf
qLogEI,10,4,3,2,89,inf
qLogEI,10,4,3,2,90,inf
qLogEI,10,4,3,2,91,inf
qLogEI,10,4,3,2,92,inf
qLogEI,10,4,3,2,93,inf
qLogEI,10,4,3,2,94,inf
qLogEI,10,4,3,2,95,inf
qLogEI,10,4,3,2,96,inf
qLogEI,10,4,3,2,97,inf
qLogEI,10,4,3,2,98,inf
qLogEI,10,4,3,2,99,inf
qLogEI,10,4,3,2,100,inf
RL_Enhanced,10,4,3,2,1,inf
RL_Enhanced,10,4,3,2,2,inf
RL_Enhanced,10,4,3,2,3,inf
RL_Enhanced,10,4,3,2,4,inf
RL_Enhanced,10,4,3,2,5,inf
RL_Enhanced,10,4,3,2,6,inf
RL_Enhanced,10,4,3,2,7,inf
RL_Enhanced,10,4,3,2,8,inf
RL_Enhanced,10,4,3,2,9,inf
RL_Enhanced,10,4,3,2,10,inf
RL_Enhanced,10,4,3,2,11,inf
RL_Enhanced,10,4,3,2,12,inf
RL_Enhanced,10,4,3,2,13,inf
RL_Enhanced,10,4,3,2,14,inf
RL_Enhanced,10,4,3,2,15,inf
RL_Enhanced,10,4,3,2,16,inf
RL_Enhanced,10,4,3,2,17,inf
RL_Enhanced,10,4,3,2,18,inf
RL_Enhanced,10,4,3,2,19,inf
RL_Enhanced,10,4,3,2,20,inf
RL_Enhanced,10,4,3,2,21,inf
RL_Enhanced,10,4,3,2,22,inf
RL_Enhanced,10,4,3,2,23,inf
RL_Enhanced,10,4,3,2,24,inf
RL_Enhanced,10,4,3,2,25,inf
RL_Enhanced,10,4,3,2,26,inf
RL_Enhanced,10,4,3,2,27,inf
RL_Enhanced,10,4,3,2,28,inf
RL_Enhanced,10,4,3,2,29,inf
RL_Enhanced,10,4,3,2,30,inf
RL_Enhanced,10,4,3,2,31,inf
RL_Enhanced,10,4,3,2,32,inf
RL_Enhanced,10,4,3,2,33,inf
RL_Enhanced,10,4,3,2,34,inf
RL_Enhanced,10,4,3,2,35,inf
RL_Enhanced,10,4,3,2,36,inf
RL_Enhanced,10,4,3,2,37,inf
RL_Enhanced,10,4,3,2,38,inf
RL_Enhanced,10,4,3,2,39,inf
RL_Enhanced,10,4,3,2,40,inf
RL_Enhanced,10,4,3,2,41,inf
RL_Enhanced,10,4,3,2,42,inf
RL_Enhanced,10,4,3,2,43,inf
RL_Enhanced,10,4,3,2,44,inf
RL_Enhanced,10,4,3,2,45,inf
RL_Enhanced,10,4,3,2,46,inf
RL_Enhanced,10,4,3,2,47,inf
RL_Enhanced,10,4,3,2,48,inf
RL_Enhanced,10,4,3,2,49,inf
RL_Enhanced,10,4,3,2,50,inf
RL_Enhanced,10,4,3,2,51,inf
RL_Enhanced,10,4,3,2,52,inf
RL_Enhanced,10,4,3,2,53,inf
RL_Enhanced,10,4,3,2,54,inf
RL_Enhanced,10,4,3,2,55,inf
RL_Enhanced,10,4,3,2,56,inf
RL_Enhanced,10,4,3,2,57,inf
RL_Enhanced,10,4,3,2,58,inf
RL_Enhanced,10,4,3,2,59,inf
RL_Enhanced,10,4,3,2,60,inf
RL_Enhanced,10,4,3,2,61,inf
RL_Enhanced,10,4,3,2,62,inf
RL_Enhanced,10,4,3,2,63,inf
RL_Enhanced,10,4,3,2,64,inf
RL_Enhanced,10,4,3,2,65,inf
RL_Enhanced,10,4,3,2,66,inf
RL_Enhanced,10,4,3,2,67,inf
RL_Enhanced,10,4,3,2,68,inf
RL_Enhanced,10,4,3,2,69,inf
RL_Enhanced,10,4,3,2,70,inf
RL_Enhanced,10,4,3,2,71,inf
RL_Enhanced,10,4,3,2,72,inf
RL_Enhanced,10,4,3,2,73,inf
RL_Enhanced,10,4,3,2,74,inf
RL_Enhanced,10,4,3,2,75,inf
RL_Enhanced,10,4,3,2,76,inf
RL_Enhanced,10,4,3,2,77,inf
RL_Enhanced,10,4,3,2,78,inf
RL_Enhanced,10,4,3,2,79,inf
RL_Enhanced,10,4,3,2,80,inf
RL_Enhanced,10,4,3,2,81,inf
RL_Enhanced,10,4,3,2,82,inf
RL_Enhanced,10,4,3,2,83,inf
RL_Enhanced,10,4,3,2,84,inf
RL_Enhanced,10,4,3,2,85,inf
RL_Enhanced,10,4,3,2,86,inf
RL_Enhanced,10,4,3,2,87,inf
RL_Enhanced,10,4,3,2,88,inf
RL_Enhanced,10,4,3,2,89,inf
RL_Enhanced,10,4,3,2,90,inf
RL_Enhanced,10,4,3,2,91,inf
RL_Enhanced,10,4,3,2,92,inf
RL_Enhanced,10,4,3,2,93,inf
RL_Enhanced,10,4,3,2,94,inf
RL_Enhanced,10,4,3,2,95,inf
RL_Enhanced,10,4,3,2,96,inf
RL_Enhanced,10,4,3,2,97,inf
RL_Enhanced,10,4,3,2,98,inf
RL_Enhanced,10,4,3,2,99,inf
RL_Enhanced,10,4,3,2,100,inf
Random,10,4,3,3,1,inf
Random,10,4,3,3,2,inf
Random,10,4,3,3,3,inf
Random,10,4,3,3,4,inf
Random,10,4,3,3,5,inf
Random,10,4,3,3,6,inf
Random,10,4,3,3,7,inf
Random,10,4,3,3,8,inf
Random,10,4,3,3,9,inf
Random,10,4,3,3,10,inf
Random,10,4,3,3,11,inf
Random,10,4,3,3,12,inf
Random,10,4,3,3,13,inf
Random,10,4,3,3,14,inf
Random,10,4,3,3,15,inf
Random,10,4,3,3,16,inf
Random,10,4,3,3,17,inf
Random,10,4,3,3,18,inf
Random,10,4,3,3,19,inf
Random,10,4,3,3,20,inf
Random,10,4,3,3,21,inf
Random,10,4,3,3,22,inf
Random,10,4,3,3,23,inf
Random,10,4,3,3,24,inf
Random,10,4,3,3,25,inf
Random,10,4,3,3,26,inf
Random,10,4,3,3,27,inf
Random,10,4,3,3,28,inf
Random,10,4,3,3,29,inf
Random,10,4,3,3,30,inf
Random,10,4,3,3,31,inf
Random,10,4,3,3,32,inf
Random,10,4,3,3,33,inf
Random,10,4,3,3,34,inf
Random,10,4,3,3,35,inf
Random,10,4,3,3,36,inf
Random,10,4,3,3,37,inf
Random,10,4,3,3,38,inf
Random,10,4,3,3,39,inf
Random,10,4,3,3,40,inf
Random,10,4,3,3,41,inf
Random,10,4,3,3,42,inf
Random,10,4,3,3,43,inf
Random,10,4,3,3,44,inf
Random,10,4,3,3,45,inf
Random,10,4,3,3,46,inf
Random,10,4,3,3,47,inf
Random,10,4,3,3,48,inf
Random,10,4,3,3,49,inf
Random,10,4,3,3,50,inf
Random,10,4,3,3,51,inf
Random,10,4,3,3,52,inf
Random,10,4,3,3,53,inf
Random,10,4,3,3,54,inf
Random,10,4,3,3,55,inf
Random,10,4,3,3,56,inf
Random,10,4,3,3,57,inf
Random,10,4,3,3,58,inf
Random,10,4,3,3,59,inf
Random,10,4,3,3,60,inf
Random,10,4,3,3,61,inf
Random,10,4,3,3,62,inf
Random,10,4,3,3,63,inf
Random,10,4,3,3,64,inf
Random,10,4,3,3,65,inf
Random,10,4,3,3,66,inf
Random,10,4,3,3,67,inf
Random,10,4,3,3,68,inf
Random,10,4,3,3,69,inf
Random,10,4,3,3,70,inf
Random,10,4,3,3,71,inf
Random,10,4,3,3,72,inf
Random,10,4,3,3,73,inf
Random,10,4,3,3,74,inf
Random,10,4,3,3,75,inf
Random,10,4,3,3,76,inf
Random,10,4,3,3,77,inf
Random,10,4,3,3,78,inf
Random,10,4,3,3,79,inf
Random,10,4,3,3,80,inf
Random,10,4,3,3,81,inf
Random,10,4,3,3,82,inf
Random,10,4,3,3,83,inf
Random,10,4,3,3,84,inf
Random,10,4,3,3,85,inf
Random,10,4,3,3,86,inf
Random,10,4,3,3,87,inf
Random,10,4,3,3,88,inf
Random,10,4,3,3,89,inf
Random,10,4,3,3,90,inf
Random,10,4,3,3,91,inf
Random,10,4,3,3,92,inf
Random,10,4,3,3,93,inf
Random,10,4,3,3,94,inf
Random,10,4,3,3,95,inf
Random,10,4,3,3,96,inf
Random,10,4,3,3,97,inf
Random,10,4,3,3,98,inf
Random,10,4,3,3,99,inf
Random,10,4,3,3,100,inf
qLogEI,10,4,3,3,1,inf
qLogEI,10,4,3,3,2,inf
qLogEI,10,4,3,3,3,inf
qLogEI,10,4,3,3,4,inf
qLogEI,10,4,3,3,5,inf
qLogEI,10,4,3,3,6,inf
qLogEI,10,4,3,3,7,inf
qLogEI,10,4,3,3,8,inf
qLogEI,10,4,3,3,9,inf
qLogEI,10,4,3,3,10,inf
qLogEI,10,4,3,3,11,inf
qLogEI,10,4,3,3,12,inf
qLogEI,10,4,3,3,13,inf
qLogEI,10,4,3,3,14,inf
qLogEI,10,4,3,3,15,inf
qLogEI,10,4,3,3,16,inf
qLogEI,10,4,3,3,17,inf
qLogEI,10,4,3,3,18,inf
qLogEI,10,4,3,3,19,inf
qLogEI,10,4,3,3,20,inf
qLogEI,10,4,3,3,21,inf
qLogEI,10,4,3,3,22,inf
qLogEI,10,4,3,3,23,inf
qLogEI,10,4,3,3,24,inf
qLogEI,10,4,3,3,25,inf
qLogEI,10,4,3,3,26,inf
qLogEI,10,4,3,3,27,inf
qLogEI,10,4,3,3,28,inf
qLogEI,10,4,3,3,29,inf
qLogEI,10,4,3,3,30,inf
qLogEI,10,4,3,3,31,inf
qLogEI,10,4,3,3,32,inf
qLogEI,10,4,3,3,33,inf
qLogEI,10,4,3,3,34,inf
qLogEI,10,4,3,3,35,inf
qLogEI,10,4,3,3,36,inf
qLogEI,10,4,3,3,37,inf
qLogEI,10,4,3,3,38,inf
qLogEI,10,4,3,3,39,inf
qLogEI,10,4,3,3,40,inf
qLogEI,10,4,3,3,41,inf
qLogEI,10,4,3,3,42,inf
qLogEI,10,4,3,3,43,inf
qLogEI,10,4,3,3,44,inf
qLogEI,10,4,3,3,45,inf
qLogEI,10,4,3,3,46,inf
qLogEI,10,4,3,3,47,inf
qLogEI,10,4,3,3,48,inf
qLogEI,10,4,3,3,49,inf
qLogEI,10,4,3,3,50,inf
qLogEI,10,4,3,3,51,inf
qLogEI,10,4,3,3,52,inf
qLogEI,10,4,3,3,53,inf
qLogEI,10,4,3,3,54,inf
qLogEI,10,4,3,3,55,inf
qLogEI,10,4,3,3,56,inf
qLogEI,10,4,3,3,57,inf
qLogEI,10,4,3,3,58,inf
qLogEI,10,4,3,3,59,inf
qLogEI,10,4,3,3,60,inf
qLogEI,10,4,3,3,61,inf
qLogEI,10,4,3,3,62,inf
qLogEI,10,4,3,3,63,inf
qLogEI,10,4,3,3,64,inf
qLogEI,10,4,3,3,65,inf
qLogEI,10,4,3,3,66,inf
qLogEI,10,4,3,3,67,inf
qLogEI,10,4,3,3,68,inf
qLogEI,10,4,3,3,69,inf
qLogEI,10,4,3,3,70,inf
qLogEI,10,4,3,3,71,inf
qLogEI,10,4,3,3,72,inf
qLogEI,10,4,3,3,73,inf
qLogEI,10,4,3,3,74,inf
qLogEI,10,4,3,3,75,inf
qLogEI,10,4,3,3,76,inf
qLogEI,10,4,3,3,77,inf
qLogEI,10,4,3,3,78,inf
qLogEI,10,4,3,3,79,inf
qLogEI,10,4,3,3,80,inf
qLogEI,10,4,3,3,81,inf
qLogEI,10,4,3,3,82,inf
qLogEI,10,4,3,3,83,inf
qLogEI,10,4,3,3,84,inf
qLogEI,10,4,3,3,85,inf
qLogEI,10,4,3,3,86,inf
qLogEI,10,4,3,3,87,inf
qLogEI,10,4,3,3,88,inf
qLogEI,10,4,3,3,89,inf
qLogEI,10,4,3,3,90,inf
qLogEI,10,4,3,3,91,inf
qLogEI,10,4,3,3,92,inf
qLogEI,10,4,3,3,93,inf
qLogEI,10,4,3,3,94,inf
qLogEI,10,4,3,3,95,inf
qLogEI,10,4,3,3,96,inf
qLogEI,10,4,3,3,97,inf
qLogEI,10,4,3,3,98,inf
qLogEI,10,4,3,3,99,inf
qLogEI,10,4,3,3,100,inf
RL_Enhanced,10,4,3,3,1,inf
RL_Enhanced,10,4,3,3,2,inf
RL_Enhanced,10,4,3,3,3,inf
RL_Enhanced,10,4,3,3,4,inf
RL_Enhanced,10,4,3,3,5,inf
RL_Enhanced,10,4,3,3,6,inf
RL_Enhanced,10,4,3,3,7,inf
RL_Enhanced,10,4,3,3,8,inf
RL_Enhanced,10,4,3,3,9,inf
RL_Enhanced,10,4,3,3,10,inf
RL_Enhanced,10,4,3,3,11,inf
RL_Enhanced,10,4,3,3,12,inf
RL_Enhanced,10,4,3,3,13,inf
RL_Enhanced,10,4,3,3,14,inf
RL_Enhanced,10,4,3,3,15,inf
RL_Enhanced,10,4,3,3,16,inf
RL_Enhanced,10,4,3,3,17,inf
RL_Enhanced,10,4,3,3,18,inf
RL_Enhanced,10,4,3,3,19,inf
RL_Enhanced,10,4,3,3,20,inf
RL_Enhanced,10,4,3,3,21,inf
RL_Enhanced,10,4,3,3,22,inf
RL_Enhanced,10,4,3,3,23,inf
RL_Enhanced,10,4,3,3,24,inf
RL_Enhanced,10,4,3,3,25,inf
RL_Enhanced,10,4,3,3,26,inf
RL_Enhanced,10,4,3,3,27,inf
RL_Enhanced,10,4,3,3,28,inf
RL_Enhanced,10,4,3,3,29,inf
RL_Enhanced,10,4,3,3,30,inf
RL_Enhanced,10,4,3,3,31,inf
RL_Enhanced,10,4,3,3,32,inf
RL_Enhanced,10,4,3,3,33,inf
RL_Enhanced,10,4,3,3,34,inf
RL_Enhanced,10,4,3,3,35,inf
RL_Enhanced,10,4,3,3,36,inf
RL_Enhanced,10,4,3,3,37,inf
RL_Enhanced,10,4,3,3,38,inf
RL_Enhanced,10,4,3,3,39,inf
RL_Enhanced,10,4,3,3,40,inf
RL_Enhanced,10,4,3,3,41,inf
RL_Enhanced,10,4,3,3,42,inf
RL_Enhanced,10,4,3,3,43,inf
RL_Enhanced,10,4,3,3,44,inf
RL_Enhanced,10,4,3,3,45,inf
RL_Enhanced,10,4,3,3,46,inf
RL_Enhanced,10,4,3,3,47,inf
RL_Enhanced,10,4,3,3,48,inf
RL_Enhanced,10,4,3,3,49,inf
RL_Enhanced,10,4,3,3,50,inf
RL_Enhanced,10,4,3,3,51,inf
RL_Enhanced,10,4,3,3,52,inf
RL_Enhanced,10,4,3,3,53,inf
RL_Enhanced,10,4,3,3,54,inf
RL_Enhanced,10,4,3,3,55,inf
RL_Enhanced,10,4,3,3,56,inf
RL_Enhanced,10,4,3,3,57,inf
RL_Enhanced,10,4,3,3,58,inf
RL_Enhanced,10,4,3,3,59,inf
RL_Enhanced,10,4,3,3,60,inf
RL_Enhanced,10,4,3,3,61,inf
RL_Enhanced,10,4,3,3,62,inf
RL_Enhanced,10,4,3,3,63,inf
RL_Enhanced,10,4,3,3,64,inf
RL_Enhanced,10,4,3,3,65,inf
RL_Enhanced,10,4,3,3,66,inf
RL_Enhanced,10,4,3,3,67,inf
RL_Enhanced,10,4,3,3,68,inf
RL_Enhanced,10,4,3,3,69,inf
RL_Enhanced,10,4,3,3,70,inf
RL_Enhanced,10,4,3,3,71,inf
RL_Enhanced,10,4,3,3,72,inf
RL_Enhanced,10,4,3,3,73,inf
RL_Enhanced,10,4,3,3,74,inf
RL_Enhanced,10,4,3,3,75,inf
RL_Enhanced,10,4,3,3,76,inf
RL_Enhanced,10,4,3,3,77,inf
RL_Enhanced,10,4,3,3,78,inf
RL_Enhanced,10,4,3,3,79,inf
RL_Enhanced,10,4,3,3,80,inf
RL_Enhanced,10,4,3,3,81,inf
RL_Enhanced,10,4,3,3,82,inf
RL_Enhanced,10,4,3,3,83,inf
RL_Enhanced,10,4,3,3,84,inf
RL_Enhanced,10,4,3,3,85,inf
RL_Enhanced,10,4,3,3,86,inf
RL_Enhanced,10,4,3,3,87,inf
RL_Enhanced,10,4,3,3,88,inf
RL_Enhanced,10,4,3,3,89,inf
RL_Enhanced,10,4,3,3,90,inf
RL_Enhanced,10,4,3,3,91,inf
RL_Enhanced,10,4,3,3,92,inf
RL_Enhanced,10,4,3,3,93,inf
RL_Enhanced,10,4,3,3,94,inf
RL_Enhanced,10,4,3,3,95,inf
RL_Enhanced,10,4,3,3,96,inf
RL_Enhanced,10,4,3,3,97,inf
RL_Enhanced,10,4,3,3,98,inf
RL_Enhanced,10,4,3,3,99,inf
RL_Enhanced,10,4,3,3,100,inf
Random,10,4,3,4,1,inf
Random,10,4,3,4,2,inf
Random,10,4,3,4,3,inf
Random,10,4,3,4,4,inf
Random,10,4,3,4,5,inf
Random,10,4,3,4,6,inf
Random,10,4,3,4,7,inf
Random,10,4,3,4,8,inf
Random,10,4,3,4,9,inf
Random,10,4,3,4,10,inf
Random,10,4,3,4,11,inf
Random,10,4,3,4,12,inf
Random,10,4,3,4,13,inf
Random,10,4,3,4,14,inf
Random,10,4,3,4,15,inf
Random,10,4,3,4,16,inf
Random,10,4,3,4,17,inf
Random,10,4,3,4,18,inf
Random,10,4,3,4,19,inf
Random,10,4,3,4,20,inf
Random,10,4,3,4,21,inf
Random,10,4,3,4,22,inf
Random,10,4,3,4,23,inf
Random,10,4,3,4,24,inf
Random,10,4,3,4,25,inf
Random,10,4,3,4,26,inf
Random,10,4,3,4,27,inf
Random,10,4,3,4,28,inf
Random,10,4,3,4,29,inf
Random,10,4,3,4,30,inf
Random,10,4,3,4,31,inf
Random,10,4,3,4,32,inf
Random,10,4,3,4,33,inf
Random,10,4,3,4,34,inf
Random,10,4,3,4,35,inf
Random,10,4,3,4,36,inf
Random,10,4,3,4,37,inf
Random,10,4,3,4,38,inf
Random,10,4,3,4,39,inf
Random,10,4,3,4,40,inf
Random,10,4,3,4,41,inf
Random,10,4,3,4,42,inf
Random,10,4,3,4,43,inf
Random,10,4,3,4,44,inf
Random,10,4,3,4,45,inf
Random,10,4,3,4,46,inf
Random,10,4,3,4,47,inf
Random,10,4,3,4,48,inf
Random,10,4,3,4,49,inf
Random,10,4,3,4,50,inf
Random,10,4,3,4,51,inf
Random,10,4,3,4,52,inf
Random,10,4,3,4,53,inf
Random,10,4,3,4,54,inf
Random,10,4,3,4,55,inf
Random,10,4,3,4,56,inf
Random,10,4,3,4,57,inf
Random,10,4,3,4,58,inf
Random,10,4,3,4,59,inf
Random,10,4,3,4,60,inf
Random,10,4,3,4,61,inf
Random,10,4,3,4,62,inf
Random,10,4,3,4,63,inf
Random,10,4,3,4,64,inf
Random,10,4,3,4,65,inf
Random,10,4,3,4,66,inf
Random,10,4,3,4,67,inf
Random,10,4,3,4,68,inf
Random,10,4,3,4,69,inf
Random,10,4,3,4,70,inf
Random,10,4,3,4,71,inf
Random,10,4,3,4,72,inf
Random,10,4,3,4,73,inf
Random,10,4,3,4,74,inf
Random,10,4,3,4,75,inf
Random,10,4,3,4,76,inf
Random,10,4,3,4,77,inf
Random,10,4,3,4,78,inf
Random,10,4,3,4,79,inf
Random,10,4,3,4,80,inf
Random,10,4,3,4,81,inf
Random,10,4,3,4,82,inf
Random,10,4,3,4,83,inf
Random,10,4,3,4,84,inf
Random,10,4,3,4,85,inf
Random,10,4,3,4,86,inf
Random,10,4,3,4,87,inf
Random,10,4,3,4,88,inf
Random,10,4,3,4,89,inf
Random,10,4,3,4,90,inf
Random,10,4,3,4,91,inf
Random,10,4,3,4,92,inf
Random,10,4,3,4,93,inf
Random,10,4,3,4,94,inf
Random,10,4,3,4,95,inf
Random,10,4,3,4,96,inf
Random,10,4,3,4,97,inf
Random,10,4,3,4,98,inf
Random,10,4,3,4,99,inf
Random,10,4,3,4,100,inf
qLogEI,10,4,3,4,1,inf
qLogEI,10,4,3,4,2,inf
qLogEI,10,4,3,4,3,inf
qLogEI,10,4,3,4,4,inf
qLogEI,10,4,3,4,5,inf
qLogEI,10,4,3,4,6,inf
qLogEI,10,4,3,4,7,inf
qLogEI,10,4,3,4,8,inf
qLogEI,10,4,3,4,9,inf
qLogEI,10,4,3,4,10,inf
qLogEI,10,4,3,4,11,inf
qLogEI,10,4,3,4,12,inf
qLogEI,10,4,3,4,13,inf
qLogEI,10,4,3,4,14,inf
qLogEI,10,4,3,4,15,inf
qLogEI,10,4,3,4,16,inf
qLogEI,10,4,3,4,17,inf
qLogEI,10,4,3,4,18,inf
qLogEI,10,4,3,4,19,inf
qLogEI,10,4,3,4,20,inf
qLogEI,10,4,3,4,21,inf
qLogEI,10,4,3,4,22,inf
qLogEI,10,4,3,4,23,inf
qLogEI,10,4,3,4,24,inf
qLogEI,10,4,3,4,25,inf
qLogEI,10,4,3,4,26,inf
qLogEI,10,4,3,4,27,inf
qLogEI,10,4,3,4,28,inf
qLogEI,10,4,3,4,29,inf
qLogEI,10,4,3,4,30,inf
qLogEI,10,4,3,4,31,inf
qLogEI,10,4,3,4,32,inf
qLogEI,10,4,3,4,33,inf
qLogEI,10,4,3,4,34,inf
qLogEI,10,4,3,4,35,inf
qLogEI,10,4,3,4,36,inf
qLogEI,10,4,3,4,37,inf
qLogEI,10,4,3,4,38,inf
qLogEI,10,4,3,4,39,inf
qLogEI,10,4,3,4,40,inf
qLogEI,10,4,3,4,41,inf
qLogEI,10,4,3,4,42,inf
qLogEI,10,4,3,4,43,inf
qLogEI,10,4,3,4,44,inf
qLogEI,10,4,3,4,45,inf
qLogEI,10,4,3,4,46,inf
qLogEI,10,4,3,4,47,inf
qLogEI,10,4,3,4,48,inf
qLogEI,10,4,3,4,49,inf
qLogEI,10,4,3,4,50,inf
qLogEI,10,4,3,4,51,inf
qLogEI,10,4,3,4,52,inf
qLogEI,10,4,3,4,53,inf
qLogEI,10,4,3,4,54,inf
qLogEI,10,4,3,4,55,inf
qLogEI,10,4,3,4,56,inf
qLogEI,10,4,3,4,57,inf
qLogEI,10,4,3,4,58,inf
qLogEI,10,4,3,4,59,inf
qLogEI,10,4,3,4,60,inf
qLogEI,10,4,3,4,61,inf
qLogEI,10,4,3,4,62,inf
qLogEI,10,4,3,4,63,inf
qLogEI,10,4,3,4,64,inf
qLogEI,10,4,3,4,65,inf
qLogEI,10,4,3,4,66,inf
qLogEI,10,4,3,4,67,inf
qLogEI,10,4,3,4,68,inf
qLogEI,10,4,3,4,69,inf
qLogEI,10,4,3,4,70,inf
qLogEI,10,4,3,4,71,inf
qLogEI,10,4,3,4,72,inf
qLogEI,10,4,3,4,73,inf
qLogEI,10,4,3,4,74,inf
qLogEI,10,4,3,4,75,inf
qLogEI,10,4,3,4,76,inf
qLogEI,10,4,3,4,77,inf
qLogEI,10,4,3,4,78,inf
qLogEI,10,4,3,4,79,inf
qLogEI,10,4,3,4,80,inf
qLogEI,10,4,3,4,81,inf
qLogEI,10,4,3,4,82,inf
qLogEI,10,4,3,4,83,inf
qLogEI,10,4,3,4,84,inf
qLogEI,10,4,3,4,85,inf
qLogEI,10,4,3,4,86,inf
qLogEI,10,4,3,4,87,inf
qLogEI,10,4,3,4,88,inf
qLogEI,10,4,3,4,89,inf
qLogEI,10,4,3,4,90,inf
qLogEI,10,4,3,4,91,inf
qLogEI,10,4,3,4,92,inf
qLogEI,10,4,3,4,93,inf
qLogEI,10,4,3,4,94,inf
qLogEI,10,4,3,4,95,inf
qLogEI,10,4,3,4,96,inf
qLogEI,10,4,3,4,97,inf
qLogEI,10,4,3,4,98,inf
qLogEI,10,4,3,4,99,inf
qLogEI,10,4,3,4,100,inf
RL_Enhanced,10,4,3,4,1,inf
RL_Enhanced,10,4,3,4,2,inf
RL_Enhanced,10,4,3,4,3,inf
RL_Enhanced,10,4,3,4,4,inf
RL_Enhanced,10,4,3,4,5,inf
RL_Enhanced,10,4,3,4,6,inf
RL_Enhanced,10,4,3,4,7,inf
RL_Enhanced,10,4,3,4,8,inf
RL_Enhanced,10,4,3,4,9,inf
RL_Enhanced,10,4,3,4,10,inf
RL_Enhanced,10,4,3,4,11,inf
RL_Enhanced,10,4,3,4,12,inf
RL_Enhanced,10,4,3,4,13,inf
RL_Enhanced,10,4,3,4,14,inf
RL_Enhanced,10,4,3,4,15,inf
RL_Enhanced,10,4,3,4,16,inf
RL_Enhanced,10,4,3,4,17,inf
RL_Enhanced,10,4,3,4,18,inf
RL_Enhanced,10,4,3,4,19,inf
RL_Enhanced,10,4,3,4,20,inf
RL_Enhanced,10,4,3,4,21,inf
RL_Enhanced,10,4,3,4,22,inf
RL_Enhanced,10,4,3,4,23,inf
RL_Enhanced,10,4,3,4,24,inf
RL_Enhanced,10,4,3,4,25,inf
RL_Enhanced,10,4,3,4,26,inf
RL_Enhanced,10,4,3,4,27,inf
RL_Enhanced,10,4,3,4,28,inf
RL_Enhanced,10,4,3,4,29,inf
RL_Enhanced,10,4,3,4,30,inf
RL_Enhanced,10,4,3,4,31,inf
RL_Enhanced,10,4,3,4,32,inf
RL_Enhanced,10,4,3,4,33,inf
RL_Enhanced,10,4,3,4,34,inf
RL_Enhanced,10,4,3,4,35,inf
RL_Enhanced,10,4,3,4,36,inf
RL_Enhanced,10,4,3,4,37,inf
RL_Enhanced,10,4,3,4,38,inf
RL_Enhanced,10,4,3,4,39,inf
RL_Enhanced,10,4,3,4,40,inf
RL_Enhanced,10,4,3,4,41,inf
RL_Enhanced,10,4,3,4,42,inf
RL_Enhanced,10,4,3,4,43,inf
RL_Enhanced,10,4,3,4,44,inf
RL_Enhanced,10,4,3,4,45,inf
RL_Enhanced,10,4,3,4,46,inf
RL_Enhanced,10,4,3,4,47,inf
RL_Enhanced,10,4,3,4,48,inf
RL_Enhanced,10,4,3,4,49,inf
RL_Enhanced,10,4,3,4,50,inf
RL_Enhanced,10,4,3,4,51,inf
RL_Enhanced,10,4,3,4,52,inf
RL_Enhanced,10,4,3,4,53,inf
RL_Enhanced,10,4,3,4,54,inf
RL_Enhanced,10,4,3,4,55,inf
RL_Enhanced,10,4,3,4,56,inf
RL_Enhanced,10,4,3,4,57,inf
RL_Enhanced,10,4,3,4,58,inf
RL_Enhanced,10,4,3,4,59,inf
RL_Enhanced,10,4,3,4,60,inf
RL_Enhanced,10,4,3,4,61,inf
RL_Enhanced,10,4,3,4,62,inf
RL_Enhanced,10,4,3,4,63,inf
RL_Enhanced,10,4,3,4,64,inf
RL_Enhanced,10,4,3,4,65,inf
RL_Enhanced,10,4,3,4,66,inf
RL_Enhanced,10,4,3,4,67,inf
RL_Enhanced,10,4,3,4,68,inf
RL_Enhanced,10,4,3,4,69,inf
RL_Enhanced,10,4,3,4,70,inf
RL_Enhanced,10,4,3,4,71,inf
RL_Enhanced,10,4,3,4,72,inf
RL_Enhanced,10,4,3,4,73,inf
RL_Enhanced,10,4,3,4,74,inf
RL_Enhanced,10,4,3,4,75,inf
RL_Enhanced,10,4,3,4,76,inf
RL_Enhanced,10,4,3,4,77,inf
RL_Enhanced,10,4,3,4,78,inf
RL_Enhanced,10,4,3,4,79,inf
RL_Enhanced,10,4,3,4,80,inf
RL_Enhanced,10,4,3,4,81,inf
RL_Enhanced,10,4,3,4,82,inf
RL_Enhanced,10,4,3,4,83,inf
RL_Enhanced,10,4,3,4,84,inf
RL_Enhanced,10,4,3,4,85,inf
RL_Enhanced,10,4,3,4,86,inf
RL_Enhanced,10,4,3,4,87,inf
RL_Enhanced,10,4,3,4,88,inf
RL_Enhanced,10,4,3,4,89,inf
RL_Enhanced,10,4,3,4,90,inf
RL_Enhanced,10,4,3,4,91,inf
RL_Enhanced,10,4,3,4,92,inf
RL_Enhanced,10,4,3,4,93,inf
RL_Enhanced,10,4,3,4,94,inf
RL_Enhanced,10,4,3,4,95,inf
RL_Enhanced,10,4,3,4,96,inf
RL_Enhanced,10,4,3,4,97,inf
RL_Enhanced,10,4,3,4,98,inf
RL_Enhanced,10,4,3,4,99,inf
RL_Enhanced,10,4,3,4,100,inf
Random,10,6,1,0,1,inf
Random,10,6,1,0,2,inf
Random,10,6,1,0,3,inf
Random,10,6,1,0,4,inf
Random,10,6,1,0,5,inf
Random,10,6,1,0,6,inf
Random,10,6,1,0,7,inf
Random,10,6,1,0,8,inf
Random,10,6,1,0,9,inf
Random,10,6,1,0,10,inf
Random,10,6,1,0,11,inf
Random,10,6,1,0,12,inf
Random,10,6,1,0,13,inf
Random,10,6,1,0,14,inf
Random,10,6,1,0,15,inf
Random,10,6,1,0,16,inf
Random,10,6,1,0,17,inf
Random,10,6,1,0,18,inf
Random,10,6,1,0,19,inf
Random,10,6,1,0,20,inf
Random,10,6,1,0,21,inf
Random,10,6,1,0,22,inf
Random,10,6,1,0,23,inf
Random,10,6,1,0,24,inf
Random,10,6,1,0,25,inf
Random,10,6,1,0,26,inf
Random,10,6,1,0,27,inf
Random,10,6,1,0,28,inf
Random,10,6,1,0,29,inf
Random,10,6,1,0,30,inf
Random,10,6,1,0,31,inf
Random,10,6,1,0,32,inf
Random,10,6,1,0,33,inf
Random,10,6,1,0,34,inf
Random,10,6,1,0,35,inf
Random,10,6,1,0,36,inf
Random,10,6,1,0,37,inf
Random,10,6,1,0,38,inf
Random,10,6,1,0,39,inf
Random,10,6,1,0,40,inf
Random,10,6,1,0,41,inf
Random,10,6,1,0,42,inf
Random,10,6,1,0,43,inf
Random,10,6,1,0,44,inf
Random,10,6,1,0,45,inf
Random,10,6,1,0,46,inf
Random,10,6,1,0,47,inf
Random,10,6,1,0,48,inf
Random,10,6,1,0,49,inf
Random,10,6,1,0,50,inf
Random,10,6,1,0,51,inf
Random,10,6,1,0,52,inf
Random,10,6,1,0,53,inf
Random,10,6,1,0,54,inf
Random,10,6,1,0,55,inf
Random,10,6,1,0,56,inf
Random,10,6,1,0,57,inf
Random,10,6,1,0,58,inf
Random,10,6,1,0,59,inf
Random,10,6,1,0,60,inf
Random,10,6,1,0,61,inf
Random,10,6,1,0,62,inf
Random,10,6,1,0,63,inf
Random,10,6,1,0,64,inf
Random,10,6,1,0,65,inf
Random,10,6,1,0,66,inf
Random,10,6,1,0,67,inf
Random,10,6,1,0,68,inf
Random,10,6,1,0,69,inf
Random,10,6,1,0,70,inf
Random,10,6,1,0,71,inf
Random,10,6,1,0,72,inf
Random,10,6,1,0,73,inf
Random,10,6,1,0,74,inf
Random,10,6,1,0,75,inf
Random,10,6,1,0,76,inf
Random,10,6,1,0,77,inf
Random,10,6,1,0,78,inf
Random,10,6,1,0,79,inf
Random,10,6,1,0,80,inf
Random,10,6,1,0,81,inf
Random,10,6,1,0,82,inf
Random,10,6,1,0,83,inf
Random,10,6,1,0,84,inf
Random,10,6,1,0,85,inf
Random,10,6,1,0,86,inf
Random,10,6,1,0,87,inf
Random,10,6,1,0,88,inf
Random,10,6,1,0,89,inf
Random,10,6,1,0,90,inf
Random,10,6,1,0,91,inf
Random,10,6,1,0,92,inf
Random,10,6,1,0,93,inf
Random,10,6,1,0,94,inf
Random,10,6,1,0,95,inf
Random,10,6,1,0,96,inf
Random,10,6,1,0,97,inf
Random,10,6,1,0,98,inf
Random,10,6,1,0,99,inf
Random,10,6,1,0,100,inf
qLogEI,10,6,1,0,1,inf
qLogEI,10,6,1,0,2,inf
qLogEI,10,6,1,0,3,inf
qLogEI,10,6,1,0,4,inf
qLogEI,10,6,1,0,5,inf
qLogEI,10,6,1,0,6,inf
qLogEI,10,6,1,0,7,inf
qLogEI,10,6,1,0,8,inf
qLogEI,10,6,1,0,9,inf
qLogEI,10,6,1,0,10,inf
qLogEI,10,6,1,0,11,inf
qLogEI,10,6,1,0,12,inf
qLogEI,10,6,1,0,13,inf
qLogEI,10,6,1,0,14,inf
qLogEI,10,6,1,0,15,inf
qLogEI,10,6,1,0,16,inf
qLogEI,10,6,1,0,17,inf
qLogEI,10,6,1,0,18,inf
qLogEI,10,6,1,0,19,inf
qLogEI,10,6,1,0,20,inf
qLogEI,10,6,1,0,21,inf
qLogEI,10,6,1,0,22,inf
qLogEI,10,6,1,0,23,inf
qLogEI,10,6,1,0,24,inf
qLogEI,10,6,1,0,25,inf
qLogEI,10,6,1,0,26,inf
qLogEI,10,6,1,0,27,inf
qLogEI,10,6,1,0,28,inf
qLogEI,10,6,1,0,29,inf
qLogEI,10,6,1,0,30,inf
qLogEI,10,6,1,0,31,inf
qLogEI,10,6,1,0,32,inf
qLogEI,10,6,1,0,33,inf
qLogEI,10,6,1,0,34,inf
qLogEI,10,6,1,0,35,inf
qLogEI,10,6,1,0,36,inf
qLogEI,10,6,1,0,37,inf
qLogEI,10,6,1,0,38,inf
qLogEI,10,6,1,0,39,inf
qLogEI,10,6,1,0,40,inf
qLogEI,10,6,1,0,41,inf
qLogEI,10,6,1,0,42,inf
qLogEI,10,6,1,0,43,inf
qLogEI,10,6,1,0,44,inf
qLogEI,10,6,1,0,45,inf
qLogEI,10,6,1,0,46,inf
qLogEI,10,6,1,0,47,inf
qLogEI,10,6,1,0,48,inf
qLogEI,10,6,1,0,49,inf
qLogEI,10,6,1,0,50,inf
qLogEI,10,6,1,0,51,inf
qLogEI,10,6,1,0,52,inf
qLogEI,10,6,1,0,53,inf
qLogEI,10,6,1,0,54,inf
qLogEI,10,6,1,0,55,inf
qLogEI,10,6,1,0,56,inf
qLogEI,10,6,1,0,57,inf
qLogEI,10,6,1,0,58,inf
qLogEI,10,6,1,0,59,inf
qLogEI,10,6,1,0,60,inf
qLogEI,10,6,1,0,61,inf
qLogEI,10,6,1,0,62,inf
qLogEI,10,6,1,0,63,inf
qLogEI,10,6,1,0,64,inf
qLogEI,10,6,1,0,65,inf
qLogEI,10,6,1,0,66,inf
qLogEI,10,6,1,0,67,inf
qLogEI,10,6,1,0,68,inf
qLogEI,10,6,1,0,69,inf
qLogEI,10,6,1,0,70,inf
qLogEI,10,6,1,0,71,inf
qLogEI,10,6,1,0,72,inf
qLogEI,10,6,1,0,73,inf
qLogEI,10,6,1,0,74,inf
qLogEI,10,6,1,0,75,inf
qLogEI,10,6,1,0,76,inf
qLogEI,10,6,1,0,77,inf
qLogEI,10,6,1,0,78,inf
qLogEI,10,6,1,0,79,inf
qLogEI,10,6,1,0,80,inf
qLogEI,10,6,1,0,81,inf
qLogEI,10,6,1,0,82,inf
qLogEI,10,6,1,0,83,inf
qLogEI,10,6,1,0,84,inf
qLogEI,10,6,1,0,85,inf
qLogEI,10,6,1,0,86,inf
qLogEI,10,6,1,0,87,inf
qLogEI,10,6,1,0,88,inf
qLogEI,10,6,1,0,89,inf
qLogEI,10,6,1,0,90,inf
qLogEI,10,6,1,0,91,inf
qLogEI,10,6,1,0,92,inf
qLogEI,10,6,1,0,93,inf
qLogEI,10,6,1,0,94,inf
qLogEI,10,6,1,0,95,inf
qLogEI,10,6,1,0,96,inf
qLogEI,10,6,1,0,97,inf
qLogEI,10,6,1,0,98,inf
qLogEI,10,6,1,0,99,inf
qLogEI,10,6,1,0,100,inf
RL_Enhanced,10,6,1,0,1,inf
RL_Enhanced,10,6,1,0,2,inf
RL_Enhanced,10,6,1,0,3,inf
RL_Enhanced,10,6,1,0,4,inf
RL_Enhanced,10,6,1,0,5,inf
RL_Enhanced,10,6,1,0,6,inf
RL_Enhanced,10,6,1,0,7,inf
RL_Enhanced,10,6,1,0,8,inf
RL_Enhanced,10,6,1,0,9,inf
RL_Enhanced,10,6,1,0,10,inf
RL_Enhanced,10,6,1,0,11,inf
RL_Enhanced,10,6,1,0,12,inf
RL_Enhanced,10,6,1,0,13,inf
RL_Enhanced,10,6,1,0,14,inf
RL_Enhanced,10,6,1,0,15,inf
RL_Enhanced,10,6,1,0,16,inf
RL_Enhanced,10,6,1,0,17,inf
RL_Enhanced,10,6,1,0,18,inf
RL_Enhanced,10,6,1,0,19,inf
RL_Enhanced,10,6,1,0,20,inf
RL_Enhanced,10,6,1,0,21,inf
RL_Enhanced,10,6,1,0,22,inf
RL_Enhanced,10,6,1,0,23,inf
RL_Enhanced,10,6,1,0,24,inf
RL_Enhanced,10,6,1,0,25,inf
RL_Enhanced,10,6,1,0,26,inf
RL_Enhanced,10,6,1,0,27,inf
RL_Enhanced,10,6,1,0,28,inf
RL_Enhanced,10,6,1,0,29,inf
RL_Enhanced,10,6,1,0,30,inf
RL_Enhanced,10,6,1,0,31,inf
RL_Enhanced,10,6,1,0,32,inf
RL_Enhanced,10,6,1,0,33,inf
RL_Enhanced,10,6,1,0,34,inf
RL_Enhanced,10,6,1,0,35,inf
RL_Enhanced,10,6,1,0,36,inf
RL_Enhanced,10,6,1,0,37,inf
RL_Enhanced,10,6,1,0,38,inf
RL_Enhanced,10,6,1,0,39,inf
RL_Enhanced,10,6,1,0,40,inf
RL_Enhanced,10,6,1,0,41,inf
RL_Enhanced,10,6,1,0,42,inf
RL_Enhanced,10,6,1,0,43,inf
RL_Enhanced,10,6,1,0,44,inf
RL_Enhanced,10,6,1,0,45,inf
RL_Enhanced,10,6,1,0,46,inf
RL_Enhanced,10,6,1,0,47,inf
RL_Enhanced,10,6,1,0,48,inf
RL_Enhanced,10,6,1,0,49,inf
RL_Enhanced,10,6,1,0,50,inf
RL_Enhanced,10,6,1,0,51,inf
RL_Enhanced,10,6,1,0,52,inf
RL_Enhanced,10,6,1,0,53,inf
RL_Enhanced,10,6,1,0,54,inf
RL_Enhanced,10,6,1,0,55,inf
RL_Enhanced,10,6,1,0,56,inf
RL_Enhanced,10,6,1,0,57,inf
RL_Enhanced,10,6,1,0,58,inf
RL_Enhanced,10,6,1,0,59,inf
RL_Enhanced,10,6,1,0,60,inf
RL_Enhanced,10,6,1,0,61,inf
RL_Enhanced,10,6,1,0,62,inf
RL_Enhanced,10,6,1,0,63,inf
RL_Enhanced,10,6,1,0,64,inf
RL_Enhanced,10,6,1,0,65,inf
RL_Enhanced,10,6,1,0,66,inf
RL_Enhanced,10,6,1,0,67,inf
RL_Enhanced,10,6,1,0,68,inf
RL_Enhanced,10,6,1,0,69,inf
RL_Enhanced,10,6,1,0,70,inf
RL_Enhanced,10,6,1,0,71,inf
RL_Enhanced,10,6,1,0,72,inf
RL_Enhanced,10,6,1,0,73,inf
RL_Enhanced,10,6,1,0,74,inf
RL_Enhanced,10,6,1,0,75,inf
RL_Enhanced,10,6,1,0,76,inf
RL_Enhanced,10,6,1,0,77,inf
RL_Enhanced,10,6,1,0,78,inf
RL_Enhanced,10,6,1,0,79,inf
RL_Enhanced,10,6,1,0,80,inf
RL_Enhanced,10,6,1,0,81,inf
RL_Enhanced,10,6,1,0,82,inf
RL_Enhanced,10,6,1,0,83,inf
RL_Enhanced,10,6,1,0,84,inf
RL_Enhanced,10,6,1,0,85,inf
RL_Enhanced,10,6,1,0,86,inf
RL_Enhanced,10,6,1,0,87,inf
RL_Enhanced,10,6,1,0,88,inf
RL_Enhanced,10,6,1,0,89,inf
RL_Enhanced,10,6,1,0,90,inf
RL_Enhanced,10,6,1,0,91,inf
RL_Enhanced,10,6,1,0,92,inf
RL_Enhanced,10,6,1,0,93,inf
RL_Enhanced,10,6,1,0,94,inf
RL_Enhanced,10,6,1,0,95,inf
RL_Enhanced,10,6,1,0,96,inf
RL_Enhanced,10,6,1,0,97,inf
RL_Enhanced,10,6,1,0,98,inf
RL_Enhanced,10,6,1,0,99,inf
RL_Enhanced,10,6,1,0,100,inf
Random,10,6,1,1,1,inf
Random,10,6,1,1,2,inf
Random,10,6,1,1,3,inf
Random,10,6,1,1,4,inf
Random,10,6,1,1,5,inf
Random,10,6,1,1,6,inf
Random,10,6,1,1,7,inf
Random,10,6,1,1,8,inf
Random,10,6,1,1,9,inf
Random,10,6,1,1,10,inf
Random,10,6,1,1,11,inf
Random,10,6,1,1,12,inf
Random,10,6,1,1,13,inf
Random,10,6,1,1,14,inf
Random,10,6,1,1,15,inf
Random,10,6,1,1,16,inf
Random,10,6,1,1,17,inf
Random,10,6,1,1,18,inf
Random,10,6,1,1,19,inf
Random,10,6,1,1,20,inf
Random,10,6,1,1,21,inf
Random,10,6,1,1,22,inf
Random,10,6,1,1,23,inf
Random,10,6,1,1,24,inf
Random,10,6,1,1,25,inf
Random,10,6,1,1,26,inf
Random,10,6,1,1,27,inf
Random,10,6,1,1,28,inf
Random,10,6,1,1,29,inf
Random,10,6,1,1,30,inf
Random,10,6,1,1,31,inf
Random,10,6,1,1,32,inf
Random,10,6,1,1,33,inf
Random,10,6,1,1,34,inf
Random,10,6,1,1,35,inf
Random,10,6,1,1,36,inf
Random,10,6,1,1,37,inf
Random,10,6,1,1,38,inf
Random,10,6,1,1,39,inf
Random,10,6,1,1,40,inf
Random,10,6,1,1,41,inf
Random,10,6,1,1,42,inf
Random,10,6,1,1,43,inf
Random,10,6,1,1,44,inf
Random,10,6,1,1,45,inf
Random,10,6,1,1,46,inf
Random,10,6,1,1,47,inf
Random,10,6,1,1,48,inf
Random,10,6,1,1,49,inf
Random,10,6,1,1,50,inf
Random,10,6,1,1,51,inf
Random,10,6,1,1,52,inf
Random,10,6,1,1,53,inf
Random,10,6,1,1,54,inf
Random,10,6,1,1,55,inf
Random,10,6,1,1,56,inf
Random,10,6,1,1,57,inf
Random,10,6,1,1,58,inf
Random,10,6,1,1,59,inf
Random,10,6,1,1,60,inf
Random,10,6,1,1,61,inf
Random,10,6,1,1,62,inf
Random,10,6,1,1,63,inf
Random,10,6,1,1,64,inf
Random,10,6,1,1,65,inf
Random,10,6,1,1,66,inf
Random,10,6,1,1,67,inf
Random,10,6,1,1,68,inf
Random,10,6,1,1,69,inf
Random,10,6,1,1,70,inf
Random,10,6,1,1,71,inf
Random,10,6,1,1,72,inf
Random,10,6,1,1,73,inf
Random,10,6,1,1,74,inf
Random,10,6,1,1,75,inf
Random,10,6,1,1,76,inf
Random,10,6,1,1,77,inf
Random,10,6,1,1,78,inf
Random,10,6,1,1,79,inf
Random,10,6,1,1,80,inf
Random,10,6,1,1,81,inf
Random,10,6,1,1,82,inf
Random,10,6,1,1,83,inf
Random,10,6,1,1,84,inf
Random,10,6,1,1,85,inf
Random,10,6,1,1,86,inf
Random,10,6,1,1,87,inf
Random,10,6,1,1,88,inf
Random,10,6,1,1,89,inf
Random,10,6,1,1,90,inf
Random,10,6,1,1,91,inf
Random,10,6,1,1,92,inf
Random,10,6,1,1,93,inf
Random,10,6,1,1,94,inf
Random,10,6,1,1,95,inf
Random,10,6,1,1,96,inf
Random,10,6,1,1,97,inf
Random,10,6,1,1,98,inf
Random,10,6,1,1,99,inf
Random,10,6,1,1,100,inf
qLogEI,10,6,1,1,1,inf
qLogEI,10,6,1,1,2,inf
qLogEI,10,6,1,1,3,inf
qLogEI,10,6,1,1,4,inf
qLogEI,10,6,1,1,5,inf
qLogEI,10,6,1,1,6,inf
qLogEI,10,6,1,1,7,inf
qLogEI,10,6,1,1,8,inf
qLogEI,10,6,1,1,9,inf
qLogEI,10,6,1,1,10,inf
qLogEI,10,6,1,1,11,inf
qLogEI,10,6,1,1,12,inf
qLogEI,10,6,1,1,13,inf
qLogEI,10,6,1,1,14,inf
qLogEI,10,6,1,1,15,inf
qLogEI,10,6,1,1,16,inf
qLogEI,10,6,1,1,17,inf
qLogEI,10,6,1,1,18,inf
qLogEI,10,6,1,1,19,inf
qLogEI,10,6,1,1,20,inf
qLogEI,10,6,1,1,21,inf
qLogEI,10,6,1,1,22,inf
qLogEI,10,6,1,1,23,inf
qLogEI,10,6,1,1,24,inf
qLogEI,10,6,1,1,25,inf
qLogEI,10,6,1,1,26,inf
qLogEI,10,6,1,1,27,inf
qLogEI,10,6,1,1,28,inf
qLogEI,10,6,1,1,29,inf
qLogEI,10,6,1,1,30,inf
qLogEI,10,6,1,1,31,inf
qLogEI,10,6,1,1,32,inf
qLogEI,10,6,1,1,33,inf
qLogEI,10,6,1,1,34,inf
qLogEI,10,6,1,1,35,inf
qLogEI,10,6,1,1,36,inf
qLogEI,10,6,1,1,37,inf
qLogEI,10,6,1,1,38,inf
qLogEI,10,6,1,1,39,inf
qLogEI,10,6,1,1,40,inf
qLogEI,10,6,1,1,41,inf
qLogEI,10,6,1,1,42,inf
qLogEI,10,6,1,1,43,inf
qLogEI,10,6,1,1,44,inf
qLogEI,10,6,1,1,45,inf
qLogEI,10,6,1,1,46,inf
qLogEI,10,6,1,1,47,inf
qLogEI,10,6,1,1,48,inf
qLogEI,10,6,1,1,49,inf
qLogEI,10,6,1,1,50,inf
qLogEI,10,6,1,1,51,inf
qLogEI,10,6,1,1,52,inf
qLogEI,10,6,1,1,53,inf
qLogEI,10,6,1,1,54,inf
qLogEI,10,6,1,1,55,inf
qLogEI,10,6,1,1,56,inf
qLogEI,10,6,1,1,57,inf
qLogEI,10,6,1,1,58,inf
qLogEI,10,6,1,1,59,inf
qLogEI,10,6,1,1,60,inf
qLogEI,10,6,1,1,61,inf
qLogEI,10,6,1,1,62,inf
qLogEI,10,6,1,1,63,inf
qLogEI,10,6,1,1,64,inf
qLogEI,10,6,1,1,65,inf
qLogEI,10,6,1,1,66,inf
qLogEI,10,6,1,1,67,inf
qLogEI,10,6,1,1,68,inf
qLogEI,10,6,1,1,69,inf
qLogEI,10,6,1,1,70,inf
qLogEI,10,6,1,1,71,inf
qLogEI,10,6,1,1,72,inf
qLogEI,10,6,1,1,73,inf
qLogEI,10,6,1,1,74,inf
qLogEI,10,6,1,1,75,inf
qLogEI,10,6,1,1,76,inf
qLogEI,10,6,1,1,77,inf
qLogEI,10,6,1,1,78,inf
qLogEI,10,6,1,1,79,inf
qLogEI,10,6,1,1,80,inf
qLogEI,10,6,1,1,81,inf
qLogEI,10,6,1,1,82,inf
qLogEI,10,6,1,1,83,inf
qLogEI,10,6,1,1,84,inf
qLogEI,10,6,1,1,85,inf
qLogEI,10,6,1,1,86,inf
qLogEI,10,6,1,1,87,inf
qLogEI,10,6,1,1,88,inf
qLogEI,10,6,1,1,89,inf
qLogEI,10,6,1,1,90,inf
qLogEI,10,6,1,1,91,inf
qLogEI,10,6,1,1,92,inf
qLogEI,10,6,1,1,93,inf
qLogEI,10,6,1,1,94,inf
qLogEI,10,6,1,1,95,inf
qLogEI,10,6,1,1,96,inf
qLogEI,10,6,1,1,97,inf
qLogEI,10,6,1,1,98,inf
qLogEI,10,6,1,1,99,inf
qLogEI,10,6,1,1,100,inf
RL_Enhanced,10,6,1,1,1,inf
RL_Enhanced,10,6,1,1,2,inf
RL_Enhanced,10,6,1,1,3,inf
RL_Enhanced,10,6,1,1,4,inf
RL_Enhanced,10,6,1,1,5,inf
RL_Enhanced,10,6,1,1,6,inf
RL_Enhanced,10,6,1,1,7,inf
RL_Enhanced,10,6,1,1,8,inf
RL_Enhanced,10,6,1,1,9,inf
RL_Enhanced,10,6,1,1,10,inf
RL_Enhanced,10,6,1,1,11,inf
RL_Enhanced,10,6,1,1,12,inf
RL_Enhanced,10,6,1,1,13,inf
RL_Enhanced,10,6,1,1,14,inf
RL_Enhanced,10,6,1,1,15,inf
RL_Enhanced,10,6,1,1,16,inf
RL_Enhanced,10,6,1,1,17,inf
RL_Enhanced,10,6,1,1,18,inf
RL_Enhanced,10,6,1,1,19,inf
RL_Enhanced,10,6,1,1,20,inf
RL_Enhanced,10,6,1,1,21,inf
RL_Enhanced,10,6,1,1,22,inf
RL_Enhanced,10,6,1,1,23,inf
RL_Enhanced,10,6,1,1,24,inf
RL_Enhanced,10,6,1,1,25,inf
RL_Enhanced,10,6,1,1,26,inf
RL_Enhanced,10,6,1,1,27,inf
RL_Enhanced,10,6,1,1,28,inf
RL_Enhanced,10,6,1,1,29,inf
RL_Enhanced,10,6,1,1,30,inf
RL_Enhanced,10,6,1,1,31,inf
RL_Enhanced,10,6,1,1,32,inf
RL_Enhanced,10,6,1,1,33,inf
RL_Enhanced,10,6,1,1,34,inf
RL_Enhanced,10,6,1,1,35,inf
RL_Enhanced,10,6,1,1,36,inf
RL_Enhanced,10,6,1,1,37,inf
RL_Enhanced,10,6,1,1,38,inf
RL_Enhanced,10,6,1,1,39,inf
RL_Enhanced,10,6,1,1,40,inf
RL_Enhanced,10,6,1,1,41,inf
RL_Enhanced,10,6,1,1,42,inf
RL_Enhanced,10,6,1,1,43,inf
RL_Enhanced,10,6,1,1,44,inf
RL_Enhanced,10,6,1,1,45,inf
RL_Enhanced,10,6,1,1,46,inf
RL_Enhanced,10,6,1,1,47,inf
RL_Enhanced,10,6,1,1,48,inf
RL_Enhanced,10,6,1,1,49,inf
RL_Enhanced,10,6,1,1,50,inf
RL_Enhanced,10,6,1,1,51,inf
RL_Enhanced,10,6,1,1,52,inf
RL_Enhanced,10,6,1,1,53,inf
RL_Enhanced,10,6,1,1,54,inf
RL_Enhanced,10,6,1,1,55,inf
RL_Enhanced,10,6,1,1,56,inf
RL_Enhanced,10,6,1,1,57,inf
RL_Enhanced,10,6,1,1,58,inf
RL_Enhanced,10,6,1,1,59,inf
RL_Enhanced,10,6,1,1,60,inf
RL_Enhanced,10,6,1,1,61,inf
RL_Enhanced,10,6,1,1,62,inf
RL_Enhanced,10,6,1,1,63,inf
RL_Enhanced,10,6,1,1,64,inf
RL_Enhanced,10,6,1,1,65,inf
RL_Enhanced,10,6,1,1,66,inf
RL_Enhanced,10,6,1,1,67,inf
RL_Enhanced,10,6,1,1,68,inf
RL_Enhanced,10,6,1,1,69,inf
RL_Enhanced,10,6,1,1,70,inf
RL_Enhanced,10,6,1,1,71,inf
RL_Enhanced,10,6,1,1,72,inf
RL_Enhanced,10,6,1,1,73,inf
RL_Enhanced,10,6,1,1,74,inf
RL_Enhanced,10,6,1,1,75,inf
RL_Enhanced,10,6,1,1,76,inf
RL_Enhanced,10,6,1,1,77,inf
RL_Enhanced,10,6,1,1,78,inf
RL_Enhanced,10,6,1,1,79,inf
RL_Enhanced,10,6,1,1,80,inf
RL_Enhanced,10,6,1,1,81,inf
RL_Enhanced,10,6,1,1,82,inf
RL_Enhanced,10,6,1,1,83,inf
RL_Enhanced,10,6,1,1,84,inf
RL_Enhanced,10,6,1,1,85,inf
RL_Enhanced,10,6,1,1,86,inf
RL_Enhanced,10,6,1,1,87,inf
RL_Enhanced,10,6,1,1,88,inf
RL_Enhanced,10,6,1,1,89,inf
RL_Enhanced,10,6,1,1,90,inf
RL_Enhanced,10,6,1,1,91,inf
RL_Enhanced,10,6,1,1,92,inf
RL_Enhanced,10,6,1,1,93,inf
RL_Enhanced,10,6,1,1,94,inf
RL_Enhanced,10,6,1,1,95,inf
RL_Enhanced,10,6,1,1,96,inf
RL_Enhanced,10,6,1,1,97,inf
RL_Enhanced,10,6,1,1,98,inf
RL_Enhanced,10,6,1,1,99,inf
RL_Enhanced,10,6,1,1,100,inf
Random,10,6,1,2,1,inf
Random,10,6,1,2,2,inf
Random,10,6,1,2,3,inf
Random,10,6,1,2,4,inf
Random,10,6,1,2,5,inf
Random,10,6,1,2,6,inf
Random,10,6,1,2,7,inf
Random,10,6,1,2,8,inf
Random,10,6,1,2,9,inf
Random,10,6,1,2,10,inf
Random,10,6,1,2,11,inf
Random,10,6,1,2,12,inf
Random,10,6,1,2,13,inf
Random,10,6,1,2,14,inf
Random,10,6,1,2,15,inf
Random,10,6,1,2,16,inf
Random,10,6,1,2,17,inf
Random,10,6,1,2,18,inf
Random,10,6,1,2,19,inf
Random,10,6,1,2,20,inf
Random,10,6,1,2,21,inf
Random,10,6,1,2,22,inf
Random,10,6,1,2,23,inf
Random,10,6,1,2,24,inf
Random,10,6,1,2,25,inf
Random,10,6,1,2,26,inf
Random,10,6,1,2,27,inf
Random,10,6,1,2,28,inf
Random,10,6,1,2,29,inf
Random,10,6,1,2,30,inf
Random,10,6,1,2,31,inf
Random,10,6,1,2,32,inf
Random,10,6,1,2,33,inf
Random,10,6,1,2,34,inf
Random,10,6,1,2,35,inf
Random,10,6,1,2,36,inf
Random,10,6,1,2,37,inf
Random,10,6,1,2,38,inf
Random,10,6,1,2,39,inf
Random,10,6,1,2,40,inf
Random,10,6,1,2,41,inf
Random,10,6,1,2,42,inf
Random,10,6,1,2,43,inf
Random,10,6,1,2,44,inf
Random,10,6,1,2,45,inf
Random,10,6,1,2,46,inf
Random,10,6,1,2,47,inf
Random,10,6,1,2,48,inf
Random,10,6,1,2,49,inf
Random,10,6,1,2,50,inf
Random,10,6,1,2,51,inf
Random,10,6,1,2,52,inf
Random,10,6,1,2,53,inf
Random,10,6,1,2,54,inf
Random,10,6,1,2,55,inf
Random,10,6,1,2,56,inf
Random,10,6,1,2,57,inf
Random,10,6,1,2,58,inf
Random,10,6,1,2,59,inf
Random,10,6,1,2,60,inf
Random,10,6,1,2,61,inf
Random,10,6,1,2,62,inf
Random,10,6,1,2,63,inf
Random,10,6,1,2,64,inf
Random,10,6,1,2,65,inf
Random,10,6,1,2,66,inf
Random,10,6,1,2,67,inf
Random,10,6,1,2,68,inf
Random,10,6,1,2,69,inf
Random,10,6,1,2,70,inf
Random,10,6,1,2,71,inf
Random,10,6,1,2,72,inf
Random,10,6,1,2,73,inf
Random,10,6,1,2,74,inf
Random,10,6,1,2,75,inf
Random,10,6,1,2,76,inf
Random,10,6,1,2,77,inf
Random,10,6,1,2,78,inf
Random,10,6,1,2,79,inf
Random,10,6,1,2,80,inf
Random,10,6,1,2,81,inf
Random,10,6,1,2,82,inf
Random,10,6,1,2,83,inf
Random,10,6,1,2,84,inf
Random,10,6,1,2,85,inf
Random,10,6,1,2,86,inf
Random,10,6,1,2,87,inf
Random,10,6,1,2,88,inf
Random,10,6,1,2,89,inf
Random,10,6,1,2,90,inf
Random,10,6,1,2,91,inf
Random,10,6,1,2,92,inf
Random,10,6,1,2,93,inf
Random,10,6,1,2,94,inf
Random,10,6,1,2,95,inf
Random,10,6,1,2,96,inf
Random,10,6,1,2,97,inf
Random,10,6,1,2,98,inf
Random,10,6,1,2,99,inf
Random,10,6,1,2,100,inf
qLogEI,10,6,1,2,1,inf
qLogEI,10,6,1,2,2,inf
qLogEI,10,6,1,2,3,inf
qLogEI,10,6,1,2,4,inf
qLogEI,10,6,1,2,5,inf
qLogEI,10,6,1,2,6,inf
qLogEI,10,6,1,2,7,inf
qLogEI,10,6,1,2,8,inf
qLogEI,10,6,1,2,9,inf
qLogEI,10,6,1,2,10,inf
qLogEI,10,6,1,2,11,inf
qLogEI,10,6,1,2,12,inf
qLogEI,10,6,1,2,13,inf
qLogEI,10,6,1,2,14,inf
qLogEI,10,6,1,2,15,inf
qLogEI,10,6,1,2,16,inf
qLogEI,10,6,1,2,17,inf
qLogEI,10,6,1,2,18,inf
qLogEI,10,6,1,2,19,inf
qLogEI,10,6,1,2,20,inf
qLogEI,10,6,1,2,21,inf
qLogEI,10,6,1,2,22,inf
qLogEI,10,6,1,2,23,inf
qLogEI,10,6,1,2,24,inf
qLogEI,10,6,1,2,25,inf
qLogEI,10,6,1,2,26,inf
qLogEI,10,6,1,2,27,inf
qLogEI,10,6,1,2,28,inf
qLogEI,10,6,1,2,29,inf
qLogEI,10,6,1,2,30,inf
qLogEI,10,6,1,2,31,inf
qLogEI,10,6,1,2,32,inf
qLogEI,10,6,1,2,33,inf
qLogEI,10,6,1,2,34,inf
qLogEI,10,6,1,2,35,inf
qLogEI,10,6,1,2,36,inf
qLogEI,10,6,1,2,37,inf
qLogEI,10,6,1,2,38,inf
qLogEI,10,6,1,2,39,inf
qLogEI,10,6,1,2,40,inf
qLogEI,10,6,1,2,41,inf
qLogEI,10,6,1,2,42,inf
qLogEI,10,6,1,2,43,inf
qLogEI,10,6,1,2,44,inf
qLogEI,10,6,1,2,45,inf
qLogEI,10,6,1,2,46,inf
qLogEI,10,6,1,2,47,inf
qLogEI,10,6,1,2,48,inf
qLogEI,10,6,1,2,49,inf
qLogEI,10,6,1,2,50,inf
qLogEI,10,6,1,2,51,inf
qLogEI,10,6,1,2,52,inf
qLogEI,10,6,1,2,53,inf
qLogEI,10,6,1,2,54,inf
qLogEI,10,6,1,2,55,inf
qLogEI,10,6,1,2,56,inf
qLogEI,10,6,1,2,57,inf
qLogEI,10,6,1,2,58,inf
qLogEI,10,6,1,2,59,inf
qLogEI,10,6,1,2,60,inf
qLogEI,10,6,1,2,61,inf
qLogEI,10,6,1,2,62,inf
qLogEI,10,6,1,2,63,inf
qLogEI,10,6,1,2,64,inf
qLogEI,10,6,1,2,65,inf
qLogEI,10,6,1,2,66,inf
qLogEI,10,6,1,2,67,inf
qLogEI,10,6,1,2,68,inf
qLogEI,10,6,1,2,69,inf
qLogEI,10,6,1,2,70,inf
qLogEI,10,6,1,2,71,inf
qLogEI,10,6,1,2,72,inf
qLogEI,10,6,1,2,73,inf
qLogEI,10,6,1,2,74,inf
qLogEI,10,6,1,2,75,inf
qLogEI,10,6,1,2,76,inf
qLogEI,10,6,1,2,77,inf
qLogEI,10,6,1,2,78,inf
qLogEI,10,6,1,2,79,inf
qLogEI,10,6,1,2,80,inf
qLogEI,10,6,1,2,81,inf
qLogEI,10,6,1,2,82,inf
qLogEI,10,6,1,2,83,inf
qLogEI,10,6,1,2,84,inf
qLogEI,10,6,1,2,85,inf
qLogEI,10,6,1,2,86,inf
qLogEI,10,6,1,2,87,inf
qLogEI,10,6,1,2,88,inf
qLogEI,10,6,1,2,89,inf
qLogEI,10,6,1,2,90,inf
qLogEI,10,6,1,2,91,inf
qLogEI,10,6,1,2,92,inf
qLogEI,10,6,1,2,93,inf
qLogEI,10,6,1,2,94,inf
qLogEI,10,6,1,2,95,inf
qLogEI,10,6,1,2,96,inf
qLogEI,10,6,1,2,97,inf
qLogEI,10,6,1,2,98,inf
qLogEI,10,6,1,2,99,inf
qLogEI,10,6,1,2,100,inf
RL_Enhanced,10,6,1,2,1,inf
RL_Enhanced,10,6,1,2,2,inf
RL_Enhanced,10,6,1,2,3,inf
RL_Enhanced,10,6,1,2,4,inf
RL_Enhanced,10,6,1,2,5,inf
RL_Enhanced,10,6,1,2,6,inf
RL_Enhanced,10,6,1,2,7,inf
RL_Enhanced,10,6,1,2,8,inf
RL_Enhanced,10,6,1,2,9,inf
RL_Enhanced,10,6,1,2,10,inf
RL_Enhanced,10,6,1,2,11,inf
RL_Enhanced,10,6,1,2,12,inf
RL_Enhanced,10,6,1,2,13,inf
RL_Enhanced,10,6,1,2,14,inf
RL_Enhanced,10,6,1,2,15,inf
RL_Enhanced,10,6,1,2,16,inf
RL_Enhanced,10,6,1,2,17,inf
RL_Enhanced,10,6,1,2,18,inf
RL_Enhanced,10,6,1,2,19,inf
RL_Enhanced,10,6,1,2,20,inf
RL_Enhanced,10,6,1,2,21,inf
RL_Enhanced,10,6,1,2,22,inf
RL_Enhanced,10,6,1,2,23,inf
RL_Enhanced,10,6,1,2,24,inf
RL_Enhanced,10,6,1,2,25,inf
RL_Enhanced,10,6,1,2,26,inf
RL_Enhanced,10,6,1,2,27,inf
RL_Enhanced,10,6,1,2,28,inf
RL_Enhanced,10,6,1,2,29,inf
RL_Enhanced,10,6,1,2,30,inf
RL_Enhanced,10,6,1,2,31,inf
RL_Enhanced,10,6,1,2,32,inf
RL_Enhanced,10,6,1,2,33,inf
RL_Enhanced,10,6,1,2,34,inf
RL_Enhanced,10,6,1,2,35,inf
RL_Enhanced,10,6,1,2,36,inf
RL_Enhanced,10,6,1,2,37,inf
RL_Enhanced,10,6,1,2,38,inf
RL_Enhanced,10,6,1,2,39,inf
RL_Enhanced,10,6,1,2,40,inf
RL_Enhanced,10,6,1,2,41,inf
RL_Enhanced,10,6,1,2,42,inf
RL_Enhanced,10,6,1,2,43,inf
RL_Enhanced,10,6,1,2,44,inf
RL_Enhanced,10,6,1,2,45,inf
RL_Enhanced,10,6,1,2,46,inf
RL_Enhanced,10,6,1,2,47,inf
RL_Enhanced,10,6,1,2,48,inf
RL_Enhanced,10,6,1,2,49,inf
RL_Enhanced,10,6,1,2,50,inf
RL_Enhanced,10,6,1,2,51,inf
RL_Enhanced,10,6,1,2,52,inf
RL_Enhanced,10,6,1,2,53,inf
RL_Enhanced,10,6,1,2,54,inf
RL_Enhanced,10,6,1,2,55,inf
RL_Enhanced,10,6,1,2,56,inf
RL_Enhanced,10,6,1,2,57,inf
RL_Enhanced,10,6,1,2,58,inf
RL_Enhanced,10,6,1,2,59,inf
RL_Enhanced,10,6,1,2,60,inf
RL_Enhanced,10,6,1,2,61,inf
RL_Enhanced,10,6,1,2,62,inf
RL_Enhanced,10,6,1,2,63,inf
RL_Enhanced,10,6,1,2,64,inf
RL_Enhanced,10,6,1,2,65,inf
RL_Enhanced,10,6,1,2,66,inf
RL_Enhanced,10,6,1,2,67,inf
RL_Enhanced,10,6,1,2,68,inf
RL_Enhanced,10,6,1,2,69,inf
RL_Enhanced,10,6,1,2,70,inf
RL_Enhanced,10,6,1,2,71,inf
RL_Enhanced,10,6,1,2,72,inf
RL_Enhanced,10,6,1,2,73,inf
RL_Enhanced,10,6,1,2,74,inf
RL_Enhanced,10,6,1,2,75,inf
RL_Enhanced,10,6,1,2,76,inf
RL_Enhanced,10,6,1,2,77,inf
RL_Enhanced,10,6,1,2,78,inf
RL_Enhanced,10,6,1,2,79,inf
RL_Enhanced,10,6,1,2,80,inf
RL_Enhanced,10,6,1,2,81,inf
RL_Enhanced,10,6,1,2,82,inf
RL_Enhanced,10,6,1,2,83,inf
RL_Enhanced,10,6,1,2,84,inf
RL_Enhanced,10,6,1,2,85,inf
RL_Enhanced,10,6,1,2,86,inf
RL_Enhanced,10,6,1,2,87,inf
RL_Enhanced,10,6,1,2,88,inf
RL_Enhanced,10,6,1,2,89,inf
RL_Enhanced,10,6,1,2,90,inf
RL_Enhanced,10,6,1,2,91,inf
RL_Enhanced,10,6,1,2,92,inf
RL_Enhanced,10,6,1,2,93,inf
RL_Enhanced,10,6,1,2,94,inf
RL_Enhanced,10,6,1,2,95,inf
RL_Enhanced,10,6,1,2,96,inf
RL_Enhanced,10,6,1,2,97,inf
RL_Enhanced,10,6,1,2,98,inf
RL_Enhanced,10,6,1,2,99,inf
RL_Enhanced,10,6,1,2,100,inf
Random,10,6,1,3,1,inf
Random,10,6,1,3,2,inf
Random,10,6,1,3,3,inf
Random,10,6,1,3,4,inf
Random,10,6,1,3,5,inf
Random,10,6,1,3,6,inf
Random,10,6,1,3,7,inf
Random,10,6,1,3,8,inf
Random,10,6,1,3,9,inf
Random,10,6,1,3,10,inf
Random,10,6,1,3,11,inf
Random,10,6,1,3,12,inf
Random,10,6,1,3,13,inf
Random,10,6,1,3,14,inf
Random,10,6,1,3,15,inf
Random,10,6,1,3,16,inf
Random,10,6,1,3,17,inf
Random,10,6,1,3,18,inf
Random,10,6,1,3,19,inf
Random,10,6,1,3,20,inf
Random,10,6,1,3,21,inf
Random,10,6,1,3,22,inf
Random,10,6,1,3,23,inf
Random,10,6,1,3,24,inf
Random,10,6,1,3,25,inf
Random,10,6,1,3,26,inf
Random,10,6,1,3,27,inf
Random,10,6,1,3,28,inf
Random,10,6,1,3,29,inf
Random,10,6,1,3,30,inf
Random,10,6,1,3,31,inf
Random,10,6,1,3,32,inf
Random,10,6,1,3,33,inf
Random,10,6,1,3,34,inf
Random,10,6,1,3,35,inf
Random,10,6,1,3,36,inf
Random,10,6,1,3,37,inf
Random,10,6,1,3,38,inf
Random,10,6,1,3,39,inf
Random,10,6,1,3,40,inf
Random,10,6,1,3,41,inf
Random,10,6,1,3,42,inf
Random,10,6,1,3,43,inf
Random,10,6,1,3,44,inf
Random,10,6,1,3,45,inf
Random,10,6,1,3,46,inf
Random,10,6,1,3,47,inf
Random,10,6,1,3,48,inf
Random,10,6,1,3,49,inf
Random,10,6,1,3,50,inf
Random,10,6,1,3,51,inf
Random,10,6,1,3,52,inf
Random,10,6,1,3,53,inf
Random,10,6,1,3,54,inf
Random,10,6,1,3,55,inf
Random,10,6,1,3,56,inf
Random,10,6,1,3,57,inf
Random,10,6,1,3,58,inf
Random,10,6,1,3,59,inf
Random,10,6,1,3,60,inf
Random,10,6,1,3,61,inf
Random,10,6,1,3,62,inf
Random,10,6,1,3,63,inf
Random,10,6,1,3,64,inf
Random,10,6,1,3,65,inf
Random,10,6,1,3,66,inf
Random,10,6,1,3,67,inf
Random,10,6,1,3,68,inf
Random,10,6,1,3,69,inf
Random,10,6,1,3,70,inf
Random,10,6,1,3,71,inf
Random,10,6,1,3,72,inf
Random,10,6,1,3,73,inf
Random,10,6,1,3,74,inf
Random,10,6,1,3,75,inf
Random,10,6,1,3,76,inf
Random,10,6,1,3,77,inf
Random,10,6,1,3,78,inf
Random,10,6,1,3,79,inf
Random,10,6,1,3,80,inf
Random,10,6,1,3,81,inf
Random,10,6,1,3,82,inf
Random,10,6,1,3,83,inf
Random,10,6,1,3,84,inf
Random,10,6,1,3,85,inf
Random,10,6,1,3,86,inf
Random,10,6,1,3,87,inf
Random,10,6,1,3,88,inf
Random,10,6,1,3,89,inf
Random,10,6,1,3,90,inf
Random,10,6,1,3,91,inf
Random,10,6,1,3,92,inf
Random,10,6,1,3,93,inf
Random,10,6,1,3,94,inf
Random,10,6,1,3,95,inf
Random,10,6,1,3,96,inf
Random,10,6,1,3,97,inf
Random,10,6,1,3,98,inf
Random,10,6,1,3,99,inf
Random,10,6,1,3,100,inf
qLogEI,10,6,1,3,1,inf
qLogEI,10,6,1,3,2,inf
qLogEI,10,6,1,3,3,inf
qLogEI,10,6,1,3,4,inf
qLogEI,10,6,1,3,5,inf
qLogEI,10,6,1,3,6,inf
qLogEI,10,6,1,3,7,inf
qLogEI,10,6,1,3,8,inf
qLogEI,10,6,1,3,9,inf
qLogEI,10,6,1,3,10,inf
qLogEI,10,6,1,3,11,inf
qLogEI,10,6,1,3,12,inf
qLogEI,10,6,1,3,13,inf
qLogEI,10,6,1,3,14,inf
qLogEI,10,6,1,3,15,inf
qLogEI,10,6,1,3,16,inf
qLogEI,10,6,1,3,17,inf
qLogEI,10,6,1,3,18,inf
qLogEI,10,6,1,3,19,inf
qLogEI,10,6,1,3,20,inf
qLogEI,10,6,1,3,21,inf
qLogEI,10,6,1,3,22,inf
qLogEI,10,6,1,3,23,inf
qLogEI,10,6,1,3,24,inf
qLogEI,10,6,1,3,25,inf
qLogEI,10,6,1,3,26,inf
qLogEI,10,6,1,3,27,inf
qLogEI,10,6,1,3,28,inf
qLogEI,10,6,1,3,29,inf
qLogEI,10,6,1,3,30,inf
qLogEI,10,6,1,3,31,inf
qLogEI,10,6,1,3,32,inf
qLogEI,10,6,1,3,33,inf
qLogEI,10,6,1,3,34,inf
qLogEI,10,6,1,3,35,inf
qLogEI,10,6,1,3,36,inf
qLogEI,10,6,1,3,37,inf
qLogEI,10,6,1,3,38,inf
qLogEI,10,6,1,3,39,inf
qLogEI,10,6,1,3,40,inf
qLogEI,10,6,1,3,41,inf
qLogEI,10,6,1,3,42,inf
qLogEI,10,6,1,3,43,inf
qLogEI,10,6,1,3,44,inf
qLogEI,10,6,1,3,45,inf
qLogEI,10,6,1,3,46,inf
qLogEI,10,6,1,3,47,inf
qLogEI,10,6,1,3,48,inf
qLogEI,10,6,1,3,49,inf
qLogEI,10,6,1,3,50,inf
qLogEI,10,6,1,3,51,inf
qLogEI,10,6,1,3,52,inf
qLogEI,10,6,1,3,53,inf
qLogEI,10,6,1,3,54,inf
qLogEI,10,6,1,3,55,inf
qLogEI,10,6,1,3,56,inf
qLogEI,10,6,1,3,57,inf
qLogEI,10,6,1,3,58,inf
qLogEI,10,6,1,3,59,inf
qLogEI,10,6,1,3,60,inf
qLogEI,10,6,1,3,61,inf
qLogEI,10,6,1,3,62,inf
qLogEI,10,6,1,3,63,inf
qLogEI,10,6,1,3,64,inf
qLogEI,10,6,1,3,65,inf
qLogEI,10,6,1,3,66,inf
qLogEI,10,6,1,3,67,inf
qLogEI,10,6,1,3,68,inf
qLogEI,10,6,1,3,69,inf
qLogEI,10,6,1,3,70,inf
qLogEI,10,6,1,3,71,inf
qLogEI,10,6,1,3,72,inf
qLogEI,10,6,1,3,73,inf
qLogEI,10,6,1,3,74,inf
qLogEI,10,6,1,3,75,inf
qLogEI,10,6,1,3,76,inf
qLogEI,10,6,1,3,77,inf
qLogEI,10,6,1,3,78,inf
qLogEI,10,6,1,3,79,inf
qLogEI,10,6,1,3,80,inf
qLogEI,10,6,1,3,81,inf
qLogEI,10,6,1,3,82,inf
qLogEI,10,6,1,3,83,inf
qLogEI,10,6,1,3,84,inf
qLogEI,10,6,1,3,85,inf
qLogEI,10,6,1,3,86,inf
qLogEI,10,6,1,3,87,inf
qLogEI,10,6,1,3,88,inf
qLogEI,10,6,1,3,89,inf
qLogEI,10,6,1,3,90,inf
qLogEI,10,6,1,3,91,inf
qLogEI,10,6,1,3,92,inf
qLogEI,10,6,1,3,93,inf
qLogEI,10,6,1,3,94,inf
qLogEI,10,6,1,3,95,inf
qLogEI,10,6,1,3,96,inf
qLogEI,10,6,1,3,97,inf
qLogEI,10,6,1,3,98,inf
qLogEI,10,6,1,3,99,inf
qLogEI,10,6,1,3,100,inf
RL_Enhanced,10,6,1,3,1,inf
RL_Enhanced,10,6,1,3,2,inf
RL_Enhanced,10,6,1,3,3,inf
RL_Enhanced,10,6,1,3,4,inf
RL_Enhanced,10,6,1,3,5,inf
RL_Enhanced,10,6,1,3,6,inf
RL_Enhanced,10,6,1,3,7,inf
RL_Enhanced,10,6,1,3,8,inf
RL_Enhanced,10,6,1,3,9,inf
RL_Enhanced,10,6,1,3,10,inf
RL_Enhanced,10,6,1,3,11,inf
RL_Enhanced,10,6,1,3,12,inf
RL_Enhanced,10,6,1,3,13,inf
RL_Enhanced,10,6,1,3,14,inf
RL_Enhanced,10,6,1,3,15,inf
RL_Enhanced,10,6,1,3,16,inf
RL_Enhanced,10,6,1,3,17,inf
RL_Enhanced,10,6,1,3,18,inf
RL_Enhanced,10,6,1,3,19,inf
RL_Enhanced,10,6,1,3,20,inf
RL_Enhanced,10,6,1,3,21,inf
RL_Enhanced,10,6,1,3,22,inf
RL_Enhanced,10,6,1,3,23,inf
RL_Enhanced,10,6,1,3,24,inf
RL_Enhanced,10,6,1,3,25,inf
RL_Enhanced,10,6,1,3,26,inf
RL_Enhanced,10,6,1,3,27,inf
RL_Enhanced,10,6,1,3,28,inf
RL_Enhanced,10,6,1,3,29,inf
RL_Enhanced,10,6,1,3,30,inf
RL_Enhanced,10,6,1,3,31,inf
RL_Enhanced,10,6,1,3,32,inf
RL_Enhanced,10,6,1,3,33,inf
RL_Enhanced,10,6,1,3,34,inf
RL_Enhanced,10,6,1,3,35,inf
RL_Enhanced,10,6,1,3,36,inf
RL_Enhanced,10,6,1,3,37,inf
RL_Enhanced,10,6,1,3,38,inf
RL_Enhanced,10,6,1,3,39,inf
RL_Enhanced,10,6,1,3,40,inf
RL_Enhanced,10,6,1,3,41,inf
RL_Enhanced,10,6,1,3,42,inf
RL_Enhanced,10,6,1,3,43,inf
RL_Enhanced,10,6,1,3,44,inf
RL_Enhanced,10,6,1,3,45,inf
RL_Enhanced,10,6,1,3,46,inf
RL_Enhanced,10,6,1,3,47,inf
RL_Enhanced,10,6,1,3,48,inf
RL_Enhanced,10,6,1,3,49,inf
RL_Enhanced,10,6,1,3,50,inf
RL_Enhanced,10,6,1,3,51,inf
RL_Enhanced,10,6,1,3,52,inf
RL_Enhanced,10,6,1,3,53,inf
RL_Enhanced,10,6,1,3,54,inf
RL_Enhanced,10,6,1,3,55,inf
RL_Enhanced,10,6,1,3,56,inf
RL_Enhanced,10,6,1,3,57,inf
RL_Enhanced,10,6,1,3,58,inf
RL_Enhanced,10,6,1,3,59,inf
RL_Enhanced,10,6,1,3,60,inf
RL_Enhanced,10,6,1,3,61,inf
RL_Enhanced,10,6,1,3,62,inf
RL_Enhanced,10,6,1,3,63,inf
RL_Enhanced,10,6,1,3,64,inf
RL_Enhanced,10,6,1,3,65,inf
RL_Enhanced,10,6,1,3,66,inf
RL_Enhanced,10,6,1,3,67,inf
RL_Enhanced,10,6,1,3,68,inf
RL_Enhanced,10,6,1,3,69,inf
RL_Enhanced,10,6,1,3,70,inf
RL_Enhanced,10,6,1,3,71,inf
RL_Enhanced,10,6,1,3,72,inf
RL_Enhanced,10,6,1,3,73,inf
RL_Enhanced,10,6,1,3,74,inf
RL_Enhanced,10,6,1,3,75,inf
RL_Enhanced,10,6,1,3,76,inf
RL_Enhanced,10,6,1,3,77,inf
RL_Enhanced,10,6,1,3,78,inf
RL_Enhanced,10,6,1,3,79,inf
RL_Enhanced,10,6,1,3,80,inf
RL_Enhanced,10,6,1,3,81,inf
RL_Enhanced,10,6,1,3,82,inf
RL_Enhanced,10,6,1,3,83,inf
RL_Enhanced,10,6,1,3,84,inf
RL_Enhanced,10,6,1,3,85,inf
RL_Enhanced,10,6,1,3,86,inf
RL_Enhanced,10,6,1,3,87,inf
RL_Enhanced,10,6,1,3,88,inf
RL_Enhanced,10,6,1,3,89,inf
RL_Enhanced,10,6,1,3,90,inf
RL_Enhanced,10,6,1,3,91,inf
RL_Enhanced,10,6,1,3,92,inf
RL_Enhanced,10,6,1,3,93,inf
RL_Enhanced,10,6,1,3,94,inf
RL_Enhanced,10,6,1,3,95,inf
RL_Enhanced,10,6,1,3,96,inf
RL_Enhanced,10,6,1,3,97,inf
RL_Enhanced,10,6,1,3,98,inf
RL_Enhanced,10,6,1,3,99,inf
RL_Enhanced,10,6,1,3,100,inf
Random,10,6,1,4,1,inf
Random,10,6,1,4,2,inf
Random,10,6,1,4,3,inf
Random,10,6,1,4,4,inf
Random,10,6,1,4,5,inf
Random,10,6,1,4,6,inf
Random,10,6,1,4,7,inf
Random,10,6,1,4,8,inf
Random,10,6,1,4,9,inf
Random,10,6,1,4,10,inf
Random,10,6,1,4,11,inf
Random,10,6,1,4,12,inf
Random,10,6,1,4,13,inf
Random,10,6,1,4,14,inf
Random,10,6,1,4,15,inf
Random,10,6,1,4,16,inf
Random,10,6,1,4,17,inf
Random,10,6,1,4,18,inf
Random,10,6,1,4,19,inf
Random,10,6,1,4,20,inf
Random,10,6,1,4,21,inf
Random,10,6,1,4,22,inf
Random,10,6,1,4,23,inf
Random,10,6,1,4,24,inf
Random,10,6,1,4,25,inf
Random,10,6,1,4,26,inf
Random,10,6,1,4,27,inf
Random,10,6,1,4,28,inf
Random,10,6,1,4,29,inf
Random,10,6,1,4,30,inf
Random,10,6,1,4,31,inf
Random,10,6,1,4,32,inf
Random,10,6,1,4,33,inf
Random,10,6,1,4,34,inf
Random,10,6,1,4,35,inf
Random,10,6,1,4,36,inf
Random,10,6,1,4,37,inf
Random,10,6,1,4,38,inf
Random,10,6,1,4,39,inf
Random,10,6,1,4,40,inf
Random,10,6,1,4,41,inf
Random,10,6,1,4,42,inf
Random,10,6,1,4,43,inf
Random,10,6,1,4,44,inf
Random,10,6,1,4,45,inf
Random,10,6,1,4,46,inf
Random,10,6,1,4,47,inf
Random,10,6,1,4,48,inf
Random,10,6,1,4,49,inf
Random,10,6,1,4,50,inf
Random,10,6,1,4,51,inf
Random,10,6,1,4,52,inf
Random,10,6,1,4,53,inf
Random,10,6,1,4,54,inf
Random,10,6,1,4,55,inf
Random,10,6,1,4,56,inf
Random,10,6,1,4,57,inf
Random,10,6,1,4,58,inf
Random,10,6,1,4,59,inf
Random,10,6,1,4,60,inf
Random,10,6,1,4,61,inf
Random,10,6,1,4,62,inf
Random,10,6,1,4,63,inf
Random,10,6,1,4,64,inf
Random,10,6,1,4,65,inf
Random,10,6,1,4,66,inf
Random,10,6,1,4,67,inf
Random,10,6,1,4,68,inf
Random,10,6,1,4,69,inf
Random,10,6,1,4,70,inf
Random,10,6,1,4,71,inf
Random,10,6,1,4,72,inf
Random,10,6,1,4,73,inf
Random,10,6,1,4,74,inf
Random,10,6,1,4,75,inf
Random,10,6,1,4,76,inf
Random,10,6,1,4,77,inf
Random,10,6,1,4,78,inf
Random,10,6,1,4,79,inf
Random,10,6,1,4,80,inf
Random,10,6,1,4,81,inf
Random,10,6,1,4,82,inf
Random,10,6,1,4,83,inf
Random,10,6,1,4,84,inf
Random,10,6,1,4,85,inf
Random,10,6,1,4,86,inf
Random,10,6,1,4,87,inf
Random,10,6,1,4,88,inf
Random,10,6,1,4,89,inf
Random,10,6,1,4,90,inf
Random,10,6,1,4,91,inf
Random,10,6,1,4,92,inf
Random,10,6,1,4,93,inf
Random,10,6,1,4,94,inf
Random,10,6,1,4,95,inf
Random,10,6,1,4,96,inf
Random,10,6,1,4,97,inf
Random,10,6,1,4,98,inf
Random,10,6,1,4,99,inf
Random,10,6,1,4,100,inf
qLogEI,10,6,1,4,1,inf
qLogEI,10,6,1,4,2,inf
qLogEI,10,6,1,4,3,inf
qLogEI,10,6,1,4,4,inf
qLogEI,10,6,1,4,5,inf
qLogEI,10,6,1,4,6,inf
qLogEI,10,6,1,4,7,inf
qLogEI,10,6,1,4,8,inf
qLogEI,10,6,1,4,9,inf
qLogEI,10,6,1,4,10,inf
qLogEI,10,6,1,4,11,inf
qLogEI,10,6,1,4,12,inf
qLogEI,10,6,1,4,13,inf
qLogEI,10,6,1,4,14,inf
qLogEI,10,6,1,4,15,inf
qLogEI,10,6,1,4,16,inf
qLogEI,10,6,1,4,17,inf
qLogEI,10,6,1,4,18,inf
qLogEI,10,6,1,4,19,inf
qLogEI,10,6,1,4,20,inf
qLogEI,10,6,1,4,21,inf
qLogEI,10,6,1,4,22,inf
qLogEI,10,6,1,4,23,inf
qLogEI,10,6,1,4,24,inf
qLogEI,10,6,1,4,25,inf
qLogEI,10,6,1,4,26,inf
qLogEI,10,6,1,4,27,inf
qLogEI,10,6,1,4,28,inf
qLogEI,10,6,1,4,29,inf
qLogEI,10,6,1,4,30,inf
qLogEI,10,6,1,4,31,inf
qLogEI,10,6,1,4,32,inf
qLogEI,10,6,1,4,33,inf
qLogEI,10,6,1,4,34,inf
qLogEI,10,6,1,4,35,inf
qLogEI,10,6,1,4,36,inf
qLogEI,10,6,1,4,37,inf
qLogEI,10,6,1,4,38,inf
qLogEI,10,6,1,4,39,inf
qLogEI,10,6,1,4,40,inf
qLogEI,10,6,1,4,41,inf
qLogEI,10,6,1,4,42,inf
qLogEI,10,6,1,4,43,inf
qLogEI,10,6,1,4,44,inf
qLogEI,10,6,1,4,45,inf
qLogEI,10,6,1,4,46,inf
qLogEI,10,6,1,4,47,inf
qLogEI,10,6,1,4,48,inf
qLogEI,10,6,1,4,49,inf
qLogEI,10,6,1,4,50,inf
qLogEI,10,6,1,4,51,inf
qLogEI,10,6,1,4,52,inf
qLogEI,10,6,1,4,53,inf
qLogEI,10,6,1,4,54,inf
qLogEI,10,6,1,4,55,inf
qLogEI,10,6,1,4,56,inf
qLogEI,10,6,1,4,57,inf
qLogEI,10,6,1,4,58,inf
qLogEI,10,6,1,4,59,inf
qLogEI,10,6,1,4,60,inf
qLogEI,10,6,1,4,61,inf
qLogEI,10,6,1,4,62,inf
qLogEI,10,6,1,4,63,inf
qLogEI,10,6,1,4,64,inf
qLogEI,10,6,1,4,65,inf
qLogEI,10,6,1,4,66,inf
qLogEI,10,6,1,4,67,inf
qLogEI,10,6,1,4,68,inf
qLogEI,10,6,1,4,69,inf
qLogEI,10,6,1,4,70,inf
qLogEI,10,6,1,4,71,inf
qLogEI,10,6,1,4,72,inf
qLogEI,10,6,1,4,73,inf
qLogEI,10,6,1,4,74,inf
qLogEI,10,6,1,4,75,inf
qLogEI,10,6,1,4,76,inf
qLogEI,10,6,1,4,77,inf
qLogEI,10,6,1,4,78,inf
qLogEI,10,6,1,4,79,inf
qLogEI,10,6,1,4,80,inf
qLogEI,10,6,1,4,81,inf
qLogEI,10,6,1,4,82,inf
qLogEI,10,6,1,4,83,inf
qLogEI,10,6,1,4,84,inf
qLogEI,10,6,1,4,85,inf
qLogEI,10,6,1,4,86,inf
qLogEI,10,6,1,4,87,inf
qLogEI,10,6,1,4,88,inf
qLogEI,10,6,1,4,89,inf
qLogEI,10,6,1,4,90,inf
qLogEI,10,6,1,4,91,inf
qLogEI,10,6,1,4,92,inf
qLogEI,10,6,1,4,93,inf
qLogEI,10,6,1,4,94,inf
qLogEI,10,6,1,4,95,inf
qLogEI,10,6,1,4,96,inf
qLogEI,10,6,1,4,97,inf
qLogEI,10,6,1,4,98,inf
qLogEI,10,6,1,4,99,inf
qLogEI,10,6,1,4,100,inf
RL_Enhanced,10,6,1,4,1,inf
RL_Enhanced,10,6,1,4,2,inf
RL_Enhanced,10,6,1,4,3,inf
RL_Enhanced,10,6,1,4,4,inf
RL_Enhanced,10,6,1,4,5,inf
RL_Enhanced,10,6,1,4,6,inf
RL_Enhanced,10,6,1,4,7,inf
RL_Enhanced,10,6,1,4,8,inf
RL_Enhanced,10,6,1,4,9,inf
RL_Enhanced,10,6,1,4,10,inf
RL_Enhanced,10,6,1,4,11,inf
RL_Enhanced,10,6,1,4,12,inf
RL_Enhanced,10,6,1,4,13,inf
RL_Enhanced,10,6,1,4,14,inf
RL_Enhanced,10,6,1,4,15,inf
RL_Enhanced,10,6,1,4,16,inf
RL_Enhanced,10,6,1,4,17,inf
RL_Enhanced,10,6,1,4,18,inf
RL_Enhanced,10,6,1,4,19,inf
RL_Enhanced,10,6,1,4,20,inf
RL_Enhanced,10,6,1,4,21,inf
RL_Enhanced,10,6,1,4,22,inf
RL_Enhanced,10,6,1,4,23,inf
RL_Enhanced,10,6,1,4,24,inf
RL_Enhanced,10,6,1,4,25,inf
RL_Enhanced,10,6,1,4,26,inf
RL_Enhanced,10,6,1,4,27,inf
RL_Enhanced,10,6,1,4,28,inf
RL_Enhanced,10,6,1,4,29,inf
RL_Enhanced,10,6,1,4,30,inf
RL_Enhanced,10,6,1,4,31,inf
RL_Enhanced,10,6,1,4,32,inf
RL_Enhanced,10,6,1,4,33,inf
RL_Enhanced,10,6,1,4,34,inf
RL_Enhanced,10,6,1,4,35,inf
RL_Enhanced,10,6,1,4,36,inf
RL_Enhanced,10,6,1,4,37,inf
RL_Enhanced,10,6,1,4,38,inf
RL_Enhanced,10,6,1,4,39,inf
RL_Enhanced,10,6,1,4,40,inf
RL_Enhanced,10,6,1,4,41,inf
RL_Enhanced,10,6,1,4,42,inf
RL_Enhanced,10,6,1,4,43,inf
RL_Enhanced,10,6,1,4,44,inf
RL_Enhanced,10,6,1,4,45,inf
RL_Enhanced,10,6,1,4,46,inf
RL_Enhanced,10,6,1,4,47,inf
RL_Enhanced,10,6,1,4,48,inf
RL_Enhanced,10,6,1,4,49,inf
RL_Enhanced,10,6,1,4,50,inf
RL_Enhanced,10,6,1,4,51,inf
RL_Enhanced,10,6,1,4,52,inf
RL_Enhanced,10,6,1,4,53,inf
RL_Enhanced,10,6,1,4,54,inf
RL_Enhanced,10,6,1,4,55,inf
RL_Enhanced,10,6,1,4,56,inf
RL_Enhanced,10,6,1,4,57,inf
RL_Enhanced,10,6,1,4,58,inf
RL_Enhanced,10,6,1,4,59,inf
RL_Enhanced,10,6,1,4,60,inf
RL_Enhanced,10,6,1,4,61,inf
RL_Enhanced,10,6,1,4,62,inf
RL_Enhanced,10,6,1,4,63,inf
RL_Enhanced,10,6,1,4,64,inf
RL_Enhanced,10,6,1,4,65,inf
RL_Enhanced,10,6,1,4,66,inf
RL_Enhanced,10,6,1,4,67,inf
RL_Enhanced,10,6,1,4,68,inf
RL_Enhanced,10,6,1,4,69,inf
RL_Enhanced,10,6,1,4,70,inf
RL_Enhanced,10,6,1,4,71,inf
RL_Enhanced,10,6,1,4,72,inf
RL_Enhanced,10,6,1,4,73,inf
RL_Enhanced,10,6,1,4,74,inf
RL_Enhanced,10,6,1,4,75,inf
RL_Enhanced,10,6,1,4,76,inf
RL_Enhanced,10,6,1,4,77,inf
RL_Enhanced,10,6,1,4,78,inf
RL_Enhanced,10,6,1,4,79,inf
RL_Enhanced,10,6,1,4,80,inf
RL_Enhanced,10,6,1,4,81,inf
RL_Enhanced,10,6,1,4,82,inf
RL_Enhanced,10,6,1,4,83,inf
RL_Enhanced,10,6,1,4,84,inf
RL_Enhanced,10,6,1,4,85,inf
RL_Enhanced,10,6,1,4,86,inf
RL_Enhanced,10,6,1,4,87,inf
RL_Enhanced,10,6,1,4,88,inf
RL_Enhanced,10,6,1,4,89,inf
RL_Enhanced,10,6,1,4,90,inf
RL_Enhanced,10,6,1,4,91,inf
RL_Enhanced,10,6,1,4,92,inf
RL_Enhanced,10,6,1,4,93,inf
RL_Enhanced,10,6,1,4,94,inf
RL_Enhanced,10,6,1,4,95,inf
RL_Enhanced,10,6,1,4,96,inf
RL_Enhanced,10,6,1,4,97,inf
RL_Enhanced,10,6,1,4,98,inf
RL_Enhanced,10,6,1,4,99,inf
RL_Enhanced,10,6,1,4,100,inf
Random,10,6,2,0,1,inf
Random,10,6,2,0,2,inf
Random,10,6,2,0,3,inf
Random,10,6,2,0,4,inf
Random,10,6,2,0,5,inf
Random,10,6,2,0,6,inf
Random,10,6,2,0,7,inf
Random,10,6,2,0,8,inf
Random,10,6,2,0,9,inf
Random,10,6,2,0,10,inf
Random,10,6,2,0,11,inf
Random,10,6,2,0,12,inf
Random,10,6,2,0,13,inf
Random,10,6,2,0,14,inf
Random,10,6,2,0,15,inf
Random,10,6,2,0,16,inf
Random,10,6,2,0,17,inf
Random,10,6,2,0,18,inf
Random,10,6,2,0,19,inf
Random,10,6,2,0,20,inf
Random,10,6,2,0,21,inf
Random,10,6,2,0,22,inf
Random,10,6,2,0,23,inf
Random,10,6,2,0,24,inf
Random,10,6,2,0,25,inf
Random,10,6,2,0,26,inf
Random,10,6,2,0,27,inf
Random,10,6,2,0,28,inf
Random,10,6,2,0,29,inf
Random,10,6,2,0,30,inf
Random,10,6,2,0,31,inf
Random,10,6,2,0,32,inf
Random,10,6,2,0,33,inf
Random,10,6,2,0,34,inf
Random,10,6,2,0,35,inf
Random,10,6,2,0,36,inf
Random,10,6,2,0,37,inf
Random,10,6,2,0,38,inf
Random,10,6,2,0,39,inf
Random,10,6,2,0,40,inf
Random,10,6,2,0,41,inf
Random,10,6,2,0,42,inf
Random,10,6,2,0,43,inf
Random,10,6,2,0,44,inf
Random,10,6,2,0,45,inf
Random,10,6,2,0,46,inf
Random,10,6,2,0,47,inf
Random,10,6,2,0,48,inf
Random,10,6,2,0,49,inf
Random,10,6,2,0,50,inf
Random,10,6,2,0,51,inf
Random,10,6,2,0,52,inf
Random,10,6,2,0,53,inf
Random,10,6,2,0,54,inf
Random,10,6,2,0,55,inf
Random,10,6,2,0,56,inf
Random,10,6,2,0,57,inf
Random,10,6,2,0,58,inf
Random,10,6,2,0,59,inf
Random,10,6,2,0,60,inf
Random,10,6,2,0,61,inf
Random,10,6,2,0,62,inf
Random,10,6,2,0,63,inf
Random,10,6,2,0,64,inf
Random,10,6,2,0,65,inf
Random,10,6,2,0,66,inf
Random,10,6,2,0,67,inf
Random,10,6,2,0,68,inf
Random,10,6,2,0,69,inf
Random,10,6,2,0,70,inf
Random,10,6,2,0,71,inf
Random,10,6,2,0,72,inf
Random,10,6,2,0,73,inf
Random,10,6,2,0,74,inf
Random,10,6,2,0,75,inf
Random,10,6,2,0,76,inf
Random,10,6,2,0,77,inf
Random,10,6,2,0,78,inf
Random,10,6,2,0,79,inf
Random,10,6,2,0,80,inf
Random,10,6,2,0,81,inf
Random,10,6,2,0,82,inf
Random,10,6,2,0,83,inf
Random,10,6,2,0,84,inf
Random,10,6,2,0,85,inf
Random,10,6,2,0,86,inf
Random,10,6,2,0,87,inf
Random,10,6,2,0,88,inf
Random,10,6,2,0,89,inf
Random,10,6,2,0,90,inf
Random,10,6,2,0,91,inf
Random,10,6,2,0,92,inf
Random,10,6,2,0,93,inf
Random,10,6,2,0,94,inf
Random,10,6,2,0,95,inf
Random,10,6,2,0,96,inf
Random,10,6,2,0,97,inf
Random,10,6,2,0,98,inf
Random,10,6,2,0,99,inf
Random,10,6,2,0,100,inf
qLogEI,10,6,2,0,1,inf
qLogEI,10,6,2,0,2,inf
qLogEI,10,6,2,0,3,inf
qLogEI,10,6,2,0,4,inf
qLogEI,10,6,2,0,5,inf
qLogEI,10,6,2,0,6,inf
qLogEI,10,6,2,0,7,inf
qLogEI,10,6,2,0,8,inf
qLogEI,10,6,2,0,9,inf
qLogEI,10,6,2,0,10,inf
qLogEI,10,6,2,0,11,inf
qLogEI,10,6,2,0,12,inf
qLogEI,10,6,2,0,13,inf
qLogEI,10,6,2,0,14,inf
qLogEI,10,6,2,0,15,inf
qLogEI,10,6,2,0,16,inf
qLogEI,10,6,2,0,17,inf
qLogEI,10,6,2,0,18,inf
qLogEI,10,6,2,0,19,inf
qLogEI,10,6,2,0,20,inf
qLogEI,10,6,2,0,21,inf
qLogEI,10,6,2,0,22,inf
qLogEI,10,6,2,0,23,inf
qLogEI,10,6,2,0,24,inf
qLogEI,10,6,2,0,25,inf
qLogEI,10,6,2,0,26,inf
qLogEI,10,6,2,0,27,inf
qLogEI,10,6,2,0,28,inf
qLogEI,10,6,2,0,29,inf
qLogEI,10,6,2,0,30,inf
qLogEI,10,6,2,0,31,inf
qLogEI,10,6,2,0,32,inf
qLogEI,10,6,2,0,33,inf
qLogEI,10,6,2,0,34,inf
qLogEI,10,6,2,0,35,inf
qLogEI,10,6,2,0,36,inf
qLogEI,10,6,2,0,37,inf
qLogEI,10,6,2,0,38,inf
qLogEI,10,6,2,0,39,inf
qLogEI,10,6,2,0,40,inf
qLogEI,10,6,2,0,41,inf
qLogEI,10,6,2,0,42,inf
qLogEI,10,6,2,0,43,inf
qLogEI,10,6,2,0,44,inf
qLogEI,10,6,2,0,45,inf
qLogEI,10,6,2,0,46,inf
qLogEI,10,6,2,0,47,inf
qLogEI,10,6,2,0,48,inf
qLogEI,10,6,2,0,49,inf
qLogEI,10,6,2,0,50,inf
qLogEI,10,6,2,0,51,inf
qLogEI,10,6,2,0,52,inf
qLogEI,10,6,2,0,53,inf
qLogEI,10,6,2,0,54,inf
qLogEI,10,6,2,0,55,inf
qLogEI,10,6,2,0,56,inf
qLogEI,10,6,2,0,57,inf
qLogEI,10,6,2,0,58,inf
qLogEI,10,6,2,0,59,inf
qLogEI,10,6,2,0,60,inf
qLogEI,10,6,2,0,61,inf
qLogEI,10,6,2,0,62,inf
qLogEI,10,6,2,0,63,inf
qLogEI,10,6,2,0,64,inf
qLogEI,10,6,2,0,65,inf
qLogEI,10,6,2,0,66,inf
qLogEI,10,6,2,0,67,inf
qLogEI,10,6,2,0,68,inf
qLogEI,10,6,2,0,69,inf
qLogEI,10,6,2,0,70,inf
qLogEI,10,6,2,0,71,inf
qLogEI,10,6,2,0,72,inf
qLogEI,10,6,2,0,73,inf
qLogEI,10,6,2,0,74,inf
qLogEI,10,6,2,0,75,inf
qLogEI,10,6,2,0,76,inf
qLogEI,10,6,2,0,77,inf
qLogEI,10,6,2,0,78,inf
qLogEI,10,6,2,0,79,inf
qLogEI,10,6,2,0,80,inf
qLogEI,10,6,2,0,81,inf
qLogEI,10,6,2,0,82,inf
qLogEI,10,6,2,0,83,inf
qLogEI,10,6,2,0,84,inf
qLogEI,10,6,2,0,85,inf
qLogEI,10,6,2,0,86,inf
qLogEI,10,6,2,0,87,inf
qLogEI,10,6,2,0,88,inf
qLogEI,10,6,2,0,89,inf
qLogEI,10,6,2,0,90,inf
qLogEI,10,6,2,0,91,inf
qLogEI,10,6,2,0,92,inf
qLogEI,10,6,2,0,93,inf
qLogEI,10,6,2,0,94,inf
qLogEI,10,6,2,0,95,inf
qLogEI,10,6,2,0,96,inf
qLogEI,10,6,2,0,97,inf
qLogEI,10,6,2,0,98,inf
qLogEI,10,6,2,0,99,inf
qLogEI,10,6,2,0,100,inf
RL_Enhanced,10,6,2,0,1,inf
RL_Enhanced,10,6,2,0,2,inf
RL_Enhanced,10,6,2,0,3,inf
RL_Enhanced,10,6,2,0,4,inf
RL_Enhanced,10,6,2,0,5,inf
RL_Enhanced,10,6,2,0,6,inf
RL_Enhanced,10,6,2,0,7,inf
RL_Enhanced,10,6,2,0,8,inf
RL_Enhanced,10,6,2,0,9,inf
RL_Enhanced,10,6,2,0,10,inf
RL_Enhanced,10,6,2,0,11,inf
RL_Enhanced,10,6,2,0,12,inf
RL_Enhanced,10,6,2,0,13,inf
RL_Enhanced,10,6,2,0,14,inf
RL_Enhanced,10,6,2,0,15,inf
RL_Enhanced,10,6,2,0,16,inf
RL_Enhanced,10,6,2,0,17,inf
RL_Enhanced,10,6,2,0,18,inf
RL_Enhanced,10,6,2,0,19,inf
RL_Enhanced,10,6,2,0,20,inf
RL_Enhanced,10,6,2,0,21,inf
RL_Enhanced,10,6,2,0,22,inf
RL_Enhanced,10,6,2,0,23,inf
RL_Enhanced,10,6,2,0,24,inf
RL_Enhanced,10,6,2,0,25,inf
RL_Enhanced,10,6,2,0,26,inf
RL_Enhanced,10,6,2,0,27,inf
RL_Enhanced,10,6,2,0,28,inf
RL_Enhanced,10,6,2,0,29,inf
RL_Enhanced,10,6,2,0,30,inf
RL_Enhanced,10,6,2,0,31,inf
RL_Enhanced,10,6,2,0,32,inf
RL_Enhanced,10,6,2,0,33,inf
RL_Enhanced,10,6,2,0,34,inf
RL_Enhanced,10,6,2,0,35,inf
RL_Enhanced,10,6,2,0,36,inf
RL_Enhanced,10,6,2,0,37,inf
RL_Enhanced,10,6,2,0,38,inf
RL_Enhanced,10,6,2,0,39,inf
RL_Enhanced,10,6,2,0,40,inf
RL_Enhanced,10,6,2,0,41,inf
RL_Enhanced,10,6,2,0,42,inf
RL_Enhanced,10,6,2,0,43,inf
RL_Enhanced,10,6,2,0,44,inf
RL_Enhanced,10,6,2,0,45,inf
RL_Enhanced,10,6,2,0,46,inf
RL_Enhanced,10,6,2,0,47,inf
RL_Enhanced,10,6,2,0,48,inf
RL_Enhanced,10,6,2,0,49,inf
RL_Enhanced,10,6,2,0,50,inf
RL_Enhanced,10,6,2,0,51,inf
RL_Enhanced,10,6,2,0,52,inf
RL_Enhanced,10,6,2,0,53,inf
RL_Enhanced,10,6,2,0,54,inf
RL_Enhanced,10,6,2,0,55,inf
RL_Enhanced,10,6,2,0,56,inf
RL_Enhanced,10,6,2,0,57,inf
RL_Enhanced,10,6,2,0,58,inf
RL_Enhanced,10,6,2,0,59,inf
RL_Enhanced,10,6,2,0,60,inf
RL_Enhanced,10,6,2,0,61,inf
RL_Enhanced,10,6,2,0,62,inf
RL_Enhanced,10,6,2,0,63,inf
RL_Enhanced,10,6,2,0,64,inf
RL_Enhanced,10,6,2,0,65,inf
RL_Enhanced,10,6,2,0,66,inf
RL_Enhanced,10,6,2,0,67,inf
RL_Enhanced,10,6,2,0,68,inf
RL_Enhanced,10,6,2,0,69,inf
RL_Enhanced,10,6,2,0,70,inf
RL_Enhanced,10,6,2,0,71,inf
RL_Enhanced,10,6,2,0,72,inf
RL_Enhanced,10,6,2,0,73,inf
RL_Enhanced,10,6,2,0,74,inf
RL_Enhanced,10,6,2,0,75,inf
RL_Enhanced,10,6,2,0,76,inf
RL_Enhanced,10,6,2,0,77,inf
RL_Enhanced,10,6,2,0,78,inf
RL_Enhanced,10,6,2,0,79,inf
RL_Enhanced,10,6,2,0,80,inf
RL_Enhanced,10,6,2,0,81,inf
RL_Enhanced,10,6,2,0,82,inf
RL_Enhanced,10,6,2,0,83,inf
RL_Enhanced,10,6,2,0,84,inf
RL_Enhanced,10,6,2,0,85,inf
RL_Enhanced,10,6,2,0,86,inf
RL_Enhanced,10,6,2,0,87,inf
RL_Enhanced,10,6,2,0,88,inf
RL_Enhanced,10,6,2,0,89,inf
RL_Enhanced,10,6,2,0,90,inf
RL_Enhanced,10,6,2,0,91,inf
RL_Enhanced,10,6,2,0,92,inf
RL_Enhanced,10,6,2,0,93,inf
RL_Enhanced,10,6,2,0,94,inf
RL_Enhanced,10,6,2,0,95,inf
RL_Enhanced,10,6,2,0,96,inf
RL_Enhanced,10,6,2,0,97,inf
RL_Enhanced,10,6,2,0,98,inf
RL_Enhanced,10,6,2,0,99,inf
RL_Enhanced,10,6,2,0,100,inf
Random,10,6,2,1,1,inf
Random,10,6,2,1,2,inf
Random,10,6,2,1,3,inf
Random,10,6,2,1,4,inf
Random,10,6,2,1,5,inf
Random,10,6,2,1,6,inf
Random,10,6,2,1,7,inf
Random,10,6,2,1,8,inf
Random,10,6,2,1,9,inf
Random,10,6,2,1,10,inf
Random,10,6,2,1,11,inf
Random,10,6,2,1,12,inf
Random,10,6,2,1,13,inf
Random,10,6,2,1,14,inf
Random,10,6,2,1,15,inf
Random,10,6,2,1,16,inf
Random,10,6,2,1,17,inf
Random,10,6,2,1,18,inf
Random,10,6,2,1,19,inf
Random,10,6,2,1,20,inf
Random,10,6,2,1,21,inf
Random,10,6,2,1,22,inf
Random,10,6,2,1,23,inf
Random,10,6,2,1,24,inf
Random,10,6,2,1,25,inf
Random,10,6,2,1,26,inf
Random,10,6,2,1,27,inf
Random,10,6,2,1,28,inf
Random,10,6,2,1,29,inf
Random,10,6,2,1,30,inf
Random,10,6,2,1,31,inf
Random,10,6,2,1,32,inf
Random,10,6,2,1,33,inf
Random,10,6,2,1,34,inf
Random,10,6,2,1,35,inf
Random,10,6,2,1,36,inf
Random,10,6,2,1,37,inf
Random,10,6,2,1,38,inf
Random,10,6,2,1,39,inf
Random,10,6,2,1,40,inf
Random,10,6,2,1,41,inf
Random,10,6,2,1,42,inf
Random,10,6,2,1,43,inf
Random,10,6,2,1,44,inf
Random,10,6,2,1,45,inf
Random,10,6,2,1,46,inf
Random,10,6,2,1,47,inf
Random,10,6,2,1,48,inf
Random,10,6,2,1,49,inf
Random,10,6,2,1,50,inf
Random,10,6,2,1,51,inf
Random,10,6,2,1,52,inf
Random,10,6,2,1,53,inf
Random,10,6,2,1,54,inf
Random,10,6,2,1,55,inf
Random,10,6,2,1,56,inf
Random,10,6,2,1,57,inf
Random,10,6,2,1,58,inf
Random,10,6,2,1,59,inf
Random,10,6,2,1,60,inf
Random,10,6,2,1,61,inf
Random,10,6,2,1,62,inf
Random,10,6,2,1,63,inf
Random,10,6,2,1,64,inf
Random,10,6,2,1,65,inf
Random,10,6,2,1,66,inf
Random,10,6,2,1,67,inf
Random,10,6,2,1,68,inf
Random,10,6,2,1,69,inf
Random,10,6,2,1,70,inf
Random,10,6,2,1,71,inf
Random,10,6,2,1,72,inf
Random,10,6,2,1,73,inf
Random,10,6,2,1,74,inf
Random,10,6,2,1,75,inf
Random,10,6,2,1,76,inf
Random,10,6,2,1,77,inf
Random,10,6,2,1,78,inf
Random,10,6,2,1,79,inf
Random,10,6,2,1,80,inf
Random,10,6,2,1,81,inf
Random,10,6,2,1,82,inf
Random,10,6,2,1,83,inf
Random,10,6,2,1,84,inf
Random,10,6,2,1,85,inf
Random,10,6,2,1,86,inf
Random,10,6,2,1,87,inf
Random,10,6,2,1,88,inf
Random,10,6,2,1,89,inf
Random,10,6,2,1,90,inf
Random,10,6,2,1,91,inf
Random,10,6,2,1,92,inf
Random,10,6,2,1,93,inf
Random,10,6,2,1,94,inf
Random,10,6,2,1,95,inf
Random,10,6,2,1,96,inf
Random,10,6,2,1,97,inf
Random,10,6,2,1,98,inf
Random,10,6,2,1,99,inf
Random,10,6,2,1,100,inf
qLogEI,10,6,2,1,1,inf
qLogEI,10,6,2,1,2,inf
qLogEI,10,6,2,1,3,inf
qLogEI,10,6,2,1,4,inf
qLogEI,10,6,2,1,5,inf
qLogEI,10,6,2,1,6,inf
qLogEI,10,6,2,1,7,inf
qLogEI,10,6,2,1,8,inf
qLogEI,10,6,2,1,9,inf
qLogEI,10,6,2,1,10,inf
qLogEI,10,6,2,1,11,inf
qLogEI,10,6,2,1,12,inf
qLogEI,10,6,2,1,13,inf
qLogEI,10,6,2,1,14,inf
qLogEI,10,6,2,1,15,inf
qLogEI,10,6,2,1,16,inf
qLogEI,10,6,2,1,17,inf
qLogEI,10,6,2,1,18,inf
qLogEI,10,6,2,1,19,inf
qLogEI,10,6,2,1,20,inf
qLogEI,10,6,2,1,21,inf
qLogEI,10,6,2,1,22,inf
qLogEI,10,6,2,1,23,inf
qLogEI,10,6,2,1,24,inf
qLogEI,10,6,2,1,25,inf
qLogEI,10,6,2,1,26,inf
qLogEI,10,6,2,1,27,inf
qLogEI,10,6,2,1,28,inf
qLogEI,10,6,2,1,29,inf
qLogEI,10,6,2,1,30,inf
qLogEI,10,6,2,1,31,inf
qLogEI,10,6,2,1,32,inf
qLogEI,10,6,2,1,33,inf
qLogEI,10,6,2,1,34,inf
qLogEI,10,6,2,1,35,inf
qLogEI,10,6,2,1,36,inf
qLogEI,10,6,2,1,37,inf
qLogEI,10,6,2,1,38,inf
qLogEI,10,6,2,1,39,inf
qLogEI,10,6,2,1,40,inf
qLogEI,10,6,2,1,41,inf
qLogEI,10,6,2,1,42,inf
qLogEI,10,6,2,1,43,inf
qLogEI,10,6,2,1,44,inf
qLogEI,10,6,2,1,45,inf
qLogEI,10,6,2,1,46,inf
qLogEI,10,6,2,1,47,inf
qLogEI,10,6,2,1,48,inf
qLogEI,10,6,2,1,49,inf
qLogEI,10,6,2,1,50,inf
qLogEI,10,6,2,1,51,inf
qLogEI,10,6,2,1,52,inf
qLogEI,10,6,2,1,53,inf
qLogEI,10,6,2,1,54,inf
qLogEI,10,6,2,1,55,inf
qLogEI,10,6,2,1,56,inf
qLogEI,10,6,2,1,57,inf
qLogEI,10,6,2,1,58,inf
qLogEI,10,6,2,1,59,inf
qLogEI,10,6,2,1,60,inf
qLogEI,10,6,2,1,61,inf
qLogEI,10,6,2,1,62,inf
qLogEI,10,6,2,1,63,inf
qLogEI,10,6,2,1,64,inf
qLogEI,10,6,2,1,65,inf
qLogEI,10,6,2,1,66,inf
qLogEI,10,6,2,1,67,inf
qLogEI,10,6,2,1,68,inf
qLogEI,10,6,2,1,69,inf
qLogEI,10,6,2,1,70,inf
qLogEI,10,6,2,1,71,inf
qLogEI,10,6,2,1,72,inf
qLogEI,10,6,2,1,73,inf
qLogEI,10,6,2,1,74,inf
qLogEI,10,6,2,1,75,inf
qLogEI,10,6,2,1,76,inf
qLogEI,10,6,2,1,77,inf
qLogEI,10,6,2,1,78,inf
qLogEI,10,6,2,1,79,inf
qLogEI,10,6,2,1,80,inf
qLogEI,10,6,2,1,81,inf
qLogEI,10,6,2,1,82,inf
qLogEI,10,6,2,1,83,inf
qLogEI,10,6,2,1,84,inf
qLogEI,10,6,2,1,85,inf
qLogEI,10,6,2,1,86,inf
qLogEI,10,6,2,1,87,inf
qLogEI,10,6,2,1,88,inf
qLogEI,10,6,2,1,89,inf
qLogEI,10,6,2,1,90,inf
qLogEI,10,6,2,1,91,inf
qLogEI,10,6,2,1,92,inf
qLogEI,10,6,2,1,93,inf
qLogEI,10,6,2,1,94,inf
qLogEI,10,6,2,1,95,inf
qLogEI,10,6,2,1,96,inf
qLogEI,10,6,2,1,97,inf
qLogEI,10,6,2,1,98,inf
qLogEI,10,6,2,1,99,inf
qLogEI,10,6,2,1,100,inf
RL_Enhanced,10,6,2,1,1,inf
RL_Enhanced,10,6,2,1,2,inf
RL_Enhanced,10,6,2,1,3,inf
RL_Enhanced,10,6,2,1,4,inf
RL_Enhanced,10,6,2,1,5,inf
RL_Enhanced,10,6,2,1,6,inf
RL_Enhanced,10,6,2,1,7,inf
RL_Enhanced,10,6,2,1,8,inf
RL_Enhanced,10,6,2,1,9,inf
RL_Enhanced,10,6,2,1,10,inf
RL_Enhanced,10,6,2,1,11,inf
RL_Enhanced,10,6,2,1,12,inf
RL_Enhanced,10,6,2,1,13,inf
RL_Enhanced,10,6,2,1,14,inf
RL_Enhanced,10,6,2,1,15,inf
RL_Enhanced,10,6,2,1,16,inf
RL_Enhanced,10,6,2,1,17,inf
RL_Enhanced,10,6,2,1,18,inf
RL_Enhanced,10,6,2,1,19,inf
RL_Enhanced,10,6,2,1,20,inf
RL_Enhanced,10,6,2,1,21,inf
RL_Enhanced,10,6,2,1,22,inf
RL_Enhanced,10,6,2,1,23,inf
RL_Enhanced,10,6,2,1,24,inf
RL_Enhanced,10,6,2,1,25,inf
RL_Enhanced,10,6,2,1,26,inf
RL_Enhanced,10,6,2,1,27,inf
RL_Enhanced,10,6,2,1,28,inf
RL_Enhanced,10,6,2,1,29,inf
RL_Enhanced,10,6,2,1,30,inf
RL_Enhanced,10,6,2,1,31,inf
RL_Enhanced,10,6,2,1,32,inf
RL_Enhanced,10,6,2,1,33,inf
RL_Enhanced,10,6,2,1,34,inf
RL_Enhanced,10,6,2,1,35,inf
RL_Enhanced,10,6,2,1,36,inf
RL_Enhanced,10,6,2,1,37,inf
RL_Enhanced,10,6,2,1,38,inf
RL_Enhanced,10,6,2,1,39,inf
RL_Enhanced,10,6,2,1,40,inf
RL_Enhanced,10,6,2,1,41,inf
RL_Enhanced,10,6,2,1,42,inf
RL_Enhanced,10,6,2,1,43,inf
RL_Enhanced,10,6,2,1,44,inf
RL_Enhanced,10,6,2,1,45,inf
RL_Enhanced,10,6,2,1,46,inf
RL_Enhanced,10,6,2,1,47,inf
RL_Enhanced,10,6,2,1,48,inf
RL_Enhanced,10,6,2,1,49,inf
RL_Enhanced,10,6,2,1,50,inf
RL_Enhanced,10,6,2,1,51,inf
RL_Enhanced,10,6,2,1,52,inf
RL_Enhanced,10,6,2,1,53,inf
RL_Enhanced,10,6,2,1,54,inf
RL_Enhanced,10,6,2,1,55,inf
RL_Enhanced,10,6,2,1,56,inf
RL_Enhanced,10,6,2,1,57,inf
RL_Enhanced,10,6,2,1,58,inf
RL_Enhanced,10,6,2,1,59,inf
RL_Enhanced,10,6,2,1,60,inf
RL_Enhanced,10,6,2,1,61,inf
RL_Enhanced,10,6,2,1,62,inf
RL_Enhanced,10,6,2,1,63,inf
RL_Enhanced,10,6,2,1,64,inf
RL_Enhanced,10,6,2,1,65,inf
RL_Enhanced,10,6,2,1,66,inf
RL_Enhanced,10,6,2,1,67,inf
RL_Enhanced,10,6,2,1,68,inf
RL_Enhanced,10,6,2,1,69,inf
RL_Enhanced,10,6,2,1,70,inf
RL_Enhanced,10,6,2,1,71,inf
RL_Enhanced,10,6,2,1,72,inf
RL_Enhanced,10,6,2,1,73,inf
RL_Enhanced,10,6,2,1,74,inf
RL_Enhanced,10,6,2,1,75,inf
RL_Enhanced,10,6,2,1,76,inf
RL_Enhanced,10,6,2,1,77,inf
RL_Enhanced,10,6,2,1,78,inf
RL_Enhanced,10,6,2,1,79,inf
RL_Enhanced,10,6,2,1,80,inf
RL_Enhanced,10,6,2,1,81,inf
RL_Enhanced,10,6,2,1,82,inf
RL_Enhanced,10,6,2,1,83,inf
RL_Enhanced,10,6,2,1,84,inf
RL_Enhanced,10,6,2,1,85,inf
RL_Enhanced,10,6,2,1,86,inf
RL_Enhanced,10,6,2,1,87,inf
RL_Enhanced,10,6,2,1,88,inf
RL_Enhanced,10,6,2,1,89,inf
RL_Enhanced,10,6,2,1,90,inf
RL_Enhanced,10,6,2,1,91,inf
RL_Enhanced,10,6,2,1,92,inf
RL_Enhanced,10,6,2,1,93,inf
RL_Enhanced,10,6,2,1,94,inf
RL_Enhanced,10,6,2,1,95,inf
RL_Enhanced,10,6,2,1,96,inf
RL_Enhanced,10,6,2,1,97,inf
RL_Enhanced,10,6,2,1,98,inf
RL_Enhanced,10,6,2,1,99,inf
RL_Enhanced,10,6,2,1,100,inf
Random,10,6,2,2,1,inf
Random,10,6,2,2,2,inf
Random,10,6,2,2,3,inf
Random,10,6,2,2,4,inf
Random,10,6,2,2,5,inf
Random,10,6,2,2,6,inf
Random,10,6,2,2,7,inf
Random,10,6,2,2,8,inf
Random,10,6,2,2,9,inf
Random,10,6,2,2,10,inf
Random,10,6,2,2,11,inf
Random,10,6,2,2,12,inf
Random,10,6,2,2,13,inf
Random,10,6,2,2,14,inf
Random,10,6,2,2,15,inf
Random,10,6,2,2,16,inf
Random,10,6,2,2,17,inf
Random,10,6,2,2,18,inf
Random,10,6,2,2,19,inf
Random,10,6,2,2,20,inf
Random,10,6,2,2,21,inf
Random,10,6,2,2,22,inf
Random,10,6,2,2,23,inf
Random,10,6,2,2,24,inf
Random,10,6,2,2,25,inf
Random,10,6,2,2,26,inf
Random,10,6,2,2,27,inf
Random,10,6,2,2,28,inf
Random,10,6,2,2,29,inf
Random,10,6,2,2,30,inf
Random,10,6,2,2,31,inf
Random,10,6,2,2,32,inf
Random,10,6,2,2,33,inf
Random,10,6,2,2,34,inf
Random,10,6,2,2,35,inf
Random,10,6,2,2,36,inf
Random,10,6,2,2,37,inf
Random,10,6,2,2,38,inf
Random,10,6,2,2,39,inf
Random,10,6,2,2,40,inf
Random,10,6,2,2,41,inf
Random,10,6,2,2,42,inf
Random,10,6,2,2,43,inf
Random,10,6,2,2,44,inf
Random,10,6,2,2,45,inf
Random,10,6,2,2,46,inf
Random,10,6,2,2,47,inf
Random,10,6,2,2,48,inf
Random,10,6,2,2,49,inf
Random,10,6,2,2,50,inf
Random,10,6,2,2,51,inf
Random,10,6,2,2,52,inf
Random,10,6,2,2,53,inf
Random,10,6,2,2,54,inf
Random,10,6,2,2,55,inf
Random,10,6,2,2,56,inf
Random,10,6,2,2,57,inf
Random,10,6,2,2,58,inf
Random,10,6,2,2,59,inf
Random,10,6,2,2,60,inf
Random,10,6,2,2,61,inf
Random,10,6,2,2,62,inf
Random,10,6,2,2,63,inf
Random,10,6,2,2,64,inf
Random,10,6,2,2,65,inf
Random,10,6,2,2,66,inf
Random,10,6,2,2,67,inf
Random,10,6,2,2,68,inf
Random,10,6,2,2,69,inf
Random,10,6,2,2,70,inf
Random,10,6,2,2,71,inf
Random,10,6,2,2,72,inf
Random,10,6,2,2,73,inf
Random,10,6,2,2,74,inf
Random,10,6,2,2,75,inf
Random,10,6,2,2,76,inf
Random,10,6,2,2,77,inf
Random,10,6,2,2,78,inf
Random,10,6,2,2,79,inf
Random,10,6,2,2,80,inf
Random,10,6,2,2,81,inf
Random,10,6,2,2,82,inf
Random,10,6,2,2,83,inf
Random,10,6,2,2,84,inf
Random,10,6,2,2,85,inf
Random,10,6,2,2,86,inf
Random,10,6,2,2,87,inf
Random,10,6,2,2,88,inf
Random,10,6,2,2,89,inf
Random,10,6,2,2,90,inf
Random,10,6,2,2,91,inf
Random,10,6,2,2,92,inf
Random,10,6,2,2,93,inf
Random,10,6,2,2,94,inf
Random,10,6,2,2,95,inf
Random,10,6,2,2,96,inf
Random,10,6,2,2,97,inf
Random,10,6,2,2,98,inf
Random,10,6,2,2,99,inf
Random,10,6,2,2,100,inf
qLogEI,10,6,2,2,1,inf
qLogEI,10,6,2,2,2,inf
qLogEI,10,6,2,2,3,inf
qLogEI,10,6,2,2,4,inf
qLogEI,10,6,2,2,5,inf
qLogEI,10,6,2,2,6,inf
qLogEI,10,6,2,2,7,inf
qLogEI,10,6,2,2,8,inf
qLogEI,10,6,2,2,9,inf
qLogEI,10,6,2,2,10,inf
qLogEI,10,6,2,2,11,inf
qLogEI,10,6,2,2,12,inf
qLogEI,10,6,2,2,13,inf
qLogEI,10,6,2,2,14,inf
qLogEI,10,6,2,2,15,inf
qLogEI,10,6,2,2,16,inf
qLogEI,10,6,2,2,17,inf
qLogEI,10,6,2,2,18,inf
qLogEI,10,6,2,2,19,inf
qLogEI,10,6,2,2,20,inf
qLogEI,10,6,2,2,21,inf
qLogEI,10,6,2,2,22,inf
qLogEI,10,6,2,2,23,inf
qLogEI,10,6,2,2,24,inf
qLogEI,10,6,2,2,25,inf
qLogEI,10,6,2,2,26,inf
qLogEI,10,6,2,2,27,inf
qLogEI,10,6,2,2,28,inf
qLogEI,10,6,2,2,29,inf
qLogEI,10,6,2,2,30,inf
qLogEI,10,6,2,2,31,inf
qLogEI,10,6,2,2,32,inf
qLogEI,10,6,2,2,33,inf
qLogEI,10,6,2,2,34,inf
qLogEI,10,6,2,2,35,inf
qLogEI,10,6,2,2,36,inf
qLogEI,10,6,2,2,37,inf
qLogEI,10,6,2,2,38,inf
qLogEI,10,6,2,2,39,inf
qLogEI,10,6,2,2,40,inf
qLogEI,10,6,2,2,41,inf
qLogEI,10,6,2,2,42,inf
qLogEI,10,6,2,2,43,inf
qLogEI,10,6,2,2,44,inf
qLogEI,10,6,2,2,45,inf
qLogEI,10,6,2,2,46,inf
qLogEI,10,6,2,2,47,inf
qLogEI,10,6,2,2,48,inf
qLogEI,10,6,2,2,49,inf
qLogEI,10,6,2,2,50,inf
qLogEI,10,6,2,2,51,inf
qLogEI,10,6,2,2,52,inf
qLogEI,10,6,2,2,53,inf
qLogEI,10,6,2,2,54,inf
qLogEI,10,6,2,2,55,inf
qLogEI,10,6,2,2,56,inf
qLogEI,10,6,2,2,57,inf
qLogEI,10,6,2,2,58,inf
qLogEI,10,6,2,2,59,inf
qLogEI,10,6,2,2,60,inf
qLogEI,10,6,2,2,61,inf
qLogEI,10,6,2,2,62,inf
qLogEI,10,6,2,2,63,inf
qLogEI,10,6,2,2,64,inf
qLogEI,10,6,2,2,65,inf
qLogEI,10,6,2,2,66,inf
qLogEI,10,6,2,2,67,inf
qLogEI,10,6,2,2,68,inf
qLogEI,10,6,2,2,69,inf
qLogEI,10,6,2,2,70,inf
qLogEI,10,6,2,2,71,inf
qLogEI,10,6,2,2,72,inf
qLogEI,10,6,2,2,73,inf
qLogEI,10,6,2,2,74,inf
qLogEI,10,6,2,2,75,inf
qLogEI,10,6,2,2,76,inf
qLogEI,10,6,2,2,77,inf
qLogEI,10,6,2,2,78,inf
qLogEI,10,6,2,2,79,inf
qLogEI,10,6,2,2,80,inf
qLogEI,10,6,2,2,81,inf
qLogEI,10,6,2,2,82,inf
qLogEI,10,6,2,2,83,inf
qLogEI,10,6,2,2,84,inf
qLogEI,10,6,2,2,85,inf
qLogEI,10,6,2,2,86,inf
qLogEI,10,6,2,2,87,inf
qLogEI,10,6,2,2,88,inf
qLogEI,10,6,2,2,89,inf
qLogEI,10,6,2,2,90,inf
qLogEI,10,6,2,2,91,inf
qLogEI,10,6,2,2,92,inf
qLogEI,10,6,2,2,93,inf
qLogEI,10,6,2,2,94,inf
qLogEI,10,6,2,2,95,inf
qLogEI,10,6,2,2,96,inf
qLogEI,10,6,2,2,97,inf
qLogEI,10,6,2,2,98,inf
qLogEI,10,6,2,2,99,inf
qLogEI,10,6,2,2,100,inf
RL_Enhanced,10,6,2,2,1,inf
RL_Enhanced,10,6,2,2,2,inf
RL_Enhanced,10,6,2,2,3,inf
RL_Enhanced,10,6,2,2,4,inf
RL_Enhanced,10,6,2,2,5,inf
RL_Enhanced,10,6,2,2,6,inf
RL_Enhanced,10,6,2,2,7,inf
RL_Enhanced,10,6,2,2,8,inf
RL_Enhanced,10,6,2,2,9,inf
RL_Enhanced,10,6,2,2,10,inf
RL_Enhanced,10,6,2,2,11,inf
RL_Enhanced,10,6,2,2,12,inf
RL_Enhanced,10,6,2,2,13,inf
RL_Enhanced,10,6,2,2,14,inf
RL_Enhanced,10,6,2,2,15,inf
RL_Enhanced,10,6,2,2,16,inf
RL_Enhanced,10,6,2,2,17,inf
RL_Enhanced,10,6,2,2,18,inf
RL_Enhanced,10,6,2,2,19,inf
RL_Enhanced,10,6,2,2,20,inf
RL_Enhanced,10,6,2,2,21,inf
RL_Enhanced,10,6,2,2,22,inf
RL_Enhanced,10,6,2,2,23,inf
RL_Enhanced,10,6,2,2,24,inf
RL_Enhanced,10,6,2,2,25,inf
RL_Enhanced,10,6,2,2,26,inf
RL_Enhanced,10,6,2,2,27,inf
RL_Enhanced,10,6,2,2,28,inf
RL_Enhanced,10,6,2,2,29,inf
RL_Enhanced,10,6,2,2,30,inf
RL_Enhanced,10,6,2,2,31,inf
RL_Enhanced,10,6,2,2,32,inf
RL_Enhanced,10,6,2,2,33,inf
RL_Enhanced,10,6,2,2,34,inf
RL_Enhanced,10,6,2,2,35,inf
RL_Enhanced,10,6,2,2,36,inf
RL_Enhanced,10,6,2,2,37,inf
RL_Enhanced,10,6,2,2,38,inf
RL_Enhanced,10,6,2,2,39,inf
RL_Enhanced,10,6,2,2,40,inf
RL_Enhanced,10,6,2,2,41,inf
RL_Enhanced,10,6,2,2,42,inf
RL_Enhanced,10,6,2,2,43,inf
RL_Enhanced,10,6,2,2,44,inf
RL_Enhanced,10,6,2,2,45,inf
RL_Enhanced,10,6,2,2,46,inf
RL_Enhanced,10,6,2,2,47,inf
RL_Enhanced,10,6,2,2,48,inf
RL_Enhanced,10,6,2,2,49,inf
RL_Enhanced,10,6,2,2,50,inf
RL_Enhanced,10,6,2,2,51,inf
RL_Enhanced,10,6,2,2,52,inf
RL_Enhanced,10,6,2,2,53,inf
RL_Enhanced,10,6,2,2,54,inf
RL_Enhanced,10,6,2,2,55,inf
RL_Enhanced,10,6,2,2,56,inf
RL_Enhanced,10,6,2,2,57,inf
RL_Enhanced,10,6,2,2,58,inf
RL_Enhanced,10,6,2,2,59,inf
RL_Enhanced,10,6,2,2,60,inf
RL_Enhanced,10,6,2,2,61,inf
RL_Enhanced,10,6,2,2,62,inf
RL_Enhanced,10,6,2,2,63,inf
RL_Enhanced,10,6,2,2,64,inf
RL_Enhanced,10,6,2,2,65,inf
RL_Enhanced,10,6,2,2,66,inf
RL_Enhanced,10,6,2,2,67,inf
RL_Enhanced,10,6,2,2,68,inf
RL_Enhanced,10,6,2,2,69,inf
RL_Enhanced,10,6,2,2,70,inf
RL_Enhanced,10,6,2,2,71,inf
RL_Enhanced,10,6,2,2,72,inf
RL_Enhanced,10,6,2,2,73,inf
RL_Enhanced,10,6,2,2,74,inf
RL_Enhanced,10,6,2,2,75,inf
RL_Enhanced,10,6,2,2,76,inf
RL_Enhanced,10,6,2,2,77,inf
RL_Enhanced,10,6,2,2,78,inf
RL_Enhanced,10,6,2,2,79,inf
RL_Enhanced,10,6,2,2,80,inf
RL_Enhanced,10,6,2,2,81,inf
RL_Enhanced,10,6,2,2,82,inf
RL_Enhanced,10,6,2,2,83,inf
RL_Enhanced,10,6,2,2,84,inf
RL_Enhanced,10,6,2,2,85,inf
RL_Enhanced,10,6,2,2,86,inf
RL_Enhanced,10,6,2,2,87,inf
RL_Enhanced,10,6,2,2,88,inf
RL_Enhanced,10,6,2,2,89,inf
RL_Enhanced,10,6,2,2,90,inf
RL_Enhanced,10,6,2,2,91,inf
RL_Enhanced,10,6,2,2,92,inf
RL_Enhanced,10,6,2,2,93,inf
RL_Enhanced,10,6,2,2,94,inf
RL_Enhanced,10,6,2,2,95,inf
RL_Enhanced,10,6,2,2,96,inf
RL_Enhanced,10,6,2,2,97,inf
RL_Enhanced,10,6,2,2,98,inf
RL_Enhanced,10,6,2,2,99,inf
RL_Enhanced,10,6,2,2,100,inf
Random,10,6,2,3,1,inf
Random,10,6,2,3,2,inf
Random,10,6,2,3,3,inf
Random,10,6,2,3,4,inf
Random,10,6,2,3,5,inf
Random,10,6,2,3,6,inf
Random,10,6,2,3,7,inf
Random,10,6,2,3,8,inf
Random,10,6,2,3,9,inf
Random,10,6,2,3,10,inf
Random,10,6,2,3,11,inf
Random,10,6,2,3,12,inf
Random,10,6,2,3,13,inf
Random,10,6,2,3,14,inf
Random,10,6,2,3,15,inf
Random,10,6,2,3,16,inf
Random,10,6,2,3,17,inf
Random,10,6,2,3,18,inf
Random,10,6,2,3,19,inf
Random,10,6,2,3,20,inf
Random,10,6,2,3,21,inf
Random,10,6,2,3,22,inf
Random,10,6,2,3,23,inf
Random,10,6,2,3,24,inf
Random,10,6,2,3,25,inf
Random,10,6,2,3,26,inf
Random,10,6,2,3,27,inf
Random,10,6,2,3,28,inf
Random,10,6,2,3,29,inf
Random,10,6,2,3,30,inf
Random,10,6,2,3,31,inf
Random,10,6,2,3,32,inf
Random,10,6,2,3,33,inf
Random,10,6,2,3,34,inf
Random,10,6,2,3,35,inf
Random,10,6,2,3,36,inf
Random,10,6,2,3,37,inf
Random,10,6,2,3,38,inf
Random,10,6,2,3,39,inf
Random,10,6,2,3,40,inf
Random,10,6,2,3,41,inf
Random,10,6,2,3,42,inf
Random,10,6,2,3,43,inf
Random,10,6,2,3,44,inf
Random,10,6,2,3,45,inf
Random,10,6,2,3,46,inf
Random,10,6,2,3,47,inf
Random,10,6,2,3,48,inf
Random,10,6,2,3,49,inf
Random,10,6,2,3,50,inf
Random,10,6,2,3,51,inf
Random,10,6,2,3,52,inf
Random,10,6,2,3,53,inf
Random,10,6,2,3,54,inf
Random,10,6,2,3,55,inf
Random,10,6,2,3,56,inf
Random,10,6,2,3,57,inf
Random,10,6,2,3,58,inf
Random,10,6,2,3,59,inf
Random,10,6,2,3,60,inf
Random,10,6,2,3,61,inf
Random,10,6,2,3,62,inf
Random,10,6,2,3,63,inf
Random,10,6,2,3,64,inf
Random,10,6,2,3,65,inf
Random,10,6,2,3,66,inf
Random,10,6,2,3,67,inf
Random,10,6,2,3,68,inf
Random,10,6,2,3,69,inf
Random,10,6,2,3,70,inf
Random,10,6,2,3,71,inf
Random,10,6,2,3,72,inf
Random,10,6,2,3,73,inf
Random,10,6,2,3,74,inf
Random,10,6,2,3,75,inf
Random,10,6,2,3,76,inf
Random,10,6,2,3,77,inf
Random,10,6,2,3,78,inf
Random,10,6,2,3,79,inf
Random,10,6,2,3,80,inf
Random,10,6,2,3,81,inf
Random,10,6,2,3,82,inf
Random,10,6,2,3,83,inf
Random,10,6,2,3,84,inf
Random,10,6,2,3,85,inf
Random,10,6,2,3,86,inf
Random,10,6,2,3,87,inf
Random,10,6,2,3,88,inf
Random,10,6,2,3,89,inf
Random,10,6,2,3,90,inf
Random,10,6,2,3,91,inf
Random,10,6,2,3,92,inf
Random,10,6,2,3,93,inf
Random,10,6,2,3,94,inf
Random,10,6,2,3,95,inf
Random,10,6,2,3,96,inf
Random,10,6,2,3,97,inf
Random,10,6,2,3,98,inf
Random,10,6,2,3,99,inf
Random,10,6,2,3,100,inf
qLogEI,10,6,2,3,1,inf
qLogEI,10,6,2,3,2,inf
qLogEI,10,6,2,3,3,inf
qLogEI,10,6,2,3,4,inf
qLogEI,10,6,2,3,5,inf
qLogEI,10,6,2,3,6,inf
qLogEI,10,6,2,3,7,inf
qLogEI,10,6,2,3,8,inf
qLogEI,10,6,2,3,9,inf
qLogEI,10,6,2,3,10,inf
qLogEI,10,6,2,3,11,inf
qLogEI,10,6,2,3,12,inf
qLogEI,10,6,2,3,13,inf
qLogEI,10,6,2,3,14,inf
qLogEI,10,6,2,3,15,inf
qLogEI,10,6,2,3,16,inf
qLogEI,10,6,2,3,17,inf
qLogEI,10,6,2,3,18,inf
qLogEI,10,6,2,3,19,inf
qLogEI,10,6,2,3,20,inf
qLogEI,10,6,2,3,21,inf
qLogEI,10,6,2,3,22,inf
qLogEI,10,6,2,3,23,inf
qLogEI,10,6,2,3,24,inf
qLogEI,10,6,2,3,25,inf
qLogEI,10,6,2,3,26,inf
qLogEI,10,6,2,3,27,inf
qLogEI,10,6,2,3,28,inf
qLogEI,10,6,2,3,29,inf
qLogEI,10,6,2,3,30,inf
qLogEI,10,6,2,3,31,inf
qLogEI,10,6,2,3,32,inf
qLogEI,10,6,2,3,33,inf
qLogEI,10,6,2,3,34,inf
qLogEI,10,6,2,3,35,inf
qLogEI,10,6,2,3,36,inf
qLogEI,10,6,2,3,37,inf
qLogEI,10,6,2,3,38,inf
qLogEI,10,6,2,3,39,inf
qLogEI,10,6,2,3,40,inf
qLogEI,10,6,2,3,41,inf
qLogEI,10,6,2,3,42,inf
qLogEI,10,6,2,3,43,inf
qLogEI,10,6,2,3,44,inf
qLogEI,10,6,2,3,45,inf
qLogEI,10,6,2,3,46,inf
qLogEI,10,6,2,3,47,inf
qLogEI,10,6,2,3,48,inf
qLogEI,10,6,2,3,49,inf
qLogEI,10,6,2,3,50,inf
qLogEI,10,6,2,3,51,inf
qLogEI,10,6,2,3,52,inf
qLogEI,10,6,2,3,53,inf
qLogEI,10,6,2,3,54,inf
qLogEI,10,6,2,3,55,inf
qLogEI,10,6,2,3,56,inf
qLogEI,10,6,2,3,57,inf
qLogEI,10,6,2,3,58,inf
qLogEI,10,6,2,3,59,inf
qLogEI,10,6,2,3,60,inf
qLogEI,10,6,2,3,61,inf
qLogEI,10,6,2,3,62,inf
qLogEI,10,6,2,3,63,inf
qLogEI,10,6,2,3,64,inf
qLogEI,10,6,2,3,65,inf
qLogEI,10,6,2,3,66,inf
qLogEI,10,6,2,3,67,inf
qLogEI,10,6,2,3,68,inf
qLogEI,10,6,2,3,69,inf
qLogEI,10,6,2,3,70,inf
qLogEI,10,6,2,3,71,inf
qLogEI,10,6,2,3,72,inf
qLogEI,10,6,2,3,73,inf
qLogEI,10,6,2,3,74,inf
qLogEI,10,6,2,3,75,inf
qLogEI,10,6,2,3,76,inf
qLogEI,10,6,2,3,77,inf
qLogEI,10,6,2,3,78,inf
qLogEI,10,6,2,3,79,inf
qLogEI,10,6,2,3,80,inf
qLogEI,10,6,2,3,81,inf
qLogEI,10,6,2,3,82,inf
qLogEI,10,6,2,3,83,inf
qLogEI,10,6,2,3,84,inf
qLogEI,10,6,2,3,85,inf
qLogEI,10,6,2,3,86,inf
qLogEI,10,6,2,3,87,inf
qLogEI,10,6,2,3,88,inf
qLogEI,10,6,2,3,89,inf
qLogEI,10,6,2,3,90,inf
qLogEI,10,6,2,3,91,inf
qLogEI,10,6,2,3,92,inf
qLogEI,10,6,2,3,93,inf
qLogEI,10,6,2,3,94,inf
qLogEI,10,6,2,3,95,inf
qLogEI,10,6,2,3,96,inf
qLogEI,10,6,2,3,97,inf
qLogEI,10,6,2,3,98,inf
qLogEI,10,6,2,3,99,inf
qLogEI,10,6,2,3,100,inf
RL_Enhanced,10,6,2,3,1,inf
RL_Enhanced,10,6,2,3,2,inf
RL_Enhanced,10,6,2,3,3,inf
RL_Enhanced,10,6,2,3,4,inf
RL_Enhanced,10,6,2,3,5,inf
RL_Enhanced,10,6,2,3,6,inf
RL_Enhanced,10,6,2,3,7,inf
RL_Enhanced,10,6,2,3,8,inf
RL_Enhanced,10,6,2,3,9,inf
RL_Enhanced,10,6,2,3,10,inf
RL_Enhanced,10,6,2,3,11,inf
RL_Enhanced,10,6,2,3,12,inf
RL_Enhanced,10,6,2,3,13,inf
RL_Enhanced,10,6,2,3,14,inf
RL_Enhanced,10,6,2,3,15,inf
RL_Enhanced,10,6,2,3,16,inf
RL_Enhanced,10,6,2,3,17,inf
RL_Enhanced,10,6,2,3,18,inf
RL_Enhanced,10,6,2,3,19,inf
RL_Enhanced,10,6,2,3,20,inf
RL_Enhanced,10,6,2,3,21,inf
RL_Enhanced,10,6,2,3,22,inf
RL_Enhanced,10,6,2,3,23,inf
RL_Enhanced,10,6,2,3,24,inf
RL_Enhanced,10,6,2,3,25,inf
RL_Enhanced,10,6,2,3,26,inf
RL_Enhanced,10,6,2,3,27,inf
RL_Enhanced,10,6,2,3,28,inf
RL_Enhanced,10,6,2,3,29,inf
RL_Enhanced,10,6,2,3,30,inf
RL_Enhanced,10,6,2,3,31,inf
RL_Enhanced,10,6,2,3,32,inf
RL_Enhanced,10,6,2,3,33,inf
RL_Enhanced,10,6,2,3,34,inf
RL_Enhanced,10,6,2,3,35,inf
RL_Enhanced,10,6,2,3,36,inf
RL_Enhanced,10,6,2,3,37,inf
RL_Enhanced,10,6,2,3,38,inf
RL_Enhanced,10,6,2,3,39,inf
RL_Enhanced,10,6,2,3,40,inf
RL_Enhanced,10,6,2,3,41,inf
RL_Enhanced,10,6,2,3,42,inf
RL_Enhanced,10,6,2,3,43,inf
RL_Enhanced,10,6,2,3,44,inf
RL_Enhanced,10,6,2,3,45,inf
RL_Enhanced,10,6,2,3,46,inf
RL_Enhanced,10,6,2,3,47,inf
RL_Enhanced,10,6,2,3,48,inf
RL_Enhanced,10,6,2,3,49,inf
RL_Enhanced,10,6,2,3,50,inf
RL_Enhanced,10,6,2,3,51,inf
RL_Enhanced,10,6,2,3,52,inf
RL_Enhanced,10,6,2,3,53,inf
RL_Enhanced,10,6,2,3,54,inf
RL_Enhanced,10,6,2,3,55,inf
RL_Enhanced,10,6,2,3,56,inf
RL_Enhanced,10,6,2,3,57,inf
RL_Enhanced,10,6,2,3,58,inf
RL_Enhanced,10,6,2,3,59,inf
RL_Enhanced,10,6,2,3,60,inf
RL_Enhanced,10,6,2,3,61,inf
RL_Enhanced,10,6,2,3,62,inf
RL_Enhanced,10,6,2,3,63,inf
RL_Enhanced,10,6,2,3,64,inf
RL_Enhanced,10,6,2,3,65,inf
RL_Enhanced,10,6,2,3,66,inf
RL_Enhanced,10,6,2,3,67,inf
RL_Enhanced,10,6,2,3,68,inf
RL_Enhanced,10,6,2,3,69,inf
RL_Enhanced,10,6,2,3,70,inf
RL_Enhanced,10,6,2,3,71,inf
RL_Enhanced,10,6,2,3,72,inf
RL_Enhanced,10,6,2,3,73,inf
RL_Enhanced,10,6,2,3,74,inf
RL_Enhanced,10,6,2,3,75,inf
RL_Enhanced,10,6,2,3,76,inf
RL_Enhanced,10,6,2,3,77,inf
RL_Enhanced,10,6,2,3,78,inf
RL_Enhanced,10,6,2,3,79,inf
RL_Enhanced,10,6,2,3,80,inf
RL_Enhanced,10,6,2,3,81,inf
RL_Enhanced,10,6,2,3,82,inf
RL_Enhanced,10,6,2,3,83,inf
RL_Enhanced,10,6,2,3,84,inf
RL_Enhanced,10,6,2,3,85,inf
RL_Enhanced,10,6,2,3,86,inf
RL_Enhanced,10,6,2,3,87,inf
RL_Enhanced,10,6,2,3,88,inf
RL_Enhanced,10,6,2,3,89,inf
RL_Enhanced,10,6,2,3,90,inf
RL_Enhanced,10,6,2,3,91,inf
RL_Enhanced,10,6,2,3,92,inf
RL_Enhanced,10,6,2,3,93,inf
RL_Enhanced,10,6,2,3,94,inf
RL_Enhanced,10,6,2,3,95,inf
RL_Enhanced,10,6,2,3,96,inf
RL_Enhanced,10,6,2,3,97,inf
RL_Enhanced,10,6,2,3,98,inf
RL_Enhanced,10,6,2,3,99,inf
RL_Enhanced,10,6,2,3,100,inf
Random,10,6,2,4,1,inf
Random,10,6,2,4,2,inf
Random,10,6,2,4,3,inf
Random,10,6,2,4,4,inf
Random,10,6,2,4,5,inf
Random,10,6,2,4,6,inf
Random,10,6,2,4,7,inf
Random,10,6,2,4,8,inf
Random,10,6,2,4,9,inf
Random,10,6,2,4,10,inf
Random,10,6,2,4,11,inf
Random,10,6,2,4,12,inf
Random,10,6,2,4,13,inf
Random,10,6,2,4,14,inf
Random,10,6,2,4,15,inf
Random,10,6,2,4,16,inf
Random,10,6,2,4,17,inf
Random,10,6,2,4,18,inf
Random,10,6,2,4,19,inf
Random,10,6,2,4,20,inf
Random,10,6,2,4,21,inf
Random,10,6,2,4,22,inf
Random,10,6,2,4,23,inf
Random,10,6,2,4,24,inf
Random,10,6,2,4,25,inf
Random,10,6,2,4,26,inf
Random,10,6,2,4,27,inf
Random,10,6,2,4,28,inf
Random,10,6,2,4,29,inf
Random,10,6,2,4,30,inf
Random,10,6,2,4,31,inf
Random,10,6,2,4,32,inf
Random,10,6,2,4,33,inf
Random,10,6,2,4,34,inf
Random,10,6,2,4,35,inf
Random,10,6,2,4,36,inf
Random,10,6,2,4,37,inf
Random,10,6,2,4,38,inf
Random,10,6,2,4,39,inf
Random,10,6,2,4,40,inf
Random,10,6,2,4,41,inf
Random,10,6,2,4,42,inf
Random,10,6,2,4,43,inf
Random,10,6,2,4,44,inf
Random,10,6,2,4,45,inf
Random,10,6,2,4,46,inf
Random,10,6,2,4,47,inf
Random,10,6,2,4,48,inf
Random,10,6,2,4,49,inf
Random,10,6,2,4,50,inf
Random,10,6,2,4,51,inf
Random,10,6,2,4,52,inf
Random,10,6,2,4,53,inf
Random,10,6,2,4,54,inf
Random,10,6,2,4,55,inf
Random,10,6,2,4,56,inf
Random,10,6,2,4,57,inf
Random,10,6,2,4,58,inf
Random,10,6,2,4,59,inf
Random,10,6,2,4,60,inf
Random,10,6,2,4,61,inf
Random,10,6,2,4,62,inf
Random,10,6,2,4,63,inf
Random,10,6,2,4,64,inf
Random,10,6,2,4,65,inf
Random,10,6,2,4,66,inf
Random,10,6,2,4,67,inf
Random,10,6,2,4,68,inf
Random,10,6,2,4,69,inf
Random,10,6,2,4,70,inf
Random,10,6,2,4,71,inf
Random,10,6,2,4,72,inf
Random,10,6,2,4,73,inf
Random,10,6,2,4,74,inf
Random,10,6,2,4,75,inf
Random,10,6,2,4,76,inf
Random,10,6,2,4,77,inf
Random,10,6,2,4,78,inf
Random,10,6,2,4,79,inf
Random,10,6,2,4,80,inf
Random,10,6,2,4,81,inf
Random,10,6,2,4,82,inf
Random,10,6,2,4,83,inf
Random,10,6,2,4,84,inf
Random,10,6,2,4,85,inf
Random,10,6,2,4,86,inf
Random,10,6,2,4,87,inf
Random,10,6,2,4,88,inf
Random,10,6,2,4,89,inf
Random,10,6,2,4,90,inf
Random,10,6,2,4,91,inf
Random,10,6,2,4,92,inf
Random,10,6,2,4,93,inf
Random,10,6,2,4,94,inf
Random,10,6,2,4,95,inf
Random,10,6,2,4,96,inf
Random,10,6,2,4,97,inf
Random,10,6,2,4,98,inf
Random,10,6,2,4,99,inf
Random,10,6,2,4,100,inf
qLogEI,10,6,2,4,1,inf
qLogEI,10,6,2,4,2,inf
qLogEI,10,6,2,4,3,inf
qLogEI,10,6,2,4,4,inf
qLogEI,10,6,2,4,5,inf
qLogEI,10,6,2,4,6,inf
qLogEI,10,6,2,4,7,inf
qLogEI,10,6,2,4,8,inf
qLogEI,10,6,2,4,9,inf
qLogEI,10,6,2,4,10,inf
qLogEI,10,6,2,4,11,inf
qLogEI,10,6,2,4,12,inf
qLogEI,10,6,2,4,13,inf
qLogEI,10,6,2,4,14,inf
qLogEI,10,6,2,4,15,inf
qLogEI,10,6,2,4,16,inf
qLogEI,10,6,2,4,17,inf
qLogEI,10,6,2,4,18,inf
qLogEI,10,6,2,4,19,inf
qLogEI,10,6,2,4,20,inf
qLogEI,10,6,2,4,21,inf
qLogEI,10,6,2,4,22,inf
qLogEI,10,6,2,4,23,inf
qLogEI,10,6,2,4,24,inf
qLogEI,10,6,2,4,25,inf
qLogEI,10,6,2,4,26,inf
qLogEI,10,6,2,4,27,inf
qLogEI,10,6,2,4,28,inf
qLogEI,10,6,2,4,29,inf
qLogEI,10,6,2,4,30,inf
qLogEI,10,6,2,4,31,inf
qLogEI,10,6,2,4,32,inf
qLogEI,10,6,2,4,33,inf
qLogEI,10,6,2,4,34,inf
qLogEI,10,6,2,4,35,inf
qLogEI,10,6,2,4,36,inf
qLogEI,10,6,2,4,37,inf
qLogEI,10,6,2,4,38,inf
qLogEI,10,6,2,4,39,inf
qLogEI,10,6,2,4,40,inf
qLogEI,10,6,2,4,41,inf
qLogEI,10,6,2,4,42,inf
qLogEI,10,6,2,4,43,inf
qLogEI,10,6,2,4,44,inf
qLogEI,10,6,2,4,45,inf
qLogEI,10,6,2,4,46,inf
qLogEI,10,6,2,4,47,inf
qLogEI,10,6,2,4,48,inf
qLogEI,10,6,2,4,49,inf
qLogEI,10,6,2,4,50,inf
qLogEI,10,6,2,4,51,inf
qLogEI,10,6,2,4,52,inf
qLogEI,10,6,2,4,53,inf
qLogEI,10,6,2,4,54,inf
qLogEI,10,6,2,4,55,inf
qLogEI,10,6,2,4,56,inf
qLogEI,10,6,2,4,57,inf
qLogEI,10,6,2,4,58,inf
qLogEI,10,6,2,4,59,inf
qLogEI,10,6,2,4,60,inf
qLogEI,10,6,2,4,61,inf
qLogEI,10,6,2,4,62,inf
qLogEI,10,6,2,4,63,inf
qLogEI,10,6,2,4,64,inf
qLogEI,10,6,2,4,65,inf
qLogEI,10,6,2,4,66,inf
qLogEI,10,6,2,4,67,inf
qLogEI,10,6,2,4,68,inf
qLogEI,10,6,2,4,69,inf
qLogEI,10,6,2,4,70,inf
qLogEI,10,6,2,4,71,inf
qLogEI,10,6,2,4,72,inf
qLogEI,10,6,2,4,73,inf
qLogEI,10,6,2,4,74,inf
qLogEI,10,6,2,4,75,inf
qLogEI,10,6,2,4,76,inf
qLogEI,10,6,2,4,77,inf
qLogEI,10,6,2,4,78,inf
qLogEI,10,6,2,4,79,inf
qLogEI,10,6,2,4,80,inf
qLogEI,10,6,2,4,81,inf
qLogEI,10,6,2,4,82,inf
qLogEI,10,6,2,4,83,inf
qLogEI,10,6,2,4,84,inf
qLogEI,10,6,2,4,85,inf
qLogEI,10,6,2,4,86,inf
qLogEI,10,6,2,4,87,inf
qLogEI,10,6,2,4,88,inf
qLogEI,10,6,2,4,89,inf
qLogEI,10,6,2,4,90,inf
qLogEI,10,6,2,4,91,inf
qLogEI,10,6,2,4,92,inf
qLogEI,10,6,2,4,93,inf
qLogEI,10,6,2,4,94,inf
qLogEI,10,6,2,4,95,inf
qLogEI,10,6,2,4,96,inf
qLogEI,10,6,2,4,97,inf
qLogEI,10,6,2,4,98,inf
qLogEI,10,6,2,4,99,inf
qLogEI,10,6,2,4,100,inf
RL_Enhanced,10,6,2,4,1,inf
RL_Enhanced,10,6,2,4,2,inf
RL_Enhanced,10,6,2,4,3,inf
RL_Enhanced,10,6,2,4,4,inf
RL_Enhanced,10,6,2,4,5,inf
RL_Enhanced,10,6,2,4,6,inf
RL_Enhanced,10,6,2,4,7,inf
RL_Enhanced,10,6,2,4,8,inf
RL_Enhanced,10,6,2,4,9,inf
RL_Enhanced,10,6,2,4,10,inf
RL_Enhanced,10,6,2,4,11,inf
RL_Enhanced,10,6,2,4,12,inf
RL_Enhanced,10,6,2,4,13,inf
RL_Enhanced,10,6,2,4,14,inf
RL_Enhanced,10,6,2,4,15,inf
RL_Enhanced,10,6,2,4,16,inf
RL_Enhanced,10,6,2,4,17,inf
RL_Enhanced,10,6,2,4,18,inf
RL_Enhanced,10,6,2,4,19,inf
RL_Enhanced,10,6,2,4,20,inf
RL_Enhanced,10,6,2,4,21,inf
RL_Enhanced,10,6,2,4,22,inf
RL_Enhanced,10,6,2,4,23,inf
RL_Enhanced,10,6,2,4,24,inf
RL_Enhanced,10,6,2,4,25,inf
RL_Enhanced,10,6,2,4,26,inf
RL_Enhanced,10,6,2,4,27,inf
RL_Enhanced,10,6,2,4,28,inf
RL_Enhanced,10,6,2,4,29,inf
RL_Enhanced,10,6,2,4,30,inf
RL_Enhanced,10,6,2,4,31,inf
RL_Enhanced,10,6,2,4,32,inf
RL_Enhanced,10,6,2,4,33,inf
RL_Enhanced,10,6,2,4,34,inf
RL_Enhanced,10,6,2,4,35,inf
RL_Enhanced,10,6,2,4,36,inf
RL_Enhanced,10,6,2,4,37,inf
RL_Enhanced,10,6,2,4,38,inf
RL_Enhanced,10,6,2,4,39,inf
RL_Enhanced,10,6,2,4,40,inf
RL_Enhanced,10,6,2,4,41,inf
RL_Enhanced,10,6,2,4,42,inf
RL_Enhanced,10,6,2,4,43,inf
RL_Enhanced,10,6,2,4,44,inf
RL_Enhanced,10,6,2,4,45,inf
RL_Enhanced,10,6,2,4,46,inf
RL_Enhanced,10,6,2,4,47,inf
RL_Enhanced,10,6,2,4,48,inf
RL_Enhanced,10,6,2,4,49,inf
RL_Enhanced,10,6,2,4,50,inf
RL_Enhanced,10,6,2,4,51,inf
RL_Enhanced,10,6,2,4,52,inf
RL_Enhanced,10,6,2,4,53,inf
RL_Enhanced,10,6,2,4,54,inf
RL_Enhanced,10,6,2,4,55,inf
RL_Enhanced,10,6,2,4,56,inf
RL_Enhanced,10,6,2,4,57,inf
RL_Enhanced,10,6,2,4,58,inf
RL_Enhanced,10,6,2,4,59,inf
RL_Enhanced,10,6,2,4,60,inf
RL_Enhanced,10,6,2,4,61,inf
RL_Enhanced,10,6,2,4,62,inf
RL_Enhanced,10,6,2,4,63,inf
RL_Enhanced,10,6,2,4,64,inf
RL_Enhanced,10,6,2,4,65,inf
RL_Enhanced,10,6,2,4,66,inf
RL_Enhanced,10,6,2,4,67,inf
RL_Enhanced,10,6,2,4,68,inf
RL_Enhanced,10,6,2,4,69,inf
RL_Enhanced,10,6,2,4,70,inf
RL_Enhanced,10,6,2,4,71,inf
RL_Enhanced,10,6,2,4,72,inf
RL_Enhanced,10,6,2,4,73,inf
RL_Enhanced,10,6,2,4,74,inf
RL_Enhanced,10,6,2,4,75,inf
RL_Enhanced,10,6,2,4,76,inf
RL_Enhanced,10,6,2,4,77,inf
RL_Enhanced,10,6,2,4,78,inf
RL_Enhanced,10,6,2,4,79,inf
RL_Enhanced,10,6,2,4,80,inf
RL_Enhanced,10,6,2,4,81,inf
RL_Enhanced,10,6,2,4,82,inf
RL_Enhanced,10,6,2,4,83,inf
RL_Enhanced,10,6,2,4,84,inf
RL_Enhanced,10,6,2,4,85,inf
RL_Enhanced,10,6,2,4,86,inf
RL_Enhanced,10,6,2,4,87,inf
RL_Enhanced,10,6,2,4,88,inf
RL_Enhanced,10,6,2,4,89,inf
RL_Enhanced,10,6,2,4,90,inf
RL_Enhanced,10,6,2,4,91,inf
RL_Enhanced,10,6,2,4,92,inf
RL_Enhanced,10,6,2,4,93,inf
RL_Enhanced,10,6,2,4,94,inf
RL_Enhanced,10,6,2,4,95,inf
RL_Enhanced,10,6,2,4,96,inf
RL_Enhanced,10,6,2,4,97,inf
RL_Enhanced,10,6,2,4,98,inf
RL_Enhanced,10,6,2,4,99,inf
RL_Enhanced,10,6,2,4,100,inf
Random,10,6,3,0,1,inf
Random,10,6,3,0,2,inf
Random,10,6,3,0,3,inf
Random,10,6,3,0,4,inf
Random,10,6,3,0,5,inf
Random,10,6,3,0,6,inf
Random,10,6,3,0,7,inf
Random,10,6,3,0,8,inf
Random,10,6,3,0,9,inf
Random,10,6,3,0,10,inf
Random,10,6,3,0,11,inf
Random,10,6,3,0,12,inf
Random,10,6,3,0,13,inf
Random,10,6,3,0,14,inf
Random,10,6,3,0,15,inf
Random,10,6,3,0,16,inf
Random,10,6,3,0,17,inf
Random,10,6,3,0,18,inf
Random,10,6,3,0,19,inf
Random,10,6,3,0,20,inf
Random,10,6,3,0,21,inf
Random,10,6,3,0,22,inf
Random,10,6,3,0,23,inf
Random,10,6,3,0,24,inf
Random,10,6,3,0,25,inf
Random,10,6,3,0,26,inf
Random,10,6,3,0,27,inf
Random,10,6,3,0,28,inf
Random,10,6,3,0,29,inf
Random,10,6,3,0,30,inf
Random,10,6,3,0,31,inf
Random,10,6,3,0,32,inf
Random,10,6,3,0,33,inf
Random,10,6,3,0,34,inf
Random,10,6,3,0,35,inf
Random,10,6,3,0,36,inf
Random,10,6,3,0,37,inf
Random,10,6,3,0,38,inf
Random,10,6,3,0,39,inf
Random,10,6,3,0,40,inf
Random,10,6,3,0,41,inf
Random,10,6,3,0,42,inf
Random,10,6,3,0,43,inf
Random,10,6,3,0,44,inf
Random,10,6,3,0,45,inf
Random,10,6,3,0,46,inf
Random,10,6,3,0,47,inf
Random,10,6,3,0,48,inf
Random,10,6,3,0,49,inf
Random,10,6,3,0,50,inf
Random,10,6,3,0,51,inf
Random,10,6,3,0,52,inf
Random,10,6,3,0,53,inf
Random,10,6,3,0,54,inf
Random,10,6,3,0,55,inf
Random,10,6,3,0,56,inf
Random,10,6,3,0,57,inf
Random,10,6,3,0,58,inf
Random,10,6,3,0,59,inf
Random,10,6,3,0,60,inf
Random,10,6,3,0,61,inf
Random,10,6,3,0,62,inf
Random,10,6,3,0,63,inf
Random,10,6,3,0,64,inf
Random,10,6,3,0,65,inf
Random,10,6,3,0,66,inf
Random,10,6,3,0,67,inf
Random,10,6,3,0,68,inf
Random,10,6,3,0,69,inf
Random,10,6,3,0,70,inf
Random,10,6,3,0,71,inf
Random,10,6,3,0,72,inf
Random,10,6,3,0,73,inf
Random,10,6,3,0,74,inf
Random,10,6,3,0,75,inf
Random,10,6,3,0,76,inf
Random,10,6,3,0,77,inf
Random,10,6,3,0,78,inf
Random,10,6,3,0,79,inf
Random,10,6,3,0,80,inf
Random,10,6,3,0,81,inf
Random,10,6,3,0,82,inf
Random,10,6,3,0,83,inf
Random,10,6,3,0,84,inf
Random,10,6,3,0,85,inf
Random,10,6,3,0,86,inf
Random,10,6,3,0,87,inf
Random,10,6,3,0,88,inf
Random,10,6,3,0,89,inf
Random,10,6,3,0,90,inf
Random,10,6,3,0,91,inf
Random,10,6,3,0,92,inf
Random,10,6,3,0,93,inf
Random,10,6,3,0,94,inf
Random,10,6,3,0,95,inf
Random,10,6,3,0,96,inf
Random,10,6,3,0,97,inf
Random,10,6,3,0,98,inf
Random,10,6,3,0,99,inf
Random,10,6,3,0,100,inf
qLogEI,10,6,3,0,1,inf
qLogEI,10,6,3,0,2,inf
qLogEI,10,6,3,0,3,inf
qLogEI,10,6,3,0,4,inf
qLogEI,10,6,3,0,5,inf
qLogEI,10,6,3,0,6,inf
qLogEI,10,6,3,0,7,inf
qLogEI,10,6,3,0,8,inf
qLogEI,10,6,3,0,9,inf
qLogEI,10,6,3,0,10,inf
qLogEI,10,6,3,0,11,inf
qLogEI,10,6,3,0,12,inf
qLogEI,10,6,3,0,13,inf
qLogEI,10,6,3,0,14,inf
qLogEI,10,6,3,0,15,inf
qLogEI,10,6,3,0,16,inf
qLogEI,10,6,3,0,17,inf
qLogEI,10,6,3,0,18,inf
qLogEI,10,6,3,0,19,inf
qLogEI,10,6,3,0,20,inf
qLogEI,10,6,3,0,21,inf
qLogEI,10,6,3,0,22,inf
qLogEI,10,6,3,0,23,inf
qLogEI,10,6,3,0,24,inf
qLogEI,10,6,3,0,25,inf
qLogEI,10,6,3,0,26,inf
qLogEI,10,6,3,0,27,inf
qLogEI,10,6,3,0,28,inf
qLogEI,10,6,3,0,29,inf
qLogEI,10,6,3,0,30,inf
qLogEI,10,6,3,0,31,inf
qLogEI,10,6,3,0,32,inf
qLogEI,10,6,3,0,33,inf
qLogEI,10,6,3,0,34,inf
qLogEI,10,6,3,0,35,inf
qLogEI,10,6,3,0,36,inf
qLogEI,10,6,3,0,37,inf
qLogEI,10,6,3,0,38,inf
qLogEI,10,6,3,0,39,inf
qLogEI,10,6,3,0,40,inf
qLogEI,10,6,3,0,41,inf
qLogEI,10,6,3,0,42,inf
qLogEI,10,6,3,0,43,inf
qLogEI,10,6,3,0,44,inf
qLogEI,10,6,3,0,45,inf
qLogEI,10,6,3,0,46,inf
qLogEI,10,6,3,0,47,inf
qLogEI,10,6,3,0,48,inf
qLogEI,10,6,3,0,49,inf
qLogEI,10,6,3,0,50,inf
qLogEI,10,6,3,0,51,inf
qLogEI,10,6,3,0,52,inf
qLogEI,10,6,3,0,53,inf
qLogEI,10,6,3,0,54,inf
qLogEI,10,6,3,0,55,inf
qLogEI,10,6,3,0,56,inf
qLogEI,10,6,3,0,57,inf
qLogEI,10,6,3,0,58,inf
qLogEI,10,6,3,0,59,inf
qLogEI,10,6,3,0,60,inf
qLogEI,10,6,3,0,61,inf
qLogEI,10,6,3,0,62,inf
qLogEI,10,6,3,0,63,inf
qLogEI,10,6,3,0,64,inf
qLogEI,10,6,3,0,65,inf
qLogEI,10,6,3,0,66,inf
qLogEI,10,6,3,0,67,inf
qLogEI,10,6,3,0,68,inf
qLogEI,10,6,3,0,69,inf
qLogEI,10,6,3,0,70,inf
qLogEI,10,6,3,0,71,inf
qLogEI,10,6,3,0,72,inf
qLogEI,10,6,3,0,73,inf
qLogEI,10,6,3,0,74,inf
qLogEI,10,6,3,0,75,inf
qLogEI,10,6,3,0,76,inf
qLogEI,10,6,3,0,77,inf
qLogEI,10,6,3,0,78,inf
qLogEI,10,6,3,0,79,inf
qLogEI,10,6,3,0,80,inf
qLogEI,10,6,3,0,81,inf
qLogEI,10,6,3,0,82,inf
qLogEI,10,6,3,0,83,inf
qLogEI,10,6,3,0,84,inf
qLogEI,10,6,3,0,85,inf
qLogEI,10,6,3,0,86,inf
qLogEI,10,6,3,0,87,inf
qLogEI,10,6,3,0,88,inf
qLogEI,10,6,3,0,89,inf
qLogEI,10,6,3,0,90,inf
qLogEI,10,6,3,0,91,inf
qLogEI,10,6,3,0,92,inf
qLogEI,10,6,3,0,93,inf
qLogEI,10,6,3,0,94,inf
qLogEI,10,6,3,0,95,inf
qLogEI,10,6,3,0,96,inf
qLogEI,10,6,3,0,97,inf
qLogEI,10,6,3,0,98,inf
qLogEI,10,6,3,0,99,inf
qLogEI,10,6,3,0,100,inf
RL_Enhanced,10,6,3,0,1,inf
RL_Enhanced,10,6,3,0,2,inf
RL_Enhanced,10,6,3,0,3,inf
RL_Enhanced,10,6,3,0,4,inf
RL_Enhanced,10,6,3,0,5,inf
RL_Enhanced,10,6,3,0,6,inf
RL_Enhanced,10,6,3,0,7,inf
RL_Enhanced,10,6,3,0,8,inf
RL_Enhanced,10,6,3,0,9,inf
RL_Enhanced,10,6,3,0,10,inf
RL_Enhanced,10,6,3,0,11,inf
RL_Enhanced,10,6,3,0,12,inf
RL_Enhanced,10,6,3,0,13,inf
RL_Enhanced,10,6,3,0,14,inf
RL_Enhanced,10,6,3,0,15,inf
RL_Enhanced,10,6,3,0,16,inf
RL_Enhanced,10,6,3,0,17,inf
RL_Enhanced,10,6,3,0,18,inf
RL_Enhanced,10,6,3,0,19,inf
RL_Enhanced,10,6,3,0,20,inf
RL_Enhanced,10,6,3,0,21,inf
RL_Enhanced,10,6,3,0,22,inf
RL_Enhanced,10,6,3,0,23,inf
RL_Enhanced,10,6,3,0,24,inf
RL_Enhanced,10,6,3,0,25,inf
RL_Enhanced,10,6,3,0,26,inf
RL_Enhanced,10,6,3,0,27,inf
RL_Enhanced,10,6,3,0,28,inf
RL_Enhanced,10,6,3,0,29,inf
RL_Enhanced,10,6,3,0,30,inf
RL_Enhanced,10,6,3,0,31,inf
RL_Enhanced,10,6,3,0,32,inf
RL_Enhanced,10,6,3,0,33,inf
RL_Enhanced,10,6,3,0,34,inf
RL_Enhanced,10,6,3,0,35,inf
RL_Enhanced,10,6,3,0,36,inf
RL_Enhanced,10,6,3,0,37,inf
RL_Enhanced,10,6,3,0,38,inf
RL_Enhanced,10,6,3,0,39,inf
RL_Enhanced,10,6,3,0,40,inf
RL_Enhanced,10,6,3,0,41,inf
RL_Enhanced,10,6,3,0,42,inf
RL_Enhanced,10,6,3,0,43,inf
RL_Enhanced,10,6,3,0,44,inf
RL_Enhanced,10,6,3,0,45,inf
RL_Enhanced,10,6,3,0,46,inf
RL_Enhanced,10,6,3,0,47,inf
RL_Enhanced,10,6,3,0,48,inf
RL_Enhanced,10,6,3,0,49,inf
RL_Enhanced,10,6,3,0,50,inf
RL_Enhanced,10,6,3,0,51,inf
RL_Enhanced,10,6,3,0,52,inf
RL_Enhanced,10,6,3,0,53,inf
RL_Enhanced,10,6,3,0,54,inf
RL_Enhanced,10,6,3,0,55,inf
RL_Enhanced,10,6,3,0,56,inf
RL_Enhanced,10,6,3,0,57,inf
RL_Enhanced,10,6,3,0,58,inf
RL_Enhanced,10,6,3,0,59,inf
RL_Enhanced,10,6,3,0,60,inf
RL_Enhanced,10,6,3,0,61,inf
RL_Enhanced,10,6,3,0,62,inf
RL_Enhanced,10,6,3,0,63,inf
RL_Enhanced,10,6,3,0,64,inf
RL_Enhanced,10,6,3,0,65,inf
RL_Enhanced,10,6,3,0,66,inf
RL_Enhanced,10,6,3,0,67,inf
RL_Enhanced,10,6,3,0,68,inf
RL_Enhanced,10,6,3,0,69,inf
RL_Enhanced,10,6,3,0,70,inf
RL_Enhanced,10,6,3,0,71,inf
RL_Enhanced,10,6,3,0,72,inf
RL_Enhanced,10,6,3,0,73,inf
RL_Enhanced,10,6,3,0,74,inf
RL_Enhanced,10,6,3,0,75,inf
RL_Enhanced,10,6,3,0,76,inf
RL_Enhanced,10,6,3,0,77,inf
RL_Enhanced,10,6,3,0,78,inf
RL_Enhanced,10,6,3,0,79,inf
RL_Enhanced,10,6,3,0,80,inf
RL_Enhanced,10,6,3,0,81,inf
RL_Enhanced,10,6,3,0,82,inf
RL_Enhanced,10,6,3,0,83,inf
RL_Enhanced,10,6,3,0,84,inf
RL_Enhanced,10,6,3,0,85,inf
RL_Enhanced,10,6,3,0,86,inf
RL_Enhanced,10,6,3,0,87,inf
RL_Enhanced,10,6,3,0,88,inf
RL_Enhanced,10,6,3,0,89,inf
RL_Enhanced,10,6,3,0,90,inf
RL_Enhanced,10,6,3,0,91,inf
RL_Enhanced,10,6,3,0,92,inf
RL_Enhanced,10,6,3,0,93,inf
RL_Enhanced,10,6,3,0,94,inf
RL_Enhanced,10,6,3,0,95,inf
RL_Enhanced,10,6,3,0,96,inf
RL_Enhanced,10,6,3,0,97,inf
RL_Enhanced,10,6,3,0,98,inf
RL_Enhanced,10,6,3,0,99,inf
RL_Enhanced,10,6,3,0,100,inf
Random,10,6,3,1,1,inf
Random,10,6,3,1,2,inf
Random,10,6,3,1,3,inf
Random,10,6,3,1,4,inf
Random,10,6,3,1,5,inf
Random,10,6,3,1,6,inf
Random,10,6,3,1,7,inf
Random,10,6,3,1,8,inf
Random,10,6,3,1,9,inf
Random,10,6,3,1,10,inf
Random,10,6,3,1,11,inf
Random,10,6,3,1,12,inf
Random,10,6,3,1,13,inf
Random,10,6,3,1,14,inf
Random,10,6,3,1,15,inf
Random,10,6,3,1,16,inf
Random,10,6,3,1,17,inf
Random,10,6,3,1,18,inf
Random,10,6,3,1,19,inf
Random,10,6,3,1,20,inf
Random,10,6,3,1,21,inf
Random,10,6,3,1,22,inf
Random,10,6,3,1,23,inf
Random,10,6,3,1,24,inf
Random,10,6,3,1,25,inf
Random,10,6,3,1,26,inf
Random,10,6,3,1,27,inf
Random,10,6,3,1,28,inf
Random,10,6,3,1,29,inf
Random,10,6,3,1,30,inf
Random,10,6,3,1,31,inf
Random,10,6,3,1,32,inf
Random,10,6,3,1,33,inf
Random,10,6,3,1,34,inf
Random,10,6,3,1,35,inf
Random,10,6,3,1,36,inf
Random,10,6,3,1,37,inf
Random,10,6,3,1,38,inf
Random,10,6,3,1,39,inf
Random,10,6,3,1,40,inf
Random,10,6,3,1,41,inf
Random,10,6,3,1,42,inf
Random,10,6,3,1,43,inf
Random,10,6,3,1,44,inf
Random,10,6,3,1,45,inf
Random,10,6,3,1,46,inf
Random,10,6,3,1,47,inf
Random,10,6,3,1,48,inf
Random,10,6,3,1,49,inf
Random,10,6,3,1,50,inf
Random,10,6,3,1,51,inf
Random,10,6,3,1,52,inf
Random,10,6,3,1,53,inf
Random,10,6,3,1,54,inf
Random,10,6,3,1,55,inf
Random,10,6,3,1,56,inf
Random,10,6,3,1,57,inf
Random,10,6,3,1,58,inf
Random,10,6,3,1,59,inf
Random,10,6,3,1,60,inf
Random,10,6,3,1,61,inf
Random,10,6,3,1,62,inf
Random,10,6,3,1,63,inf
Random,10,6,3,1,64,inf
Random,10,6,3,1,65,inf
Random,10,6,3,1,66,inf
Random,10,6,3,1,67,inf
Random,10,6,3,1,68,inf
Random,10,6,3,1,69,inf
Random,10,6,3,1,70,inf
Random,10,6,3,1,71,inf
Random,10,6,3,1,72,inf
Random,10,6,3,1,73,inf
Random,10,6,3,1,74,inf
Random,10,6,3,1,75,inf
Random,10,6,3,1,76,inf
Random,10,6,3,1,77,inf
Random,10,6,3,1,78,inf
Random,10,6,3,1,79,inf
Random,10,6,3,1,80,inf
Random,10,6,3,1,81,inf
Random,10,6,3,1,82,inf
Random,10,6,3,1,83,inf
Random,10,6,3,1,84,inf
Random,10,6,3,1,85,inf
Random,10,6,3,1,86,inf
Random,10,6,3,1,87,inf
Random,10,6,3,1,88,inf
Random,10,6,3,1,89,inf
Random,10,6,3,1,90,inf
Random,10,6,3,1,91,inf
Random,10,6,3,1,92,inf
Random,10,6,3,1,93,inf
Random,10,6,3,1,94,inf
Random,10,6,3,1,95,inf
Random,10,6,3,1,96,inf
Random,10,6,3,1,97,inf
Random,10,6,3,1,98,inf
Random,10,6,3,1,99,inf
Random,10,6,3,1,100,inf
qLogEI,10,6,3,1,1,inf
qLogEI,10,6,3,1,2,inf
qLogEI,10,6,3,1,3,inf
qLogEI,10,6,3,1,4,inf
qLogEI,10,6,3,1,5,inf
qLogEI,10,6,3,1,6,inf
qLogEI,10,6,3,1,7,inf
qLogEI,10,6,3,1,8,inf
qLogEI,10,6,3,1,9,inf
qLogEI,10,6,3,1,10,inf
qLogEI,10,6,3,1,11,inf
qLogEI,10,6,3,1,12,inf
qLogEI,10,6,3,1,13,inf
qLogEI,10,6,3,1,14,inf
qLogEI,10,6,3,1,15,inf
qLogEI,10,6,3,1,16,inf
qLogEI,10,6,3,1,17,inf
qLogEI,10,6,3,1,18,inf
qLogEI,10,6,3,1,19,inf
qLogEI,10,6,3,1,20,inf
qLogEI,10,6,3,1,21,inf
qLogEI,10,6,3,1,22,inf
qLogEI,10,6,3,1,23,inf
qLogEI,10,6,3,1,24,inf
qLogEI,10,6,3,1,25,inf
qLogEI,10,6,3,1,26,inf
qLogEI,10,6,3,1,27,inf
qLogEI,10,6,3,1,28,inf
qLogEI,10,6,3,1,29,inf
qLogEI,10,6,3,1,30,inf
qLogEI,10,6,3,1,31,inf
qLogEI,10,6,3,1,32,inf
qLogEI,10,6,3,1,33,inf
qLogEI,10,6,3,1,34,inf
qLogEI,10,6,3,1,35,inf
qLogEI,10,6,3,1,36,inf
qLogEI,10,6,3,1,37,inf
qLogEI,10,6,3,1,38,inf
qLogEI,10,6,3,1,39,inf
qLogEI,10,6,3,1,40,inf
qLogEI,10,6,3,1,41,inf
qLogEI,10,6,3,1,42,inf
qLogEI,10,6,3,1,43,inf
qLogEI,10,6,3,1,44,inf
qLogEI,10,6,3,1,45,inf
qLogEI,10,6,3,1,46,inf
qLogEI,10,6,3,1,47,inf
qLogEI,10,6,3,1,48,inf
qLogEI,10,6,3,1,49,inf
qLogEI,10,6,3,1,50,inf
qLogEI,10,6,3,1,51,inf
qLogEI,10,6,3,1,52,inf
qLogEI,10,6,3,1,53,inf
qLogEI,10,6,3,1,54,inf
qLogEI,10,6,3,1,55,inf
qLogEI,10,6,3,1,56,inf
qLogEI,10,6,3,1,57,inf
qLogEI,10,6,3,1,58,inf
qLogEI,10,6,3,1,59,inf
qLogEI,10,6,3,1,60,inf
qLogEI,10,6,3,1,61,inf
qLogEI,10,6,3,1,62,inf
qLogEI,10,6,3,1,63,inf
qLogEI,10,6,3,1,64,inf
qLogEI,10,6,3,1,65,inf
qLogEI,10,6,3,1,66,inf
qLogEI,10,6,3,1,67,inf
qLogEI,10,6,3,1,68,inf
qLogEI,10,6,3,1,69,inf
qLogEI,10,6,3,1,70,inf
qLogEI,10,6,3,1,71,inf
qLogEI,10,6,3,1,72,inf
qLogEI,10,6,3,1,73,inf
qLogEI,10,6,3,1,74,inf
qLogEI,10,6,3,1,75,inf
qLogEI,10,6,3,1,76,inf
qLogEI,10,6,3,1,77,inf
qLogEI,10,6,3,1,78,inf
qLogEI,10,6,3,1,79,inf
qLogEI,10,6,3,1,80,inf
qLogEI,10,6,3,1,81,inf
qLogEI,10,6,3,1,82,inf
qLogEI,10,6,3,1,83,inf
qLogEI,10,6,3,1,84,inf
qLogEI,10,6,3,1,85,inf
qLogEI,10,6,3,1,86,inf
qLogEI,10,6,3,1,87,inf
qLogEI,10,6,3,1,88,inf
qLogEI,10,6,3,1,89,inf
qLogEI,10,6,3,1,90,inf
qLogEI,10,6,3,1,91,inf
qLogEI,10,6,3,1,92,inf
qLogEI,10,6,3,1,93,inf
qLogEI,10,6,3,1,94,inf
qLogEI,10,6,3,1,95,inf
qLogEI,10,6,3,1,96,inf
qLogEI,10,6,3,1,97,inf
qLogEI,10,6,3,1,98,inf
qLogEI,10,6,3,1,99,inf
qLogEI,10,6,3,1,100,inf
RL_Enhanced,10,6,3,1,1,inf
RL_Enhanced,10,6,3,1,2,inf
RL_Enhanced,10,6,3,1,3,inf
RL_Enhanced,10,6,3,1,4,inf
RL_Enhanced,10,6,3,1,5,inf
RL_Enhanced,10,6,3,1,6,inf
RL_Enhanced,10,6,3,1,7,inf
RL_Enhanced,10,6,3,1,8,inf
RL_Enhanced,10,6,3,1,9,inf
RL_Enhanced,10,6,3,1,10,inf
RL_Enhanced,10,6,3,1,11,inf
RL_Enhanced,10,6,3,1,12,inf
RL_Enhanced,10,6,3,1,13,inf
RL_Enhanced,10,6,3,1,14,inf
RL_Enhanced,10,6,3,1,15,inf
RL_Enhanced,10,6,3,1,16,inf
RL_Enhanced,10,6,3,1,17,inf
RL_Enhanced,10,6,3,1,18,inf
RL_Enhanced,10,6,3,1,19,inf
RL_Enhanced,10,6,3,1,20,inf
RL_Enhanced,10,6,3,1,21,inf
RL_Enhanced,10,6,3,1,22,inf
RL_Enhanced,10,6,3,1,23,inf
RL_Enhanced,10,6,3,1,24,inf
RL_Enhanced,10,6,3,1,25,inf
RL_Enhanced,10,6,3,1,26,inf
RL_Enhanced,10,6,3,1,27,inf
RL_Enhanced,10,6,3,1,28,inf
RL_Enhanced,10,6,3,1,29,inf
RL_Enhanced,10,6,3,1,30,inf
RL_Enhanced,10,6,3,1,31,inf
RL_Enhanced,10,6,3,1,32,inf
RL_Enhanced,10,6,3,1,33,inf
RL_Enhanced,10,6,3,1,34,inf
RL_Enhanced,10,6,3,1,35,inf
RL_Enhanced,10,6,3,1,36,inf
RL_Enhanced,10,6,3,1,37,inf
RL_Enhanced,10,6,3,1,38,inf
RL_Enhanced,10,6,3,1,39,inf
RL_Enhanced,10,6,3,1,40,inf
RL_Enhanced,10,6,3,1,41,inf
RL_Enhanced,10,6,3,1,42,inf
RL_Enhanced,10,6,3,1,43,inf
RL_Enhanced,10,6,3,1,44,inf
RL_Enhanced,10,6,3,1,45,inf
RL_Enhanced,10,6,3,1,46,inf
RL_Enhanced,10,6,3,1,47,inf
RL_Enhanced,10,6,3,1,48,inf
RL_Enhanced,10,6,3,1,49,inf
RL_Enhanced,10,6,3,1,50,inf
RL_Enhanced,10,6,3,1,51,inf
RL_Enhanced,10,6,3,1,52,inf
RL_Enhanced,10,6,3,1,53,inf
RL_Enhanced,10,6,3,1,54,inf
RL_Enhanced,10,6,3,1,55,inf
RL_Enhanced,10,6,3,1,56,inf
RL_Enhanced,10,6,3,1,57,inf
RL_Enhanced,10,6,3,1,58,inf
RL_Enhanced,10,6,3,1,59,inf
RL_Enhanced,10,6,3,1,60,inf
RL_Enhanced,10,6,3,1,61,inf
RL_Enhanced,10,6,3,1,62,inf
RL_Enhanced,10,6,3,1,63,inf
RL_Enhanced,10,6,3,1,64,inf
RL_Enhanced,10,6,3,1,65,inf
RL_Enhanced,10,6,3,1,66,inf
RL_Enhanced,10,6,3,1,67,inf
RL_Enhanced,10,6,3,1,68,inf
RL_Enhanced,10,6,3,1,69,inf
RL_Enhanced,10,6,3,1,70,inf
RL_Enhanced,10,6,3,1,71,inf
RL_Enhanced,10,6,3,1,72,inf
RL_Enhanced,10,6,3,1,73,inf
RL_Enhanced,10,6,3,1,74,inf
RL_Enhanced,10,6,3,1,75,inf
RL_Enhanced,10,6,3,1,76,inf
RL_Enhanced,10,6,3,1,77,inf
RL_Enhanced,10,6,3,1,78,inf
RL_Enhanced,10,6,3,1,79,inf
RL_Enhanced,10,6,3,1,80,inf
RL_Enhanced,10,6,3,1,81,inf
RL_Enhanced,10,6,3,1,82,inf
RL_Enhanced,10,6,3,1,83,inf
RL_Enhanced,10,6,3,1,84,inf
RL_Enhanced,10,6,3,1,85,inf
RL_Enhanced,10,6,3,1,86,inf
RL_Enhanced,10,6,3,1,87,inf
RL_Enhanced,10,6,3,1,88,inf
RL_Enhanced,10,6,3,1,89,inf
RL_Enhanced,10,6,3,1,90,inf
RL_Enhanced,10,6,3,1,91,inf
RL_Enhanced,10,6,3,1,92,inf
RL_Enhanced,10,6,3,1,93,inf
RL_Enhanced,10,6,3,1,94,inf
RL_Enhanced,10,6,3,1,95,inf
RL_Enhanced,10,6,3,1,96,inf
RL_Enhanced,10,6,3,1,97,inf
RL_Enhanced,10,6,3,1,98,inf
RL_Enhanced,10,6,3,1,99,inf
RL_Enhanced,10,6,3,1,100,inf
Random,10,6,3,2,1,inf
Random,10,6,3,2,2,inf
Random,10,6,3,2,3,inf
Random,10,6,3,2,4,inf
Random,10,6,3,2,5,inf
Random,10,6,3,2,6,inf
Random,10,6,3,2,7,inf
Random,10,6,3,2,8,inf
Random,10,6,3,2,9,inf
Random,10,6,3,2,10,inf
Random,10,6,3,2,11,inf
Random,10,6,3,2,12,inf
Random,10,6,3,2,13,inf
Random,10,6,3,2,14,inf
Random,10,6,3,2,15,inf
Random,10,6,3,2,16,inf
Random,10,6,3,2,17,inf
Random,10,6,3,2,18,inf
Random,10,6,3,2,19,inf
Random,10,6,3,2,20,inf
Random,10,6,3,2,21,inf
Random,10,6,3,2,22,inf
Random,10,6,3,2,23,inf
Random,10,6,3,2,24,inf
Random,10,6,3,2,25,inf
Random,10,6,3,2,26,inf
Random,10,6,3,2,27,inf
Random,10,6,3,2,28,inf
Random,10,6,3,2,29,inf
Random,10,6,3,2,30,inf
Random,10,6,3,2,31,inf
Random,10,6,3,2,32,inf
Random,10,6,3,2,33,inf
Random,10,6,3,2,34,inf
Random,10,6,3,2,35,inf
Random,10,6,3,2,36,inf
Random,10,6,3,2,37,inf
Random,10,6,3,2,38,inf
Random,10,6,3,2,39,inf
Random,10,6,3,2,40,inf
Random,10,6,3,2,41,inf
Random,10,6,3,2,42,inf
Random,10,6,3,2,43,inf
Random,10,6,3,2,44,inf
Random,10,6,3,2,45,inf
Random,10,6,3,2,46,inf
Random,10,6,3,2,47,inf
Random,10,6,3,2,48,inf
Random,10,6,3,2,49,inf
Random,10,6,3,2,50,inf
Random,10,6,3,2,51,inf
Random,10,6,3,2,52,inf
Random,10,6,3,2,53,inf
Random,10,6,3,2,54,inf
Random,10,6,3,2,55,inf
Random,10,6,3,2,56,inf
Random,10,6,3,2,57,inf
Random,10,6,3,2,58,inf
Random,10,6,3,2,59,inf
Random,10,6,3,2,60,inf
Random,10,6,3,2,61,inf
Random,10,6,3,2,62,inf
Random,10,6,3,2,63,inf
Random,10,6,3,2,64,inf
Random,10,6,3,2,65,inf
Random,10,6,3,2,66,inf
Random,10,6,3,2,67,inf
Random,10,6,3,2,68,inf
Random,10,6,3,2,69,inf
Random,10,6,3,2,70,inf
Random,10,6,3,2,71,inf
Random,10,6,3,2,72,inf
Random,10,6,3,2,73,inf
Random,10,6,3,2,74,inf
Random,10,6,3,2,75,inf
Random,10,6,3,2,76,inf
Random,10,6,3,2,77,inf
Random,10,6,3,2,78,inf
Random,10,6,3,2,79,inf
Random,10,6,3,2,80,inf
Random,10,6,3,2,81,inf
Random,10,6,3,2,82,inf
Random,10,6,3,2,83,inf
Random,10,6,3,2,84,inf
Random,10,6,3,2,85,inf
Random,10,6,3,2,86,inf
Random,10,6,3,2,87,inf
Random,10,6,3,2,88,inf
Random,10,6,3,2,89,inf
Random,10,6,3,2,90,inf
Random,10,6,3,2,91,inf
Random,10,6,3,2,92,inf
Random,10,6,3,2,93,inf
Random,10,6,3,2,94,inf
Random,10,6,3,2,95,inf
Random,10,6,3,2,96,inf
Random,10,6,3,2,97,inf
Random,10,6,3,2,98,inf
Random,10,6,3,2,99,inf
Random,10,6,3,2,100,inf
qLogEI,10,6,3,2,1,inf
qLogEI,10,6,3,2,2,inf
qLogEI,10,6,3,2,3,inf
qLogEI,10,6,3,2,4,inf
qLogEI,10,6,3,2,5,inf
qLogEI,10,6,3,2,6,inf
qLogEI,10,6,3,2,7,inf
qLogEI,10,6,3,2,8,inf
qLogEI,10,6,3,2,9,inf
qLogEI,10,6,3,2,10,inf
qLogEI,10,6,3,2,11,inf
qLogEI,10,6,3,2,12,inf
qLogEI,10,6,3,2,13,inf
qLogEI,10,6,3,2,14,inf
qLogEI,10,6,3,2,15,inf
qLogEI,10,6,3,2,16,inf
qLogEI,10,6,3,2,17,inf
qLogEI,10,6,3,2,18,inf
qLogEI,10,6,3,2,19,inf
qLogEI,10,6,3,2,20,inf
qLogEI,10,6,3,2,21,inf
qLogEI,10,6,3,2,22,inf
qLogEI,10,6,3,2,23,inf
qLogEI,10,6,3,2,24,inf
qLogEI,10,6,3,2,25,inf
qLogEI,10,6,3,2,26,inf
qLogEI,10,6,3,2,27,inf
qLogEI,10,6,3,2,28,inf
qLogEI,10,6,3,2,29,inf
qLogEI,10,6,3,2,30,inf
qLogEI,10,6,3,2,31,inf
qLogEI,10,6,3,2,32,inf
qLogEI,10,6,3,2,33,inf
qLogEI,10,6,3,2,34,inf
qLogEI,10,6,3,2,35,inf
qLogEI,10,6,3,2,36,inf
qLogEI,10,6,3,2,37,inf
qLogEI,10,6,3,2,38,inf
qLogEI,10,6,3,2,39,inf
qLogEI,10,6,3,2,40,inf
qLogEI,10,6,3,2,41,inf
qLogEI,10,6,3,2,42,inf
qLogEI,10,6,3,2,43,inf
qLogEI,10,6,3,2,44,inf
qLogEI,10,6,3,2,45,inf
qLogEI,10,6,3,2,46,inf
qLogEI,10,6,3,2,47,inf
qLogEI,10,6,3,2,48,inf
qLogEI,10,6,3,2,49,inf
qLogEI,10,6,3,2,50,inf
qLogEI,10,6,3,2,51,inf
qLogEI,10,6,3,2,52,inf
qLogEI,10,6,3,2,53,inf
qLogEI,10,6,3,2,54,inf
qLogEI,10,6,3,2,55,inf
qLogEI,10,6,3,2,56,inf
qLogEI,10,6,3,2,57,inf
qLogEI,10,6,3,2,58,inf
qLogEI,10,6,3,2,59,inf
qLogEI,10,6,3,2,60,inf
qLogEI,10,6,3,2,61,inf
qLogEI,10,6,3,2,62,inf
qLogEI,10,6,3,2,63,inf
qLogEI,10,6,3,2,64,inf
qLogEI,10,6,3,2,65,inf
qLogEI,10,6,3,2,66,inf
qLogEI,10,6,3,2,67,inf
qLogEI,10,6,3,2,68,inf
qLogEI,10,6,3,2,69,inf
qLogEI,10,6,3,2,70,inf
qLogEI,10,6,3,2,71,inf
qLogEI,10,6,3,2,72,inf
qLogEI,10,6,3,2,73,inf
qLogEI,10,6,3,2,74,inf
qLogEI,10,6,3,2,75,inf
qLogEI,10,6,3,2,76,inf
qLogEI,10,6,3,2,77,inf
qLogEI,10,6,3,2,78,inf
qLogEI,10,6,3,2,79,inf
qLogEI,10,6,3,2,80,inf
qLogEI,10,6,3,2,81,inf
qLogEI,10,6,3,2,82,inf
qLogEI,10,6,3,2,83,inf
qLogEI,10,6,3,2,84,inf
qLogEI,10,6,3,2,85,inf
qLogEI,10,6,3,2,86,inf
qLogEI,10,6,3,2,87,inf
qLogEI,10,6,3,2,88,inf
qLogEI,10,6,3,2,89,inf
qLogEI,10,6,3,2,90,inf
qLogEI,10,6,3,2,91,inf
qLogEI,10,6,3,2,92,inf
qLogEI,10,6,3,2,93,inf
qLogEI,10,6,3,2,94,inf
qLogEI,10,6,3,2,95,inf
qLogEI,10,6,3,2,96,inf
qLogEI,10,6,3,2,97,inf
qLogEI,10,6,3,2,98,inf
qLogEI,10,6,3,2,99,inf
qLogEI,10,6,3,2,100,inf
RL_Enhanced,10,6,3,2,1,inf
RL_Enhanced,10,6,3,2,2,inf
RL_Enhanced,10,6,3,2,3,inf
RL_Enhanced,10,6,3,2,4,inf
RL_Enhanced,10,6,3,2,5,inf
RL_Enhanced,10,6,3,2,6,inf
RL_Enhanced,10,6,3,2,7,inf
RL_Enhanced,10,6,3,2,8,inf
RL_Enhanced,10,6,3,2,9,inf
RL_Enhanced,10,6,3,2,10,inf
RL_Enhanced,10,6,3,2,11,inf
RL_Enhanced,10,6,3,2,12,inf
RL_Enhanced,10,6,3,2,13,inf
RL_Enhanced,10,6,3,2,14,inf
RL_Enhanced,10,6,3,2,15,inf
RL_Enhanced,10,6,3,2,16,inf
RL_Enhanced,10,6,3,2,17,inf
RL_Enhanced,10,6,3,2,18,inf
RL_Enhanced,10,6,3,2,19,inf
RL_Enhanced,10,6,3,2,20,inf
RL_Enhanced,10,6,3,2,21,inf
RL_Enhanced,10,6,3,2,22,inf
RL_Enhanced,10,6,3,2,23,inf
RL_Enhanced,10,6,3,2,24,inf
RL_Enhanced,10,6,3,2,25,inf
RL_Enhanced,10,6,3,2,26,inf
RL_Enhanced,10,6,3,2,27,inf
RL_Enhanced,10,6,3,2,28,inf
RL_Enhanced,10,6,3,2,29,inf
RL_Enhanced,10,6,3,2,30,inf
RL_Enhanced,10,6,3,2,31,inf
RL_Enhanced,10,6,3,2,32,inf
RL_Enhanced,10,6,3,2,33,inf
RL_Enhanced,10,6,3,2,34,inf
RL_Enhanced,10,6,3,2,35,inf
RL_Enhanced,10,6,3,2,36,inf
RL_Enhanced,10,6,3,2,37,inf
RL_Enhanced,10,6,3,2,38,inf
RL_Enhanced,10,6,3,2,39,inf
RL_Enhanced,10,6,3,2,40,inf
RL_Enhanced,10,6,3,2,41,inf
RL_Enhanced,10,6,3,2,42,inf
RL_Enhanced,10,6,3,2,43,inf
RL_Enhanced,10,6,3,2,44,inf
RL_Enhanced,10,6,3,2,45,inf
RL_Enhanced,10,6,3,2,46,inf
RL_Enhanced,10,6,3,2,47,inf
RL_Enhanced,10,6,3,2,48,inf
RL_Enhanced,10,6,3,2,49,inf
RL_Enhanced,10,6,3,2,50,inf
RL_Enhanced,10,6,3,2,51,inf
RL_Enhanced,10,6,3,2,52,inf
RL_Enhanced,10,6,3,2,53,inf
RL_Enhanced,10,6,3,2,54,inf
RL_Enhanced,10,6,3,2,55,inf
RL_Enhanced,10,6,3,2,56,inf
RL_Enhanced,10,6,3,2,57,inf
RL_Enhanced,10,6,3,2,58,inf
RL_Enhanced,10,6,3,2,59,inf
RL_Enhanced,10,6,3,2,60,inf
RL_Enhanced,10,6,3,2,61,inf
RL_Enhanced,10,6,3,2,62,inf
RL_Enhanced,10,6,3,2,63,inf
RL_Enhanced,10,6,3,2,64,inf
RL_Enhanced,10,6,3,2,65,inf
RL_Enhanced,10,6,3,2,66,inf
RL_Enhanced,10,6,3,2,67,inf
RL_Enhanced,10,6,3,2,68,inf
RL_Enhanced,10,6,3,2,69,inf
RL_Enhanced,10,6,3,2,70,inf
RL_Enhanced,10,6,3,2,71,inf
RL_Enhanced,10,6,3,2,72,inf
RL_Enhanced,10,6,3,2,73,inf
RL_Enhanced,10,6,3,2,74,inf
RL_Enhanced,10,6,3,2,75,inf
RL_Enhanced,10,6,3,2,76,inf
RL_Enhanced,10,6,3,2,77,inf
RL_Enhanced,10,6,3,2,78,inf
RL_Enhanced,10,6,3,2,79,inf
RL_Enhanced,10,6,3,2,80,inf
RL_Enhanced,10,6,3,2,81,inf
RL_Enhanced,10,6,3,2,82,inf
RL_Enhanced,10,6,3,2,83,inf
RL_Enhanced,10,6,3,2,84,inf
RL_Enhanced,10,6,3,2,85,inf
RL_Enhanced,10,6,3,2,86,inf
RL_Enhanced,10,6,3,2,87,inf
RL_Enhanced,10,6,3,2,88,inf
RL_Enhanced,10,6,3,2,89,inf
RL_Enhanced,10,6,3,2,90,inf
RL_Enhanced,10,6,3,2,91,inf
RL_Enhanced,10,6,3,2,92,inf
RL_Enhanced,10,6,3,2,93,inf
RL_Enhanced,10,6,3,2,94,inf
RL_Enhanced,10,6,3,2,95,inf
RL_Enhanced,10,6,3,2,96,inf
RL_Enhanced,10,6,3,2,97,inf
RL_Enhanced,10,6,3,2,98,inf
RL_Enhanced,10,6,3,2,99,inf
RL_Enhanced,10,6,3,2,100,inf
Random,10,6,3,3,1,inf
Random,10,6,3,3,2,inf
Random,10,6,3,3,3,inf
Random,10,6,3,3,4,inf
Random,10,6,3,3,5,inf
Random,10,6,3,3,6,inf
Random,10,6,3,3,7,inf
Random,10,6,3,3,8,inf
Random,10,6,3,3,9,inf
Random,10,6,3,3,10,inf
Random,10,6,3,3,11,inf
Random,10,6,3,3,12,inf
Random,10,6,3,3,13,inf
Random,10,6,3,3,14,inf
Random,10,6,3,3,15,inf
Random,10,6,3,3,16,inf
Random,10,6,3,3,17,inf
Random,10,6,3,3,18,inf
Random,10,6,3,3,19,inf
Random,10,6,3,3,20,inf
Random,10,6,3,3,21,inf
Random,10,6,3,3,22,inf
Random,10,6,3,3,23,inf
Random,10,6,3,3,24,inf
Random,10,6,3,3,25,inf
Random,10,6,3,3,26,inf
Random,10,6,3,3,27,inf
Random,10,6,3,3,28,inf
Random,10,6,3,3,29,inf
Random,10,6,3,3,30,inf
Random,10,6,3,3,31,inf
Random,10,6,3,3,32,inf
Random,10,6,3,3,33,inf
Random,10,6,3,3,34,inf
Random,10,6,3,3,35,inf
Random,10,6,3,3,36,inf
Random,10,6,3,3,37,inf
Random,10,6,3,3,38,inf
Random,10,6,3,3,39,inf
Random,10,6,3,3,40,inf
Random,10,6,3,3,41,inf
Random,10,6,3,3,42,inf
Random,10,6,3,3,43,inf
Random,10,6,3,3,44,inf
Random,10,6,3,3,45,inf
Random,10,6,3,3,46,inf
Random,10,6,3,3,47,inf
Random,10,6,3,3,48,inf
Random,10,6,3,3,49,inf
Random,10,6,3,3,50,inf
Random,10,6,3,3,51,inf
Random,10,6,3,3,52,inf
Random,10,6,3,3,53,inf
Random,10,6,3,3,54,inf
Random,10,6,3,3,55,inf
Random,10,6,3,3,56,inf
Random,10,6,3,3,57,inf
Random,10,6,3,3,58,inf
Random,10,6,3,3,59,inf
Random,10,6,3,3,60,inf
Random,10,6,3,3,61,inf
Random,10,6,3,3,62,inf
Random,10,6,3,3,63,inf
Random,10,6,3,3,64,inf
Random,10,6,3,3,65,inf
Random,10,6,3,3,66,inf
Random,10,6,3,3,67,inf
Random,10,6,3,3,68,inf
Random,10,6,3,3,69,inf
Random,10,6,3,3,70,inf
Random,10,6,3,3,71,inf
Random,10,6,3,3,72,inf
Random,10,6,3,3,73,inf
Random,10,6,3,3,74,inf
Random,10,6,3,3,75,inf
Random,10,6,3,3,76,inf
Random,10,6,3,3,77,inf
Random,10,6,3,3,78,inf
Random,10,6,3,3,79,inf
Random,10,6,3,3,80,inf
Random,10,6,3,3,81,inf
Random,10,6,3,3,82,inf
Random,10,6,3,3,83,inf
Random,10,6,3,3,84,inf
Random,10,6,3,3,85,inf
Random,10,6,3,3,86,inf
Random,10,6,3,3,87,inf
Random,10,6,3,3,88,inf
Random,10,6,3,3,89,inf
Random,10,6,3,3,90,inf
Random,10,6,3,3,91,inf
Random,10,6,3,3,92,inf
Random,10,6,3,3,93,inf
Random,10,6,3,3,94,inf
Random,10,6,3,3,95,inf
Random,10,6,3,3,96,inf
Random,10,6,3,3,97,inf
Random,10,6,3,3,98,inf
Random,10,6,3,3,99,inf
Random,10,6,3,3,100,inf
qLogEI,10,6,3,3,1,inf
qLogEI,10,6,3,3,2,inf
qLogEI,10,6,3,3,3,inf
qLogEI,10,6,3,3,4,inf
qLogEI,10,6,3,3,5,inf
qLogEI,10,6,3,3,6,inf
qLogEI,10,6,3,3,7,inf
qLogEI,10,6,3,3,8,inf
qLogEI,10,6,3,3,9,inf
qLogEI,10,6,3,3,10,inf
qLogEI,10,6,3,3,11,inf
qLogEI,10,6,3,3,12,inf
qLogEI,10,6,3,3,13,inf
qLogEI,10,6,3,3,14,inf
qLogEI,10,6,3,3,15,inf
qLogEI,10,6,3,3,16,inf
qLogEI,10,6,3,3,17,inf
qLogEI,10,6,3,3,18,inf
qLogEI,10,6,3,3,19,inf
qLogEI,10,6,3,3,20,inf
qLogEI,10,6,3,3,21,inf
qLogEI,10,6,3,3,22,inf
qLogEI,10,6,3,3,23,inf
qLogEI,10,6,3,3,24,inf
qLogEI,10,6,3,3,25,inf
qLogEI,10,6,3,3,26,inf
qLogEI,10,6,3,3,27,inf
qLogEI,10,6,3,3,28,inf
qLogEI,10,6,3,3,29,inf
qLogEI,10,6,3,3,30,inf
qLogEI,10,6,3,3,31,inf
qLogEI,10,6,3,3,32,inf
qLogEI,10,6,3,3,33,inf
qLogEI,10,6,3,3,34,inf
qLogEI,10,6,3,3,35,inf
qLogEI,10,6,3,3,36,inf
qLogEI,10,6,3,3,37,inf
qLogEI,10,6,3,3,38,inf
qLogEI,10,6,3,3,39,inf
qLogEI,10,6,3,3,40,inf
qLogEI,10,6,3,3,41,inf
qLogEI,10,6,3,3,42,inf
qLogEI,10,6,3,3,43,inf
qLogEI,10,6,3,3,44,inf
qLogEI,10,6,3,3,45,inf
qLogEI,10,6,3,3,46,inf
qLogEI,10,6,3,3,47,inf
qLogEI,10,6,3,3,48,inf
qLogEI,10,6,3,3,49,inf
qLogEI,10,6,3,3,50,inf
qLogEI,10,6,3,3,51,inf
qLogEI,10,6,3,3,52,inf
qLogEI,10,6,3,3,53,inf
qLogEI,10,6,3,3,54,inf
qLogEI,10,6,3,3,55,inf
qLogEI,10,6,3,3,56,inf
qLogEI,10,6,3,3,57,inf
qLogEI,10,6,3,3,58,inf
qLogEI,10,6,3,3,59,inf
qLogEI,10,6,3,3,60,inf
qLogEI,10,6,3,3,61,inf
qLogEI,10,6,3,3,62,inf
qLogEI,10,6,3,3,63,inf
qLogEI,10,6,3,3,64,inf
qLogEI,10,6,3,3,65,inf
qLogEI,10,6,3,3,66,inf
qLogEI,10,6,3,3,67,inf
qLogEI,10,6,3,3,68,inf
qLogEI,10,6,3,3,69,inf
qLogEI,10,6,3,3,70,inf
qLogEI,10,6,3,3,71,inf
qLogEI,10,6,3,3,72,inf
qLogEI,10,6,3,3,73,inf
qLogEI,10,6,3,3,74,inf
qLogEI,10,6,3,3,75,inf
qLogEI,10,6,3,3,76,inf
qLogEI,10,6,3,3,77,inf
qLogEI,10,6,3,3,78,inf
qLogEI,10,6,3,3,79,inf
qLogEI,10,6,3,3,80,inf
qLogEI,10,6,3,3,81,inf
qLogEI,10,6,3,3,82,inf
qLogEI,10,6,3,3,83,inf
qLogEI,10,6,3,3,84,inf
qLogEI,10,6,3,3,85,inf
qLogEI,10,6,3,3,86,inf
qLogEI,10,6,3,3,87,inf
qLogEI,10,6,3,3,88,inf
qLogEI,10,6,3,3,89,inf
qLogEI,10,6,3,3,90,inf
qLogEI,10,6,3,3,91,inf
qLogEI,10,6,3,3,92,inf
qLogEI,10,6,3,3,93,inf
qLogEI,10,6,3,3,94,inf
qLogEI,10,6,3,3,95,inf
qLogEI,10,6,3,3,96,inf
qLogEI,10,6,3,3,97,inf
qLogEI,10,6,3,3,98,inf
qLogEI,10,6,3,3,99,inf
qLogEI,10,6,3,3,100,inf
RL_Enhanced,10,6,3,3,1,inf
RL_Enhanced,10,6,3,3,2,inf
RL_Enhanced,10,6,3,3,3,inf
RL_Enhanced,10,6,3,3,4,inf
RL_Enhanced,10,6,3,3,5,inf
RL_Enhanced,10,6,3,3,6,inf
RL_Enhanced,10,6,3,3,7,inf
RL_Enhanced,10,6,3,3,8,inf
RL_Enhanced,10,6,3,3,9,inf
RL_Enhanced,10,6,3,3,10,inf
RL_Enhanced,10,6,3,3,11,inf
RL_Enhanced,10,6,3,3,12,inf
RL_Enhanced,10,6,3,3,13,inf
RL_Enhanced,10,6,3,3,14,inf
RL_Enhanced,10,6,3,3,15,inf
RL_Enhanced,10,6,3,3,16,inf
RL_Enhanced,10,6,3,3,17,inf
RL_Enhanced,10,6,3,3,18,inf
RL_Enhanced,10,6,3,3,19,inf
RL_Enhanced,10,6,3,3,20,inf
RL_Enhanced,10,6,3,3,21,inf
RL_Enhanced,10,6,3,3,22,inf
RL_Enhanced,10,6,3,3,23,inf
RL_Enhanced,10,6,3,3,24,inf
RL_Enhanced,10,6,3,3,25,inf
RL_Enhanced,10,6,3,3,26,inf
RL_Enhanced,10,6,3,3,27,inf
RL_Enhanced,10,6,3,3,28,inf
RL_Enhanced,10,6,3,3,29,inf
RL_Enhanced,10,6,3,3,30,inf
RL_Enhanced,10,6,3,3,31,inf
RL_Enhanced,10,6,3,3,32,inf
RL_Enhanced,10,6,3,3,33,inf
RL_Enhanced,10,6,3,3,34,inf
RL_Enhanced,10,6,3,3,35,inf
RL_Enhanced,10,6,3,3,36,inf
RL_Enhanced,10,6,3,3,37,inf
RL_Enhanced,10,6,3,3,38,inf
RL_Enhanced,10,6,3,3,39,inf
RL_Enhanced,10,6,3,3,40,inf
RL_Enhanced,10,6,3,3,41,inf
RL_Enhanced,10,6,3,3,42,inf
RL_Enhanced,10,6,3,3,43,inf
RL_Enhanced,10,6,3,3,44,inf
RL_Enhanced,10,6,3,3,45,inf
RL_Enhanced,10,6,3,3,46,inf
RL_Enhanced,10,6,3,3,47,inf
RL_Enhanced,10,6,3,3,48,inf
RL_Enhanced,10,6,3,3,49,inf
RL_Enhanced,10,6,3,3,50,inf
RL_Enhanced,10,6,3,3,51,inf
RL_Enhanced,10,6,3,3,52,inf
RL_Enhanced,10,6,3,3,53,inf
RL_Enhanced,10,6,3,3,54,inf
RL_Enhanced,10,6,3,3,55,inf
RL_Enhanced,10,6,3,3,56,inf
RL_Enhanced,10,6,3,3,57,inf
RL_Enhanced,10,6,3,3,58,inf
RL_Enhanced,10,6,3,3,59,inf
RL_Enhanced,10,6,3,3,60,inf
RL_Enhanced,10,6,3,3,61,inf
RL_Enhanced,10,6,3,3,62,inf
RL_Enhanced,10,6,3,3,63,inf
RL_Enhanced,10,6,3,3,64,inf
RL_Enhanced,10,6,3,3,65,inf
RL_Enhanced,10,6,3,3,66,inf
RL_Enhanced,10,6,3,3,67,inf
RL_Enhanced,10,6,3,3,68,inf
RL_Enhanced,10,6,3,3,69,inf
RL_Enhanced,10,6,3,3,70,inf
RL_Enhanced,10,6,3,3,71,inf
RL_Enhanced,10,6,3,3,72,inf
RL_Enhanced,10,6,3,3,73,inf
RL_Enhanced,10,6,3,3,74,inf
RL_Enhanced,10,6,3,3,75,inf
RL_Enhanced,10,6,3,3,76,inf
RL_Enhanced,10,6,3,3,77,inf
RL_Enhanced,10,6,3,3,78,inf
RL_Enhanced,10,6,3,3,79,inf
RL_Enhanced,10,6,3,3,80,inf
RL_Enhanced,10,6,3,3,81,inf
RL_Enhanced,10,6,3,3,82,inf
RL_Enhanced,10,6,3,3,83,inf
RL_Enhanced,10,6,3,3,84,inf
RL_Enhanced,10,6,3,3,85,inf
RL_Enhanced,10,6,3,3,86,inf
RL_Enhanced,10,6,3,3,87,inf
RL_Enhanced,10,6,3,3,88,inf
RL_Enhanced,10,6,3,3,89,inf
RL_Enhanced,10,6,3,3,90,inf
RL_Enhanced,10,6,3,3,91,inf
RL_Enhanced,10,6,3,3,92,inf
RL_Enhanced,10,6,3,3,93,inf
RL_Enhanced,10,6,3,3,94,inf
RL_Enhanced,10,6,3,3,95,inf
RL_Enhanced,10,6,3,3,96,inf
RL_Enhanced,10,6,3,3,97,inf
RL_Enhanced,10,6,3,3,98,inf
RL_Enhanced,10,6,3,3,99,inf
RL_Enhanced,10,6,3,3,100,inf
Random,10,6,3,4,1,inf
Random,10,6,3,4,2,inf
Random,10,6,3,4,3,inf
Random,10,6,3,4,4,inf
Random,10,6,3,4,5,inf
Random,10,6,3,4,6,inf
Random,10,6,3,4,7,inf
Random,10,6,3,4,8,inf
Random,10,6,3,4,9,inf
Random,10,6,3,4,10,inf
Random,10,6,3,4,11,inf
Random,10,6,3,4,12,inf
Random,10,6,3,4,13,inf
Random,10,6,3,4,14,inf
Random,10,6,3,4,15,inf
Random,10,6,3,4,16,inf
Random,10,6,3,4,17,inf
Random,10,6,3,4,18,inf
Random,10,6,3,4,19,inf
Random,10,6,3,4,20,inf
Random,10,6,3,4,21,inf
Random,10,6,3,4,22,inf
Random,10,6,3,4,23,inf
Random,10,6,3,4,24,inf
Random,10,6,3,4,25,inf
Random,10,6,3,4,26,inf
Random,10,6,3,4,27,inf
Random,10,6,3,4,28,inf
Random,10,6,3,4,29,inf
Random,10,6,3,4,30,inf
Random,10,6,3,4,31,inf
Random,10,6,3,4,32,inf
Random,10,6,3,4,33,inf
Random,10,6,3,4,34,inf
Random,10,6,3,4,35,inf
Random,10,6,3,4,36,inf
Random,10,6,3,4,37,inf
Random,10,6,3,4,38,inf
Random,10,6,3,4,39,inf
Random,10,6,3,4,40,inf
Random,10,6,3,4,41,inf
Random,10,6,3,4,42,inf
Random,10,6,3,4,43,inf
Random,10,6,3,4,44,inf
Random,10,6,3,4,45,inf
Random,10,6,3,4,46,inf
Random,10,6,3,4,47,inf
Random,10,6,3,4,48,inf
Random,10,6,3,4,49,inf
Random,10,6,3,4,50,inf
Random,10,6,3,4,51,inf
Random,10,6,3,4,52,inf
Random,10,6,3,4,53,inf
Random,10,6,3,4,54,inf
Random,10,6,3,4,55,inf
Random,10,6,3,4,56,inf
Random,10,6,3,4,57,inf
Random,10,6,3,4,58,inf
Random,10,6,3,4,59,inf
Random,10,6,3,4,60,inf
Random,10,6,3,4,61,inf
Random,10,6,3,4,62,inf
Random,10,6,3,4,63,inf
Random,10,6,3,4,64,inf
Random,10,6,3,4,65,inf
Random,10,6,3,4,66,inf
Random,10,6,3,4,67,inf
Random,10,6,3,4,68,inf
Random,10,6,3,4,69,inf
Random,10,6,3,4,70,inf
Random,10,6,3,4,71,inf
Random,10,6,3,4,72,inf
Random,10,6,3,4,73,inf
Random,10,6,3,4,74,inf
Random,10,6,3,4,75,inf
Random,10,6,3,4,76,inf
Random,10,6,3,4,77,inf
Random,10,6,3,4,78,inf
Random,10,6,3,4,79,inf
Random,10,6,3,4,80,inf
Random,10,6,3,4,81,inf
Random,10,6,3,4,82,inf
Random,10,6,3,4,83,inf
Random,10,6,3,4,84,inf
Random,10,6,3,4,85,inf
Random,10,6,3,4,86,inf
Random,10,6,3,4,87,inf
Random,10,6,3,4,88,inf
Random,10,6,3,4,89,inf
Random,10,6,3,4,90,inf
Random,10,6,3,4,91,inf
Random,10,6,3,4,92,inf
Random,10,6,3,4,93,inf
Random,10,6,3,4,94,inf
Random,10,6,3,4,95,inf
Random,10,6,3,4,96,inf
Random,10,6,3,4,97,inf
Random,10,6,3,4,98,inf
Random,10,6,3,4,99,inf
Random,10,6,3,4,100,inf
qLogEI,10,6,3,4,1,inf
qLogEI,10,6,3,4,2,inf
qLogEI,10,6,3,4,3,inf
qLogEI,10,6,3,4,4,inf
qLogEI,10,6,3,4,5,inf
qLogEI,10,6,3,4,6,inf
qLogEI,10,6,3,4,7,inf
qLogEI,10,6,3,4,8,inf
qLogEI,10,6,3,4,9,inf
qLogEI,10,6,3,4,10,inf
qLogEI,10,6,3,4,11,inf
qLogEI,10,6,3,4,12,inf
qLogEI,10,6,3,4,13,inf
qLogEI,10,6,3,4,14,inf
qLogEI,10,6,3,4,15,inf
qLogEI,10,6,3,4,16,inf
qLogEI,10,6,3,4,17,inf
qLogEI,10,6,3,4,18,inf
qLogEI,10,6,3,4,19,inf
qLogEI,10,6,3,4,20,inf
qLogEI,10,6,3,4,21,inf
qLogEI,10,6,3,4,22,inf
qLogEI,10,6,3,4,23,inf
qLogEI,10,6,3,4,24,inf
qLogEI,10,6,3,4,25,inf
qLogEI,10,6,3,4,26,inf
qLogEI,10,6,3,4,27,inf
qLogEI,10,6,3,4,28,inf
qLogEI,10,6,3,4,29,inf
qLogEI,10,6,3,4,30,inf
qLogEI,10,6,3,4,31,inf
qLogEI,10,6,3,4,32,inf
qLogEI,10,6,3,4,33,inf
qLogEI,10,6,3,4,34,inf
qLogEI,10,6,3,4,35,inf
qLogEI,10,6,3,4,36,inf
qLogEI,10,6,3,4,37,inf
qLogEI,10,6,3,4,38,inf
qLogEI,10,6,3,4,39,inf
qLogEI,10,6,3,4,40,inf
qLogEI,10,6,3,4,41,inf
qLogEI,10,6,3,4,42,inf
qLogEI,10,6,3,4,43,inf
qLogEI,10,6,3,4,44,inf
qLogEI,10,6,3,4,45,inf
qLogEI,10,6,3,4,46,inf
qLogEI,10,6,3,4,47,inf
qLogEI,10,6,3,4,48,inf
qLogEI,10,6,3,4,49,inf
qLogEI,10,6,3,4,50,inf
qLogEI,10,6,3,4,51,inf
qLogEI,10,6,3,4,52,inf
qLogEI,10,6,3,4,53,inf
qLogEI,10,6,3,4,54,inf
qLogEI,10,6,3,4,55,inf
qLogEI,10,6,3,4,56,inf
qLogEI,10,6,3,4,57,inf
qLogEI,10,6,3,4,58,inf
qLogEI,10,6,3,4,59,inf
qLogEI,10,6,3,4,60,inf
qLogEI,10,6,3,4,61,inf
qLogEI,10,6,3,4,62,inf
qLogEI,10,6,3,4,63,inf
qLogEI,10,6,3,4,64,inf
qLogEI,10,6,3,4,65,inf
qLogEI,10,6,3,4,66,inf
qLogEI,10,6,3,4,67,inf
qLogEI,10,6,3,4,68,inf
qLogEI,10,6,3,4,69,inf
qLogEI,10,6,3,4,70,inf
qLogEI,10,6,3,4,71,inf
qLogEI,10,6,3,4,72,inf
qLogEI,10,6,3,4,73,inf
qLogEI,10,6,3,4,74,inf
qLogEI,10,6,3,4,75,inf
qLogEI,10,6,3,4,76,inf
qLogEI,10,6,3,4,77,inf
qLogEI,10,6,3,4,78,inf
qLogEI,10,6,3,4,79,inf
qLogEI,10,6,3,4,80,inf
qLogEI,10,6,3,4,81,inf
qLogEI,10,6,3,4,82,inf
qLogEI,10,6,3,4,83,inf
qLogEI,10,6,3,4,84,inf
qLogEI,10,6,3,4,85,inf
qLogEI,10,6,3,4,86,inf
qLogEI,10,6,3,4,87,inf
qLogEI,10,6,3,4,88,inf
qLogEI,10,6,3,4,89,inf
qLogEI,10,6,3,4,90,inf
qLogEI,10,6,3,4,91,inf
qLogEI,10,6,3,4,92,inf
qLogEI,10,6,3,4,93,inf
qLogEI,10,6,3,4,94,inf
qLogEI,10,6,3,4,95,inf
qLogEI,10,6,3,4,96,inf
qLogEI,10,6,3,4,97,inf
qLogEI,10,6,3,4,98,inf
qLogEI,10,6,3,4,99,inf
qLogEI,10,6,3,4,100,inf
RL_Enhanced,10,6,3,4,1,inf
RL_Enhanced,10,6,3,4,2,inf
RL_Enhanced,10,6,3,4,3,inf
RL_Enhanced,10,6,3,4,4,inf
RL_Enhanced,10,6,3,4,5,inf
RL_Enhanced,10,6,3,4,6,inf
RL_Enhanced,10,6,3,4,7,inf
RL_Enhanced,10,6,3,4,8,inf
RL_Enhanced,10,6,3,4,9,inf
RL_Enhanced,10,6,3,4,10,inf
RL_Enhanced,10,6,3,4,11,inf
RL_Enhanced,10,6,3,4,12,inf
RL_Enhanced,10,6,3,4,13,inf
RL_Enhanced,10,6,3,4,14,inf
RL_Enhanced,10,6,3,4,15,inf
RL_Enhanced,10,6,3,4,16,inf
RL_Enhanced,10,6,3,4,17,inf
RL_Enhanced,10,6,3,4,18,inf
RL_Enhanced,10,6,3,4,19,inf
RL_Enhanced,10,6,3,4,20,inf
RL_Enhanced,10,6,3,4,21,inf
RL_Enhanced,10,6,3,4,22,inf
RL_Enhanced,10,6,3,4,23,inf
RL_Enhanced,10,6,3,4,24,inf
RL_Enhanced,10,6,3,4,25,inf
RL_Enhanced,10,6,3,4,26,inf
RL_Enhanced,10,6,3,4,27,inf
RL_Enhanced,10,6,3,4,28,inf
RL_Enhanced,10,6,3,4,29,inf
RL_Enhanced,10,6,3,4,30,inf
RL_Enhanced,10,6,3,4,31,inf
RL_Enhanced,10,6,3,4,32,inf
RL_Enhanced,10,6,3,4,33,inf
RL_Enhanced,10,6,3,4,34,inf
RL_Enhanced,10,6,3,4,35,inf
RL_Enhanced,10,6,3,4,36,inf
RL_Enhanced,10,6,3,4,37,inf
RL_Enhanced,10,6,3,4,38,inf
RL_Enhanced,10,6,3,4,39,inf
RL_Enhanced,10,6,3,4,40,inf
RL_Enhanced,10,6,3,4,41,inf
RL_Enhanced,10,6,3,4,42,inf
RL_Enhanced,10,6,3,4,43,inf
RL_Enhanced,10,6,3,4,44,inf
RL_Enhanced,10,6,3,4,45,inf
RL_Enhanced,10,6,3,4,46,inf
RL_Enhanced,10,6,3,4,47,inf
RL_Enhanced,10,6,3,4,48,inf
RL_Enhanced,10,6,3,4,49,inf
RL_Enhanced,10,6,3,4,50,inf
RL_Enhanced,10,6,3,4,51,inf
RL_Enhanced,10,6,3,4,52,inf
RL_Enhanced,10,6,3,4,53,inf
RL_Enhanced,10,6,3,4,54,inf
RL_Enhanced,10,6,3,4,55,inf
RL_Enhanced,10,6,3,4,56,inf
RL_Enhanced,10,6,3,4,57,inf
RL_Enhanced,10,6,3,4,58,inf
RL_Enhanced,10,6,3,4,59,inf
RL_Enhanced,10,6,3,4,60,inf
RL_Enhanced,10,6,3,4,61,inf
RL_Enhanced,10,6,3,4,62,inf
RL_Enhanced,10,6,3,4,63,inf
RL_Enhanced,10,6,3,4,64,inf
RL_Enhanced,10,6,3,4,65,inf
RL_Enhanced,10,6,3,4,66,inf
RL_Enhanced,10,6,3,4,67,inf
RL_Enhanced,10,6,3,4,68,inf
RL_Enhanced,10,6,3,4,69,inf
RL_Enhanced,10,6,3,4,70,inf
RL_Enhanced,10,6,3,4,71,inf
RL_Enhanced,10,6,3,4,72,inf
RL_Enhanced,10,6,3,4,73,inf
RL_Enhanced,10,6,3,4,74,inf
RL_Enhanced,10,6,3,4,75,inf
RL_Enhanced,10,6,3,4,76,inf
RL_Enhanced,10,6,3,4,77,inf
RL_Enhanced,10,6,3,4,78,inf
RL_Enhanced,10,6,3,4,79,inf
RL_Enhanced,10,6,3,4,80,inf
RL_Enhanced,10,6,3,4,81,inf
RL_Enhanced,10,6,3,4,82,inf
RL_Enhanced,10,6,3,4,83,inf
RL_Enhanced,10,6,3,4,84,inf
RL_Enhanced,10,6,3,4,85,inf
RL_Enhanced,10,6,3,4,86,inf
RL_Enhanced,10,6,3,4,87,inf
RL_Enhanced,10,6,3,4,88,inf
RL_Enhanced,10,6,3,4,89,inf
RL_Enhanced,10,6,3,4,90,inf
RL_Enhanced,10,6,3,4,91,inf
RL_Enhanced,10,6,3,4,92,inf
RL_Enhanced,10,6,3,4,93,inf
RL_Enhanced,10,6,3,4,94,inf
RL_Enhanced,10,6,3,4,95,inf
RL_Enhanced,10,6,3,4,96,inf
RL_Enhanced,10,6,3,4,97,inf
RL_Enhanced,10,6,3,4,98,inf
RL_Enhanced,10,6,3,4,99,inf
RL_Enhanced,10,6,3,4,100,inf
Random,10,50,1,0,1,inf
Random,10,50,1,0,2,inf
Random,10,50,1,0,3,inf
Random,10,50,1,0,4,inf
Random,10,50,1,0,5,inf
Random,10,50,1,0,6,inf
Random,10,50,1,0,7,inf
Random,10,50,1,0,8,inf
Random,10,50,1,0,9,inf
Random,10,50,1,0,10,inf
Random,10,50,1,0,11,inf
Random,10,50,1,0,12,inf
Random,10,50,1,0,13,inf
Random,10,50,1,0,14,inf
Random,10,50,1,0,15,inf
Random,10,50,1,0,16,inf
Random,10,50,1,0,17,inf
Random,10,50,1,0,18,inf
Random,10,50,1,0,19,inf
Random,10,50,1,0,20,inf
Random,10,50,1,0,21,inf
Random,10,50,1,0,22,inf
Random,10,50,1,0,23,inf
Random,10,50,1,0,24,inf
Random,10,50,1,0,25,inf
Random,10,50,1,0,26,inf
Random,10,50,1,0,27,inf
Random,10,50,1,0,28,inf
Random,10,50,1,0,29,inf
Random,10,50,1,0,30,inf
Random,10,50,1,0,31,inf
Random,10,50,1,0,32,inf
Random,10,50,1,0,33,inf
Random,10,50,1,0,34,inf
Random,10,50,1,0,35,inf
Random,10,50,1,0,36,inf
Random,10,50,1,0,37,inf
Random,10,50,1,0,38,inf
Random,10,50,1,0,39,inf
Random,10,50,1,0,40,inf
Random,10,50,1,0,41,inf
Random,10,50,1,0,42,inf
Random,10,50,1,0,43,inf
Random,10,50,1,0,44,2645.9799228791558
Random,10,50,1,0,45,2645.9799228791558
Random,10,50,1,0,46,2645.9799228791558
Random,10,50,1,0,47,2645.9799228791558
Random,10,50,1,0,48,2645.9799228791558
Random,10,50,1,0,49,2645.9799228791558
Random,10,50,1,0,50,2645.9799228791558
Random,10,50,1,0,51,2645.9799228791558
Random,10,50,1,0,52,2645.9799228791558
Random,10,50,1,0,53,2645.9799228791558
Random,10,50,1,0,54,2645.9799228791558
Random,10,50,1,0,55,2645.9799228791558
Random,10,50,1,0,56,2645.9799228791558
Random,10,50,1,0,57,2645.9799228791558
Random,10,50,1,0,58,2645.9799228791558
Random,10,50,1,0,59,2645.9799228791558
Random,10,50,1,0,60,2645.9799228791558
Random,10,50,1,0,61,2645.9799228791558
Random,10,50,1,0,62,2645.9799228791558
Random,10,50,1,0,63,2645.9799228791558
Random,10,50,1,0,64,2645.9799228791558
Random,10,50,1,0,65,2645.9799228791558
Random,10,50,1,0,66,2645.9799228791558
Random,10,50,1,0,67,2645.9799228791558
Random,10,50,1,0,68,2645.9799228791558
Random,10,50,1,0,69,2645.9799228791558
Random,10,50,1,0,70,2645.9799228791558
Random,10,50,1,0,71,2645.9799228791558
Random,10,50,1,0,72,2645.9799228791558
Random,10,50,1,0,73,2645.9799228791558
Random,10,50,1,0,74,2645.9799228791558
Random,10,50,1,0,75,2645.9799228791558
Random,10,50,1,0,76,2645.9799228791558
Random,10,50,1,0,77,2645.9799228791558
Random,10,50,1,0,78,2645.9799228791558
Random,10,50,1,0,79,2645.9799228791558
Random,10,50,1,0,80,2645.9799228791558
Random,10,50,1,0,81,2645.9799228791558
Random,10,50,1,0,82,2645.9799228791558
Random,10,50,1,0,83,2645.9799228791558
Random,10,50,1,0,84,2645.9799228791558
Random,10,50,1,0,85,2645.9799228791558
Random,10,50,1,0,86,2645.9799228791558
Random,10,50,1,0,87,2645.9799228791558
Random,10,50,1,0,88,2645.9799228791558
Random,10,50,1,0,89,2645.9799228791558
Random,10,50,1,0,90,2645.9799228791558
Random,10,50,1,0,91,2645.9799228791558
Random,10,50,1,0,92,2645.9799228791558
Random,10,50,1,0,93,2645.9799228791558
Random,10,50,1,0,94,2645.9799228791558
Random,10,50,1,0,95,2645.9799228791558
Random,10,50,1,0,96,2645.9799228791558
Random,10,50,1,0,97,2645.9799228791558
Random,10,50,1,0,98,2645.9799228791558
Random,10,50,1,0,99,2645.9799228791558
Random,10,50,1,0,100,2645.9799228791558
qLogEI,10,50,1,0,1,inf
qLogEI,10,50,1,0,2,inf
qLogEI,10,50,1,0,3,inf
qLogEI,10,50,1,0,4,inf
qLogEI,10,50,1,0,5,inf
qLogEI,10,50,1,0,6,inf
qLogEI,10,50,1,0,7,inf
qLogEI,10,50,1,0,8,inf
qLogEI,10,50,1,0,9,inf
qLogEI,10,50,1,0,10,inf
qLogEI,10,50,1,0,11,inf
qLogEI,10,50,1,0,12,inf
qLogEI,10,50,1,0,13,inf
qLogEI,10,50,1,0,14,inf
qLogEI,10,50,1,0,15,inf
qLogEI,10,50,1,0,16,inf
qLogEI,10,50,1,0,17,inf
qLogEI,10,50,1,0,18,inf
qLogEI,10,50,1,0,19,inf
qLogEI,10,50,1,0,20,inf
qLogEI,10,50,1,0,21,inf
qLogEI,10,50,1,0,22,inf
qLogEI,10,50,1,0,23,inf
qLogEI,10,50,1,0,24,inf
qLogEI,10,50,1,0,25,inf
qLogEI,10,50,1,0,26,inf
qLogEI,10,50,1,0,27,inf
qLogEI,10,50,1,0,28,inf
qLogEI,10,50,1,0,29,inf
qLogEI,10,50,1,0,30,inf
qLogEI,10,50,1,0,31,inf
qLogEI,10,50,1,0,32,inf
qLogEI,10,50,1,0,33,inf
qLogEI,10,50,1,0,34,inf
qLogEI,10,50,1,0,35,inf
qLogEI,10,50,1,0,36,inf
qLogEI,10,50,1,0,37,inf
qLogEI,10,50,1,0,38,inf
qLogEI,10,50,1,0,39,inf
qLogEI,10,50,1,0,40,inf
qLogEI,10,50,1,0,41,inf
qLogEI,10,50,1,0,42,3346.737195550414
qLogEI,10,50,1,0,43,2989.3111668952592
qLogEI,10,50,1,0,44,2989.3111668952592
qLogEI,10,50,1,0,45,1905.4162364568608
qLogEI,10,50,1,0,46,1905.4162364568608
qLogEI,10,50,1,0,47,1905.4162364568608
qLogEI,10,50,1,0,48,1905.4162364568608
qLogEI,10,50,1,0,49,1905.4162364568608
qLogEI,10,50,1,0,50,1905.4162364568608
qLogEI,10,50,1,0,51,1905.4162364568608
qLogEI,10,50,1,0,52,1905.4162364568608
qLogEI,10,50,1,0,53,1905.4162364568608
qLogEI,10,50,1,0,54,1787.6320023936162
qLogEI,10,50,1,0,55,1787.6320023936162
qLogEI,10,50,1,0,56,1787.6320023936162
qLogEI,10,50,1,0,57,1787.6320023936162
qLogEI,10,50,1,0,58,1787.6320023936162
qLogEI,10,50,1,0,59,1787.6320023936162
qLogEI,10,50,1,0,60,1787.6320023936162
qLogEI,10,50,1,0,61,1787.6320023936162
qLogEI,10,50,1,0,62,1787.6320023936162
qLogEI,10,50,1,0,63,1787.6320023936162
qLogEI,10,50,1,0,64,1787.6320023936162
qLogEI,10,50,1,0,65,1787.6320023936162
qLogEI,10,50,1,0,66,1787.6320023936162
qLogEI,10,50,1,0,67,1787.6320023936162
qLogEI,10,50,1,0,68,1787.6320023936162
qLogEI,10,50,1,0,69,1787.6320023936162
qLogEI,10,50,1,0,70,1787.6320023936162
qLogEI,10,50,1,0,71,1787.6320023936162
qLogEI,10,50,1,0,72,1787.6320023936162
qLogEI,10,50,1,0,73,1787.6320023936162
qLogEI,10,50,1,0,74,1787.6320023936162
qLogEI,10,50,1,0,75,1787.6320023936162
qLogEI,10,50,1,0,76,1787.6320023936162
qLogEI,10,50,1,0,77,1787.6320023936162
qLogEI,10,50,1,0,78,1787.6320023936162
qLogEI,10,50,1,0,79,1787.6320023936162
qLogEI,10,50,1,0,80,1787.6320023936162
qLogEI,10,50,1,0,81,1787.6320023936162
qLogEI,10,50,1,0,82,1787.6320023936162
qLogEI,10,50,1,0,83,1787.6320023936162
qLogEI,10,50,1,0,84,1787.6320023936162
qLogEI,10,50,1,0,85,1787.6320023936162
qLogEI,10,50,1,0,86,1787.6320023936162
qLogEI,10,50,1,0,87,1787.6320023936162
qLogEI,10,50,1,0,88,1787.6320023936162
qLogEI,10,50,1,0,89,1787.6320023936162
qLogEI,10,50,1,0,90,1787.6320023936162
qLogEI,10,50,1,0,91,1787.6320023936162
qLogEI,10,50,1,0,92,1787.6320023936162
qLogEI,10,50,1,0,93,1787.6320023936162
qLogEI,10,50,1,0,94,1787.6320023936162
qLogEI,10,50,1,0,95,1787.6320023936162
qLogEI,10,50,1,0,96,1787.6320023936162
qLogEI,10,50,1,0,97,1787.6320023936162
qLogEI,10,50,1,0,98,1787.6320023936162
qLogEI,10,50,1,0,99,1787.6320023936162
qLogEI,10,50,1,0,100,1787.6320023936162
RL_Enhanced,10,50,1,0,1,inf
RL_Enhanced,10,50,1,0,2,inf
RL_Enhanced,10,50,1,0,3,inf
RL_Enhanced,10,50,1,0,4,inf
RL_Enhanced,10,50,1,0,5,inf
RL_Enhanced,10,50,1,0,6,inf
RL_Enhanced,10,50,1,0,7,inf
RL_Enhanced,10,50,1,0,8,inf
RL_Enhanced,10,50,1,0,9,inf
RL_Enhanced,10,50,1,0,10,inf
RL_Enhanced,10,50,1,0,11,inf
RL_Enhanced,10,50,1,0,12,inf
RL_Enhanced,10,50,1,0,13,inf
RL_Enhanced,10,50,1,0,14,inf
RL_Enhanced,10,50,1,0,15,inf
RL_Enhanced,10,50,1,0,16,inf
RL_Enhanced,10,50,1,0,17,inf
RL_Enhanced,10,50,1,0,18,inf
RL_Enhanced,10,50,1,0,19,inf
RL_Enhanced,10,50,1,0,20,inf
RL_Enhanced,10,50,1,0,21,inf
RL_Enhanced,10,50,1,0,22,inf
RL_Enhanced,10,50,1,0,23,inf
RL_Enhanced,10,50,1,0,24,inf
RL_Enhanced,10,50,1,0,25,inf
RL_Enhanced,10,50,1,0,26,inf
RL_Enhanced,10,50,1,0,27,inf
RL_Enhanced,10,50,1,0,28,inf
RL_Enhanced,10,50,1,0,29,6457.815577405512
RL_Enhanced,10,50,1,0,30,6457.815577405512
RL_Enhanced,10,50,1,0,31,6457.815577405512
RL_Enhanced,10,50,1,0,32,6457.815577405512
RL_Enhanced,10,50,1,0,33,6457.815577405512
RL_Enhanced,10,50,1,0,34,6457.815577405512
RL_Enhanced,10,50,1,0,35,6457.815577405512
RL_Enhanced,10,50,1,0,36,6457.815577405512
RL_Enhanced,10,50,1,0,37,6457.815577405512
RL_Enhanced,10,50,1,0,38,6457.815577405512
RL_Enhanced,10,50,1,0,39,6457.815577405512
RL_Enhanced,10,50,1,0,40,6457.815577405512
RL_Enhanced,10,50,1,0,41,6457.815577405512
RL_Enhanced,10,50,1,0,42,6457.815577405512
RL_Enhanced,10,50,1,0,43,6457.815577405512
RL_Enhanced,10,50,1,0,44,6457.815577405512
RL_Enhanced,10,50,1,0,45,6457.815577405512
RL_Enhanced,10,50,1,0,46,6457.815577405512
RL_Enhanced,10,50,1,0,47,6457.815577405512
RL_Enhanced,10,50,1,0,48,6457.815577405512
RL_Enhanced,10,50,1,0,49,6457.815577405512
RL_Enhanced,10,50,1,0,50,6457.815577405512
RL_Enhanced,10,50,1,0,51,6457.815577405512
RL_Enhanced,10,50,1,0,52,6457.815577405512
RL_Enhanced,10,50,1,0,53,6457.815577405512
RL_Enhanced,10,50,1,0,54,6457.815577405512
RL_Enhanced,10,50,1,0,55,6457.815577405512
RL_Enhanced,10,50,1,0,56,6457.815577405512
RL_Enhanced,10,50,1,0,57,6457.815577405512
RL_Enhanced,10,50,1,0,58,6457.815577405512
RL_Enhanced,10,50,1,0,59,6457.815577405512
RL_Enhanced,10,50,1,0,60,6457.815577405512
RL_Enhanced,10,50,1,0,61,6457.815577405512
RL_Enhanced,10,50,1,0,62,6457.815577405512
RL_Enhanced,10,50,1,0,63,6457.815577405512
RL_Enhanced,10,50,1,0,64,6457.815577405512
RL_Enhanced,10,50,1,0,65,6457.815577405512
RL_Enhanced,10,50,1,0,66,6457.815577405512
RL_Enhanced,10,50,1,0,67,6457.815577405512
RL_Enhanced,10,50,1,0,68,6457.815577405512
RL_Enhanced,10,50,1,0,69,6457.815577405512
RL_Enhanced,10,50,1,0,70,6457.815577405512
RL_Enhanced,10,50,1,0,71,6457.815577405512
RL_Enhanced,10,50,1,0,72,6457.815577405512
RL_Enhanced,10,50,1,0,73,6457.815577405512
RL_Enhanced,10,50,1,0,74,6457.815577405512
RL_Enhanced,10,50,1,0,75,6457.815577405512
RL_Enhanced,10,50,1,0,76,6457.815577405512
RL_Enhanced,10,50,1,0,77,6457.815577405512
RL_Enhanced,10,50,1,0,78,6457.815577405512
RL_Enhanced,10,50,1,0,79,6457.815577405512
RL_Enhanced,10,50,1,0,80,6457.815577405512
RL_Enhanced,10,50,1,0,81,6457.815577405512
RL_Enhanced,10,50,1,0,82,6457.815577405512
RL_Enhanced,10,50,1,0,83,6457.815577405512
RL_Enhanced,10,50,1,0,84,6457.815577405512
RL_Enhanced,10,50,1,0,85,6457.815577405512
RL_Enhanced,10,50,1,0,86,6457.815577405512
RL_Enhanced,10,50,1,0,87,6457.815577405512
RL_Enhanced,10,50,1,0,88,6457.815577405512
RL_Enhanced,10,50,1,0,89,6457.815577405512
RL_Enhanced,10,50,1,0,90,6457.815577405512
RL_Enhanced,10,50,1,0,91,6457.815577405512
RL_Enhanced,10,50,1,0,92,6457.815577405512
RL_Enhanced,10,50,1,0,93,6457.815577405512
RL_Enhanced,10,50,1,0,94,6457.815577405512
RL_Enhanced,10,50,1,0,95,6457.815577405512
RL_Enhanced,10,50,1,0,96,6457.815577405512
RL_Enhanced,10,50,1,0,97,6457.815577405512
RL_Enhanced,10,50,1,0,98,6457.815577405512
RL_Enhanced,10,50,1,0,99,6457.815577405512
RL_Enhanced,10,50,1,0,100,6457.815577405512
Random,10,50,1,1,1,inf
Random,10,50,1,1,2,4250.973553297999
Random,10,50,1,1,3,4250.973553297999
Random,10,50,1,1,4,4250.973553297999
Random,10,50,1,1,5,4250.973553297999
Random,10,50,1,1,6,4250.973553297999
Random,10,50,1,1,7,2429.498432639624
Random,10,50,1,1,8,2429.498432639624
Random,10,50,1,1,9,2429.498432639624
Random,10,50,1,1,10,2429.498432639624
Random,10,50,1,1,11,2429.498432639624
Random,10,50,1,1,12,2429.498432639624
Random,10,50,1,1,13,2429.498432639624
Random,10,50,1,1,14,2429.498432639624
Random,10,50,1,1,15,2429.498432639624
Random,10,50,1,1,16,2429.498432639624
Random,10,50,1,1,17,2429.498432639624
Random,10,50,1,1,18,2429.498432639624
Random,10,50,1,1,19,2429.498432639624
Random,10,50,1,1,20,2429.498432639624
Random,10,50,1,1,21,2429.498432639624
Random,10,50,1,1,22,2429.498432639624
Random,10,50,1,1,23,2429.498432639624
Random,10,50,1,1,24,2429.498432639624
Random,10,50,1,1,25,2429.498432639624
Random,10,50,1,1,26,2429.498432639624
Random,10,50,1,1,27,2429.498432639624
Random,10,50,1,1,28,2429.498432639624
Random,10,50,1,1,29,2429.498432639624
Random,10,50,1,1,30,2429.498432639624
Random,10,50,1,1,31,2429.498432639624
Random,10,50,1,1,32,2429.498432639624
Random,10,50,1,1,33,2429.498432639624
Random,10,50,1,1,34,2429.498432639624
Random,10,50,1,1,35,2429.498432639624
Random,10,50,1,1,36,2429.498432639624
Random,10,50,1,1,37,2429.498432639624
Random,10,50,1,1,38,2429.498432639624
Random,10,50,1,1,39,2429.498432639624
Random,10,50,1,1,40,2429.498432639624
Random,10,50,1,1,41,2429.498432639624
Random,10,50,1,1,42,2429.498432639624
Random,10,50,1,1,43,2429.498432639624
Random,10,50,1,1,44,2429.498432639624
Random,10,50,1,1,45,2429.498432639624
Random,10,50,1,1,46,2429.498432639624
Random,10,50,1,1,47,2429.498432639624
Random,10,50,1,1,48,2429.498432639624
Random,10,50,1,1,49,2429.498432639624
Random,10,50,1,1,50,2429.498432639624
Random,10,50,1,1,51,2429.498432639624
Random,10,50,1,1,52,2429.498432639624
Random,10,50,1,1,53,2429.498432639624
Random,10,50,1,1,54,2429.498432639624
Random,10,50,1,1,55,2429.498432639624
Random,10,50,1,1,56,2429.498432639624
Random,10,50,1,1,57,2429.498432639624
Random,10,50,1,1,58,2429.498432639624
Random,10,50,1,1,59,2429.498432639624
Random,10,50,1,1,60,2429.498432639624
Random,10,50,1,1,61,2429.498432639624
Random,10,50,1,1,62,2429.498432639624
Random,10,50,1,1,63,2429.498432639624
Random,10,50,1,1,64,2429.498432639624
Random,10,50,1,1,65,2429.498432639624
Random,10,50,1,1,66,2429.498432639624
Random,10,50,1,1,67,2429.498432639624
Random,10,50,1,1,68,2429.498432639624
Random,10,50,1,1,69,2429.498432639624
Random,10,50,1,1,70,2429.498432639624
Random,10,50,1,1,71,2429.498432639624
Random,10,50,1,1,72,2429.498432639624
Random,10,50,1,1,73,2429.498432639624
Random,10,50,1,1,74,2429.498432639624
Random,10,50,1,1,75,2429.498432639624
Random,10,50,1,1,76,2429.498432639624
Random,10,50,1,1,77,2429.498432639624
Random,10,50,1,1,78,2429.498432639624
Random,10,50,1,1,79,2429.498432639624
Random,10,50,1,1,80,2429.498432639624
Random,10,50,1,1,81,2429.498432639624
Random,10,50,1,1,82,2429.498432639624
Random,10,50,1,1,83,2429.498432639624
Random,10,50,1,1,84,2429.498432639624
Random,10,50,1,1,85,2429.498432639624
Random,10,50,1,1,86,2429.498432639624
Random,10,50,1,1,87,2429.498432639624
Random,10,50,1,1,88,2429.498432639624
Random,10,50,1,1,89,2429.498432639624
Random,10,50,1,1,90,2429.498432639624
Random,10,50,1,1,91,2429.498432639624
Random,10,50,1,1,92,2429.498432639624
Random,10,50,1,1,93,2429.498432639624
Random,10,50,1,1,94,2429.498432639624
Random,10,50,1,1,95,2429.498432639624
Random,10,50,1,1,96,2429.498432639624
Random,10,50,1,1,97,2429.498432639624
Random,10,50,1,1,98,2429.498432639624
Random,10,50,1,1,99,2429.498432639624
Random,10,50,1,1,100,2429.498432639624
qLogEI,10,50,1,1,1,inf
qLogEI,10,50,1,1,2,4250.973553297999
qLogEI,10,50,1,1,3,4250.973553297999
qLogEI,10,50,1,1,4,4250.973553297999
qLogEI,10,50,1,1,5,4250.973553297999
qLogEI,10,50,1,1,6,4250.973553297999
qLogEI,10,50,1,1,7,2429.498432639624
qLogEI,10,50,1,1,8,2429.498432639624
qLogEI,10,50,1,1,9,2429.498432639624
qLogEI,10,50,1,1,10,2429.498432639624
qLogEI,10,50,1,1,11,2429.498432639624
qLogEI,10,50,1,1,12,2429.498432639624
qLogEI,10,50,1,1,13,2429.498432639624
qLogEI,10,50,1,1,14,2429.498432639624
qLogEI,10,50,1,1,15,2429.498432639624
qLogEI,10,50,1,1,16,2429.498432639624
qLogEI,10,50,1,1,17,2429.498432639624
qLogEI,10,50,1,1,18,2429.498432639624
qLogEI,10,50,1,1,19,2429.498432639624
qLogEI,10,50,1,1,20,2429.498432639624
qLogEI,10,50,1,1,21,2429.498432639624
qLogEI,10,50,1,1,22,2429.498432639624
qLogEI,10,50,1,1,23,2429.498432639624
qLogEI,10,50,1,1,24,2429.498432639624
qLogEI,10,50,1,1,25,2429.498432639624
qLogEI,10,50,1,1,26,2429.498432639624
qLogEI,10,50,1,1,27,2429.498432639624
qLogEI,10,50,1,1,28,2429.498432639624
qLogEI,10,50,1,1,29,2429.498432639624
qLogEI,10,50,1,1,30,2429.498432639624
qLogEI,10,50,1,1,31,2429.498432639624
qLogEI,10,50,1,1,32,2429.498432639624
qLogEI,10,50,1,1,33,2429.498432639624
qLogEI,10,50,1,1,34,2429.498432639624
qLogEI,10,50,1,1,35,2429.498432639624
qLogEI,10,50,1,1,36,2429.498432639624
qLogEI,10,50,1,1,37,2429.498432639624
qLogEI,10,50,1,1,38,2429.498432639624
qLogEI,10,50,1,1,39,2429.498432639624
qLogEI,10,50,1,1,40,2429.498432639624
qLogEI,10,50,1,1,41,2429.498432639624
qLogEI,10,50,1,1,42,2429.498432639624
qLogEI,10,50,1,1,43,2429.498432639624
qLogEI,10,50,1,1,44,2429.498432639624
qLogEI,10,50,1,1,45,2429.498432639624
qLogEI,10,50,1,1,46,2429.498432639624
qLogEI,10,50,1,1,47,2429.498432639624
qLogEI,10,50,1,1,48,2429.498432639624
qLogEI,10,50,1,1,49,2429.498432639624
qLogEI,10,50,1,1,50,2429.498432639624
qLogEI,10,50,1,1,51,2429.498432639624
qLogEI,10,50,1,1,52,2429.498432639624
qLogEI,10,50,1,1,53,2429.498432639624
qLogEI,10,50,1,1,54,2429.498432639624
qLogEI,10,50,1,1,55,2429.498432639624
qLogEI,10,50,1,1,56,2429.498432639624
qLogEI,10,50,1,1,57,2429.498432639624
qLogEI,10,50,1,1,58,2429.498432639624
qLogEI,10,50,1,1,59,2429.498432639624
qLogEI,10,50,1,1,60,2429.498432639624
qLogEI,10,50,1,1,61,2429.498432639624
qLogEI,10,50,1,1,62,2429.498432639624
qLogEI,10,50,1,1,63,2429.498432639624
qLogEI,10,50,1,1,64,2429.498432639624
qLogEI,10,50,1,1,65,2429.498432639624
qLogEI,10,50,1,1,66,2429.498432639624
qLogEI,10,50,1,1,67,2429.498432639624
qLogEI,10,50,1,1,68,2429.498432639624
qLogEI,10,50,1,1,69,2429.498432639624
qLogEI,10,50,1,1,70,2429.498432639624
qLogEI,10,50,1,1,71,2429.498432639624
qLogEI,10,50,1,1,72,2429.498432639624
qLogEI,10,50,1,1,73,2429.498432639624
qLogEI,10,50,1,1,74,2429.498432639624
qLogEI,10,50,1,1,75,2106.0153861853455
qLogEI,10,50,1,1,76,2106.0153861853455
qLogEI,10,50,1,1,77,1673.873346206034
qLogEI,10,50,1,1,78,1673.873346206034
qLogEI,10,50,1,1,79,1673.873346206034
qLogEI,10,50,1,1,80,1673.873346206034
qLogEI,10,50,1,1,81,1673.873346206034
qLogEI,10,50,1,1,82,1673.873346206034
qLogEI,10,50,1,1,83,1673.873346206034
qLogEI,10,50,1,1,84,1673.873346206034
qLogEI,10,50,1,1,85,1673.873346206034
qLogEI,10,50,1,1,86,1673.873346206034
qLogEI,10,50,1,1,87,1673.873346206034
qLogEI,10,50,1,1,88,1673.873346206034
qLogEI,10,50,1,1,89,1673.873346206034
qLogEI,10,50,1,1,90,1673.873346206034
qLogEI,10,50,1,1,91,1673.873346206034
qLogEI,10,50,1,1,92,1673.873346206034
qLogEI,10,50,1,1,93,1673.873346206034
qLogEI,10,50,1,1,94,1673.873346206034
qLogEI,10,50,1,1,95,1673.873346206034
qLogEI,10,50,1,1,96,1673.873346206034
qLogEI,10,50,1,1,97,1673.873346206034
qLogEI,10,50,1,1,98,1673.873346206034
qLogEI,10,50,1,1,99,1673.873346206034
qLogEI,10,50,1,1,100,1673.873346206034
RL_Enhanced,10,50,1,1,1,inf
RL_Enhanced,10,50,1,1,2,4250.973553297999
RL_Enhanced,10,50,1,1,3,4250.973553297999
RL_Enhanced,10,50,1,1,4,4250.973553297999
RL_Enhanced,10,50,1,1,5,4250.973553297999
RL_Enhanced,10,50,1,1,6,4250.973553297999
RL_Enhanced,10,50,1,1,7,2429.498432639624
RL_Enhanced,10,50,1,1,8,2429.498432639624
RL_Enhanced,10,50,1,1,9,2429.498432639624
RL_Enhanced,10,50,1,1,10,2429.498432639624
RL_Enhanced,10,50,1,1,11,2429.498432639624
RL_Enhanced,10,50,1,1,12,2429.498432639624
RL_Enhanced,10,50,1,1,13,2429.498432639624
RL_Enhanced,10,50,1,1,14,2429.498432639624
RL_Enhanced,10,50,1,1,15,2429.498432639624
RL_Enhanced,10,50,1,1,16,2429.498432639624
RL_Enhanced,10,50,1,1,17,2429.498432639624
RL_Enhanced,10,50,1,1,18,2429.498432639624
RL_Enhanced,10,50,1,1,19,2429.498432639624
RL_Enhanced,10,50,1,1,20,2429.498432639624
RL_Enhanced,10,50,1,1,21,2429.498432639624
RL_Enhanced,10,50,1,1,22,2429.498432639624
RL_Enhanced,10,50,1,1,23,2429.498432639624
RL_Enhanced,10,50,1,1,24,2429.498432639624
RL_Enhanced,10,50,1,1,25,2429.498432639624
RL_Enhanced,10,50,1,1,26,2429.498432639624
RL_Enhanced,10,50,1,1,27,2429.498432639624
RL_Enhanced,10,50,1,1,28,2429.498432639624
RL_Enhanced,10,50,1,1,29,2429.498432639624
RL_Enhanced,10,50,1,1,30,2429.498432639624
RL_Enhanced,10,50,1,1,31,2429.498432639624
RL_Enhanced,10,50,1,1,32,2429.498432639624
RL_Enhanced,10,50,1,1,33,2429.498432639624
RL_Enhanced,10,50,1,1,34,2429.498432639624
RL_Enhanced,10,50,1,1,35,2429.498432639624
RL_Enhanced,10,50,1,1,36,2429.498432639624
RL_Enhanced,10,50,1,1,37,2429.498432639624
RL_Enhanced,10,50,1,1,38,2429.498432639624
RL_Enhanced,10,50,1,1,39,2429.498432639624
RL_Enhanced,10,50,1,1,40,2429.498432639624
RL_Enhanced,10,50,1,1,41,2429.498432639624
RL_Enhanced,10,50,1,1,42,2429.498432639624
RL_Enhanced,10,50,1,1,43,2429.498432639624
RL_Enhanced,10,50,1,1,44,2429.498432639624
RL_Enhanced,10,50,1,1,45,2429.498432639624
RL_Enhanced,10,50,1,1,46,2429.498432639624
RL_Enhanced,10,50,1,1,47,2429.498432639624
RL_Enhanced,10,50,1,1,48,2429.498432639624
RL_Enhanced,10,50,1,1,49,2429.498432639624
RL_Enhanced,10,50,1,1,50,2429.498432639624
RL_Enhanced,10,50,1,1,51,2429.498432639624
RL_Enhanced,10,50,1,1,52,2429.498432639624
RL_Enhanced,10,50,1,1,53,2429.498432639624
RL_Enhanced,10,50,1,1,54,2429.498432639624
RL_Enhanced,10,50,1,1,55,2429.498432639624
RL_Enhanced,10,50,1,1,56,2429.498432639624
RL_Enhanced,10,50,1,1,57,2429.498432639624
RL_Enhanced,10,50,1,1,58,2429.498432639624
RL_Enhanced,10,50,1,1,59,2429.498432639624
RL_Enhanced,10,50,1,1,60,2429.498432639624
RL_Enhanced,10,50,1,1,61,2429.498432639624
RL_Enhanced,10,50,1,1,62,2429.498432639624
RL_Enhanced,10,50,1,1,63,2429.498432639624
RL_Enhanced,10,50,1,1,64,2429.498432639624
RL_Enhanced,10,50,1,1,65,2429.498432639624
RL_Enhanced,10,50,1,1,66,2429.498432639624
RL_Enhanced,10,50,1,1,67,2429.498432639624
RL_Enhanced,10,50,1,1,68,2429.498432639624
RL_Enhanced,10,50,1,1,69,2429.498432639624
RL_Enhanced,10,50,1,1,70,2429.498432639624
RL_Enhanced,10,50,1,1,71,2429.498432639624
RL_Enhanced,10,50,1,1,72,2429.498432639624
RL_Enhanced,10,50,1,1,73,2429.498432639624
RL_Enhanced,10,50,1,1,74,2429.498432639624
RL_Enhanced,10,50,1,1,75,2429.498432639624
RL_Enhanced,10,50,1,1,76,2429.498432639624
RL_Enhanced,10,50,1,1,77,2429.498432639624
RL_Enhanced,10,50,1,1,78,2429.498432639624
RL_Enhanced,10,50,1,1,79,2429.498432639624
RL_Enhanced,10,50,1,1,80,2429.498432639624
RL_Enhanced,10,50,1,1,81,2429.498432639624
RL_Enhanced,10,50,1,1,82,2429.498432639624
RL_Enhanced,10,50,1,1,83,2429.498432639624
RL_Enhanced,10,50,1,1,84,2429.498432639624
RL_Enhanced,10,50,1,1,85,2429.498432639624
RL_Enhanced,10,50,1,1,86,2429.498432639624
RL_Enhanced,10,50,1,1,87,2429.498432639624
RL_Enhanced,10,50,1,1,88,2429.498432639624
RL_Enhanced,10,50,1,1,89,2429.498432639624
RL_Enhanced,10,50,1,1,90,2429.498432639624
RL_Enhanced,10,50,1,1,91,2429.498432639624
RL_Enhanced,10,50,1,1,92,2429.498432639624
RL_Enhanced,10,50,1,1,93,2429.498432639624
RL_Enhanced,10,50,1,1,94,2429.498432639624
RL_Enhanced,10,50,1,1,95,2429.498432639624
RL_Enhanced,10,50,1,1,96,2429.498432639624
RL_Enhanced,10,50,1,1,97,2429.498432639624
RL_Enhanced,10,50,1,1,98,2429.498432639624
RL_Enhanced,10,50,1,1,99,2429.498432639624
RL_Enhanced,10,50,1,1,100,2429.498432639624
Random,10,50,1,2,1,inf
Random,10,50,1,2,2,inf
Random,10,50,1,2,3,inf
Random,10,50,1,2,4,inf
Random,10,50,1,2,5,inf
Random,10,50,1,2,6,inf
Random,10,50,1,2,7,3188.747085143084
Random,10,50,1,2,8,3188.747085143084
Random,10,50,1,2,9,3188.747085143084
Random,10,50,1,2,10,3188.747085143084
Random,10,50,1,2,11,3188.747085143084
Random,10,50,1,2,12,3188.747085143084
Random,10,50,1,2,13,3188.747085143084
Random,10,50,1,2,14,2803.1066083229593
Random,10,50,1,2,15,2803.1066083229593
Random,10,50,1,2,16,2803.1066083229593
Random,10,50,1,2,17,2803.1066083229593
Random,10,50,1,2,18,2803.1066083229593
Random,10,50,1,2,19,2803.1066083229593
Random,10,50,1,2,20,2803.1066083229593
Random,10,50,1,2,21,2803.1066083229593
Random,10,50,1,2,22,2803.1066083229593
Random,10,50,1,2,23,2803.1066083229593
Random,10,50,1,2,24,2803.1066083229593
Random,10,50,1,2,25,2803.1066083229593
Random,10,50,1,2,26,2803.1066083229593
Random,10,50,1,2,27,2803.1066083229593
Random,10,50,1,2,28,2803.1066083229593
Random,10,50,1,2,29,2803.1066083229593
Random,10,50,1,2,30,2803.1066083229593
Random,10,50,1,2,31,2803.1066083229593
Random,10,50,1,2,32,2803.1066083229593
Random,10,50,1,2,33,2803.1066083229593
Random,10,50,1,2,34,2803.1066083229593
Random,10,50,1,2,35,2803.1066083229593
Random,10,50,1,2,36,2803.1066083229593
Random,10,50,1,2,37,2803.1066083229593
Random,10,50,1,2,38,2803.1066083229593
Random,10,50,1,2,39,2803.1066083229593
Random,10,50,1,2,40,2803.1066083229593
Random,10,50,1,2,41,2803.1066083229593
Random,10,50,1,2,42,2803.1066083229593
Random,10,50,1,2,43,2803.1066083229593
Random,10,50,1,2,44,2803.1066083229593
Random,10,50,1,2,45,2803.1066083229593
Random,10,50,1,2,46,2803.1066083229593
Random,10,50,1,2,47,2803.1066083229593
Random,10,50,1,2,48,2803.1066083229593
Random,10,50,1,2,49,2803.1066083229593
Random,10,50,1,2,50,2803.1066083229593
Random,10,50,1,2,51,2803.1066083229593
Random,10,50,1,2,52,2803.1066083229593
Random,10,50,1,2,53,2803.1066083229593
Random,10,50,1,2,54,2803.1066083229593
Random,10,50,1,2,55,2803.1066083229593
Random,10,50,1,2,56,2803.1066083229593
Random,10,50,1,2,57,2803.1066083229593
Random,10,50,1,2,58,2803.1066083229593
Random,10,50,1,2,59,2803.1066083229593
Random,10,50,1,2,60,2803.1066083229593
Random,10,50,1,2,61,2803.1066083229593
Random,10,50,1,2,62,2803.1066083229593
Random,10,50,1,2,63,2803.1066083229593
Random,10,50,1,2,64,2803.1066083229593
Random,10,50,1,2,65,2803.1066083229593
Random,10,50,1,2,66,2803.1066083229593
Random,10,50,1,2,67,2803.1066083229593
Random,10,50,1,2,68,2803.1066083229593
Random,10,50,1,2,69,2803.1066083229593
Random,10,50,1,2,70,2803.1066083229593
Random,10,50,1,2,71,2803.1066083229593
Random,10,50,1,2,72,2803.1066083229593
Random,10,50,1,2,73,2803.1066083229593
Random,10,50,1,2,74,2803.1066083229593
Random,10,50,1,2,75,2803.1066083229593
Random,10,50,1,2,76,2803.1066083229593
Random,10,50,1,2,77,2803.1066083229593
Random,10,50,1,2,78,2803.1066083229593
Random,10,50,1,2,79,2803.1066083229593
Random,10,50,1,2,80,2803.1066083229593
Random,10,50,1,2,81,2803.1066083229593
Random,10,50,1,2,82,2803.1066083229593
Random,10,50,1,2,83,2803.1066083229593
Random,10,50,1,2,84,2803.1066083229593
Random,10,50,1,2,85,2803.1066083229593
Random,10,50,1,2,86,2803.1066083229593
Random,10,50,1,2,87,2803.1066083229593
Random,10,50,1,2,88,2803.1066083229593
Random,10,50,1,2,89,2803.1066083229593
Random,10,50,1,2,90,2803.1066083229593
Random,10,50,1,2,91,2803.1066083229593
Random,10,50,1,2,92,2803.1066083229593
Random,10,50,1,2,93,2803.1066083229593
Random,10,50,1,2,94,2803.1066083229593
Random,10,50,1,2,95,2803.1066083229593
Random,10,50,1,2,96,2803.1066083229593
Random,10,50,1,2,97,2803.1066083229593
Random,10,50,1,2,98,2803.1066083229593
Random,10,50,1,2,99,2803.1066083229593
Random,10,50,1,2,100,2803.1066083229593
qLogEI,10,50,1,2,1,inf
qLogEI,10,50,1,2,2,inf
qLogEI,10,50,1,2,3,inf
qLogEI,10,50,1,2,4,inf
qLogEI,10,50,1,2,5,inf
qLogEI,10,50,1,2,6,inf
qLogEI,10,50,1,2,7,3188.747085143084
qLogEI,10,50,1,2,8,3188.747085143084
qLogEI,10,50,1,2,9,3188.747085143084
qLogEI,10,50,1,2,10,3188.747085143084
qLogEI,10,50,1,2,11,3188.747085143084
qLogEI,10,50,1,2,12,3188.747085143084
qLogEI,10,50,1,2,13,3188.747085143084
qLogEI,10,50,1,2,14,2803.1066083229593
qLogEI,10,50,1,2,15,2803.1066083229593
qLogEI,10,50,1,2,16,2803.1066083229593
qLogEI,10,50,1,2,17,2803.1066083229593
qLogEI,10,50,1,2,18,2803.1066083229593
qLogEI,10,50,1,2,19,2803.1066083229593
qLogEI,10,50,1,2,20,2803.1066083229593
qLogEI,10,50,1,2,21,2803.1066083229593
qLogEI,10,50,1,2,22,2803.1066083229593
qLogEI,10,50,1,2,23,2803.1066083229593
qLogEI,10,50,1,2,24,2803.1066083229593
qLogEI,10,50,1,2,25,2803.1066083229593
qLogEI,10,50,1,2,26,2803.1066083229593
qLogEI,10,50,1,2,27,2803.1066083229593
qLogEI,10,50,1,2,28,2803.1066083229593
qLogEI,10,50,1,2,29,2664.936676055445
qLogEI,10,50,1,2,30,2664.936676055445
qLogEI,10,50,1,2,31,2664.936676055445
qLogEI,10,50,1,2,32,2641.666796166635
qLogEI,10,50,1,2,33,2641.666796166635
qLogEI,10,50,1,2,34,2641.666796166635
qLogEI,10,50,1,2,35,2584.2075323472095
qLogEI,10,50,1,2,36,2584.2075323472095
qLogEI,10,50,1,2,37,2584.2075323472095
qLogEI,10,50,1,2,38,2584.2075323472095
qLogEI,10,50,1,2,39,2584.2075323472095
qLogEI,10,50,1,2,40,2544.696990368388
qLogEI,10,50,1,2,41,2090.72192974419
qLogEI,10,50,1,2,42,2090.72192974419
qLogEI,10,50,1,2,43,2090.72192974419
qLogEI,10,50,1,2,44,2090.72192974419
qLogEI,10,50,1,2,45,2090.72192974419
qLogEI,10,50,1,2,46,2090.72192974419
qLogEI,10,50,1,2,47,2090.72192974419
qLogEI,10,50,1,2,48,2090.72192974419
qLogEI,10,50,1,2,49,2090.72192974419
qLogEI,10,50,1,2,50,2090.72192974419
qLogEI,10,50,1,2,51,2090.72192974419
qLogEI,10,50,1,2,52,2090.72192974419
qLogEI,10,50,1,2,53,2090.72192974419
qLogEI,10,50,1,2,54,2090.72192974419
qLogEI,10,50,1,2,55,2090.72192974419
qLogEI,10,50,1,2,56,2090.72192974419
qLogEI,10,50,1,2,57,2090.72192974419
qLogEI,10,50,1,2,58,2090.72192974419
qLogEI,10,50,1,2,59,2090.72192974419
qLogEI,10,50,1,2,60,2090.72192974419
qLogEI,10,50,1,2,61,2090.72192974419
qLogEI,10,50,1,2,62,2090.72192974419
qLogEI,10,50,1,2,63,2090.72192974419
qLogEI,10,50,1,2,64,2090.72192974419
qLogEI,10,50,1,2,65,2090.72192974419
qLogEI,10,50,1,2,66,2090.72192974419
qLogEI,10,50,1,2,67,2090.72192974419
qLogEI,10,50,1,2,68,2090.72192974419
qLogEI,10,50,1,2,69,2090.72192974419
qLogEI,10,50,1,2,70,2090.72192974419
qLogEI,10,50,1,2,71,2090.72192974419
qLogEI,10,50,1,2,72,2090.72192974419
qLogEI,10,50,1,2,73,2090.72192974419
qLogEI,10,50,1,2,74,2090.72192974419
qLogEI,10,50,1,2,75,2090.72192974419
qLogEI,10,50,1,2,76,2090.72192974419
qLogEI,10,50,1,2,77,2090.72192974419
qLogEI,10,50,1,2,78,2090.72192974419
qLogEI,10,50,1,2,79,2090.72192974419
qLogEI,10,50,1,2,80,2090.72192974419
qLogEI,10,50,1,2,81,2090.72192974419
qLogEI,10,50,1,2,82,2090.72192974419
qLogEI,10,50,1,2,83,1570.0931526334293
qLogEI,10,50,1,2,84,1570.0931526334293
qLogEI,10,50,1,2,85,1570.0931526334293
qLogEI,10,50,1,2,86,1570.0931526334293
qLogEI,10,50,1,2,87,1570.0931526334293
qLogEI,10,50,1,2,88,1570.0931526334293
qLogEI,10,50,1,2,89,1570.0931526334293
qLogEI,10,50,1,2,90,1570.0931526334293
qLogEI,10,50,1,2,91,1570.0931526334293
qLogEI,10,50,1,2,92,1570.0931526334293
qLogEI,10,50,1,2,93,1570.0931526334293
qLogEI,10,50,1,2,94,1570.0931526334293
qLogEI,10,50,1,2,95,1570.0931526334293
qLogEI,10,50,1,2,96,1570.0931526334293
qLogEI,10,50,1,2,97,1570.0931526334293
qLogEI,10,50,1,2,98,1570.0931526334293
qLogEI,10,50,1,2,99,1570.0931526334293
qLogEI,10,50,1,2,100,1570.0931526334293
RL_Enhanced,10,50,1,2,1,inf
RL_Enhanced,10,50,1,2,2,inf
RL_Enhanced,10,50,1,2,3,inf
RL_Enhanced,10,50,1,2,4,inf
RL_Enhanced,10,50,1,2,5,inf
RL_Enhanced,10,50,1,2,6,inf
RL_Enhanced,10,50,1,2,7,3188.747085143084
RL_Enhanced,10,50,1,2,8,3188.747085143084
RL_Enhanced,10,50,1,2,9,3188.747085143084
RL_Enhanced,10,50,1,2,10,3188.747085143084
RL_Enhanced,10,50,1,2,11,3188.747085143084
RL_Enhanced,10,50,1,2,12,3188.747085143084
RL_Enhanced,10,50,1,2,13,3188.747085143084
RL_Enhanced,10,50,1,2,14,2803.1066083229593
RL_Enhanced,10,50,1,2,15,2803.1066083229593
RL_Enhanced,10,50,1,2,16,2803.1066083229593
RL_Enhanced,10,50,1,2,17,2803.1066083229593
RL_Enhanced,10,50,1,2,18,2803.1066083229593
RL_Enhanced,10,50,1,2,19,2803.1066083229593
RL_Enhanced,10,50,1,2,20,2803.1066083229593
RL_Enhanced,10,50,1,2,21,2803.1066083229593
RL_Enhanced,10,50,1,2,22,2803.1066083229593
RL_Enhanced,10,50,1,2,23,2803.1066083229593
RL_Enhanced,10,50,1,2,24,2803.1066083229593
RL_Enhanced,10,50,1,2,25,2803.1066083229593
RL_Enhanced,10,50,1,2,26,2803.1066083229593
RL_Enhanced,10,50,1,2,27,2803.1066083229593
RL_Enhanced,10,50,1,2,28,2803.1066083229593
RL_Enhanced,10,50,1,2,29,2803.1066083229593
RL_Enhanced,10,50,1,2,30,2803.1066083229593
RL_Enhanced,10,50,1,2,31,2803.1066083229593
RL_Enhanced,10,50,1,2,32,2803.1066083229593
RL_Enhanced,10,50,1,2,33,2803.1066083229593
RL_Enhanced,10,50,1,2,34,2803.1066083229593
RL_Enhanced,10,50,1,2,35,2803.1066083229593
RL_Enhanced,10,50,1,2,36,2803.1066083229593
RL_Enhanced,10,50,1,2,37,2803.1066083229593
RL_Enhanced,10,50,1,2,38,2803.1066083229593
RL_Enhanced,10,50,1,2,39,2803.1066083229593
RL_Enhanced,10,50,1,2,40,2803.1066083229593
RL_Enhanced,10,50,1,2,41,2803.1066083229593
RL_Enhanced,10,50,1,2,42,2803.1066083229593
RL_Enhanced,10,50,1,2,43,2803.1066083229593
RL_Enhanced,10,50,1,2,44,2803.1066083229593
RL_Enhanced,10,50,1,2,45,2803.1066083229593
RL_Enhanced,10,50,1,2,46,2803.1066083229593
RL_Enhanced,10,50,1,2,47,2803.1066083229593
RL_Enhanced,10,50,1,2,48,2803.1066083229593
RL_Enhanced,10,50,1,2,49,2803.1066083229593
RL_Enhanced,10,50,1,2,50,2803.1066083229593
RL_Enhanced,10,50,1,2,51,2803.1066083229593
RL_Enhanced,10,50,1,2,52,2803.1066083229593
RL_Enhanced,10,50,1,2,53,2803.1066083229593
RL_Enhanced,10,50,1,2,54,2803.1066083229593
RL_Enhanced,10,50,1,2,55,2803.1066083229593
RL_Enhanced,10,50,1,2,56,2803.1066083229593
RL_Enhanced,10,50,1,2,57,2803.1066083229593
RL_Enhanced,10,50,1,2,58,2803.1066083229593
RL_Enhanced,10,50,1,2,59,2803.1066083229593
RL_Enhanced,10,50,1,2,60,2803.1066083229593
RL_Enhanced,10,50,1,2,61,2803.1066083229593
RL_Enhanced,10,50,1,2,62,2803.1066083229593
RL_Enhanced,10,50,1,2,63,2803.1066083229593
RL_Enhanced,10,50,1,2,64,2803.1066083229593
RL_Enhanced,10,50,1,2,65,2803.1066083229593
RL_Enhanced,10,50,1,2,66,2803.1066083229593
RL_Enhanced,10,50,1,2,67,2803.1066083229593
RL_Enhanced,10,50,1,2,68,2803.1066083229593
RL_Enhanced,10,50,1,2,69,2803.1066083229593
RL_Enhanced,10,50,1,2,70,2803.1066083229593
RL_Enhanced,10,50,1,2,71,2803.1066083229593
RL_Enhanced,10,50,1,2,72,2803.1066083229593
RL_Enhanced,10,50,1,2,73,2803.1066083229593
RL_Enhanced,10,50,1,2,74,2803.1066083229593
RL_Enhanced,10,50,1,2,75,2803.1066083229593
RL_Enhanced,10,50,1,2,76,2803.1066083229593
RL_Enhanced,10,50,1,2,77,2803.1066083229593
RL_Enhanced,10,50,1,2,78,2803.1066083229593
RL_Enhanced,10,50,1,2,79,2803.1066083229593
RL_Enhanced,10,50,1,2,80,2803.1066083229593
RL_Enhanced,10,50,1,2,81,2803.1066083229593
RL_Enhanced,10,50,1,2,82,2803.1066083229593
RL_Enhanced,10,50,1,2,83,2803.1066083229593
RL_Enhanced,10,50,1,2,84,2803.1066083229593
RL_Enhanced,10,50,1,2,85,2803.1066083229593
RL_Enhanced,10,50,1,2,86,2803.1066083229593
RL_Enhanced,10,50,1,2,87,2803.1066083229593
RL_Enhanced,10,50,1,2,88,2803.1066083229593
RL_Enhanced,10,50,1,2,89,2803.1066083229593
RL_Enhanced,10,50,1,2,90,2803.1066083229593
RL_Enhanced,10,50,1,2,91,2803.1066083229593
RL_Enhanced,10,50,1,2,92,2803.1066083229593
RL_Enhanced,10,50,1,2,93,2803.1066083229593
RL_Enhanced,10,50,1,2,94,2803.1066083229593
RL_Enhanced,10,50,1,2,95,2803.1066083229593
RL_Enhanced,10,50,1,2,96,2803.1066083229593
RL_Enhanced,10,50,1,2,97,2803.1066083229593
RL_Enhanced,10,50,1,2,98,2803.1066083229593
RL_Enhanced,10,50,1,2,99,2803.1066083229593
RL_Enhanced,10,50,1,2,100,2803.1066083229593
Random,10,50,1,3,1,inf
Random,10,50,1,3,2,4527.0659041642575
Random,10,50,1,3,3,4527.0659041642575
Random,10,50,1,3,4,4527.0659041642575
Random,10,50,1,3,5,4527.0659041642575
Random,10,50,1,3,6,4527.0659041642575
Random,10,50,1,3,7,4527.0659041642575
Random,10,50,1,3,8,4527.0659041642575
Random,10,50,1,3,9,4527.0659041642575
Random,10,50,1,3,10,4527.0659041642575
Random,10,50,1,3,11,4527.0659041642575
Random,10,50,1,3,12,4527.0659041642575
Random,10,50,1,3,13,4527.0659041642575
Random,10,50,1,3,14,4527.0659041642575
Random,10,50,1,3,15,4527.0659041642575
Random,10,50,1,3,16,4527.0659041642575
Random,10,50,1,3,17,4527.0659041642575
Random,10,50,1,3,18,4527.0659041642575
Random,10,50,1,3,19,4527.0659041642575
Random,10,50,1,3,20,4527.0659041642575
Random,10,50,1,3,21,4527.0659041642575
Random,10,50,1,3,22,4527.0659041642575
Random,10,50,1,3,23,4527.0659041642575
Random,10,50,1,3,24,4527.0659041642575
Random,10,50,1,3,25,4527.0659041642575
Random,10,50,1,3,26,4527.0659041642575
Random,10,50,1,3,27,4527.0659041642575
Random,10,50,1,3,28,4527.0659041642575
Random,10,50,1,3,29,4527.0659041642575
Random,10,50,1,3,30,4527.0659041642575
Random,10,50,1,3,31,4527.0659041642575
Random,10,50,1,3,32,4527.0659041642575
Random,10,50,1,3,33,4527.0659041642575
Random,10,50,1,3,34,4527.0659041642575
Random,10,50,1,3,35,4527.0659041642575
Random,10,50,1,3,36,3935.415235951164
Random,10,50,1,3,37,3935.415235951164
Random,10,50,1,3,38,3935.415235951164
Random,10,50,1,3,39,3935.415235951164
Random,10,50,1,3,40,3935.415235951164
Random,10,50,1,3,41,3935.415235951164
Random,10,50,1,3,42,3935.415235951164
Random,10,50,1,3,43,3434.355884931041
Random,10,50,1,3,44,3434.355884931041
Random,10,50,1,3,45,3434.355884931041
Random,10,50,1,3,46,3434.355884931041
Random,10,50,1,3,47,2419.4127811748813
Random,10,50,1,3,48,2419.4127811748813
Random,10,50,1,3,49,2419.4127811748813
Random,10,50,1,3,50,2419.4127811748813
Random,10,50,1,3,51,2419.4127811748813
Random,10,50,1,3,52,2419.4127811748813
Random,10,50,1,3,53,2419.4127811748813
Random,10,50,1,3,54,2419.4127811748813
Random,10,50,1,3,55,2419.4127811748813
Random,10,50,1,3,56,2419.4127811748813
Random,10,50,1,3,57,2419.4127811748813
Random,10,50,1,3,58,2419.4127811748813
Random,10,50,1,3,59,2419.4127811748813
Random,10,50,1,3,60,2419.4127811748813
Random,10,50,1,3,61,2419.4127811748813
Random,10,50,1,3,62,2385.637851732893
Random,10,50,1,3,63,2385.637851732893
Random,10,50,1,3,64,2385.637851732893
Random,10,50,1,3,65,2385.637851732893
Random,10,50,1,3,66,2385.637851732893
Random,10,50,1,3,67,2385.637851732893
Random,10,50,1,3,68,2385.637851732893
Random,10,50,1,3,69,2385.637851732893
Random,10,50,1,3,70,2385.637851732893
Random,10,50,1,3,71,2385.637851732893
Random,10,50,1,3,72,2385.637851732893
Random,10,50,1,3,73,2385.637851732893
Random,10,50,1,3,74,2385.637851732893
Random,10,50,1,3,75,2385.637851732893
Random,10,50,1,3,76,2385.637851732893
Random,10,50,1,3,77,2385.637851732893
Random,10,50,1,3,78,2385.637851732893
Random,10,50,1,3,79,2385.637851732893
Random,10,50,1,3,80,2385.637851732893
Random,10,50,1,3,81,2385.637851732893
Random,10,50,1,3,82,2385.637851732893
Random,10,50,1,3,83,2385.637851732893
Random,10,50,1,3,84,2385.637851732893
Random,10,50,1,3,85,2385.637851732893
Random,10,50,1,3,86,2385.637851732893
Random,10,50,1,3,87,2385.637851732893
Random,10,50,1,3,88,2385.637851732893
Random,10,50,1,3,89,2385.637851732893
Random,10,50,1,3,90,2385.637851732893
Random,10,50,1,3,91,2385.637851732893
Random,10,50,1,3,92,2385.637851732893
Random,10,50,1,3,93,2385.637851732893
Random,10,50,1,3,94,2385.637851732893
Random,10,50,1,3,95,2385.637851732893
Random,10,50,1,3,96,2385.637851732893
Random,10,50,1,3,97,2385.637851732893
Random,10,50,1,3,98,2385.637851732893
Random,10,50,1,3,99,2385.637851732893
Random,10,50,1,3,100,2385.637851732893
qLogEI,10,50,1,3,1,inf
qLogEI,10,50,1,3,2,4527.0659041642575
qLogEI,10,50,1,3,3,4527.0659041642575
qLogEI,10,50,1,3,4,4527.0659041642575
qLogEI,10,50,1,3,5,4527.0659041642575
qLogEI,10,50,1,3,6,4527.0659041642575
qLogEI,10,50,1,3,7,4527.0659041642575
qLogEI,10,50,1,3,8,4527.0659041642575
qLogEI,10,50,1,3,9,4527.0659041642575
qLogEI,10,50,1,3,10,4527.0659041642575
qLogEI,10,50,1,3,11,4527.0659041642575
qLogEI,10,50,1,3,12,4527.0659041642575
qLogEI,10,50,1,3,13,4527.0659041642575
qLogEI,10,50,1,3,14,4527.0659041642575
qLogEI,10,50,1,3,15,4527.0659041642575
qLogEI,10,50,1,3,16,4527.0659041642575
qLogEI,10,50,1,3,17,4527.0659041642575
qLogEI,10,50,1,3,18,4527.0659041642575
qLogEI,10,50,1,3,19,4527.0659041642575
qLogEI,10,50,1,3,20,4527.0659041642575
qLogEI,10,50,1,3,21,4527.0659041642575
qLogEI,10,50,1,3,22,4527.0659041642575
qLogEI,10,50,1,3,23,4527.0659041642575
qLogEI,10,50,1,3,24,4527.0659041642575
qLogEI,10,50,1,3,25,4527.0659041642575
qLogEI,10,50,1,3,26,4527.0659041642575
qLogEI,10,50,1,3,27,4527.0659041642575
qLogEI,10,50,1,3,28,4527.0659041642575
qLogEI,10,50,1,3,29,4527.0659041642575
qLogEI,10,50,1,3,30,4527.0659041642575
qLogEI,10,50,1,3,31,4527.0659041642575
qLogEI,10,50,1,3,32,4527.0659041642575
qLogEI,10,50,1,3,33,4527.0659041642575
qLogEI,10,50,1,3,34,4527.0659041642575
qLogEI,10,50,1,3,35,4527.0659041642575
qLogEI,10,50,1,3,36,4527.0659041642575
qLogEI,10,50,1,3,37,4527.0659041642575
qLogEI,10,50,1,3,38,4527.0659041642575
qLogEI,10,50,1,3,39,4527.0659041642575
qLogEI,10,50,1,3,40,4527.0659041642575
qLogEI,10,50,1,3,41,4527.0659041642575
qLogEI,10,50,1,3,42,4527.0659041642575
qLogEI,10,50,1,3,43,4527.0659041642575
qLogEI,10,50,1,3,44,4527.0659041642575
qLogEI,10,50,1,3,45,4527.0659041642575
qLogEI,10,50,1,3,46,4527.0659041642575
qLogEI,10,50,1,3,47,4527.0659041642575
qLogEI,10,50,1,3,48,4527.0659041642575
qLogEI,10,50,1,3,49,4228.691716342483
qLogEI,10,50,1,3,50,3862.9274469589463
qLogEI,10,50,1,3,51,3862.9274469589463
qLogEI,10,50,1,3,52,3862.9274469589463
qLogEI,10,50,1,3,53,3862.9274469589463
qLogEI,10,50,1,3,54,3862.9274469589463
qLogEI,10,50,1,3,55,3862.9274469589463
qLogEI,10,50,1,3,56,3862.9274469589463
qLogEI,10,50,1,3,57,3862.9274469589463
qLogEI,10,50,1,3,58,3862.9274469589463
qLogEI,10,50,1,3,59,3862.9274469589463
qLogEI,10,50,1,3,60,3862.9274469589463
qLogEI,10,50,1,3,61,3862.9274469589463
qLogEI,10,50,1,3,62,3862.9274469589463
qLogEI,10,50,1,3,63,3862.9274469589463
qLogEI,10,50,1,3,64,3862.9274469589463
qLogEI,10,50,1,3,65,3862.9274469589463
qLogEI,10,50,1,3,66,3862.9274469589463
qLogEI,10,50,1,3,67,3862.9274469589463
qLogEI,10,50,1,3,68,3862.9274469589463
qLogEI,10,50,1,3,69,3862.9274469589463
qLogEI,10,50,1,3,70,3862.9274469589463
qLogEI,10,50,1,3,71,3862.9274469589463
qLogEI,10,50,1,3,72,3862.9274469589463
qLogEI,10,50,1,3,73,3862.9274469589463
qLogEI,10,50,1,3,74,3862.9274469589463
qLogEI,10,50,1,3,75,3862.9274469589463
qLogEI,10,50,1,3,76,3049.844068521304
qLogEI,10,50,1,3,77,1600.110522980797
qLogEI,10,50,1,3,78,1600.110522980797
qLogEI,10,50,1,3,79,1600.110522980797
qLogEI,10,50,1,3,80,1600.110522980797
qLogEI,10,50,1,3,81,1600.110522980797
qLogEI,10,50,1,3,82,1600.110522980797
qLogEI,10,50,1,3,83,1600.110522980797
qLogEI,10,50,1,3,84,1600.110522980797
qLogEI,10,50,1,3,85,1600.110522980797
qLogEI,10,50,1,3,86,1600.110522980797
qLogEI,10,50,1,3,87,1600.110522980797
qLogEI,10,50,1,3,88,1600.110522980797
qLogEI,10,50,1,3,89,1600.110522980797
qLogEI,10,50,1,3,90,1600.110522980797
qLogEI,10,50,1,3,91,1600.110522980797
qLogEI,10,50,1,3,92,1600.110522980797
qLogEI,10,50,1,3,93,1600.110522980797
qLogEI,10,50,1,3,94,1600.110522980797
qLogEI,10,50,1,3,95,1600.110522980797
qLogEI,10,50,1,3,96,1600.110522980797
qLogEI,10,50,1,3,97,1600.110522980797
qLogEI,10,50,1,3,98,1600.110522980797
qLogEI,10,50,1,3,99,1600.110522980797
qLogEI,10,50,1,3,100,1600.110522980797
RL_Enhanced,10,50,1,3,1,inf
RL_Enhanced,10,50,1,3,2,4527.0659041642575
RL_Enhanced,10,50,1,3,3,4527.0659041642575
RL_Enhanced,10,50,1,3,4,4527.0659041642575
RL_Enhanced,10,50,1,3,5,4527.0659041642575
RL_Enhanced,10,50,1,3,6,4527.0659041642575
RL_Enhanced,10,50,1,3,7,4527.0659041642575
RL_Enhanced,10,50,1,3,8,4527.0659041642575
RL_Enhanced,10,50,1,3,9,4527.0659041642575
RL_Enhanced,10,50,1,3,10,4527.0659041642575
RL_Enhanced,10,50,1,3,11,4527.0659041642575
RL_Enhanced,10,50,1,3,12,4527.0659041642575
RL_Enhanced,10,50,1,3,13,4527.0659041642575
RL_Enhanced,10,50,1,3,14,4527.0659041642575
RL_Enhanced,10,50,1,3,15,4527.0659041642575
RL_Enhanced,10,50,1,3,16,4527.0659041642575
RL_Enhanced,10,50,1,3,17,4527.0659041642575
RL_Enhanced,10,50,1,3,18,4527.0659041642575
RL_Enhanced,10,50,1,3,19,4527.0659041642575
RL_Enhanced,10,50,1,3,20,4527.0659041642575
RL_Enhanced,10,50,1,3,21,4527.0659041642575
RL_Enhanced,10,50,1,3,22,4527.0659041642575
RL_Enhanced,10,50,1,3,23,4527.0659041642575
RL_Enhanced,10,50,1,3,24,4527.0659041642575
RL_Enhanced,10,50,1,3,25,4527.0659041642575
RL_Enhanced,10,50,1,3,26,4527.0659041642575
RL_Enhanced,10,50,1,3,27,4527.0659041642575
RL_Enhanced,10,50,1,3,28,4527.0659041642575
RL_Enhanced,10,50,1,3,29,4527.0659041642575
RL_Enhanced,10,50,1,3,30,4527.0659041642575
RL_Enhanced,10,50,1,3,31,4527.0659041642575
RL_Enhanced,10,50,1,3,32,4527.0659041642575
RL_Enhanced,10,50,1,3,33,4527.0659041642575
RL_Enhanced,10,50,1,3,34,4527.0659041642575
RL_Enhanced,10,50,1,3,35,4527.0659041642575
RL_Enhanced,10,50,1,3,36,4527.0659041642575
RL_Enhanced,10,50,1,3,37,4527.0659041642575
RL_Enhanced,10,50,1,3,38,4527.0659041642575
RL_Enhanced,10,50,1,3,39,4527.0659041642575
RL_Enhanced,10,50,1,3,40,4527.0659041642575
RL_Enhanced,10,50,1,3,41,4527.0659041642575
RL_Enhanced,10,50,1,3,42,4527.0659041642575
RL_Enhanced,10,50,1,3,43,4527.0659041642575
RL_Enhanced,10,50,1,3,44,4527.0659041642575
RL_Enhanced,10,50,1,3,45,4527.0659041642575
RL_Enhanced,10,50,1,3,46,4527.0659041642575
RL_Enhanced,10,50,1,3,47,4527.0659041642575
RL_Enhanced,10,50,1,3,48,4527.0659041642575
RL_Enhanced,10,50,1,3,49,4527.0659041642575
RL_Enhanced,10,50,1,3,50,4527.0659041642575
RL_Enhanced,10,50,1,3,51,4527.0659041642575
RL_Enhanced,10,50,1,3,52,4527.0659041642575
RL_Enhanced,10,50,1,3,53,4527.0659041642575
RL_Enhanced,10,50,1,3,54,4527.0659041642575
RL_Enhanced,10,50,1,3,55,4527.0659041642575
RL_Enhanced,10,50,1,3,56,4527.0659041642575
RL_Enhanced,10,50,1,3,57,4527.0659041642575
RL_Enhanced,10,50,1,3,58,4527.0659041642575
RL_Enhanced,10,50,1,3,59,4527.0659041642575
RL_Enhanced,10,50,1,3,60,4527.0659041642575
RL_Enhanced,10,50,1,3,61,4527.0659041642575
RL_Enhanced,10,50,1,3,62,4527.0659041642575
RL_Enhanced,10,50,1,3,63,4527.0659041642575
RL_Enhanced,10,50,1,3,64,4527.0659041642575
RL_Enhanced,10,50,1,3,65,4527.0659041642575
RL_Enhanced,10,50,1,3,66,4527.0659041642575
RL_Enhanced,10,50,1,3,67,4527.0659041642575
RL_Enhanced,10,50,1,3,68,4527.0659041642575
RL_Enhanced,10,50,1,3,69,4527.0659041642575
RL_Enhanced,10,50,1,3,70,4527.0659041642575
RL_Enhanced,10,50,1,3,71,4527.0659041642575
RL_Enhanced,10,50,1,3,72,4527.0659041642575
RL_Enhanced,10,50,1,3,73,4527.0659041642575
RL_Enhanced,10,50,1,3,74,4527.0659041642575
RL_Enhanced,10,50,1,3,75,4527.0659041642575
RL_Enhanced,10,50,1,3,76,4527.0659041642575
RL_Enhanced,10,50,1,3,77,4527.0659041642575
RL_Enhanced,10,50,1,3,78,4527.0659041642575
RL_Enhanced,10,50,1,3,79,4527.0659041642575
RL_Enhanced,10,50,1,3,80,4527.0659041642575
RL_Enhanced,10,50,1,3,81,4527.0659041642575
RL_Enhanced,10,50,1,3,82,4527.0659041642575
RL_Enhanced,10,50,1,3,83,4527.0659041642575
RL_Enhanced,10,50,1,3,84,4527.0659041642575
RL_Enhanced,10,50,1,3,85,4527.0659041642575
RL_Enhanced,10,50,1,3,86,4527.0659041642575
RL_Enhanced,10,50,1,3,87,4527.0659041642575
RL_Enhanced,10,50,1,3,88,4527.0659041642575
RL_Enhanced,10,50,1,3,89,4527.0659041642575
RL_Enhanced,10,50,1,3,90,4527.0659041642575
RL_Enhanced,10,50,1,3,91,4527.0659041642575
RL_Enhanced,10,50,1,3,92,4527.0659041642575
RL_Enhanced,10,50,1,3,93,4527.0659041642575
RL_Enhanced,10,50,1,3,94,4527.0659041642575
RL_Enhanced,10,50,1,3,95,4527.0659041642575
RL_Enhanced,10,50,1,3,96,4527.0659041642575
RL_Enhanced,10,50,1,3,97,4527.0659041642575
RL_Enhanced,10,50,1,3,98,4527.0659041642575
RL_Enhanced,10,50,1,3,99,4527.0659041642575
RL_Enhanced,10,50,1,3,100,4527.0659041642575
Random,10,50,1,4,1,inf
Random,10,50,1,4,2,inf
Random,10,50,1,4,3,inf
Random,10,50,1,4,4,inf
Random,10,50,1,4,5,2138.924057672955
Random,10,50,1,4,6,2138.924057672955
Random,10,50,1,4,7,2138.924057672955
Random,10,50,1,4,8,2138.924057672955
Random,10,50,1,4,9,2138.924057672955
Random,10,50,1,4,10,2138.924057672955
Random,10,50,1,4,11,2138.924057672955
Random,10,50,1,4,12,2138.924057672955
Random,10,50,1,4,13,2138.924057672955
Random,10,50,1,4,14,2138.924057672955
Random,10,50,1,4,15,2138.924057672955
Random,10,50,1,4,16,2138.924057672955
Random,10,50,1,4,17,2138.924057672955
Random,10,50,1,4,18,2138.924057672955
Random,10,50,1,4,19,2138.924057672955
Random,10,50,1,4,20,2138.924057672955
Random,10,50,1,4,21,2138.924057672955
Random,10,50,1,4,22,2138.924057672955
Random,10,50,1,4,23,2138.924057672955
Random,10,50,1,4,24,2138.924057672955
Random,10,50,1,4,25,2138.924057672955
Random,10,50,1,4,26,2138.924057672955
Random,10,50,1,4,27,2138.924057672955
Random,10,50,1,4,28,2138.924057672955
Random,10,50,1,4,29,2138.924057672955
Random,10,50,1,4,30,2138.924057672955
Random,10,50,1,4,31,2138.924057672955
Random,10,50,1,4,32,2138.924057672955
Random,10,50,1,4,33,2138.924057672955
Random,10,50,1,4,34,2138.924057672955
Random,10,50,1,4,35,2138.924057672955
Random,10,50,1,4,36,2138.924057672955
Random,10,50,1,4,37,2138.924057672955
Random,10,50,1,4,38,2138.924057672955
Random,10,50,1,4,39,2138.924057672955
Random,10,50,1,4,40,2138.924057672955
Random,10,50,1,4,41,2138.924057672955
Random,10,50,1,4,42,2138.924057672955
Random,10,50,1,4,43,2138.924057672955
Random,10,50,1,4,44,2138.924057672955
Random,10,50,1,4,45,2138.924057672955
Random,10,50,1,4,46,2138.924057672955
Random,10,50,1,4,47,2138.924057672955
Random,10,50,1,4,48,2138.924057672955
Random,10,50,1,4,49,2138.924057672955
Random,10,50,1,4,50,2138.924057672955
Random,10,50,1,4,51,2138.924057672955
Random,10,50,1,4,52,2138.924057672955
Random,10,50,1,4,53,2138.924057672955
Random,10,50,1,4,54,2138.924057672955
Random,10,50,1,4,55,2138.924057672955
Random,10,50,1,4,56,2138.924057672955
Random,10,50,1,4,57,2138.924057672955
Random,10,50,1,4,58,2138.924057672955
Random,10,50,1,4,59,2138.924057672955
Random,10,50,1,4,60,2138.924057672955
Random,10,50,1,4,61,2138.924057672955
Random,10,50,1,4,62,2138.924057672955
Random,10,50,1,4,63,2138.924057672955
Random,10,50,1,4,64,2138.924057672955
Random,10,50,1,4,65,2138.924057672955
Random,10,50,1,4,66,2138.924057672955
Random,10,50,1,4,67,2138.924057672955
Random,10,50,1,4,68,2138.924057672955
Random,10,50,1,4,69,2138.924057672955
Random,10,50,1,4,70,2138.924057672955
Random,10,50,1,4,71,2138.924057672955
Random,10,50,1,4,72,2138.924057672955
Random,10,50,1,4,73,2138.924057672955
Random,10,50,1,4,74,2138.924057672955
Random,10,50,1,4,75,2138.924057672955
Random,10,50,1,4,76,2138.924057672955
Random,10,50,1,4,77,2138.924057672955
Random,10,50,1,4,78,2138.924057672955
Random,10,50,1,4,79,2138.924057672955
Random,10,50,1,4,80,2138.924057672955
Random,10,50,1,4,81,2138.924057672955
Random,10,50,1,4,82,2138.924057672955
Random,10,50,1,4,83,2138.924057672955
Random,10,50,1,4,84,2138.924057672955
Random,10,50,1,4,85,2138.924057672955
Random,10,50,1,4,86,2138.924057672955
Random,10,50,1,4,87,2138.924057672955
Random,10,50,1,4,88,2138.924057672955
Random,10,50,1,4,89,2138.924057672955
Random,10,50,1,4,90,2138.924057672955
Random,10,50,1,4,91,2138.924057672955
Random,10,50,1,4,92,2138.924057672955
Random,10,50,1,4,93,2138.924057672955
Random,10,50,1,4,94,2138.924057672955
Random,10,50,1,4,95,2138.924057672955
Random,10,50,1,4,96,2138.924057672955
Random,10,50,1,4,97,2138.924057672955
Random,10,50,1,4,98,2138.924057672955
Random,10,50,1,4,99,2138.924057672955
Random,10,50,1,4,100,2138.924057672955
qLogEI,10,50,1,4,1,inf
qLogEI,10,50,1,4,2,inf
qLogEI,10,50,1,4,3,inf
qLogEI,10,50,1,4,4,inf
qLogEI,10,50,1,4,5,2138.924057672955
qLogEI,10,50,1,4,6,2138.924057672955
qLogEI,10,50,1,4,7,2138.924057672955
qLogEI,10,50,1,4,8,2138.924057672955
qLogEI,10,50,1,4,9,2138.924057672955
qLogEI,10,50,1,4,10,2138.924057672955
qLogEI,10,50,1,4,11,2138.924057672955
qLogEI,10,50,1,4,12,2138.924057672955
qLogEI,10,50,1,4,13,2138.924057672955
qLogEI,10,50,1,4,14,2138.924057672955
qLogEI,10,50,1,4,15,2138.924057672955
qLogEI,10,50,1,4,16,2138.924057672955
qLogEI,10,50,1,4,17,2138.924057672955
qLogEI,10,50,1,4,18,2138.924057672955
qLogEI,10,50,1,4,19,2138.924057672955
qLogEI,10,50,1,4,20,2138.924057672955
qLogEI,10,50,1,4,21,2138.924057672955
qLogEI,10,50,1,4,22,2138.924057672955
qLogEI,10,50,1,4,23,2138.924057672955
qLogEI,10,50,1,4,24,2138.924057672955
qLogEI,10,50,1,4,25,2138.924057672955
qLogEI,10,50,1,4,26,2138.924057672955
qLogEI,10,50,1,4,27,2138.924057672955
qLogEI,10,50,1,4,28,2138.924057672955
qLogEI,10,50,1,4,29,2138.924057672955
qLogEI,10,50,1,4,30,2138.924057672955
qLogEI,10,50,1,4,31,2138.924057672955
qLogEI,10,50,1,4,32,2138.924057672955
qLogEI,10,50,1,4,33,2138.924057672955
qLogEI,10,50,1,4,34,2138.924057672955
qLogEI,10,50,1,4,35,2138.924057672955
qLogEI,10,50,1,4,36,2138.924057672955
qLogEI,10,50,1,4,37,2138.924057672955
qLogEI,10,50,1,4,38,2138.924057672955
qLogEI,10,50,1,4,39,2138.924057672955
qLogEI,10,50,1,4,40,2138.924057672955
qLogEI,10,50,1,4,41,2138.924057672955
qLogEI,10,50,1,4,42,2138.924057672955
qLogEI,10,50,1,4,43,2138.924057672955
qLogEI,10,50,1,4,44,2138.924057672955
qLogEI,10,50,1,4,45,2138.924057672955
qLogEI,10,50,1,4,46,2138.924057672955
qLogEI,10,50,1,4,47,2138.924057672955
qLogEI,10,50,1,4,48,2138.924057672955
qLogEI,10,50,1,4,49,2138.924057672955
qLogEI,10,50,1,4,50,2138.924057672955
qLogEI,10,50,1,4,51,2138.924057672955
qLogEI,10,50,1,4,52,2138.924057672955
qLogEI,10,50,1,4,53,2138.924057672955
qLogEI,10,50,1,4,54,2138.924057672955
qLogEI,10,50,1,4,55,2138.924057672955
qLogEI,10,50,1,4,56,2138.924057672955
qLogEI,10,50,1,4,57,2138.924057672955
qLogEI,10,50,1,4,58,2138.924057672955
qLogEI,10,50,1,4,59,2138.924057672955
qLogEI,10,50,1,4,60,2138.924057672955
qLogEI,10,50,1,4,61,2138.924057672955
qLogEI,10,50,1,4,62,2138.924057672955
qLogEI,10,50,1,4,63,2138.924057672955
qLogEI,10,50,1,4,64,2138.924057672955
qLogEI,10,50,1,4,65,2138.924057672955
qLogEI,10,50,1,4,66,2138.924057672955
qLogEI,10,50,1,4,67,2138.924057672955
qLogEI,10,50,1,4,68,2138.924057672955
qLogEI,10,50,1,4,69,2138.924057672955
qLogEI,10,50,1,4,70,2138.924057672955
qLogEI,10,50,1,4,71,2138.924057672955
qLogEI,10,50,1,4,72,2138.924057672955
qLogEI,10,50,1,4,73,2138.924057672955
qLogEI,10,50,1,4,74,2138.924057672955
qLogEI,10,50,1,4,75,2138.924057672955
qLogEI,10,50,1,4,76,2138.924057672955
qLogEI,10,50,1,4,77,2138.924057672955
qLogEI,10,50,1,4,78,2138.924057672955
qLogEI,10,50,1,4,79,2138.924057672955
qLogEI,10,50,1,4,80,2138.924057672955
qLogEI,10,50,1,4,81,2138.924057672955
qLogEI,10,50,1,4,82,2138.924057672955
qLogEI,10,50,1,4,83,2138.924057672955
qLogEI,10,50,1,4,84,2138.924057672955
qLogEI,10,50,1,4,85,2138.924057672955
qLogEI,10,50,1,4,86,2138.924057672955
qLogEI,10,50,1,4,87,2138.924057672955
qLogEI,10,50,1,4,88,2138.924057672955
qLogEI,10,50,1,4,89,2138.924057672955
qLogEI,10,50,1,4,90,2138.924057672955
qLogEI,10,50,1,4,91,2138.924057672955
qLogEI,10,50,1,4,92,2138.924057672955
qLogEI,10,50,1,4,93,2138.924057672955
qLogEI,10,50,1,4,94,2138.924057672955
qLogEI,10,50,1,4,95,2138.924057672955
qLogEI,10,50,1,4,96,2138.924057672955
qLogEI,10,50,1,4,97,2138.924057672955
qLogEI,10,50,1,4,98,2138.924057672955
qLogEI,10,50,1,4,99,2138.924057672955
qLogEI,10,50,1,4,100,2138.924057672955
RL_Enhanced,10,50,1,4,1,inf
RL_Enhanced,10,50,1,4,2,inf
RL_Enhanced,10,50,1,4,3,inf
RL_Enhanced,10,50,1,4,4,inf
RL_Enhanced,10,50,1,4,5,2138.924057672955
RL_Enhanced,10,50,1,4,6,2138.924057672955
RL_Enhanced,10,50,1,4,7,2138.924057672955
RL_Enhanced,10,50,1,4,8,2138.924057672955
RL_Enhanced,10,50,1,4,9,2138.924057672955
RL_Enhanced,10,50,1,4,10,2138.924057672955
RL_Enhanced,10,50,1,4,11,2138.924057672955
RL_Enhanced,10,50,1,4,12,2138.924057672955
RL_Enhanced,10,50,1,4,13,2138.924057672955
RL_Enhanced,10,50,1,4,14,2138.924057672955
RL_Enhanced,10,50,1,4,15,2138.924057672955
RL_Enhanced,10,50,1,4,16,2138.924057672955
RL_Enhanced,10,50,1,4,17,2138.924057672955
RL_Enhanced,10,50,1,4,18,2138.924057672955
RL_Enhanced,10,50,1,4,19,2138.924057672955
RL_Enhanced,10,50,1,4,20,2138.924057672955
RL_Enhanced,10,50,1,4,21,2138.924057672955
RL_Enhanced,10,50,1,4,22,2138.924057672955
RL_Enhanced,10,50,1,4,23,2138.924057672955
RL_Enhanced,10,50,1,4,24,2138.924057672955
RL_Enhanced,10,50,1,4,25,2138.924057672955
RL_Enhanced,10,50,1,4,26,2138.924057672955
RL_Enhanced,10,50,1,4,27,2138.924057672955
RL_Enhanced,10,50,1,4,28,2138.924057672955
RL_Enhanced,10,50,1,4,29,2138.924057672955
RL_Enhanced,10,50,1,4,30,2138.924057672955
RL_Enhanced,10,50,1,4,31,2138.924057672955
RL_Enhanced,10,50,1,4,32,2138.924057672955
RL_Enhanced,10,50,1,4,33,2138.924057672955
RL_Enhanced,10,50,1,4,34,2138.924057672955
RL_Enhanced,10,50,1,4,35,2138.924057672955
RL_Enhanced,10,50,1,4,36,2138.924057672955
RL_Enhanced,10,50,1,4,37,2138.924057672955
RL_Enhanced,10,50,1,4,38,2138.924057672955
RL_Enhanced,10,50,1,4,39,2138.924057672955
RL_Enhanced,10,50,1,4,40,2138.924057672955
RL_Enhanced,10,50,1,4,41,2138.924057672955
RL_Enhanced,10,50,1,4,42,2138.924057672955
RL_Enhanced,10,50,1,4,43,2138.924057672955
RL_Enhanced,10,50,1,4,44,2138.924057672955
RL_Enhanced,10,50,1,4,45,2138.924057672955
RL_Enhanced,10,50,1,4,46,2138.924057672955
RL_Enhanced,10,50,1,4,47,2138.924057672955
RL_Enhanced,10,50,1,4,48,2138.924057672955
RL_Enhanced,10,50,1,4,49,2138.924057672955
RL_Enhanced,10,50,1,4,50,2138.924057672955
RL_Enhanced,10,50,1,4,51,2138.924057672955
RL_Enhanced,10,50,1,4,52,2138.924057672955
RL_Enhanced,10,50,1,4,53,2138.924057672955
RL_Enhanced,10,50,1,4,54,2138.924057672955
RL_Enhanced,10,50,1,4,55,2138.924057672955
RL_Enhanced,10,50,1,4,56,2138.924057672955
RL_Enhanced,10,50,1,4,57,2138.924057672955
RL_Enhanced,10,50,1,4,58,2138.924057672955
RL_Enhanced,10,50,1,4,59,2138.924057672955
RL_Enhanced,10,50,1,4,60,2138.924057672955
RL_Enhanced,10,50,1,4,61,2138.924057672955
RL_Enhanced,10,50,1,4,62,2138.924057672955
RL_Enhanced,10,50,1,4,63,2138.924057672955
RL_Enhanced,10,50,1,4,64,2138.924057672955
RL_Enhanced,10,50,1,4,65,2138.924057672955
RL_Enhanced,10,50,1,4,66,2138.924057672955
RL_Enhanced,10,50,1,4,67,2138.924057672955
RL_Enhanced,10,50,1,4,68,2138.924057672955
RL_Enhanced,10,50,1,4,69,2138.924057672955
RL_Enhanced,10,50,1,4,70,2138.924057672955
RL_Enhanced,10,50,1,4,71,2138.924057672955
RL_Enhanced,10,50,1,4,72,2138.924057672955
RL_Enhanced,10,50,1,4,73,2138.924057672955
RL_Enhanced,10,50,1,4,74,2138.924057672955
RL_Enhanced,10,50,1,4,75,2138.924057672955
RL_Enhanced,10,50,1,4,76,2138.924057672955
RL_Enhanced,10,50,1,4,77,2138.924057672955
RL_Enhanced,10,50,1,4,78,2138.924057672955
RL_Enhanced,10,50,1,4,79,2138.924057672955
RL_Enhanced,10,50,1,4,80,2138.924057672955
RL_Enhanced,10,50,1,4,81,2138.924057672955
RL_Enhanced,10,50,1,4,82,2138.924057672955
RL_Enhanced,10,50,1,4,83,2138.924057672955
RL_Enhanced,10,50,1,4,84,2138.924057672955
RL_Enhanced,10,50,1,4,85,2138.924057672955
RL_Enhanced,10,50,1,4,86,2138.924057672955
RL_Enhanced,10,50,1,4,87,2138.924057672955
RL_Enhanced,10,50,1,4,88,2138.924057672955
RL_Enhanced,10,50,1,4,89,2138.924057672955
RL_Enhanced,10,50,1,4,90,2138.924057672955
RL_Enhanced,10,50,1,4,91,2138.924057672955
RL_Enhanced,10,50,1,4,92,2138.924057672955
RL_Enhanced,10,50,1,4,93,2138.924057672955
RL_Enhanced,10,50,1,4,94,2138.924057672955
RL_Enhanced,10,50,1,4,95,2138.924057672955
RL_Enhanced,10,50,1,4,96,2138.924057672955
RL_Enhanced,10,50,1,4,97,2138.924057672955
RL_Enhanced,10,50,1,4,98,2138.924057672955
RL_Enhanced,10,50,1,4,99,2138.924057672955
RL_Enhanced,10,50,1,4,100,2138.924057672955
Random,10,50,2,0,1,inf
Random,10,50,2,0,2,inf
Random,10,50,2,0,3,inf
Random,10,50,2,0,4,inf
Random,10,50,2,0,5,inf
Random,10,50,2,0,6,inf
Random,10,50,2,0,7,inf
Random,10,50,2,0,8,inf
Random,10,50,2,0,9,inf
Random,10,50,2,0,10,inf
Random,10,50,2,0,11,inf
Random,10,50,2,0,12,inf
Random,10,50,2,0,13,inf
Random,10,50,2,0,14,19765.952044892445
Random,10,50,2,0,15,19765.952044892445
Random,10,50,2,0,16,19765.952044892445
Random,10,50,2,0,17,19765.952044892445
Random,10,50,2,0,18,19765.952044892445
Random,10,50,2,0,19,19765.952044892445
Random,10,50,2,0,20,19765.952044892445
Random,10,50,2,0,21,19765.952044892445
Random,10,50,2,0,22,19765.952044892445
Random,10,50,2,0,23,19765.952044892445
Random,10,50,2,0,24,19765.952044892445
Random,10,50,2,0,25,19765.952044892445
Random,10,50,2,0,26,19765.952044892445
Random,10,50,2,0,27,19765.952044892445
Random,10,50,2,0,28,19765.952044892445
Random,10,50,2,0,29,19765.952044892445
Random,10,50,2,0,30,19765.952044892445
Random,10,50,2,0,31,19765.952044892445
Random,10,50,2,0,32,19765.952044892445
Random,10,50,2,0,33,19765.952044892445
Random,10,50,2,0,34,19765.952044892445
Random,10,50,2,0,35,19765.952044892445
Random,10,50,2,0,36,19765.952044892445
Random,10,50,2,0,37,19765.952044892445
Random,10,50,2,0,38,19765.952044892445
Random,10,50,2,0,39,19765.952044892445
Random,10,50,2,0,40,19765.952044892445
Random,10,50,2,0,41,19765.952044892445
Random,10,50,2,0,42,19765.952044892445
Random,10,50,2,0,43,19765.952044892445
Random,10,50,2,0,44,19765.952044892445
Random,10,50,2,0,45,19765.952044892445
Random,10,50,2,0,46,19765.952044892445
Random,10,50,2,0,47,19765.952044892445
Random,10,50,2,0,48,19765.952044892445
Random,10,50,2,0,49,19765.952044892445
Random,10,50,2,0,50,19765.952044892445
Random,10,50,2,0,51,19765.952044892445
Random,10,50,2,0,52,19765.952044892445
Random,10,50,2,0,53,19765.952044892445
Random,10,50,2,0,54,19765.952044892445
Random,10,50,2,0,55,19765.952044892445
Random,10,50,2,0,56,19765.952044892445
Random,10,50,2,0,57,19765.952044892445
Random,10,50,2,0,58,19765.952044892445
Random,10,50,2,0,59,19765.952044892445
Random,10,50,2,0,60,19765.952044892445
Random,10,50,2,0,61,19765.952044892445
Random,10,50,2,0,62,19765.952044892445
Random,10,50,2,0,63,19765.952044892445
Random,10,50,2,0,64,19765.952044892445
Random,10,50,2,0,65,19765.952044892445
Random,10,50,2,0,66,19765.952044892445
Random,10,50,2,0,67,19765.952044892445
Random,10,50,2,0,68,19765.952044892445
Random,10,50,2,0,69,19765.952044892445
Random,10,50,2,0,70,19765.952044892445
Random,10,50,2,0,71,19765.952044892445
Random,10,50,2,0,72,19765.952044892445
Random,10,50,2,0,73,19765.952044892445
Random,10,50,2,0,74,19765.952044892445
Random,10,50,2,0,75,19765.952044892445
Random,10,50,2,0,76,19765.952044892445
Random,10,50,2,0,77,19765.952044892445
Random,10,50,2,0,78,19765.952044892445
Random,10,50,2,0,79,19765.952044892445
Random,10,50,2,0,80,19765.952044892445
Random,10,50,2,0,81,19765.952044892445
Random,10,50,2,0,82,19765.952044892445
Random,10,50,2,0,83,19765.952044892445
Random,10,50,2,0,84,19765.952044892445
Random,10,50,2,0,85,19765.952044892445
Random,10,50,2,0,86,19765.952044892445
Random,10,50,2,0,87,11410.307269813806
Random,10,50,2,0,88,11410.307269813806
Random,10,50,2,0,89,11410.307269813806
Random,10,50,2,0,90,11410.307269813806
Random,10,50,2,0,91,11410.307269813806
Random,10,50,2,0,92,11410.307269813806
Random,10,50,2,0,93,11410.307269813806
Random,10,50,2,0,94,11410.307269813806
Random,10,50,2,0,95,11410.307269813806
Random,10,50,2,0,96,11410.307269813806
Random,10,50,2,0,97,11410.307269813806
Random,10,50,2,0,98,11410.307269813806
Random,10,50,2,0,99,11410.307269813806
Random,10,50,2,0,100,11410.307269813806
qLogEI,10,50,2,0,1,inf
qLogEI,10,50,2,0,2,inf
qLogEI,10,50,2,0,3,inf
qLogEI,10,50,2,0,4,inf
qLogEI,10,50,2,0,5,inf
qLogEI,10,50,2,0,6,inf
qLogEI,10,50,2,0,7,inf
qLogEI,10,50,2,0,8,inf
qLogEI,10,50,2,0,9,inf
qLogEI,10,50,2,0,10,inf
qLogEI,10,50,2,0,11,inf
qLogEI,10,50,2,0,12,inf
qLogEI,10,50,2,0,13,inf
qLogEI,10,50,2,0,14,19765.952044892445
qLogEI,10,50,2,0,15,19765.952044892445
qLogEI,10,50,2,0,16,19765.952044892445
qLogEI,10,50,2,0,17,19765.952044892445
qLogEI,10,50,2,0,18,19765.952044892445
qLogEI,10,50,2,0,19,19765.952044892445
qLogEI,10,50,2,0,20,19765.952044892445
qLogEI,10,50,2,0,21,19765.952044892445
qLogEI,10,50,2,0,22,19765.952044892445
qLogEI,10,50,2,0,23,19765.952044892445
qLogEI,10,50,2,0,24,19765.952044892445
qLogEI,10,50,2,0,25,19765.952044892445
qLogEI,10,50,2,0,26,19765.952044892445
qLogEI,10,50,2,0,27,19765.952044892445
qLogEI,10,50,2,0,28,19765.952044892445
qLogEI,10,50,2,0,29,17154.78280480444
qLogEI,10,50,2,0,30,17154.78280480444
qLogEI,10,50,2,0,31,10394.063495855105
qLogEI,10,50,2,0,32,10394.063495855105
qLogEI,10,50,2,0,33,10394.063495855105
qLogEI,10,50,2,0,34,10394.063495855105
qLogEI,10,50,2,0,35,10394.063495855105
qLogEI,10,50,2,0,36,10394.063495855105
qLogEI,10,50,2,0,37,10394.063495855105
qLogEI,10,50,2,0,38,10394.063495855105
qLogEI,10,50,2,0,39,10394.063495855105
qLogEI,10,50,2,0,40,10394.063495855105
qLogEI,10,50,2,0,41,10394.063495855105
qLogEI,10,50,2,0,42,10394.063495855105
qLogEI,10,50,2,0,43,10394.063495855105
qLogEI,10,50,2,0,44,10394.063495855105
qLogEI,10,50,2,0,45,10394.063495855105
qLogEI,10,50,2,0,46,10394.063495855105
qLogEI,10,50,2,0,47,10394.063495855105
qLogEI,10,50,2,0,48,10394.063495855105
qLogEI,10,50,2,0,49,10394.063495855105
qLogEI,10,50,2,0,50,10394.063495855105
qLogEI,10,50,2,0,51,10394.063495855105
qLogEI,10,50,2,0,52,10394.063495855105
qLogEI,10,50,2,0,53,10394.063495855105
qLogEI,10,50,2,0,54,10394.063495855105
qLogEI,10,50,2,0,55,10394.063495855105
qLogEI,10,50,2,0,56,10394.063495855105
qLogEI,10,50,2,0,57,10394.063495855105
qLogEI,10,50,2,0,58,10394.063495855105
qLogEI,10,50,2,0,59,10394.063495855105
qLogEI,10,50,2,0,60,10394.063495855105
qLogEI,10,50,2,0,61,10394.063495855105
qLogEI,10,50,2,0,62,10394.063495855105
qLogEI,10,50,2,0,63,10394.063495855105
qLogEI,10,50,2,0,64,10394.063495855105
qLogEI,10,50,2,0,65,10394.063495855105
qLogEI,10,50,2,0,66,10394.063495855105
qLogEI,10,50,2,0,67,10394.063495855105
qLogEI,10,50,2,0,68,10394.063495855105
qLogEI,10,50,2,0,69,10394.063495855105
qLogEI,10,50,2,0,70,10394.063495855105
qLogEI,10,50,2,0,71,10394.063495855105
qLogEI,10,50,2,0,72,10394.063495855105
qLogEI,10,50,2,0,73,10394.063495855105
qLogEI,10,50,2,0,74,10394.063495855105
qLogEI,10,50,2,0,75,10394.063495855105
qLogEI,10,50,2,0,76,10394.063495855105
qLogEI,10,50,2,0,77,10394.063495855105
qLogEI,10,50,2,0,78,10394.063495855105
qLogEI,10,50,2,0,79,10394.063495855105
qLogEI,10,50,2,0,80,10394.063495855105
qLogEI,10,50,2,0,81,10394.063495855105
qLogEI,10,50,2,0,82,10394.063495855105
qLogEI,10,50,2,0,83,10394.063495855105
qLogEI,10,50,2,0,84,10394.063495855105
qLogEI,10,50,2,0,85,10394.063495855105
qLogEI,10,50,2,0,86,10394.063495855105
qLogEI,10,50,2,0,87,10394.063495855105
qLogEI,10,50,2,0,88,10394.063495855105
qLogEI,10,50,2,0,89,10394.063495855105
qLogEI,10,50,2,0,90,10394.063495855105
qLogEI,10,50,2,0,91,10394.063495855105
qLogEI,10,50,2,0,92,10394.063495855105
qLogEI,10,50,2,0,93,10394.063495855105
qLogEI,10,50,2,0,94,10394.063495855105
qLogEI,10,50,2,0,95,10394.063495855105
qLogEI,10,50,2,0,96,10394.063495855105
qLogEI,10,50,2,0,97,10394.063495855105
qLogEI,10,50,2,0,98,10394.063495855105
qLogEI,10,50,2,0,99,10394.063495855105
qLogEI,10,50,2,0,100,10394.063495855105
RL_Enhanced,10,50,2,0,1,inf
RL_Enhanced,10,50,2,0,2,inf
RL_Enhanced,10,50,2,0,3,inf
RL_Enhanced,10,50,2,0,4,inf
RL_Enhanced,10,50,2,0,5,inf
RL_Enhanced,10,50,2,0,6,inf
RL_Enhanced,10,50,2,0,7,inf
RL_Enhanced,10,50,2,0,8,inf
RL_Enhanced,10,50,2,0,9,inf
RL_Enhanced,10,50,2,0,10,inf
RL_Enhanced,10,50,2,0,11,inf
RL_Enhanced,10,50,2,0,12,inf
RL_Enhanced,10,50,2,0,13,inf
RL_Enhanced,10,50,2,0,14,19765.952044892445
RL_Enhanced,10,50,2,0,15,19765.952044892445
RL_Enhanced,10,50,2,0,16,19765.952044892445
RL_Enhanced,10,50,2,0,17,19765.952044892445
RL_Enhanced,10,50,2,0,18,19765.952044892445
RL_Enhanced,10,50,2,0,19,19765.952044892445
RL_Enhanced,10,50,2,0,20,19765.952044892445
RL_Enhanced,10,50,2,0,21,19765.952044892445
RL_Enhanced,10,50,2,0,22,12736.886906629607
RL_Enhanced,10,50,2,0,23,12736.886906629607
RL_Enhanced,10,50,2,0,24,12512.953616094472
RL_Enhanced,10,50,2,0,25,12512.953616094472
RL_Enhanced,10,50,2,0,26,12512.953616094472
RL_Enhanced,10,50,2,0,27,12512.953616094472
RL_Enhanced,10,50,2,0,28,12512.953616094472
RL_Enhanced,10,50,2,0,29,12512.953616094472
RL_Enhanced,10,50,2,0,30,12512.953616094472
RL_Enhanced,10,50,2,0,31,12512.953616094472
RL_Enhanced,10,50,2,0,32,12512.953616094472
RL_Enhanced,10,50,2,0,33,12512.953616094472
RL_Enhanced,10,50,2,0,34,12512.953616094472
RL_Enhanced,10,50,2,0,35,12512.953616094472
RL_Enhanced,10,50,2,0,36,12512.953616094472
RL_Enhanced,10,50,2,0,37,12512.953616094472
RL_Enhanced,10,50,2,0,38,12512.953616094472
RL_Enhanced,10,50,2,0,39,12512.953616094472
RL_Enhanced,10,50,2,0,40,12512.953616094472
RL_Enhanced,10,50,2,0,41,12512.953616094472
RL_Enhanced,10,50,2,0,42,12512.953616094472
RL_Enhanced,10,50,2,0,43,12512.953616094472
RL_Enhanced,10,50,2,0,44,12512.953616094472
RL_Enhanced,10,50,2,0,45,12512.953616094472
RL_Enhanced,10,50,2,0,46,12512.953616094472
RL_Enhanced,10,50,2,0,47,12512.953616094472
RL_Enhanced,10,50,2,0,48,12512.953616094472
RL_Enhanced,10,50,2,0,49,12512.953616094472
RL_Enhanced,10,50,2,0,50,12512.953616094472
RL_Enhanced,10,50,2,0,51,12512.953616094472
RL_Enhanced,10,50,2,0,52,12512.953616094472
RL_Enhanced,10,50,2,0,53,12512.953616094472
RL_Enhanced,10,50,2,0,54,12512.953616094472
RL_Enhanced,10,50,2,0,55,12512.953616094472
RL_Enhanced,10,50,2,0,56,12512.953616094472
RL_Enhanced,10,50,2,0,57,12512.953616094472
RL_Enhanced,10,50,2,0,58,12512.953616094472
RL_Enhanced,10,50,2,0,59,12512.953616094472
RL_Enhanced,10,50,2,0,60,12512.953616094472
RL_Enhanced,10,50,2,0,61,12512.953616094472
RL_Enhanced,10,50,2,0,62,12512.953616094472
RL_Enhanced,10,50,2,0,63,12512.953616094472
RL_Enhanced,10,50,2,0,64,12512.953616094472
RL_Enhanced,10,50,2,0,65,12512.953616094472
RL_Enhanced,10,50,2,0,66,12512.953616094472
RL_Enhanced,10,50,2,0,67,12512.953616094472
RL_Enhanced,10,50,2,0,68,12512.953616094472
RL_Enhanced,10,50,2,0,69,12512.953616094472
RL_Enhanced,10,50,2,0,70,12512.953616094472
RL_Enhanced,10,50,2,0,71,12512.953616094472
RL_Enhanced,10,50,2,0,72,12512.953616094472
RL_Enhanced,10,50,2,0,73,12512.953616094472
RL_Enhanced,10,50,2,0,74,12512.953616094472
RL_Enhanced,10,50,2,0,75,12512.953616094472
RL_Enhanced,10,50,2,0,76,12512.953616094472
RL_Enhanced,10,50,2,0,77,12512.953616094472
RL_Enhanced,10,50,2,0,78,12512.953616094472
RL_Enhanced,10,50,2,0,79,12512.953616094472
RL_Enhanced,10,50,2,0,80,12512.953616094472
RL_Enhanced,10,50,2,0,81,12512.953616094472
RL_Enhanced,10,50,2,0,82,12512.953616094472
RL_Enhanced,10,50,2,0,83,12512.953616094472
RL_Enhanced,10,50,2,0,84,12512.953616094472
RL_Enhanced,10,50,2,0,85,12512.953616094472
RL_Enhanced,10,50,2,0,86,12512.953616094472
RL_Enhanced,10,50,2,0,87,12512.953616094472
RL_Enhanced,10,50,2,0,88,12512.953616094472
RL_Enhanced,10,50,2,0,89,12512.953616094472
RL_Enhanced,10,50,2,0,90,12512.953616094472
RL_Enhanced,10,50,2,0,91,12512.953616094472
RL_Enhanced,10,50,2,0,92,12512.953616094472
RL_Enhanced,10,50,2,0,93,12512.953616094472
RL_Enhanced,10,50,2,0,94,12512.953616094472
RL_Enhanced,10,50,2,0,95,12512.953616094472
RL_Enhanced,10,50,2,0,96,12512.953616094472
RL_Enhanced,10,50,2,0,97,12512.953616094472
RL_Enhanced,10,50,2,0,98,12512.953616094472
RL_Enhanced,10,50,2,0,99,12512.953616094472
RL_Enhanced,10,50,2,0,100,12512.953616094472
Random,10,50,2,1,1,11693.572209775923
Random,10,50,2,1,2,11693.572209775923
Random,10,50,2,1,3,11693.572209775923
Random,10,50,2,1,4,11693.572209775923
Random,10,50,2,1,5,11693.572209775923
Random,10,50,2,1,6,11693.572209775923
Random,10,50,2,1,7,11693.572209775923
Random,10,50,2,1,8,11693.572209775923
Random,10,50,2,1,9,11693.572209775923
Random,10,50,2,1,10,11693.572209775923
Random,10,50,2,1,11,11693.572209775923
Random,10,50,2,1,12,11693.572209775923
Random,10,50,2,1,13,11693.572209775923
Random,10,50,2,1,14,11693.572209775923
Random,10,50,2,1,15,11693.572209775923
Random,10,50,2,1,16,11693.572209775923
Random,10,50,2,1,17,11693.572209775923
Random,10,50,2,1,18,11693.572209775923
Random,10,50,2,1,19,11693.572209775923
Random,10,50,2,1,20,11693.572209775923
Random,10,50,2,1,21,11693.572209775923
Random,10,50,2,1,22,11693.572209775923
Random,10,50,2,1,23,11693.572209775923
Random,10,50,2,1,24,11693.572209775923
Random,10,50,2,1,25,11693.572209775923
Random,10,50,2,1,26,11693.572209775923
Random,10,50,2,1,27,11693.572209775923
Random,10,50,2,1,28,11693.572209775923
Random,10,50,2,1,29,11693.572209775923
Random,10,50,2,1,30,11693.572209775923
Random,10,50,2,1,31,11693.572209775923
Random,10,50,2,1,32,11693.572209775923
Random,10,50,2,1,33,11693.572209775923
Random,10,50,2,1,34,11693.572209775923
Random,10,50,2,1,35,11693.572209775923
Random,10,50,2,1,36,11693.572209775923
Random,10,50,2,1,37,11693.572209775923
Random,10,50,2,1,38,11693.572209775923
Random,10,50,2,1,39,11693.572209775923
Random,10,50,2,1,40,11693.572209775923
Random,10,50,2,1,41,11693.572209775923
Random,10,50,2,1,42,11693.572209775923
Random,10,50,2,1,43,11693.572209775923
Random,10,50,2,1,44,11693.572209775923
Random,10,50,2,1,45,11693.572209775923
Random,10,50,2,1,46,11693.572209775923
Random,10,50,2,1,47,11693.572209775923
Random,10,50,2,1,48,11693.572209775923
Random,10,50,2,1,49,11693.572209775923
Random,10,50,2,1,50,11693.572209775923
Random,10,50,2,1,51,11693.572209775923
Random,10,50,2,1,52,11693.572209775923
Random,10,50,2,1,53,11693.572209775923
Random,10,50,2,1,54,11693.572209775923
Random,10,50,2,1,55,11540.110753047029
Random,10,50,2,1,56,11540.110753047029
Random,10,50,2,1,57,11540.110753047029
Random,10,50,2,1,58,11540.110753047029
Random,10,50,2,1,59,11540.110753047029
Random,10,50,2,1,60,11540.110753047029
Random,10,50,2,1,61,11540.110753047029
Random,10,50,2,1,62,11540.110753047029
Random,10,50,2,1,63,11540.110753047029
Random,10,50,2,1,64,11540.110753047029
Random,10,50,2,1,65,11540.110753047029
Random,10,50,2,1,66,11540.110753047029
Random,10,50,2,1,67,11540.110753047029
Random,10,50,2,1,68,11540.110753047029
Random,10,50,2,1,69,11540.110753047029
Random,10,50,2,1,70,11540.110753047029
Random,10,50,2,1,71,11540.110753047029
Random,10,50,2,1,72,11540.110753047029
Random,10,50,2,1,73,11540.110753047029
Random,10,50,2,1,74,11540.110753047029
Random,10,50,2,1,75,11540.110753047029
Random,10,50,2,1,76,11540.110753047029
Random,10,50,2,1,77,11540.110753047029
Random,10,50,2,1,78,11540.110753047029
Random,10,50,2,1,79,11540.110753047029
Random,10,50,2,1,80,11540.110753047029
Random,10,50,2,1,81,11540.110753047029
Random,10,50,2,1,82,11540.110753047029
Random,10,50,2,1,83,11540.110753047029
Random,10,50,2,1,84,11540.110753047029
Random,10,50,2,1,85,11540.110753047029
Random,10,50,2,1,86,11540.110753047029
Random,10,50,2,1,87,11540.110753047029
Random,10,50,2,1,88,11540.110753047029
Random,10,50,2,1,89,11540.110753047029
Random,10,50,2,1,90,11540.110753047029
Random,10,50,2,1,91,11540.110753047029
Random,10,50,2,1,92,11540.110753047029
Random,10,50,2,1,93,11540.110753047029
Random,10,50,2,1,94,11540.110753047029
Random,10,50,2,1,95,11540.110753047029
Random,10,50,2,1,96,11540.110753047029
Random,10,50,2,1,97,11540.110753047029
Random,10,50,2,1,98,11540.110753047029
Random,10,50,2,1,99,11540.110753047029
Random,10,50,2,1,100,11540.110753047029
qLogEI,10,50,2,1,1,11693.572209775923
qLogEI,10,50,2,1,2,11693.572209775923
qLogEI,10,50,2,1,3,11693.572209775923
qLogEI,10,50,2,1,4,11693.572209775923
qLogEI,10,50,2,1,5,11693.572209775923
qLogEI,10,50,2,1,6,11693.572209775923
qLogEI,10,50,2,1,7,11693.572209775923
qLogEI,10,50,2,1,8,11693.572209775923
qLogEI,10,50,2,1,9,11693.572209775923
qLogEI,10,50,2,1,10,11693.572209775923
qLogEI,10,50,2,1,11,11693.572209775923
qLogEI,10,50,2,1,12,11693.572209775923
qLogEI,10,50,2,1,13,11693.572209775923
qLogEI,10,50,2,1,14,11693.572209775923
qLogEI,10,50,2,1,15,11693.572209775923
qLogEI,10,50,2,1,16,11693.572209775923
qLogEI,10,50,2,1,17,11693.572209775923
qLogEI,10,50,2,1,18,11693.572209775923
qLogEI,10,50,2,1,19,11693.572209775923
qLogEI,10,50,2,1,20,11693.572209775923
qLogEI,10,50,2,1,21,11693.572209775923
qLogEI,10,50,2,1,22,11693.572209775923
qLogEI,10,50,2,1,23,11693.572209775923
qLogEI,10,50,2,1,24,11693.572209775923
qLogEI,10,50,2,1,25,11693.572209775923
qLogEI,10,50,2,1,26,11693.572209775923
qLogEI,10,50,2,1,27,11693.572209775923
qLogEI,10,50,2,1,28,11693.572209775923
qLogEI,10,50,2,1,29,11693.572209775923
qLogEI,10,50,2,1,30,11693.572209775923
qLogEI,10,50,2,1,31,11693.572209775923
qLogEI,10,50,2,1,32,11042.112111802233
qLogEI,10,50,2,1,33,11042.112111802233
qLogEI,10,50,2,1,34,11042.112111802233
qLogEI,10,50,2,1,35,11042.112111802233
qLogEI,10,50,2,1,36,11042.112111802233
qLogEI,10,50,2,1,37,11042.112111802233
qLogEI,10,50,2,1,38,11042.112111802233
qLogEI,10,50,2,1,39,11042.112111802233
qLogEI,10,50,2,1,40,11042.112111802233
qLogEI,10,50,2,1,41,11042.112111802233
qLogEI,10,50,2,1,42,11042.112111802233
qLogEI,10,50,2,1,43,11042.112111802233
qLogEI,10,50,2,1,44,11042.112111802233
qLogEI,10,50,2,1,45,11042.112111802233
qLogEI,10,50,2,1,46,11042.112111802233
qLogEI,10,50,2,1,47,11042.112111802233
qLogEI,10,50,2,1,48,11042.112111802233
qLogEI,10,50,2,1,49,11042.112111802233
qLogEI,10,50,2,1,50,11042.112111802233
qLogEI,10,50,2,1,51,11042.112111802233
qLogEI,10,50,2,1,52,11042.112111802233
qLogEI,10,50,2,1,53,11042.112111802233
qLogEI,10,50,2,1,54,11042.112111802233
qLogEI,10,50,2,1,55,11042.112111802233
qLogEI,10,50,2,1,56,11042.112111802233
qLogEI,10,50,2,1,57,11042.112111802233
qLogEI,10,50,2,1,58,11042.112111802233
qLogEI,10,50,2,1,59,11042.112111802233
qLogEI,10,50,2,1,60,11042.112111802233
qLogEI,10,50,2,1,61,11042.112111802233
qLogEI,10,50,2,1,62,11042.112111802233
qLogEI,10,50,2,1,63,11042.112111802233
qLogEI,10,50,2,1,64,10870.761310320586
qLogEI,10,50,2,1,65,10870.761310320586
qLogEI,10,50,2,1,66,10870.761310320586
qLogEI,10,50,2,1,67,10870.761310320586
qLogEI,10,50,2,1,68,10870.761310320586
qLogEI,10,50,2,1,69,10870.761310320586
qLogEI,10,50,2,1,70,10870.761310320586
qLogEI,10,50,2,1,71,10870.761310320586
qLogEI,10,50,2,1,72,10870.761310320586
qLogEI,10,50,2,1,73,10870.761310320586
qLogEI,10,50,2,1,74,10870.761310320586
qLogEI,10,50,2,1,75,10870.761310320586
qLogEI,10,50,2,1,76,10870.761310320586
qLogEI,10,50,2,1,77,10870.761310320586
qLogEI,10,50,2,1,78,10870.761310320586
qLogEI,10,50,2,1,79,10870.761310320586
qLogEI,10,50,2,1,80,10870.761310320586
qLogEI,10,50,2,1,81,10870.761310320586
qLogEI,10,50,2,1,82,10870.761310320586
qLogEI,10,50,2,1,83,10870.761310320586
qLogEI,10,50,2,1,84,10870.761310320586
qLogEI,10,50,2,1,85,10870.761310320586
qLogEI,10,50,2,1,86,10870.761310320586
qLogEI,10,50,2,1,87,10870.761310320586
qLogEI,10,50,2,1,88,10870.761310320586
qLogEI,10,50,2,1,89,10870.761310320586
qLogEI,10,50,2,1,90,10870.761310320586
qLogEI,10,50,2,1,91,10870.761310320586
qLogEI,10,50,2,1,92,10870.761310320586
qLogEI,10,50,2,1,93,10870.761310320586
qLogEI,10,50,2,1,94,10870.761310320586
qLogEI,10,50,2,1,95,10870.761310320586
qLogEI,10,50,2,1,96,10870.761310320586
qLogEI,10,50,2,1,97,10870.761310320586
qLogEI,10,50,2,1,98,10870.761310320586
qLogEI,10,50,2,1,99,10870.761310320586
qLogEI,10,50,2,1,100,10870.761310320586
RL_Enhanced,10,50,2,1,1,11693.572209775923
RL_Enhanced,10,50,2,1,2,11693.572209775923
RL_Enhanced,10,50,2,1,3,11693.572209775923
RL_Enhanced,10,50,2,1,4,11693.572209775923
RL_Enhanced,10,50,2,1,5,11693.572209775923
RL_Enhanced,10,50,2,1,6,11693.572209775923
RL_Enhanced,10,50,2,1,7,11693.572209775923
RL_Enhanced,10,50,2,1,8,11693.572209775923
RL_Enhanced,10,50,2,1,9,11693.572209775923
RL_Enhanced,10,50,2,1,10,11693.572209775923
RL_Enhanced,10,50,2,1,11,11693.572209775923
RL_Enhanced,10,50,2,1,12,11693.572209775923
RL_Enhanced,10,50,2,1,13,11693.572209775923
RL_Enhanced,10,50,2,1,14,11693.572209775923
RL_Enhanced,10,50,2,1,15,11693.572209775923
RL_Enhanced,10,50,2,1,16,11693.572209775923
RL_Enhanced,10,50,2,1,17,11693.572209775923
RL_Enhanced,10,50,2,1,18,11693.572209775923
RL_Enhanced,10,50,2,1,19,11693.572209775923
RL_Enhanced,10,50,2,1,20,11693.572209775923
RL_Enhanced,10,50,2,1,21,11693.572209775923
RL_Enhanced,10,50,2,1,22,11693.572209775923
RL_Enhanced,10,50,2,1,23,11693.572209775923
RL_Enhanced,10,50,2,1,24,11693.572209775923
RL_Enhanced,10,50,2,1,25,11693.572209775923
RL_Enhanced,10,50,2,1,26,11693.572209775923
RL_Enhanced,10,50,2,1,27,11693.572209775923
RL_Enhanced,10,50,2,1,28,11693.572209775923
RL_Enhanced,10,50,2,1,29,11693.572209775923
RL_Enhanced,10,50,2,1,30,11693.572209775923
RL_Enhanced,10,50,2,1,31,11693.572209775923
RL_Enhanced,10,50,2,1,32,11693.572209775923
RL_Enhanced,10,50,2,1,33,11693.572209775923
RL_Enhanced,10,50,2,1,34,11693.572209775923
RL_Enhanced,10,50,2,1,35,11693.572209775923
RL_Enhanced,10,50,2,1,36,11693.572209775923
RL_Enhanced,10,50,2,1,37,11693.572209775923
RL_Enhanced,10,50,2,1,38,11693.572209775923
RL_Enhanced,10,50,2,1,39,11693.572209775923
RL_Enhanced,10,50,2,1,40,11693.572209775923
RL_Enhanced,10,50,2,1,41,11693.572209775923
RL_Enhanced,10,50,2,1,42,11693.572209775923
RL_Enhanced,10,50,2,1,43,11693.572209775923
RL_Enhanced,10,50,2,1,44,11693.572209775923
RL_Enhanced,10,50,2,1,45,11693.572209775923
RL_Enhanced,10,50,2,1,46,11693.572209775923
RL_Enhanced,10,50,2,1,47,11693.572209775923
RL_Enhanced,10,50,2,1,48,11693.572209775923
RL_Enhanced,10,50,2,1,49,11693.572209775923
RL_Enhanced,10,50,2,1,50,11693.572209775923
RL_Enhanced,10,50,2,1,51,11693.572209775923
RL_Enhanced,10,50,2,1,52,11693.572209775923
RL_Enhanced,10,50,2,1,53,11693.572209775923
RL_Enhanced,10,50,2,1,54,11693.572209775923
RL_Enhanced,10,50,2,1,55,11693.572209775923
RL_Enhanced,10,50,2,1,56,11693.572209775923
RL_Enhanced,10,50,2,1,57,11693.572209775923
RL_Enhanced,10,50,2,1,58,11693.572209775923
RL_Enhanced,10,50,2,1,59,11693.572209775923
RL_Enhanced,10,50,2,1,60,11693.572209775923
RL_Enhanced,10,50,2,1,61,11693.572209775923
RL_Enhanced,10,50,2,1,62,11693.572209775923
RL_Enhanced,10,50,2,1,63,11693.572209775923
RL_Enhanced,10,50,2,1,64,11693.572209775923
RL_Enhanced,10,50,2,1,65,11693.572209775923
RL_Enhanced,10,50,2,1,66,11693.572209775923
RL_Enhanced,10,50,2,1,67,11693.572209775923
RL_Enhanced,10,50,2,1,68,11693.572209775923
RL_Enhanced,10,50,2,1,69,11693.572209775923
RL_Enhanced,10,50,2,1,70,11693.572209775923
RL_Enhanced,10,50,2,1,71,11693.572209775923
RL_Enhanced,10,50,2,1,72,11693.572209775923
RL_Enhanced,10,50,2,1,73,11693.572209775923
RL_Enhanced,10,50,2,1,74,11693.572209775923
RL_Enhanced,10,50,2,1,75,11693.572209775923
RL_Enhanced,10,50,2,1,76,11693.572209775923
RL_Enhanced,10,50,2,1,77,11693.572209775923
RL_Enhanced,10,50,2,1,78,11693.572209775923
RL_Enhanced,10,50,2,1,79,11693.572209775923
RL_Enhanced,10,50,2,1,80,11693.572209775923
RL_Enhanced,10,50,2,1,81,11693.572209775923
RL_Enhanced,10,50,2,1,82,11693.572209775923
RL_Enhanced,10,50,2,1,83,11693.572209775923
RL_Enhanced,10,50,2,1,84,11693.572209775923
RL_Enhanced,10,50,2,1,85,11693.572209775923
RL_Enhanced,10,50,2,1,86,11693.572209775923
RL_Enhanced,10,50,2,1,87,11693.572209775923
RL_Enhanced,10,50,2,1,88,11693.572209775923
RL_Enhanced,10,50,2,1,89,11693.572209775923
RL_Enhanced,10,50,2,1,90,11693.572209775923
RL_Enhanced,10,50,2,1,91,11693.572209775923
RL_Enhanced,10,50,2,1,92,11693.572209775923
RL_Enhanced,10,50,2,1,93,11693.572209775923
RL_Enhanced,10,50,2,1,94,11693.572209775923
RL_Enhanced,10,50,2,1,95,11693.572209775923
RL_Enhanced,10,50,2,1,96,11693.572209775923
RL_Enhanced,10,50,2,1,97,11693.572209775923
RL_Enhanced,10,50,2,1,98,11693.572209775923
RL_Enhanced,10,50,2,1,99,11693.572209775923
RL_Enhanced,10,50,2,1,100,11693.572209775923
Random,10,50,2,2,1,inf
Random,10,50,2,2,2,inf
Random,10,50,2,2,3,inf
Random,10,50,2,2,4,inf
Random,10,50,2,2,5,inf
Random,10,50,2,2,6,inf
Random,10,50,2,2,7,inf
Random,10,50,2,2,8,inf
Random,10,50,2,2,9,inf
Random,10,50,2,2,10,inf
Random,10,50,2,2,11,inf
Random,10,50,2,2,12,inf
Random,10,50,2,2,13,inf
Random,10,50,2,2,14,inf
Random,10,50,2,2,15,11917.046850709568
Random,10,50,2,2,16,11917.046850709568
Random,10,50,2,2,17,11917.046850709568
Random,10,50,2,2,18,11917.046850709568
Random,10,50,2,2,19,11917.046850709568
Random,10,50,2,2,20,11917.046850709568
Random,10,50,2,2,21,11917.046850709568
Random,10,50,2,2,22,11917.046850709568
Random,10,50,2,2,23,11917.046850709568
Random,10,50,2,2,24,11917.046850709568
Random,10,50,2,2,25,11917.046850709568
Random,10,50,2,2,26,11917.046850709568
Random,10,50,2,2,27,11917.046850709568
Random,10,50,2,2,28,11917.046850709568
Random,10,50,2,2,29,11917.046850709568
Random,10,50,2,2,30,11917.046850709568
Random,10,50,2,2,31,11917.046850709568
Random,10,50,2,2,32,11917.046850709568
Random,10,50,2,2,33,11917.046850709568
Random,10,50,2,2,34,11917.046850709568
Random,10,50,2,2,35,11917.046850709568
Random,10,50,2,2,36,11917.046850709568
Random,10,50,2,2,37,11917.046850709568
Random,10,50,2,2,38,11917.046850709568
Random,10,50,2,2,39,11917.046850709568
Random,10,50,2,2,40,11917.046850709568
Random,10,50,2,2,41,11917.046850709568
Random,10,50,2,2,42,11917.046850709568
Random,10,50,2,2,43,11917.046850709568
Random,10,50,2,2,44,11917.046850709568
Random,10,50,2,2,45,11917.046850709568
Random,10,50,2,2,46,11917.046850709568
Random,10,50,2,2,47,11917.046850709568
Random,10,50,2,2,48,11917.046850709568
Random,10,50,2,2,49,11917.046850709568
Random,10,50,2,2,50,11917.046850709568
Random,10,50,2,2,51,11917.046850709568
Random,10,50,2,2,52,11917.046850709568
Random,10,50,2,2,53,11532.948796424118
Random,10,50,2,2,54,11532.948796424118
Random,10,50,2,2,55,11532.948796424118
Random,10,50,2,2,56,11532.948796424118
Random,10,50,2,2,57,11532.948796424118
Random,10,50,2,2,58,11532.948796424118
Random,10,50,2,2,59,11532.948796424118
Random,10,50,2,2,60,11532.948796424118
Random,10,50,2,2,61,11532.948796424118
Random,10,50,2,2,62,11532.948796424118
Random,10,50,2,2,63,11532.948796424118
Random,10,50,2,2,64,11532.948796424118
Random,10,50,2,2,65,11532.948796424118
Random,10,50,2,2,66,11532.948796424118
Random,10,50,2,2,67,11532.948796424118
Random,10,50,2,2,68,11532.948796424118
Random,10,50,2,2,69,11532.948796424118
Random,10,50,2,2,70,11532.948796424118
Random,10,50,2,2,71,11532.948796424118
Random,10,50,2,2,72,11532.948796424118
Random,10,50,2,2,73,11532.948796424118
Random,10,50,2,2,74,11532.948796424118
Random,10,50,2,2,75,11532.948796424118
Random,10,50,2,2,76,11532.948796424118
Random,10,50,2,2,77,11532.948796424118
Random,10,50,2,2,78,11532.948796424118
Random,10,50,2,2,79,11532.948796424118
Random,10,50,2,2,80,11532.948796424118
Random,10,50,2,2,81,11532.948796424118
Random,10,50,2,2,82,11532.948796424118
Random,10,50,2,2,83,11532.948796424118
Random,10,50,2,2,84,11532.948796424118
Random,10,50,2,2,85,11532.948796424118
Random,10,50,2,2,86,11532.948796424118
Random,10,50,2,2,87,11532.948796424118
Random,10,50,2,2,88,11334.382734012928
Random,10,50,2,2,89,11334.382734012928
Random,10,50,2,2,90,11334.382734012928
Random,10,50,2,2,91,11334.382734012928
Random,10,50,2,2,92,11334.382734012928
Random,10,50,2,2,93,11334.382734012928
Random,10,50,2,2,94,11334.382734012928
Random,10,50,2,2,95,11334.382734012928
Random,10,50,2,2,96,11334.382734012928
Random,10,50,2,2,97,11334.382734012928
Random,10,50,2,2,98,11334.382734012928
Random,10,50,2,2,99,11334.382734012928
Random,10,50,2,2,100,11334.382734012928
qLogEI,10,50,2,2,1,inf
qLogEI,10,50,2,2,2,inf
qLogEI,10,50,2,2,3,inf
qLogEI,10,50,2,2,4,inf
qLogEI,10,50,2,2,5,inf
qLogEI,10,50,2,2,6,inf
qLogEI,10,50,2,2,7,inf
qLogEI,10,50,2,2,8,inf
qLogEI,10,50,2,2,9,inf
qLogEI,10,50,2,2,10,inf
qLogEI,10,50,2,2,11,inf
qLogEI,10,50,2,2,12,inf
qLogEI,10,50,2,2,13,inf
qLogEI,10,50,2,2,14,inf
qLogEI,10,50,2,2,15,11917.046850709568
qLogEI,10,50,2,2,16,11917.046850709568
qLogEI,10,50,2,2,17,11917.046850709568
qLogEI,10,50,2,2,18,11917.046850709568
qLogEI,10,50,2,2,19,11917.046850709568
qLogEI,10,50,2,2,20,11917.046850709568
qLogEI,10,50,2,2,21,11917.046850709568
qLogEI,10,50,2,2,22,11917.046850709568
qLogEI,10,50,2,2,23,11917.046850709568
qLogEI,10,50,2,2,24,11917.046850709568
qLogEI,10,50,2,2,25,11917.046850709568
qLogEI,10,50,2,2,26,11917.046850709568
qLogEI,10,50,2,2,27,11917.046850709568
qLogEI,10,50,2,2,28,11917.046850709568
qLogEI,10,50,2,2,29,11917.046850709568
qLogEI,10,50,2,2,30,11917.046850709568
qLogEI,10,50,2,2,31,11917.046850709568
qLogEI,10,50,2,2,32,10536.934778688497
qLogEI,10,50,2,2,33,10536.934778688497
qLogEI,10,50,2,2,34,10175.754442115167
qLogEI,10,50,2,2,35,10175.754442115167
qLogEI,10,50,2,2,36,10175.754442115167
qLogEI,10,50,2,2,37,10175.754442115167
qLogEI,10,50,2,2,38,10175.754442115167
qLogEI,10,50,2,2,39,10175.754442115167
qLogEI,10,50,2,2,40,10175.754442115167
qLogEI,10,50,2,2,41,10175.754442115167
qLogEI,10,50,2,2,42,10175.754442115167
qLogEI,10,50,2,2,43,10175.754442115167
qLogEI,10,50,2,2,44,10175.754442115167
qLogEI,10,50,2,2,45,10175.754442115167
qLogEI,10,50,2,2,46,10175.754442115167
qLogEI,10,50,2,2,47,10175.754442115167
qLogEI,10,50,2,2,48,10175.754442115167
qLogEI,10,50,2,2,49,10175.754442115167
qLogEI,10,50,2,2,50,10175.754442115167
qLogEI,10,50,2,2,51,10175.754442115167
qLogEI,10,50,2,2,52,10175.754442115167
qLogEI,10,50,2,2,53,10175.754442115167
qLogEI,10,50,2,2,54,10175.754442115167
qLogEI,10,50,2,2,55,10175.754442115167
qLogEI,10,50,2,2,56,10175.754442115167
qLogEI,10,50,2,2,57,10175.754442115167
qLogEI,10,50,2,2,58,10175.754442115167
qLogEI,10,50,2,2,59,10175.754442115167
qLogEI,10,50,2,2,60,10175.754442115167
qLogEI,10,50,2,2,61,10175.754442115167
qLogEI,10,50,2,2,62,10175.754442115167
qLogEI,10,50,2,2,63,10175.754442115167
qLogEI,10,50,2,2,64,10175.754442115167
qLogEI,10,50,2,2,65,10175.754442115167
qLogEI,10,50,2,2,66,10175.754442115167
qLogEI,10,50,2,2,67,10175.754442115167
qLogEI,10,50,2,2,68,10175.754442115167
qLogEI,10,50,2,2,69,10175.754442115167
qLogEI,10,50,2,2,70,10175.754442115167
qLogEI,10,50,2,2,71,10175.754442115167
qLogEI,10,50,2,2,72,10175.754442115167
qLogEI,10,50,2,2,73,10175.754442115167
qLogEI,10,50,2,2,74,10175.754442115167
qLogEI,10,50,2,2,75,10175.754442115167
qLogEI,10,50,2,2,76,10175.754442115167
qLogEI,10,50,2,2,77,10175.754442115167
qLogEI,10,50,2,2,78,10175.754442115167
qLogEI,10,50,2,2,79,10175.754442115167
qLogEI,10,50,2,2,80,10175.754442115167
qLogEI,10,50,2,2,81,10175.754442115167
qLogEI,10,50,2,2,82,10140.761797139672
qLogEI,10,50,2,2,83,10140.761797139672
qLogEI,10,50,2,2,84,10140.761797139672
qLogEI,10,50,2,2,85,10140.761797139672
qLogEI,10,50,2,2,86,10140.761797139672
qLogEI,10,50,2,2,87,10140.761797139672
qLogEI,10,50,2,2,88,10140.761797139672
qLogEI,10,50,2,2,89,10140.761797139672
qLogEI,10,50,2,2,90,10140.761797139672
qLogEI,10,50,2,2,91,10140.761797139672
qLogEI,10,50,2,2,92,10140.761797139672
qLogEI,10,50,2,2,93,10140.761797139672
qLogEI,10,50,2,2,94,10140.761797139672
qLogEI,10,50,2,2,95,10140.761797139672
qLogEI,10,50,2,2,96,10140.761797139672
qLogEI,10,50,2,2,97,10140.761797139672
qLogEI,10,50,2,2,98,10140.761797139672
qLogEI,10,50,2,2,99,10140.761797139672
qLogEI,10,50,2,2,100,10140.761797139672
RL_Enhanced,10,50,2,2,1,inf
RL_Enhanced,10,50,2,2,2,inf
RL_Enhanced,10,50,2,2,3,inf
RL_Enhanced,10,50,2,2,4,inf
RL_Enhanced,10,50,2,2,5,inf
RL_Enhanced,10,50,2,2,6,inf
RL_Enhanced,10,50,2,2,7,inf
RL_Enhanced,10,50,2,2,8,inf
RL_Enhanced,10,50,2,2,9,inf
RL_Enhanced,10,50,2,2,10,inf
RL_Enhanced,10,50,2,2,11,inf
RL_Enhanced,10,50,2,2,12,inf
RL_Enhanced,10,50,2,2,13,inf
RL_Enhanced,10,50,2,2,14,inf
RL_Enhanced,10,50,2,2,15,11917.046850709568
RL_Enhanced,10,50,2,2,16,11917.046850709568
RL_Enhanced,10,50,2,2,17,11917.046850709568
RL_Enhanced,10,50,2,2,18,11917.046850709568
RL_Enhanced,10,50,2,2,19,11917.046850709568
RL_Enhanced,10,50,2,2,20,11917.046850709568
RL_Enhanced,10,50,2,2,21,11917.046850709568
RL_Enhanced,10,50,2,2,22,11917.046850709568
RL_Enhanced,10,50,2,2,23,11917.046850709568
RL_Enhanced,10,50,2,2,24,11917.046850709568
RL_Enhanced,10,50,2,2,25,11917.046850709568
RL_Enhanced,10,50,2,2,26,11917.046850709568
RL_Enhanced,10,50,2,2,27,11917.046850709568
RL_Enhanced,10,50,2,2,28,11917.046850709568
RL_Enhanced,10,50,2,2,29,11917.046850709568
RL_Enhanced,10,50,2,2,30,11917.046850709568
RL_Enhanced,10,50,2,2,31,11917.046850709568
RL_Enhanced,10,50,2,2,32,11917.046850709568
RL_Enhanced,10,50,2,2,33,11917.046850709568
RL_Enhanced,10,50,2,2,34,11917.046850709568
RL_Enhanced,10,50,2,2,35,11917.046850709568
RL_Enhanced,10,50,2,2,36,11917.046850709568
RL_Enhanced,10,50,2,2,37,11917.046850709568
RL_Enhanced,10,50,2,2,38,11917.046850709568
RL_Enhanced,10,50,2,2,39,11917.046850709568
RL_Enhanced,10,50,2,2,40,11917.046850709568
RL_Enhanced,10,50,2,2,41,11917.046850709568
RL_Enhanced,10,50,2,2,42,11917.046850709568
RL_Enhanced,10,50,2,2,43,11917.046850709568
RL_Enhanced,10,50,2,2,44,11917.046850709568
RL_Enhanced,10,50,2,2,45,11917.046850709568
RL_Enhanced,10,50,2,2,46,11917.046850709568
RL_Enhanced,10,50,2,2,47,11917.046850709568
RL_Enhanced,10,50,2,2,48,11917.046850709568
RL_Enhanced,10,50,2,2,49,11917.046850709568
RL_Enhanced,10,50,2,2,50,11917.046850709568
RL_Enhanced,10,50,2,2,51,11917.046850709568
RL_Enhanced,10,50,2,2,52,11917.046850709568
RL_Enhanced,10,50,2,2,53,11917.046850709568
RL_Enhanced,10,50,2,2,54,11917.046850709568
RL_Enhanced,10,50,2,2,55,11917.046850709568
RL_Enhanced,10,50,2,2,56,11917.046850709568
RL_Enhanced,10,50,2,2,57,11917.046850709568
RL_Enhanced,10,50,2,2,58,11917.046850709568
RL_Enhanced,10,50,2,2,59,11917.046850709568
RL_Enhanced,10,50,2,2,60,11917.046850709568
RL_Enhanced,10,50,2,2,61,11917.046850709568
RL_Enhanced,10,50,2,2,62,11917.046850709568
RL_Enhanced,10,50,2,2,63,11917.046850709568
RL_Enhanced,10,50,2,2,64,11917.046850709568
RL_Enhanced,10,50,2,2,65,11917.046850709568
RL_Enhanced,10,50,2,2,66,11917.046850709568
RL_Enhanced,10,50,2,2,67,11917.046850709568
RL_Enhanced,10,50,2,2,68,11917.046850709568
RL_Enhanced,10,50,2,2,69,11917.046850709568
RL_Enhanced,10,50,2,2,70,11917.046850709568
RL_Enhanced,10,50,2,2,71,11917.046850709568
RL_Enhanced,10,50,2,2,72,11917.046850709568
RL_Enhanced,10,50,2,2,73,11917.046850709568
RL_Enhanced,10,50,2,2,74,11917.046850709568
RL_Enhanced,10,50,2,2,75,11917.046850709568
RL_Enhanced,10,50,2,2,76,11917.046850709568
RL_Enhanced,10,50,2,2,77,11917.046850709568
RL_Enhanced,10,50,2,2,78,11917.046850709568
RL_Enhanced,10,50,2,2,79,11917.046850709568
RL_Enhanced,10,50,2,2,80,11917.046850709568
RL_Enhanced,10,50,2,2,81,11917.046850709568
RL_Enhanced,10,50,2,2,82,11917.046850709568
RL_Enhanced,10,50,2,2,83,11917.046850709568
RL_Enhanced,10,50,2,2,84,11917.046850709568
RL_Enhanced,10,50,2,2,85,11917.046850709568
RL_Enhanced,10,50,2,2,86,11917.046850709568
RL_Enhanced,10,50,2,2,87,11917.046850709568
RL_Enhanced,10,50,2,2,88,11917.046850709568
RL_Enhanced,10,50,2,2,89,11917.046850709568
RL_Enhanced,10,50,2,2,90,11917.046850709568
RL_Enhanced,10,50,2,2,91,11917.046850709568
RL_Enhanced,10,50,2,2,92,11917.046850709568
RL_Enhanced,10,50,2,2,93,11917.046850709568
RL_Enhanced,10,50,2,2,94,11917.046850709568
RL_Enhanced,10,50,2,2,95,11917.046850709568
RL_Enhanced,10,50,2,2,96,11917.046850709568
RL_Enhanced,10,50,2,2,97,11917.046850709568
RL_Enhanced,10,50,2,2,98,11917.046850709568
RL_Enhanced,10,50,2,2,99,11917.046850709568
RL_Enhanced,10,50,2,2,100,11917.046850709568
Random,10,50,2,3,1,inf
Random,10,50,2,3,2,inf
Random,10,50,2,3,3,inf
Random,10,50,2,3,4,inf
Random,10,50,2,3,5,inf
Random,10,50,2,3,6,inf
Random,10,50,2,3,7,inf
Random,10,50,2,3,8,inf
Random,10,50,2,3,9,inf
Random,10,50,2,3,10,inf
Random,10,50,2,3,11,inf
Random,10,50,2,3,12,inf
Random,10,50,2,3,13,inf
Random,10,50,2,3,14,inf
Random,10,50,2,3,15,inf
Random,10,50,2,3,16,inf
Random,10,50,2,3,17,inf
Random,10,50,2,3,18,inf
Random,10,50,2,3,19,inf
Random,10,50,2,3,20,inf
Random,10,50,2,3,21,inf
Random,10,50,2,3,22,inf
Random,10,50,2,3,23,inf
Random,10,50,2,3,24,inf
Random,10,50,2,3,25,inf
Random,10,50,2,3,26,inf
Random,10,50,2,3,27,inf
Random,10,50,2,3,28,12787.11366491195
Random,10,50,2,3,29,12787.11366491195
Random,10,50,2,3,30,12787.11366491195
Random,10,50,2,3,31,12787.11366491195
Random,10,50,2,3,32,12787.11366491195
Random,10,50,2,3,33,12787.11366491195
Random,10,50,2,3,34,12787.11366491195
Random,10,50,2,3,35,12787.11366491195
Random,10,50,2,3,36,12787.11366491195
Random,10,50,2,3,37,12787.11366491195
Random,10,50,2,3,38,12787.11366491195
Random,10,50,2,3,39,12787.11366491195
Random,10,50,2,3,40,12787.11366491195
Random,10,50,2,3,41,12787.11366491195
Random,10,50,2,3,42,12787.11366491195
Random,10,50,2,3,43,12787.11366491195
Random,10,50,2,3,44,12787.11366491195
Random,10,50,2,3,45,12787.11366491195
Random,10,50,2,3,46,12787.11366491195
Random,10,50,2,3,47,12787.11366491195
Random,10,50,2,3,48,12787.11366491195
Random,10,50,2,3,49,12787.11366491195
Random,10,50,2,3,50,12787.11366491195
Random,10,50,2,3,51,12787.11366491195
Random,10,50,2,3,52,12787.11366491195
Random,10,50,2,3,53,12787.11366491195
Random,10,50,2,3,54,12787.11366491195
Random,10,50,2,3,55,12787.11366491195
Random,10,50,2,3,56,12787.11366491195
Random,10,50,2,3,57,12787.11366491195
Random,10,50,2,3,58,12787.11366491195
Random,10,50,2,3,59,12787.11366491195
Random,10,50,2,3,60,12787.11366491195
Random,10,50,2,3,61,12787.11366491195
Random,10,50,2,3,62,12787.11366491195
Random,10,50,2,3,63,12787.11366491195
Random,10,50,2,3,64,12787.11366491195
Random,10,50,2,3,65,12787.11366491195
Random,10,50,2,3,66,12787.11366491195
Random,10,50,2,3,67,12787.11366491195
Random,10,50,2,3,68,12787.11366491195
Random,10,50,2,3,69,12787.11366491195
Random,10,50,2,3,70,12787.11366491195
Random,10,50,2,3,71,12787.11366491195
Random,10,50,2,3,72,12787.11366491195
Random,10,50,2,3,73,12787.11366491195
Random,10,50,2,3,74,12787.11366491195
Random,10,50,2,3,75,12787.11366491195
Random,10,50,2,3,76,12787.11366491195
Random,10,50,2,3,77,12787.11366491195
Random,10,50,2,3,78,12787.11366491195
Random,10,50,2,3,79,12787.11366491195
Random,10,50,2,3,80,12787.11366491195
Random,10,50,2,3,81,12787.11366491195
Random,10,50,2,3,82,12787.11366491195
Random,10,50,2,3,83,12787.11366491195
Random,10,50,2,3,84,12787.11366491195
Random,10,50,2,3,85,12787.11366491195
Random,10,50,2,3,86,12787.11366491195
Random,10,50,2,3,87,12787.11366491195
Random,10,50,2,3,88,12787.11366491195
Random,10,50,2,3,89,12787.11366491195
Random,10,50,2,3,90,12787.11366491195
Random,10,50,2,3,91,12787.11366491195
Random,10,50,2,3,92,12787.11366491195
Random,10,50,2,3,93,12787.11366491195
Random,10,50,2,3,94,12787.11366491195
Random,10,50,2,3,95,12787.11366491195
Random,10,50,2,3,96,12787.11366491195
Random,10,50,2,3,97,12787.11366491195
Random,10,50,2,3,98,12787.11366491195
Random,10,50,2,3,99,12787.11366491195
Random,10,50,2,3,100,12787.11366491195
qLogEI,10,50,2,3,1,inf
qLogEI,10,50,2,3,2,inf
qLogEI,10,50,2,3,3,inf
qLogEI,10,50,2,3,4,inf
qLogEI,10,50,2,3,5,inf
qLogEI,10,50,2,3,6,inf
qLogEI,10,50,2,3,7,inf
qLogEI,10,50,2,3,8,inf
qLogEI,10,50,2,3,9,inf
qLogEI,10,50,2,3,10,inf
qLogEI,10,50,2,3,11,inf
qLogEI,10,50,2,3,12,inf
qLogEI,10,50,2,3,13,inf
qLogEI,10,50,2,3,14,inf
qLogEI,10,50,2,3,15,inf
qLogEI,10,50,2,3,16,inf
qLogEI,10,50,2,3,17,inf
qLogEI,10,50,2,3,18,inf
qLogEI,10,50,2,3,19,inf
qLogEI,10,50,2,3,20,inf
qLogEI,10,50,2,3,21,inf
qLogEI,10,50,2,3,22,inf
qLogEI,10,50,2,3,23,inf
qLogEI,10,50,2,3,24,inf
qLogEI,10,50,2,3,25,inf
qLogEI,10,50,2,3,26,inf
qLogEI,10,50,2,3,27,inf
qLogEI,10,50,2,3,28,inf
qLogEI,10,50,2,3,29,inf
qLogEI,10,50,2,3,30,inf
qLogEI,10,50,2,3,31,inf
qLogEI,10,50,2,3,32,inf
qLogEI,10,50,2,3,33,inf
qLogEI,10,50,2,3,34,inf
qLogEI,10,50,2,3,35,inf
qLogEI,10,50,2,3,36,inf
qLogEI,10,50,2,3,37,inf
qLogEI,10,50,2,3,38,inf
qLogEI,10,50,2,3,39,inf
qLogEI,10,50,2,3,40,inf
qLogEI,10,50,2,3,41,inf
qLogEI,10,50,2,3,42,inf
qLogEI,10,50,2,3,43,inf
qLogEI,10,50,2,3,44,inf
qLogEI,10,50,2,3,45,10861.724776309782
qLogEI,10,50,2,3,46,10861.724776309782
qLogEI,10,50,2,3,47,10861.724776309782
qLogEI,10,50,2,3,48,10861.724776309782
qLogEI,10,50,2,3,49,10861.724776309782
qLogEI,10,50,2,3,50,10861.724776309782
qLogEI,10,50,2,3,51,10861.724776309782
qLogEI,10,50,2,3,52,10861.724776309782
qLogEI,10,50,2,3,53,10861.724776309782
qLogEI,10,50,2,3,54,10861.724776309782
qLogEI,10,50,2,3,55,10861.724776309782
qLogEI,10,50,2,3,56,10861.724776309782
qLogEI,10,50,2,3,57,10861.724776309782
qLogEI,10,50,2,3,58,10861.724776309782
qLogEI,10,50,2,3,59,10139.602499634606
qLogEI,10,50,2,3,60,10139.602499634606
qLogEI,10,50,2,3,61,10139.602499634606
qLogEI,10,50,2,3,62,10139.602499634606
qLogEI,10,50,2,3,63,10139.602499634606
qLogEI,10,50,2,3,64,10139.602499634606
qLogEI,10,50,2,3,65,10139.602499634606
qLogEI,10,50,2,3,66,10139.602499634606
qLogEI,10,50,2,3,67,10139.602499634606
qLogEI,10,50,2,3,68,10139.602499634606
qLogEI,10,50,2,3,69,10139.602499634606
qLogEI,10,50,2,3,70,10139.602499634606
qLogEI,10,50,2,3,71,10139.602499634606
qLogEI,10,50,2,3,72,10139.602499634606
qLogEI,10,50,2,3,73,10139.602499634606
qLogEI,10,50,2,3,74,10139.602499634606
qLogEI,10,50,2,3,75,10139.602499634606
qLogEI,10,50,2,3,76,10139.602499634606
qLogEI,10,50,2,3,77,10139.602499634606
qLogEI,10,50,2,3,78,10139.602499634606
qLogEI,10,50,2,3,79,10139.602499634606
qLogEI,10,50,2,3,80,10139.602499634606
qLogEI,10,50,2,3,81,10139.602499634606
qLogEI,10,50,2,3,82,10139.602499634606
qLogEI,10,50,2,3,83,10139.602499634606
qLogEI,10,50,2,3,84,10139.602499634606
qLogEI,10,50,2,3,85,10139.602499634606
qLogEI,10,50,2,3,86,10139.602499634606
qLogEI,10,50,2,3,87,10139.602499634606
qLogEI,10,50,2,3,88,10139.602499634606
qLogEI,10,50,2,3,89,10139.602499634606
qLogEI,10,50,2,3,90,10139.602499634606
qLogEI,10,50,2,3,91,10139.602499634606
qLogEI,10,50,2,3,92,10139.602499634606
qLogEI,10,50,2,3,93,10139.602499634606
qLogEI,10,50,2,3,94,10139.602499634606
qLogEI,10,50,2,3,95,10139.602499634606
qLogEI,10,50,2,3,96,10139.602499634606
qLogEI,10,50,2,3,97,10139.602499634606
qLogEI,10,50,2,3,98,10139.602499634606
qLogEI,10,50,2,3,99,10139.602499634606
qLogEI,10,50,2,3,100,10139.602499634606
RL_Enhanced,10,50,2,3,1,inf
RL_Enhanced,10,50,2,3,2,inf
RL_Enhanced,10,50,2,3,3,inf
RL_Enhanced,10,50,2,3,4,inf
RL_Enhanced,10,50,2,3,5,inf
RL_Enhanced,10,50,2,3,6,inf
RL_Enhanced,10,50,2,3,7,inf
RL_Enhanced,10,50,2,3,8,inf
RL_Enhanced,10,50,2,3,9,inf
RL_Enhanced,10,50,2,3,10,inf
RL_Enhanced,10,50,2,3,11,inf
RL_Enhanced,10,50,2,3,12,inf
RL_Enhanced,10,50,2,3,13,inf
RL_Enhanced,10,50,2,3,14,inf
RL_Enhanced,10,50,2,3,15,inf
RL_Enhanced,10,50,2,3,16,inf
RL_Enhanced,10,50,2,3,17,inf
RL_Enhanced,10,50,2,3,18,inf
RL_Enhanced,10,50,2,3,19,inf
RL_Enhanced,10,50,2,3,20,inf
RL_Enhanced,10,50,2,3,21,inf
RL_Enhanced,10,50,2,3,22,inf
RL_Enhanced,10,50,2,3,23,inf
RL_Enhanced,10,50,2,3,24,inf
RL_Enhanced,10,50,2,3,25,inf
RL_Enhanced,10,50,2,3,26,inf
RL_Enhanced,10,50,2,3,27,inf
RL_Enhanced,10,50,2,3,28,inf
RL_Enhanced,10,50,2,3,29,inf
RL_Enhanced,10,50,2,3,30,inf
RL_Enhanced,10,50,2,3,31,inf
RL_Enhanced,10,50,2,3,32,inf
RL_Enhanced,10,50,2,3,33,inf
RL_Enhanced,10,50,2,3,34,inf
RL_Enhanced,10,50,2,3,35,inf
RL_Enhanced,10,50,2,3,36,inf
RL_Enhanced,10,50,2,3,37,inf
RL_Enhanced,10,50,2,3,38,inf
RL_Enhanced,10,50,2,3,39,inf
RL_Enhanced,10,50,2,3,40,inf
RL_Enhanced,10,50,2,3,41,inf
RL_Enhanced,10,50,2,3,42,12565.70511308455
RL_Enhanced,10,50,2,3,43,12565.70511308455
RL_Enhanced,10,50,2,3,44,12565.70511308455
RL_Enhanced,10,50,2,3,45,12565.70511308455
RL_Enhanced,10,50,2,3,46,12565.70511308455
RL_Enhanced,10,50,2,3,47,12565.70511308455
RL_Enhanced,10,50,2,3,48,12565.70511308455
RL_Enhanced,10,50,2,3,49,12565.70511308455
RL_Enhanced,10,50,2,3,50,12565.70511308455
RL_Enhanced,10,50,2,3,51,12565.70511308455
RL_Enhanced,10,50,2,3,52,12565.70511308455
RL_Enhanced,10,50,2,3,53,12565.70511308455
RL_Enhanced,10,50,2,3,54,12565.70511308455
RL_Enhanced,10,50,2,3,55,12565.70511308455
RL_Enhanced,10,50,2,3,56,12565.70511308455
RL_Enhanced,10,50,2,3,57,12565.70511308455
RL_Enhanced,10,50,2,3,58,12565.70511308455
RL_Enhanced,10,50,2,3,59,12565.70511308455
RL_Enhanced,10,50,2,3,60,12565.70511308455
RL_Enhanced,10,50,2,3,61,12565.70511308455
RL_Enhanced,10,50,2,3,62,12565.70511308455
RL_Enhanced,10,50,2,3,63,12565.70511308455
RL_Enhanced,10,50,2,3,64,12565.70511308455
RL_Enhanced,10,50,2,3,65,12565.70511308455
RL_Enhanced,10,50,2,3,66,12565.70511308455
RL_Enhanced,10,50,2,3,67,12565.70511308455
RL_Enhanced,10,50,2,3,68,12565.70511308455
RL_Enhanced,10,50,2,3,69,12565.70511308455
RL_Enhanced,10,50,2,3,70,12565.70511308455
RL_Enhanced,10,50,2,3,71,12565.70511308455
RL_Enhanced,10,50,2,3,72,12565.70511308455
RL_Enhanced,10,50,2,3,73,12565.70511308455
RL_Enhanced,10,50,2,3,74,12565.70511308455
RL_Enhanced,10,50,2,3,75,12565.70511308455
RL_Enhanced,10,50,2,3,76,12565.70511308455
RL_Enhanced,10,50,2,3,77,12565.70511308455
RL_Enhanced,10,50,2,3,78,12565.70511308455
RL_Enhanced,10,50,2,3,79,12565.70511308455
RL_Enhanced,10,50,2,3,80,12565.70511308455
RL_Enhanced,10,50,2,3,81,12565.70511308455
RL_Enhanced,10,50,2,3,82,12565.70511308455
RL_Enhanced,10,50,2,3,83,12565.70511308455
RL_Enhanced,10,50,2,3,84,12565.70511308455
RL_Enhanced,10,50,2,3,85,12565.70511308455
RL_Enhanced,10,50,2,3,86,12565.70511308455
RL_Enhanced,10,50,2,3,87,12565.70511308455
RL_Enhanced,10,50,2,3,88,12565.70511308455
RL_Enhanced,10,50,2,3,89,12565.70511308455
RL_Enhanced,10,50,2,3,90,12565.70511308455
RL_Enhanced,10,50,2,3,91,12565.70511308455
RL_Enhanced,10,50,2,3,92,12565.70511308455
RL_Enhanced,10,50,2,3,93,12565.70511308455
RL_Enhanced,10,50,2,3,94,12565.70511308455
RL_Enhanced,10,50,2,3,95,12565.70511308455
RL_Enhanced,10,50,2,3,96,12565.70511308455
RL_Enhanced,10,50,2,3,97,12565.70511308455
RL_Enhanced,10,50,2,3,98,12565.70511308455
RL_Enhanced,10,50,2,3,99,12565.70511308455
RL_Enhanced,10,50,2,3,100,12565.70511308455
Random,10,50,2,4,1,inf
Random,10,50,2,4,2,inf
Random,10,50,2,4,3,inf
Random,10,50,2,4,4,inf
Random,10,50,2,4,5,inf
Random,10,50,2,4,6,inf
Random,10,50,2,4,7,inf
Random,10,50,2,4,8,inf
Random,10,50,2,4,9,inf
Random,10,50,2,4,10,inf
Random,10,50,2,4,11,inf
Random,10,50,2,4,12,inf
Random,10,50,2,4,13,inf
Random,10,50,2,4,14,inf
Random,10,50,2,4,15,inf
Random,10,50,2,4,16,inf
Random,10,50,2,4,17,inf
Random,10,50,2,4,18,inf
Random,10,50,2,4,19,inf
Random,10,50,2,4,20,inf
Random,10,50,2,4,21,inf
Random,10,50,2,4,22,inf
Random,10,50,2,4,23,inf
Random,10,50,2,4,24,17882.827353985645
Random,10,50,2,4,25,17882.827353985645
Random,10,50,2,4,26,17882.827353985645
Random,10,50,2,4,27,11774.573171940818
Random,10,50,2,4,28,11774.573171940818
Random,10,50,2,4,29,11774.573171940818
Random,10,50,2,4,30,11774.573171940818
Random,10,50,2,4,31,11774.573171940818
Random,10,50,2,4,32,11774.573171940818
Random,10,50,2,4,33,11774.573171940818
Random,10,50,2,4,34,11774.573171940818
Random,10,50,2,4,35,11774.573171940818
Random,10,50,2,4,36,11774.573171940818
Random,10,50,2,4,37,11774.573171940818
Random,10,50,2,4,38,11774.573171940818
Random,10,50,2,4,39,11774.573171940818
Random,10,50,2,4,40,11774.573171940818
Random,10,50,2,4,41,11774.573171940818
Random,10,50,2,4,42,11774.573171940818
Random,10,50,2,4,43,11774.573171940818
Random,10,50,2,4,44,11774.573171940818
Random,10,50,2,4,45,11774.573171940818
Random,10,50,2,4,46,11774.573171940818
Random,10,50,2,4,47,11774.573171940818
Random,10,50,2,4,48,11774.573171940818
Random,10,50,2,4,49,11774.573171940818
Random,10,50,2,4,50,11774.573171940818
Random,10,50,2,4,51,11774.573171940818
Random,10,50,2,4,52,11774.573171940818
Random,10,50,2,4,53,11774.573171940818
Random,10,50,2,4,54,11774.573171940818
Random,10,50,2,4,55,11774.573171940818
Random,10,50,2,4,56,11774.573171940818
Random,10,50,2,4,57,11774.573171940818
Random,10,50,2,4,58,11774.573171940818
Random,10,50,2,4,59,11774.573171940818
Random,10,50,2,4,60,11774.573171940818
Random,10,50,2,4,61,11774.573171940818
Random,10,50,2,4,62,11774.573171940818
Random,10,50,2,4,63,11774.573171940818
Random,10,50,2,4,64,11774.573171940818
Random,10,50,2,4,65,11774.573171940818
Random,10,50,2,4,66,11774.573171940818
Random,10,50,2,4,67,11774.573171940818
Random,10,50,2,4,68,11774.573171940818
Random,10,50,2,4,69,11774.573171940818
Random,10,50,2,4,70,11774.573171940818
Random,10,50,2,4,71,11774.573171940818
Random,10,50,2,4,72,11774.573171940818
Random,10,50,2,4,73,11774.573171940818
Random,10,50,2,4,74,11774.573171940818
Random,10,50,2,4,75,11774.573171940818
Random,10,50,2,4,76,11774.573171940818
Random,10,50,2,4,77,11774.573171940818
Random,10,50,2,4,78,11774.573171940818
Random,10,50,2,4,79,11774.573171940818
Random,10,50,2,4,80,11774.573171940818
Random,10,50,2,4,81,11774.573171940818
Random,10,50,2,4,82,11774.573171940818
Random,10,50,2,4,83,11774.573171940818
Random,10,50,2,4,84,11774.573171940818
Random,10,50,2,4,85,11774.573171940818
Random,10,50,2,4,86,11774.573171940818
Random,10,50,2,4,87,11774.573171940818
Random,10,50,2,4,88,11774.573171940818
Random,10,50,2,4,89,11774.573171940818
Random,10,50,2,4,90,11774.573171940818
Random,10,50,2,4,91,11774.573171940818
Random,10,50,2,4,92,11774.573171940818
Random,10,50,2,4,93,11774.573171940818
Random,10,50,2,4,94,11774.573171940818
Random,10,50,2,4,95,11668.542244977363
Random,10,50,2,4,96,11668.542244977363
Random,10,50,2,4,97,11668.542244977363
Random,10,50,2,4,98,11668.542244977363
Random,10,50,2,4,99,11668.542244977363
Random,10,50,2,4,100,11668.542244977363
qLogEI,10,50,2,4,1,inf
qLogEI,10,50,2,4,2,inf
qLogEI,10,50,2,4,3,inf
qLogEI,10,50,2,4,4,inf
qLogEI,10,50,2,4,5,inf
qLogEI,10,50,2,4,6,inf
qLogEI,10,50,2,4,7,inf
qLogEI,10,50,2,4,8,inf
qLogEI,10,50,2,4,9,inf
qLogEI,10,50,2,4,10,inf
qLogEI,10,50,2,4,11,inf
qLogEI,10,50,2,4,12,inf
qLogEI,10,50,2,4,13,inf
qLogEI,10,50,2,4,14,inf
qLogEI,10,50,2,4,15,inf
qLogEI,10,50,2,4,16,inf
qLogEI,10,50,2,4,17,inf
qLogEI,10,50,2,4,18,inf
qLogEI,10,50,2,4,19,inf
qLogEI,10,50,2,4,20,inf
qLogEI,10,50,2,4,21,inf
qLogEI,10,50,2,4,22,inf
qLogEI,10,50,2,4,23,inf
qLogEI,10,50,2,4,24,inf
qLogEI,10,50,2,4,25,inf
qLogEI,10,50,2,4,26,inf
qLogEI,10,50,2,4,27,inf
qLogEI,10,50,2,4,28,inf
qLogEI,10,50,2,4,29,inf
qLogEI,10,50,2,4,30,inf
qLogEI,10,50,2,4,31,inf
qLogEI,10,50,2,4,32,inf
qLogEI,10,50,2,4,33,inf
qLogEI,10,50,2,4,34,inf
qLogEI,10,50,2,4,35,inf
qLogEI,10,50,2,4,36,inf
qLogEI,10,50,2,4,37,inf
qLogEI,10,50,2,4,38,inf
qLogEI,10,50,2,4,39,inf
qLogEI,10,50,2,4,40,inf
qLogEI,10,50,2,4,41,inf
qLogEI,10,50,2,4,42,inf
qLogEI,10,50,2,4,43,inf
qLogEI,10,50,2,4,44,inf
qLogEI,10,50,2,4,45,inf
qLogEI,10,50,2,4,46,inf
qLogEI,10,50,2,4,47,inf
qLogEI,10,50,2,4,48,inf
qLogEI,10,50,2,4,49,inf
qLogEI,10,50,2,4,50,inf
qLogEI,10,50,2,4,51,inf
qLogEI,10,50,2,4,52,inf
qLogEI,10,50,2,4,53,inf
qLogEI,10,50,2,4,54,inf
qLogEI,10,50,2,4,55,inf
qLogEI,10,50,2,4,56,inf
qLogEI,10,50,2,4,57,inf
qLogEI,10,50,2,4,58,inf
qLogEI,10,50,2,4,59,inf
qLogEI,10,50,2,4,60,inf
qLogEI,10,50,2,4,61,inf
qLogEI,10,50,2,4,62,inf
qLogEI,10,50,2,4,63,inf
qLogEI,10,50,2,4,64,inf
qLogEI,10,50,2,4,65,inf
qLogEI,10,50,2,4,66,inf
qLogEI,10,50,2,4,67,inf
qLogEI,10,50,2,4,68,inf
qLogEI,10,50,2,4,69,inf
qLogEI,10,50,2,4,70,inf
qLogEI,10,50,2,4,71,inf
qLogEI,10,50,2,4,72,inf
qLogEI,10,50,2,4,73,inf
qLogEI,10,50,2,4,74,inf
qLogEI,10,50,2,4,75,inf
qLogEI,10,50,2,4,76,10451.923716602021
qLogEI,10,50,2,4,77,10451.923716602021
qLogEI,10,50,2,4,78,10451.923716602021
qLogEI,10,50,2,4,79,10451.923716602021
qLogEI,10,50,2,4,80,10451.923716602021
qLogEI,10,50,2,4,81,10451.923716602021
qLogEI,10,50,2,4,82,10451.923716602021
qLogEI,10,50,2,4,83,10451.923716602021
qLogEI,10,50,2,4,84,10451.923716602021
qLogEI,10,50,2,4,85,10451.923716602021
qLogEI,10,50,2,4,86,10451.923716602021
qLogEI,10,50,2,4,87,10451.923716602021
qLogEI,10,50,2,4,88,10451.923716602021
qLogEI,10,50,2,4,89,10451.923716602021
qLogEI,10,50,2,4,90,10451.923716602021
qLogEI,10,50,2,4,91,10451.923716602021
qLogEI,10,50,2,4,92,10451.923716602021
qLogEI,10,50,2,4,93,10451.923716602021
qLogEI,10,50,2,4,94,10451.923716602021
qLogEI,10,50,2,4,95,10451.923716602021
qLogEI,10,50,2,4,96,10451.923716602021
qLogEI,10,50,2,4,97,10451.923716602021
qLogEI,10,50,2,4,98,10451.923716602021
qLogEI,10,50,2,4,99,10451.923716602021
qLogEI,10,50,2,4,100,10451.923716602021
RL_Enhanced,10,50,2,4,1,inf
RL_Enhanced,10,50,2,4,2,inf
RL_Enhanced,10,50,2,4,3,inf
RL_Enhanced,10,50,2,4,4,inf
RL_Enhanced,10,50,2,4,5,inf
RL_Enhanced,10,50,2,4,6,inf
RL_Enhanced,10,50,2,4,7,inf
RL_Enhanced,10,50,2,4,8,inf
RL_Enhanced,10,50,2,4,9,inf
RL_Enhanced,10,50,2,4,10,inf
RL_Enhanced,10,50,2,4,11,inf
RL_Enhanced,10,50,2,4,12,inf
RL_Enhanced,10,50,2,4,13,inf
RL_Enhanced,10,50,2,4,14,inf
RL_Enhanced,10,50,2,4,15,inf
RL_Enhanced,10,50,2,4,16,inf
RL_Enhanced,10,50,2,4,17,inf
RL_Enhanced,10,50,2,4,18,inf
RL_Enhanced,10,50,2,4,19,inf
RL_Enhanced,10,50,2,4,20,inf
RL_Enhanced,10,50,2,4,21,inf
RL_Enhanced,10,50,2,4,22,inf
RL_Enhanced,10,50,2,4,23,inf
RL_Enhanced,10,50,2,4,24,inf
RL_Enhanced,10,50,2,4,25,inf
RL_Enhanced,10,50,2,4,26,inf
RL_Enhanced,10,50,2,4,27,inf
RL_Enhanced,10,50,2,4,28,inf
RL_Enhanced,10,50,2,4,29,inf
RL_Enhanced,10,50,2,4,30,inf
RL_Enhanced,10,50,2,4,31,inf
RL_Enhanced,10,50,2,4,32,inf
RL_Enhanced,10,50,2,4,33,inf
RL_Enhanced,10,50,2,4,34,inf
RL_Enhanced,10,50,2,4,35,inf
RL_Enhanced,10,50,2,4,36,inf
RL_Enhanced,10,50,2,4,37,inf
RL_Enhanced,10,50,2,4,38,inf
RL_Enhanced,10,50,2,4,39,inf
RL_Enhanced,10,50,2,4,40,inf
RL_Enhanced,10,50,2,4,41,inf
RL_Enhanced,10,50,2,4,42,inf
RL_Enhanced,10,50,2,4,43,inf
RL_Enhanced,10,50,2,4,44,inf
RL_Enhanced,10,50,2,4,45,inf
RL_Enhanced,10,50,2,4,46,inf
RL_Enhanced,10,50,2,4,47,inf
RL_Enhanced,10,50,2,4,48,inf
RL_Enhanced,10,50,2,4,49,inf
RL_Enhanced,10,50,2,4,50,inf
RL_Enhanced,10,50,2,4,51,inf
RL_Enhanced,10,50,2,4,52,inf
RL_Enhanced,10,50,2,4,53,inf
RL_Enhanced,10,50,2,4,54,inf
RL_Enhanced,10,50,2,4,55,inf
RL_Enhanced,10,50,2,4,56,inf
RL_Enhanced,10,50,2,4,57,12539.803034426934
RL_Enhanced,10,50,2,4,58,12539.803034426934
RL_Enhanced,10,50,2,4,59,12539.803034426934
RL_Enhanced,10,50,2,4,60,12539.803034426934
RL_Enhanced,10,50,2,4,61,12539.803034426934
RL_Enhanced,10,50,2,4,62,12539.803034426934
RL_Enhanced,10,50,2,4,63,12539.803034426934
RL_Enhanced,10,50,2,4,64,12539.803034426934
RL_Enhanced,10,50,2,4,65,12539.803034426934
RL_Enhanced,10,50,2,4,66,12539.803034426934
RL_Enhanced,10,50,2,4,67,12539.803034426934
RL_Enhanced,10,50,2,4,68,12539.803034426934
RL_Enhanced,10,50,2,4,69,12539.803034426934
RL_Enhanced,10,50,2,4,70,12539.803034426934
RL_Enhanced,10,50,2,4,71,12539.803034426934
RL_Enhanced,10,50,2,4,72,12539.803034426934
RL_Enhanced,10,50,2,4,73,12539.803034426934
RL_Enhanced,10,50,2,4,74,12539.803034426934
RL_Enhanced,10,50,2,4,75,12539.803034426934
RL_Enhanced,10,50,2,4,76,12539.803034426934
RL_Enhanced,10,50,2,4,77,12539.803034426934
RL_Enhanced,10,50,2,4,78,12539.803034426934
RL_Enhanced,10,50,2,4,79,12539.803034426934
RL_Enhanced,10,50,2,4,80,12539.803034426934
RL_Enhanced,10,50,2,4,81,12539.803034426934
RL_Enhanced,10,50,2,4,82,12539.803034426934
RL_Enhanced,10,50,2,4,83,12539.803034426934
RL_Enhanced,10,50,2,4,84,12539.803034426934
RL_Enhanced,10,50,2,4,85,12539.803034426934
RL_Enhanced,10,50,2,4,86,12539.803034426934
RL_Enhanced,10,50,2,4,87,12539.803034426934
RL_Enhanced,10,50,2,4,88,12539.803034426934
RL_Enhanced,10,50,2,4,89,12539.803034426934
RL_Enhanced,10,50,2,4,90,12539.803034426934
RL_Enhanced,10,50,2,4,91,12539.803034426934
RL_Enhanced,10,50,2,4,92,12539.803034426934
RL_Enhanced,10,50,2,4,93,12539.803034426934
RL_Enhanced,10,50,2,4,94,12539.803034426934
RL_Enhanced,10,50,2,4,95,12539.803034426934
RL_Enhanced,10,50,2,4,96,12539.803034426934
RL_Enhanced,10,50,2,4,97,12539.803034426934
RL_Enhanced,10,50,2,4,98,12539.803034426934
RL_Enhanced,10,50,2,4,99,12539.803034426934
RL_Enhanced,10,50,2,4,100,12539.803034426934
Random,10,50,3,0,1,inf
Random,10,50,3,0,2,inf
Random,10,50,3,0,3,3457.875322949512
Random,10,50,3,0,4,3457.875322949512
Random,10,50,3,0,5,3457.875322949512
Random,10,50,3,0,6,3457.875322949512
Random,10,50,3,0,7,3457.875322949512
Random,10,50,3,0,8,3457.875322949512
Random,10,50,3,0,9,3457.875322949512
Random,10,50,3,0,10,3457.875322949512
Random,10,50,3,0,11,3457.875322949512
Random,10,50,3,0,12,3457.875322949512
Random,10,50,3,0,13,3457.875322949512
Random,10,50,3,0,14,3457.875322949512
Random,10,50,3,0,15,3457.875322949512
Random,10,50,3,0,16,3457.875322949512
Random,10,50,3,0,17,3457.875322949512
Random,10,50,3,0,18,3457.875322949512
Random,10,50,3,0,19,3457.875322949512
Random,10,50,3,0,20,3457.875322949512
Random,10,50,3,0,21,3457.875322949512
Random,10,50,3,0,22,3457.875322949512
Random,10,50,3,0,23,3457.875322949512
Random,10,50,3,0,24,3457.875322949512
Random,10,50,3,0,25,3457.875322949512
Random,10,50,3,0,26,3457.875322949512
Random,10,50,3,0,27,3457.875322949512
Random,10,50,3,0,28,3457.875322949512
Random,10,50,3,0,29,3457.875322949512
Random,10,50,3,0,30,3457.875322949512
Random,10,50,3,0,31,3457.875322949512
Random,10,50,3,0,32,3457.875322949512
Random,10,50,3,0,33,3457.875322949512
Random,10,50,3,0,34,3457.875322949512
Random,10,50,3,0,35,3457.875322949512
Random,10,50,3,0,36,3457.875322949512
Random,10,50,3,0,37,3457.875322949512
Random,10,50,3,0,38,3457.875322949512
Random,10,50,3,0,39,3457.875322949512
Random,10,50,3,0,40,3457.875322949512
Random,10,50,3,0,41,3457.875322949512
Random,10,50,3,0,42,3457.875322949512
Random,10,50,3,0,43,3457.875322949512
Random,10,50,3,0,44,3457.875322949512
Random,10,50,3,0,45,3457.875322949512
Random,10,50,3,0,46,2980.6779153187563
Random,10,50,3,0,47,2980.6779153187563
Random,10,50,3,0,48,2980.6779153187563
Random,10,50,3,0,49,2980.6779153187563
Random,10,50,3,0,50,2980.6779153187563
Random,10,50,3,0,51,2980.6779153187563
Random,10,50,3,0,52,2980.6779153187563
Random,10,50,3,0,53,2980.6779153187563
Random,10,50,3,0,54,2980.6779153187563
Random,10,50,3,0,55,2980.6779153187563
Random,10,50,3,0,56,2980.6779153187563
Random,10,50,3,0,57,2980.6779153187563
Random,10,50,3,0,58,2980.6779153187563
Random,10,50,3,0,59,2980.6779153187563
Random,10,50,3,0,60,2980.6779153187563
Random,10,50,3,0,61,2980.6779153187563
Random,10,50,3,0,62,2980.6779153187563
Random,10,50,3,0,63,2980.6779153187563
Random,10,50,3,0,64,2980.6779153187563
Random,10,50,3,0,65,2980.6779153187563
Random,10,50,3,0,66,2980.6779153187563
Random,10,50,3,0,67,2980.6779153187563
Random,10,50,3,0,68,2980.6779153187563
Random,10,50,3,0,69,2980.6779153187563
Random,10,50,3,0,70,2980.6779153187563
Random,10,50,3,0,71,2980.6779153187563
Random,10,50,3,0,72,2980.6779153187563
Random,10,50,3,0,73,2980.6779153187563
Random,10,50,3,0,74,2980.6779153187563
Random,10,50,3,0,75,2980.6779153187563
Random,10,50,3,0,76,2980.6779153187563
Random,10,50,3,0,77,2980.6779153187563
Random,10,50,3,0,78,2980.6779153187563
Random,10,50,3,0,79,2980.6779153187563
Random,10,50,3,0,80,2980.6779153187563
Random,10,50,3,0,81,2980.6779153187563
Random,10,50,3,0,82,2980.6779153187563
Random,10,50,3,0,83,2980.6779153187563
Random,10,50,3,0,84,2980.6779153187563
Random,10,50,3,0,85,2980.6779153187563
Random,10,50,3,0,86,2980.6779153187563
Random,10,50,3,0,87,2452.9510426587276
Random,10,50,3,0,88,2452.9510426587276
Random,10,50,3,0,89,2452.9510426587276
Random,10,50,3,0,90,2452.9510426587276
Random,10,50,3,0,91,2452.9510426587276
Random,10,50,3,0,92,2452.9510426587276
Random,10,50,3,0,93,2452.9510426587276
Random,10,50,3,0,94,2452.9510426587276
Random,10,50,3,0,95,2452.9510426587276
Random,10,50,3,0,96,2452.9510426587276
Random,10,50,3,0,97,2452.9510426587276
Random,10,50,3,0,98,2452.9510426587276
Random,10,50,3,0,99,2452.9510426587276
Random,10,50,3,0,100,2452.9510426587276
qLogEI,10,50,3,0,1,inf
qLogEI,10,50,3,0,2,inf
qLogEI,10,50,3,0,3,3457.875322949512
qLogEI,10,50,3,0,4,3457.875322949512
qLogEI,10,50,3,0,5,3457.875322949512
qLogEI,10,50,3,0,6,3457.875322949512
qLogEI,10,50,3,0,7,3457.875322949512
qLogEI,10,50,3,0,8,3457.875322949512
qLogEI,10,50,3,0,9,3457.875322949512
qLogEI,10,50,3,0,10,3457.875322949512
qLogEI,10,50,3,0,11,3457.875322949512
qLogEI,10,50,3,0,12,3457.875322949512
qLogEI,10,50,3,0,13,3457.875322949512
qLogEI,10,50,3,0,14,3457.875322949512
qLogEI,10,50,3,0,15,3457.875322949512
qLogEI,10,50,3,0,16,3457.875322949512
qLogEI,10,50,3,0,17,3457.875322949512
qLogEI,10,50,3,0,18,3457.875322949512
qLogEI,10,50,3,0,19,3457.875322949512
qLogEI,10,50,3,0,20,3457.875322949512
qLogEI,10,50,3,0,21,3310.598391220351
qLogEI,10,50,3,0,22,3310.598391220351
qLogEI,10,50,3,0,23,3310.598391220351
qLogEI,10,50,3,0,24,3310.598391220351
qLogEI,10,50,3,0,25,3310.598391220351
qLogEI,10,50,3,0,26,3310.598391220351
qLogEI,10,50,3,0,27,3310.598391220351
qLogEI,10,50,3,0,28,3310.598391220351
qLogEI,10,50,3,0,29,3310.598391220351
qLogEI,10,50,3,0,30,3310.598391220351
qLogEI,10,50,3,0,31,3310.598391220351
qLogEI,10,50,3,0,32,3310.598391220351
qLogEI,10,50,3,0,33,3310.598391220351
qLogEI,10,50,3,0,34,3310.598391220351
qLogEI,10,50,3,0,35,3310.598391220351
qLogEI,10,50,3,0,36,3310.598391220351
qLogEI,10,50,3,0,37,3310.598391220351
qLogEI,10,50,3,0,38,3310.598391220351
qLogEI,10,50,3,0,39,3310.598391220351
qLogEI,10,50,3,0,40,3310.598391220351
qLogEI,10,50,3,0,41,3310.598391220351
qLogEI,10,50,3,0,42,3310.598391220351
qLogEI,10,50,3,0,43,3310.598391220351
qLogEI,10,50,3,0,44,3310.598391220351
qLogEI,10,50,3,0,45,3310.598391220351
qLogEI,10,50,3,0,46,3310.598391220351
qLogEI,10,50,3,0,47,3310.598391220351
qLogEI,10,50,3,0,48,3310.598391220351
qLogEI,10,50,3,0,49,3310.598391220351
qLogEI,10,50,3,0,50,3310.598391220351
qLogEI,10,50,3,0,51,3310.598391220351
qLogEI,10,50,3,0,52,3310.598391220351
qLogEI,10,50,3,0,53,2465.4580342520367
qLogEI,10,50,3,0,54,2465.4580342520367
qLogEI,10,50,3,0,55,2465.4580342520367
qLogEI,10,50,3,0,56,2083.18133883706
qLogEI,10,50,3,0,57,2083.18133883706
qLogEI,10,50,3,0,58,2083.18133883706
qLogEI,10,50,3,0,59,2083.18133883706
qLogEI,10,50,3,0,60,2083.18133883706
qLogEI,10,50,3,0,61,2083.18133883706
qLogEI,10,50,3,0,62,2083.18133883706
qLogEI,10,50,3,0,63,2083.18133883706
qLogEI,10,50,3,0,64,2083.18133883706
qLogEI,10,50,3,0,65,2083.18133883706
qLogEI,10,50,3,0,66,2083.18133883706
qLogEI,10,50,3,0,67,2083.18133883706
qLogEI,10,50,3,0,68,2083.18133883706
qLogEI,10,50,3,0,69,2083.18133883706
qLogEI,10,50,3,0,70,2083.18133883706
qLogEI,10,50,3,0,71,2083.18133883706
qLogEI,10,50,3,0,72,2083.18133883706
qLogEI,10,50,3,0,73,2083.18133883706
qLogEI,10,50,3,0,74,2083.18133883706
qLogEI,10,50,3,0,75,1345.8835865718124
qLogEI,10,50,3,0,76,1345.8835865718124
qLogEI,10,50,3,0,77,1345.8835865718124
qLogEI,10,50,3,0,78,1345.8835865718124
qLogEI,10,50,3,0,79,1345.8835865718124
qLogEI,10,50,3,0,80,1345.8835865718124
qLogEI,10,50,3,0,81,1345.8835865718124
qLogEI,10,50,3,0,82,1345.8835865718124
qLogEI,10,50,3,0,83,1345.8835865718124
qLogEI,10,50,3,0,84,1345.8835865718124
qLogEI,10,50,3,0,85,1345.8835865718124
qLogEI,10,50,3,0,86,1345.8835865718124
qLogEI,10,50,3,0,87,1345.8835865718124
qLogEI,10,50,3,0,88,1345.8835865718124
qLogEI,10,50,3,0,89,1345.8835865718124
qLogEI,10,50,3,0,90,1345.8835865718124
qLogEI,10,50,3,0,91,1345.8835865718124
qLogEI,10,50,3,0,92,1345.8835865718124
qLogEI,10,50,3,0,93,1345.8835865718124
qLogEI,10,50,3,0,94,1345.8835865718124
qLogEI,10,50,3,0,95,1345.8835865718124
qLogEI,10,50,3,0,96,1345.8835865718124
qLogEI,10,50,3,0,97,1345.8835865718124
qLogEI,10,50,3,0,98,1345.8835865718124
qLogEI,10,50,3,0,99,1345.8835865718124
qLogEI,10,50,3,0,100,1345.8835865718124
RL_Enhanced,10,50,3,0,1,inf
RL_Enhanced,10,50,3,0,2,inf
RL_Enhanced,10,50,3,0,3,3457.875322949512
RL_Enhanced,10,50,3,0,4,3457.875322949512
RL_Enhanced,10,50,3,0,5,3457.875322949512
RL_Enhanced,10,50,3,0,6,3457.875322949512
RL_Enhanced,10,50,3,0,7,3457.875322949512
RL_Enhanced,10,50,3,0,8,3457.875322949512
RL_Enhanced,10,50,3,0,9,3457.875322949512
RL_Enhanced,10,50,3,0,10,3457.875322949512
RL_Enhanced,10,50,3,0,11,3457.875322949512
RL_Enhanced,10,50,3,0,12,3457.875322949512
RL_Enhanced,10,50,3,0,13,3457.875322949512
RL_Enhanced,10,50,3,0,14,3457.875322949512
RL_Enhanced,10,50,3,0,15,3457.875322949512
RL_Enhanced,10,50,3,0,16,3457.875322949512
RL_Enhanced,10,50,3,0,17,3457.875322949512
RL_Enhanced,10,50,3,0,18,3457.875322949512
RL_Enhanced,10,50,3,0,19,3457.875322949512
RL_Enhanced,10,50,3,0,20,3457.875322949512
RL_Enhanced,10,50,3,0,21,3457.875322949512
RL_Enhanced,10,50,3,0,22,3457.875322949512
RL_Enhanced,10,50,3,0,23,3457.875322949512
RL_Enhanced,10,50,3,0,24,3457.875322949512
RL_Enhanced,10,50,3,0,25,3457.875322949512
RL_Enhanced,10,50,3,0,26,3457.875322949512
RL_Enhanced,10,50,3,0,27,3457.875322949512
RL_Enhanced,10,50,3,0,28,3457.875322949512
RL_Enhanced,10,50,3,0,29,3457.875322949512
RL_Enhanced,10,50,3,0,30,3457.875322949512
RL_Enhanced,10,50,3,0,31,3457.875322949512
RL_Enhanced,10,50,3,0,32,3457.875322949512
RL_Enhanced,10,50,3,0,33,3457.875322949512
RL_Enhanced,10,50,3,0,34,3457.875322949512
RL_Enhanced,10,50,3,0,35,3457.875322949512
RL_Enhanced,10,50,3,0,36,3457.875322949512
RL_Enhanced,10,50,3,0,37,3457.875322949512
RL_Enhanced,10,50,3,0,38,3457.875322949512
RL_Enhanced,10,50,3,0,39,3457.875322949512
RL_Enhanced,10,50,3,0,40,3457.875322949512
RL_Enhanced,10,50,3,0,41,3457.875322949512
RL_Enhanced,10,50,3,0,42,3457.875322949512
RL_Enhanced,10,50,3,0,43,3457.875322949512
RL_Enhanced,10,50,3,0,44,3457.875322949512
RL_Enhanced,10,50,3,0,45,3457.875322949512
RL_Enhanced,10,50,3,0,46,3457.875322949512
RL_Enhanced,10,50,3,0,47,3457.875322949512
RL_Enhanced,10,50,3,0,48,3457.875322949512
RL_Enhanced,10,50,3,0,49,3457.875322949512
RL_Enhanced,10,50,3,0,50,3457.875322949512
RL_Enhanced,10,50,3,0,51,3457.875322949512
RL_Enhanced,10,50,3,0,52,3457.875322949512
RL_Enhanced,10,50,3,0,53,3457.875322949512
RL_Enhanced,10,50,3,0,54,3457.875322949512
RL_Enhanced,10,50,3,0,55,3457.875322949512
RL_Enhanced,10,50,3,0,56,3457.875322949512
RL_Enhanced,10,50,3,0,57,3457.875322949512
RL_Enhanced,10,50,3,0,58,3457.875322949512
RL_Enhanced,10,50,3,0,59,3457.875322949512
RL_Enhanced,10,50,3,0,60,3457.875322949512
RL_Enhanced,10,50,3,0,61,3457.875322949512
RL_Enhanced,10,50,3,0,62,3457.875322949512
RL_Enhanced,10,50,3,0,63,3457.875322949512
RL_Enhanced,10,50,3,0,64,3457.875322949512
RL_Enhanced,10,50,3,0,65,3457.875322949512
RL_Enhanced,10,50,3,0,66,3457.875322949512
RL_Enhanced,10,50,3,0,67,3457.875322949512
RL_Enhanced,10,50,3,0,68,3457.875322949512
RL_Enhanced,10,50,3,0,69,3457.875322949512
RL_Enhanced,10,50,3,0,70,3457.875322949512
RL_Enhanced,10,50,3,0,71,3457.875322949512
RL_Enhanced,10,50,3,0,72,3457.875322949512
RL_Enhanced,10,50,3,0,73,3457.875322949512
RL_Enhanced,10,50,3,0,74,3457.875322949512
RL_Enhanced,10,50,3,0,75,3457.875322949512
RL_Enhanced,10,50,3,0,76,3457.875322949512
RL_Enhanced,10,50,3,0,77,3457.875322949512
RL_Enhanced,10,50,3,0,78,3457.875322949512
RL_Enhanced,10,50,3,0,79,3457.875322949512
RL_Enhanced,10,50,3,0,80,3457.875322949512
RL_Enhanced,10,50,3,0,81,3457.875322949512
RL_Enhanced,10,50,3,0,82,3457.875322949512
RL_Enhanced,10,50,3,0,83,3457.875322949512
RL_Enhanced,10,50,3,0,84,3457.875322949512
RL_Enhanced,10,50,3,0,85,3457.875322949512
RL_Enhanced,10,50,3,0,86,3457.875322949512
RL_Enhanced,10,50,3,0,87,3457.875322949512
RL_Enhanced,10,50,3,0,88,3457.875322949512
RL_Enhanced,10,50,3,0,89,3457.875322949512
RL_Enhanced,10,50,3,0,90,3457.875322949512
RL_Enhanced,10,50,3,0,91,3457.875322949512
RL_Enhanced,10,50,3,0,92,3457.875322949512
RL_Enhanced,10,50,3,0,93,3457.875322949512
RL_Enhanced,10,50,3,0,94,3457.875322949512
RL_Enhanced,10,50,3,0,95,3457.875322949512
RL_Enhanced,10,50,3,0,96,3457.875322949512
RL_Enhanced,10,50,3,0,97,3457.875322949512
RL_Enhanced,10,50,3,0,98,3457.875322949512
RL_Enhanced,10,50,3,0,99,3457.875322949512
RL_Enhanced,10,50,3,0,100,3457.875322949512
Random,10,50,3,1,1,3987.713237416324
Random,10,50,3,1,2,3987.713237416324
Random,10,50,3,1,3,3987.713237416324
Random,10,50,3,1,4,3987.713237416324
Random,10,50,3,1,5,3987.713237416324
Random,10,50,3,1,6,3987.713237416324
Random,10,50,3,1,7,3987.713237416324
Random,10,50,3,1,8,3987.713237416324
Random,10,50,3,1,9,3987.713237416324
Random,10,50,3,1,10,2898.6838899360428
Random,10,50,3,1,11,2898.6838899360428
Random,10,50,3,1,12,2898.6838899360428
Random,10,50,3,1,13,2898.6838899360428
Random,10,50,3,1,14,2898.6838899360428
Random,10,50,3,1,15,2898.6838899360428
Random,10,50,3,1,16,2898.6838899360428
Random,10,50,3,1,17,2898.6838899360428
Random,10,50,3,1,18,2898.6838899360428
Random,10,50,3,1,19,2898.6838899360428
Random,10,50,3,1,20,2898.6838899360428
Random,10,50,3,1,21,2898.6838899360428
Random,10,50,3,1,22,2898.6838899360428
Random,10,50,3,1,23,2898.6838899360428
Random,10,50,3,1,24,2898.6838899360428
Random,10,50,3,1,25,2898.6838899360428
Random,10,50,3,1,26,2898.6838899360428
Random,10,50,3,1,27,2898.6838899360428
Random,10,50,3,1,28,2898.6838899360428
Random,10,50,3,1,29,2898.6838899360428
Random,10,50,3,1,30,2898.6838899360428
Random,10,50,3,1,31,2898.6838899360428
Random,10,50,3,1,32,2898.6838899360428
Random,10,50,3,1,33,2898.6838899360428
Random,10,50,3,1,34,2898.6838899360428
Random,10,50,3,1,35,2898.6838899360428
Random,10,50,3,1,36,2898.6838899360428
Random,10,50,3,1,37,2898.6838899360428
Random,10,50,3,1,38,2898.6838899360428
Random,10,50,3,1,39,2898.6838899360428
Random,10,50,3,1,40,2898.6838899360428
Random,10,50,3,1,41,2898.6838899360428
Random,10,50,3,1,42,2898.6838899360428
Random,10,50,3,1,43,2898.6838899360428
Random,10,50,3,1,44,2898.6838899360428
Random,10,50,3,1,45,2898.6838899360428
Random,10,50,3,1,46,2898.6838899360428
Random,10,50,3,1,47,2898.6838899360428
Random,10,50,3,1,48,2898.6838899360428
Random,10,50,3,1,49,2898.6838899360428
Random,10,50,3,1,50,2898.6838899360428
Random,10,50,3,1,51,2898.6838899360428
Random,10,50,3,1,52,2898.6838899360428
Random,10,50,3,1,53,2898.6838899360428
Random,10,50,3,1,54,2898.6838899360428
Random,10,50,3,1,55,2898.6838899360428
Random,10,50,3,1,56,2898.6838899360428
Random,10,50,3,1,57,2898.6838899360428
Random,10,50,3,1,58,2898.6838899360428
Random,10,50,3,1,59,2898.6838899360428
Random,10,50,3,1,60,2898.6838899360428
Random,10,50,3,1,61,2898.6838899360428
Random,10,50,3,1,62,2898.6838899360428
Random,10,50,3,1,63,2898.6838899360428
Random,10,50,3,1,64,2898.6838899360428
Random,10,50,3,1,65,2898.6838899360428
Random,10,50,3,1,66,2898.6838899360428
Random,10,50,3,1,67,2898.6838899360428
Random,10,50,3,1,68,2898.6838899360428
Random,10,50,3,1,69,2393.073874521119
Random,10,50,3,1,70,2393.073874521119
Random,10,50,3,1,71,2393.073874521119
Random,10,50,3,1,72,2393.073874521119
Random,10,50,3,1,73,2393.073874521119
Random,10,50,3,1,74,2393.073874521119
Random,10,50,3,1,75,2393.073874521119
Random,10,50,3,1,76,2393.073874521119
Random,10,50,3,1,77,2393.073874521119
Random,10,50,3,1,78,2393.073874521119
Random,10,50,3,1,79,2393.073874521119
Random,10,50,3,1,80,2393.073874521119
Random,10,50,3,1,81,2393.073874521119
Random,10,50,3,1,82,2393.073874521119
Random,10,50,3,1,83,2393.073874521119
Random,10,50,3,1,84,2393.073874521119
Random,10,50,3,1,85,2393.073874521119
Random,10,50,3,1,86,2393.073874521119
Random,10,50,3,1,87,2393.073874521119
Random,10,50,3,1,88,2393.073874521119
Random,10,50,3,1,89,2393.073874521119
Random,10,50,3,1,90,2393.073874521119
Random,10,50,3,1,91,2393.073874521119
Random,10,50,3,1,92,2393.073874521119
Random,10,50,3,1,93,2393.073874521119
Random,10,50,3,1,94,2393.073874521119
Random,10,50,3,1,95,2393.073874521119
Random,10,50,3,1,96,2393.073874521119
Random,10,50,3,1,97,2393.073874521119
Random,10,50,3,1,98,2393.073874521119
Random,10,50,3,1,99,2393.073874521119
Random,10,50,3,1,100,2393.073874521119
qLogEI,10,50,3,1,1,3987.713237416324
qLogEI,10,50,3,1,2,3987.713237416324
qLogEI,10,50,3,1,3,3987.713237416324
qLogEI,10,50,3,1,4,3987.713237416324
qLogEI,10,50,3,1,5,3987.713237416324
qLogEI,10,50,3,1,6,3987.713237416324
qLogEI,10,50,3,1,7,3987.713237416324
qLogEI,10,50,3,1,8,3987.713237416324
qLogEI,10,50,3,1,9,3987.713237416324
qLogEI,10,50,3,1,10,2898.6838899360428
qLogEI,10,50,3,1,11,2898.6838899360428
qLogEI,10,50,3,1,12,2898.6838899360428
qLogEI,10,50,3,1,13,2898.6838899360428
qLogEI,10,50,3,1,14,2898.6838899360428
qLogEI,10,50,3,1,15,2898.6838899360428
qLogEI,10,50,3,1,16,2898.6838899360428
qLogEI,10,50,3,1,17,2898.6838899360428
qLogEI,10,50,3,1,18,2898.6838899360428
qLogEI,10,50,3,1,19,2898.6838899360428
qLogEI,10,50,3,1,20,2898.6838899360428
qLogEI,10,50,3,1,21,2898.6838899360428
qLogEI,10,50,3,1,22,2898.6838899360428
qLogEI,10,50,3,1,23,2898.6838899360428
qLogEI,10,50,3,1,24,2898.6838899360428
qLogEI,10,50,3,1,25,2898.6838899360428
qLogEI,10,50,3,1,26,2898.6838899360428
qLogEI,10,50,3,1,27,2898.6838899360428
qLogEI,10,50,3,1,28,2898.6838899360428
qLogEI,10,50,3,1,29,2898.6838899360428
qLogEI,10,50,3,1,30,2898.6838899360428
qLogEI,10,50,3,1,31,2898.6838899360428
qLogEI,10,50,3,1,32,2898.6838899360428
qLogEI,10,50,3,1,33,2898.6838899360428
qLogEI,10,50,3,1,34,2898.6838899360428
qLogEI,10,50,3,1,35,2230.5510584480185
qLogEI,10,50,3,1,36,2230.5510584480185
qLogEI,10,50,3,1,37,2230.5510584480185
qLogEI,10,50,3,1,38,2230.5510584480185
qLogEI,10,50,3,1,39,2230.5510584480185
qLogEI,10,50,3,1,40,2230.5510584480185
qLogEI,10,50,3,1,41,2230.5510584480185
qLogEI,10,50,3,1,42,2230.5510584480185
qLogEI,10,50,3,1,43,2230.5510584480185
qLogEI,10,50,3,1,44,2230.5510584480185
qLogEI,10,50,3,1,45,2230.5510584480185
qLogEI,10,50,3,1,46,2230.5510584480185
qLogEI,10,50,3,1,47,2230.5510584480185
qLogEI,10,50,3,1,48,2230.5510584480185
qLogEI,10,50,3,1,49,2230.5510584480185
qLogEI,10,50,3,1,50,2230.5510584480185
qLogEI,10,50,3,1,51,2230.5510584480185
qLogEI,10,50,3,1,52,2230.5510584480185
qLogEI,10,50,3,1,53,2126.6291760118515
qLogEI,10,50,3,1,54,2126.6291760118515
qLogEI,10,50,3,1,55,2126.6291760118515
qLogEI,10,50,3,1,56,2126.6291760118515
qLogEI,10,50,3,1,57,2126.6291760118515
qLogEI,10,50,3,1,58,2126.6291760118515
qLogEI,10,50,3,1,59,2126.6291760118515
qLogEI,10,50,3,1,60,2126.6291760118515
qLogEI,10,50,3,1,61,2126.6291760118515
qLogEI,10,50,3,1,62,2126.6291760118515
qLogEI,10,50,3,1,63,2126.6291760118515
qLogEI,10,50,3,1,64,2126.6291760118515
qLogEI,10,50,3,1,65,2126.6291760118515
qLogEI,10,50,3,1,66,2126.6291760118515
qLogEI,10,50,3,1,67,2126.6291760118515
qLogEI,10,50,3,1,68,2126.6291760118515
qLogEI,10,50,3,1,69,2126.6291760118515
qLogEI,10,50,3,1,70,2126.6291760118515
qLogEI,10,50,3,1,71,2126.6291760118515
qLogEI,10,50,3,1,72,2126.6291760118515
qLogEI,10,50,3,1,73,2126.6291760118515
qLogEI,10,50,3,1,74,2126.6291760118515
qLogEI,10,50,3,1,75,2126.6291760118515
qLogEI,10,50,3,1,76,2126.6291760118515
qLogEI,10,50,3,1,77,2126.6291760118515
qLogEI,10,50,3,1,78,2126.6291760118515
qLogEI,10,50,3,1,79,2126.6291760118515
qLogEI,10,50,3,1,80,2126.6291760118515
qLogEI,10,50,3,1,81,2126.6291760118515
qLogEI,10,50,3,1,82,2126.6291760118515
qLogEI,10,50,3,1,83,2126.6291760118515
qLogEI,10,50,3,1,84,2126.6291760118515
qLogEI,10,50,3,1,85,2126.6291760118515
qLogEI,10,50,3,1,86,2126.6291760118515
qLogEI,10,50,3,1,87,2126.6291760118515
qLogEI,10,50,3,1,88,2126.6291760118515
qLogEI,10,50,3,1,89,2126.6291760118515
qLogEI,10,50,3,1,90,2126.6291760118515
qLogEI,10,50,3,1,91,2126.6291760118515
qLogEI,10,50,3,1,92,2126.6291760118515
qLogEI,10,50,3,1,93,2126.6291760118515
qLogEI,10,50,3,1,94,1864.269183898607
qLogEI,10,50,3,1,95,1864.269183898607
qLogEI,10,50,3,1,96,1864.269183898607
qLogEI,10,50,3,1,97,1864.269183898607
qLogEI,10,50,3,1,98,1864.269183898607
qLogEI,10,50,3,1,99,1864.269183898607
qLogEI,10,50,3,1,100,1864.269183898607
RL_Enhanced,10,50,3,1,1,3987.713237416324
RL_Enhanced,10,50,3,1,2,3987.713237416324
RL_Enhanced,10,50,3,1,3,3987.713237416324
RL_Enhanced,10,50,3,1,4,3987.713237416324
RL_Enhanced,10,50,3,1,5,3987.713237416324
RL_Enhanced,10,50,3,1,6,3987.713237416324
RL_Enhanced,10,50,3,1,7,3987.713237416324
RL_Enhanced,10,50,3,1,8,3987.713237416324
RL_Enhanced,10,50,3,1,9,3987.713237416324
RL_Enhanced,10,50,3,1,10,2898.6838899360428
RL_Enhanced,10,50,3,1,11,2898.6838899360428
RL_Enhanced,10,50,3,1,12,2898.6838899360428
RL_Enhanced,10,50,3,1,13,2898.6838899360428
RL_Enhanced,10,50,3,1,14,2898.6838899360428
RL_Enhanced,10,50,3,1,15,2898.6838899360428
RL_Enhanced,10,50,3,1,16,2898.6838899360428
RL_Enhanced,10,50,3,1,17,2898.6838899360428
RL_Enhanced,10,50,3,1,18,2898.6838899360428
RL_Enhanced,10,50,3,1,19,2898.6838899360428
RL_Enhanced,10,50,3,1,20,2898.6838899360428
RL_Enhanced,10,50,3,1,21,2898.6838899360428
RL_Enhanced,10,50,3,1,22,2898.6838899360428
RL_Enhanced,10,50,3,1,23,2898.6838899360428
RL_Enhanced,10,50,3,1,24,2898.6838899360428
RL_Enhanced,10,50,3,1,25,2898.6838899360428
RL_Enhanced,10,50,3,1,26,2898.6838899360428
RL_Enhanced,10,50,3,1,27,2898.6838899360428
RL_Enhanced,10,50,3,1,28,2898.6838899360428
RL_Enhanced,10,50,3,1,29,2898.6838899360428
RL_Enhanced,10,50,3,1,30,2898.6838899360428
RL_Enhanced,10,50,3,1,31,2898.6838899360428
RL_Enhanced,10,50,3,1,32,2898.6838899360428
RL_Enhanced,10,50,3,1,33,2898.6838899360428
RL_Enhanced,10,50,3,1,34,2898.6838899360428
RL_Enhanced,10,50,3,1,35,2898.6838899360428
RL_Enhanced,10,50,3,1,36,2898.6838899360428
RL_Enhanced,10,50,3,1,37,2898.6838899360428
RL_Enhanced,10,50,3,1,38,2898.6838899360428
RL_Enhanced,10,50,3,1,39,2898.6838899360428
RL_Enhanced,10,50,3,1,40,2898.6838899360428
RL_Enhanced,10,50,3,1,41,2898.6838899360428
RL_Enhanced,10,50,3,1,42,2898.6838899360428
RL_Enhanced,10,50,3,1,43,2898.6838899360428
RL_Enhanced,10,50,3,1,44,2898.6838899360428
RL_Enhanced,10,50,3,1,45,2898.6838899360428
RL_Enhanced,10,50,3,1,46,2898.6838899360428
RL_Enhanced,10,50,3,1,47,2898.6838899360428
RL_Enhanced,10,50,3,1,48,2898.6838899360428
RL_Enhanced,10,50,3,1,49,2898.6838899360428
RL_Enhanced,10,50,3,1,50,2898.6838899360428
RL_Enhanced,10,50,3,1,51,2898.6838899360428
RL_Enhanced,10,50,3,1,52,2898.6838899360428
RL_Enhanced,10,50,3,1,53,2898.6838899360428
RL_Enhanced,10,50,3,1,54,2898.6838899360428
RL_Enhanced,10,50,3,1,55,2898.6838899360428
RL_Enhanced,10,50,3,1,56,2898.6838899360428
RL_Enhanced,10,50,3,1,57,2898.6838899360428
RL_Enhanced,10,50,3,1,58,2898.6838899360428
RL_Enhanced,10,50,3,1,59,2898.6838899360428
RL_Enhanced,10,50,3,1,60,2898.6838899360428
RL_Enhanced,10,50,3,1,61,2898.6838899360428
RL_Enhanced,10,50,3,1,62,2898.6838899360428
RL_Enhanced,10,50,3,1,63,2898.6838899360428
RL_Enhanced,10,50,3,1,64,2898.6838899360428
RL_Enhanced,10,50,3,1,65,2898.6838899360428
RL_Enhanced,10,50,3,1,66,2898.6838899360428
RL_Enhanced,10,50,3,1,67,2898.6838899360428
RL_Enhanced,10,50,3,1,68,2898.6838899360428
RL_Enhanced,10,50,3,1,69,2898.6838899360428
RL_Enhanced,10,50,3,1,70,2898.6838899360428
RL_Enhanced,10,50,3,1,71,2898.6838899360428
RL_Enhanced,10,50,3,1,72,2898.6838899360428
RL_Enhanced,10,50,3,1,73,2898.6838899360428
RL_Enhanced,10,50,3,1,74,2898.6838899360428
RL_Enhanced,10,50,3,1,75,2898.6838899360428
RL_Enhanced,10,50,3,1,76,2898.6838899360428
RL_Enhanced,10,50,3,1,77,2898.6838899360428
RL_Enhanced,10,50,3,1,78,2898.6838899360428
RL_Enhanced,10,50,3,1,79,2898.6838899360428
RL_Enhanced,10,50,3,1,80,2898.6838899360428
RL_Enhanced,10,50,3,1,81,2898.6838899360428
RL_Enhanced,10,50,3,1,82,2898.6838899360428
RL_Enhanced,10,50,3,1,83,2898.6838899360428
RL_Enhanced,10,50,3,1,84,2898.6838899360428
RL_Enhanced,10,50,3,1,85,2898.6838899360428
RL_Enhanced,10,50,3,1,86,2898.6838899360428
RL_Enhanced,10,50,3,1,87,2898.6838899360428
RL_Enhanced,10,50,3,1,88,2898.6838899360428
RL_Enhanced,10,50,3,1,89,2898.6838899360428
RL_Enhanced,10,50,3,1,90,2898.6838899360428
RL_Enhanced,10,50,3,1,91,2898.6838899360428
RL_Enhanced,10,50,3,1,92,2898.6838899360428
RL_Enhanced,10,50,3,1,93,2898.6838899360428
RL_Enhanced,10,50,3,1,94,2898.6838899360428
RL_Enhanced,10,50,3,1,95,2898.6838899360428
RL_Enhanced,10,50,3,1,96,2898.6838899360428
RL_Enhanced,10,50,3,1,97,2898.6838899360428
RL_Enhanced,10,50,3,1,98,2898.6838899360428
RL_Enhanced,10,50,3,1,99,2898.6838899360428
RL_Enhanced,10,50,3,1,100,2898.6838899360428
Random,10,50,3,2,1,inf
Random,10,50,3,2,2,4292.772284446118
Random,10,50,3,2,3,4292.772284446118
Random,10,50,3,2,4,4292.772284446118
Random,10,50,3,2,5,4292.772284446118
Random,10,50,3,2,6,3530.708510520185
Random,10,50,3,2,7,3530.708510520185
Random,10,50,3,2,8,3530.708510520185
Random,10,50,3,2,9,3530.708510520185
Random,10,50,3,2,10,3530.708510520185
Random,10,50,3,2,11,3530.708510520185
Random,10,50,3,2,12,3530.708510520185
Random,10,50,3,2,13,3530.708510520185
Random,10,50,3,2,14,3530.708510520185
Random,10,50,3,2,15,3530.708510520185
Random,10,50,3,2,16,3530.708510520185
Random,10,50,3,2,17,3530.708510520185
Random,10,50,3,2,18,3530.708510520185
Random,10,50,3,2,19,3530.708510520185
Random,10,50,3,2,20,3530.708510520185
Random,10,50,3,2,21,3530.708510520185
Random,10,50,3,2,22,3530.708510520185
Random,10,50,3,2,23,2802.5242118493356
Random,10,50,3,2,24,2802.5242118493356
Random,10,50,3,2,25,2802.5242118493356
Random,10,50,3,2,26,2802.5242118493356
Random,10,50,3,2,27,2802.5242118493356
Random,10,50,3,2,28,2802.5242118493356
Random,10,50,3,2,29,2802.5242118493356
Random,10,50,3,2,30,2802.5242118493356
Random,10,50,3,2,31,2802.5242118493356
Random,10,50,3,2,32,2802.5242118493356
Random,10,50,3,2,33,2802.5242118493356
Random,10,50,3,2,34,2802.5242118493356
Random,10,50,3,2,35,2802.5242118493356
Random,10,50,3,2,36,2802.5242118493356
Random,10,50,3,2,37,2802.5242118493356
Random,10,50,3,2,38,2802.5242118493356
Random,10,50,3,2,39,2802.5242118493356
Random,10,50,3,2,40,2802.5242118493356
Random,10,50,3,2,41,2802.5242118493356
Random,10,50,3,2,42,2802.5242118493356
Random,10,50,3,2,43,2802.5242118493356
Random,10,50,3,2,44,2802.5242118493356
Random,10,50,3,2,45,2802.5242118493356
Random,10,50,3,2,46,2676.452466433623
Random,10,50,3,2,47,2676.452466433623
Random,10,50,3,2,48,2676.452466433623
Random,10,50,3,2,49,2676.452466433623
Random,10,50,3,2,50,2676.452466433623
Random,10,50,3,2,51,2676.452466433623
Random,10,50,3,2,52,2676.452466433623
Random,10,50,3,2,53,2676.452466433623
Random,10,50,3,2,54,2676.452466433623
Random,10,50,3,2,55,2676.452466433623
Random,10,50,3,2,56,2676.452466433623
Random,10,50,3,2,57,2676.452466433623
Random,10,50,3,2,58,2676.452466433623
Random,10,50,3,2,59,2676.452466433623
Random,10,50,3,2,60,2676.452466433623
Random,10,50,3,2,61,2676.452466433623
Random,10,50,3,2,62,2676.452466433623
Random,10,50,3,2,63,2676.452466433623
Random,10,50,3,2,64,2676.452466433623
Random,10,50,3,2,65,2676.452466433623
Random,10,50,3,2,66,2676.452466433623
Random,10,50,3,2,67,2676.452466433623
Random,10,50,3,2,68,2676.452466433623
Random,10,50,3,2,69,2676.452466433623
Random,10,50,3,2,70,2676.452466433623
Random,10,50,3,2,71,2676.452466433623
Random,10,50,3,2,72,2676.452466433623
Random,10,50,3,2,73,2676.452466433623
Random,10,50,3,2,74,2676.452466433623
Random,10,50,3,2,75,2676.452466433623
Random,10,50,3,2,76,2676.452466433623
Random,10,50,3,2,77,2676.452466433623
Random,10,50,3,2,78,2676.452466433623
Random,10,50,3,2,79,2676.452466433623
Random,10,50,3,2,80,2676.452466433623
Random,10,50,3,2,81,2676.452466433623
Random,10,50,3,2,82,2676.452466433623
Random,10,50,3,2,83,2676.452466433623
Random,10,50,3,2,84,2676.452466433623
Random,10,50,3,2,85,2676.452466433623
Random,10,50,3,2,86,2676.452466433623
Random,10,50,3,2,87,2676.452466433623
Random,10,50,3,2,88,2676.452466433623
Random,10,50,3,2,89,2676.452466433623
Random,10,50,3,2,90,2676.452466433623
Random,10,50,3,2,91,2676.452466433623
Random,10,50,3,2,92,2676.452466433623
Random,10,50,3,2,93,2676.452466433623
Random,10,50,3,2,94,2676.452466433623
Random,10,50,3,2,95,2676.452466433623
Random,10,50,3,2,96,2676.452466433623
Random,10,50,3,2,97,2676.452466433623
Random,10,50,3,2,98,2676.452466433623
Random,10,50,3,2,99,2676.452466433623
Random,10,50,3,2,100,2676.452466433623
qLogEI,10,50,3,2,1,inf
qLogEI,10,50,3,2,2,4292.772284446118
qLogEI,10,50,3,2,3,4292.772284446118
qLogEI,10,50,3,2,4,4292.772284446118
qLogEI,10,50,3,2,5,4292.772284446118
qLogEI,10,50,3,2,6,3530.708510520185
qLogEI,10,50,3,2,7,3530.708510520185
qLogEI,10,50,3,2,8,3530.708510520185
qLogEI,10,50,3,2,9,3530.708510520185
qLogEI,10,50,3,2,10,3530.708510520185
qLogEI,10,50,3,2,11,3530.708510520185
qLogEI,10,50,3,2,12,3530.708510520185
qLogEI,10,50,3,2,13,3530.708510520185
qLogEI,10,50,3,2,14,3530.708510520185
qLogEI,10,50,3,2,15,3530.708510520185
qLogEI,10,50,3,2,16,3530.708510520185
qLogEI,10,50,3,2,17,3530.708510520185
qLogEI,10,50,3,2,18,3530.708510520185
qLogEI,10,50,3,2,19,3530.708510520185
qLogEI,10,50,3,2,20,3530.708510520185
qLogEI,10,50,3,2,21,3530.708510520185
qLogEI,10,50,3,2,22,3530.708510520185
qLogEI,10,50,3,2,23,3530.708510520185
qLogEI,10,50,3,2,24,3530.708510520185
qLogEI,10,50,3,2,25,3530.708510520185
qLogEI,10,50,3,2,26,3530.708510520185
qLogEI,10,50,3,2,27,3530.708510520185
qLogEI,10,50,3,2,28,3530.708510520185
qLogEI,10,50,3,2,29,3530.708510520185
qLogEI,10,50,3,2,30,3530.708510520185
qLogEI,10,50,3,2,31,3530.708510520185
qLogEI,10,50,3,2,32,3530.708510520185
qLogEI,10,50,3,2,33,3530.708510520185
qLogEI,10,50,3,2,34,3530.708510520185
qLogEI,10,50,3,2,35,3530.708510520185
qLogEI,10,50,3,2,36,3530.708510520185
qLogEI,10,50,3,2,37,3530.708510520185
qLogEI,10,50,3,2,38,3530.708510520185
qLogEI,10,50,3,2,39,2718.3866268145903
qLogEI,10,50,3,2,40,2718.3866268145903
qLogEI,10,50,3,2,41,2718.3866268145903
qLogEI,10,50,3,2,42,2718.3866268145903
qLogEI,10,50,3,2,43,2718.3866268145903
qLogEI,10,50,3,2,44,2718.3866268145903
qLogEI,10,50,3,2,45,2718.3866268145903
qLogEI,10,50,3,2,46,2718.3866268145903
qLogEI,10,50,3,2,47,2718.3866268145903
qLogEI,10,50,3,2,48,2718.3866268145903
qLogEI,10,50,3,2,49,2718.3866268145903
qLogEI,10,50,3,2,50,2718.3866268145903
qLogEI,10,50,3,2,51,2718.3866268145903
qLogEI,10,50,3,2,52,2718.3866268145903
qLogEI,10,50,3,2,53,2718.3866268145903
qLogEI,10,50,3,2,54,2718.3866268145903
qLogEI,10,50,3,2,55,2718.3866268145903
qLogEI,10,50,3,2,56,2718.3866268145903
qLogEI,10,50,3,2,57,2718.3866268145903
qLogEI,10,50,3,2,58,2718.3866268145903
qLogEI,10,50,3,2,59,2718.3866268145903
qLogEI,10,50,3,2,60,2718.3866268145903
qLogEI,10,50,3,2,61,2718.3866268145903
qLogEI,10,50,3,2,62,2718.3866268145903
qLogEI,10,50,3,2,63,2718.3866268145903
qLogEI,10,50,3,2,64,2718.3866268145903
qLogEI,10,50,3,2,65,2718.3866268145903
qLogEI,10,50,3,2,66,2718.3866268145903
qLogEI,10,50,3,2,67,2718.3866268145903
qLogEI,10,50,3,2,68,2718.3866268145903
qLogEI,10,50,3,2,69,2718.3866268145903
qLogEI,10,50,3,2,70,2718.3866268145903
qLogEI,10,50,3,2,71,1976.1873633412085
qLogEI,10,50,3,2,72,1976.1873633412085
qLogEI,10,50,3,2,73,1976.1873633412085
qLogEI,10,50,3,2,74,1976.1873633412085
qLogEI,10,50,3,2,75,1976.1873633412085
qLogEI,10,50,3,2,76,1976.1873633412085
qLogEI,10,50,3,2,77,1976.1873633412085
qLogEI,10,50,3,2,78,1976.1873633412085
qLogEI,10,50,3,2,79,1976.1873633412085
qLogEI,10,50,3,2,80,1976.1873633412085
qLogEI,10,50,3,2,81,1976.1873633412085
qLogEI,10,50,3,2,82,1976.1873633412085
qLogEI,10,50,3,2,83,1976.1873633412085
qLogEI,10,50,3,2,84,1976.1873633412085
qLogEI,10,50,3,2,85,1976.1873633412085
qLogEI,10,50,3,2,86,1647.1002139227983
qLogEI,10,50,3,2,87,1647.1002139227983
qLogEI,10,50,3,2,88,1647.1002139227983
qLogEI,10,50,3,2,89,1647.1002139227983
qLogEI,10,50,3,2,90,1647.1002139227983
qLogEI,10,50,3,2,91,1647.1002139227983
qLogEI,10,50,3,2,92,1647.1002139227983
qLogEI,10,50,3,2,93,1647.1002139227983
qLogEI,10,50,3,2,94,1647.1002139227983
qLogEI,10,50,3,2,95,1647.1002139227983
qLogEI,10,50,3,2,96,1647.1002139227983
qLogEI,10,50,3,2,97,1647.1002139227983
qLogEI,10,50,3,2,98,1647.1002139227983
qLogEI,10,50,3,2,99,1647.1002139227983
qLogEI,10,50,3,2,100,1647.1002139227983
RL_Enhanced,10,50,3,2,1,inf
RL_Enhanced,10,50,3,2,2,4292.772284446118
RL_Enhanced,10,50,3,2,3,4292.772284446118
RL_Enhanced,10,50,3,2,4,4292.772284446118
RL_Enhanced,10,50,3,2,5,4292.772284446118
RL_Enhanced,10,50,3,2,6,3530.708510520185
RL_Enhanced,10,50,3,2,7,3530.708510520185
RL_Enhanced,10,50,3,2,8,3530.708510520185
RL_Enhanced,10,50,3,2,9,3530.708510520185
RL_Enhanced,10,50,3,2,10,3530.708510520185
RL_Enhanced,10,50,3,2,11,3530.708510520185
RL_Enhanced,10,50,3,2,12,3530.708510520185
RL_Enhanced,10,50,3,2,13,3530.708510520185
RL_Enhanced,10,50,3,2,14,3530.708510520185
RL_Enhanced,10,50,3,2,15,3530.708510520185
RL_Enhanced,10,50,3,2,16,3530.708510520185
RL_Enhanced,10,50,3,2,17,3530.708510520185
RL_Enhanced,10,50,3,2,18,3530.708510520185
RL_Enhanced,10,50,3,2,19,3530.708510520185
RL_Enhanced,10,50,3,2,20,3530.708510520185
RL_Enhanced,10,50,3,2,21,3530.708510520185
RL_Enhanced,10,50,3,2,22,3530.708510520185
RL_Enhanced,10,50,3,2,23,3530.708510520185
RL_Enhanced,10,50,3,2,24,3530.708510520185
RL_Enhanced,10,50,3,2,25,3530.708510520185
RL_Enhanced,10,50,3,2,26,3530.708510520185
RL_Enhanced,10,50,3,2,27,3530.708510520185
RL_Enhanced,10,50,3,2,28,3530.708510520185
RL_Enhanced,10,50,3,2,29,3530.708510520185
RL_Enhanced,10,50,3,2,30,3530.708510520185
RL_Enhanced,10,50,3,2,31,3530.708510520185
RL_Enhanced,10,50,3,2,32,3530.708510520185
RL_Enhanced,10,50,3,2,33,3530.708510520185
RL_Enhanced,10,50,3,2,34,3530.708510520185
RL_Enhanced,10,50,3,2,35,3530.708510520185
RL_Enhanced,10,50,3,2,36,3530.708510520185
RL_Enhanced,10,50,3,2,37,3530.708510520185
RL_Enhanced,10,50,3,2,38,3530.708510520185
RL_Enhanced,10,50,3,2,39,3530.708510520185
RL_Enhanced,10,50,3,2,40,3530.708510520185
RL_Enhanced,10,50,3,2,41,3530.708510520185
RL_Enhanced,10,50,3,2,42,3530.708510520185
RL_Enhanced,10,50,3,2,43,3530.708510520185
RL_Enhanced,10,50,3,2,44,3530.708510520185
RL_Enhanced,10,50,3,2,45,3530.708510520185
RL_Enhanced,10,50,3,2,46,3530.708510520185
RL_Enhanced,10,50,3,2,47,3530.708510520185
RL_Enhanced,10,50,3,2,48,3530.708510520185
RL_Enhanced,10,50,3,2,49,3530.708510520185
RL_Enhanced,10,50,3,2,50,3530.708510520185
RL_Enhanced,10,50,3,2,51,3530.708510520185
RL_Enhanced,10,50,3,2,52,3530.708510520185
RL_Enhanced,10,50,3,2,53,3530.708510520185
RL_Enhanced,10,50,3,2,54,3530.708510520185
RL_Enhanced,10,50,3,2,55,3530.708510520185
RL_Enhanced,10,50,3,2,56,3530.708510520185
RL_Enhanced,10,50,3,2,57,3530.708510520185
RL_Enhanced,10,50,3,2,58,3530.708510520185
RL_Enhanced,10,50,3,2,59,3530.708510520185
RL_Enhanced,10,50,3,2,60,3530.708510520185
RL_Enhanced,10,50,3,2,61,3530.708510520185
RL_Enhanced,10,50,3,2,62,3530.708510520185
RL_Enhanced,10,50,3,2,63,3530.708510520185
RL_Enhanced,10,50,3,2,64,3530.708510520185
RL_Enhanced,10,50,3,2,65,3530.708510520185
RL_Enhanced,10,50,3,2,66,3530.708510520185
RL_Enhanced,10,50,3,2,67,3530.708510520185
RL_Enhanced,10,50,3,2,68,3530.708510520185
RL_Enhanced,10,50,3,2,69,3530.708510520185
RL_Enhanced,10,50,3,2,70,3530.708510520185
RL_Enhanced,10,50,3,2,71,3530.708510520185
RL_Enhanced,10,50,3,2,72,3530.708510520185
RL_Enhanced,10,50,3,2,73,3530.708510520185
RL_Enhanced,10,50,3,2,74,3530.708510520185
RL_Enhanced,10,50,3,2,75,3530.708510520185
RL_Enhanced,10,50,3,2,76,3530.708510520185
RL_Enhanced,10,50,3,2,77,3530.708510520185
RL_Enhanced,10,50,3,2,78,3530.708510520185
RL_Enhanced,10,50,3,2,79,3530.708510520185
RL_Enhanced,10,50,3,2,80,3530.708510520185
RL_Enhanced,10,50,3,2,81,3530.708510520185
RL_Enhanced,10,50,3,2,82,3530.708510520185
RL_Enhanced,10,50,3,2,83,3530.708510520185
RL_Enhanced,10,50,3,2,84,3530.708510520185
RL_Enhanced,10,50,3,2,85,3530.708510520185
RL_Enhanced,10,50,3,2,86,3530.708510520185
RL_Enhanced,10,50,3,2,87,3530.708510520185
RL_Enhanced,10,50,3,2,88,3530.708510520185
RL_Enhanced,10,50,3,2,89,3530.708510520185
RL_Enhanced,10,50,3,2,90,3530.708510520185
RL_Enhanced,10,50,3,2,91,3530.708510520185
RL_Enhanced,10,50,3,2,92,3530.708510520185
RL_Enhanced,10,50,3,2,93,3530.708510520185
RL_Enhanced,10,50,3,2,94,3530.708510520185
RL_Enhanced,10,50,3,2,95,3530.708510520185
RL_Enhanced,10,50,3,2,96,3530.708510520185
RL_Enhanced,10,50,3,2,97,3530.708510520185
RL_Enhanced,10,50,3,2,98,3530.708510520185
RL_Enhanced,10,50,3,2,99,3530.708510520185
RL_Enhanced,10,50,3,2,100,3530.708510520185
Random,10,50,3,3,1,inf
Random,10,50,3,3,2,inf
Random,10,50,3,3,3,4220.738812091011
Random,10,50,3,3,4,4220.738812091011
Random,10,50,3,3,5,3913.530692946033
Random,10,50,3,3,6,3913.530692946033
Random,10,50,3,3,7,3913.530692946033
Random,10,50,3,3,8,3913.530692946033
Random,10,50,3,3,9,3913.530692946033
Random,10,50,3,3,10,3913.530692946033
Random,10,50,3,3,11,3913.530692946033
Random,10,50,3,3,12,3913.530692946033
Random,10,50,3,3,13,3913.530692946033
Random,10,50,3,3,14,3913.530692946033
Random,10,50,3,3,15,3913.530692946033
Random,10,50,3,3,16,3913.530692946033
Random,10,50,3,3,17,3913.530692946033
Random,10,50,3,3,18,3913.530692946033
Random,10,50,3,3,19,3913.530692946033
Random,10,50,3,3,20,3913.530692946033
Random,10,50,3,3,21,3913.530692946033
Random,10,50,3,3,22,3913.530692946033
Random,10,50,3,3,23,3913.530692946033
Random,10,50,3,3,24,3913.530692946033
Random,10,50,3,3,25,3913.530692946033
Random,10,50,3,3,26,3232.978600424647
Random,10,50,3,3,27,3232.978600424647
Random,10,50,3,3,28,3232.978600424647
Random,10,50,3,3,29,3232.978600424647
Random,10,50,3,3,30,3232.978600424647
Random,10,50,3,3,31,3232.978600424647
Random,10,50,3,3,32,3232.978600424647
Random,10,50,3,3,33,3232.978600424647
Random,10,50,3,3,34,3232.978600424647
Random,10,50,3,3,35,3232.978600424647
Random,10,50,3,3,36,3232.978600424647
Random,10,50,3,3,37,3232.978600424647
Random,10,50,3,3,38,3232.978600424647
Random,10,50,3,3,39,3232.978600424647
Random,10,50,3,3,40,3232.978600424647
Random,10,50,3,3,41,3232.978600424647
Random,10,50,3,3,42,3232.978600424647
Random,10,50,3,3,43,3232.978600424647
Random,10,50,3,3,44,3232.978600424647
Random,10,50,3,3,45,3232.978600424647
Random,10,50,3,3,46,3232.978600424647
Random,10,50,3,3,47,3232.978600424647
Random,10,50,3,3,48,3232.978600424647
Random,10,50,3,3,49,3232.978600424647
Random,10,50,3,3,50,3232.978600424647
Random,10,50,3,3,51,3232.978600424647
Random,10,50,3,3,52,3232.978600424647
Random,10,50,3,3,53,3232.978600424647
Random,10,50,3,3,54,3232.978600424647
Random,10,50,3,3,55,3232.978600424647
Random,10,50,3,3,56,3232.978600424647
Random,10,50,3,3,57,3232.978600424647
Random,10,50,3,3,58,3232.978600424647
Random,10,50,3,3,59,3232.978600424647
Random,10,50,3,3,60,3232.978600424647
Random,10,50,3,3,61,3232.978600424647
Random,10,50,3,3,62,3232.978600424647
Random,10,50,3,3,63,3232.978600424647
Random,10,50,3,3,64,3232.978600424647
Random,10,50,3,3,65,3232.978600424647
Random,10,50,3,3,66,3232.978600424647
Random,10,50,3,3,67,3232.978600424647
Random,10,50,3,3,68,3232.978600424647
Random,10,50,3,3,69,3232.978600424647
Random,10,50,3,3,70,3232.978600424647
Random,10,50,3,3,71,3232.978600424647
Random,10,50,3,3,72,3232.978600424647
Random,10,50,3,3,73,3232.978600424647
Random,10,50,3,3,74,3232.978600424647
Random,10,50,3,3,75,3232.978600424647
Random,10,50,3,3,76,3232.978600424647
Random,10,50,3,3,77,3232.978600424647
Random,10,50,3,3,78,3232.978600424647
Random,10,50,3,3,79,3232.978600424647
Random,10,50,3,3,80,3232.978600424647
Random,10,50,3,3,81,3232.978600424647
Random,10,50,3,3,82,3232.978600424647
Random,10,50,3,3,83,3232.978600424647
Random,10,50,3,3,84,3232.978600424647
Random,10,50,3,3,85,3232.978600424647
Random,10,50,3,3,86,3232.978600424647
Random,10,50,3,3,87,3232.978600424647
Random,10,50,3,3,88,3232.978600424647
Random,10,50,3,3,89,3232.978600424647
Random,10,50,3,3,90,3232.978600424647
Random,10,50,3,3,91,3232.978600424647
Random,10,50,3,3,92,3232.978600424647
Random,10,50,3,3,93,3232.978600424647
Random,10,50,3,3,94,3232.978600424647
Random,10,50,3,3,95,3232.978600424647
Random,10,50,3,3,96,3232.978600424647
Random,10,50,3,3,97,3232.978600424647
Random,10,50,3,3,98,3232.978600424647
Random,10,50,3,3,99,3232.978600424647
Random,10,50,3,3,100,3232.978600424647
qLogEI,10,50,3,3,1,inf
qLogEI,10,50,3,3,2,inf
qLogEI,10,50,3,3,3,4220.738812091011
qLogEI,10,50,3,3,4,4220.738812091011
qLogEI,10,50,3,3,5,3913.530692946033
qLogEI,10,50,3,3,6,3913.530692946033
qLogEI,10,50,3,3,7,3913.530692946033
qLogEI,10,50,3,3,8,3913.530692946033
qLogEI,10,50,3,3,9,3913.530692946033
qLogEI,10,50,3,3,10,3913.530692946033
qLogEI,10,50,3,3,11,3913.530692946033
qLogEI,10,50,3,3,12,3913.530692946033
qLogEI,10,50,3,3,13,3913.530692946033
qLogEI,10,50,3,3,14,3913.530692946033
qLogEI,10,50,3,3,15,3913.530692946033
qLogEI,10,50,3,3,16,3913.530692946033
qLogEI,10,50,3,3,17,3913.530692946033
qLogEI,10,50,3,3,18,3913.530692946033
qLogEI,10,50,3,3,19,3913.530692946033
qLogEI,10,50,3,3,20,3913.530692946033
qLogEI,10,50,3,3,21,3913.530692946033
qLogEI,10,50,3,3,22,3913.530692946033
qLogEI,10,50,3,3,23,3913.530692946033
qLogEI,10,50,3,3,24,3913.530692946033
qLogEI,10,50,3,3,25,3913.530692946033
qLogEI,10,50,3,3,26,3913.530692946033
qLogEI,10,50,3,3,27,3913.530692946033
qLogEI,10,50,3,3,28,3913.530692946033
qLogEI,10,50,3,3,29,2257.97127525835
qLogEI,10,50,3,3,30,2257.97127525835
qLogEI,10,50,3,3,31,2257.97127525835
qLogEI,10,50,3,3,32,2257.97127525835
qLogEI,10,50,3,3,33,2257.97127525835
qLogEI,10,50,3,3,34,2252.0019047579726
qLogEI,10,50,3,3,35,2252.0019047579726
qLogEI,10,50,3,3,36,2252.0019047579726
qLogEI,10,50,3,3,37,2252.0019047579726
qLogEI,10,50,3,3,38,2252.0019047579726
qLogEI,10,50,3,3,39,1929.9414218638367
qLogEI,10,50,3,3,40,1929.9414218638367
qLogEI,10,50,3,3,41,1929.9414218638367
qLogEI,10,50,3,3,42,1929.9414218638367
qLogEI,10,50,3,3,43,1929.9414218638367
qLogEI,10,50,3,3,44,1929.9414218638367
qLogEI,10,50,3,3,45,1929.9414218638367
qLogEI,10,50,3,3,46,1929.9414218638367
qLogEI,10,50,3,3,47,1929.9414218638367
qLogEI,10,50,3,3,48,1929.9414218638367
qLogEI,10,50,3,3,49,1929.9414218638367
qLogEI,10,50,3,3,50,1929.9414218638367
qLogEI,10,50,3,3,51,1810.4572698580646
qLogEI,10,50,3,3,52,1810.4572698580646
qLogEI,10,50,3,3,53,1810.4572698580646
qLogEI,10,50,3,3,54,1810.4572698580646
qLogEI,10,50,3,3,55,1810.4572698580646
qLogEI,10,50,3,3,56,1810.4572698580646
qLogEI,10,50,3,3,57,1810.4572698580646
qLogEI,10,50,3,3,58,1810.4572698580646
qLogEI,10,50,3,3,59,1810.4572698580646
qLogEI,10,50,3,3,60,1810.4572698580646
qLogEI,10,50,3,3,61,1810.4572698580646
qLogEI,10,50,3,3,62,1810.4572698580646
qLogEI,10,50,3,3,63,1810.4572698580646
qLogEI,10,50,3,3,64,1810.4572698580646
qLogEI,10,50,3,3,65,1810.4572698580646
qLogEI,10,50,3,3,66,1810.4572698580646
qLogEI,10,50,3,3,67,1810.4572698580646
qLogEI,10,50,3,3,68,1810.4572698580646
qLogEI,10,50,3,3,69,1810.4572698580646
qLogEI,10,50,3,3,70,1810.4572698580646
qLogEI,10,50,3,3,71,1810.4572698580646
qLogEI,10,50,3,3,72,1745.165543771613
qLogEI,10,50,3,3,73,1745.165543771613
qLogEI,10,50,3,3,74,1643.8071054983875
qLogEI,10,50,3,3,75,1643.8071054983875
qLogEI,10,50,3,3,76,1643.8071054983875
qLogEI,10,50,3,3,77,1643.8071054983875
qLogEI,10,50,3,3,78,1643.8071054983875
qLogEI,10,50,3,3,79,1643.8071054983875
qLogEI,10,50,3,3,80,1308.8930263943466
qLogEI,10,50,3,3,81,1308.8930263943466
qLogEI,10,50,3,3,82,1308.8930263943466
qLogEI,10,50,3,3,83,1308.8930263943466
qLogEI,10,50,3,3,84,1308.8930263943466
qLogEI,10,50,3,3,85,1308.8930263943466
qLogEI,10,50,3,3,86,1308.8930263943466
qLogEI,10,50,3,3,87,1308.8930263943466
qLogEI,10,50,3,3,88,1308.8930263943466
qLogEI,10,50,3,3,89,1308.8930263943466
qLogEI,10,50,3,3,90,1308.8930263943466
qLogEI,10,50,3,3,91,1308.8930263943466
qLogEI,10,50,3,3,92,1308.8930263943466
qLogEI,10,50,3,3,93,1308.8930263943466
qLogEI,10,50,3,3,94,1308.8930263943466
qLogEI,10,50,3,3,95,1308.8930263943466
qLogEI,10,50,3,3,96,1308.8930263943466
qLogEI,10,50,3,3,97,1308.8930263943466
qLogEI,10,50,3,3,98,1308.8930263943466
qLogEI,10,50,3,3,99,1308.8930263943466
qLogEI,10,50,3,3,100,1308.8930263943466
RL_Enhanced,10,50,3,3,1,inf
RL_Enhanced,10,50,3,3,2,inf
RL_Enhanced,10,50,3,3,3,4220.738812091011
RL_Enhanced,10,50,3,3,4,4220.738812091011
RL_Enhanced,10,50,3,3,5,3913.530692946033
RL_Enhanced,10,50,3,3,6,3913.530692946033
RL_Enhanced,10,50,3,3,7,3913.530692946033
RL_Enhanced,10,50,3,3,8,3913.530692946033
RL_Enhanced,10,50,3,3,9,3913.530692946033
RL_Enhanced,10,50,3,3,10,3913.530692946033
RL_Enhanced,10,50,3,3,11,3913.530692946033
RL_Enhanced,10,50,3,3,12,3913.530692946033
RL_Enhanced,10,50,3,3,13,3913.530692946033
RL_Enhanced,10,50,3,3,14,3913.530692946033
RL_Enhanced,10,50,3,3,15,3913.530692946033
RL_Enhanced,10,50,3,3,16,3913.530692946033
RL_Enhanced,10,50,3,3,17,3913.530692946033
RL_Enhanced,10,50,3,3,18,3913.530692946033
RL_Enhanced,10,50,3,3,19,3913.530692946033
RL_Enhanced,10,50,3,3,20,3913.530692946033
RL_Enhanced,10,50,3,3,21,3913.530692946033
RL_Enhanced,10,50,3,3,22,3913.530692946033
RL_Enhanced,10,50,3,3,23,3913.530692946033
RL_Enhanced,10,50,3,3,24,3913.530692946033
RL_Enhanced,10,50,3,3,25,3913.530692946033
RL_Enhanced,10,50,3,3,26,3913.530692946033
RL_Enhanced,10,50,3,3,27,3913.530692946033
RL_Enhanced,10,50,3,3,28,3913.530692946033
RL_Enhanced,10,50,3,3,29,3913.530692946033
RL_Enhanced,10,50,3,3,30,3913.530692946033
RL_Enhanced,10,50,3,3,31,3913.530692946033
RL_Enhanced,10,50,3,3,32,3913.530692946033
RL_Enhanced,10,50,3,3,33,3913.530692946033
RL_Enhanced,10,50,3,3,34,3913.530692946033
RL_Enhanced,10,50,3,3,35,3913.530692946033
RL_Enhanced,10,50,3,3,36,3913.530692946033
RL_Enhanced,10,50,3,3,37,3913.530692946033
RL_Enhanced,10,50,3,3,38,3913.530692946033
RL_Enhanced,10,50,3,3,39,3913.530692946033
RL_Enhanced,10,50,3,3,40,3913.530692946033
RL_Enhanced,10,50,3,3,41,3913.530692946033
RL_Enhanced,10,50,3,3,42,3913.530692946033
RL_Enhanced,10,50,3,3,43,3913.530692946033
RL_Enhanced,10,50,3,3,44,3913.530692946033
RL_Enhanced,10,50,3,3,45,3913.530692946033
RL_Enhanced,10,50,3,3,46,3913.530692946033
RL_Enhanced,10,50,3,3,47,3913.530692946033
RL_Enhanced,10,50,3,3,48,3913.530692946033
RL_Enhanced,10,50,3,3,49,3913.530692946033
RL_Enhanced,10,50,3,3,50,3913.530692946033
RL_Enhanced,10,50,3,3,51,3913.530692946033
RL_Enhanced,10,50,3,3,52,3913.530692946033
RL_Enhanced,10,50,3,3,53,3913.530692946033
RL_Enhanced,10,50,3,3,54,3913.530692946033
RL_Enhanced,10,50,3,3,55,3913.530692946033
RL_Enhanced,10,50,3,3,56,3913.530692946033
RL_Enhanced,10,50,3,3,57,3913.530692946033
RL_Enhanced,10,50,3,3,58,3913.530692946033
RL_Enhanced,10,50,3,3,59,3913.530692946033
RL_Enhanced,10,50,3,3,60,3913.530692946033
RL_Enhanced,10,50,3,3,61,3913.530692946033
RL_Enhanced,10,50,3,3,62,3913.530692946033
RL_Enhanced,10,50,3,3,63,3913.530692946033
RL_Enhanced,10,50,3,3,64,3913.530692946033
RL_Enhanced,10,50,3,3,65,3913.530692946033
RL_Enhanced,10,50,3,3,66,3913.530692946033
RL_Enhanced,10,50,3,3,67,3913.530692946033
RL_Enhanced,10,50,3,3,68,3913.530692946033
RL_Enhanced,10,50,3,3,69,3913.530692946033
RL_Enhanced,10,50,3,3,70,3913.530692946033
RL_Enhanced,10,50,3,3,71,3913.530692946033
RL_Enhanced,10,50,3,3,72,3913.530692946033
RL_Enhanced,10,50,3,3,73,3913.530692946033
RL_Enhanced,10,50,3,3,74,3913.530692946033
RL_Enhanced,10,50,3,3,75,3913.530692946033
RL_Enhanced,10,50,3,3,76,3913.530692946033
RL_Enhanced,10,50,3,3,77,3913.530692946033
RL_Enhanced,10,50,3,3,78,3913.530692946033
RL_Enhanced,10,50,3,3,79,3913.530692946033
RL_Enhanced,10,50,3,3,80,3913.530692946033
RL_Enhanced,10,50,3,3,81,3913.530692946033
RL_Enhanced,10,50,3,3,82,3913.530692946033
RL_Enhanced,10,50,3,3,83,3913.530692946033
RL_Enhanced,10,50,3,3,84,3913.530692946033
RL_Enhanced,10,50,3,3,85,3913.530692946033
RL_Enhanced,10,50,3,3,86,3913.530692946033
RL_Enhanced,10,50,3,3,87,3913.530692946033
RL_Enhanced,10,50,3,3,88,3913.530692946033
RL_Enhanced,10,50,3,3,89,3913.530692946033
RL_Enhanced,10,50,3,3,90,3913.530692946033
RL_Enhanced,10,50,3,3,91,3913.530692946033
RL_Enhanced,10,50,3,3,92,3913.530692946033
RL_Enhanced,10,50,3,3,93,3913.530692946033
RL_Enhanced,10,50,3,3,94,3913.530692946033
RL_Enhanced,10,50,3,3,95,3913.530692946033
RL_Enhanced,10,50,3,3,96,3913.530692946033
RL_Enhanced,10,50,3,3,97,3913.530692946033
RL_Enhanced,10,50,3,3,98,3913.530692946033
RL_Enhanced,10,50,3,3,99,3913.530692946033
RL_Enhanced,10,50,3,3,100,3913.530692946033
Random,10,50,3,4,1,inf
Random,10,50,3,4,2,inf
Random,10,50,3,4,3,inf
Random,10,50,3,4,4,inf
Random,10,50,3,4,5,inf
Random,10,50,3,4,6,inf
Random,10,50,3,4,7,5848.147895064505
Random,10,50,3,4,8,5848.147895064505
Random,10,50,3,4,9,5848.147895064505
Random,10,50,3,4,10,5848.147895064505
Random,10,50,3,4,11,5848.147895064505
Random,10,50,3,4,12,5848.147895064505
Random,10,50,3,4,13,5848.147895064505
Random,10,50,3,4,14,5848.147895064505
Random,10,50,3,4,15,5848.147895064505
Random,10,50,3,4,16,5848.147895064505
Random,10,50,3,4,17,5848.147895064505
Random,10,50,3,4,18,5848.147895064505
Random,10,50,3,4,19,5848.147895064505
Random,10,50,3,4,20,5848.147895064505
Random,10,50,3,4,21,5848.147895064505
Random,10,50,3,4,22,5848.147895064505
Random,10,50,3,4,23,5848.147895064505
Random,10,50,3,4,24,5848.147895064505
Random,10,50,3,4,25,5848.147895064505
Random,10,50,3,4,26,5848.147895064505
Random,10,50,3,4,27,5848.147895064505
Random,10,50,3,4,28,5848.147895064505
Random,10,50,3,4,29,5848.147895064505
Random,10,50,3,4,30,5848.147895064505
Random,10,50,3,4,31,5848.147895064505
Random,10,50,3,4,32,5848.147895064505
Random,10,50,3,4,33,5655.724072606776
Random,10,50,3,4,34,5655.724072606776
Random,10,50,3,4,35,5655.724072606776
Random,10,50,3,4,36,4798.271550631039
Random,10,50,3,4,37,4798.271550631039
Random,10,50,3,4,38,4798.271550631039
Random,10,50,3,4,39,4798.271550631039
Random,10,50,3,4,40,4798.271550631039
Random,10,50,3,4,41,4798.271550631039
Random,10,50,3,4,42,4798.271550631039
Random,10,50,3,4,43,4798.271550631039
Random,10,50,3,4,44,4798.271550631039
Random,10,50,3,4,45,4798.271550631039
Random,10,50,3,4,46,4798.271550631039
Random,10,50,3,4,47,4798.271550631039
Random,10,50,3,4,48,2547.3439570856763
Random,10,50,3,4,49,2547.3439570856763
Random,10,50,3,4,50,2547.3439570856763
Random,10,50,3,4,51,2547.3439570856763
Random,10,50,3,4,52,2547.3439570856763
Random,10,50,3,4,53,2547.3439570856763
Random,10,50,3,4,54,2547.3439570856763
Random,10,50,3,4,55,2547.3439570856763
Random,10,50,3,4,56,2547.3439570856763
Random,10,50,3,4,57,2547.3439570856763
Random,10,50,3,4,58,2547.3439570856763
Random,10,50,3,4,59,2547.3439570856763
Random,10,50,3,4,60,2547.3439570856763
Random,10,50,3,4,61,2547.3439570856763
Random,10,50,3,4,62,2547.3439570856763
Random,10,50,3,4,63,2547.3439570856763
Random,10,50,3,4,64,2547.3439570856763
Random,10,50,3,4,65,2547.3439570856763
Random,10,50,3,4,66,2547.3439570856763
Random,10,50,3,4,67,2547.3439570856763
Random,10,50,3,4,68,2547.3439570856763
Random,10,50,3,4,69,2547.3439570856763
Random,10,50,3,4,70,2547.3439570856763
Random,10,50,3,4,71,2547.3439570856763
Random,10,50,3,4,72,2547.3439570856763
Random,10,50,3,4,73,2547.3439570856763
Random,10,50,3,4,74,2547.3439570856763
Random,10,50,3,4,75,2547.3439570856763
Random,10,50,3,4,76,2547.3439570856763
Random,10,50,3,4,77,2547.3439570856763
Random,10,50,3,4,78,2547.3439570856763
Random,10,50,3,4,79,2547.3439570856763
Random,10,50,3,4,80,2547.3439570856763
Random,10,50,3,4,81,2547.3439570856763
Random,10,50,3,4,82,2547.3439570856763
Random,10,50,3,4,83,2547.3439570856763
Random,10,50,3,4,84,2547.3439570856763
Random,10,50,3,4,85,2547.3439570856763
Random,10,50,3,4,86,2547.3439570856763
Random,10,50,3,4,87,2547.3439570856763
Random,10,50,3,4,88,2547.3439570856763
Random,10,50,3,4,89,2547.3439570856763
Random,10,50,3,4,90,2547.3439570856763
Random,10,50,3,4,91,2547.3439570856763
Random,10,50,3,4,92,2547.3439570856763
Random,10,50,3,4,93,2547.3439570856763
Random,10,50,3,4,94,2547.3439570856763
Random,10,50,3,4,95,2547.3439570856763
Random,10,50,3,4,96,2547.3439570856763
Random,10,50,3,4,97,2547.3439570856763
Random,10,50,3,4,98,2547.3439570856763
Random,10,50,3,4,99,2547.3439570856763
Random,10,50,3,4,100,2547.3439570856763
qLogEI,10,50,3,4,1,inf
qLogEI,10,50,3,4,2,inf
qLogEI,10,50,3,4,3,inf
qLogEI,10,50,3,4,4,inf
qLogEI,10,50,3,4,5,inf
qLogEI,10,50,3,4,6,inf
qLogEI,10,50,3,4,7,5848.147895064505
qLogEI,10,50,3,4,8,5848.147895064505
qLogEI,10,50,3,4,9,5848.147895064505
qLogEI,10,50,3,4,10,5848.147895064505
qLogEI,10,50,3,4,11,5848.147895064505
qLogEI,10,50,3,4,12,5848.147895064505
qLogEI,10,50,3,4,13,5848.147895064505
qLogEI,10,50,3,4,14,5848.147895064505
qLogEI,10,50,3,4,15,5848.147895064505
qLogEI,10,50,3,4,16,5848.147895064505
qLogEI,10,50,3,4,17,5848.147895064505
qLogEI,10,50,3,4,18,5848.147895064505
qLogEI,10,50,3,4,19,5848.147895064505
qLogEI,10,50,3,4,20,5848.147895064505
qLogEI,10,50,3,4,21,5848.147895064505
qLogEI,10,50,3,4,22,5848.147895064505
qLogEI,10,50,3,4,23,2327.215196385161
qLogEI,10,50,3,4,24,2327.215196385161
qLogEI,10,50,3,4,25,2327.215196385161
qLogEI,10,50,3,4,26,2327.215196385161
qLogEI,10,50,3,4,27,2327.215196385161
qLogEI,10,50,3,4,28,2327.215196385161
qLogEI,10,50,3,4,29,2327.215196385161
qLogEI,10,50,3,4,30,2327.215196385161
qLogEI,10,50,3,4,31,2327.215196385161
qLogEI,10,50,3,4,32,2327.215196385161
qLogEI,10,50,3,4,33,2327.215196385161
qLogEI,10,50,3,4,34,2327.215196385161
qLogEI,10,50,3,4,35,2327.215196385161
qLogEI,10,50,3,4,36,2327.215196385161
qLogEI,10,50,3,4,37,2327.215196385161
qLogEI,10,50,3,4,38,2327.215196385161
qLogEI,10,50,3,4,39,2327.215196385161
qLogEI,10,50,3,4,40,2327.215196385161
qLogEI,10,50,3,4,41,2327.215196385161
qLogEI,10,50,3,4,42,1773.2097146693222
qLogEI,10,50,3,4,43,1773.2097146693222
qLogEI,10,50,3,4,44,1773.2097146693222
qLogEI,10,50,3,4,45,1773.2097146693222
qLogEI,10,50,3,4,46,1773.2097146693222
qLogEI,10,50,3,4,47,1773.2097146693222
qLogEI,10,50,3,4,48,1773.2097146693222
qLogEI,10,50,3,4,49,1773.2097146693222
qLogEI,10,50,3,4,50,1773.2097146693222
qLogEI,10,50,3,4,51,1773.2097146693222
qLogEI,10,50,3,4,52,1662.1590175743202
qLogEI,10,50,3,4,53,1662.1590175743202
qLogEI,10,50,3,4,54,1662.1590175743202
qLogEI,10,50,3,4,55,1662.1590175743202
qLogEI,10,50,3,4,56,1662.1590175743202
qLogEI,10,50,3,4,57,1662.1590175743202
qLogEI,10,50,3,4,58,1662.1590175743202
qLogEI,10,50,3,4,59,1662.1590175743202
qLogEI,10,50,3,4,60,1662.1590175743202
qLogEI,10,50,3,4,61,1662.1590175743202
qLogEI,10,50,3,4,62,1662.1590175743202
qLogEI,10,50,3,4,63,1662.1590175743202
qLogEI,10,50,3,4,64,1662.1590175743202
qLogEI,10,50,3,4,65,1662.1590175743202
qLogEI,10,50,3,4,66,1662.1590175743202
qLogEI,10,50,3,4,67,1662.1590175743202
qLogEI,10,50,3,4,68,1662.1590175743202
qLogEI,10,50,3,4,69,1662.1590175743202
qLogEI,10,50,3,4,70,1662.1590175743202
qLogEI,10,50,3,4,71,1662.1590175743202
qLogEI,10,50,3,4,72,1662.1590175743202
qLogEI,10,50,3,4,73,1662.1590175743202
qLogEI,10,50,3,4,74,1662.1590175743202
qLogEI,10,50,3,4,75,1662.1590175743202
qLogEI,10,50,3,4,76,1662.1590175743202
qLogEI,10,50,3,4,77,1662.1590175743202
qLogEI,10,50,3,4,78,1662.1590175743202
qLogEI,10,50,3,4,79,1662.1590175743202
qLogEI,10,50,3,4,80,1662.1590175743202
qLogEI,10,50,3,4,81,1655.2465371228016
qLogEI,10,50,3,4,82,1655.2465371228016
qLogEI,10,50,3,4,83,1655.2465371228016
qLogEI,10,50,3,4,84,1655.2465371228016
qLogEI,10,50,3,4,85,1655.2465371228016
qLogEI,10,50,3,4,86,1655.2465371228016
qLogEI,10,50,3,4,87,1655.2465371228016
qLogEI,10,50,3,4,88,1655.2465371228016
qLogEI,10,50,3,4,89,1655.2465371228016
qLogEI,10,50,3,4,90,1655.2465371228016
qLogEI,10,50,3,4,91,1655.2465371228016
qLogEI,10,50,3,4,92,1655.2465371228016
qLogEI,10,50,3,4,93,1655.2465371228016
qLogEI,10,50,3,4,94,1655.2465371228016
qLogEI,10,50,3,4,95,1655.2465371228016
qLogEI,10,50,3,4,96,1655.2465371228016
qLogEI,10,50,3,4,97,1655.2465371228016
qLogEI,10,50,3,4,98,1655.2465371228016
qLogEI,10,50,3,4,99,1655.2465371228016
qLogEI,10,50,3,4,100,1655.2465371228016
RL_Enhanced,10,50,3,4,1,inf
RL_Enhanced,10,50,3,4,2,inf
RL_Enhanced,10,50,3,4,3,inf
RL_Enhanced,10,50,3,4,4,inf
RL_Enhanced,10,50,3,4,5,inf
RL_Enhanced,10,50,3,4,6,inf
RL_Enhanced,10,50,3,4,7,5848.147895064505
RL_Enhanced,10,50,3,4,8,5848.147895064505
RL_Enhanced,10,50,3,4,9,5848.147895064505
RL_Enhanced,10,50,3,4,10,5848.147895064505
RL_Enhanced,10,50,3,4,11,5848.147895064505
RL_Enhanced,10,50,3,4,12,5848.147895064505
RL_Enhanced,10,50,3,4,13,5848.147895064505
RL_Enhanced,10,50,3,4,14,5848.147895064505
RL_Enhanced,10,50,3,4,15,5848.147895064505
RL_Enhanced,10,50,3,4,16,5848.147895064505
RL_Enhanced,10,50,3,4,17,5848.147895064505
RL_Enhanced,10,50,3,4,18,5848.147895064505
RL_Enhanced,10,50,3,4,19,5848.147895064505
RL_Enhanced,10,50,3,4,20,5848.147895064505
RL_Enhanced,10,50,3,4,21,5745.353421960916
RL_Enhanced,10,50,3,4,22,5126.41494439183
RL_Enhanced,10,50,3,4,23,4959.616152455503
RL_Enhanced,10,50,3,4,24,4675.757155001253
RL_Enhanced,10,50,3,4,25,4675.757155001253
RL_Enhanced,10,50,3,4,26,4675.757155001253
RL_Enhanced,10,50,3,4,27,4675.757155001253
RL_Enhanced,10,50,3,4,28,4675.757155001253
RL_Enhanced,10,50,3,4,29,4675.757155001253
RL_Enhanced,10,50,3,4,30,4675.757155001253
RL_Enhanced,10,50,3,4,31,4675.757155001253
RL_Enhanced,10,50,3,4,32,4675.757155001253
RL_Enhanced,10,50,3,4,33,4675.757155001253
RL_Enhanced,10,50,3,4,34,4675.757155001253
RL_Enhanced,10,50,3,4,35,4675.757155001253
RL_Enhanced,10,50,3,4,36,4675.757155001253
RL_Enhanced,10,50,3,4,37,4675.757155001253
RL_Enhanced,10,50,3,4,38,4675.757155001253
RL_Enhanced,10,50,3,4,39,4675.757155001253
RL_Enhanced,10,50,3,4,40,4675.757155001253
RL_Enhanced,10,50,3,4,41,4675.757155001253
RL_Enhanced,10,50,3,4,42,4675.757155001253
RL_Enhanced,10,50,3,4,43,4675.757155001253
RL_Enhanced,10,50,3,4,44,4675.757155001253
RL_Enhanced,10,50,3,4,45,4675.757155001253
RL_Enhanced,10,50,3,4,46,4675.757155001253
RL_Enhanced,10,50,3,4,47,4675.757155001253
RL_Enhanced,10,50,3,4,48,4675.757155001253
RL_Enhanced,10,50,3,4,49,4675.757155001253
RL_Enhanced,10,50,3,4,50,4675.757155001253
RL_Enhanced,10,50,3,4,51,4675.757155001253
RL_Enhanced,10,50,3,4,52,4675.757155001253
RL_Enhanced,10,50,3,4,53,4675.757155001253
RL_Enhanced,10,50,3,4,54,4675.757155001253
RL_Enhanced,10,50,3,4,55,4675.757155001253
RL_Enhanced,10,50,3,4,56,4675.757155001253
RL_Enhanced,10,50,3,4,57,4675.757155001253
RL_Enhanced,10,50,3,4,58,4675.757155001253
RL_Enhanced,10,50,3,4,59,4675.757155001253
RL_Enhanced,10,50,3,4,60,4675.757155001253
RL_Enhanced,10,50,3,4,61,4675.757155001253
RL_Enhanced,10,50,3,4,62,4675.757155001253
RL_Enhanced,10,50,3,4,63,4675.757155001253
RL_Enhanced,10,50,3,4,64,4675.757155001253
RL_Enhanced,10,50,3,4,65,4675.757155001253
RL_Enhanced,10,50,3,4,66,4675.757155001253
RL_Enhanced,10,50,3,4,67,4675.757155001253
RL_Enhanced,10,50,3,4,68,4675.757155001253
RL_Enhanced,10,50,3,4,69,4675.757155001253
RL_Enhanced,10,50,3,4,70,4675.757155001253
RL_Enhanced,10,50,3,4,71,4675.757155001253
RL_Enhanced,10,50,3,4,72,4675.757155001253
RL_Enhanced,10,50,3,4,73,4675.757155001253
RL_Enhanced,10,50,3,4,74,4675.757155001253
RL_Enhanced,10,50,3,4,75,4675.757155001253
RL_Enhanced,10,50,3,4,76,4675.757155001253
RL_Enhanced,10,50,3,4,77,4675.757155001253
RL_Enhanced,10,50,3,4,78,4675.757155001253
RL_Enhanced,10,50,3,4,79,4675.757155001253
RL_Enhanced,10,50,3,4,80,4675.757155001253
RL_Enhanced,10,50,3,4,81,4675.757155001253
RL_Enhanced,10,50,3,4,82,4675.757155001253
RL_Enhanced,10,50,3,4,83,4675.757155001253
RL_Enhanced,10,50,3,4,84,4675.757155001253
RL_Enhanced,10,50,3,4,85,4675.757155001253
RL_Enhanced,10,50,3,4,86,4675.757155001253
RL_Enhanced,10,50,3,4,87,4675.757155001253
RL_Enhanced,10,50,3,4,88,4675.757155001253
RL_Enhanced,10,50,3,4,89,4675.757155001253
RL_Enhanced,10,50,3,4,90,4675.757155001253
RL_Enhanced,10,50,3,4,91,4675.757155001253
RL_Enhanced,10,50,3,4,92,4675.757155001253
RL_Enhanced,10,50,3,4,93,4675.757155001253
RL_Enhanced,10,50,3,4,94,4675.757155001253
RL_Enhanced,10,50,3,4,95,4675.757155001253
RL_Enhanced,10,50,3,4,96,4675.757155001253
RL_Enhanced,10,50,3,4,97,4675.757155001253
RL_Enhanced,10,50,3,4,98,4675.757155001253
RL_Enhanced,10,50,3,4,99,4675.757155001253
RL_Enhanced,10,50,3,4,100,4675.757155001253
Random,10,52,1,0,1,inf
Random,10,52,1,0,2,inf
Random,10,52,1,0,3,inf
Random,10,52,1,0,4,inf
Random,10,52,1,0,5,inf
Random,10,52,1,0,6,inf
Random,10,52,1,0,7,inf
Random,10,52,1,0,8,inf
Random,10,52,1,0,9,inf
Random,10,52,1,0,10,inf
Random,10,52,1,0,11,inf
Random,10,52,1,0,12,inf
Random,10,52,1,0,13,inf
Random,10,52,1,0,14,inf
Random,10,52,1,0,15,inf
Random,10,52,1,0,16,inf
Random,10,52,1,0,17,inf
Random,10,52,1,0,18,inf
Random,10,52,1,0,19,inf
Random,10,52,1,0,20,inf
Random,10,52,1,0,21,inf
Random,10,52,1,0,22,inf
Random,10,52,1,0,23,inf
Random,10,52,1,0,24,inf
Random,10,52,1,0,25,inf
Random,10,52,1,0,26,inf
Random,10,52,1,0,27,inf
Random,10,52,1,0,28,inf
Random,10,52,1,0,29,inf
Random,10,52,1,0,30,inf
Random,10,52,1,0,31,inf
Random,10,52,1,0,32,inf
Random,10,52,1,0,33,inf
Random,10,52,1,0,34,inf
Random,10,52,1,0,35,inf
Random,10,52,1,0,36,inf
Random,10,52,1,0,37,inf
Random,10,52,1,0,38,inf
Random,10,52,1,0,39,inf
Random,10,52,1,0,40,inf
Random,10,52,1,0,41,inf
Random,10,52,1,0,42,inf
Random,10,52,1,0,43,inf
Random,10,52,1,0,44,inf
Random,10,52,1,0,45,inf
Random,10,52,1,0,46,inf
Random,10,52,1,0,47,inf
Random,10,52,1,0,48,inf
Random,10,52,1,0,49,inf
Random,10,52,1,0,50,inf
Random,10,52,1,0,51,inf
Random,10,52,1,0,52,inf
Random,10,52,1,0,53,inf
Random,10,52,1,0,54,inf
Random,10,52,1,0,55,inf
Random,10,52,1,0,56,inf
Random,10,52,1,0,57,inf
Random,10,52,1,0,58,inf
Random,10,52,1,0,59,inf
Random,10,52,1,0,60,inf
Random,10,52,1,0,61,inf
Random,10,52,1,0,62,inf
Random,10,52,1,0,63,inf
Random,10,52,1,0,64,inf
Random,10,52,1,0,65,inf
Random,10,52,1,0,66,inf
Random,10,52,1,0,67,inf
Random,10,52,1,0,68,inf
Random,10,52,1,0,69,inf
Random,10,52,1,0,70,inf
Random,10,52,1,0,71,inf
Random,10,52,1,0,72,inf
Random,10,52,1,0,73,inf
Random,10,52,1,0,74,inf
Random,10,52,1,0,75,inf
Random,10,52,1,0,76,inf
Random,10,52,1,0,77,inf
Random,10,52,1,0,78,inf
Random,10,52,1,0,79,inf
Random,10,52,1,0,80,inf
Random,10,52,1,0,81,inf
Random,10,52,1,0,82,inf
Random,10,52,1,0,83,inf
Random,10,52,1,0,84,inf
Random,10,52,1,0,85,inf
Random,10,52,1,0,86,inf
Random,10,52,1,0,87,inf
Random,10,52,1,0,88,inf
Random,10,52,1,0,89,inf
Random,10,52,1,0,90,inf
Random,10,52,1,0,91,inf
Random,10,52,1,0,92,inf
Random,10,52,1,0,93,inf
Random,10,52,1,0,94,inf
Random,10,52,1,0,95,inf
Random,10,52,1,0,96,inf
Random,10,52,1,0,97,inf
Random,10,52,1,0,98,inf
Random,10,52,1,0,99,inf
Random,10,52,1,0,100,inf
qLogEI,10,52,1,0,1,inf
qLogEI,10,52,1,0,2,inf
qLogEI,10,52,1,0,3,inf
qLogEI,10,52,1,0,4,inf
qLogEI,10,52,1,0,5,inf
qLogEI,10,52,1,0,6,inf
qLogEI,10,52,1,0,7,inf
qLogEI,10,52,1,0,8,inf
qLogEI,10,52,1,0,9,inf
qLogEI,10,52,1,0,10,inf
qLogEI,10,52,1,0,11,inf
qLogEI,10,52,1,0,12,inf
qLogEI,10,52,1,0,13,inf
qLogEI,10,52,1,0,14,inf
qLogEI,10,52,1,0,15,inf
qLogEI,10,52,1,0,16,inf
qLogEI,10,52,1,0,17,inf
qLogEI,10,52,1,0,18,inf
qLogEI,10,52,1,0,19,inf
qLogEI,10,52,1,0,20,inf
qLogEI,10,52,1,0,21,inf
qLogEI,10,52,1,0,22,inf
qLogEI,10,52,1,0,23,inf
qLogEI,10,52,1,0,24,inf
qLogEI,10,52,1,0,25,inf
qLogEI,10,52,1,0,26,inf
qLogEI,10,52,1,0,27,inf
qLogEI,10,52,1,0,28,inf
qLogEI,10,52,1,0,29,inf
qLogEI,10,52,1,0,30,inf
qLogEI,10,52,1,0,31,inf
qLogEI,10,52,1,0,32,inf
qLogEI,10,52,1,0,33,inf
qLogEI,10,52,1,0,34,inf
qLogEI,10,52,1,0,35,inf
qLogEI,10,52,1,0,36,inf
qLogEI,10,52,1,0,37,inf
qLogEI,10,52,1,0,38,inf
qLogEI,10,52,1,0,39,inf
qLogEI,10,52,1,0,40,inf
qLogEI,10,52,1,0,41,inf
qLogEI,10,52,1,0,42,inf
qLogEI,10,52,1,0,43,inf
qLogEI,10,52,1,0,44,inf
qLogEI,10,52,1,0,45,inf
qLogEI,10,52,1,0,46,inf
qLogEI,10,52,1,0,47,inf
qLogEI,10,52,1,0,48,inf
qLogEI,10,52,1,0,49,inf
qLogEI,10,52,1,0,50,inf
qLogEI,10,52,1,0,51,inf
qLogEI,10,52,1,0,52,inf
qLogEI,10,52,1,0,53,inf
qLogEI,10,52,1,0,54,inf
qLogEI,10,52,1,0,55,inf
qLogEI,10,52,1,0,56,inf
qLogEI,10,52,1,0,57,inf
qLogEI,10,52,1,0,58,inf
qLogEI,10,52,1,0,59,inf
qLogEI,10,52,1,0,60,inf
qLogEI,10,52,1,0,61,inf
qLogEI,10,52,1,0,62,inf
qLogEI,10,52,1,0,63,inf
qLogEI,10,52,1,0,64,inf
qLogEI,10,52,1,0,65,inf
qLogEI,10,52,1,0,66,inf
qLogEI,10,52,1,0,67,inf
qLogEI,10,52,1,0,68,inf
qLogEI,10,52,1,0,69,inf
qLogEI,10,52,1,0,70,inf
qLogEI,10,52,1,0,71,inf
qLogEI,10,52,1,0,72,inf
qLogEI,10,52,1,0,73,inf
qLogEI,10,52,1,0,74,inf
qLogEI,10,52,1,0,75,inf
qLogEI,10,52,1,0,76,inf
qLogEI,10,52,1,0,77,inf
qLogEI,10,52,1,0,78,inf
qLogEI,10,52,1,0,79,inf
qLogEI,10,52,1,0,80,inf
qLogEI,10,52,1,0,81,inf
qLogEI,10,52,1,0,82,inf
qLogEI,10,52,1,0,83,inf
qLogEI,10,52,1,0,84,inf
qLogEI,10,52,1,0,85,inf
qLogEI,10,52,1,0,86,inf
qLogEI,10,52,1,0,87,inf
qLogEI,10,52,1,0,88,inf
qLogEI,10,52,1,0,89,inf
qLogEI,10,52,1,0,90,inf
qLogEI,10,52,1,0,91,inf
qLogEI,10,52,1,0,92,inf
qLogEI,10,52,1,0,93,inf
qLogEI,10,52,1,0,94,inf
qLogEI,10,52,1,0,95,inf
qLogEI,10,52,1,0,96,inf
qLogEI,10,52,1,0,97,inf
qLogEI,10,52,1,0,98,inf
qLogEI,10,52,1,0,99,inf
qLogEI,10,52,1,0,100,inf
RL_Enhanced,10,52,1,0,1,inf
RL_Enhanced,10,52,1,0,2,inf
RL_Enhanced,10,52,1,0,3,inf
RL_Enhanced,10,52,1,0,4,inf
RL_Enhanced,10,52,1,0,5,inf
RL_Enhanced,10,52,1,0,6,inf
RL_Enhanced,10,52,1,0,7,inf
RL_Enhanced,10,52,1,0,8,inf
RL_Enhanced,10,52,1,0,9,inf
RL_Enhanced,10,52,1,0,10,inf
RL_Enhanced,10,52,1,0,11,inf
RL_Enhanced,10,52,1,0,12,inf
RL_Enhanced,10,52,1,0,13,inf
RL_Enhanced,10,52,1,0,14,inf
RL_Enhanced,10,52,1,0,15,inf
RL_Enhanced,10,52,1,0,16,inf
RL_Enhanced,10,52,1,0,17,inf
RL_Enhanced,10,52,1,0,18,inf
RL_Enhanced,10,52,1,0,19,inf
RL_Enhanced,10,52,1,0,20,inf
RL_Enhanced,10,52,1,0,21,inf
RL_Enhanced,10,52,1,0,22,inf
RL_Enhanced,10,52,1,0,23,inf
RL_Enhanced,10,52,1,0,24,inf
RL_Enhanced,10,52,1,0,25,inf
RL_Enhanced,10,52,1,0,26,inf
RL_Enhanced,10,52,1,0,27,inf
RL_Enhanced,10,52,1,0,28,inf
RL_Enhanced,10,52,1,0,29,inf
RL_Enhanced,10,52,1,0,30,inf
RL_Enhanced,10,52,1,0,31,inf
RL_Enhanced,10,52,1,0,32,inf
RL_Enhanced,10,52,1,0,33,inf
RL_Enhanced,10,52,1,0,34,inf
RL_Enhanced,10,52,1,0,35,inf
RL_Enhanced,10,52,1,0,36,inf
RL_Enhanced,10,52,1,0,37,inf
RL_Enhanced,10,52,1,0,38,inf
RL_Enhanced,10,52,1,0,39,inf
RL_Enhanced,10,52,1,0,40,inf
RL_Enhanced,10,52,1,0,41,inf
RL_Enhanced,10,52,1,0,42,inf
RL_Enhanced,10,52,1,0,43,inf
RL_Enhanced,10,52,1,0,44,inf
RL_Enhanced,10,52,1,0,45,inf
RL_Enhanced,10,52,1,0,46,inf
RL_Enhanced,10,52,1,0,47,inf
RL_Enhanced,10,52,1,0,48,inf
RL_Enhanced,10,52,1,0,49,inf
RL_Enhanced,10,52,1,0,50,inf
RL_Enhanced,10,52,1,0,51,inf
RL_Enhanced,10,52,1,0,52,inf
RL_Enhanced,10,52,1,0,53,inf
RL_Enhanced,10,52,1,0,54,inf
RL_Enhanced,10,52,1,0,55,inf
RL_Enhanced,10,52,1,0,56,inf
RL_Enhanced,10,52,1,0,57,inf
RL_Enhanced,10,52,1,0,58,inf
RL_Enhanced,10,52,1,0,59,inf
RL_Enhanced,10,52,1,0,60,inf
RL_Enhanced,10,52,1,0,61,inf
RL_Enhanced,10,52,1,0,62,inf
RL_Enhanced,10,52,1,0,63,inf
RL_Enhanced,10,52,1,0,64,inf
RL_Enhanced,10,52,1,0,65,inf
RL_Enhanced,10,52,1,0,66,inf
RL_Enhanced,10,52,1,0,67,inf
RL_Enhanced,10,52,1,0,68,inf
RL_Enhanced,10,52,1,0,69,inf
RL_Enhanced,10,52,1,0,70,inf
RL_Enhanced,10,52,1,0,71,inf
RL_Enhanced,10,52,1,0,72,inf
RL_Enhanced,10,52,1,0,73,inf
RL_Enhanced,10,52,1,0,74,inf
RL_Enhanced,10,52,1,0,75,inf
RL_Enhanced,10,52,1,0,76,inf
RL_Enhanced,10,52,1,0,77,inf
RL_Enhanced,10,52,1,0,78,inf
RL_Enhanced,10,52,1,0,79,inf
RL_Enhanced,10,52,1,0,80,inf
RL_Enhanced,10,52,1,0,81,inf
RL_Enhanced,10,52,1,0,82,inf
RL_Enhanced,10,52,1,0,83,inf
RL_Enhanced,10,52,1,0,84,inf
RL_Enhanced,10,52,1,0,85,inf
RL_Enhanced,10,52,1,0,86,inf
RL_Enhanced,10,52,1,0,87,inf
RL_Enhanced,10,52,1,0,88,inf
RL_Enhanced,10,52,1,0,89,inf
RL_Enhanced,10,52,1,0,90,inf
RL_Enhanced,10,52,1,0,91,inf
RL_Enhanced,10,52,1,0,92,inf
RL_Enhanced,10,52,1,0,93,inf
RL_Enhanced,10,52,1,0,94,inf
RL_Enhanced,10,52,1,0,95,inf
RL_Enhanced,10,52,1,0,96,inf
RL_Enhanced,10,52,1,0,97,inf
RL_Enhanced,10,52,1,0,98,inf
RL_Enhanced,10,52,1,0,99,inf
RL_Enhanced,10,52,1,0,100,inf
Random,10,52,1,1,1,inf
Random,10,52,1,1,2,inf
Random,10,52,1,1,3,inf
Random,10,52,1,1,4,inf
Random,10,52,1,1,5,inf
Random,10,52,1,1,6,inf
Random,10,52,1,1,7,inf
Random,10,52,1,1,8,inf
Random,10,52,1,1,9,inf
Random,10,52,1,1,10,inf
Random,10,52,1,1,11,inf
Random,10,52,1,1,12,inf
Random,10,52,1,1,13,inf
Random,10,52,1,1,14,inf
Random,10,52,1,1,15,inf
Random,10,52,1,1,16,inf
Random,10,52,1,1,17,inf
Random,10,52,1,1,18,inf
Random,10,52,1,1,19,inf
Random,10,52,1,1,20,inf
Random,10,52,1,1,21,inf
Random,10,52,1,1,22,inf
Random,10,52,1,1,23,inf
Random,10,52,1,1,24,inf
Random,10,52,1,1,25,inf
Random,10,52,1,1,26,inf
Random,10,52,1,1,27,inf
Random,10,52,1,1,28,inf
Random,10,52,1,1,29,inf
Random,10,52,1,1,30,inf
Random,10,52,1,1,31,inf
Random,10,52,1,1,32,inf
Random,10,52,1,1,33,inf
Random,10,52,1,1,34,inf
Random,10,52,1,1,35,inf
Random,10,52,1,1,36,inf
Random,10,52,1,1,37,inf
Random,10,52,1,1,38,inf
Random,10,52,1,1,39,inf
Random,10,52,1,1,40,inf
Random,10,52,1,1,41,inf
Random,10,52,1,1,42,inf
Random,10,52,1,1,43,inf
Random,10,52,1,1,44,inf
Random,10,52,1,1,45,inf
Random,10,52,1,1,46,inf
Random,10,52,1,1,47,inf
Random,10,52,1,1,48,inf
Random,10,52,1,1,49,inf
Random,10,52,1,1,50,inf
Random,10,52,1,1,51,inf
Random,10,52,1,1,52,inf
Random,10,52,1,1,53,inf
Random,10,52,1,1,54,inf
Random,10,52,1,1,55,inf
Random,10,52,1,1,56,inf
Random,10,52,1,1,57,inf
Random,10,52,1,1,58,inf
Random,10,52,1,1,59,inf
Random,10,52,1,1,60,inf
Random,10,52,1,1,61,inf
Random,10,52,1,1,62,inf
Random,10,52,1,1,63,inf
Random,10,52,1,1,64,inf
Random,10,52,1,1,65,inf
Random,10,52,1,1,66,inf
Random,10,52,1,1,67,inf
Random,10,52,1,1,68,inf
Random,10,52,1,1,69,inf
Random,10,52,1,1,70,inf
Random,10,52,1,1,71,inf
Random,10,52,1,1,72,inf
Random,10,52,1,1,73,inf
Random,10,52,1,1,74,inf
Random,10,52,1,1,75,inf
Random,10,52,1,1,76,inf
Random,10,52,1,1,77,inf
Random,10,52,1,1,78,inf
Random,10,52,1,1,79,inf
Random,10,52,1,1,80,inf
Random,10,52,1,1,81,inf
Random,10,52,1,1,82,inf
Random,10,52,1,1,83,inf
Random,10,52,1,1,84,inf
Random,10,52,1,1,85,inf
Random,10,52,1,1,86,inf
Random,10,52,1,1,87,inf
Random,10,52,1,1,88,inf
Random,10,52,1,1,89,inf
Random,10,52,1,1,90,inf
Random,10,52,1,1,91,inf
Random,10,52,1,1,92,inf
Random,10,52,1,1,93,inf
Random,10,52,1,1,94,inf
Random,10,52,1,1,95,inf
Random,10,52,1,1,96,inf
Random,10,52,1,1,97,inf
Random,10,52,1,1,98,inf
Random,10,52,1,1,99,inf
Random,10,52,1,1,100,inf
qLogEI,10,52,1,1,1,inf
qLogEI,10,52,1,1,2,inf
qLogEI,10,52,1,1,3,inf
qLogEI,10,52,1,1,4,inf
qLogEI,10,52,1,1,5,inf
qLogEI,10,52,1,1,6,inf
qLogEI,10,52,1,1,7,inf
qLogEI,10,52,1,1,8,inf
qLogEI,10,52,1,1,9,inf
qLogEI,10,52,1,1,10,inf
qLogEI,10,52,1,1,11,inf
qLogEI,10,52,1,1,12,inf
qLogEI,10,52,1,1,13,inf
qLogEI,10,52,1,1,14,inf
qLogEI,10,52,1,1,15,inf
qLogEI,10,52,1,1,16,inf
qLogEI,10,52,1,1,17,inf
qLogEI,10,52,1,1,18,inf
qLogEI,10,52,1,1,19,inf
qLogEI,10,52,1,1,20,inf
qLogEI,10,52,1,1,21,inf
qLogEI,10,52,1,1,22,inf
qLogEI,10,52,1,1,23,inf
qLogEI,10,52,1,1,24,inf
qLogEI,10,52,1,1,25,inf
qLogEI,10,52,1,1,26,inf
qLogEI,10,52,1,1,27,inf
qLogEI,10,52,1,1,28,inf
qLogEI,10,52,1,1,29,inf
qLogEI,10,52,1,1,30,inf
qLogEI,10,52,1,1,31,inf
qLogEI,10,52,1,1,32,inf
qLogEI,10,52,1,1,33,inf
qLogEI,10,52,1,1,34,inf
qLogEI,10,52,1,1,35,inf
qLogEI,10,52,1,1,36,inf
qLogEI,10,52,1,1,37,inf
qLogEI,10,52,1,1,38,inf
qLogEI,10,52,1,1,39,inf
qLogEI,10,52,1,1,40,inf
qLogEI,10,52,1,1,41,inf
qLogEI,10,52,1,1,42,inf
qLogEI,10,52,1,1,43,inf
qLogEI,10,52,1,1,44,inf
qLogEI,10,52,1,1,45,inf
qLogEI,10,52,1,1,46,inf
qLogEI,10,52,1,1,47,inf
qLogEI,10,52,1,1,48,inf
qLogEI,10,52,1,1,49,inf
qLogEI,10,52,1,1,50,inf
qLogEI,10,52,1,1,51,inf
qLogEI,10,52,1,1,52,inf
qLogEI,10,52,1,1,53,inf
qLogEI,10,52,1,1,54,inf
qLogEI,10,52,1,1,55,inf
qLogEI,10,52,1,1,56,inf
qLogEI,10,52,1,1,57,inf
qLogEI,10,52,1,1,58,inf
qLogEI,10,52,1,1,59,inf
qLogEI,10,52,1,1,60,inf
qLogEI,10,52,1,1,61,inf
qLogEI,10,52,1,1,62,inf
qLogEI,10,52,1,1,63,inf
qLogEI,10,52,1,1,64,inf
qLogEI,10,52,1,1,65,inf
qLogEI,10,52,1,1,66,inf
qLogEI,10,52,1,1,67,inf
qLogEI,10,52,1,1,68,inf
qLogEI,10,52,1,1,69,inf
qLogEI,10,52,1,1,70,inf
qLogEI,10,52,1,1,71,inf
qLogEI,10,52,1,1,72,inf
qLogEI,10,52,1,1,73,inf
qLogEI,10,52,1,1,74,inf
qLogEI,10,52,1,1,75,inf
qLogEI,10,52,1,1,76,inf
qLogEI,10,52,1,1,77,inf
qLogEI,10,52,1,1,78,inf
qLogEI,10,52,1,1,79,inf
qLogEI,10,52,1,1,80,inf
qLogEI,10,52,1,1,81,inf
qLogEI,10,52,1,1,82,inf
qLogEI,10,52,1,1,83,inf
qLogEI,10,52,1,1,84,inf
qLogEI,10,52,1,1,85,inf
qLogEI,10,52,1,1,86,inf
qLogEI,10,52,1,1,87,inf
qLogEI,10,52,1,1,88,inf
qLogEI,10,52,1,1,89,inf
qLogEI,10,52,1,1,90,inf
qLogEI,10,52,1,1,91,inf
qLogEI,10,52,1,1,92,inf
qLogEI,10,52,1,1,93,inf
qLogEI,10,52,1,1,94,inf
qLogEI,10,52,1,1,95,inf
qLogEI,10,52,1,1,96,inf
qLogEI,10,52,1,1,97,inf
qLogEI,10,52,1,1,98,inf
qLogEI,10,52,1,1,99,inf
qLogEI,10,52,1,1,100,inf
RL_Enhanced,10,52,1,1,1,inf
RL_Enhanced,10,52,1,1,2,inf
RL_Enhanced,10,52,1,1,3,inf
RL_Enhanced,10,52,1,1,4,inf
RL_Enhanced,10,52,1,1,5,inf
RL_Enhanced,10,52,1,1,6,inf
RL_Enhanced,10,52,1,1,7,inf
RL_Enhanced,10,52,1,1,8,inf
RL_Enhanced,10,52,1,1,9,inf
RL_Enhanced,10,52,1,1,10,inf
RL_Enhanced,10,52,1,1,11,inf
RL_Enhanced,10,52,1,1,12,inf
RL_Enhanced,10,52,1,1,13,inf
RL_Enhanced,10,52,1,1,14,inf
RL_Enhanced,10,52,1,1,15,inf
RL_Enhanced,10,52,1,1,16,inf
RL_Enhanced,10,52,1,1,17,inf
RL_Enhanced,10,52,1,1,18,inf
RL_Enhanced,10,52,1,1,19,inf
RL_Enhanced,10,52,1,1,20,inf
RL_Enhanced,10,52,1,1,21,inf
RL_Enhanced,10,52,1,1,22,inf
RL_Enhanced,10,52,1,1,23,inf
RL_Enhanced,10,52,1,1,24,inf
RL_Enhanced,10,52,1,1,25,inf
RL_Enhanced,10,52,1,1,26,inf
RL_Enhanced,10,52,1,1,27,inf
RL_Enhanced,10,52,1,1,28,inf
RL_Enhanced,10,52,1,1,29,inf
RL_Enhanced,10,52,1,1,30,inf
RL_Enhanced,10,52,1,1,31,inf
RL_Enhanced,10,52,1,1,32,inf
RL_Enhanced,10,52,1,1,33,inf
RL_Enhanced,10,52,1,1,34,inf
RL_Enhanced,10,52,1,1,35,inf
RL_Enhanced,10,52,1,1,36,inf
RL_Enhanced,10,52,1,1,37,inf
RL_Enhanced,10,52,1,1,38,inf
RL_Enhanced,10,52,1,1,39,inf
RL_Enhanced,10,52,1,1,40,inf
RL_Enhanced,10,52,1,1,41,inf
RL_Enhanced,10,52,1,1,42,inf
RL_Enhanced,10,52,1,1,43,inf
RL_Enhanced,10,52,1,1,44,inf
RL_Enhanced,10,52,1,1,45,inf
RL_Enhanced,10,52,1,1,46,inf
RL_Enhanced,10,52,1,1,47,inf
RL_Enhanced,10,52,1,1,48,inf
RL_Enhanced,10,52,1,1,49,inf
RL_Enhanced,10,52,1,1,50,inf
RL_Enhanced,10,52,1,1,51,inf
RL_Enhanced,10,52,1,1,52,inf
RL_Enhanced,10,52,1,1,53,inf
RL_Enhanced,10,52,1,1,54,inf
RL_Enhanced,10,52,1,1,55,inf
RL_Enhanced,10,52,1,1,56,inf
RL_Enhanced,10,52,1,1,57,inf
RL_Enhanced,10,52,1,1,58,inf
RL_Enhanced,10,52,1,1,59,inf
RL_Enhanced,10,52,1,1,60,inf
RL_Enhanced,10,52,1,1,61,inf
RL_Enhanced,10,52,1,1,62,inf
RL_Enhanced,10,52,1,1,63,inf
RL_Enhanced,10,52,1,1,64,inf
RL_Enhanced,10,52,1,1,65,inf
RL_Enhanced,10,52,1,1,66,inf
RL_Enhanced,10,52,1,1,67,inf
RL_Enhanced,10,52,1,1,68,inf
RL_Enhanced,10,52,1,1,69,inf
RL_Enhanced,10,52,1,1,70,inf
RL_Enhanced,10,52,1,1,71,inf
RL_Enhanced,10,52,1,1,72,inf
RL_Enhanced,10,52,1,1,73,inf
RL_Enhanced,10,52,1,1,74,inf
RL_Enhanced,10,52,1,1,75,inf
RL_Enhanced,10,52,1,1,76,inf
RL_Enhanced,10,52,1,1,77,inf
RL_Enhanced,10,52,1,1,78,inf
RL_Enhanced,10,52,1,1,79,inf
RL_Enhanced,10,52,1,1,80,inf
RL_Enhanced,10,52,1,1,81,inf
RL_Enhanced,10,52,1,1,82,inf
RL_Enhanced,10,52,1,1,83,inf
RL_Enhanced,10,52,1,1,84,inf
RL_Enhanced,10,52,1,1,85,inf
RL_Enhanced,10,52,1,1,86,inf
RL_Enhanced,10,52,1,1,87,inf
RL_Enhanced,10,52,1,1,88,inf
RL_Enhanced,10,52,1,1,89,inf
RL_Enhanced,10,52,1,1,90,inf
RL_Enhanced,10,52,1,1,91,inf
RL_Enhanced,10,52,1,1,92,inf
RL_Enhanced,10,52,1,1,93,inf
RL_Enhanced,10,52,1,1,94,inf
RL_Enhanced,10,52,1,1,95,inf
RL_Enhanced,10,52,1,1,96,inf
RL_Enhanced,10,52,1,1,97,inf
RL_Enhanced,10,52,1,1,98,inf
RL_Enhanced,10,52,1,1,99,inf
RL_Enhanced,10,52,1,1,100,inf
Random,10,52,1,2,1,inf
Random,10,52,1,2,2,inf
Random,10,52,1,2,3,inf
Random,10,52,1,2,4,inf
Random,10,52,1,2,5,inf
Random,10,52,1,2,6,inf
Random,10,52,1,2,7,inf
Random,10,52,1,2,8,inf
Random,10,52,1,2,9,inf
Random,10,52,1,2,10,inf
Random,10,52,1,2,11,inf
Random,10,52,1,2,12,inf
Random,10,52,1,2,13,inf
Random,10,52,1,2,14,inf
Random,10,52,1,2,15,inf
Random,10,52,1,2,16,inf
Random,10,52,1,2,17,inf
Random,10,52,1,2,18,inf
Random,10,52,1,2,19,inf
Random,10,52,1,2,20,inf
Random,10,52,1,2,21,inf
Random,10,52,1,2,22,inf
Random,10,52,1,2,23,inf
Random,10,52,1,2,24,inf
Random,10,52,1,2,25,inf
Random,10,52,1,2,26,inf
Random,10,52,1,2,27,inf
Random,10,52,1,2,28,inf
Random,10,52,1,2,29,inf
Random,10,52,1,2,30,inf
Random,10,52,1,2,31,inf
Random,10,52,1,2,32,inf
Random,10,52,1,2,33,inf
Random,10,52,1,2,34,inf
Random,10,52,1,2,35,inf
Random,10,52,1,2,36,inf
Random,10,52,1,2,37,inf
Random,10,52,1,2,38,inf
Random,10,52,1,2,39,inf
Random,10,52,1,2,40,inf
Random,10,52,1,2,41,inf
Random,10,52,1,2,42,inf
Random,10,52,1,2,43,inf
Random,10,52,1,2,44,inf
Random,10,52,1,2,45,inf
Random,10,52,1,2,46,inf
Random,10,52,1,2,47,inf
Random,10,52,1,2,48,inf
Random,10,52,1,2,49,inf
Random,10,52,1,2,50,inf
Random,10,52,1,2,51,inf
Random,10,52,1,2,52,inf
Random,10,52,1,2,53,inf
Random,10,52,1,2,54,inf
Random,10,52,1,2,55,inf
Random,10,52,1,2,56,inf
Random,10,52,1,2,57,inf
Random,10,52,1,2,58,inf
Random,10,52,1,2,59,inf
Random,10,52,1,2,60,inf
Random,10,52,1,2,61,inf
Random,10,52,1,2,62,inf
Random,10,52,1,2,63,inf
Random,10,52,1,2,64,inf
Random,10,52,1,2,65,inf
Random,10,52,1,2,66,inf
Random,10,52,1,2,67,inf
Random,10,52,1,2,68,inf
Random,10,52,1,2,69,inf
Random,10,52,1,2,70,inf
Random,10,52,1,2,71,inf
Random,10,52,1,2,72,inf
Random,10,52,1,2,73,inf
Random,10,52,1,2,74,inf
Random,10,52,1,2,75,inf
Random,10,52,1,2,76,inf
Random,10,52,1,2,77,inf
Random,10,52,1,2,78,inf
Random,10,52,1,2,79,inf
Random,10,52,1,2,80,inf
Random,10,52,1,2,81,inf
Random,10,52,1,2,82,inf
Random,10,52,1,2,83,inf
Random,10,52,1,2,84,inf
Random,10,52,1,2,85,inf
Random,10,52,1,2,86,inf
Random,10,52,1,2,87,inf
Random,10,52,1,2,88,inf
Random,10,52,1,2,89,inf
Random,10,52,1,2,90,inf
Random,10,52,1,2,91,inf
Random,10,52,1,2,92,inf
Random,10,52,1,2,93,inf
Random,10,52,1,2,94,inf
Random,10,52,1,2,95,inf
Random,10,52,1,2,96,inf
Random,10,52,1,2,97,inf
Random,10,52,1,2,98,inf
Random,10,52,1,2,99,inf
Random,10,52,1,2,100,inf
qLogEI,10,52,1,2,1,inf
qLogEI,10,52,1,2,2,inf
qLogEI,10,52,1,2,3,inf
qLogEI,10,52,1,2,4,inf
qLogEI,10,52,1,2,5,inf
qLogEI,10,52,1,2,6,inf
qLogEI,10,52,1,2,7,inf
qLogEI,10,52,1,2,8,inf
qLogEI,10,52,1,2,9,inf
qLogEI,10,52,1,2,10,inf
qLogEI,10,52,1,2,11,inf
qLogEI,10,52,1,2,12,inf
qLogEI,10,52,1,2,13,inf
qLogEI,10,52,1,2,14,inf
qLogEI,10,52,1,2,15,inf
qLogEI,10,52,1,2,16,inf
qLogEI,10,52,1,2,17,inf
qLogEI,10,52,1,2,18,inf
qLogEI,10,52,1,2,19,inf
qLogEI,10,52,1,2,20,inf
qLogEI,10,52,1,2,21,inf
qLogEI,10,52,1,2,22,inf
qLogEI,10,52,1,2,23,inf
qLogEI,10,52,1,2,24,inf
qLogEI,10,52,1,2,25,inf
qLogEI,10,52,1,2,26,inf
qLogEI,10,52,1,2,27,inf
qLogEI,10,52,1,2,28,inf
qLogEI,10,52,1,2,29,inf
qLogEI,10,52,1,2,30,inf
qLogEI,10,52,1,2,31,inf
qLogEI,10,52,1,2,32,inf
qLogEI,10,52,1,2,33,inf
qLogEI,10,52,1,2,34,inf
qLogEI,10,52,1,2,35,inf
qLogEI,10,52,1,2,36,inf
qLogEI,10,52,1,2,37,inf
qLogEI,10,52,1,2,38,inf
qLogEI,10,52,1,2,39,inf
qLogEI,10,52,1,2,40,inf
qLogEI,10,52,1,2,41,inf
qLogEI,10,52,1,2,42,inf
qLogEI,10,52,1,2,43,inf
qLogEI,10,52,1,2,44,inf
qLogEI,10,52,1,2,45,inf
qLogEI,10,52,1,2,46,inf
qLogEI,10,52,1,2,47,inf
qLogEI,10,52,1,2,48,inf
qLogEI,10,52,1,2,49,inf
qLogEI,10,52,1,2,50,inf
qLogEI,10,52,1,2,51,inf
qLogEI,10,52,1,2,52,inf
qLogEI,10,52,1,2,53,inf
qLogEI,10,52,1,2,54,inf
qLogEI,10,52,1,2,55,inf
qLogEI,10,52,1,2,56,inf
qLogEI,10,52,1,2,57,inf
qLogEI,10,52,1,2,58,inf
qLogEI,10,52,1,2,59,inf
qLogEI,10,52,1,2,60,inf
qLogEI,10,52,1,2,61,inf
qLogEI,10,52,1,2,62,inf
qLogEI,10,52,1,2,63,inf
qLogEI,10,52,1,2,64,inf
qLogEI,10,52,1,2,65,inf
qLogEI,10,52,1,2,66,inf
qLogEI,10,52,1,2,67,inf
qLogEI,10,52,1,2,68,inf
qLogEI,10,52,1,2,69,inf
qLogEI,10,52,1,2,70,inf
qLogEI,10,52,1,2,71,inf
qLogEI,10,52,1,2,72,inf
qLogEI,10,52,1,2,73,inf
qLogEI,10,52,1,2,74,inf
qLogEI,10,52,1,2,75,inf
qLogEI,10,52,1,2,76,inf
qLogEI,10,52,1,2,77,inf
qLogEI,10,52,1,2,78,inf
qLogEI,10,52,1,2,79,inf
qLogEI,10,52,1,2,80,inf
qLogEI,10,52,1,2,81,inf
qLogEI,10,52,1,2,82,inf
qLogEI,10,52,1,2,83,inf
qLogEI,10,52,1,2,84,inf
qLogEI,10,52,1,2,85,inf
qLogEI,10,52,1,2,86,inf
qLogEI,10,52,1,2,87,inf
qLogEI,10,52,1,2,88,inf
qLogEI,10,52,1,2,89,inf
qLogEI,10,52,1,2,90,inf
qLogEI,10,52,1,2,91,inf
qLogEI,10,52,1,2,92,inf
qLogEI,10,52,1,2,93,inf
qLogEI,10,52,1,2,94,inf
qLogEI,10,52,1,2,95,inf
qLogEI,10,52,1,2,96,inf
qLogEI,10,52,1,2,97,inf
qLogEI,10,52,1,2,98,inf
qLogEI,10,52,1,2,99,inf
qLogEI,10,52,1,2,100,inf
RL_Enhanced,10,52,1,2,1,inf
RL_Enhanced,10,52,1,2,2,inf
RL_Enhanced,10,52,1,2,3,inf
RL_Enhanced,10,52,1,2,4,inf
RL_Enhanced,10,52,1,2,5,inf
RL_Enhanced,10,52,1,2,6,inf
RL_Enhanced,10,52,1,2,7,inf
RL_Enhanced,10,52,1,2,8,inf
RL_Enhanced,10,52,1,2,9,inf
RL_Enhanced,10,52,1,2,10,inf
RL_Enhanced,10,52,1,2,11,inf
RL_Enhanced,10,52,1,2,12,inf
RL_Enhanced,10,52,1,2,13,inf
RL_Enhanced,10,52,1,2,14,inf
RL_Enhanced,10,52,1,2,15,inf
RL_Enhanced,10,52,1,2,16,inf
RL_Enhanced,10,52,1,2,17,inf
RL_Enhanced,10,52,1,2,18,inf
RL_Enhanced,10,52,1,2,19,inf
RL_Enhanced,10,52,1,2,20,inf
RL_Enhanced,10,52,1,2,21,inf
RL_Enhanced,10,52,1,2,22,inf
RL_Enhanced,10,52,1,2,23,inf
RL_Enhanced,10,52,1,2,24,inf
RL_Enhanced,10,52,1,2,25,inf
RL_Enhanced,10,52,1,2,26,inf
RL_Enhanced,10,52,1,2,27,inf
RL_Enhanced,10,52,1,2,28,inf
RL_Enhanced,10,52,1,2,29,inf
RL_Enhanced,10,52,1,2,30,inf
RL_Enhanced,10,52,1,2,31,inf
RL_Enhanced,10,52,1,2,32,inf
RL_Enhanced,10,52,1,2,33,inf
RL_Enhanced,10,52,1,2,34,inf
RL_Enhanced,10,52,1,2,35,inf
RL_Enhanced,10,52,1,2,36,inf
RL_Enhanced,10,52,1,2,37,inf
RL_Enhanced,10,52,1,2,38,inf
RL_Enhanced,10,52,1,2,39,inf
RL_Enhanced,10,52,1,2,40,inf
RL_Enhanced,10,52,1,2,41,inf
RL_Enhanced,10,52,1,2,42,inf
RL_Enhanced,10,52,1,2,43,inf
RL_Enhanced,10,52,1,2,44,inf
RL_Enhanced,10,52,1,2,45,inf
RL_Enhanced,10,52,1,2,46,inf
RL_Enhanced,10,52,1,2,47,inf
RL_Enhanced,10,52,1,2,48,inf
RL_Enhanced,10,52,1,2,49,inf
RL_Enhanced,10,52,1,2,50,inf
RL_Enhanced,10,52,1,2,51,inf
RL_Enhanced,10,52,1,2,52,inf
RL_Enhanced,10,52,1,2,53,inf
RL_Enhanced,10,52,1,2,54,inf
RL_Enhanced,10,52,1,2,55,inf
RL_Enhanced,10,52,1,2,56,inf
RL_Enhanced,10,52,1,2,57,inf
RL_Enhanced,10,52,1,2,58,inf
RL_Enhanced,10,52,1,2,59,inf
RL_Enhanced,10,52,1,2,60,inf
RL_Enhanced,10,52,1,2,61,inf
RL_Enhanced,10,52,1,2,62,inf
RL_Enhanced,10,52,1,2,63,inf
RL_Enhanced,10,52,1,2,64,inf
RL_Enhanced,10,52,1,2,65,inf
RL_Enhanced,10,52,1,2,66,inf
RL_Enhanced,10,52,1,2,67,inf
RL_Enhanced,10,52,1,2,68,inf
RL_Enhanced,10,52,1,2,69,inf
RL_Enhanced,10,52,1,2,70,inf
RL_Enhanced,10,52,1,2,71,inf
RL_Enhanced,10,52,1,2,72,inf
RL_Enhanced,10,52,1,2,73,inf
RL_Enhanced,10,52,1,2,74,inf
RL_Enhanced,10,52,1,2,75,inf
RL_Enhanced,10,52,1,2,76,inf
RL_Enhanced,10,52,1,2,77,inf
RL_Enhanced,10,52,1,2,78,inf
RL_Enhanced,10,52,1,2,79,inf
RL_Enhanced,10,52,1,2,80,inf
RL_Enhanced,10,52,1,2,81,inf
RL_Enhanced,10,52,1,2,82,inf
RL_Enhanced,10,52,1,2,83,inf
RL_Enhanced,10,52,1,2,84,inf
RL_Enhanced,10,52,1,2,85,inf
RL_Enhanced,10,52,1,2,86,inf
RL_Enhanced,10,52,1,2,87,inf
RL_Enhanced,10,52,1,2,88,inf
RL_Enhanced,10,52,1,2,89,inf
RL_Enhanced,10,52,1,2,90,inf
RL_Enhanced,10,52,1,2,91,inf
RL_Enhanced,10,52,1,2,92,inf
RL_Enhanced,10,52,1,2,93,inf
RL_Enhanced,10,52,1,2,94,inf
RL_Enhanced,10,52,1,2,95,inf
RL_Enhanced,10,52,1,2,96,inf
RL_Enhanced,10,52,1,2,97,inf
RL_Enhanced,10,52,1,2,98,inf
RL_Enhanced,10,52,1,2,99,inf
RL_Enhanced,10,52,1,2,100,inf
Random,10,52,1,3,1,inf
Random,10,52,1,3,2,inf
Random,10,52,1,3,3,inf
Random,10,52,1,3,4,inf
Random,10,52,1,3,5,inf
Random,10,52,1,3,6,inf
Random,10,52,1,3,7,inf
Random,10,52,1,3,8,inf
Random,10,52,1,3,9,inf
Random,10,52,1,3,10,inf
Random,10,52,1,3,11,inf
Random,10,52,1,3,12,inf
Random,10,52,1,3,13,inf
Random,10,52,1,3,14,inf
Random,10,52,1,3,15,inf
Random,10,52,1,3,16,inf
Random,10,52,1,3,17,inf
Random,10,52,1,3,18,inf
Random,10,52,1,3,19,inf
Random,10,52,1,3,20,inf
Random,10,52,1,3,21,inf
Random,10,52,1,3,22,inf
Random,10,52,1,3,23,inf
Random,10,52,1,3,24,inf
Random,10,52,1,3,25,inf
Random,10,52,1,3,26,inf
Random,10,52,1,3,27,inf
Random,10,52,1,3,28,inf
Random,10,52,1,3,29,inf
Random,10,52,1,3,30,inf
Random,10,52,1,3,31,inf
Random,10,52,1,3,32,inf
Random,10,52,1,3,33,inf
Random,10,52,1,3,34,inf
Random,10,52,1,3,35,inf
Random,10,52,1,3,36,inf
Random,10,52,1,3,37,inf
Random,10,52,1,3,38,inf
Random,10,52,1,3,39,inf
Random,10,52,1,3,40,inf
Random,10,52,1,3,41,inf
Random,10,52,1,3,42,inf
Random,10,52,1,3,43,inf
Random,10,52,1,3,44,inf
Random,10,52,1,3,45,inf
Random,10,52,1,3,46,inf
Random,10,52,1,3,47,inf
Random,10,52,1,3,48,inf
Random,10,52,1,3,49,inf
Random,10,52,1,3,50,inf
Random,10,52,1,3,51,inf
Random,10,52,1,3,52,inf
Random,10,52,1,3,53,inf
Random,10,52,1,3,54,inf
Random,10,52,1,3,55,inf
Random,10,52,1,3,56,inf
Random,10,52,1,3,57,inf
Random,10,52,1,3,58,inf
Random,10,52,1,3,59,inf
Random,10,52,1,3,60,inf
Random,10,52,1,3,61,inf
Random,10,52,1,3,62,inf
Random,10,52,1,3,63,inf
Random,10,52,1,3,64,inf
Random,10,52,1,3,65,inf
Random,10,52,1,3,66,inf
Random,10,52,1,3,67,inf
Random,10,52,1,3,68,inf
Random,10,52,1,3,69,inf
Random,10,52,1,3,70,inf
Random,10,52,1,3,71,inf
Random,10,52,1,3,72,inf
Random,10,52,1,3,73,inf
Random,10,52,1,3,74,inf
Random,10,52,1,3,75,inf
Random,10,52,1,3,76,inf
Random,10,52,1,3,77,inf
Random,10,52,1,3,78,inf
Random,10,52,1,3,79,inf
Random,10,52,1,3,80,inf
Random,10,52,1,3,81,inf
Random,10,52,1,3,82,inf
Random,10,52,1,3,83,inf
Random,10,52,1,3,84,inf
Random,10,52,1,3,85,inf
Random,10,52,1,3,86,inf
Random,10,52,1,3,87,inf
Random,10,52,1,3,88,inf
Random,10,52,1,3,89,inf
Random,10,52,1,3,90,inf
Random,10,52,1,3,91,inf
Random,10,52,1,3,92,inf
Random,10,52,1,3,93,inf
Random,10,52,1,3,94,inf
Random,10,52,1,3,95,inf
Random,10,52,1,3,96,inf
Random,10,52,1,3,97,inf
Random,10,52,1,3,98,inf
Random,10,52,1,3,99,inf
Random,10,52,1,3,100,inf
qLogEI,10,52,1,3,1,inf
qLogEI,10,52,1,3,2,inf
qLogEI,10,52,1,3,3,inf
qLogEI,10,52,1,3,4,inf
qLogEI,10,52,1,3,5,inf
qLogEI,10,52,1,3,6,inf
qLogEI,10,52,1,3,7,inf
qLogEI,10,52,1,3,8,inf
qLogEI,10,52,1,3,9,inf
qLogEI,10,52,1,3,10,inf
qLogEI,10,52,1,3,11,inf
qLogEI,10,52,1,3,12,inf
qLogEI,10,52,1,3,13,inf
qLogEI,10,52,1,3,14,inf
qLogEI,10,52,1,3,15,inf
qLogEI,10,52,1,3,16,inf
qLogEI,10,52,1,3,17,inf
qLogEI,10,52,1,3,18,inf
qLogEI,10,52,1,3,19,inf
qLogEI,10,52,1,3,20,inf
qLogEI,10,52,1,3,21,inf
qLogEI,10,52,1,3,22,inf
qLogEI,10,52,1,3,23,inf
qLogEI,10,52,1,3,24,inf
qLogEI,10,52,1,3,25,inf
qLogEI,10,52,1,3,26,inf
qLogEI,10,52,1,3,27,inf
qLogEI,10,52,1,3,28,inf
qLogEI,10,52,1,3,29,inf
qLogEI,10,52,1,3,30,inf
qLogEI,10,52,1,3,31,inf
qLogEI,10,52,1,3,32,inf
qLogEI,10,52,1,3,33,inf
qLogEI,10,52,1,3,34,inf
qLogEI,10,52,1,3,35,inf
qLogEI,10,52,1,3,36,inf
qLogEI,10,52,1,3,37,inf
qLogEI,10,52,1,3,38,inf
qLogEI,10,52,1,3,39,inf
qLogEI,10,52,1,3,40,inf
qLogEI,10,52,1,3,41,inf
qLogEI,10,52,1,3,42,inf
qLogEI,10,52,1,3,43,inf
qLogEI,10,52,1,3,44,inf
qLogEI,10,52,1,3,45,inf
qLogEI,10,52,1,3,46,inf
qLogEI,10,52,1,3,47,inf
qLogEI,10,52,1,3,48,inf
qLogEI,10,52,1,3,49,inf
qLogEI,10,52,1,3,50,inf
qLogEI,10,52,1,3,51,inf
qLogEI,10,52,1,3,52,inf
qLogEI,10,52,1,3,53,inf
qLogEI,10,52,1,3,54,inf
qLogEI,10,52,1,3,55,inf
qLogEI,10,52,1,3,56,inf
qLogEI,10,52,1,3,57,inf
qLogEI,10,52,1,3,58,inf
qLogEI,10,52,1,3,59,inf
qLogEI,10,52,1,3,60,inf
qLogEI,10,52,1,3,61,inf
qLogEI,10,52,1,3,62,inf
qLogEI,10,52,1,3,63,inf
qLogEI,10,52,1,3,64,inf
qLogEI,10,52,1,3,65,inf
qLogEI,10,52,1,3,66,inf
qLogEI,10,52,1,3,67,inf
qLogEI,10,52,1,3,68,inf
qLogEI,10,52,1,3,69,inf
qLogEI,10,52,1,3,70,inf
qLogEI,10,52,1,3,71,inf
qLogEI,10,52,1,3,72,inf
qLogEI,10,52,1,3,73,inf
qLogEI,10,52,1,3,74,inf
qLogEI,10,52,1,3,75,inf
qLogEI,10,52,1,3,76,inf
qLogEI,10,52,1,3,77,inf
qLogEI,10,52,1,3,78,inf
qLogEI,10,52,1,3,79,inf
qLogEI,10,52,1,3,80,inf
qLogEI,10,52,1,3,81,inf
qLogEI,10,52,1,3,82,inf
qLogEI,10,52,1,3,83,inf
qLogEI,10,52,1,3,84,inf
qLogEI,10,52,1,3,85,inf
qLogEI,10,52,1,3,86,inf
qLogEI,10,52,1,3,87,inf
qLogEI,10,52,1,3,88,inf
qLogEI,10,52,1,3,89,inf
qLogEI,10,52,1,3,90,inf
qLogEI,10,52,1,3,91,inf
qLogEI,10,52,1,3,92,inf
qLogEI,10,52,1,3,93,inf
qLogEI,10,52,1,3,94,inf
qLogEI,10,52,1,3,95,inf
qLogEI,10,52,1,3,96,inf
qLogEI,10,52,1,3,97,inf
qLogEI,10,52,1,3,98,inf
qLogEI,10,52,1,3,99,inf
qLogEI,10,52,1,3,100,inf
RL_Enhanced,10,52,1,3,1,inf
RL_Enhanced,10,52,1,3,2,inf
RL_Enhanced,10,52,1,3,3,inf
RL_Enhanced,10,52,1,3,4,inf
RL_Enhanced,10,52,1,3,5,inf
RL_Enhanced,10,52,1,3,6,inf
RL_Enhanced,10,52,1,3,7,inf
RL_Enhanced,10,52,1,3,8,inf
RL_Enhanced,10,52,1,3,9,inf
RL_Enhanced,10,52,1,3,10,inf
RL_Enhanced,10,52,1,3,11,inf
RL_Enhanced,10,52,1,3,12,inf
RL_Enhanced,10,52,1,3,13,inf
RL_Enhanced,10,52,1,3,14,inf
RL_Enhanced,10,52,1,3,15,inf
RL_Enhanced,10,52,1,3,16,inf
RL_Enhanced,10,52,1,3,17,inf
RL_Enhanced,10,52,1,3,18,inf
RL_Enhanced,10,52,1,3,19,inf
RL_Enhanced,10,52,1,3,20,inf
RL_Enhanced,10,52,1,3,21,inf
RL_Enhanced,10,52,1,3,22,inf
RL_Enhanced,10,52,1,3,23,inf
RL_Enhanced,10,52,1,3,24,inf
RL_Enhanced,10,52,1,3,25,inf
RL_Enhanced,10,52,1,3,26,inf
RL_Enhanced,10,52,1,3,27,inf
RL_Enhanced,10,52,1,3,28,inf
RL_Enhanced,10,52,1,3,29,inf
RL_Enhanced,10,52,1,3,30,inf
RL_Enhanced,10,52,1,3,31,inf
RL_Enhanced,10,52,1,3,32,inf
RL_Enhanced,10,52,1,3,33,inf
RL_Enhanced,10,52,1,3,34,inf
RL_Enhanced,10,52,1,3,35,inf
RL_Enhanced,10,52,1,3,36,inf
RL_Enhanced,10,52,1,3,37,inf
RL_Enhanced,10,52,1,3,38,inf
RL_Enhanced,10,52,1,3,39,inf
RL_Enhanced,10,52,1,3,40,inf
RL_Enhanced,10,52,1,3,41,inf
RL_Enhanced,10,52,1,3,42,inf
RL_Enhanced,10,52,1,3,43,inf
RL_Enhanced,10,52,1,3,44,inf
RL_Enhanced,10,52,1,3,45,inf
RL_Enhanced,10,52,1,3,46,inf
RL_Enhanced,10,52,1,3,47,inf
RL_Enhanced,10,52,1,3,48,inf
RL_Enhanced,10,52,1,3,49,inf
RL_Enhanced,10,52,1,3,50,inf
RL_Enhanced,10,52,1,3,51,inf
RL_Enhanced,10,52,1,3,52,inf
RL_Enhanced,10,52,1,3,53,inf
RL_Enhanced,10,52,1,3,54,inf
RL_Enhanced,10,52,1,3,55,inf
RL_Enhanced,10,52,1,3,56,inf
RL_Enhanced,10,52,1,3,57,inf
RL_Enhanced,10,52,1,3,58,inf
RL_Enhanced,10,52,1,3,59,inf
RL_Enhanced,10,52,1,3,60,inf
RL_Enhanced,10,52,1,3,61,inf
RL_Enhanced,10,52,1,3,62,inf
RL_Enhanced,10,52,1,3,63,inf
RL_Enhanced,10,52,1,3,64,inf
RL_Enhanced,10,52,1,3,65,inf
RL_Enhanced,10,52,1,3,66,inf
RL_Enhanced,10,52,1,3,67,inf
RL_Enhanced,10,52,1,3,68,inf
RL_Enhanced,10,52,1,3,69,inf
RL_Enhanced,10,52,1,3,70,inf
RL_Enhanced,10,52,1,3,71,inf
RL_Enhanced,10,52,1,3,72,inf
RL_Enhanced,10,52,1,3,73,inf
RL_Enhanced,10,52,1,3,74,inf
RL_Enhanced,10,52,1,3,75,inf
RL_Enhanced,10,52,1,3,76,inf
RL_Enhanced,10,52,1,3,77,inf
RL_Enhanced,10,52,1,3,78,inf
RL_Enhanced,10,52,1,3,79,inf
RL_Enhanced,10,52,1,3,80,inf
RL_Enhanced,10,52,1,3,81,inf
RL_Enhanced,10,52,1,3,82,inf
RL_Enhanced,10,52,1,3,83,inf
RL_Enhanced,10,52,1,3,84,inf
RL_Enhanced,10,52,1,3,85,inf
RL_Enhanced,10,52,1,3,86,inf
RL_Enhanced,10,52,1,3,87,inf
RL_Enhanced,10,52,1,3,88,inf
RL_Enhanced,10,52,1,3,89,inf
RL_Enhanced,10,52,1,3,90,inf
RL_Enhanced,10,52,1,3,91,inf
RL_Enhanced,10,52,1,3,92,inf
RL_Enhanced,10,52,1,3,93,inf
RL_Enhanced,10,52,1,3,94,inf
RL_Enhanced,10,52,1,3,95,inf
RL_Enhanced,10,52,1,3,96,inf
RL_Enhanced,10,52,1,3,97,inf
RL_Enhanced,10,52,1,3,98,inf
RL_Enhanced,10,52,1,3,99,inf
RL_Enhanced,10,52,1,3,100,inf
Random,10,52,1,4,1,inf
Random,10,52,1,4,2,inf
Random,10,52,1,4,3,inf
Random,10,52,1,4,4,inf
Random,10,52,1,4,5,inf
Random,10,52,1,4,6,inf
Random,10,52,1,4,7,inf
Random,10,52,1,4,8,inf
Random,10,52,1,4,9,inf
Random,10,52,1,4,10,inf
Random,10,52,1,4,11,inf
Random,10,52,1,4,12,inf
Random,10,52,1,4,13,inf
Random,10,52,1,4,14,inf
Random,10,52,1,4,15,inf
Random,10,52,1,4,16,inf
Random,10,52,1,4,17,inf
Random,10,52,1,4,18,inf
Random,10,52,1,4,19,inf
Random,10,52,1,4,20,inf
Random,10,52,1,4,21,inf
Random,10,52,1,4,22,inf
Random,10,52,1,4,23,inf
Random,10,52,1,4,24,inf
Random,10,52,1,4,25,inf
Random,10,52,1,4,26,inf
Random,10,52,1,4,27,inf
Random,10,52,1,4,28,inf
Random,10,52,1,4,29,inf
Random,10,52,1,4,30,inf
Random,10,52,1,4,31,inf
Random,10,52,1,4,32,inf
Random,10,52,1,4,33,inf
Random,10,52,1,4,34,inf
Random,10,52,1,4,35,inf
Random,10,52,1,4,36,inf
Random,10,52,1,4,37,inf
Random,10,52,1,4,38,inf
Random,10,52,1,4,39,inf
Random,10,52,1,4,40,inf
Random,10,52,1,4,41,inf
Random,10,52,1,4,42,inf
Random,10,52,1,4,43,inf
Random,10,52,1,4,44,inf
Random,10,52,1,4,45,inf
Random,10,52,1,4,46,inf
Random,10,52,1,4,47,inf
Random,10,52,1,4,48,inf
Random,10,52,1,4,49,inf
Random,10,52,1,4,50,inf
Random,10,52,1,4,51,inf
Random,10,52,1,4,52,inf
Random,10,52,1,4,53,inf
Random,10,52,1,4,54,inf
Random,10,52,1,4,55,inf
Random,10,52,1,4,56,inf
Random,10,52,1,4,57,inf
Random,10,52,1,4,58,inf
Random,10,52,1,4,59,inf
Random,10,52,1,4,60,inf
Random,10,52,1,4,61,inf
Random,10,52,1,4,62,inf
Random,10,52,1,4,63,inf
Random,10,52,1,4,64,inf
Random,10,52,1,4,65,inf
Random,10,52,1,4,66,inf
Random,10,52,1,4,67,inf
Random,10,52,1,4,68,inf
Random,10,52,1,4,69,inf
Random,10,52,1,4,70,inf
Random,10,52,1,4,71,inf
Random,10,52,1,4,72,inf
Random,10,52,1,4,73,inf
Random,10,52,1,4,74,inf
Random,10,52,1,4,75,inf
Random,10,52,1,4,76,inf
Random,10,52,1,4,77,inf
Random,10,52,1,4,78,inf
Random,10,52,1,4,79,inf
Random,10,52,1,4,80,inf
Random,10,52,1,4,81,inf
Random,10,52,1,4,82,inf
Random,10,52,1,4,83,inf
Random,10,52,1,4,84,inf
Random,10,52,1,4,85,inf
Random,10,52,1,4,86,inf
Random,10,52,1,4,87,inf
Random,10,52,1,4,88,inf
Random,10,52,1,4,89,inf
Random,10,52,1,4,90,inf
Random,10,52,1,4,91,inf
Random,10,52,1,4,92,inf
Random,10,52,1,4,93,inf
Random,10,52,1,4,94,inf
Random,10,52,1,4,95,inf
Random,10,52,1,4,96,inf
Random,10,52,1,4,97,inf
Random,10,52,1,4,98,inf
Random,10,52,1,4,99,inf
Random,10,52,1,4,100,inf
qLogEI,10,52,1,4,1,inf
qLogEI,10,52,1,4,2,inf
qLogEI,10,52,1,4,3,inf
qLogEI,10,52,1,4,4,inf
qLogEI,10,52,1,4,5,inf
qLogEI,10,52,1,4,6,inf
qLogEI,10,52,1,4,7,inf
qLogEI,10,52,1,4,8,inf
qLogEI,10,52,1,4,9,inf
qLogEI,10,52,1,4,10,inf
qLogEI,10,52,1,4,11,inf
qLogEI,10,52,1,4,12,inf
qLogEI,10,52,1,4,13,inf
qLogEI,10,52,1,4,14,inf
qLogEI,10,52,1,4,15,inf
qLogEI,10,52,1,4,16,inf
qLogEI,10,52,1,4,17,inf
qLogEI,10,52,1,4,18,inf
qLogEI,10,52,1,4,19,inf
qLogEI,10,52,1,4,20,inf
qLogEI,10,52,1,4,21,inf
qLogEI,10,52,1,4,22,inf
qLogEI,10,52,1,4,23,inf
qLogEI,10,52,1,4,24,inf
qLogEI,10,52,1,4,25,inf
qLogEI,10,52,1,4,26,inf
qLogEI,10,52,1,4,27,inf
qLogEI,10,52,1,4,28,inf
qLogEI,10,52,1,4,29,inf
qLogEI,10,52,1,4,30,inf
qLogEI,10,52,1,4,31,inf
qLogEI,10,52,1,4,32,inf
qLogEI,10,52,1,4,33,inf
qLogEI,10,52,1,4,34,inf
qLogEI,10,52,1,4,35,inf
qLogEI,10,52,1,4,36,inf
qLogEI,10,52,1,4,37,inf
qLogEI,10,52,1,4,38,inf
qLogEI,10,52,1,4,39,inf
qLogEI,10,52,1,4,40,inf
qLogEI,10,52,1,4,41,inf
qLogEI,10,52,1,4,42,inf
qLogEI,10,52,1,4,43,inf
qLogEI,10,52,1,4,44,inf
qLogEI,10,52,1,4,45,inf
qLogEI,10,52,1,4,46,inf
qLogEI,10,52,1,4,47,inf
qLogEI,10,52,1,4,48,inf
qLogEI,10,52,1,4,49,inf
qLogEI,10,52,1,4,50,inf
qLogEI,10,52,1,4,51,inf
qLogEI,10,52,1,4,52,inf
qLogEI,10,52,1,4,53,inf
qLogEI,10,52,1,4,54,inf
qLogEI,10,52,1,4,55,inf
qLogEI,10,52,1,4,56,inf
qLogEI,10,52,1,4,57,inf
qLogEI,10,52,1,4,58,inf
qLogEI,10,52,1,4,59,inf
qLogEI,10,52,1,4,60,inf
qLogEI,10,52,1,4,61,inf
qLogEI,10,52,1,4,62,inf
qLogEI,10,52,1,4,63,inf
qLogEI,10,52,1,4,64,inf
qLogEI,10,52,1,4,65,inf
qLogEI,10,52,1,4,66,inf
qLogEI,10,52,1,4,67,inf
qLogEI,10,52,1,4,68,inf
qLogEI,10,52,1,4,69,inf
qLogEI,10,52,1,4,70,inf
qLogEI,10,52,1,4,71,inf
qLogEI,10,52,1,4,72,inf
qLogEI,10,52,1,4,73,inf
qLogEI,10,52,1,4,74,inf
qLogEI,10,52,1,4,75,inf
qLogEI,10,52,1,4,76,inf
qLogEI,10,52,1,4,77,inf
qLogEI,10,52,1,4,78,inf
qLogEI,10,52,1,4,79,inf
qLogEI,10,52,1,4,80,inf
qLogEI,10,52,1,4,81,inf
qLogEI,10,52,1,4,82,inf
qLogEI,10,52,1,4,83,inf
qLogEI,10,52,1,4,84,inf
qLogEI,10,52,1,4,85,inf
qLogEI,10,52,1,4,86,inf
qLogEI,10,52,1,4,87,inf
qLogEI,10,52,1,4,88,inf
qLogEI,10,52,1,4,89,inf
qLogEI,10,52,1,4,90,inf
qLogEI,10,52,1,4,91,inf
qLogEI,10,52,1,4,92,inf
qLogEI,10,52,1,4,93,inf
qLogEI,10,52,1,4,94,inf
qLogEI,10,52,1,4,95,inf
qLogEI,10,52,1,4,96,inf
qLogEI,10,52,1,4,97,inf
qLogEI,10,52,1,4,98,inf
qLogEI,10,52,1,4,99,inf
qLogEI,10,52,1,4,100,inf
RL_Enhanced,10,52,1,4,1,inf
RL_Enhanced,10,52,1,4,2,inf
RL_Enhanced,10,52,1,4,3,inf
RL_Enhanced,10,52,1,4,4,inf
RL_Enhanced,10,52,1,4,5,inf
RL_Enhanced,10,52,1,4,6,inf
RL_Enhanced,10,52,1,4,7,inf
RL_Enhanced,10,52,1,4,8,inf
RL_Enhanced,10,52,1,4,9,inf
RL_Enhanced,10,52,1,4,10,inf
RL_Enhanced,10,52,1,4,11,inf
RL_Enhanced,10,52,1,4,12,inf
RL_Enhanced,10,52,1,4,13,inf
RL_Enhanced,10,52,1,4,14,inf
RL_Enhanced,10,52,1,4,15,inf
RL_Enhanced,10,52,1,4,16,inf
RL_Enhanced,10,52,1,4,17,inf
RL_Enhanced,10,52,1,4,18,inf
RL_Enhanced,10,52,1,4,19,inf
RL_Enhanced,10,52,1,4,20,inf
RL_Enhanced,10,52,1,4,21,inf
RL_Enhanced,10,52,1,4,22,inf
RL_Enhanced,10,52,1,4,23,inf
RL_Enhanced,10,52,1,4,24,inf
RL_Enhanced,10,52,1,4,25,inf
RL_Enhanced,10,52,1,4,26,inf
RL_Enhanced,10,52,1,4,27,inf
RL_Enhanced,10,52,1,4,28,inf
RL_Enhanced,10,52,1,4,29,inf
RL_Enhanced,10,52,1,4,30,inf
RL_Enhanced,10,52,1,4,31,inf
RL_Enhanced,10,52,1,4,32,inf
RL_Enhanced,10,52,1,4,33,inf
RL_Enhanced,10,52,1,4,34,inf
RL_Enhanced,10,52,1,4,35,inf
RL_Enhanced,10,52,1,4,36,inf
RL_Enhanced,10,52,1,4,37,inf
RL_Enhanced,10,52,1,4,38,inf
RL_Enhanced,10,52,1,4,39,inf
RL_Enhanced,10,52,1,4,40,inf
RL_Enhanced,10,52,1,4,41,inf
RL_Enhanced,10,52,1,4,42,inf
RL_Enhanced,10,52,1,4,43,inf
RL_Enhanced,10,52,1,4,44,inf
RL_Enhanced,10,52,1,4,45,inf
RL_Enhanced,10,52,1,4,46,inf
RL_Enhanced,10,52,1,4,47,inf
RL_Enhanced,10,52,1,4,48,inf
RL_Enhanced,10,52,1,4,49,inf
RL_Enhanced,10,52,1,4,50,inf
RL_Enhanced,10,52,1,4,51,inf
RL_Enhanced,10,52,1,4,52,inf
RL_Enhanced,10,52,1,4,53,inf
RL_Enhanced,10,52,1,4,54,inf
RL_Enhanced,10,52,1,4,55,inf
RL_Enhanced,10,52,1,4,56,inf
RL_Enhanced,10,52,1,4,57,inf
RL_Enhanced,10,52,1,4,58,inf
RL_Enhanced,10,52,1,4,59,inf
RL_Enhanced,10,52,1,4,60,inf
RL_Enhanced,10,52,1,4,61,inf
RL_Enhanced,10,52,1,4,62,inf
RL_Enhanced,10,52,1,4,63,inf
RL_Enhanced,10,52,1,4,64,inf
RL_Enhanced,10,52,1,4,65,inf
RL_Enhanced,10,52,1,4,66,inf
RL_Enhanced,10,52,1,4,67,inf
RL_Enhanced,10,52,1,4,68,inf
RL_Enhanced,10,52,1,4,69,inf
RL_Enhanced,10,52,1,4,70,inf
RL_Enhanced,10,52,1,4,71,inf
RL_Enhanced,10,52,1,4,72,inf
RL_Enhanced,10,52,1,4,73,inf
RL_Enhanced,10,52,1,4,74,inf
RL_Enhanced,10,52,1,4,75,inf
RL_Enhanced,10,52,1,4,76,inf
RL_Enhanced,10,52,1,4,77,inf
RL_Enhanced,10,52,1,4,78,inf
RL_Enhanced,10,52,1,4,79,inf
RL_Enhanced,10,52,1,4,80,inf
RL_Enhanced,10,52,1,4,81,inf
RL_Enhanced,10,52,1,4,82,inf
RL_Enhanced,10,52,1,4,83,inf
RL_Enhanced,10,52,1,4,84,inf
RL_Enhanced,10,52,1,4,85,inf
RL_Enhanced,10,52,1,4,86,inf
RL_Enhanced,10,52,1,4,87,inf
RL_Enhanced,10,52,1,4,88,inf
RL_Enhanced,10,52,1,4,89,inf
RL_Enhanced,10,52,1,4,90,inf
RL_Enhanced,10,52,1,4,91,inf
RL_Enhanced,10,52,1,4,92,inf
RL_Enhanced,10,52,1,4,93,inf
RL_Enhanced,10,52,1,4,94,inf
RL_Enhanced,10,52,1,4,95,inf
RL_Enhanced,10,52,1,4,96,inf
RL_Enhanced,10,52,1,4,97,inf
RL_Enhanced,10,52,1,4,98,inf
RL_Enhanced,10,52,1,4,99,inf
RL_Enhanced,10,52,1,4,100,inf
Random,10,52,2,0,1,inf
Random,10,52,2,0,2,inf
Random,10,52,2,0,3,inf
Random,10,52,2,0,4,inf
Random,10,52,2,0,5,inf
Random,10,52,2,0,6,inf
Random,10,52,2,0,7,inf
Random,10,52,2,0,8,inf
Random,10,52,2,0,9,inf
Random,10,52,2,0,10,inf
Random,10,52,2,0,11,inf
Random,10,52,2,0,12,inf
Random,10,52,2,0,13,inf
Random,10,52,2,0,14,inf
Random,10,52,2,0,15,inf
Random,10,52,2,0,16,inf
Random,10,52,2,0,17,inf
Random,10,52,2,0,18,inf
Random,10,52,2,0,19,inf
Random,10,52,2,0,20,inf
Random,10,52,2,0,21,inf
Random,10,52,2,0,22,inf
Random,10,52,2,0,23,inf
Random,10,52,2,0,24,inf
Random,10,52,2,0,25,inf
Random,10,52,2,0,26,inf
Random,10,52,2,0,27,inf
Random,10,52,2,0,28,inf
Random,10,52,2,0,29,inf
Random,10,52,2,0,30,inf
Random,10,52,2,0,31,inf
Random,10,52,2,0,32,inf
Random,10,52,2,0,33,inf
Random,10,52,2,0,34,inf
Random,10,52,2,0,35,inf
Random,10,52,2,0,36,inf
Random,10,52,2,0,37,inf
Random,10,52,2,0,38,inf
Random,10,52,2,0,39,inf
Random,10,52,2,0,40,inf
Random,10,52,2,0,41,inf
Random,10,52,2,0,42,inf
Random,10,52,2,0,43,inf
Random,10,52,2,0,44,inf
Random,10,52,2,0,45,inf
Random,10,52,2,0,46,inf
Random,10,52,2,0,47,inf
Random,10,52,2,0,48,inf
Random,10,52,2,0,49,inf
Random,10,52,2,0,50,inf
Random,10,52,2,0,51,inf
Random,10,52,2,0,52,inf
Random,10,52,2,0,53,inf
Random,10,52,2,0,54,inf
Random,10,52,2,0,55,inf
Random,10,52,2,0,56,inf
Random,10,52,2,0,57,inf
Random,10,52,2,0,58,inf
Random,10,52,2,0,59,inf
Random,10,52,2,0,60,inf
Random,10,52,2,0,61,inf
Random,10,52,2,0,62,inf
Random,10,52,2,0,63,inf
Random,10,52,2,0,64,inf
Random,10,52,2,0,65,inf
Random,10,52,2,0,66,inf
Random,10,52,2,0,67,inf
Random,10,52,2,0,68,inf
Random,10,52,2,0,69,inf
Random,10,52,2,0,70,inf
Random,10,52,2,0,71,inf
Random,10,52,2,0,72,inf
Random,10,52,2,0,73,inf
Random,10,52,2,0,74,inf
Random,10,52,2,0,75,inf
Random,10,52,2,0,76,inf
Random,10,52,2,0,77,inf
Random,10,52,2,0,78,inf
Random,10,52,2,0,79,inf
Random,10,52,2,0,80,inf
Random,10,52,2,0,81,inf
Random,10,52,2,0,82,inf
Random,10,52,2,0,83,inf
Random,10,52,2,0,84,inf
Random,10,52,2,0,85,inf
Random,10,52,2,0,86,inf
Random,10,52,2,0,87,inf
Random,10,52,2,0,88,inf
Random,10,52,2,0,89,inf
Random,10,52,2,0,90,inf
Random,10,52,2,0,91,inf
Random,10,52,2,0,92,inf
Random,10,52,2,0,93,inf
Random,10,52,2,0,94,inf
Random,10,52,2,0,95,inf
Random,10,52,2,0,96,inf
Random,10,52,2,0,97,inf
Random,10,52,2,0,98,inf
Random,10,52,2,0,99,inf
Random,10,52,2,0,100,inf
qLogEI,10,52,2,0,1,inf
qLogEI,10,52,2,0,2,inf
qLogEI,10,52,2,0,3,inf
qLogEI,10,52,2,0,4,inf
qLogEI,10,52,2,0,5,inf
qLogEI,10,52,2,0,6,inf
qLogEI,10,52,2,0,7,inf
qLogEI,10,52,2,0,8,inf
qLogEI,10,52,2,0,9,inf
qLogEI,10,52,2,0,10,inf
qLogEI,10,52,2,0,11,inf
qLogEI,10,52,2,0,12,inf
qLogEI,10,52,2,0,13,inf
qLogEI,10,52,2,0,14,inf
qLogEI,10,52,2,0,15,inf
qLogEI,10,52,2,0,16,inf
qLogEI,10,52,2,0,17,inf
qLogEI,10,52,2,0,18,inf
qLogEI,10,52,2,0,19,inf
qLogEI,10,52,2,0,20,inf
qLogEI,10,52,2,0,21,inf
qLogEI,10,52,2,0,22,inf
qLogEI,10,52,2,0,23,inf
qLogEI,10,52,2,0,24,inf
qLogEI,10,52,2,0,25,inf
qLogEI,10,52,2,0,26,inf
qLogEI,10,52,2,0,27,inf
qLogEI,10,52,2,0,28,inf
qLogEI,10,52,2,0,29,inf
qLogEI,10,52,2,0,30,inf
qLogEI,10,52,2,0,31,inf
qLogEI,10,52,2,0,32,inf
qLogEI,10,52,2,0,33,inf
qLogEI,10,52,2,0,34,inf
qLogEI,10,52,2,0,35,inf
qLogEI,10,52,2,0,36,inf
qLogEI,10,52,2,0,37,inf
qLogEI,10,52,2,0,38,inf
qLogEI,10,52,2,0,39,inf
qLogEI,10,52,2,0,40,inf
qLogEI,10,52,2,0,41,inf
qLogEI,10,52,2,0,42,inf
qLogEI,10,52,2,0,43,inf
qLogEI,10,52,2,0,44,inf
qLogEI,10,52,2,0,45,inf
qLogEI,10,52,2,0,46,inf
qLogEI,10,52,2,0,47,inf
qLogEI,10,52,2,0,48,inf
qLogEI,10,52,2,0,49,inf
qLogEI,10,52,2,0,50,inf
qLogEI,10,52,2,0,51,inf
qLogEI,10,52,2,0,52,inf
qLogEI,10,52,2,0,53,inf
qLogEI,10,52,2,0,54,inf
qLogEI,10,52,2,0,55,inf
qLogEI,10,52,2,0,56,inf
qLogEI,10,52,2,0,57,inf
qLogEI,10,52,2,0,58,inf
qLogEI,10,52,2,0,59,inf
qLogEI,10,52,2,0,60,inf
qLogEI,10,52,2,0,61,inf
qLogEI,10,52,2,0,62,inf
qLogEI,10,52,2,0,63,inf
qLogEI,10,52,2,0,64,inf
qLogEI,10,52,2,0,65,inf
qLogEI,10,52,2,0,66,inf
qLogEI,10,52,2,0,67,inf
qLogEI,10,52,2,0,68,inf
qLogEI,10,52,2,0,69,inf
qLogEI,10,52,2,0,70,inf
qLogEI,10,52,2,0,71,inf
qLogEI,10,52,2,0,72,inf
qLogEI,10,52,2,0,73,inf
qLogEI,10,52,2,0,74,inf
qLogEI,10,52,2,0,75,inf
qLogEI,10,52,2,0,76,inf
qLogEI,10,52,2,0,77,inf
qLogEI,10,52,2,0,78,inf
qLogEI,10,52,2,0,79,inf
qLogEI,10,52,2,0,80,inf
qLogEI,10,52,2,0,81,inf
qLogEI,10,52,2,0,82,inf
qLogEI,10,52,2,0,83,inf
qLogEI,10,52,2,0,84,inf
qLogEI,10,52,2,0,85,inf
qLogEI,10,52,2,0,86,inf
qLogEI,10,52,2,0,87,inf
qLogEI,10,52,2,0,88,inf
qLogEI,10,52,2,0,89,inf
qLogEI,10,52,2,0,90,inf
qLogEI,10,52,2,0,91,inf
qLogEI,10,52,2,0,92,inf
qLogEI,10,52,2,0,93,inf
qLogEI,10,52,2,0,94,inf
qLogEI,10,52,2,0,95,inf
qLogEI,10,52,2,0,96,inf
qLogEI,10,52,2,0,97,inf
qLogEI,10,52,2,0,98,inf
qLogEI,10,52,2,0,99,inf
qLogEI,10,52,2,0,100,inf
RL_Enhanced,10,52,2,0,1,inf
RL_Enhanced,10,52,2,0,2,inf
RL_Enhanced,10,52,2,0,3,inf
RL_Enhanced,10,52,2,0,4,inf
RL_Enhanced,10,52,2,0,5,inf
RL_Enhanced,10,52,2,0,6,inf
RL_Enhanced,10,52,2,0,7,inf
RL_Enhanced,10,52,2,0,8,inf
RL_Enhanced,10,52,2,0,9,inf
RL_Enhanced,10,52,2,0,10,inf
RL_Enhanced,10,52,2,0,11,inf
RL_Enhanced,10,52,2,0,12,inf
RL_Enhanced,10,52,2,0,13,inf
RL_Enhanced,10,52,2,0,14,inf
RL_Enhanced,10,52,2,0,15,inf
RL_Enhanced,10,52,2,0,16,inf
RL_Enhanced,10,52,2,0,17,inf
RL_Enhanced,10,52,2,0,18,inf
RL_Enhanced,10,52,2,0,19,inf
RL_Enhanced,10,52,2,0,20,inf
RL_Enhanced,10,52,2,0,21,inf
RL_Enhanced,10,52,2,0,22,inf
RL_Enhanced,10,52,2,0,23,inf
RL_Enhanced,10,52,2,0,24,inf
RL_Enhanced,10,52,2,0,25,inf
RL_Enhanced,10,52,2,0,26,inf
RL_Enhanced,10,52,2,0,27,inf
RL_Enhanced,10,52,2,0,28,inf
RL_Enhanced,10,52,2,0,29,inf
RL_Enhanced,10,52,2,0,30,inf
RL_Enhanced,10,52,2,0,31,inf
RL_Enhanced,10,52,2,0,32,inf
RL_Enhanced,10,52,2,0,33,inf
RL_Enhanced,10,52,2,0,34,inf
RL_Enhanced,10,52,2,0,35,inf
RL_Enhanced,10,52,2,0,36,inf
RL_Enhanced,10,52,2,0,37,inf
RL_Enhanced,10,52,2,0,38,inf
RL_Enhanced,10,52,2,0,39,inf
RL_Enhanced,10,52,2,0,40,inf
RL_Enhanced,10,52,2,0,41,inf
RL_Enhanced,10,52,2,0,42,inf
RL_Enhanced,10,52,2,0,43,inf
RL_Enhanced,10,52,2,0,44,inf
RL_Enhanced,10,52,2,0,45,inf
RL_Enhanced,10,52,2,0,46,inf
RL_Enhanced,10,52,2,0,47,inf
RL_Enhanced,10,52,2,0,48,inf
RL_Enhanced,10,52,2,0,49,inf
RL_Enhanced,10,52,2,0,50,inf
RL_Enhanced,10,52,2,0,51,inf
RL_Enhanced,10,52,2,0,52,inf
RL_Enhanced,10,52,2,0,53,inf
RL_Enhanced,10,52,2,0,54,inf
RL_Enhanced,10,52,2,0,55,inf
RL_Enhanced,10,52,2,0,56,inf
RL_Enhanced,10,52,2,0,57,inf
RL_Enhanced,10,52,2,0,58,inf
RL_Enhanced,10,52,2,0,59,inf
RL_Enhanced,10,52,2,0,60,inf
RL_Enhanced,10,52,2,0,61,inf
RL_Enhanced,10,52,2,0,62,inf
RL_Enhanced,10,52,2,0,63,inf
RL_Enhanced,10,52,2,0,64,inf
RL_Enhanced,10,52,2,0,65,inf
RL_Enhanced,10,52,2,0,66,inf
RL_Enhanced,10,52,2,0,67,inf
RL_Enhanced,10,52,2,0,68,inf
RL_Enhanced,10,52,2,0,69,inf
RL_Enhanced,10,52,2,0,70,inf
RL_Enhanced,10,52,2,0,71,inf
RL_Enhanced,10,52,2,0,72,inf
RL_Enhanced,10,52,2,0,73,inf
RL_Enhanced,10,52,2,0,74,inf
RL_Enhanced,10,52,2,0,75,inf
RL_Enhanced,10,52,2,0,76,inf
RL_Enhanced,10,52,2,0,77,inf
RL_Enhanced,10,52,2,0,78,inf
RL_Enhanced,10,52,2,0,79,inf
RL_Enhanced,10,52,2,0,80,inf
RL_Enhanced,10,52,2,0,81,inf
RL_Enhanced,10,52,2,0,82,inf
RL_Enhanced,10,52,2,0,83,inf
RL_Enhanced,10,52,2,0,84,inf
RL_Enhanced,10,52,2,0,85,inf
RL_Enhanced,10,52,2,0,86,inf
RL_Enhanced,10,52,2,0,87,inf
RL_Enhanced,10,52,2,0,88,inf
RL_Enhanced,10,52,2,0,89,inf
RL_Enhanced,10,52,2,0,90,inf
RL_Enhanced,10,52,2,0,91,inf
RL_Enhanced,10,52,2,0,92,inf
RL_Enhanced,10,52,2,0,93,inf
RL_Enhanced,10,52,2,0,94,inf
RL_Enhanced,10,52,2,0,95,inf
RL_Enhanced,10,52,2,0,96,inf
RL_Enhanced,10,52,2,0,97,inf
RL_Enhanced,10,52,2,0,98,inf
RL_Enhanced,10,52,2,0,99,inf
RL_Enhanced,10,52,2,0,100,inf
Random,10,52,2,1,1,inf
Random,10,52,2,1,2,inf
Random,10,52,2,1,3,inf
Random,10,52,2,1,4,inf
Random,10,52,2,1,5,inf
Random,10,52,2,1,6,inf
Random,10,52,2,1,7,inf
Random,10,52,2,1,8,inf
Random,10,52,2,1,9,inf
Random,10,52,2,1,10,inf
Random,10,52,2,1,11,inf
Random,10,52,2,1,12,inf
Random,10,52,2,1,13,inf
Random,10,52,2,1,14,inf
Random,10,52,2,1,15,inf
Random,10,52,2,1,16,inf
Random,10,52,2,1,17,inf
Random,10,52,2,1,18,inf
Random,10,52,2,1,19,inf
Random,10,52,2,1,20,inf
Random,10,52,2,1,21,inf
Random,10,52,2,1,22,inf
Random,10,52,2,1,23,inf
Random,10,52,2,1,24,inf
Random,10,52,2,1,25,inf
Random,10,52,2,1,26,inf
Random,10,52,2,1,27,inf
Random,10,52,2,1,28,inf
Random,10,52,2,1,29,inf
Random,10,52,2,1,30,inf
Random,10,52,2,1,31,inf
Random,10,52,2,1,32,inf
Random,10,52,2,1,33,inf
Random,10,52,2,1,34,inf
Random,10,52,2,1,35,inf
Random,10,52,2,1,36,inf
Random,10,52,2,1,37,inf
Random,10,52,2,1,38,inf
Random,10,52,2,1,39,inf
Random,10,52,2,1,40,inf
Random,10,52,2,1,41,inf
Random,10,52,2,1,42,inf
Random,10,52,2,1,43,inf
Random,10,52,2,1,44,inf
Random,10,52,2,1,45,inf
Random,10,52,2,1,46,inf
Random,10,52,2,1,47,inf
Random,10,52,2,1,48,inf
Random,10,52,2,1,49,inf
Random,10,52,2,1,50,inf
Random,10,52,2,1,51,inf
Random,10,52,2,1,52,inf
Random,10,52,2,1,53,inf
Random,10,52,2,1,54,inf
Random,10,52,2,1,55,inf
Random,10,52,2,1,56,inf
Random,10,52,2,1,57,inf
Random,10,52,2,1,58,inf
Random,10,52,2,1,59,inf
Random,10,52,2,1,60,inf
Random,10,52,2,1,61,inf
Random,10,52,2,1,62,inf
Random,10,52,2,1,63,inf
Random,10,52,2,1,64,inf
Random,10,52,2,1,65,inf
Random,10,52,2,1,66,inf
Random,10,52,2,1,67,inf
Random,10,52,2,1,68,inf
Random,10,52,2,1,69,inf
Random,10,52,2,1,70,inf
Random,10,52,2,1,71,inf
Random,10,52,2,1,72,inf
Random,10,52,2,1,73,inf
Random,10,52,2,1,74,inf
Random,10,52,2,1,75,inf
Random,10,52,2,1,76,inf
Random,10,52,2,1,77,inf
Random,10,52,2,1,78,inf
Random,10,52,2,1,79,inf
Random,10,52,2,1,80,inf
Random,10,52,2,1,81,inf
Random,10,52,2,1,82,inf
Random,10,52,2,1,83,inf
Random,10,52,2,1,84,inf
Random,10,52,2,1,85,inf
Random,10,52,2,1,86,inf
Random,10,52,2,1,87,inf
Random,10,52,2,1,88,inf
Random,10,52,2,1,89,inf
Random,10,52,2,1,90,inf
Random,10,52,2,1,91,inf
Random,10,52,2,1,92,inf
Random,10,52,2,1,93,inf
Random,10,52,2,1,94,inf
Random,10,52,2,1,95,inf
Random,10,52,2,1,96,inf
Random,10,52,2,1,97,inf
Random,10,52,2,1,98,inf
Random,10,52,2,1,99,inf
Random,10,52,2,1,100,inf
qLogEI,10,52,2,1,1,inf
qLogEI,10,52,2,1,2,inf
qLogEI,10,52,2,1,3,inf
qLogEI,10,52,2,1,4,inf
qLogEI,10,52,2,1,5,inf
qLogEI,10,52,2,1,6,inf
qLogEI,10,52,2,1,7,inf
qLogEI,10,52,2,1,8,inf
qLogEI,10,52,2,1,9,inf
qLogEI,10,52,2,1,10,inf
qLogEI,10,52,2,1,11,inf
qLogEI,10,52,2,1,12,inf
qLogEI,10,52,2,1,13,inf
qLogEI,10,52,2,1,14,inf
qLogEI,10,52,2,1,15,inf
qLogEI,10,52,2,1,16,inf
qLogEI,10,52,2,1,17,inf
qLogEI,10,52,2,1,18,inf
qLogEI,10,52,2,1,19,inf
qLogEI,10,52,2,1,20,inf
qLogEI,10,52,2,1,21,inf
qLogEI,10,52,2,1,22,inf
qLogEI,10,52,2,1,23,inf
qLogEI,10,52,2,1,24,inf
qLogEI,10,52,2,1,25,inf
qLogEI,10,52,2,1,26,inf
qLogEI,10,52,2,1,27,inf
qLogEI,10,52,2,1,28,inf
qLogEI,10,52,2,1,29,inf
qLogEI,10,52,2,1,30,inf
qLogEI,10,52,2,1,31,inf
qLogEI,10,52,2,1,32,inf
qLogEI,10,52,2,1,33,inf
qLogEI,10,52,2,1,34,inf
qLogEI,10,52,2,1,35,inf
qLogEI,10,52,2,1,36,inf
qLogEI,10,52,2,1,37,inf
qLogEI,10,52,2,1,38,inf
qLogEI,10,52,2,1,39,inf
qLogEI,10,52,2,1,40,inf
qLogEI,10,52,2,1,41,inf
qLogEI,10,52,2,1,42,inf
qLogEI,10,52,2,1,43,inf
qLogEI,10,52,2,1,44,inf
qLogEI,10,52,2,1,45,inf
qLogEI,10,52,2,1,46,inf
qLogEI,10,52,2,1,47,inf
qLogEI,10,52,2,1,48,inf
qLogEI,10,52,2,1,49,inf
qLogEI,10,52,2,1,50,inf
qLogEI,10,52,2,1,51,inf
qLogEI,10,52,2,1,52,inf
qLogEI,10,52,2,1,53,inf
qLogEI,10,52,2,1,54,inf
qLogEI,10,52,2,1,55,inf
qLogEI,10,52,2,1,56,inf
qLogEI,10,52,2,1,57,inf
qLogEI,10,52,2,1,58,inf
qLogEI,10,52,2,1,59,inf
qLogEI,10,52,2,1,60,inf
qLogEI,10,52,2,1,61,inf
qLogEI,10,52,2,1,62,inf
qLogEI,10,52,2,1,63,inf
qLogEI,10,52,2,1,64,inf
qLogEI,10,52,2,1,65,inf
qLogEI,10,52,2,1,66,inf
qLogEI,10,52,2,1,67,inf
qLogEI,10,52,2,1,68,inf
qLogEI,10,52,2,1,69,inf
qLogEI,10,52,2,1,70,inf
qLogEI,10,52,2,1,71,inf
qLogEI,10,52,2,1,72,inf
qLogEI,10,52,2,1,73,inf
qLogEI,10,52,2,1,74,inf
qLogEI,10,52,2,1,75,inf
qLogEI,10,52,2,1,76,inf
qLogEI,10,52,2,1,77,inf
qLogEI,10,52,2,1,78,inf
qLogEI,10,52,2,1,79,inf
qLogEI,10,52,2,1,80,inf
qLogEI,10,52,2,1,81,inf
qLogEI,10,52,2,1,82,inf
qLogEI,10,52,2,1,83,inf
qLogEI,10,52,2,1,84,inf
qLogEI,10,52,2,1,85,inf
qLogEI,10,52,2,1,86,inf
qLogEI,10,52,2,1,87,inf
qLogEI,10,52,2,1,88,inf
qLogEI,10,52,2,1,89,inf
qLogEI,10,52,2,1,90,inf
qLogEI,10,52,2,1,91,inf
qLogEI,10,52,2,1,92,inf
qLogEI,10,52,2,1,93,inf
qLogEI,10,52,2,1,94,inf
qLogEI,10,52,2,1,95,inf
qLogEI,10,52,2,1,96,inf
qLogEI,10,52,2,1,97,inf
qLogEI,10,52,2,1,98,inf
qLogEI,10,52,2,1,99,inf
qLogEI,10,52,2,1,100,inf
RL_Enhanced,10,52,2,1,1,inf
RL_Enhanced,10,52,2,1,2,inf
RL_Enhanced,10,52,2,1,3,inf
RL_Enhanced,10,52,2,1,4,inf
RL_Enhanced,10,52,2,1,5,inf
RL_Enhanced,10,52,2,1,6,inf
RL_Enhanced,10,52,2,1,7,inf
RL_Enhanced,10,52,2,1,8,inf
RL_Enhanced,10,52,2,1,9,inf
RL_Enhanced,10,52,2,1,10,inf
RL_Enhanced,10,52,2,1,11,inf
RL_Enhanced,10,52,2,1,12,inf
RL_Enhanced,10,52,2,1,13,inf
RL_Enhanced,10,52,2,1,14,inf
RL_Enhanced,10,52,2,1,15,inf
RL_Enhanced,10,52,2,1,16,inf
RL_Enhanced,10,52,2,1,17,inf
RL_Enhanced,10,52,2,1,18,inf
RL_Enhanced,10,52,2,1,19,inf
RL_Enhanced,10,52,2,1,20,inf
RL_Enhanced,10,52,2,1,21,inf
RL_Enhanced,10,52,2,1,22,inf
RL_Enhanced,10,52,2,1,23,inf
RL_Enhanced,10,52,2,1,24,inf
RL_Enhanced,10,52,2,1,25,inf
RL_Enhanced,10,52,2,1,26,inf
RL_Enhanced,10,52,2,1,27,inf
RL_Enhanced,10,52,2,1,28,inf
RL_Enhanced,10,52,2,1,29,inf
RL_Enhanced,10,52,2,1,30,inf
RL_Enhanced,10,52,2,1,31,inf
RL_Enhanced,10,52,2,1,32,inf
RL_Enhanced,10,52,2,1,33,inf
RL_Enhanced,10,52,2,1,34,inf
RL_Enhanced,10,52,2,1,35,inf
RL_Enhanced,10,52,2,1,36,inf
RL_Enhanced,10,52,2,1,37,inf
RL_Enhanced,10,52,2,1,38,inf
RL_Enhanced,10,52,2,1,39,inf
RL_Enhanced,10,52,2,1,40,inf
RL_Enhanced,10,52,2,1,41,inf
RL_Enhanced,10,52,2,1,42,inf
RL_Enhanced,10,52,2,1,43,inf
RL_Enhanced,10,52,2,1,44,inf
RL_Enhanced,10,52,2,1,45,inf
RL_Enhanced,10,52,2,1,46,inf
RL_Enhanced,10,52,2,1,47,inf
RL_Enhanced,10,52,2,1,48,inf
RL_Enhanced,10,52,2,1,49,inf
RL_Enhanced,10,52,2,1,50,inf
RL_Enhanced,10,52,2,1,51,inf
RL_Enhanced,10,52,2,1,52,inf
RL_Enhanced,10,52,2,1,53,inf
RL_Enhanced,10,52,2,1,54,inf
RL_Enhanced,10,52,2,1,55,inf
RL_Enhanced,10,52,2,1,56,inf
RL_Enhanced,10,52,2,1,57,inf
RL_Enhanced,10,52,2,1,58,inf
RL_Enhanced,10,52,2,1,59,inf
RL_Enhanced,10,52,2,1,60,inf
RL_Enhanced,10,52,2,1,61,inf
RL_Enhanced,10,52,2,1,62,inf
RL_Enhanced,10,52,2,1,63,inf
RL_Enhanced,10,52,2,1,64,inf
RL_Enhanced,10,52,2,1,65,inf
RL_Enhanced,10,52,2,1,66,inf
RL_Enhanced,10,52,2,1,67,inf
RL_Enhanced,10,52,2,1,68,inf
RL_Enhanced,10,52,2,1,69,inf
RL_Enhanced,10,52,2,1,70,inf
RL_Enhanced,10,52,2,1,71,inf
RL_Enhanced,10,52,2,1,72,inf
RL_Enhanced,10,52,2,1,73,inf
RL_Enhanced,10,52,2,1,74,inf
RL_Enhanced,10,52,2,1,75,inf
RL_Enhanced,10,52,2,1,76,inf
RL_Enhanced,10,52,2,1,77,inf
RL_Enhanced,10,52,2,1,78,inf
RL_Enhanced,10,52,2,1,79,inf
RL_Enhanced,10,52,2,1,80,inf
RL_Enhanced,10,52,2,1,81,inf
RL_Enhanced,10,52,2,1,82,inf
RL_Enhanced,10,52,2,1,83,inf
RL_Enhanced,10,52,2,1,84,inf
RL_Enhanced,10,52,2,1,85,inf
RL_Enhanced,10,52,2,1,86,inf
RL_Enhanced,10,52,2,1,87,inf
RL_Enhanced,10,52,2,1,88,inf
RL_Enhanced,10,52,2,1,89,inf
RL_Enhanced,10,52,2,1,90,inf
RL_Enhanced,10,52,2,1,91,inf
RL_Enhanced,10,52,2,1,92,inf
RL_Enhanced,10,52,2,1,93,inf
RL_Enhanced,10,52,2,1,94,inf
RL_Enhanced,10,52,2,1,95,inf
RL_Enhanced,10,52,2,1,96,inf
RL_Enhanced,10,52,2,1,97,inf
RL_Enhanced,10,52,2,1,98,inf
RL_Enhanced,10,52,2,1,99,inf
RL_Enhanced,10,52,2,1,100,inf
Random,10,52,2,2,1,inf
Random,10,52,2,2,2,inf
Random,10,52,2,2,3,inf
Random,10,52,2,2,4,inf
Random,10,52,2,2,5,inf
Random,10,52,2,2,6,inf
Random,10,52,2,2,7,inf
Random,10,52,2,2,8,inf
Random,10,52,2,2,9,inf
Random,10,52,2,2,10,inf
Random,10,52,2,2,11,inf
Random,10,52,2,2,12,inf
Random,10,52,2,2,13,inf
Random,10,52,2,2,14,inf
Random,10,52,2,2,15,inf
Random,10,52,2,2,16,inf
Random,10,52,2,2,17,inf
Random,10,52,2,2,18,inf
Random,10,52,2,2,19,inf
Random,10,52,2,2,20,inf
Random,10,52,2,2,21,inf
Random,10,52,2,2,22,inf
Random,10,52,2,2,23,inf
Random,10,52,2,2,24,inf
Random,10,52,2,2,25,inf
Random,10,52,2,2,26,inf
Random,10,52,2,2,27,inf
Random,10,52,2,2,28,inf
Random,10,52,2,2,29,inf
Random,10,52,2,2,30,inf
Random,10,52,2,2,31,inf
Random,10,52,2,2,32,inf
Random,10,52,2,2,33,inf
Random,10,52,2,2,34,inf
Random,10,52,2,2,35,inf
Random,10,52,2,2,36,inf
Random,10,52,2,2,37,inf
Random,10,52,2,2,38,inf
Random,10,52,2,2,39,inf
Random,10,52,2,2,40,inf
Random,10,52,2,2,41,inf
Random,10,52,2,2,42,inf
Random,10,52,2,2,43,inf
Random,10,52,2,2,44,inf
Random,10,52,2,2,45,inf
Random,10,52,2,2,46,inf
Random,10,52,2,2,47,inf
Random,10,52,2,2,48,inf
Random,10,52,2,2,49,inf
Random,10,52,2,2,50,inf
Random,10,52,2,2,51,inf
Random,10,52,2,2,52,inf
Random,10,52,2,2,53,inf
Random,10,52,2,2,54,inf
Random,10,52,2,2,55,inf
Random,10,52,2,2,56,inf
Random,10,52,2,2,57,inf
Random,10,52,2,2,58,inf
Random,10,52,2,2,59,inf
Random,10,52,2,2,60,inf
Random,10,52,2,2,61,inf
Random,10,52,2,2,62,inf
Random,10,52,2,2,63,inf
Random,10,52,2,2,64,inf
Random,10,52,2,2,65,inf
Random,10,52,2,2,66,inf
Random,10,52,2,2,67,inf
Random,10,52,2,2,68,inf
Random,10,52,2,2,69,inf
Random,10,52,2,2,70,inf
Random,10,52,2,2,71,inf
Random,10,52,2,2,72,inf
Random,10,52,2,2,73,inf
Random,10,52,2,2,74,inf
Random,10,52,2,2,75,inf
Random,10,52,2,2,76,inf
Random,10,52,2,2,77,inf
Random,10,52,2,2,78,inf
Random,10,52,2,2,79,inf
Random,10,52,2,2,80,inf
Random,10,52,2,2,81,inf
Random,10,52,2,2,82,inf
Random,10,52,2,2,83,inf
Random,10,52,2,2,84,inf
Random,10,52,2,2,85,inf
Random,10,52,2,2,86,inf
Random,10,52,2,2,87,inf
Random,10,52,2,2,88,inf
Random,10,52,2,2,89,inf
Random,10,52,2,2,90,inf
Random,10,52,2,2,91,inf
Random,10,52,2,2,92,inf
Random,10,52,2,2,93,inf
Random,10,52,2,2,94,inf
Random,10,52,2,2,95,inf
Random,10,52,2,2,96,inf
Random,10,52,2,2,97,inf
Random,10,52,2,2,98,inf
Random,10,52,2,2,99,inf
Random,10,52,2,2,100,inf
qLogEI,10,52,2,2,1,inf
qLogEI,10,52,2,2,2,inf
qLogEI,10,52,2,2,3,inf
qLogEI,10,52,2,2,4,inf
qLogEI,10,52,2,2,5,inf
qLogEI,10,52,2,2,6,inf
qLogEI,10,52,2,2,7,inf
qLogEI,10,52,2,2,8,inf
qLogEI,10,52,2,2,9,inf
qLogEI,10,52,2,2,10,inf
qLogEI,10,52,2,2,11,inf
qLogEI,10,52,2,2,12,inf
qLogEI,10,52,2,2,13,inf
qLogEI,10,52,2,2,14,inf
qLogEI,10,52,2,2,15,inf
qLogEI,10,52,2,2,16,inf
qLogEI,10,52,2,2,17,inf
qLogEI,10,52,2,2,18,inf
qLogEI,10,52,2,2,19,inf
qLogEI,10,52,2,2,20,inf
qLogEI,10,52,2,2,21,inf
qLogEI,10,52,2,2,22,inf
qLogEI,10,52,2,2,23,inf
qLogEI,10,52,2,2,24,inf
qLogEI,10,52,2,2,25,inf
qLogEI,10,52,2,2,26,inf
qLogEI,10,52,2,2,27,inf
qLogEI,10,52,2,2,28,inf
qLogEI,10,52,2,2,29,inf
qLogEI,10,52,2,2,30,inf
qLogEI,10,52,2,2,31,inf
qLogEI,10,52,2,2,32,inf
qLogEI,10,52,2,2,33,inf
qLogEI,10,52,2,2,34,inf
qLogEI,10,52,2,2,35,inf
qLogEI,10,52,2,2,36,inf
qLogEI,10,52,2,2,37,inf
qLogEI,10,52,2,2,38,inf
qLogEI,10,52,2,2,39,inf
qLogEI,10,52,2,2,40,inf
qLogEI,10,52,2,2,41,inf
qLogEI,10,52,2,2,42,inf
qLogEI,10,52,2,2,43,inf
qLogEI,10,52,2,2,44,inf
qLogEI,10,52,2,2,45,inf
qLogEI,10,52,2,2,46,inf
qLogEI,10,52,2,2,47,inf
qLogEI,10,52,2,2,48,inf
qLogEI,10,52,2,2,49,inf
qLogEI,10,52,2,2,50,inf
qLogEI,10,52,2,2,51,inf
qLogEI,10,52,2,2,52,inf
qLogEI,10,52,2,2,53,inf
qLogEI,10,52,2,2,54,inf
qLogEI,10,52,2,2,55,inf
qLogEI,10,52,2,2,56,inf
qLogEI,10,52,2,2,57,inf
qLogEI,10,52,2,2,58,inf
qLogEI,10,52,2,2,59,inf
qLogEI,10,52,2,2,60,inf
qLogEI,10,52,2,2,61,inf
qLogEI,10,52,2,2,62,inf
qLogEI,10,52,2,2,63,inf
qLogEI,10,52,2,2,64,inf
qLogEI,10,52,2,2,65,inf
qLogEI,10,52,2,2,66,inf
qLogEI,10,52,2,2,67,inf
qLogEI,10,52,2,2,68,inf
qLogEI,10,52,2,2,69,inf
qLogEI,10,52,2,2,70,inf
qLogEI,10,52,2,2,71,inf
qLogEI,10,52,2,2,72,inf
qLogEI,10,52,2,2,73,inf
qLogEI,10,52,2,2,74,inf
qLogEI,10,52,2,2,75,inf
qLogEI,10,52,2,2,76,inf
qLogEI,10,52,2,2,77,inf
qLogEI,10,52,2,2,78,inf
qLogEI,10,52,2,2,79,inf
qLogEI,10,52,2,2,80,inf
qLogEI,10,52,2,2,81,inf
qLogEI,10,52,2,2,82,inf
qLogEI,10,52,2,2,83,inf
qLogEI,10,52,2,2,84,inf
qLogEI,10,52,2,2,85,inf
qLogEI,10,52,2,2,86,inf
qLogEI,10,52,2,2,87,inf
qLogEI,10,52,2,2,88,inf
qLogEI,10,52,2,2,89,inf
qLogEI,10,52,2,2,90,inf
qLogEI,10,52,2,2,91,inf
qLogEI,10,52,2,2,92,inf
qLogEI,10,52,2,2,93,inf
qLogEI,10,52,2,2,94,inf
qLogEI,10,52,2,2,95,inf
qLogEI,10,52,2,2,96,inf
qLogEI,10,52,2,2,97,inf
qLogEI,10,52,2,2,98,inf
qLogEI,10,52,2,2,99,inf
qLogEI,10,52,2,2,100,inf
RL_Enhanced,10,52,2,2,1,inf
RL_Enhanced,10,52,2,2,2,inf
RL_Enhanced,10,52,2,2,3,inf
RL_Enhanced,10,52,2,2,4,inf
RL_Enhanced,10,52,2,2,5,inf
RL_Enhanced,10,52,2,2,6,inf
RL_Enhanced,10,52,2,2,7,inf
RL_Enhanced,10,52,2,2,8,inf
RL_Enhanced,10,52,2,2,9,inf
RL_Enhanced,10,52,2,2,10,inf
RL_Enhanced,10,52,2,2,11,inf
RL_Enhanced,10,52,2,2,12,inf
RL_Enhanced,10,52,2,2,13,inf
RL_Enhanced,10,52,2,2,14,inf
RL_Enhanced,10,52,2,2,15,inf
RL_Enhanced,10,52,2,2,16,inf
RL_Enhanced,10,52,2,2,17,inf
RL_Enhanced,10,52,2,2,18,inf
RL_Enhanced,10,52,2,2,19,inf
RL_Enhanced,10,52,2,2,20,inf
RL_Enhanced,10,52,2,2,21,inf
RL_Enhanced,10,52,2,2,22,inf
RL_Enhanced,10,52,2,2,23,inf
RL_Enhanced,10,52,2,2,24,inf
RL_Enhanced,10,52,2,2,25,inf
RL_Enhanced,10,52,2,2,26,inf
RL_Enhanced,10,52,2,2,27,inf
RL_Enhanced,10,52,2,2,28,inf
RL_Enhanced,10,52,2,2,29,inf
RL_Enhanced,10,52,2,2,30,inf
RL_Enhanced,10,52,2,2,31,inf
RL_Enhanced,10,52,2,2,32,inf
RL_Enhanced,10,52,2,2,33,inf
RL_Enhanced,10,52,2,2,34,inf
RL_Enhanced,10,52,2,2,35,inf
RL_Enhanced,10,52,2,2,36,inf
RL_Enhanced,10,52,2,2,37,inf
RL_Enhanced,10,52,2,2,38,inf
RL_Enhanced,10,52,2,2,39,inf
RL_Enhanced,10,52,2,2,40,inf
RL_Enhanced,10,52,2,2,41,inf
RL_Enhanced,10,52,2,2,42,inf
RL_Enhanced,10,52,2,2,43,inf
RL_Enhanced,10,52,2,2,44,inf
RL_Enhanced,10,52,2,2,45,inf
RL_Enhanced,10,52,2,2,46,inf
RL_Enhanced,10,52,2,2,47,inf
RL_Enhanced,10,52,2,2,48,inf
RL_Enhanced,10,52,2,2,49,inf
RL_Enhanced,10,52,2,2,50,inf
RL_Enhanced,10,52,2,2,51,inf
RL_Enhanced,10,52,2,2,52,inf
RL_Enhanced,10,52,2,2,53,inf
RL_Enhanced,10,52,2,2,54,inf
RL_Enhanced,10,52,2,2,55,inf
RL_Enhanced,10,52,2,2,56,inf
RL_Enhanced,10,52,2,2,57,inf
RL_Enhanced,10,52,2,2,58,inf
RL_Enhanced,10,52,2,2,59,inf
RL_Enhanced,10,52,2,2,60,inf
RL_Enhanced,10,52,2,2,61,inf
RL_Enhanced,10,52,2,2,62,inf
RL_Enhanced,10,52,2,2,63,inf
RL_Enhanced,10,52,2,2,64,inf
RL_Enhanced,10,52,2,2,65,inf
RL_Enhanced,10,52,2,2,66,inf
RL_Enhanced,10,52,2,2,67,inf
RL_Enhanced,10,52,2,2,68,inf
RL_Enhanced,10,52,2,2,69,inf
RL_Enhanced,10,52,2,2,70,inf
RL_Enhanced,10,52,2,2,71,inf
RL_Enhanced,10,52,2,2,72,inf
RL_Enhanced,10,52,2,2,73,inf
RL_Enhanced,10,52,2,2,74,inf
RL_Enhanced,10,52,2,2,75,inf
RL_Enhanced,10,52,2,2,76,inf
RL_Enhanced,10,52,2,2,77,inf
RL_Enhanced,10,52,2,2,78,inf
RL_Enhanced,10,52,2,2,79,inf
RL_Enhanced,10,52,2,2,80,inf
RL_Enhanced,10,52,2,2,81,inf
RL_Enhanced,10,52,2,2,82,inf
RL_Enhanced,10,52,2,2,83,inf
RL_Enhanced,10,52,2,2,84,inf
RL_Enhanced,10,52,2,2,85,inf
RL_Enhanced,10,52,2,2,86,inf
RL_Enhanced,10,52,2,2,87,inf
RL_Enhanced,10,52,2,2,88,inf
RL_Enhanced,10,52,2,2,89,inf
RL_Enhanced,10,52,2,2,90,inf
RL_Enhanced,10,52,2,2,91,inf
RL_Enhanced,10,52,2,2,92,inf
RL_Enhanced,10,52,2,2,93,inf
RL_Enhanced,10,52,2,2,94,inf
RL_Enhanced,10,52,2,2,95,inf
RL_Enhanced,10,52,2,2,96,inf
RL_Enhanced,10,52,2,2,97,inf
RL_Enhanced,10,52,2,2,98,inf
RL_Enhanced,10,52,2,2,99,inf
RL_Enhanced,10,52,2,2,100,inf
Random,10,52,2,3,1,inf
Random,10,52,2,3,2,inf
Random,10,52,2,3,3,inf
Random,10,52,2,3,4,inf
Random,10,52,2,3,5,inf
Random,10,52,2,3,6,inf
Random,10,52,2,3,7,inf
Random,10,52,2,3,8,inf
Random,10,52,2,3,9,inf
Random,10,52,2,3,10,inf
Random,10,52,2,3,11,inf
Random,10,52,2,3,12,inf
Random,10,52,2,3,13,inf
Random,10,52,2,3,14,inf
Random,10,52,2,3,15,inf
Random,10,52,2,3,16,inf
Random,10,52,2,3,17,inf
Random,10,52,2,3,18,inf
Random,10,52,2,3,19,inf
Random,10,52,2,3,20,inf
Random,10,52,2,3,21,inf
Random,10,52,2,3,22,inf
Random,10,52,2,3,23,inf
Random,10,52,2,3,24,inf
Random,10,52,2,3,25,inf
Random,10,52,2,3,26,inf
Random,10,52,2,3,27,inf
Random,10,52,2,3,28,inf
Random,10,52,2,3,29,inf
Random,10,52,2,3,30,inf
Random,10,52,2,3,31,inf
Random,10,52,2,3,32,inf
Random,10,52,2,3,33,inf
Random,10,52,2,3,34,inf
Random,10,52,2,3,35,inf
Random,10,52,2,3,36,inf
Random,10,52,2,3,37,inf
Random,10,52,2,3,38,inf
Random,10,52,2,3,39,inf
Random,10,52,2,3,40,inf
Random,10,52,2,3,41,inf
Random,10,52,2,3,42,inf
Random,10,52,2,3,43,inf
Random,10,52,2,3,44,inf
Random,10,52,2,3,45,inf
Random,10,52,2,3,46,inf
Random,10,52,2,3,47,inf
Random,10,52,2,3,48,inf
Random,10,52,2,3,49,inf
Random,10,52,2,3,50,inf
Random,10,52,2,3,51,inf
Random,10,52,2,3,52,inf
Random,10,52,2,3,53,inf
Random,10,52,2,3,54,inf
Random,10,52,2,3,55,inf
Random,10,52,2,3,56,inf
Random,10,52,2,3,57,inf
Random,10,52,2,3,58,inf
Random,10,52,2,3,59,inf
Random,10,52,2,3,60,inf
Random,10,52,2,3,61,inf
Random,10,52,2,3,62,inf
Random,10,52,2,3,63,inf
Random,10,52,2,3,64,inf
Random,10,52,2,3,65,inf
Random,10,52,2,3,66,inf
Random,10,52,2,3,67,inf
Random,10,52,2,3,68,inf
Random,10,52,2,3,69,inf
Random,10,52,2,3,70,inf
Random,10,52,2,3,71,inf
Random,10,52,2,3,72,inf
Random,10,52,2,3,73,inf
Random,10,52,2,3,74,inf
Random,10,52,2,3,75,inf
Random,10,52,2,3,76,inf
Random,10,52,2,3,77,inf
Random,10,52,2,3,78,inf
Random,10,52,2,3,79,inf
Random,10,52,2,3,80,inf
Random,10,52,2,3,81,inf
Random,10,52,2,3,82,inf
Random,10,52,2,3,83,inf
Random,10,52,2,3,84,inf
Random,10,52,2,3,85,inf
Random,10,52,2,3,86,inf
Random,10,52,2,3,87,inf
Random,10,52,2,3,88,inf
Random,10,52,2,3,89,inf
Random,10,52,2,3,90,inf
Random,10,52,2,3,91,inf
Random,10,52,2,3,92,inf
Random,10,52,2,3,93,inf
Random,10,52,2,3,94,inf
Random,10,52,2,3,95,inf
Random,10,52,2,3,96,inf
Random,10,52,2,3,97,inf
Random,10,52,2,3,98,inf
Random,10,52,2,3,99,inf
Random,10,52,2,3,100,inf
qLogEI,10,52,2,3,1,inf
qLogEI,10,52,2,3,2,inf
qLogEI,10,52,2,3,3,inf
qLogEI,10,52,2,3,4,inf
qLogEI,10,52,2,3,5,inf
qLogEI,10,52,2,3,6,inf
qLogEI,10,52,2,3,7,inf
qLogEI,10,52,2,3,8,inf
qLogEI,10,52,2,3,9,inf
qLogEI,10,52,2,3,10,inf
qLogEI,10,52,2,3,11,inf
qLogEI,10,52,2,3,12,inf
qLogEI,10,52,2,3,13,inf
qLogEI,10,52,2,3,14,inf
qLogEI,10,52,2,3,15,inf
qLogEI,10,52,2,3,16,inf
qLogEI,10,52,2,3,17,inf
qLogEI,10,52,2,3,18,inf
qLogEI,10,52,2,3,19,inf
qLogEI,10,52,2,3,20,inf
qLogEI,10,52,2,3,21,inf
qLogEI,10,52,2,3,22,inf
qLogEI,10,52,2,3,23,inf
qLogEI,10,52,2,3,24,inf
qLogEI,10,52,2,3,25,inf
qLogEI,10,52,2,3,26,inf
qLogEI,10,52,2,3,27,inf
qLogEI,10,52,2,3,28,inf
qLogEI,10,52,2,3,29,inf
qLogEI,10,52,2,3,30,inf
qLogEI,10,52,2,3,31,inf
qLogEI,10,52,2,3,32,inf
qLogEI,10,52,2,3,33,inf
qLogEI,10,52,2,3,34,inf
qLogEI,10,52,2,3,35,inf
qLogEI,10,52,2,3,36,inf
qLogEI,10,52,2,3,37,inf
qLogEI,10,52,2,3,38,inf
qLogEI,10,52,2,3,39,inf
qLogEI,10,52,2,3,40,inf
qLogEI,10,52,2,3,41,inf
qLogEI,10,52,2,3,42,inf
qLogEI,10,52,2,3,43,inf
qLogEI,10,52,2,3,44,inf
qLogEI,10,52,2,3,45,inf
qLogEI,10,52,2,3,46,inf
qLogEI,10,52,2,3,47,inf
qLogEI,10,52,2,3,48,inf
qLogEI,10,52,2,3,49,inf
qLogEI,10,52,2,3,50,inf
qLogEI,10,52,2,3,51,inf
qLogEI,10,52,2,3,52,inf
qLogEI,10,52,2,3,53,inf
qLogEI,10,52,2,3,54,inf
qLogEI,10,52,2,3,55,inf
qLogEI,10,52,2,3,56,inf
qLogEI,10,52,2,3,57,inf
qLogEI,10,52,2,3,58,inf
qLogEI,10,52,2,3,59,inf
qLogEI,10,52,2,3,60,inf
qLogEI,10,52,2,3,61,inf
qLogEI,10,52,2,3,62,inf
qLogEI,10,52,2,3,63,inf
qLogEI,10,52,2,3,64,inf
qLogEI,10,52,2,3,65,inf
qLogEI,10,52,2,3,66,inf
qLogEI,10,52,2,3,67,inf
qLogEI,10,52,2,3,68,inf
qLogEI,10,52,2,3,69,inf
qLogEI,10,52,2,3,70,inf
qLogEI,10,52,2,3,71,inf
qLogEI,10,52,2,3,72,inf
qLogEI,10,52,2,3,73,inf
qLogEI,10,52,2,3,74,inf
qLogEI,10,52,2,3,75,inf
qLogEI,10,52,2,3,76,inf
qLogEI,10,52,2,3,77,inf
qLogEI,10,52,2,3,78,inf
qLogEI,10,52,2,3,79,inf
qLogEI,10,52,2,3,80,inf
qLogEI,10,52,2,3,81,inf
qLogEI,10,52,2,3,82,inf
qLogEI,10,52,2,3,83,inf
qLogEI,10,52,2,3,84,inf
qLogEI,10,52,2,3,85,inf
qLogEI,10,52,2,3,86,inf
qLogEI,10,52,2,3,87,inf
qLogEI,10,52,2,3,88,inf
qLogEI,10,52,2,3,89,inf
qLogEI,10,52,2,3,90,inf
qLogEI,10,52,2,3,91,inf
qLogEI,10,52,2,3,92,inf
qLogEI,10,52,2,3,93,inf
qLogEI,10,52,2,3,94,inf
qLogEI,10,52,2,3,95,inf
qLogEI,10,52,2,3,96,inf
qLogEI,10,52,2,3,97,inf
qLogEI,10,52,2,3,98,inf
qLogEI,10,52,2,3,99,inf
qLogEI,10,52,2,3,100,inf
RL_Enhanced,10,52,2,3,1,inf
RL_Enhanced,10,52,2,3,2,inf
RL_Enhanced,10,52,2,3,3,inf
RL_Enhanced,10,52,2,3,4,inf
RL_Enhanced,10,52,2,3,5,inf
RL_Enhanced,10,52,2,3,6,inf
RL_Enhanced,10,52,2,3,7,inf
RL_Enhanced,10,52,2,3,8,inf
RL_Enhanced,10,52,2,3,9,inf
RL_Enhanced,10,52,2,3,10,inf
RL_Enhanced,10,52,2,3,11,inf
RL_Enhanced,10,52,2,3,12,inf
RL_Enhanced,10,52,2,3,13,inf
RL_Enhanced,10,52,2,3,14,inf
RL_Enhanced,10,52,2,3,15,inf
RL_Enhanced,10,52,2,3,16,inf
RL_Enhanced,10,52,2,3,17,inf
RL_Enhanced,10,52,2,3,18,inf
RL_Enhanced,10,52,2,3,19,inf
RL_Enhanced,10,52,2,3,20,inf
RL_Enhanced,10,52,2,3,21,inf
RL_Enhanced,10,52,2,3,22,inf
RL_Enhanced,10,52,2,3,23,inf
RL_Enhanced,10,52,2,3,24,inf
RL_Enhanced,10,52,2,3,25,inf
RL_Enhanced,10,52,2,3,26,inf
RL_Enhanced,10,52,2,3,27,inf
RL_Enhanced,10,52,2,3,28,inf
RL_Enhanced,10,52,2,3,29,inf
RL_Enhanced,10,52,2,3,30,inf
RL_Enhanced,10,52,2,3,31,inf
RL_Enhanced,10,52,2,3,32,inf
RL_Enhanced,10,52,2,3,33,inf
RL_Enhanced,10,52,2,3,34,inf
RL_Enhanced,10,52,2,3,35,inf
RL_Enhanced,10,52,2,3,36,inf
RL_Enhanced,10,52,2,3,37,inf
RL_Enhanced,10,52,2,3,38,inf
RL_Enhanced,10,52,2,3,39,inf
RL_Enhanced,10,52,2,3,40,inf
RL_Enhanced,10,52,2,3,41,inf
RL_Enhanced,10,52,2,3,42,inf
RL_Enhanced,10,52,2,3,43,inf
RL_Enhanced,10,52,2,3,44,inf
RL_Enhanced,10,52,2,3,45,inf
RL_Enhanced,10,52,2,3,46,inf
RL_Enhanced,10,52,2,3,47,inf
RL_Enhanced,10,52,2,3,48,inf
RL_Enhanced,10,52,2,3,49,inf
RL_Enhanced,10,52,2,3,50,inf
RL_Enhanced,10,52,2,3,51,inf
RL_Enhanced,10,52,2,3,52,inf
RL_Enhanced,10,52,2,3,53,inf
RL_Enhanced,10,52,2,3,54,inf
RL_Enhanced,10,52,2,3,55,inf
RL_Enhanced,10,52,2,3,56,inf
RL_Enhanced,10,52,2,3,57,inf
RL_Enhanced,10,52,2,3,58,inf
RL_Enhanced,10,52,2,3,59,inf
RL_Enhanced,10,52,2,3,60,inf
RL_Enhanced,10,52,2,3,61,inf
RL_Enhanced,10,52,2,3,62,inf
RL_Enhanced,10,52,2,3,63,inf
RL_Enhanced,10,52,2,3,64,inf
RL_Enhanced,10,52,2,3,65,inf
RL_Enhanced,10,52,2,3,66,inf
RL_Enhanced,10,52,2,3,67,inf
RL_Enhanced,10,52,2,3,68,inf
RL_Enhanced,10,52,2,3,69,inf
RL_Enhanced,10,52,2,3,70,inf
RL_Enhanced,10,52,2,3,71,inf
RL_Enhanced,10,52,2,3,72,inf
RL_Enhanced,10,52,2,3,73,inf
RL_Enhanced,10,52,2,3,74,inf
RL_Enhanced,10,52,2,3,75,inf
RL_Enhanced,10,52,2,3,76,inf
RL_Enhanced,10,52,2,3,77,inf
RL_Enhanced,10,52,2,3,78,inf
RL_Enhanced,10,52,2,3,79,inf
RL_Enhanced,10,52,2,3,80,inf
RL_Enhanced,10,52,2,3,81,inf
RL_Enhanced,10,52,2,3,82,inf
RL_Enhanced,10,52,2,3,83,inf
RL_Enhanced,10,52,2,3,84,inf
RL_Enhanced,10,52,2,3,85,inf
RL_Enhanced,10,52,2,3,86,inf
RL_Enhanced,10,52,2,3,87,inf
RL_Enhanced,10,52,2,3,88,inf
RL_Enhanced,10,52,2,3,89,inf
RL_Enhanced,10,52,2,3,90,inf
RL_Enhanced,10,52,2,3,91,inf
RL_Enhanced,10,52,2,3,92,inf
RL_Enhanced,10,52,2,3,93,inf
RL_Enhanced,10,52,2,3,94,inf
RL_Enhanced,10,52,2,3,95,inf
RL_Enhanced,10,52,2,3,96,inf
RL_Enhanced,10,52,2,3,97,inf
RL_Enhanced,10,52,2,3,98,inf
RL_Enhanced,10,52,2,3,99,inf
RL_Enhanced,10,52,2,3,100,inf
Random,10,52,2,4,1,inf
Random,10,52,2,4,2,inf
Random,10,52,2,4,3,inf
Random,10,52,2,4,4,inf
Random,10,52,2,4,5,inf
Random,10,52,2,4,6,inf
Random,10,52,2,4,7,inf
Random,10,52,2,4,8,inf
Random,10,52,2,4,9,inf
Random,10,52,2,4,10,inf
Random,10,52,2,4,11,inf
Random,10,52,2,4,12,inf
Random,10,52,2,4,13,inf
Random,10,52,2,4,14,inf
Random,10,52,2,4,15,inf
Random,10,52,2,4,16,inf
Random,10,52,2,4,17,inf
Random,10,52,2,4,18,inf
Random,10,52,2,4,19,inf
Random,10,52,2,4,20,inf
Random,10,52,2,4,21,inf
Random,10,52,2,4,22,inf
Random,10,52,2,4,23,inf
Random,10,52,2,4,24,inf
Random,10,52,2,4,25,inf
Random,10,52,2,4,26,inf
Random,10,52,2,4,27,inf
Random,10,52,2,4,28,inf
Random,10,52,2,4,29,inf
Random,10,52,2,4,30,inf
Random,10,52,2,4,31,inf
Random,10,52,2,4,32,inf
Random,10,52,2,4,33,inf
Random,10,52,2,4,34,inf
Random,10,52,2,4,35,inf
Random,10,52,2,4,36,inf
Random,10,52,2,4,37,inf
Random,10,52,2,4,38,inf
Random,10,52,2,4,39,inf
Random,10,52,2,4,40,inf
Random,10,52,2,4,41,inf
Random,10,52,2,4,42,inf
Random,10,52,2,4,43,inf
Random,10,52,2,4,44,inf
Random,10,52,2,4,45,inf
Random,10,52,2,4,46,inf
Random,10,52,2,4,47,inf
Random,10,52,2,4,48,inf
Random,10,52,2,4,49,inf
Random,10,52,2,4,50,inf
Random,10,52,2,4,51,inf
Random,10,52,2,4,52,inf
Random,10,52,2,4,53,inf
Random,10,52,2,4,54,inf
Random,10,52,2,4,55,inf
Random,10,52,2,4,56,inf
Random,10,52,2,4,57,inf
Random,10,52,2,4,58,inf
Random,10,52,2,4,59,inf
Random,10,52,2,4,60,inf
Random,10,52,2,4,61,inf
Random,10,52,2,4,62,inf
Random,10,52,2,4,63,inf
Random,10,52,2,4,64,inf
Random,10,52,2,4,65,inf
Random,10,52,2,4,66,inf
Random,10,52,2,4,67,inf
Random,10,52,2,4,68,inf
Random,10,52,2,4,69,inf
Random,10,52,2,4,70,inf
Random,10,52,2,4,71,inf
Random,10,52,2,4,72,inf
Random,10,52,2,4,73,inf
Random,10,52,2,4,74,inf
Random,10,52,2,4,75,inf
Random,10,52,2,4,76,inf
Random,10,52,2,4,77,inf
Random,10,52,2,4,78,inf
Random,10,52,2,4,79,inf
Random,10,52,2,4,80,inf
Random,10,52,2,4,81,inf
Random,10,52,2,4,82,inf
Random,10,52,2,4,83,inf
Random,10,52,2,4,84,inf
Random,10,52,2,4,85,inf
Random,10,52,2,4,86,inf
Random,10,52,2,4,87,inf
Random,10,52,2,4,88,inf
Random,10,52,2,4,89,inf
Random,10,52,2,4,90,inf
Random,10,52,2,4,91,inf
Random,10,52,2,4,92,inf
Random,10,52,2,4,93,inf
Random,10,52,2,4,94,inf
Random,10,52,2,4,95,inf
Random,10,52,2,4,96,inf
Random,10,52,2,4,97,inf
Random,10,52,2,4,98,inf
Random,10,52,2,4,99,inf
Random,10,52,2,4,100,inf
qLogEI,10,52,2,4,1,inf
qLogEI,10,52,2,4,2,inf
qLogEI,10,52,2,4,3,inf
qLogEI,10,52,2,4,4,inf
qLogEI,10,52,2,4,5,inf
qLogEI,10,52,2,4,6,inf
qLogEI,10,52,2,4,7,inf
qLogEI,10,52,2,4,8,inf
qLogEI,10,52,2,4,9,inf
qLogEI,10,52,2,4,10,inf
qLogEI,10,52,2,4,11,inf
qLogEI,10,52,2,4,12,inf
qLogEI,10,52,2,4,13,inf
qLogEI,10,52,2,4,14,inf
qLogEI,10,52,2,4,15,inf
qLogEI,10,52,2,4,16,inf
qLogEI,10,52,2,4,17,inf
qLogEI,10,52,2,4,18,inf
qLogEI,10,52,2,4,19,inf
qLogEI,10,52,2,4,20,inf
qLogEI,10,52,2,4,21,inf
qLogEI,10,52,2,4,22,inf
qLogEI,10,52,2,4,23,inf
qLogEI,10,52,2,4,24,inf
qLogEI,10,52,2,4,25,inf
qLogEI,10,52,2,4,26,inf
qLogEI,10,52,2,4,27,inf
qLogEI,10,52,2,4,28,inf
qLogEI,10,52,2,4,29,inf
qLogEI,10,52,2,4,30,inf
qLogEI,10,52,2,4,31,inf
qLogEI,10,52,2,4,32,inf
qLogEI,10,52,2,4,33,inf
qLogEI,10,52,2,4,34,inf
qLogEI,10,52,2,4,35,inf
qLogEI,10,52,2,4,36,inf
qLogEI,10,52,2,4,37,inf
qLogEI,10,52,2,4,38,inf
qLogEI,10,52,2,4,39,inf
qLogEI,10,52,2,4,40,inf
qLogEI,10,52,2,4,41,inf
qLogEI,10,52,2,4,42,inf
qLogEI,10,52,2,4,43,inf
qLogEI,10,52,2,4,44,inf
qLogEI,10,52,2,4,45,inf
qLogEI,10,52,2,4,46,inf
qLogEI,10,52,2,4,47,inf
qLogEI,10,52,2,4,48,inf
qLogEI,10,52,2,4,49,inf
qLogEI,10,52,2,4,50,inf
qLogEI,10,52,2,4,51,inf
qLogEI,10,52,2,4,52,inf
qLogEI,10,52,2,4,53,inf
qLogEI,10,52,2,4,54,inf
qLogEI,10,52,2,4,55,inf
qLogEI,10,52,2,4,56,inf
qLogEI,10,52,2,4,57,inf
qLogEI,10,52,2,4,58,inf
qLogEI,10,52,2,4,59,inf
qLogEI,10,52,2,4,60,inf
qLogEI,10,52,2,4,61,inf
qLogEI,10,52,2,4,62,inf
qLogEI,10,52,2,4,63,inf
qLogEI,10,52,2,4,64,inf
qLogEI,10,52,2,4,65,inf
qLogEI,10,52,2,4,66,inf
qLogEI,10,52,2,4,67,inf
qLogEI,10,52,2,4,68,inf
qLogEI,10,52,2,4,69,inf
qLogEI,10,52,2,4,70,inf
qLogEI,10,52,2,4,71,inf
qLogEI,10,52,2,4,72,inf
qLogEI,10,52,2,4,73,inf
qLogEI,10,52,2,4,74,inf
qLogEI,10,52,2,4,75,inf
qLogEI,10,52,2,4,76,inf
qLogEI,10,52,2,4,77,inf
qLogEI,10,52,2,4,78,inf
qLogEI,10,52,2,4,79,inf
qLogEI,10,52,2,4,80,inf
qLogEI,10,52,2,4,81,inf
qLogEI,10,52,2,4,82,inf
qLogEI,10,52,2,4,83,inf
qLogEI,10,52,2,4,84,inf
qLogEI,10,52,2,4,85,inf
qLogEI,10,52,2,4,86,inf
qLogEI,10,52,2,4,87,inf
qLogEI,10,52,2,4,88,inf
qLogEI,10,52,2,4,89,inf
qLogEI,10,52,2,4,90,inf
qLogEI,10,52,2,4,91,inf
qLogEI,10,52,2,4,92,inf
qLogEI,10,52,2,4,93,inf
qLogEI,10,52,2,4,94,inf
qLogEI,10,52,2,4,95,inf
qLogEI,10,52,2,4,96,inf
qLogEI,10,52,2,4,97,inf
qLogEI,10,52,2,4,98,inf
qLogEI,10,52,2,4,99,inf
qLogEI,10,52,2,4,100,inf
RL_Enhanced,10,52,2,4,1,inf
RL_Enhanced,10,52,2,4,2,inf
RL_Enhanced,10,52,2,4,3,inf
RL_Enhanced,10,52,2,4,4,inf
RL_Enhanced,10,52,2,4,5,inf
RL_Enhanced,10,52,2,4,6,inf
RL_Enhanced,10,52,2,4,7,inf
RL_Enhanced,10,52,2,4,8,inf
RL_Enhanced,10,52,2,4,9,inf
RL_Enhanced,10,52,2,4,10,inf
RL_Enhanced,10,52,2,4,11,inf
RL_Enhanced,10,52,2,4,12,inf
RL_Enhanced,10,52,2,4,13,inf
RL_Enhanced,10,52,2,4,14,inf
RL_Enhanced,10,52,2,4,15,inf
RL_Enhanced,10,52,2,4,16,inf
RL_Enhanced,10,52,2,4,17,inf
RL_Enhanced,10,52,2,4,18,inf
RL_Enhanced,10,52,2,4,19,inf
RL_Enhanced,10,52,2,4,20,inf
RL_Enhanced,10,52,2,4,21,inf
RL_Enhanced,10,52,2,4,22,inf
RL_Enhanced,10,52,2,4,23,inf
RL_Enhanced,10,52,2,4,24,inf
RL_Enhanced,10,52,2,4,25,inf
RL_Enhanced,10,52,2,4,26,inf
RL_Enhanced,10,52,2,4,27,inf
RL_Enhanced,10,52,2,4,28,inf
RL_Enhanced,10,52,2,4,29,inf
RL_Enhanced,10,52,2,4,30,inf
RL_Enhanced,10,52,2,4,31,inf
RL_Enhanced,10,52,2,4,32,inf
RL_Enhanced,10,52,2,4,33,inf
RL_Enhanced,10,52,2,4,34,inf
RL_Enhanced,10,52,2,4,35,inf
RL_Enhanced,10,52,2,4,36,inf
RL_Enhanced,10,52,2,4,37,inf
RL_Enhanced,10,52,2,4,38,inf
RL_Enhanced,10,52,2,4,39,inf
RL_Enhanced,10,52,2,4,40,inf
RL_Enhanced,10,52,2,4,41,inf
RL_Enhanced,10,52,2,4,42,inf
RL_Enhanced,10,52,2,4,43,inf
RL_Enhanced,10,52,2,4,44,inf
RL_Enhanced,10,52,2,4,45,inf
RL_Enhanced,10,52,2,4,46,inf
RL_Enhanced,10,52,2,4,47,inf
RL_Enhanced,10,52,2,4,48,inf
RL_Enhanced,10,52,2,4,49,inf
RL_Enhanced,10,52,2,4,50,inf
RL_Enhanced,10,52,2,4,51,inf
RL_Enhanced,10,52,2,4,52,inf
RL_Enhanced,10,52,2,4,53,inf
RL_Enhanced,10,52,2,4,54,inf
RL_Enhanced,10,52,2,4,55,inf
RL_Enhanced,10,52,2,4,56,inf
RL_Enhanced,10,52,2,4,57,inf
RL_Enhanced,10,52,2,4,58,inf
RL_Enhanced,10,52,2,4,59,inf
RL_Enhanced,10,52,2,4,60,inf
RL_Enhanced,10,52,2,4,61,inf
RL_Enhanced,10,52,2,4,62,inf
RL_Enhanced,10,52,2,4,63,inf
RL_Enhanced,10,52,2,4,64,inf
RL_Enhanced,10,52,2,4,65,inf
RL_Enhanced,10,52,2,4,66,inf
RL_Enhanced,10,52,2,4,67,inf
RL_Enhanced,10,52,2,4,68,inf
RL_Enhanced,10,52,2,4,69,inf
RL_Enhanced,10,52,2,4,70,inf
RL_Enhanced,10,52,2,4,71,inf
RL_Enhanced,10,52,2,4,72,inf
RL_Enhanced,10,52,2,4,73,inf
RL_Enhanced,10,52,2,4,74,inf
RL_Enhanced,10,52,2,4,75,inf
RL_Enhanced,10,52,2,4,76,inf
RL_Enhanced,10,52,2,4,77,inf
RL_Enhanced,10,52,2,4,78,inf
RL_Enhanced,10,52,2,4,79,inf
RL_Enhanced,10,52,2,4,80,inf
RL_Enhanced,10,52,2,4,81,inf
RL_Enhanced,10,52,2,4,82,inf
RL_Enhanced,10,52,2,4,83,inf
RL_Enhanced,10,52,2,4,84,inf
RL_Enhanced,10,52,2,4,85,inf
RL_Enhanced,10,52,2,4,86,inf
RL_Enhanced,10,52,2,4,87,inf
RL_Enhanced,10,52,2,4,88,inf
RL_Enhanced,10,52,2,4,89,inf
RL_Enhanced,10,52,2,4,90,inf
RL_Enhanced,10,52,2,4,91,inf
RL_Enhanced,10,52,2,4,92,inf
RL_Enhanced,10,52,2,4,93,inf
RL_Enhanced,10,52,2,4,94,inf
RL_Enhanced,10,52,2,4,95,inf
RL_Enhanced,10,52,2,4,96,inf
RL_Enhanced,10,52,2,4,97,inf
RL_Enhanced,10,52,2,4,98,inf
RL_Enhanced,10,52,2,4,99,inf
RL_Enhanced,10,52,2,4,100,inf
Random,10,52,3,0,1,inf
Random,10,52,3,0,2,inf
Random,10,52,3,0,3,inf
Random,10,52,3,0,4,inf
Random,10,52,3,0,5,inf
Random,10,52,3,0,6,inf
Random,10,52,3,0,7,inf
Random,10,52,3,0,8,inf
Random,10,52,3,0,9,inf
Random,10,52,3,0,10,inf
Random,10,52,3,0,11,inf
Random,10,52,3,0,12,inf
Random,10,52,3,0,13,inf
Random,10,52,3,0,14,inf
Random,10,52,3,0,15,inf
Random,10,52,3,0,16,inf
Random,10,52,3,0,17,inf
Random,10,52,3,0,18,inf
Random,10,52,3,0,19,inf
Random,10,52,3,0,20,inf
Random,10,52,3,0,21,inf
Random,10,52,3,0,22,inf
Random,10,52,3,0,23,inf
Random,10,52,3,0,24,inf
Random,10,52,3,0,25,inf
Random,10,52,3,0,26,inf
Random,10,52,3,0,27,inf
Random,10,52,3,0,28,inf
Random,10,52,3,0,29,inf
Random,10,52,3,0,30,inf
Random,10,52,3,0,31,inf
Random,10,52,3,0,32,inf
Random,10,52,3,0,33,inf
Random,10,52,3,0,34,inf
Random,10,52,3,0,35,inf
Random,10,52,3,0,36,inf
Random,10,52,3,0,37,inf
Random,10,52,3,0,38,inf
Random,10,52,3,0,39,inf
Random,10,52,3,0,40,inf
Random,10,52,3,0,41,inf
Random,10,52,3,0,42,inf
Random,10,52,3,0,43,inf
Random,10,52,3,0,44,inf
Random,10,52,3,0,45,inf
Random,10,52,3,0,46,inf
Random,10,52,3,0,47,inf
Random,10,52,3,0,48,inf
Random,10,52,3,0,49,inf
Random,10,52,3,0,50,inf
Random,10,52,3,0,51,inf
Random,10,52,3,0,52,inf
Random,10,52,3,0,53,inf
Random,10,52,3,0,54,inf
Random,10,52,3,0,55,inf
Random,10,52,3,0,56,inf
Random,10,52,3,0,57,inf
Random,10,52,3,0,58,inf
Random,10,52,3,0,59,inf
Random,10,52,3,0,60,inf
Random,10,52,3,0,61,inf
Random,10,52,3,0,62,inf
Random,10,52,3,0,63,inf
Random,10,52,3,0,64,inf
Random,10,52,3,0,65,inf
Random,10,52,3,0,66,inf
Random,10,52,3,0,67,inf
Random,10,52,3,0,68,inf
Random,10,52,3,0,69,inf
Random,10,52,3,0,70,inf
Random,10,52,3,0,71,inf
Random,10,52,3,0,72,inf
Random,10,52,3,0,73,inf
Random,10,52,3,0,74,inf
Random,10,52,3,0,75,inf
Random,10,52,3,0,76,inf
Random,10,52,3,0,77,inf
Random,10,52,3,0,78,inf
Random,10,52,3,0,79,inf
Random,10,52,3,0,80,inf
Random,10,52,3,0,81,inf
Random,10,52,3,0,82,inf
Random,10,52,3,0,83,inf
Random,10,52,3,0,84,inf
Random,10,52,3,0,85,inf
Random,10,52,3,0,86,inf
Random,10,52,3,0,87,inf
Random,10,52,3,0,88,inf
Random,10,52,3,0,89,inf
Random,10,52,3,0,90,inf
Random,10,52,3,0,91,inf
Random,10,52,3,0,92,inf
Random,10,52,3,0,93,inf
Random,10,52,3,0,94,inf
Random,10,52,3,0,95,inf
Random,10,52,3,0,96,inf
Random,10,52,3,0,97,inf
Random,10,52,3,0,98,inf
Random,10,52,3,0,99,inf
Random,10,52,3,0,100,inf
qLogEI,10,52,3,0,1,inf
qLogEI,10,52,3,0,2,inf
qLogEI,10,52,3,0,3,inf
qLogEI,10,52,3,0,4,inf
qLogEI,10,52,3,0,5,inf
qLogEI,10,52,3,0,6,inf
qLogEI,10,52,3,0,7,inf
qLogEI,10,52,3,0,8,inf
qLogEI,10,52,3,0,9,inf
qLogEI,10,52,3,0,10,inf
qLogEI,10,52,3,0,11,inf
qLogEI,10,52,3,0,12,inf
qLogEI,10,52,3,0,13,inf
qLogEI,10,52,3,0,14,inf
qLogEI,10,52,3,0,15,inf
qLogEI,10,52,3,0,16,inf
qLogEI,10,52,3,0,17,inf
qLogEI,10,52,3,0,18,inf
qLogEI,10,52,3,0,19,inf
qLogEI,10,52,3,0,20,inf
qLogEI,10,52,3,0,21,inf
qLogEI,10,52,3,0,22,inf
qLogEI,10,52,3,0,23,inf
qLogEI,10,52,3,0,24,inf
qLogEI,10,52,3,0,25,inf
qLogEI,10,52,3,0,26,inf
qLogEI,10,52,3,0,27,inf
qLogEI,10,52,3,0,28,inf
qLogEI,10,52,3,0,29,inf
qLogEI,10,52,3,0,30,inf
qLogEI,10,52,3,0,31,inf
qLogEI,10,52,3,0,32,inf
qLogEI,10,52,3,0,33,inf
qLogEI,10,52,3,0,34,inf
qLogEI,10,52,3,0,35,inf
qLogEI,10,52,3,0,36,inf
qLogEI,10,52,3,0,37,inf
qLogEI,10,52,3,0,38,inf
qLogEI,10,52,3,0,39,inf
qLogEI,10,52,3,0,40,inf
qLogEI,10,52,3,0,41,inf
qLogEI,10,52,3,0,42,inf
qLogEI,10,52,3,0,43,inf
qLogEI,10,52,3,0,44,inf
qLogEI,10,52,3,0,45,inf
qLogEI,10,52,3,0,46,inf
qLogEI,10,52,3,0,47,inf
qLogEI,10,52,3,0,48,inf
qLogEI,10,52,3,0,49,inf
qLogEI,10,52,3,0,50,inf
qLogEI,10,52,3,0,51,inf
qLogEI,10,52,3,0,52,inf
qLogEI,10,52,3,0,53,inf
qLogEI,10,52,3,0,54,inf
qLogEI,10,52,3,0,55,inf
qLogEI,10,52,3,0,56,inf
qLogEI,10,52,3,0,57,inf
qLogEI,10,52,3,0,58,inf
qLogEI,10,52,3,0,59,inf
qLogEI,10,52,3,0,60,inf
qLogEI,10,52,3,0,61,inf
qLogEI,10,52,3,0,62,inf
qLogEI,10,52,3,0,63,inf
qLogEI,10,52,3,0,64,inf
qLogEI,10,52,3,0,65,inf
qLogEI,10,52,3,0,66,inf
qLogEI,10,52,3,0,67,inf
qLogEI,10,52,3,0,68,inf
qLogEI,10,52,3,0,69,inf
qLogEI,10,52,3,0,70,inf
qLogEI,10,52,3,0,71,inf
qLogEI,10,52,3,0,72,inf
qLogEI,10,52,3,0,73,inf
qLogEI,10,52,3,0,74,inf
qLogEI,10,52,3,0,75,inf
qLogEI,10,52,3,0,76,inf
qLogEI,10,52,3,0,77,inf
qLogEI,10,52,3,0,78,inf
qLogEI,10,52,3,0,79,inf
qLogEI,10,52,3,0,80,inf
qLogEI,10,52,3,0,81,inf
qLogEI,10,52,3,0,82,inf
qLogEI,10,52,3,0,83,inf
qLogEI,10,52,3,0,84,inf
qLogEI,10,52,3,0,85,inf
qLogEI,10,52,3,0,86,inf
qLogEI,10,52,3,0,87,inf
qLogEI,10,52,3,0,88,inf
qLogEI,10,52,3,0,89,inf
qLogEI,10,52,3,0,90,inf
qLogEI,10,52,3,0,91,inf
qLogEI,10,52,3,0,92,inf
qLogEI,10,52,3,0,93,inf
qLogEI,10,52,3,0,94,inf
qLogEI,10,52,3,0,95,inf
qLogEI,10,52,3,0,96,inf
qLogEI,10,52,3,0,97,inf
qLogEI,10,52,3,0,98,inf
qLogEI,10,52,3,0,99,inf
qLogEI,10,52,3,0,100,inf
RL_Enhanced,10,52,3,0,1,inf
RL_Enhanced,10,52,3,0,2,inf
RL_Enhanced,10,52,3,0,3,inf
RL_Enhanced,10,52,3,0,4,inf
RL_Enhanced,10,52,3,0,5,inf
RL_Enhanced,10,52,3,0,6,inf
RL_Enhanced,10,52,3,0,7,inf
RL_Enhanced,10,52,3,0,8,inf
RL_Enhanced,10,52,3,0,9,inf
RL_Enhanced,10,52,3,0,10,inf
RL_Enhanced,10,52,3,0,11,inf
RL_Enhanced,10,52,3,0,12,inf
RL_Enhanced,10,52,3,0,13,inf
RL_Enhanced,10,52,3,0,14,inf
RL_Enhanced,10,52,3,0,15,inf
RL_Enhanced,10,52,3,0,16,inf
RL_Enhanced,10,52,3,0,17,inf
RL_Enhanced,10,52,3,0,18,inf
RL_Enhanced,10,52,3,0,19,inf
RL_Enhanced,10,52,3,0,20,inf
RL_Enhanced,10,52,3,0,21,inf
RL_Enhanced,10,52,3,0,22,inf
RL_Enhanced,10,52,3,0,23,inf
RL_Enhanced,10,52,3,0,24,inf
RL_Enhanced,10,52,3,0,25,inf
RL_Enhanced,10,52,3,0,26,inf
RL_Enhanced,10,52,3,0,27,inf
RL_Enhanced,10,52,3,0,28,inf
RL_Enhanced,10,52,3,0,29,inf
RL_Enhanced,10,52,3,0,30,inf
RL_Enhanced,10,52,3,0,31,inf
RL_Enhanced,10,52,3,0,32,inf
RL_Enhanced,10,52,3,0,33,inf
RL_Enhanced,10,52,3,0,34,inf
RL_Enhanced,10,52,3,0,35,inf
RL_Enhanced,10,52,3,0,36,inf
RL_Enhanced,10,52,3,0,37,inf
RL_Enhanced,10,52,3,0,38,inf
RL_Enhanced,10,52,3,0,39,inf
RL_Enhanced,10,52,3,0,40,inf
RL_Enhanced,10,52,3,0,41,inf
RL_Enhanced,10,52,3,0,42,inf
RL_Enhanced,10,52,3,0,43,inf
RL_Enhanced,10,52,3,0,44,inf
RL_Enhanced,10,52,3,0,45,inf
RL_Enhanced,10,52,3,0,46,inf
RL_Enhanced,10,52,3,0,47,inf
RL_Enhanced,10,52,3,0,48,inf
RL_Enhanced,10,52,3,0,49,inf
RL_Enhanced,10,52,3,0,50,inf
RL_Enhanced,10,52,3,0,51,inf
RL_Enhanced,10,52,3,0,52,inf
RL_Enhanced,10,52,3,0,53,inf
RL_Enhanced,10,52,3,0,54,inf
RL_Enhanced,10,52,3,0,55,inf
RL_Enhanced,10,52,3,0,56,inf
RL_Enhanced,10,52,3,0,57,inf
RL_Enhanced,10,52,3,0,58,inf
RL_Enhanced,10,52,3,0,59,inf
RL_Enhanced,10,52,3,0,60,inf
RL_Enhanced,10,52,3,0,61,inf
RL_Enhanced,10,52,3,0,62,inf
RL_Enhanced,10,52,3,0,63,inf
RL_Enhanced,10,52,3,0,64,inf
RL_Enhanced,10,52,3,0,65,inf
RL_Enhanced,10,52,3,0,66,inf
RL_Enhanced,10,52,3,0,67,inf
RL_Enhanced,10,52,3,0,68,inf
RL_Enhanced,10,52,3,0,69,inf
RL_Enhanced,10,52,3,0,70,inf
RL_Enhanced,10,52,3,0,71,inf
RL_Enhanced,10,52,3,0,72,inf
RL_Enhanced,10,52,3,0,73,inf
RL_Enhanced,10,52,3,0,74,inf
RL_Enhanced,10,52,3,0,75,inf
RL_Enhanced,10,52,3,0,76,inf
RL_Enhanced,10,52,3,0,77,inf
RL_Enhanced,10,52,3,0,78,inf
RL_Enhanced,10,52,3,0,79,inf
RL_Enhanced,10,52,3,0,80,inf
RL_Enhanced,10,52,3,0,81,inf
RL_Enhanced,10,52,3,0,82,inf
RL_Enhanced,10,52,3,0,83,inf
RL_Enhanced,10,52,3,0,84,inf
RL_Enhanced,10,52,3,0,85,inf
RL_Enhanced,10,52,3,0,86,inf
RL_Enhanced,10,52,3,0,87,inf
RL_Enhanced,10,52,3,0,88,inf
RL_Enhanced,10,52,3,0,89,inf
RL_Enhanced,10,52,3,0,90,inf
RL_Enhanced,10,52,3,0,91,inf
RL_Enhanced,10,52,3,0,92,inf
RL_Enhanced,10,52,3,0,93,inf
RL_Enhanced,10,52,3,0,94,inf
RL_Enhanced,10,52,3,0,95,inf
RL_Enhanced,10,52,3,0,96,inf
RL_Enhanced,10,52,3,0,97,inf
RL_Enhanced,10,52,3,0,98,inf
RL_Enhanced,10,52,3,0,99,inf
RL_Enhanced,10,52,3,0,100,inf
Random,10,52,3,1,1,inf
Random,10,52,3,1,2,inf
Random,10,52,3,1,3,inf
Random,10,52,3,1,4,inf
Random,10,52,3,1,5,inf
Random,10,52,3,1,6,inf
Random,10,52,3,1,7,inf
Random,10,52,3,1,8,inf
Random,10,52,3,1,9,inf
Random,10,52,3,1,10,inf
Random,10,52,3,1,11,inf
Random,10,52,3,1,12,inf
Random,10,52,3,1,13,inf
Random,10,52,3,1,14,inf
Random,10,52,3,1,15,inf
Random,10,52,3,1,16,inf
Random,10,52,3,1,17,inf
Random,10,52,3,1,18,inf
Random,10,52,3,1,19,inf
Random,10,52,3,1,20,inf
Random,10,52,3,1,21,inf
Random,10,52,3,1,22,inf
Random,10,52,3,1,23,inf
Random,10,52,3,1,24,inf
Random,10,52,3,1,25,inf
Random,10,52,3,1,26,inf
Random,10,52,3,1,27,inf
Random,10,52,3,1,28,inf
Random,10,52,3,1,29,inf
Random,10,52,3,1,30,inf
Random,10,52,3,1,31,inf
Random,10,52,3,1,32,inf
Random,10,52,3,1,33,inf
Random,10,52,3,1,34,inf
Random,10,52,3,1,35,inf
Random,10,52,3,1,36,inf
Random,10,52,3,1,37,inf
Random,10,52,3,1,38,inf
Random,10,52,3,1,39,inf
Random,10,52,3,1,40,inf
Random,10,52,3,1,41,inf
Random,10,52,3,1,42,inf
Random,10,52,3,1,43,inf
Random,10,52,3,1,44,inf
Random,10,52,3,1,45,inf
Random,10,52,3,1,46,inf
Random,10,52,3,1,47,inf
Random,10,52,3,1,48,inf
Random,10,52,3,1,49,inf
Random,10,52,3,1,50,inf
Random,10,52,3,1,51,inf
Random,10,52,3,1,52,inf
Random,10,52,3,1,53,inf
Random,10,52,3,1,54,inf
Random,10,52,3,1,55,inf
Random,10,52,3,1,56,inf
Random,10,52,3,1,57,inf
Random,10,52,3,1,58,inf
Random,10,52,3,1,59,inf
Random,10,52,3,1,60,inf
Random,10,52,3,1,61,inf
Random,10,52,3,1,62,inf
Random,10,52,3,1,63,inf
Random,10,52,3,1,64,inf
Random,10,52,3,1,65,inf
Random,10,52,3,1,66,inf
Random,10,52,3,1,67,inf
Random,10,52,3,1,68,inf
Random,10,52,3,1,69,inf
Random,10,52,3,1,70,inf
Random,10,52,3,1,71,inf
Random,10,52,3,1,72,inf
Random,10,52,3,1,73,inf
Random,10,52,3,1,74,inf
Random,10,52,3,1,75,inf
Random,10,52,3,1,76,inf
Random,10,52,3,1,77,inf
Random,10,52,3,1,78,inf
Random,10,52,3,1,79,inf
Random,10,52,3,1,80,inf
Random,10,52,3,1,81,inf
Random,10,52,3,1,82,inf
Random,10,52,3,1,83,inf
Random,10,52,3,1,84,inf
Random,10,52,3,1,85,inf
Random,10,52,3,1,86,inf
Random,10,52,3,1,87,inf
Random,10,52,3,1,88,inf
Random,10,52,3,1,89,inf
Random,10,52,3,1,90,inf
Random,10,52,3,1,91,inf
Random,10,52,3,1,92,inf
Random,10,52,3,1,93,inf
Random,10,52,3,1,94,inf
Random,10,52,3,1,95,inf
Random,10,52,3,1,96,inf
Random,10,52,3,1,97,inf
Random,10,52,3,1,98,inf
Random,10,52,3,1,99,inf
Random,10,52,3,1,100,inf
qLogEI,10,52,3,1,1,inf
qLogEI,10,52,3,1,2,inf
qLogEI,10,52,3,1,3,inf
qLogEI,10,52,3,1,4,inf
qLogEI,10,52,3,1,5,inf
qLogEI,10,52,3,1,6,inf
qLogEI,10,52,3,1,7,inf
qLogEI,10,52,3,1,8,inf
qLogEI,10,52,3,1,9,inf
qLogEI,10,52,3,1,10,inf
qLogEI,10,52,3,1,11,inf
qLogEI,10,52,3,1,12,inf
qLogEI,10,52,3,1,13,inf
qLogEI,10,52,3,1,14,inf
qLogEI,10,52,3,1,15,inf
qLogEI,10,52,3,1,16,inf
qLogEI,10,52,3,1,17,inf
qLogEI,10,52,3,1,18,inf
qLogEI,10,52,3,1,19,inf
qLogEI,10,52,3,1,20,inf
qLogEI,10,52,3,1,21,inf
qLogEI,10,52,3,1,22,inf
qLogEI,10,52,3,1,23,inf
qLogEI,10,52,3,1,24,inf
qLogEI,10,52,3,1,25,inf
qLogEI,10,52,3,1,26,inf
qLogEI,10,52,3,1,27,inf
qLogEI,10,52,3,1,28,inf
qLogEI,10,52,3,1,29,inf
qLogEI,10,52,3,1,30,inf
qLogEI,10,52,3,1,31,inf
qLogEI,10,52,3,1,32,inf
qLogEI,10,52,3,1,33,inf
qLogEI,10,52,3,1,34,inf
qLogEI,10,52,3,1,35,inf
qLogEI,10,52,3,1,36,inf
qLogEI,10,52,3,1,37,inf
qLogEI,10,52,3,1,38,inf
qLogEI,10,52,3,1,39,inf
qLogEI,10,52,3,1,40,inf
qLogEI,10,52,3,1,41,inf
qLogEI,10,52,3,1,42,inf
qLogEI,10,52,3,1,43,inf
qLogEI,10,52,3,1,44,inf
qLogEI,10,52,3,1,45,inf
qLogEI,10,52,3,1,46,inf
qLogEI,10,52,3,1,47,inf
qLogEI,10,52,3,1,48,inf
qLogEI,10,52,3,1,49,inf
qLogEI,10,52,3,1,50,inf
qLogEI,10,52,3,1,51,inf
qLogEI,10,52,3,1,52,inf
qLogEI,10,52,3,1,53,inf
qLogEI,10,52,3,1,54,inf
qLogEI,10,52,3,1,55,inf
qLogEI,10,52,3,1,56,inf
qLogEI,10,52,3,1,57,inf
qLogEI,10,52,3,1,58,inf
qLogEI,10,52,3,1,59,inf
qLogEI,10,52,3,1,60,inf
qLogEI,10,52,3,1,61,inf
qLogEI,10,52,3,1,62,inf
qLogEI,10,52,3,1,63,inf
qLogEI,10,52,3,1,64,inf
qLogEI,10,52,3,1,65,inf
qLogEI,10,52,3,1,66,inf
qLogEI,10,52,3,1,67,inf
qLogEI,10,52,3,1,68,inf
qLogEI,10,52,3,1,69,inf
qLogEI,10,52,3,1,70,inf
qLogEI,10,52,3,1,71,inf
qLogEI,10,52,3,1,72,inf
qLogEI,10,52,3,1,73,inf
qLogEI,10,52,3,1,74,inf
qLogEI,10,52,3,1,75,inf
qLogEI,10,52,3,1,76,inf
qLogEI,10,52,3,1,77,inf
qLogEI,10,52,3,1,78,inf
qLogEI,10,52,3,1,79,inf
qLogEI,10,52,3,1,80,inf
qLogEI,10,52,3,1,81,inf
qLogEI,10,52,3,1,82,inf
qLogEI,10,52,3,1,83,inf
qLogEI,10,52,3,1,84,inf
qLogEI,10,52,3,1,85,inf
qLogEI,10,52,3,1,86,inf
qLogEI,10,52,3,1,87,inf
qLogEI,10,52,3,1,88,inf
qLogEI,10,52,3,1,89,inf
qLogEI,10,52,3,1,90,inf
qLogEI,10,52,3,1,91,inf
qLogEI,10,52,3,1,92,inf
qLogEI,10,52,3,1,93,inf
qLogEI,10,52,3,1,94,inf
qLogEI,10,52,3,1,95,inf
qLogEI,10,52,3,1,96,inf
qLogEI,10,52,3,1,97,inf
qLogEI,10,52,3,1,98,inf
qLogEI,10,52,3,1,99,inf
qLogEI,10,52,3,1,100,inf
RL_Enhanced,10,52,3,1,1,inf
RL_Enhanced,10,52,3,1,2,inf
RL_Enhanced,10,52,3,1,3,inf
RL_Enhanced,10,52,3,1,4,inf
RL_Enhanced,10,52,3,1,5,inf
RL_Enhanced,10,52,3,1,6,inf
RL_Enhanced,10,52,3,1,7,inf
RL_Enhanced,10,52,3,1,8,inf
RL_Enhanced,10,52,3,1,9,inf
RL_Enhanced,10,52,3,1,10,inf
RL_Enhanced,10,52,3,1,11,inf
RL_Enhanced,10,52,3,1,12,inf
RL_Enhanced,10,52,3,1,13,inf
RL_Enhanced,10,52,3,1,14,inf
RL_Enhanced,10,52,3,1,15,inf
RL_Enhanced,10,52,3,1,16,inf
RL_Enhanced,10,52,3,1,17,inf
RL_Enhanced,10,52,3,1,18,inf
RL_Enhanced,10,52,3,1,19,inf
RL_Enhanced,10,52,3,1,20,inf
RL_Enhanced,10,52,3,1,21,inf
RL_Enhanced,10,52,3,1,22,inf
RL_Enhanced,10,52,3,1,23,inf
RL_Enhanced,10,52,3,1,24,inf
RL_Enhanced,10,52,3,1,25,inf
RL_Enhanced,10,52,3,1,26,inf
RL_Enhanced,10,52,3,1,27,inf
RL_Enhanced,10,52,3,1,28,inf
RL_Enhanced,10,52,3,1,29,inf
RL_Enhanced,10,52,3,1,30,inf
RL_Enhanced,10,52,3,1,31,inf
RL_Enhanced,10,52,3,1,32,inf
RL_Enhanced,10,52,3,1,33,inf
RL_Enhanced,10,52,3,1,34,inf
RL_Enhanced,10,52,3,1,35,inf
RL_Enhanced,10,52,3,1,36,inf
RL_Enhanced,10,52,3,1,37,inf
RL_Enhanced,10,52,3,1,38,inf
RL_Enhanced,10,52,3,1,39,inf
RL_Enhanced,10,52,3,1,40,inf
RL_Enhanced,10,52,3,1,41,inf
RL_Enhanced,10,52,3,1,42,inf
RL_Enhanced,10,52,3,1,43,inf
RL_Enhanced,10,52,3,1,44,inf
RL_Enhanced,10,52,3,1,45,inf
RL_Enhanced,10,52,3,1,46,inf
RL_Enhanced,10,52,3,1,47,inf
RL_Enhanced,10,52,3,1,48,inf
RL_Enhanced,10,52,3,1,49,inf
RL_Enhanced,10,52,3,1,50,inf
RL_Enhanced,10,52,3,1,51,inf
RL_Enhanced,10,52,3,1,52,inf
RL_Enhanced,10,52,3,1,53,inf
RL_Enhanced,10,52,3,1,54,inf
RL_Enhanced,10,52,3,1,55,inf
RL_Enhanced,10,52,3,1,56,inf
RL_Enhanced,10,52,3,1,57,inf
RL_Enhanced,10,52,3,1,58,inf
RL_Enhanced,10,52,3,1,59,inf
RL_Enhanced,10,52,3,1,60,inf
RL_Enhanced,10,52,3,1,61,inf
RL_Enhanced,10,52,3,1,62,inf
RL_Enhanced,10,52,3,1,63,inf
RL_Enhanced,10,52,3,1,64,inf
RL_Enhanced,10,52,3,1,65,inf
RL_Enhanced,10,52,3,1,66,inf
RL_Enhanced,10,52,3,1,67,inf
RL_Enhanced,10,52,3,1,68,inf
RL_Enhanced,10,52,3,1,69,inf
RL_Enhanced,10,52,3,1,70,inf
RL_Enhanced,10,52,3,1,71,inf
RL_Enhanced,10,52,3,1,72,inf
RL_Enhanced,10,52,3,1,73,inf
RL_Enhanced,10,52,3,1,74,inf
RL_Enhanced,10,52,3,1,75,inf
RL_Enhanced,10,52,3,1,76,inf
RL_Enhanced,10,52,3,1,77,inf
RL_Enhanced,10,52,3,1,78,inf
RL_Enhanced,10,52,3,1,79,inf
RL_Enhanced,10,52,3,1,80,inf
RL_Enhanced,10,52,3,1,81,inf
RL_Enhanced,10,52,3,1,82,inf
RL_Enhanced,10,52,3,1,83,inf
RL_Enhanced,10,52,3,1,84,inf
RL_Enhanced,10,52,3,1,85,inf
RL_Enhanced,10,52,3,1,86,inf
RL_Enhanced,10,52,3,1,87,inf
RL_Enhanced,10,52,3,1,88,inf
RL_Enhanced,10,52,3,1,89,inf
RL_Enhanced,10,52,3,1,90,inf
RL_Enhanced,10,52,3,1,91,inf
RL_Enhanced,10,52,3,1,92,inf
RL_Enhanced,10,52,3,1,93,inf
RL_Enhanced,10,52,3,1,94,inf
RL_Enhanced,10,52,3,1,95,inf
RL_Enhanced,10,52,3,1,96,inf
RL_Enhanced,10,52,3,1,97,inf
RL_Enhanced,10,52,3,1,98,inf
RL_Enhanced,10,52,3,1,99,inf
RL_Enhanced,10,52,3,1,100,inf
Random,10,52,3,2,1,inf
Random,10,52,3,2,2,inf
Random,10,52,3,2,3,inf
Random,10,52,3,2,4,inf
Random,10,52,3,2,5,inf
Random,10,52,3,2,6,inf
Random,10,52,3,2,7,inf
Random,10,52,3,2,8,inf
Random,10,52,3,2,9,inf
Random,10,52,3,2,10,inf
Random,10,52,3,2,11,inf
Random,10,52,3,2,12,inf
Random,10,52,3,2,13,inf
Random,10,52,3,2,14,inf
Random,10,52,3,2,15,inf
Random,10,52,3,2,16,inf
Random,10,52,3,2,17,inf
Random,10,52,3,2,18,inf
Random,10,52,3,2,19,inf
Random,10,52,3,2,20,inf
Random,10,52,3,2,21,inf
Random,10,52,3,2,22,inf
Random,10,52,3,2,23,inf
Random,10,52,3,2,24,inf
Random,10,52,3,2,25,inf
Random,10,52,3,2,26,inf
Random,10,52,3,2,27,inf
Random,10,52,3,2,28,inf
Random,10,52,3,2,29,inf
Random,10,52,3,2,30,inf
Random,10,52,3,2,31,inf
Random,10,52,3,2,32,inf
Random,10,52,3,2,33,inf
Random,10,52,3,2,34,inf
Random,10,52,3,2,35,inf
Random,10,52,3,2,36,inf
Random,10,52,3,2,37,inf
Random,10,52,3,2,38,inf
Random,10,52,3,2,39,inf
Random,10,52,3,2,40,inf
Random,10,52,3,2,41,inf
Random,10,52,3,2,42,inf
Random,10,52,3,2,43,inf
Random,10,52,3,2,44,inf
Random,10,52,3,2,45,inf
Random,10,52,3,2,46,inf
Random,10,52,3,2,47,inf
Random,10,52,3,2,48,inf
Random,10,52,3,2,49,inf
Random,10,52,3,2,50,inf
Random,10,52,3,2,51,inf
Random,10,52,3,2,52,inf
Random,10,52,3,2,53,inf
Random,10,52,3,2,54,inf
Random,10,52,3,2,55,inf
Random,10,52,3,2,56,inf
Random,10,52,3,2,57,inf
Random,10,52,3,2,58,inf
Random,10,52,3,2,59,inf
Random,10,52,3,2,60,inf
Random,10,52,3,2,61,inf
Random,10,52,3,2,62,inf
Random,10,52,3,2,63,inf
Random,10,52,3,2,64,inf
Random,10,52,3,2,65,inf
Random,10,52,3,2,66,inf
Random,10,52,3,2,67,inf
Random,10,52,3,2,68,inf
Random,10,52,3,2,69,inf
Random,10,52,3,2,70,inf
Random,10,52,3,2,71,inf
Random,10,52,3,2,72,inf
Random,10,52,3,2,73,inf
Random,10,52,3,2,74,inf
Random,10,52,3,2,75,inf
Random,10,52,3,2,76,inf
Random,10,52,3,2,77,inf
Random,10,52,3,2,78,inf
Random,10,52,3,2,79,inf
Random,10,52,3,2,80,inf
Random,10,52,3,2,81,inf
Random,10,52,3,2,82,inf
Random,10,52,3,2,83,inf
Random,10,52,3,2,84,inf
Random,10,52,3,2,85,inf
Random,10,52,3,2,86,inf
Random,10,52,3,2,87,inf
Random,10,52,3,2,88,inf
Random,10,52,3,2,89,inf
Random,10,52,3,2,90,inf
Random,10,52,3,2,91,inf
Random,10,52,3,2,92,inf
Random,10,52,3,2,93,inf
Random,10,52,3,2,94,inf
Random,10,52,3,2,95,inf
Random,10,52,3,2,96,inf
Random,10,52,3,2,97,inf
Random,10,52,3,2,98,inf
Random,10,52,3,2,99,inf
Random,10,52,3,2,100,inf
qLogEI,10,52,3,2,1,inf
qLogEI,10,52,3,2,2,inf
qLogEI,10,52,3,2,3,inf
qLogEI,10,52,3,2,4,inf
qLogEI,10,52,3,2,5,inf
qLogEI,10,52,3,2,6,inf
qLogEI,10,52,3,2,7,inf
qLogEI,10,52,3,2,8,inf
qLogEI,10,52,3,2,9,inf
qLogEI,10,52,3,2,10,inf
qLogEI,10,52,3,2,11,inf
qLogEI,10,52,3,2,12,inf
qLogEI,10,52,3,2,13,inf
qLogEI,10,52,3,2,14,inf
qLogEI,10,52,3,2,15,inf
qLogEI,10,52,3,2,16,inf
qLogEI,10,52,3,2,17,inf
qLogEI,10,52,3,2,18,inf
qLogEI,10,52,3,2,19,inf
qLogEI,10,52,3,2,20,inf
qLogEI,10,52,3,2,21,inf
qLogEI,10,52,3,2,22,inf
qLogEI,10,52,3,2,23,inf
qLogEI,10,52,3,2,24,inf
qLogEI,10,52,3,2,25,inf
qLogEI,10,52,3,2,26,inf
qLogEI,10,52,3,2,27,inf
qLogEI,10,52,3,2,28,inf
qLogEI,10,52,3,2,29,inf
qLogEI,10,52,3,2,30,inf
qLogEI,10,52,3,2,31,inf
qLogEI,10,52,3,2,32,inf
qLogEI,10,52,3,2,33,inf
qLogEI,10,52,3,2,34,inf
qLogEI,10,52,3,2,35,inf
qLogEI,10,52,3,2,36,inf
qLogEI,10,52,3,2,37,inf
qLogEI,10,52,3,2,38,inf
qLogEI,10,52,3,2,39,inf
qLogEI,10,52,3,2,40,inf
qLogEI,10,52,3,2,41,inf
qLogEI,10,52,3,2,42,inf
qLogEI,10,52,3,2,43,inf
qLogEI,10,52,3,2,44,inf
qLogEI,10,52,3,2,45,inf
qLogEI,10,52,3,2,46,inf
qLogEI,10,52,3,2,47,inf
qLogEI,10,52,3,2,48,inf
qLogEI,10,52,3,2,49,inf
qLogEI,10,52,3,2,50,inf
qLogEI,10,52,3,2,51,inf
qLogEI,10,52,3,2,52,inf
qLogEI,10,52,3,2,53,inf
qLogEI,10,52,3,2,54,inf
qLogEI,10,52,3,2,55,inf
qLogEI,10,52,3,2,56,inf
qLogEI,10,52,3,2,57,inf
qLogEI,10,52,3,2,58,inf
qLogEI,10,52,3,2,59,inf
qLogEI,10,52,3,2,60,inf
qLogEI,10,52,3,2,61,inf
qLogEI,10,52,3,2,62,inf
qLogEI,10,52,3,2,63,inf
qLogEI,10,52,3,2,64,inf
qLogEI,10,52,3,2,65,inf
qLogEI,10,52,3,2,66,inf
qLogEI,10,52,3,2,67,inf
qLogEI,10,52,3,2,68,inf
qLogEI,10,52,3,2,69,inf
qLogEI,10,52,3,2,70,inf
qLogEI,10,52,3,2,71,inf
qLogEI,10,52,3,2,72,inf
qLogEI,10,52,3,2,73,inf
qLogEI,10,52,3,2,74,inf
qLogEI,10,52,3,2,75,inf
qLogEI,10,52,3,2,76,inf
qLogEI,10,52,3,2,77,inf
qLogEI,10,52,3,2,78,inf
qLogEI,10,52,3,2,79,inf
qLogEI,10,52,3,2,80,inf
qLogEI,10,52,3,2,81,inf
qLogEI,10,52,3,2,82,inf
qLogEI,10,52,3,2,83,inf
qLogEI,10,52,3,2,84,inf
qLogEI,10,52,3,2,85,inf
qLogEI,10,52,3,2,86,inf
qLogEI,10,52,3,2,87,inf
qLogEI,10,52,3,2,88,inf
qLogEI,10,52,3,2,89,inf
qLogEI,10,52,3,2,90,inf
qLogEI,10,52,3,2,91,inf
qLogEI,10,52,3,2,92,inf
qLogEI,10,52,3,2,93,inf
qLogEI,10,52,3,2,94,inf
qLogEI,10,52,3,2,95,inf
qLogEI,10,52,3,2,96,inf
qLogEI,10,52,3,2,97,inf
qLogEI,10,52,3,2,98,inf
qLogEI,10,52,3,2,99,inf
qLogEI,10,52,3,2,100,inf
RL_Enhanced,10,52,3,2,1,inf
RL_Enhanced,10,52,3,2,2,inf
RL_Enhanced,10,52,3,2,3,inf
RL_Enhanced,10,52,3,2,4,inf
RL_Enhanced,10,52,3,2,5,inf
RL_Enhanced,10,52,3,2,6,inf
RL_Enhanced,10,52,3,2,7,inf
RL_Enhanced,10,52,3,2,8,inf
RL_Enhanced,10,52,3,2,9,inf
RL_Enhanced,10,52,3,2,10,inf
RL_Enhanced,10,52,3,2,11,inf
RL_Enhanced,10,52,3,2,12,inf
RL_Enhanced,10,52,3,2,13,inf
RL_Enhanced,10,52,3,2,14,inf
RL_Enhanced,10,52,3,2,15,inf
RL_Enhanced,10,52,3,2,16,inf
RL_Enhanced,10,52,3,2,17,inf
RL_Enhanced,10,52,3,2,18,inf
RL_Enhanced,10,52,3,2,19,inf
RL_Enhanced,10,52,3,2,20,inf
RL_Enhanced,10,52,3,2,21,inf
RL_Enhanced,10,52,3,2,22,inf
RL_Enhanced,10,52,3,2,23,inf
RL_Enhanced,10,52,3,2,24,inf
RL_Enhanced,10,52,3,2,25,inf
RL_Enhanced,10,52,3,2,26,inf
RL_Enhanced,10,52,3,2,27,inf
RL_Enhanced,10,52,3,2,28,inf
RL_Enhanced,10,52,3,2,29,inf
RL_Enhanced,10,52,3,2,30,inf
RL_Enhanced,10,52,3,2,31,inf
RL_Enhanced,10,52,3,2,32,inf
RL_Enhanced,10,52,3,2,33,inf
RL_Enhanced,10,52,3,2,34,inf
RL_Enhanced,10,52,3,2,35,inf
RL_Enhanced,10,52,3,2,36,inf
RL_Enhanced,10,52,3,2,37,inf
RL_Enhanced,10,52,3,2,38,inf
RL_Enhanced,10,52,3,2,39,inf
RL_Enhanced,10,52,3,2,40,inf
RL_Enhanced,10,52,3,2,41,inf
RL_Enhanced,10,52,3,2,42,inf
RL_Enhanced,10,52,3,2,43,inf
RL_Enhanced,10,52,3,2,44,inf
RL_Enhanced,10,52,3,2,45,inf
RL_Enhanced,10,52,3,2,46,inf
RL_Enhanced,10,52,3,2,47,inf
RL_Enhanced,10,52,3,2,48,inf
RL_Enhanced,10,52,3,2,49,inf
RL_Enhanced,10,52,3,2,50,inf
RL_Enhanced,10,52,3,2,51,inf
RL_Enhanced,10,52,3,2,52,inf
RL_Enhanced,10,52,3,2,53,inf
RL_Enhanced,10,52,3,2,54,inf
RL_Enhanced,10,52,3,2,55,inf
RL_Enhanced,10,52,3,2,56,inf
RL_Enhanced,10,52,3,2,57,inf
RL_Enhanced,10,52,3,2,58,inf
RL_Enhanced,10,52,3,2,59,inf
RL_Enhanced,10,52,3,2,60,inf
RL_Enhanced,10,52,3,2,61,inf
RL_Enhanced,10,52,3,2,62,inf
RL_Enhanced,10,52,3,2,63,inf
RL_Enhanced,10,52,3,2,64,inf
RL_Enhanced,10,52,3,2,65,inf
RL_Enhanced,10,52,3,2,66,inf
RL_Enhanced,10,52,3,2,67,inf
RL_Enhanced,10,52,3,2,68,inf
RL_Enhanced,10,52,3,2,69,inf
RL_Enhanced,10,52,3,2,70,inf
RL_Enhanced,10,52,3,2,71,inf
RL_Enhanced,10,52,3,2,72,inf
RL_Enhanced,10,52,3,2,73,inf
RL_Enhanced,10,52,3,2,74,inf
RL_Enhanced,10,52,3,2,75,inf
RL_Enhanced,10,52,3,2,76,inf
RL_Enhanced,10,52,3,2,77,inf
RL_Enhanced,10,52,3,2,78,inf
RL_Enhanced,10,52,3,2,79,inf
RL_Enhanced,10,52,3,2,80,inf
RL_Enhanced,10,52,3,2,81,inf
RL_Enhanced,10,52,3,2,82,inf
RL_Enhanced,10,52,3,2,83,inf
RL_Enhanced,10,52,3,2,84,inf
RL_Enhanced,10,52,3,2,85,inf
RL_Enhanced,10,52,3,2,86,inf
RL_Enhanced,10,52,3,2,87,inf
RL_Enhanced,10,52,3,2,88,inf
RL_Enhanced,10,52,3,2,89,inf
RL_Enhanced,10,52,3,2,90,inf
RL_Enhanced,10,52,3,2,91,inf
RL_Enhanced,10,52,3,2,92,inf
RL_Enhanced,10,52,3,2,93,inf
RL_Enhanced,10,52,3,2,94,inf
RL_Enhanced,10,52,3,2,95,inf
RL_Enhanced,10,52,3,2,96,inf
RL_Enhanced,10,52,3,2,97,inf
RL_Enhanced,10,52,3,2,98,inf
RL_Enhanced,10,52,3,2,99,inf
RL_Enhanced,10,52,3,2,100,inf
Random,10,52,3,3,1,inf
Random,10,52,3,3,2,inf
Random,10,52,3,3,3,inf
Random,10,52,3,3,4,inf
Random,10,52,3,3,5,inf
Random,10,52,3,3,6,inf
Random,10,52,3,3,7,inf
Random,10,52,3,3,8,inf
Random,10,52,3,3,9,inf
Random,10,52,3,3,10,inf
Random,10,52,3,3,11,inf
Random,10,52,3,3,12,inf
Random,10,52,3,3,13,inf
Random,10,52,3,3,14,inf
Random,10,52,3,3,15,inf
Random,10,52,3,3,16,inf
Random,10,52,3,3,17,inf
Random,10,52,3,3,18,inf
Random,10,52,3,3,19,inf
Random,10,52,3,3,20,inf
Random,10,52,3,3,21,inf
Random,10,52,3,3,22,inf
Random,10,52,3,3,23,inf
Random,10,52,3,3,24,inf
Random,10,52,3,3,25,inf
Random,10,52,3,3,26,inf
Random,10,52,3,3,27,inf
Random,10,52,3,3,28,inf
Random,10,52,3,3,29,inf
Random,10,52,3,3,30,inf
Random,10,52,3,3,31,inf
Random,10,52,3,3,32,inf
Random,10,52,3,3,33,inf
Random,10,52,3,3,34,inf
Random,10,52,3,3,35,inf
Random,10,52,3,3,36,inf
Random,10,52,3,3,37,inf
Random,10,52,3,3,38,inf
Random,10,52,3,3,39,inf
Random,10,52,3,3,40,inf
Random,10,52,3,3,41,inf
Random,10,52,3,3,42,inf
Random,10,52,3,3,43,inf
Random,10,52,3,3,44,inf
Random,10,52,3,3,45,inf
Random,10,52,3,3,46,inf
Random,10,52,3,3,47,inf
Random,10,52,3,3,48,inf
Random,10,52,3,3,49,inf
Random,10,52,3,3,50,inf
Random,10,52,3,3,51,inf
Random,10,52,3,3,52,inf
Random,10,52,3,3,53,inf
Random,10,52,3,3,54,inf
Random,10,52,3,3,55,inf
Random,10,52,3,3,56,inf
Random,10,52,3,3,57,inf
Random,10,52,3,3,58,inf
Random,10,52,3,3,59,inf
Random,10,52,3,3,60,inf
Random,10,52,3,3,61,inf
Random,10,52,3,3,62,inf
Random,10,52,3,3,63,inf
Random,10,52,3,3,64,inf
Random,10,52,3,3,65,inf
Random,10,52,3,3,66,inf
Random,10,52,3,3,67,inf
Random,10,52,3,3,68,inf
Random,10,52,3,3,69,inf
Random,10,52,3,3,70,inf
Random,10,52,3,3,71,inf
Random,10,52,3,3,72,inf
Random,10,52,3,3,73,inf
Random,10,52,3,3,74,inf
Random,10,52,3,3,75,inf
Random,10,52,3,3,76,inf
Random,10,52,3,3,77,inf
Random,10,52,3,3,78,inf
Random,10,52,3,3,79,inf
Random,10,52,3,3,80,inf
Random,10,52,3,3,81,inf
Random,10,52,3,3,82,inf
Random,10,52,3,3,83,inf
Random,10,52,3,3,84,inf
Random,10,52,3,3,85,inf
Random,10,52,3,3,86,inf
Random,10,52,3,3,87,inf
Random,10,52,3,3,88,inf
Random,10,52,3,3,89,inf
Random,10,52,3,3,90,inf
Random,10,52,3,3,91,inf
Random,10,52,3,3,92,inf
Random,10,52,3,3,93,inf
Random,10,52,3,3,94,inf
Random,10,52,3,3,95,inf
Random,10,52,3,3,96,inf
Random,10,52,3,3,97,inf
Random,10,52,3,3,98,inf
Random,10,52,3,3,99,inf
Random,10,52,3,3,100,inf
qLogEI,10,52,3,3,1,inf
qLogEI,10,52,3,3,2,inf
qLogEI,10,52,3,3,3,inf
qLogEI,10,52,3,3,4,inf
qLogEI,10,52,3,3,5,inf
qLogEI,10,52,3,3,6,inf
qLogEI,10,52,3,3,7,inf
qLogEI,10,52,3,3,8,inf
qLogEI,10,52,3,3,9,inf
qLogEI,10,52,3,3,10,inf
qLogEI,10,52,3,3,11,inf
qLogEI,10,52,3,3,12,inf
qLogEI,10,52,3,3,13,inf
qLogEI,10,52,3,3,14,inf
qLogEI,10,52,3,3,15,inf
qLogEI,10,52,3,3,16,inf
qLogEI,10,52,3,3,17,inf
qLogEI,10,52,3,3,18,inf
qLogEI,10,52,3,3,19,inf
qLogEI,10,52,3,3,20,inf
qLogEI,10,52,3,3,21,inf
qLogEI,10,52,3,3,22,inf
qLogEI,10,52,3,3,23,inf
qLogEI,10,52,3,3,24,inf
qLogEI,10,52,3,3,25,inf
qLogEI,10,52,3,3,26,inf
qLogEI,10,52,3,3,27,inf
qLogEI,10,52,3,3,28,inf
qLogEI,10,52,3,3,29,inf
qLogEI,10,52,3,3,30,inf
qLogEI,10,52,3,3,31,inf
qLogEI,10,52,3,3,32,inf
qLogEI,10,52,3,3,33,inf
qLogEI,10,52,3,3,34,inf
qLogEI,10,52,3,3,35,inf
qLogEI,10,52,3,3,36,inf
qLogEI,10,52,3,3,37,inf
qLogEI,10,52,3,3,38,inf
qLogEI,10,52,3,3,39,inf
qLogEI,10,52,3,3,40,inf
qLogEI,10,52,3,3,41,inf
qLogEI,10,52,3,3,42,inf
qLogEI,10,52,3,3,43,inf
qLogEI,10,52,3,3,44,inf
qLogEI,10,52,3,3,45,inf
qLogEI,10,52,3,3,46,inf
qLogEI,10,52,3,3,47,inf
qLogEI,10,52,3,3,48,inf
qLogEI,10,52,3,3,49,inf
qLogEI,10,52,3,3,50,inf
qLogEI,10,52,3,3,51,inf
qLogEI,10,52,3,3,52,inf
qLogEI,10,52,3,3,53,inf
qLogEI,10,52,3,3,54,inf
qLogEI,10,52,3,3,55,inf
qLogEI,10,52,3,3,56,inf
qLogEI,10,52,3,3,57,inf
qLogEI,10,52,3,3,58,inf
qLogEI,10,52,3,3,59,inf
qLogEI,10,52,3,3,60,inf
qLogEI,10,52,3,3,61,inf
qLogEI,10,52,3,3,62,inf
qLogEI,10,52,3,3,63,inf
qLogEI,10,52,3,3,64,inf
qLogEI,10,52,3,3,65,inf
qLogEI,10,52,3,3,66,inf
qLogEI,10,52,3,3,67,inf
qLogEI,10,52,3,3,68,inf
qLogEI,10,52,3,3,69,inf
qLogEI,10,52,3,3,70,inf
qLogEI,10,52,3,3,71,inf
qLogEI,10,52,3,3,72,inf
qLogEI,10,52,3,3,73,inf
qLogEI,10,52,3,3,74,inf
qLogEI,10,52,3,3,75,inf
qLogEI,10,52,3,3,76,inf
qLogEI,10,52,3,3,77,inf
qLogEI,10,52,3,3,78,inf
qLogEI,10,52,3,3,79,inf
qLogEI,10,52,3,3,80,inf
qLogEI,10,52,3,3,81,inf
qLogEI,10,52,3,3,82,inf
qLogEI,10,52,3,3,83,inf
qLogEI,10,52,3,3,84,inf
qLogEI,10,52,3,3,85,inf
qLogEI,10,52,3,3,86,inf
qLogEI,10,52,3,3,87,inf
qLogEI,10,52,3,3,88,inf
qLogEI,10,52,3,3,89,inf
qLogEI,10,52,3,3,90,inf
qLogEI,10,52,3,3,91,inf
qLogEI,10,52,3,3,92,inf
qLogEI,10,52,3,3,93,inf
qLogEI,10,52,3,3,94,inf
qLogEI,10,52,3,3,95,inf
qLogEI,10,52,3,3,96,inf
qLogEI,10,52,3,3,97,inf
qLogEI,10,52,3,3,98,inf
qLogEI,10,52,3,3,99,inf
qLogEI,10,52,3,3,100,inf
RL_Enhanced,10,52,3,3,1,inf
RL_Enhanced,10,52,3,3,2,inf
RL_Enhanced,10,52,3,3,3,inf
RL_Enhanced,10,52,3,3,4,inf
RL_Enhanced,10,52,3,3,5,inf
RL_Enhanced,10,52,3,3,6,inf
RL_Enhanced,10,52,3,3,7,inf
RL_Enhanced,10,52,3,3,8,inf
RL_Enhanced,10,52,3,3,9,inf
RL_Enhanced,10,52,3,3,10,inf
RL_Enhanced,10,52,3,3,11,inf
RL_Enhanced,10,52,3,3,12,inf
RL_Enhanced,10,52,3,3,13,inf
RL_Enhanced,10,52,3,3,14,inf
RL_Enhanced,10,52,3,3,15,inf
RL_Enhanced,10,52,3,3,16,inf
RL_Enhanced,10,52,3,3,17,inf
RL_Enhanced,10,52,3,3,18,inf
RL_Enhanced,10,52,3,3,19,inf
RL_Enhanced,10,52,3,3,20,inf
RL_Enhanced,10,52,3,3,21,inf
RL_Enhanced,10,52,3,3,22,inf
RL_Enhanced,10,52,3,3,23,inf
RL_Enhanced,10,52,3,3,24,inf
RL_Enhanced,10,52,3,3,25,inf
RL_Enhanced,10,52,3,3,26,inf
RL_Enhanced,10,52,3,3,27,inf
RL_Enhanced,10,52,3,3,28,inf
RL_Enhanced,10,52,3,3,29,inf
RL_Enhanced,10,52,3,3,30,inf
RL_Enhanced,10,52,3,3,31,inf
RL_Enhanced,10,52,3,3,32,inf
RL_Enhanced,10,52,3,3,33,inf
RL_Enhanced,10,52,3,3,34,inf
RL_Enhanced,10,52,3,3,35,inf
RL_Enhanced,10,52,3,3,36,inf
RL_Enhanced,10,52,3,3,37,inf
RL_Enhanced,10,52,3,3,38,inf
RL_Enhanced,10,52,3,3,39,inf
RL_Enhanced,10,52,3,3,40,inf
RL_Enhanced,10,52,3,3,41,inf
RL_Enhanced,10,52,3,3,42,inf
RL_Enhanced,10,52,3,3,43,inf
RL_Enhanced,10,52,3,3,44,inf
RL_Enhanced,10,52,3,3,45,inf
RL_Enhanced,10,52,3,3,46,inf
RL_Enhanced,10,52,3,3,47,inf
RL_Enhanced,10,52,3,3,48,inf
RL_Enhanced,10,52,3,3,49,inf
RL_Enhanced,10,52,3,3,50,inf
RL_Enhanced,10,52,3,3,51,inf
RL_Enhanced,10,52,3,3,52,inf
RL_Enhanced,10,52,3,3,53,inf
RL_Enhanced,10,52,3,3,54,inf
RL_Enhanced,10,52,3,3,55,inf
RL_Enhanced,10,52,3,3,56,inf
RL_Enhanced,10,52,3,3,57,inf
RL_Enhanced,10,52,3,3,58,inf
RL_Enhanced,10,52,3,3,59,inf
RL_Enhanced,10,52,3,3,60,inf
RL_Enhanced,10,52,3,3,61,inf
RL_Enhanced,10,52,3,3,62,inf
RL_Enhanced,10,52,3,3,63,inf
RL_Enhanced,10,52,3,3,64,inf
RL_Enhanced,10,52,3,3,65,inf
RL_Enhanced,10,52,3,3,66,inf
RL_Enhanced,10,52,3,3,67,inf
RL_Enhanced,10,52,3,3,68,inf
RL_Enhanced,10,52,3,3,69,inf
RL_Enhanced,10,52,3,3,70,inf
RL_Enhanced,10,52,3,3,71,inf
RL_Enhanced,10,52,3,3,72,inf
RL_Enhanced,10,52,3,3,73,inf
RL_Enhanced,10,52,3,3,74,inf
RL_Enhanced,10,52,3,3,75,inf
RL_Enhanced,10,52,3,3,76,inf
RL_Enhanced,10,52,3,3,77,inf
RL_Enhanced,10,52,3,3,78,inf
RL_Enhanced,10,52,3,3,79,inf
RL_Enhanced,10,52,3,3,80,inf
RL_Enhanced,10,52,3,3,81,inf
RL_Enhanced,10,52,3,3,82,inf
RL_Enhanced,10,52,3,3,83,inf
RL_Enhanced,10,52,3,3,84,inf
RL_Enhanced,10,52,3,3,85,inf
RL_Enhanced,10,52,3,3,86,inf
RL_Enhanced,10,52,3,3,87,inf
RL_Enhanced,10,52,3,3,88,inf
RL_Enhanced,10,52,3,3,89,inf
RL_Enhanced,10,52,3,3,90,inf
RL_Enhanced,10,52,3,3,91,inf
RL_Enhanced,10,52,3,3,92,inf
RL_Enhanced,10,52,3,3,93,inf
RL_Enhanced,10,52,3,3,94,inf
RL_Enhanced,10,52,3,3,95,inf
RL_Enhanced,10,52,3,3,96,inf
RL_Enhanced,10,52,3,3,97,inf
RL_Enhanced,10,52,3,3,98,inf
RL_Enhanced,10,52,3,3,99,inf
RL_Enhanced,10,52,3,3,100,inf
Random,10,52,3,4,1,inf
Random,10,52,3,4,2,inf
Random,10,52,3,4,3,inf
Random,10,52,3,4,4,inf
Random,10,52,3,4,5,inf
Random,10,52,3,4,6,inf
Random,10,52,3,4,7,inf
Random,10,52,3,4,8,inf
Random,10,52,3,4,9,inf
Random,10,52,3,4,10,inf
Random,10,52,3,4,11,inf
Random,10,52,3,4,12,inf
Random,10,52,3,4,13,inf
Random,10,52,3,4,14,inf
Random,10,52,3,4,15,inf
Random,10,52,3,4,16,inf
Random,10,52,3,4,17,inf
Random,10,52,3,4,18,inf
Random,10,52,3,4,19,inf
Random,10,52,3,4,20,inf
Random,10,52,3,4,21,inf
Random,10,52,3,4,22,inf
Random,10,52,3,4,23,inf
Random,10,52,3,4,24,inf
Random,10,52,3,4,25,inf
Random,10,52,3,4,26,inf
Random,10,52,3,4,27,inf
Random,10,52,3,4,28,inf
Random,10,52,3,4,29,inf
Random,10,52,3,4,30,inf
Random,10,52,3,4,31,inf
Random,10,52,3,4,32,inf
Random,10,52,3,4,33,inf
Random,10,52,3,4,34,inf
Random,10,52,3,4,35,inf
Random,10,52,3,4,36,inf
Random,10,52,3,4,37,inf
Random,10,52,3,4,38,inf
Random,10,52,3,4,39,inf
Random,10,52,3,4,40,inf
Random,10,52,3,4,41,inf
Random,10,52,3,4,42,inf
Random,10,52,3,4,43,inf
Random,10,52,3,4,44,inf
Random,10,52,3,4,45,inf
Random,10,52,3,4,46,inf
Random,10,52,3,4,47,inf
Random,10,52,3,4,48,inf
Random,10,52,3,4,49,inf
Random,10,52,3,4,50,inf
Random,10,52,3,4,51,inf
Random,10,52,3,4,52,inf
Random,10,52,3,4,53,inf
Random,10,52,3,4,54,inf
Random,10,52,3,4,55,inf
Random,10,52,3,4,56,inf
Random,10,52,3,4,57,inf
Random,10,52,3,4,58,inf
Random,10,52,3,4,59,inf
Random,10,52,3,4,60,inf
Random,10,52,3,4,61,inf
Random,10,52,3,4,62,inf
Random,10,52,3,4,63,inf
Random,10,52,3,4,64,inf
Random,10,52,3,4,65,inf
Random,10,52,3,4,66,inf
Random,10,52,3,4,67,inf
Random,10,52,3,4,68,inf
Random,10,52,3,4,69,inf
Random,10,52,3,4,70,inf
Random,10,52,3,4,71,inf
Random,10,52,3,4,72,inf
Random,10,52,3,4,73,inf
Random,10,52,3,4,74,inf
Random,10,52,3,4,75,inf
Random,10,52,3,4,76,inf
Random,10,52,3,4,77,inf
Random,10,52,3,4,78,inf
Random,10,52,3,4,79,inf
Random,10,52,3,4,80,inf
Random,10,52,3,4,81,inf
Random,10,52,3,4,82,inf
Random,10,52,3,4,83,inf
Random,10,52,3,4,84,inf
Random,10,52,3,4,85,inf
Random,10,52,3,4,86,inf
Random,10,52,3,4,87,inf
Random,10,52,3,4,88,inf
Random,10,52,3,4,89,inf
Random,10,52,3,4,90,inf
Random,10,52,3,4,91,inf
Random,10,52,3,4,92,inf
Random,10,52,3,4,93,inf
Random,10,52,3,4,94,inf
Random,10,52,3,4,95,inf
Random,10,52,3,4,96,inf
Random,10,52,3,4,97,inf
Random,10,52,3,4,98,inf
Random,10,52,3,4,99,inf
Random,10,52,3,4,100,inf
qLogEI,10,52,3,4,1,inf
qLogEI,10,52,3,4,2,inf
qLogEI,10,52,3,4,3,inf
qLogEI,10,52,3,4,4,inf
qLogEI,10,52,3,4,5,inf
qLogEI,10,52,3,4,6,inf
qLogEI,10,52,3,4,7,inf
qLogEI,10,52,3,4,8,inf
qLogEI,10,52,3,4,9,inf
qLogEI,10,52,3,4,10,inf
qLogEI,10,52,3,4,11,inf
qLogEI,10,52,3,4,12,inf
qLogEI,10,52,3,4,13,inf
qLogEI,10,52,3,4,14,inf
qLogEI,10,52,3,4,15,inf
qLogEI,10,52,3,4,16,inf
qLogEI,10,52,3,4,17,inf
qLogEI,10,52,3,4,18,inf
qLogEI,10,52,3,4,19,inf
qLogEI,10,52,3,4,20,inf
qLogEI,10,52,3,4,21,inf
qLogEI,10,52,3,4,22,inf
qLogEI,10,52,3,4,23,inf
qLogEI,10,52,3,4,24,inf
qLogEI,10,52,3,4,25,inf
qLogEI,10,52,3,4,26,inf
qLogEI,10,52,3,4,27,inf
qLogEI,10,52,3,4,28,inf
qLogEI,10,52,3,4,29,inf
qLogEI,10,52,3,4,30,inf
qLogEI,10,52,3,4,31,inf
qLogEI,10,52,3,4,32,inf
qLogEI,10,52,3,4,33,inf
qLogEI,10,52,3,4,34,inf
qLogEI,10,52,3,4,35,inf
qLogEI,10,52,3,4,36,inf
qLogEI,10,52,3,4,37,inf
qLogEI,10,52,3,4,38,inf
qLogEI,10,52,3,4,39,inf
qLogEI,10,52,3,4,40,inf
qLogEI,10,52,3,4,41,inf
qLogEI,10,52,3,4,42,inf
qLogEI,10,52,3,4,43,inf
qLogEI,10,52,3,4,44,inf
qLogEI,10,52,3,4,45,inf
qLogEI,10,52,3,4,46,inf
qLogEI,10,52,3,4,47,inf
qLogEI,10,52,3,4,48,inf
qLogEI,10,52,3,4,49,inf
qLogEI,10,52,3,4,50,inf
qLogEI,10,52,3,4,51,inf
qLogEI,10,52,3,4,52,inf
qLogEI,10,52,3,4,53,inf
qLogEI,10,52,3,4,54,inf
qLogEI,10,52,3,4,55,inf
qLogEI,10,52,3,4,56,inf
qLogEI,10,52,3,4,57,inf
qLogEI,10,52,3,4,58,inf
qLogEI,10,52,3,4,59,inf
qLogEI,10,52,3,4,60,inf
qLogEI,10,52,3,4,61,inf
qLogEI,10,52,3,4,62,inf
qLogEI,10,52,3,4,63,inf
qLogEI,10,52,3,4,64,inf
qLogEI,10,52,3,4,65,inf
qLogEI,10,52,3,4,66,inf
qLogEI,10,52,3,4,67,inf
qLogEI,10,52,3,4,68,inf
qLogEI,10,52,3,4,69,inf
qLogEI,10,52,3,4,70,inf
qLogEI,10,52,3,4,71,inf
qLogEI,10,52,3,4,72,inf
qLogEI,10,52,3,4,73,inf
qLogEI,10,52,3,4,74,inf
qLogEI,10,52,3,4,75,inf
qLogEI,10,52,3,4,76,inf
qLogEI,10,52,3,4,77,inf
qLogEI,10,52,3,4,78,inf
qLogEI,10,52,3,4,79,inf
qLogEI,10,52,3,4,80,inf
qLogEI,10,52,3,4,81,inf
qLogEI,10,52,3,4,82,inf
qLogEI,10,52,3,4,83,inf
qLogEI,10,52,3,4,84,inf
qLogEI,10,52,3,4,85,inf
qLogEI,10,52,3,4,86,inf
qLogEI,10,52,3,4,87,inf
qLogEI,10,52,3,4,88,inf
qLogEI,10,52,3,4,89,inf
qLogEI,10,52,3,4,90,inf
qLogEI,10,52,3,4,91,inf
qLogEI,10,52,3,4,92,inf
qLogEI,10,52,3,4,93,inf
qLogEI,10,52,3,4,94,inf
qLogEI,10,52,3,4,95,inf
qLogEI,10,52,3,4,96,inf
qLogEI,10,52,3,4,97,inf
qLogEI,10,52,3,4,98,inf
qLogEI,10,52,3,4,99,inf
qLogEI,10,52,3,4,100,inf
RL_Enhanced,10,52,3,4,1,inf
RL_Enhanced,10,52,3,4,2,inf
RL_Enhanced,10,52,3,4,3,inf
RL_Enhanced,10,52,3,4,4,inf
RL_Enhanced,10,52,3,4,5,inf
RL_Enhanced,10,52,3,4,6,inf
RL_Enhanced,10,52,3,4,7,inf
RL_Enhanced,10,52,3,4,8,inf
RL_Enhanced,10,52,3,4,9,inf
RL_Enhanced,10,52,3,4,10,inf
RL_Enhanced,10,52,3,4,11,inf
RL_Enhanced,10,52,3,4,12,inf
RL_Enhanced,10,52,3,4,13,inf
RL_Enhanced,10,52,3,4,14,inf
RL_Enhanced,10,52,3,4,15,inf
RL_Enhanced,10,52,3,4,16,inf
RL_Enhanced,10,52,3,4,17,inf
RL_Enhanced,10,52,3,4,18,inf
RL_Enhanced,10,52,3,4,19,inf
RL_Enhanced,10,52,3,4,20,inf
RL_Enhanced,10,52,3,4,21,inf
RL_Enhanced,10,52,3,4,22,inf
RL_Enhanced,10,52,3,4,23,inf
RL_Enhanced,10,52,3,4,24,inf
RL_Enhanced,10,52,3,4,25,inf
RL_Enhanced,10,52,3,4,26,inf
RL_Enhanced,10,52,3,4,27,inf
RL_Enhanced,10,52,3,4,28,inf
RL_Enhanced,10,52,3,4,29,inf
RL_Enhanced,10,52,3,4,30,inf
RL_Enhanced,10,52,3,4,31,inf
RL_Enhanced,10,52,3,4,32,inf
RL_Enhanced,10,52,3,4,33,inf
RL_Enhanced,10,52,3,4,34,inf
RL_Enhanced,10,52,3,4,35,inf
RL_Enhanced,10,52,3,4,36,inf
RL_Enhanced,10,52,3,4,37,inf
RL_Enhanced,10,52,3,4,38,inf
RL_Enhanced,10,52,3,4,39,inf
RL_Enhanced,10,52,3,4,40,inf
RL_Enhanced,10,52,3,4,41,inf
RL_Enhanced,10,52,3,4,42,inf
RL_Enhanced,10,52,3,4,43,inf
RL_Enhanced,10,52,3,4,44,inf
RL_Enhanced,10,52,3,4,45,inf
RL_Enhanced,10,52,3,4,46,inf
RL_Enhanced,10,52,3,4,47,inf
RL_Enhanced,10,52,3,4,48,inf
RL_Enhanced,10,52,3,4,49,inf
RL_Enhanced,10,52,3,4,50,inf
RL_Enhanced,10,52,3,4,51,inf
RL_Enhanced,10,52,3,4,52,inf
RL_Enhanced,10,52,3,4,53,inf
RL_Enhanced,10,52,3,4,54,inf
RL_Enhanced,10,52,3,4,55,inf
RL_Enhanced,10,52,3,4,56,inf
RL_Enhanced,10,52,3,4,57,inf
RL_Enhanced,10,52,3,4,58,inf
RL_Enhanced,10,52,3,4,59,inf
RL_Enhanced,10,52,3,4,60,inf
RL_Enhanced,10,52,3,4,61,inf
RL_Enhanced,10,52,3,4,62,inf
RL_Enhanced,10,52,3,4,63,inf
RL_Enhanced,10,52,3,4,64,inf
RL_Enhanced,10,52,3,4,65,inf
RL_Enhanced,10,52,3,4,66,inf
RL_Enhanced,10,52,3,4,67,inf
RL_Enhanced,10,52,3,4,68,inf
RL_Enhanced,10,52,3,4,69,inf
RL_Enhanced,10,52,3,4,70,inf
RL_Enhanced,10,52,3,4,71,inf
RL_Enhanced,10,52,3,4,72,inf
RL_Enhanced,10,52,3,4,73,inf
RL_Enhanced,10,52,3,4,74,inf
RL_Enhanced,10,52,3,4,75,inf
RL_Enhanced,10,52,3,4,76,inf
RL_Enhanced,10,52,3,4,77,inf
RL_Enhanced,10,52,3,4,78,inf
RL_Enhanced,10,52,3,4,79,inf
RL_Enhanced,10,52,3,4,80,inf
RL_Enhanced,10,52,3,4,81,inf
RL_Enhanced,10,52,3,4,82,inf
RL_Enhanced,10,52,3,4,83,inf
RL_Enhanced,10,52,3,4,84,inf
RL_Enhanced,10,52,3,4,85,inf
RL_Enhanced,10,52,3,4,86,inf
RL_Enhanced,10,52,3,4,87,inf
RL_Enhanced,10,52,3,4,88,inf
RL_Enhanced,10,52,3,4,89,inf
RL_Enhanced,10,52,3,4,90,inf
RL_Enhanced,10,52,3,4,91,inf
RL_Enhanced,10,52,3,4,92,inf
RL_Enhanced,10,52,3,4,93,inf
RL_Enhanced,10,52,3,4,94,inf
RL_Enhanced,10,52,3,4,95,inf
RL_Enhanced,10,52,3,4,96,inf
RL_Enhanced,10,52,3,4,97,inf
RL_Enhanced,10,52,3,4,98,inf
RL_Enhanced,10,52,3,4,99,inf
RL_Enhanced,10,52,3,4,100,inf
Random,10,54,1,0,1,inf
Random,10,54,1,0,2,inf
Random,10,54,1,0,3,inf
Random,10,54,1,0,4,inf
Random,10,54,1,0,5,inf
Random,10,54,1,0,6,inf
Random,10,54,1,0,7,inf
Random,10,54,1,0,8,inf
Random,10,54,1,0,9,inf
Random,10,54,1,0,10,inf
Random,10,54,1,0,11,inf
Random,10,54,1,0,12,inf
Random,10,54,1,0,13,inf
Random,10,54,1,0,14,inf
Random,10,54,1,0,15,inf
Random,10,54,1,0,16,inf
Random,10,54,1,0,17,inf
Random,10,54,1,0,18,inf
Random,10,54,1,0,19,inf
Random,10,54,1,0,20,inf
Random,10,54,1,0,21,inf
Random,10,54,1,0,22,inf
Random,10,54,1,0,23,inf
Random,10,54,1,0,24,inf
Random,10,54,1,0,25,inf
Random,10,54,1,0,26,inf
Random,10,54,1,0,27,inf
Random,10,54,1,0,28,inf
Random,10,54,1,0,29,inf
Random,10,54,1,0,30,inf
Random,10,54,1,0,31,inf
Random,10,54,1,0,32,inf
Random,10,54,1,0,33,inf
Random,10,54,1,0,34,inf
Random,10,54,1,0,35,inf
Random,10,54,1,0,36,inf
Random,10,54,1,0,37,inf
Random,10,54,1,0,38,inf
Random,10,54,1,0,39,inf
Random,10,54,1,0,40,inf
Random,10,54,1,0,41,inf
Random,10,54,1,0,42,inf
Random,10,54,1,0,43,inf
Random,10,54,1,0,44,inf
Random,10,54,1,0,45,inf
Random,10,54,1,0,46,inf
Random,10,54,1,0,47,inf
Random,10,54,1,0,48,inf
Random,10,54,1,0,49,inf
Random,10,54,1,0,50,inf
Random,10,54,1,0,51,inf
Random,10,54,1,0,52,inf
Random,10,54,1,0,53,inf
Random,10,54,1,0,54,inf
Random,10,54,1,0,55,inf
Random,10,54,1,0,56,inf
Random,10,54,1,0,57,inf
Random,10,54,1,0,58,inf
Random,10,54,1,0,59,inf
Random,10,54,1,0,60,inf
Random,10,54,1,0,61,inf
Random,10,54,1,0,62,inf
Random,10,54,1,0,63,inf
Random,10,54,1,0,64,inf
Random,10,54,1,0,65,inf
Random,10,54,1,0,66,inf
Random,10,54,1,0,67,inf
Random,10,54,1,0,68,inf
Random,10,54,1,0,69,inf
Random,10,54,1,0,70,inf
Random,10,54,1,0,71,inf
Random,10,54,1,0,72,inf
Random,10,54,1,0,73,inf
Random,10,54,1,0,74,inf
Random,10,54,1,0,75,inf
Random,10,54,1,0,76,inf
Random,10,54,1,0,77,inf
Random,10,54,1,0,78,inf
Random,10,54,1,0,79,inf
Random,10,54,1,0,80,inf
Random,10,54,1,0,81,inf
Random,10,54,1,0,82,inf
Random,10,54,1,0,83,inf
Random,10,54,1,0,84,inf
Random,10,54,1,0,85,inf
Random,10,54,1,0,86,inf
Random,10,54,1,0,87,inf
Random,10,54,1,0,88,inf
Random,10,54,1,0,89,inf
Random,10,54,1,0,90,inf
Random,10,54,1,0,91,inf
Random,10,54,1,0,92,inf
Random,10,54,1,0,93,inf
Random,10,54,1,0,94,inf
Random,10,54,1,0,95,inf
Random,10,54,1,0,96,inf
Random,10,54,1,0,97,inf
Random,10,54,1,0,98,inf
Random,10,54,1,0,99,inf
Random,10,54,1,0,100,inf
qLogEI,10,54,1,0,1,inf
qLogEI,10,54,1,0,2,inf
qLogEI,10,54,1,0,3,inf
qLogEI,10,54,1,0,4,inf
qLogEI,10,54,1,0,5,inf
qLogEI,10,54,1,0,6,inf
qLogEI,10,54,1,0,7,inf
qLogEI,10,54,1,0,8,inf
qLogEI,10,54,1,0,9,inf
qLogEI,10,54,1,0,10,inf
qLogEI,10,54,1,0,11,inf
qLogEI,10,54,1,0,12,inf
qLogEI,10,54,1,0,13,inf
qLogEI,10,54,1,0,14,inf
qLogEI,10,54,1,0,15,inf
qLogEI,10,54,1,0,16,inf
qLogEI,10,54,1,0,17,inf
qLogEI,10,54,1,0,18,inf
qLogEI,10,54,1,0,19,inf
qLogEI,10,54,1,0,20,inf
qLogEI,10,54,1,0,21,inf
qLogEI,10,54,1,0,22,inf
qLogEI,10,54,1,0,23,inf
qLogEI,10,54,1,0,24,inf
qLogEI,10,54,1,0,25,inf
qLogEI,10,54,1,0,26,inf
qLogEI,10,54,1,0,27,inf
qLogEI,10,54,1,0,28,inf
qLogEI,10,54,1,0,29,inf
qLogEI,10,54,1,0,30,inf
qLogEI,10,54,1,0,31,inf
qLogEI,10,54,1,0,32,inf
qLogEI,10,54,1,0,33,inf
qLogEI,10,54,1,0,34,inf
qLogEI,10,54,1,0,35,inf
qLogEI,10,54,1,0,36,inf
qLogEI,10,54,1,0,37,inf
qLogEI,10,54,1,0,38,inf
qLogEI,10,54,1,0,39,inf
qLogEI,10,54,1,0,40,inf
qLogEI,10,54,1,0,41,inf
qLogEI,10,54,1,0,42,inf
qLogEI,10,54,1,0,43,inf
qLogEI,10,54,1,0,44,inf
qLogEI,10,54,1,0,45,inf
qLogEI,10,54,1,0,46,inf
qLogEI,10,54,1,0,47,inf
qLogEI,10,54,1,0,48,inf
qLogEI,10,54,1,0,49,inf
qLogEI,10,54,1,0,50,inf
qLogEI,10,54,1,0,51,inf
qLogEI,10,54,1,0,52,inf
qLogEI,10,54,1,0,53,inf
qLogEI,10,54,1,0,54,inf
qLogEI,10,54,1,0,55,inf
qLogEI,10,54,1,0,56,inf
qLogEI,10,54,1,0,57,inf
qLogEI,10,54,1,0,58,inf
qLogEI,10,54,1,0,59,inf
qLogEI,10,54,1,0,60,inf
qLogEI,10,54,1,0,61,inf
qLogEI,10,54,1,0,62,inf
qLogEI,10,54,1,0,63,inf
qLogEI,10,54,1,0,64,inf
qLogEI,10,54,1,0,65,inf
qLogEI,10,54,1,0,66,inf
qLogEI,10,54,1,0,67,inf
qLogEI,10,54,1,0,68,inf
qLogEI,10,54,1,0,69,inf
qLogEI,10,54,1,0,70,inf
qLogEI,10,54,1,0,71,inf
qLogEI,10,54,1,0,72,inf
qLogEI,10,54,1,0,73,inf
qLogEI,10,54,1,0,74,inf
qLogEI,10,54,1,0,75,inf
qLogEI,10,54,1,0,76,inf
qLogEI,10,54,1,0,77,inf
qLogEI,10,54,1,0,78,inf
qLogEI,10,54,1,0,79,inf
qLogEI,10,54,1,0,80,inf
qLogEI,10,54,1,0,81,inf
qLogEI,10,54,1,0,82,inf
qLogEI,10,54,1,0,83,inf
qLogEI,10,54,1,0,84,inf
qLogEI,10,54,1,0,85,inf
qLogEI,10,54,1,0,86,inf
qLogEI,10,54,1,0,87,inf
qLogEI,10,54,1,0,88,inf
qLogEI,10,54,1,0,89,inf
qLogEI,10,54,1,0,90,inf
qLogEI,10,54,1,0,91,inf
qLogEI,10,54,1,0,92,inf
qLogEI,10,54,1,0,93,inf
qLogEI,10,54,1,0,94,inf
qLogEI,10,54,1,0,95,inf
qLogEI,10,54,1,0,96,inf
qLogEI,10,54,1,0,97,inf
qLogEI,10,54,1,0,98,inf
qLogEI,10,54,1,0,99,inf
qLogEI,10,54,1,0,100,inf
RL_Enhanced,10,54,1,0,1,inf
RL_Enhanced,10,54,1,0,2,inf
RL_Enhanced,10,54,1,0,3,inf
RL_Enhanced,10,54,1,0,4,inf
RL_Enhanced,10,54,1,0,5,inf
RL_Enhanced,10,54,1,0,6,inf
RL_Enhanced,10,54,1,0,7,inf
RL_Enhanced,10,54,1,0,8,inf
RL_Enhanced,10,54,1,0,9,inf
RL_Enhanced,10,54,1,0,10,inf
RL_Enhanced,10,54,1,0,11,inf
RL_Enhanced,10,54,1,0,12,inf
RL_Enhanced,10,54,1,0,13,inf
RL_Enhanced,10,54,1,0,14,inf
RL_Enhanced,10,54,1,0,15,inf
RL_Enhanced,10,54,1,0,16,inf
RL_Enhanced,10,54,1,0,17,inf
RL_Enhanced,10,54,1,0,18,inf
RL_Enhanced,10,54,1,0,19,inf
RL_Enhanced,10,54,1,0,20,inf
RL_Enhanced,10,54,1,0,21,inf
RL_Enhanced,10,54,1,0,22,inf
RL_Enhanced,10,54,1,0,23,inf
RL_Enhanced,10,54,1,0,24,inf
RL_Enhanced,10,54,1,0,25,inf
RL_Enhanced,10,54,1,0,26,inf
RL_Enhanced,10,54,1,0,27,inf
RL_Enhanced,10,54,1,0,28,inf
RL_Enhanced,10,54,1,0,29,inf
RL_Enhanced,10,54,1,0,30,inf
RL_Enhanced,10,54,1,0,31,inf
RL_Enhanced,10,54,1,0,32,inf
RL_Enhanced,10,54,1,0,33,inf
RL_Enhanced,10,54,1,0,34,inf
RL_Enhanced,10,54,1,0,35,inf
RL_Enhanced,10,54,1,0,36,inf
RL_Enhanced,10,54,1,0,37,inf
RL_Enhanced,10,54,1,0,38,inf
RL_Enhanced,10,54,1,0,39,inf
RL_Enhanced,10,54,1,0,40,inf
RL_Enhanced,10,54,1,0,41,inf
RL_Enhanced,10,54,1,0,42,inf
RL_Enhanced,10,54,1,0,43,inf
RL_Enhanced,10,54,1,0,44,inf
RL_Enhanced,10,54,1,0,45,inf
RL_Enhanced,10,54,1,0,46,inf
RL_Enhanced,10,54,1,0,47,inf
RL_Enhanced,10,54,1,0,48,inf
RL_Enhanced,10,54,1,0,49,inf
RL_Enhanced,10,54,1,0,50,inf
RL_Enhanced,10,54,1,0,51,inf
RL_Enhanced,10,54,1,0,52,inf
RL_Enhanced,10,54,1,0,53,inf
RL_Enhanced,10,54,1,0,54,inf
RL_Enhanced,10,54,1,0,55,inf
RL_Enhanced,10,54,1,0,56,inf
RL_Enhanced,10,54,1,0,57,inf
RL_Enhanced,10,54,1,0,58,inf
RL_Enhanced,10,54,1,0,59,inf
RL_Enhanced,10,54,1,0,60,inf
RL_Enhanced,10,54,1,0,61,inf
RL_Enhanced,10,54,1,0,62,inf
RL_Enhanced,10,54,1,0,63,inf
RL_Enhanced,10,54,1,0,64,inf
RL_Enhanced,10,54,1,0,65,inf
RL_Enhanced,10,54,1,0,66,inf
RL_Enhanced,10,54,1,0,67,inf
RL_Enhanced,10,54,1,0,68,inf
RL_Enhanced,10,54,1,0,69,inf
RL_Enhanced,10,54,1,0,70,inf
RL_Enhanced,10,54,1,0,71,inf
RL_Enhanced,10,54,1,0,72,inf
RL_Enhanced,10,54,1,0,73,inf
RL_Enhanced,10,54,1,0,74,inf
RL_Enhanced,10,54,1,0,75,inf
RL_Enhanced,10,54,1,0,76,inf
RL_Enhanced,10,54,1,0,77,inf
RL_Enhanced,10,54,1,0,78,inf
RL_Enhanced,10,54,1,0,79,inf
RL_Enhanced,10,54,1,0,80,inf
RL_Enhanced,10,54,1,0,81,inf
RL_Enhanced,10,54,1,0,82,inf
RL_Enhanced,10,54,1,0,83,inf
RL_Enhanced,10,54,1,0,84,inf
RL_Enhanced,10,54,1,0,85,inf
RL_Enhanced,10,54,1,0,86,inf
RL_Enhanced,10,54,1,0,87,inf
RL_Enhanced,10,54,1,0,88,inf
RL_Enhanced,10,54,1,0,89,inf
RL_Enhanced,10,54,1,0,90,inf
RL_Enhanced,10,54,1,0,91,inf
RL_Enhanced,10,54,1,0,92,inf
RL_Enhanced,10,54,1,0,93,inf
RL_Enhanced,10,54,1,0,94,inf
RL_Enhanced,10,54,1,0,95,inf
RL_Enhanced,10,54,1,0,96,inf
RL_Enhanced,10,54,1,0,97,inf
RL_Enhanced,10,54,1,0,98,inf
RL_Enhanced,10,54,1,0,99,inf
RL_Enhanced,10,54,1,0,100,inf
Random,10,54,1,1,1,inf
Random,10,54,1,1,2,inf
Random,10,54,1,1,3,inf
Random,10,54,1,1,4,inf
Random,10,54,1,1,5,inf
Random,10,54,1,1,6,inf
Random,10,54,1,1,7,inf
Random,10,54,1,1,8,inf
Random,10,54,1,1,9,inf
Random,10,54,1,1,10,inf
Random,10,54,1,1,11,inf
Random,10,54,1,1,12,inf
Random,10,54,1,1,13,inf
Random,10,54,1,1,14,inf
Random,10,54,1,1,15,inf
Random,10,54,1,1,16,inf
Random,10,54,1,1,17,inf
Random,10,54,1,1,18,inf
Random,10,54,1,1,19,inf
Random,10,54,1,1,20,inf
Random,10,54,1,1,21,inf
Random,10,54,1,1,22,inf
Random,10,54,1,1,23,inf
Random,10,54,1,1,24,inf
Random,10,54,1,1,25,inf
Random,10,54,1,1,26,inf
Random,10,54,1,1,27,inf
Random,10,54,1,1,28,inf
Random,10,54,1,1,29,inf
Random,10,54,1,1,30,inf
Random,10,54,1,1,31,inf
Random,10,54,1,1,32,inf
Random,10,54,1,1,33,inf
Random,10,54,1,1,34,inf
Random,10,54,1,1,35,inf
Random,10,54,1,1,36,inf
Random,10,54,1,1,37,inf
Random,10,54,1,1,38,inf
Random,10,54,1,1,39,inf
Random,10,54,1,1,40,inf
Random,10,54,1,1,41,inf
Random,10,54,1,1,42,inf
Random,10,54,1,1,43,inf
Random,10,54,1,1,44,inf
Random,10,54,1,1,45,inf
Random,10,54,1,1,46,inf
Random,10,54,1,1,47,inf
Random,10,54,1,1,48,inf
Random,10,54,1,1,49,inf
Random,10,54,1,1,50,inf
Random,10,54,1,1,51,inf
Random,10,54,1,1,52,inf
Random,10,54,1,1,53,inf
Random,10,54,1,1,54,inf
Random,10,54,1,1,55,inf
Random,10,54,1,1,56,inf
Random,10,54,1,1,57,inf
Random,10,54,1,1,58,inf
Random,10,54,1,1,59,inf
Random,10,54,1,1,60,inf
Random,10,54,1,1,61,inf
Random,10,54,1,1,62,inf
Random,10,54,1,1,63,inf
Random,10,54,1,1,64,inf
Random,10,54,1,1,65,inf
Random,10,54,1,1,66,inf
Random,10,54,1,1,67,inf
Random,10,54,1,1,68,inf
Random,10,54,1,1,69,inf
Random,10,54,1,1,70,inf
Random,10,54,1,1,71,inf
Random,10,54,1,1,72,inf
Random,10,54,1,1,73,inf
Random,10,54,1,1,74,inf
Random,10,54,1,1,75,inf
Random,10,54,1,1,76,inf
Random,10,54,1,1,77,inf
Random,10,54,1,1,78,inf
Random,10,54,1,1,79,inf
Random,10,54,1,1,80,inf
Random,10,54,1,1,81,inf
Random,10,54,1,1,82,inf
Random,10,54,1,1,83,inf
Random,10,54,1,1,84,inf
Random,10,54,1,1,85,inf
Random,10,54,1,1,86,inf
Random,10,54,1,1,87,inf
Random,10,54,1,1,88,inf
Random,10,54,1,1,89,inf
Random,10,54,1,1,90,inf
Random,10,54,1,1,91,inf
Random,10,54,1,1,92,inf
Random,10,54,1,1,93,inf
Random,10,54,1,1,94,inf
Random,10,54,1,1,95,inf
Random,10,54,1,1,96,inf
Random,10,54,1,1,97,inf
Random,10,54,1,1,98,inf
Random,10,54,1,1,99,inf
Random,10,54,1,1,100,inf
qLogEI,10,54,1,1,1,inf
qLogEI,10,54,1,1,2,inf
qLogEI,10,54,1,1,3,inf
qLogEI,10,54,1,1,4,inf
qLogEI,10,54,1,1,5,inf
qLogEI,10,54,1,1,6,inf
qLogEI,10,54,1,1,7,inf
qLogEI,10,54,1,1,8,inf
qLogEI,10,54,1,1,9,inf
qLogEI,10,54,1,1,10,inf
qLogEI,10,54,1,1,11,inf
qLogEI,10,54,1,1,12,inf
qLogEI,10,54,1,1,13,inf
qLogEI,10,54,1,1,14,inf
qLogEI,10,54,1,1,15,inf
qLogEI,10,54,1,1,16,inf
qLogEI,10,54,1,1,17,inf
qLogEI,10,54,1,1,18,inf
qLogEI,10,54,1,1,19,inf
qLogEI,10,54,1,1,20,inf
qLogEI,10,54,1,1,21,inf
qLogEI,10,54,1,1,22,inf
qLogEI,10,54,1,1,23,inf
qLogEI,10,54,1,1,24,inf
qLogEI,10,54,1,1,25,inf
qLogEI,10,54,1,1,26,inf
qLogEI,10,54,1,1,27,inf
qLogEI,10,54,1,1,28,inf
qLogEI,10,54,1,1,29,inf
qLogEI,10,54,1,1,30,inf
qLogEI,10,54,1,1,31,inf
qLogEI,10,54,1,1,32,inf
qLogEI,10,54,1,1,33,inf
qLogEI,10,54,1,1,34,inf
qLogEI,10,54,1,1,35,inf
qLogEI,10,54,1,1,36,inf
qLogEI,10,54,1,1,37,inf
qLogEI,10,54,1,1,38,inf
qLogEI,10,54,1,1,39,inf
qLogEI,10,54,1,1,40,inf
qLogEI,10,54,1,1,41,inf
qLogEI,10,54,1,1,42,inf
qLogEI,10,54,1,1,43,inf
qLogEI,10,54,1,1,44,inf
qLogEI,10,54,1,1,45,inf
qLogEI,10,54,1,1,46,inf
qLogEI,10,54,1,1,47,inf
qLogEI,10,54,1,1,48,inf
qLogEI,10,54,1,1,49,inf
qLogEI,10,54,1,1,50,inf
qLogEI,10,54,1,1,51,inf
qLogEI,10,54,1,1,52,inf
qLogEI,10,54,1,1,53,inf
qLogEI,10,54,1,1,54,inf
qLogEI,10,54,1,1,55,inf
qLogEI,10,54,1,1,56,inf
qLogEI,10,54,1,1,57,inf
qLogEI,10,54,1,1,58,inf
qLogEI,10,54,1,1,59,inf
qLogEI,10,54,1,1,60,inf
qLogEI,10,54,1,1,61,inf
qLogEI,10,54,1,1,62,inf
qLogEI,10,54,1,1,63,inf
qLogEI,10,54,1,1,64,inf
qLogEI,10,54,1,1,65,inf
qLogEI,10,54,1,1,66,inf
qLogEI,10,54,1,1,67,inf
qLogEI,10,54,1,1,68,inf
qLogEI,10,54,1,1,69,inf
qLogEI,10,54,1,1,70,inf
qLogEI,10,54,1,1,71,inf
qLogEI,10,54,1,1,72,inf
qLogEI,10,54,1,1,73,inf
qLogEI,10,54,1,1,74,inf
qLogEI,10,54,1,1,75,inf
qLogEI,10,54,1,1,76,inf
qLogEI,10,54,1,1,77,inf
qLogEI,10,54,1,1,78,inf
qLogEI,10,54,1,1,79,inf
qLogEI,10,54,1,1,80,inf
qLogEI,10,54,1,1,81,inf
qLogEI,10,54,1,1,82,inf
qLogEI,10,54,1,1,83,inf
qLogEI,10,54,1,1,84,inf
qLogEI,10,54,1,1,85,inf
qLogEI,10,54,1,1,86,inf
qLogEI,10,54,1,1,87,inf
qLogEI,10,54,1,1,88,inf
qLogEI,10,54,1,1,89,inf
qLogEI,10,54,1,1,90,inf
qLogEI,10,54,1,1,91,inf
qLogEI,10,54,1,1,92,inf
qLogEI,10,54,1,1,93,inf
qLogEI,10,54,1,1,94,inf
qLogEI,10,54,1,1,95,inf
qLogEI,10,54,1,1,96,inf
qLogEI,10,54,1,1,97,inf
qLogEI,10,54,1,1,98,inf
qLogEI,10,54,1,1,99,inf
qLogEI,10,54,1,1,100,inf
RL_Enhanced,10,54,1,1,1,inf
RL_Enhanced,10,54,1,1,2,inf
RL_Enhanced,10,54,1,1,3,inf
RL_Enhanced,10,54,1,1,4,inf
RL_Enhanced,10,54,1,1,5,inf
RL_Enhanced,10,54,1,1,6,inf
RL_Enhanced,10,54,1,1,7,inf
RL_Enhanced,10,54,1,1,8,inf
RL_Enhanced,10,54,1,1,9,inf
RL_Enhanced,10,54,1,1,10,inf
RL_Enhanced,10,54,1,1,11,inf
RL_Enhanced,10,54,1,1,12,inf
RL_Enhanced,10,54,1,1,13,inf
RL_Enhanced,10,54,1,1,14,inf
RL_Enhanced,10,54,1,1,15,inf
RL_Enhanced,10,54,1,1,16,inf
RL_Enhanced,10,54,1,1,17,inf
RL_Enhanced,10,54,1,1,18,inf
RL_Enhanced,10,54,1,1,19,inf
RL_Enhanced,10,54,1,1,20,inf
RL_Enhanced,10,54,1,1,21,inf
RL_Enhanced,10,54,1,1,22,inf
RL_Enhanced,10,54,1,1,23,inf
RL_Enhanced,10,54,1,1,24,inf
RL_Enhanced,10,54,1,1,25,inf
RL_Enhanced,10,54,1,1,26,inf
RL_Enhanced,10,54,1,1,27,inf
RL_Enhanced,10,54,1,1,28,inf
RL_Enhanced,10,54,1,1,29,inf
RL_Enhanced,10,54,1,1,30,inf
RL_Enhanced,10,54,1,1,31,inf
RL_Enhanced,10,54,1,1,32,inf
RL_Enhanced,10,54,1,1,33,inf
RL_Enhanced,10,54,1,1,34,inf
RL_Enhanced,10,54,1,1,35,inf
RL_Enhanced,10,54,1,1,36,inf
RL_Enhanced,10,54,1,1,37,inf
RL_Enhanced,10,54,1,1,38,inf
RL_Enhanced,10,54,1,1,39,inf
RL_Enhanced,10,54,1,1,40,inf
RL_Enhanced,10,54,1,1,41,inf
RL_Enhanced,10,54,1,1,42,inf
RL_Enhanced,10,54,1,1,43,inf
RL_Enhanced,10,54,1,1,44,inf
RL_Enhanced,10,54,1,1,45,inf
RL_Enhanced,10,54,1,1,46,inf
RL_Enhanced,10,54,1,1,47,inf
RL_Enhanced,10,54,1,1,48,inf
RL_Enhanced,10,54,1,1,49,inf
RL_Enhanced,10,54,1,1,50,inf
RL_Enhanced,10,54,1,1,51,inf
RL_Enhanced,10,54,1,1,52,inf
RL_Enhanced,10,54,1,1,53,inf
RL_Enhanced,10,54,1,1,54,inf
RL_Enhanced,10,54,1,1,55,inf
RL_Enhanced,10,54,1,1,56,inf
RL_Enhanced,10,54,1,1,57,inf
RL_Enhanced,10,54,1,1,58,inf
RL_Enhanced,10,54,1,1,59,inf
RL_Enhanced,10,54,1,1,60,inf
RL_Enhanced,10,54,1,1,61,inf
RL_Enhanced,10,54,1,1,62,inf
RL_Enhanced,10,54,1,1,63,inf
RL_Enhanced,10,54,1,1,64,inf
RL_Enhanced,10,54,1,1,65,inf
RL_Enhanced,10,54,1,1,66,inf
RL_Enhanced,10,54,1,1,67,inf
RL_Enhanced,10,54,1,1,68,inf
RL_Enhanced,10,54,1,1,69,inf
RL_Enhanced,10,54,1,1,70,inf
RL_Enhanced,10,54,1,1,71,inf
RL_Enhanced,10,54,1,1,72,inf
RL_Enhanced,10,54,1,1,73,inf
RL_Enhanced,10,54,1,1,74,inf
RL_Enhanced,10,54,1,1,75,inf
RL_Enhanced,10,54,1,1,76,inf
RL_Enhanced,10,54,1,1,77,inf
RL_Enhanced,10,54,1,1,78,inf
RL_Enhanced,10,54,1,1,79,inf
RL_Enhanced,10,54,1,1,80,inf
RL_Enhanced,10,54,1,1,81,inf
RL_Enhanced,10,54,1,1,82,inf
RL_Enhanced,10,54,1,1,83,inf
RL_Enhanced,10,54,1,1,84,inf
RL_Enhanced,10,54,1,1,85,inf
RL_Enhanced,10,54,1,1,86,inf
RL_Enhanced,10,54,1,1,87,inf
RL_Enhanced,10,54,1,1,88,inf
RL_Enhanced,10,54,1,1,89,inf
RL_Enhanced,10,54,1,1,90,inf
RL_Enhanced,10,54,1,1,91,inf
RL_Enhanced,10,54,1,1,92,inf
RL_Enhanced,10,54,1,1,93,inf
RL_Enhanced,10,54,1,1,94,inf
RL_Enhanced,10,54,1,1,95,inf
RL_Enhanced,10,54,1,1,96,inf
RL_Enhanced,10,54,1,1,97,inf
RL_Enhanced,10,54,1,1,98,inf
RL_Enhanced,10,54,1,1,99,inf
RL_Enhanced,10,54,1,1,100,inf
Random,10,54,1,2,1,inf
Random,10,54,1,2,2,inf
Random,10,54,1,2,3,inf
Random,10,54,1,2,4,inf
Random,10,54,1,2,5,inf
Random,10,54,1,2,6,inf
Random,10,54,1,2,7,inf
Random,10,54,1,2,8,inf
Random,10,54,1,2,9,inf
Random,10,54,1,2,10,inf
Random,10,54,1,2,11,inf
Random,10,54,1,2,12,inf
Random,10,54,1,2,13,inf
Random,10,54,1,2,14,inf
Random,10,54,1,2,15,inf
Random,10,54,1,2,16,inf
Random,10,54,1,2,17,inf
Random,10,54,1,2,18,inf
Random,10,54,1,2,19,inf
Random,10,54,1,2,20,inf
Random,10,54,1,2,21,inf
Random,10,54,1,2,22,inf
Random,10,54,1,2,23,inf
Random,10,54,1,2,24,inf
Random,10,54,1,2,25,inf
Random,10,54,1,2,26,inf
Random,10,54,1,2,27,inf
Random,10,54,1,2,28,inf
Random,10,54,1,2,29,inf
Random,10,54,1,2,30,inf
Random,10,54,1,2,31,inf
Random,10,54,1,2,32,inf
Random,10,54,1,2,33,inf
Random,10,54,1,2,34,inf
Random,10,54,1,2,35,inf
Random,10,54,1,2,36,inf
Random,10,54,1,2,37,inf
Random,10,54,1,2,38,inf
Random,10,54,1,2,39,inf
Random,10,54,1,2,40,inf
Random,10,54,1,2,41,inf
Random,10,54,1,2,42,inf
Random,10,54,1,2,43,inf
Random,10,54,1,2,44,inf
Random,10,54,1,2,45,inf
Random,10,54,1,2,46,inf
Random,10,54,1,2,47,inf
Random,10,54,1,2,48,inf
Random,10,54,1,2,49,inf
Random,10,54,1,2,50,inf
Random,10,54,1,2,51,inf
Random,10,54,1,2,52,inf
Random,10,54,1,2,53,inf
Random,10,54,1,2,54,inf
Random,10,54,1,2,55,inf
Random,10,54,1,2,56,inf
Random,10,54,1,2,57,inf
Random,10,54,1,2,58,inf
Random,10,54,1,2,59,inf
Random,10,54,1,2,60,inf
Random,10,54,1,2,61,inf
Random,10,54,1,2,62,inf
Random,10,54,1,2,63,inf
Random,10,54,1,2,64,inf
Random,10,54,1,2,65,inf
Random,10,54,1,2,66,inf
Random,10,54,1,2,67,inf
Random,10,54,1,2,68,inf
Random,10,54,1,2,69,inf
Random,10,54,1,2,70,inf
Random,10,54,1,2,71,inf
Random,10,54,1,2,72,inf
Random,10,54,1,2,73,inf
Random,10,54,1,2,74,inf
Random,10,54,1,2,75,inf
Random,10,54,1,2,76,inf
Random,10,54,1,2,77,inf
Random,10,54,1,2,78,inf
Random,10,54,1,2,79,inf
Random,10,54,1,2,80,inf
Random,10,54,1,2,81,inf
Random,10,54,1,2,82,inf
Random,10,54,1,2,83,inf
Random,10,54,1,2,84,inf
Random,10,54,1,2,85,inf
Random,10,54,1,2,86,inf
Random,10,54,1,2,87,inf
Random,10,54,1,2,88,inf
Random,10,54,1,2,89,inf
Random,10,54,1,2,90,inf
Random,10,54,1,2,91,inf
Random,10,54,1,2,92,inf
Random,10,54,1,2,93,inf
Random,10,54,1,2,94,inf
Random,10,54,1,2,95,inf
Random,10,54,1,2,96,inf
Random,10,54,1,2,97,inf
Random,10,54,1,2,98,inf
Random,10,54,1,2,99,inf
Random,10,54,1,2,100,inf
qLogEI,10,54,1,2,1,inf
qLogEI,10,54,1,2,2,inf
qLogEI,10,54,1,2,3,inf
qLogEI,10,54,1,2,4,inf
qLogEI,10,54,1,2,5,inf
qLogEI,10,54,1,2,6,inf
qLogEI,10,54,1,2,7,inf
qLogEI,10,54,1,2,8,inf
qLogEI,10,54,1,2,9,inf
qLogEI,10,54,1,2,10,inf
qLogEI,10,54,1,2,11,inf
qLogEI,10,54,1,2,12,inf
qLogEI,10,54,1,2,13,inf
qLogEI,10,54,1,2,14,inf
qLogEI,10,54,1,2,15,inf
qLogEI,10,54,1,2,16,inf
qLogEI,10,54,1,2,17,inf
qLogEI,10,54,1,2,18,inf
qLogEI,10,54,1,2,19,inf
qLogEI,10,54,1,2,20,inf
qLogEI,10,54,1,2,21,inf
qLogEI,10,54,1,2,22,inf
qLogEI,10,54,1,2,23,inf
qLogEI,10,54,1,2,24,inf
qLogEI,10,54,1,2,25,inf
qLogEI,10,54,1,2,26,inf
qLogEI,10,54,1,2,27,inf
qLogEI,10,54,1,2,28,inf
qLogEI,10,54,1,2,29,inf
qLogEI,10,54,1,2,30,inf
qLogEI,10,54,1,2,31,inf
qLogEI,10,54,1,2,32,inf
qLogEI,10,54,1,2,33,inf
qLogEI,10,54,1,2,34,inf
qLogEI,10,54,1,2,35,inf
qLogEI,10,54,1,2,36,inf
qLogEI,10,54,1,2,37,inf
qLogEI,10,54,1,2,38,inf
qLogEI,10,54,1,2,39,inf
qLogEI,10,54,1,2,40,inf
qLogEI,10,54,1,2,41,inf
qLogEI,10,54,1,2,42,inf
qLogEI,10,54,1,2,43,inf
qLogEI,10,54,1,2,44,inf
qLogEI,10,54,1,2,45,inf
qLogEI,10,54,1,2,46,inf
qLogEI,10,54,1,2,47,inf
qLogEI,10,54,1,2,48,inf
qLogEI,10,54,1,2,49,inf
qLogEI,10,54,1,2,50,inf
qLogEI,10,54,1,2,51,inf
qLogEI,10,54,1,2,52,inf
qLogEI,10,54,1,2,53,inf
qLogEI,10,54,1,2,54,inf
qLogEI,10,54,1,2,55,inf
qLogEI,10,54,1,2,56,inf
qLogEI,10,54,1,2,57,inf
qLogEI,10,54,1,2,58,inf
qLogEI,10,54,1,2,59,inf
qLogEI,10,54,1,2,60,inf
qLogEI,10,54,1,2,61,inf
qLogEI,10,54,1,2,62,inf
qLogEI,10,54,1,2,63,inf
qLogEI,10,54,1,2,64,inf
qLogEI,10,54,1,2,65,inf
qLogEI,10,54,1,2,66,inf
qLogEI,10,54,1,2,67,inf
qLogEI,10,54,1,2,68,inf
qLogEI,10,54,1,2,69,inf
qLogEI,10,54,1,2,70,inf
qLogEI,10,54,1,2,71,inf
qLogEI,10,54,1,2,72,inf
qLogEI,10,54,1,2,73,inf
qLogEI,10,54,1,2,74,inf
qLogEI,10,54,1,2,75,inf
qLogEI,10,54,1,2,76,inf
qLogEI,10,54,1,2,77,inf
qLogEI,10,54,1,2,78,inf
qLogEI,10,54,1,2,79,inf
qLogEI,10,54,1,2,80,inf
qLogEI,10,54,1,2,81,inf
qLogEI,10,54,1,2,82,inf
qLogEI,10,54,1,2,83,inf
qLogEI,10,54,1,2,84,inf
qLogEI,10,54,1,2,85,inf
qLogEI,10,54,1,2,86,inf
qLogEI,10,54,1,2,87,inf
qLogEI,10,54,1,2,88,inf
qLogEI,10,54,1,2,89,inf
qLogEI,10,54,1,2,90,inf
qLogEI,10,54,1,2,91,inf
qLogEI,10,54,1,2,92,inf
qLogEI,10,54,1,2,93,inf
qLogEI,10,54,1,2,94,inf
qLogEI,10,54,1,2,95,inf
qLogEI,10,54,1,2,96,inf
qLogEI,10,54,1,2,97,inf
qLogEI,10,54,1,2,98,inf
qLogEI,10,54,1,2,99,inf
qLogEI,10,54,1,2,100,inf
RL_Enhanced,10,54,1,2,1,inf
RL_Enhanced,10,54,1,2,2,inf
RL_Enhanced,10,54,1,2,3,inf
RL_Enhanced,10,54,1,2,4,inf
RL_Enhanced,10,54,1,2,5,inf
RL_Enhanced,10,54,1,2,6,inf
RL_Enhanced,10,54,1,2,7,inf
RL_Enhanced,10,54,1,2,8,inf
RL_Enhanced,10,54,1,2,9,inf
RL_Enhanced,10,54,1,2,10,inf
RL_Enhanced,10,54,1,2,11,inf
RL_Enhanced,10,54,1,2,12,inf
RL_Enhanced,10,54,1,2,13,inf
RL_Enhanced,10,54,1,2,14,inf
RL_Enhanced,10,54,1,2,15,inf
RL_Enhanced,10,54,1,2,16,inf
RL_Enhanced,10,54,1,2,17,inf
RL_Enhanced,10,54,1,2,18,inf
RL_Enhanced,10,54,1,2,19,inf
RL_Enhanced,10,54,1,2,20,inf
RL_Enhanced,10,54,1,2,21,inf
RL_Enhanced,10,54,1,2,22,inf
RL_Enhanced,10,54,1,2,23,inf
RL_Enhanced,10,54,1,2,24,inf
RL_Enhanced,10,54,1,2,25,inf
RL_Enhanced,10,54,1,2,26,inf
RL_Enhanced,10,54,1,2,27,inf
RL_Enhanced,10,54,1,2,28,inf
RL_Enhanced,10,54,1,2,29,inf
RL_Enhanced,10,54,1,2,30,inf
RL_Enhanced,10,54,1,2,31,inf
RL_Enhanced,10,54,1,2,32,inf
RL_Enhanced,10,54,1,2,33,inf
RL_Enhanced,10,54,1,2,34,inf
RL_Enhanced,10,54,1,2,35,inf
RL_Enhanced,10,54,1,2,36,inf
RL_Enhanced,10,54,1,2,37,inf
RL_Enhanced,10,54,1,2,38,inf
RL_Enhanced,10,54,1,2,39,inf
RL_Enhanced,10,54,1,2,40,inf
RL_Enhanced,10,54,1,2,41,inf
RL_Enhanced,10,54,1,2,42,inf
RL_Enhanced,10,54,1,2,43,inf
RL_Enhanced,10,54,1,2,44,inf
RL_Enhanced,10,54,1,2,45,inf
RL_Enhanced,10,54,1,2,46,inf
RL_Enhanced,10,54,1,2,47,inf
RL_Enhanced,10,54,1,2,48,inf
RL_Enhanced,10,54,1,2,49,inf
RL_Enhanced,10,54,1,2,50,inf
RL_Enhanced,10,54,1,2,51,inf
RL_Enhanced,10,54,1,2,52,inf
RL_Enhanced,10,54,1,2,53,inf
RL_Enhanced,10,54,1,2,54,inf
RL_Enhanced,10,54,1,2,55,inf
RL_Enhanced,10,54,1,2,56,inf
RL_Enhanced,10,54,1,2,57,inf
RL_Enhanced,10,54,1,2,58,inf
RL_Enhanced,10,54,1,2,59,inf
RL_Enhanced,10,54,1,2,60,inf
RL_Enhanced,10,54,1,2,61,inf
RL_Enhanced,10,54,1,2,62,inf
RL_Enhanced,10,54,1,2,63,inf
RL_Enhanced,10,54,1,2,64,inf
RL_Enhanced,10,54,1,2,65,inf
RL_Enhanced,10,54,1,2,66,inf
RL_Enhanced,10,54,1,2,67,inf
RL_Enhanced,10,54,1,2,68,inf
RL_Enhanced,10,54,1,2,69,inf
RL_Enhanced,10,54,1,2,70,inf
RL_Enhanced,10,54,1,2,71,inf
RL_Enhanced,10,54,1,2,72,inf
RL_Enhanced,10,54,1,2,73,inf
RL_Enhanced,10,54,1,2,74,inf
RL_Enhanced,10,54,1,2,75,inf
RL_Enhanced,10,54,1,2,76,inf
RL_Enhanced,10,54,1,2,77,inf
RL_Enhanced,10,54,1,2,78,inf
RL_Enhanced,10,54,1,2,79,inf
RL_Enhanced,10,54,1,2,80,inf
RL_Enhanced,10,54,1,2,81,inf
RL_Enhanced,10,54,1,2,82,inf
RL_Enhanced,10,54,1,2,83,inf
RL_Enhanced,10,54,1,2,84,inf
RL_Enhanced,10,54,1,2,85,inf
RL_Enhanced,10,54,1,2,86,inf
RL_Enhanced,10,54,1,2,87,inf
RL_Enhanced,10,54,1,2,88,inf
RL_Enhanced,10,54,1,2,89,inf
RL_Enhanced,10,54,1,2,90,inf
RL_Enhanced,10,54,1,2,91,inf
RL_Enhanced,10,54,1,2,92,inf
RL_Enhanced,10,54,1,2,93,inf
RL_Enhanced,10,54,1,2,94,inf
RL_Enhanced,10,54,1,2,95,inf
RL_Enhanced,10,54,1,2,96,inf
RL_Enhanced,10,54,1,2,97,inf
RL_Enhanced,10,54,1,2,98,inf
RL_Enhanced,10,54,1,2,99,inf
RL_Enhanced,10,54,1,2,100,inf
Random,10,54,1,3,1,inf
Random,10,54,1,3,2,inf
Random,10,54,1,3,3,inf
Random,10,54,1,3,4,inf
Random,10,54,1,3,5,inf
Random,10,54,1,3,6,inf
Random,10,54,1,3,7,inf
Random,10,54,1,3,8,inf
Random,10,54,1,3,9,inf
Random,10,54,1,3,10,inf
Random,10,54,1,3,11,inf
Random,10,54,1,3,12,inf
Random,10,54,1,3,13,inf
Random,10,54,1,3,14,inf
Random,10,54,1,3,15,inf
Random,10,54,1,3,16,inf
Random,10,54,1,3,17,inf
Random,10,54,1,3,18,inf
Random,10,54,1,3,19,inf
Random,10,54,1,3,20,inf
Random,10,54,1,3,21,inf
Random,10,54,1,3,22,inf
Random,10,54,1,3,23,inf
Random,10,54,1,3,24,inf
Random,10,54,1,3,25,inf
Random,10,54,1,3,26,inf
Random,10,54,1,3,27,inf
Random,10,54,1,3,28,inf
Random,10,54,1,3,29,inf
Random,10,54,1,3,30,inf
Random,10,54,1,3,31,inf
Random,10,54,1,3,32,inf
Random,10,54,1,3,33,inf
Random,10,54,1,3,34,inf
Random,10,54,1,3,35,inf
Random,10,54,1,3,36,inf
Random,10,54,1,3,37,inf
Random,10,54,1,3,38,inf
Random,10,54,1,3,39,inf
Random,10,54,1,3,40,inf
Random,10,54,1,3,41,inf
Random,10,54,1,3,42,inf
Random,10,54,1,3,43,inf
Random,10,54,1,3,44,inf
Random,10,54,1,3,45,inf
Random,10,54,1,3,46,inf
Random,10,54,1,3,47,inf
Random,10,54,1,3,48,inf
Random,10,54,1,3,49,inf
Random,10,54,1,3,50,inf
Random,10,54,1,3,51,inf
Random,10,54,1,3,52,inf
Random,10,54,1,3,53,inf
Random,10,54,1,3,54,inf
Random,10,54,1,3,55,inf
Random,10,54,1,3,56,inf
Random,10,54,1,3,57,inf
Random,10,54,1,3,58,inf
Random,10,54,1,3,59,inf
Random,10,54,1,3,60,inf
Random,10,54,1,3,61,inf
Random,10,54,1,3,62,inf
Random,10,54,1,3,63,inf
Random,10,54,1,3,64,inf
Random,10,54,1,3,65,inf
Random,10,54,1,3,66,inf
Random,10,54,1,3,67,inf
Random,10,54,1,3,68,inf
Random,10,54,1,3,69,inf
Random,10,54,1,3,70,inf
Random,10,54,1,3,71,inf
Random,10,54,1,3,72,inf
Random,10,54,1,3,73,inf
Random,10,54,1,3,74,inf
Random,10,54,1,3,75,inf
Random,10,54,1,3,76,inf
Random,10,54,1,3,77,inf
Random,10,54,1,3,78,inf
Random,10,54,1,3,79,inf
Random,10,54,1,3,80,inf
Random,10,54,1,3,81,inf
Random,10,54,1,3,82,inf
Random,10,54,1,3,83,inf
Random,10,54,1,3,84,inf
Random,10,54,1,3,85,inf
Random,10,54,1,3,86,inf
Random,10,54,1,3,87,inf
Random,10,54,1,3,88,inf
Random,10,54,1,3,89,inf
Random,10,54,1,3,90,inf
Random,10,54,1,3,91,inf
Random,10,54,1,3,92,inf
Random,10,54,1,3,93,inf
Random,10,54,1,3,94,inf
Random,10,54,1,3,95,inf
Random,10,54,1,3,96,inf
Random,10,54,1,3,97,inf
Random,10,54,1,3,98,inf
Random,10,54,1,3,99,inf
Random,10,54,1,3,100,inf
qLogEI,10,54,1,3,1,inf
qLogEI,10,54,1,3,2,inf
qLogEI,10,54,1,3,3,inf
qLogEI,10,54,1,3,4,inf
qLogEI,10,54,1,3,5,inf
qLogEI,10,54,1,3,6,inf
qLogEI,10,54,1,3,7,inf
qLogEI,10,54,1,3,8,inf
qLogEI,10,54,1,3,9,inf
qLogEI,10,54,1,3,10,inf
qLogEI,10,54,1,3,11,inf
qLogEI,10,54,1,3,12,inf
qLogEI,10,54,1,3,13,inf
qLogEI,10,54,1,3,14,inf
qLogEI,10,54,1,3,15,inf
qLogEI,10,54,1,3,16,inf
qLogEI,10,54,1,3,17,inf
qLogEI,10,54,1,3,18,inf
qLogEI,10,54,1,3,19,inf
qLogEI,10,54,1,3,20,inf
qLogEI,10,54,1,3,21,inf
qLogEI,10,54,1,3,22,inf
qLogEI,10,54,1,3,23,inf
qLogEI,10,54,1,3,24,inf
qLogEI,10,54,1,3,25,inf
qLogEI,10,54,1,3,26,inf
qLogEI,10,54,1,3,27,inf
qLogEI,10,54,1,3,28,inf
qLogEI,10,54,1,3,29,inf
qLogEI,10,54,1,3,30,inf
qLogEI,10,54,1,3,31,inf
qLogEI,10,54,1,3,32,inf
qLogEI,10,54,1,3,33,inf
qLogEI,10,54,1,3,34,inf
qLogEI,10,54,1,3,35,inf
qLogEI,10,54,1,3,36,inf
qLogEI,10,54,1,3,37,inf
qLogEI,10,54,1,3,38,inf
qLogEI,10,54,1,3,39,inf
qLogEI,10,54,1,3,40,inf
qLogEI,10,54,1,3,41,inf
qLogEI,10,54,1,3,42,inf
qLogEI,10,54,1,3,43,inf
qLogEI,10,54,1,3,44,inf
qLogEI,10,54,1,3,45,inf
qLogEI,10,54,1,3,46,inf
qLogEI,10,54,1,3,47,inf
qLogEI,10,54,1,3,48,inf
qLogEI,10,54,1,3,49,inf
qLogEI,10,54,1,3,50,inf
qLogEI,10,54,1,3,51,inf
qLogEI,10,54,1,3,52,inf
qLogEI,10,54,1,3,53,inf
qLogEI,10,54,1,3,54,inf
qLogEI,10,54,1,3,55,inf
qLogEI,10,54,1,3,56,inf
qLogEI,10,54,1,3,57,inf
qLogEI,10,54,1,3,58,inf
qLogEI,10,54,1,3,59,inf
qLogEI,10,54,1,3,60,inf
qLogEI,10,54,1,3,61,inf
qLogEI,10,54,1,3,62,inf
qLogEI,10,54,1,3,63,inf
qLogEI,10,54,1,3,64,inf
qLogEI,10,54,1,3,65,inf
qLogEI,10,54,1,3,66,inf
qLogEI,10,54,1,3,67,inf
qLogEI,10,54,1,3,68,inf
qLogEI,10,54,1,3,69,inf
qLogEI,10,54,1,3,70,inf
qLogEI,10,54,1,3,71,inf
qLogEI,10,54,1,3,72,inf
qLogEI,10,54,1,3,73,inf
qLogEI,10,54,1,3,74,inf
qLogEI,10,54,1,3,75,inf
qLogEI,10,54,1,3,76,inf
qLogEI,10,54,1,3,77,inf
qLogEI,10,54,1,3,78,inf
qLogEI,10,54,1,3,79,inf
qLogEI,10,54,1,3,80,inf
qLogEI,10,54,1,3,81,inf
qLogEI,10,54,1,3,82,inf
qLogEI,10,54,1,3,83,inf
qLogEI,10,54,1,3,84,inf
qLogEI,10,54,1,3,85,inf
qLogEI,10,54,1,3,86,inf
qLogEI,10,54,1,3,87,inf
qLogEI,10,54,1,3,88,inf
qLogEI,10,54,1,3,89,inf
qLogEI,10,54,1,3,90,inf
qLogEI,10,54,1,3,91,inf
qLogEI,10,54,1,3,92,inf
qLogEI,10,54,1,3,93,inf
qLogEI,10,54,1,3,94,inf
qLogEI,10,54,1,3,95,inf
qLogEI,10,54,1,3,96,inf
qLogEI,10,54,1,3,97,inf
qLogEI,10,54,1,3,98,inf
qLogEI,10,54,1,3,99,inf
qLogEI,10,54,1,3,100,inf
RL_Enhanced,10,54,1,3,1,inf
RL_Enhanced,10,54,1,3,2,inf
RL_Enhanced,10,54,1,3,3,inf
RL_Enhanced,10,54,1,3,4,inf
RL_Enhanced,10,54,1,3,5,inf
RL_Enhanced,10,54,1,3,6,inf
RL_Enhanced,10,54,1,3,7,inf
RL_Enhanced,10,54,1,3,8,inf
RL_Enhanced,10,54,1,3,9,inf
RL_Enhanced,10,54,1,3,10,inf
RL_Enhanced,10,54,1,3,11,inf
RL_Enhanced,10,54,1,3,12,inf
RL_Enhanced,10,54,1,3,13,inf
RL_Enhanced,10,54,1,3,14,inf
RL_Enhanced,10,54,1,3,15,inf
RL_Enhanced,10,54,1,3,16,inf
RL_Enhanced,10,54,1,3,17,inf
RL_Enhanced,10,54,1,3,18,inf
RL_Enhanced,10,54,1,3,19,inf
RL_Enhanced,10,54,1,3,20,inf
RL_Enhanced,10,54,1,3,21,inf
RL_Enhanced,10,54,1,3,22,inf
RL_Enhanced,10,54,1,3,23,inf
RL_Enhanced,10,54,1,3,24,inf
RL_Enhanced,10,54,1,3,25,inf
RL_Enhanced,10,54,1,3,26,inf
RL_Enhanced,10,54,1,3,27,inf
RL_Enhanced,10,54,1,3,28,inf
RL_Enhanced,10,54,1,3,29,inf
RL_Enhanced,10,54,1,3,30,inf
RL_Enhanced,10,54,1,3,31,inf
RL_Enhanced,10,54,1,3,32,inf
RL_Enhanced,10,54,1,3,33,inf
RL_Enhanced,10,54,1,3,34,inf
RL_Enhanced,10,54,1,3,35,inf
RL_Enhanced,10,54,1,3,36,inf
RL_Enhanced,10,54,1,3,37,inf
RL_Enhanced,10,54,1,3,38,inf
RL_Enhanced,10,54,1,3,39,inf
RL_Enhanced,10,54,1,3,40,inf
RL_Enhanced,10,54,1,3,41,inf
RL_Enhanced,10,54,1,3,42,inf
RL_Enhanced,10,54,1,3,43,inf
RL_Enhanced,10,54,1,3,44,inf
RL_Enhanced,10,54,1,3,45,inf
RL_Enhanced,10,54,1,3,46,inf
RL_Enhanced,10,54,1,3,47,inf
RL_Enhanced,10,54,1,3,48,inf
RL_Enhanced,10,54,1,3,49,inf
RL_Enhanced,10,54,1,3,50,inf
RL_Enhanced,10,54,1,3,51,inf
RL_Enhanced,10,54,1,3,52,inf
RL_Enhanced,10,54,1,3,53,inf
RL_Enhanced,10,54,1,3,54,inf
RL_Enhanced,10,54,1,3,55,inf
RL_Enhanced,10,54,1,3,56,inf
RL_Enhanced,10,54,1,3,57,inf
RL_Enhanced,10,54,1,3,58,inf
RL_Enhanced,10,54,1,3,59,inf
RL_Enhanced,10,54,1,3,60,inf
RL_Enhanced,10,54,1,3,61,inf
RL_Enhanced,10,54,1,3,62,inf
RL_Enhanced,10,54,1,3,63,inf
RL_Enhanced,10,54,1,3,64,inf
RL_Enhanced,10,54,1,3,65,inf
RL_Enhanced,10,54,1,3,66,inf
RL_Enhanced,10,54,1,3,67,inf
RL_Enhanced,10,54,1,3,68,inf
RL_Enhanced,10,54,1,3,69,inf
RL_Enhanced,10,54,1,3,70,inf
RL_Enhanced,10,54,1,3,71,inf
RL_Enhanced,10,54,1,3,72,inf
RL_Enhanced,10,54,1,3,73,inf
RL_Enhanced,10,54,1,3,74,inf
RL_Enhanced,10,54,1,3,75,inf
RL_Enhanced,10,54,1,3,76,inf
RL_Enhanced,10,54,1,3,77,inf
RL_Enhanced,10,54,1,3,78,inf
RL_Enhanced,10,54,1,3,79,inf
RL_Enhanced,10,54,1,3,80,inf
RL_Enhanced,10,54,1,3,81,inf
RL_Enhanced,10,54,1,3,82,inf
RL_Enhanced,10,54,1,3,83,inf
RL_Enhanced,10,54,1,3,84,inf
RL_Enhanced,10,54,1,3,85,inf
RL_Enhanced,10,54,1,3,86,inf
RL_Enhanced,10,54,1,3,87,inf
RL_Enhanced,10,54,1,3,88,inf
RL_Enhanced,10,54,1,3,89,inf
RL_Enhanced,10,54,1,3,90,inf
RL_Enhanced,10,54,1,3,91,inf
RL_Enhanced,10,54,1,3,92,inf
RL_Enhanced,10,54,1,3,93,inf
RL_Enhanced,10,54,1,3,94,inf
RL_Enhanced,10,54,1,3,95,inf
RL_Enhanced,10,54,1,3,96,inf
RL_Enhanced,10,54,1,3,97,inf
RL_Enhanced,10,54,1,3,98,inf
RL_Enhanced,10,54,1,3,99,inf
RL_Enhanced,10,54,1,3,100,inf
Random,10,54,1,4,1,inf
Random,10,54,1,4,2,inf
Random,10,54,1,4,3,inf
Random,10,54,1,4,4,inf
Random,10,54,1,4,5,inf
Random,10,54,1,4,6,inf
Random,10,54,1,4,7,inf
Random,10,54,1,4,8,inf
Random,10,54,1,4,9,inf
Random,10,54,1,4,10,inf
Random,10,54,1,4,11,inf
Random,10,54,1,4,12,inf
Random,10,54,1,4,13,inf
Random,10,54,1,4,14,inf
Random,10,54,1,4,15,inf
Random,10,54,1,4,16,inf
Random,10,54,1,4,17,inf
Random,10,54,1,4,18,inf
Random,10,54,1,4,19,inf
Random,10,54,1,4,20,inf
Random,10,54,1,4,21,inf
Random,10,54,1,4,22,inf
Random,10,54,1,4,23,inf
Random,10,54,1,4,24,inf
Random,10,54,1,4,25,inf
Random,10,54,1,4,26,inf
Random,10,54,1,4,27,inf
Random,10,54,1,4,28,inf
Random,10,54,1,4,29,inf
Random,10,54,1,4,30,inf
Random,10,54,1,4,31,inf
Random,10,54,1,4,32,inf
Random,10,54,1,4,33,inf
Random,10,54,1,4,34,inf
Random,10,54,1,4,35,inf
Random,10,54,1,4,36,inf
Random,10,54,1,4,37,inf
Random,10,54,1,4,38,inf
Random,10,54,1,4,39,inf
Random,10,54,1,4,40,inf
Random,10,54,1,4,41,inf
Random,10,54,1,4,42,inf
Random,10,54,1,4,43,inf
Random,10,54,1,4,44,inf
Random,10,54,1,4,45,inf
Random,10,54,1,4,46,inf
Random,10,54,1,4,47,inf
Random,10,54,1,4,48,inf
Random,10,54,1,4,49,inf
Random,10,54,1,4,50,inf
Random,10,54,1,4,51,inf
Random,10,54,1,4,52,inf
Random,10,54,1,4,53,inf
Random,10,54,1,4,54,inf
Random,10,54,1,4,55,inf
Random,10,54,1,4,56,inf
Random,10,54,1,4,57,inf
Random,10,54,1,4,58,inf
Random,10,54,1,4,59,inf
Random,10,54,1,4,60,inf
Random,10,54,1,4,61,inf
Random,10,54,1,4,62,inf
Random,10,54,1,4,63,inf
Random,10,54,1,4,64,inf
Random,10,54,1,4,65,inf
Random,10,54,1,4,66,inf
Random,10,54,1,4,67,inf
Random,10,54,1,4,68,inf
Random,10,54,1,4,69,inf
Random,10,54,1,4,70,inf
Random,10,54,1,4,71,inf
Random,10,54,1,4,72,inf
Random,10,54,1,4,73,inf
Random,10,54,1,4,74,inf
Random,10,54,1,4,75,inf
Random,10,54,1,4,76,inf
Random,10,54,1,4,77,inf
Random,10,54,1,4,78,inf
Random,10,54,1,4,79,inf
Random,10,54,1,4,80,inf
Random,10,54,1,4,81,inf
Random,10,54,1,4,82,inf
Random,10,54,1,4,83,inf
Random,10,54,1,4,84,inf
Random,10,54,1,4,85,inf
Random,10,54,1,4,86,inf
Random,10,54,1,4,87,inf
Random,10,54,1,4,88,inf
Random,10,54,1,4,89,inf
Random,10,54,1,4,90,inf
Random,10,54,1,4,91,inf
Random,10,54,1,4,92,inf
Random,10,54,1,4,93,inf
Random,10,54,1,4,94,inf
Random,10,54,1,4,95,inf
Random,10,54,1,4,96,inf
Random,10,54,1,4,97,inf
Random,10,54,1,4,98,inf
Random,10,54,1,4,99,inf
Random,10,54,1,4,100,inf
qLogEI,10,54,1,4,1,inf
qLogEI,10,54,1,4,2,inf
qLogEI,10,54,1,4,3,inf
qLogEI,10,54,1,4,4,inf
qLogEI,10,54,1,4,5,inf
qLogEI,10,54,1,4,6,inf
qLogEI,10,54,1,4,7,inf
qLogEI,10,54,1,4,8,inf
qLogEI,10,54,1,4,9,inf
qLogEI,10,54,1,4,10,inf
qLogEI,10,54,1,4,11,inf
qLogEI,10,54,1,4,12,inf
qLogEI,10,54,1,4,13,inf
qLogEI,10,54,1,4,14,inf
qLogEI,10,54,1,4,15,inf
qLogEI,10,54,1,4,16,inf
qLogEI,10,54,1,4,17,inf
qLogEI,10,54,1,4,18,inf
qLogEI,10,54,1,4,19,inf
qLogEI,10,54,1,4,20,inf
qLogEI,10,54,1,4,21,inf
qLogEI,10,54,1,4,22,inf
qLogEI,10,54,1,4,23,inf
qLogEI,10,54,1,4,24,inf
qLogEI,10,54,1,4,25,inf
qLogEI,10,54,1,4,26,inf
qLogEI,10,54,1,4,27,inf
qLogEI,10,54,1,4,28,inf
qLogEI,10,54,1,4,29,inf
qLogEI,10,54,1,4,30,inf
qLogEI,10,54,1,4,31,inf
qLogEI,10,54,1,4,32,inf
qLogEI,10,54,1,4,33,inf
qLogEI,10,54,1,4,34,inf
qLogEI,10,54,1,4,35,inf
qLogEI,10,54,1,4,36,inf
qLogEI,10,54,1,4,37,inf
qLogEI,10,54,1,4,38,inf
qLogEI,10,54,1,4,39,inf
qLogEI,10,54,1,4,40,inf
qLogEI,10,54,1,4,41,inf
qLogEI,10,54,1,4,42,inf
qLogEI,10,54,1,4,43,inf
qLogEI,10,54,1,4,44,inf
qLogEI,10,54,1,4,45,inf
qLogEI,10,54,1,4,46,inf
qLogEI,10,54,1,4,47,inf
qLogEI,10,54,1,4,48,inf
qLogEI,10,54,1,4,49,inf
qLogEI,10,54,1,4,50,inf
qLogEI,10,54,1,4,51,inf
qLogEI,10,54,1,4,52,inf
qLogEI,10,54,1,4,53,inf
qLogEI,10,54,1,4,54,inf
qLogEI,10,54,1,4,55,inf
qLogEI,10,54,1,4,56,inf
qLogEI,10,54,1,4,57,inf
qLogEI,10,54,1,4,58,inf
qLogEI,10,54,1,4,59,inf
qLogEI,10,54,1,4,60,inf
qLogEI,10,54,1,4,61,inf
qLogEI,10,54,1,4,62,inf
qLogEI,10,54,1,4,63,inf
qLogEI,10,54,1,4,64,inf
qLogEI,10,54,1,4,65,inf
qLogEI,10,54,1,4,66,inf
qLogEI,10,54,1,4,67,inf
qLogEI,10,54,1,4,68,inf
qLogEI,10,54,1,4,69,inf
qLogEI,10,54,1,4,70,inf
qLogEI,10,54,1,4,71,inf
qLogEI,10,54,1,4,72,inf
qLogEI,10,54,1,4,73,inf
qLogEI,10,54,1,4,74,inf
qLogEI,10,54,1,4,75,inf
qLogEI,10,54,1,4,76,inf
qLogEI,10,54,1,4,77,inf
qLogEI,10,54,1,4,78,inf
qLogEI,10,54,1,4,79,inf
qLogEI,10,54,1,4,80,inf
qLogEI,10,54,1,4,81,inf
qLogEI,10,54,1,4,82,inf
qLogEI,10,54,1,4,83,inf
qLogEI,10,54,1,4,84,inf
qLogEI,10,54,1,4,85,inf
qLogEI,10,54,1,4,86,inf
qLogEI,10,54,1,4,87,inf
qLogEI,10,54,1,4,88,inf
qLogEI,10,54,1,4,89,inf
qLogEI,10,54,1,4,90,inf
qLogEI,10,54,1,4,91,inf
qLogEI,10,54,1,4,92,inf
qLogEI,10,54,1,4,93,inf
qLogEI,10,54,1,4,94,inf
qLogEI,10,54,1,4,95,inf
qLogEI,10,54,1,4,96,inf
qLogEI,10,54,1,4,97,inf
qLogEI,10,54,1,4,98,inf
qLogEI,10,54,1,4,99,inf
qLogEI,10,54,1,4,100,inf
RL_Enhanced,10,54,1,4,1,inf
RL_Enhanced,10,54,1,4,2,inf
RL_Enhanced,10,54,1,4,3,inf
RL_Enhanced,10,54,1,4,4,inf
RL_Enhanced,10,54,1,4,5,inf
RL_Enhanced,10,54,1,4,6,inf
RL_Enhanced,10,54,1,4,7,inf
RL_Enhanced,10,54,1,4,8,inf
RL_Enhanced,10,54,1,4,9,inf
RL_Enhanced,10,54,1,4,10,inf
RL_Enhanced,10,54,1,4,11,inf
RL_Enhanced,10,54,1,4,12,inf
RL_Enhanced,10,54,1,4,13,inf
RL_Enhanced,10,54,1,4,14,inf
RL_Enhanced,10,54,1,4,15,inf
RL_Enhanced,10,54,1,4,16,inf
RL_Enhanced,10,54,1,4,17,inf
RL_Enhanced,10,54,1,4,18,inf
RL_Enhanced,10,54,1,4,19,inf
RL_Enhanced,10,54,1,4,20,inf
RL_Enhanced,10,54,1,4,21,inf
RL_Enhanced,10,54,1,4,22,inf
RL_Enhanced,10,54,1,4,23,inf
RL_Enhanced,10,54,1,4,24,inf
RL_Enhanced,10,54,1,4,25,inf
RL_Enhanced,10,54,1,4,26,inf
RL_Enhanced,10,54,1,4,27,inf
RL_Enhanced,10,54,1,4,28,inf
RL_Enhanced,10,54,1,4,29,inf
RL_Enhanced,10,54,1,4,30,inf
RL_Enhanced,10,54,1,4,31,inf
RL_Enhanced,10,54,1,4,32,inf
RL_Enhanced,10,54,1,4,33,inf
RL_Enhanced,10,54,1,4,34,inf
RL_Enhanced,10,54,1,4,35,inf
RL_Enhanced,10,54,1,4,36,inf
RL_Enhanced,10,54,1,4,37,inf
RL_Enhanced,10,54,1,4,38,inf
RL_Enhanced,10,54,1,4,39,inf
RL_Enhanced,10,54,1,4,40,inf
RL_Enhanced,10,54,1,4,41,inf
RL_Enhanced,10,54,1,4,42,inf
RL_Enhanced,10,54,1,4,43,inf
RL_Enhanced,10,54,1,4,44,inf
RL_Enhanced,10,54,1,4,45,inf
RL_Enhanced,10,54,1,4,46,inf
RL_Enhanced,10,54,1,4,47,inf
RL_Enhanced,10,54,1,4,48,inf
RL_Enhanced,10,54,1,4,49,inf
RL_Enhanced,10,54,1,4,50,inf
RL_Enhanced,10,54,1,4,51,inf
RL_Enhanced,10,54,1,4,52,inf
RL_Enhanced,10,54,1,4,53,inf
RL_Enhanced,10,54,1,4,54,inf
RL_Enhanced,10,54,1,4,55,inf
RL_Enhanced,10,54,1,4,56,inf
RL_Enhanced,10,54,1,4,57,inf
RL_Enhanced,10,54,1,4,58,inf
RL_Enhanced,10,54,1,4,59,inf
RL_Enhanced,10,54,1,4,60,inf
RL_Enhanced,10,54,1,4,61,inf
RL_Enhanced,10,54,1,4,62,inf
RL_Enhanced,10,54,1,4,63,inf
RL_Enhanced,10,54,1,4,64,inf
RL_Enhanced,10,54,1,4,65,inf
RL_Enhanced,10,54,1,4,66,inf
RL_Enhanced,10,54,1,4,67,inf
RL_Enhanced,10,54,1,4,68,inf
RL_Enhanced,10,54,1,4,69,inf
RL_Enhanced,10,54,1,4,70,inf
RL_Enhanced,10,54,1,4,71,inf
RL_Enhanced,10,54,1,4,72,inf
RL_Enhanced,10,54,1,4,73,inf
RL_Enhanced,10,54,1,4,74,inf
RL_Enhanced,10,54,1,4,75,inf
RL_Enhanced,10,54,1,4,76,inf
RL_Enhanced,10,54,1,4,77,inf
RL_Enhanced,10,54,1,4,78,inf
RL_Enhanced,10,54,1,4,79,inf
RL_Enhanced,10,54,1,4,80,inf
RL_Enhanced,10,54,1,4,81,inf
RL_Enhanced,10,54,1,4,82,inf
RL_Enhanced,10,54,1,4,83,inf
RL_Enhanced,10,54,1,4,84,inf
RL_Enhanced,10,54,1,4,85,inf
RL_Enhanced,10,54,1,4,86,inf
RL_Enhanced,10,54,1,4,87,inf
RL_Enhanced,10,54,1,4,88,inf
RL_Enhanced,10,54,1,4,89,inf
RL_Enhanced,10,54,1,4,90,inf
RL_Enhanced,10,54,1,4,91,inf
RL_Enhanced,10,54,1,4,92,inf
RL_Enhanced,10,54,1,4,93,inf
RL_Enhanced,10,54,1,4,94,inf
RL_Enhanced,10,54,1,4,95,inf
RL_Enhanced,10,54,1,4,96,inf
RL_Enhanced,10,54,1,4,97,inf
RL_Enhanced,10,54,1,4,98,inf
RL_Enhanced,10,54,1,4,99,inf
RL_Enhanced,10,54,1,4,100,inf
Random,10,54,2,0,1,inf
Random,10,54,2,0,2,inf
Random,10,54,2,0,3,inf
Random,10,54,2,0,4,inf
Random,10,54,2,0,5,inf
Random,10,54,2,0,6,inf
Random,10,54,2,0,7,inf
Random,10,54,2,0,8,inf
Random,10,54,2,0,9,inf
Random,10,54,2,0,10,inf
Random,10,54,2,0,11,inf
Random,10,54,2,0,12,inf
Random,10,54,2,0,13,inf
Random,10,54,2,0,14,inf
Random,10,54,2,0,15,inf
Random,10,54,2,0,16,inf
Random,10,54,2,0,17,inf
Random,10,54,2,0,18,inf
Random,10,54,2,0,19,inf
Random,10,54,2,0,20,inf
Random,10,54,2,0,21,inf
Random,10,54,2,0,22,inf
Random,10,54,2,0,23,inf
Random,10,54,2,0,24,inf
Random,10,54,2,0,25,inf
Random,10,54,2,0,26,inf
Random,10,54,2,0,27,inf
Random,10,54,2,0,28,inf
Random,10,54,2,0,29,inf
Random,10,54,2,0,30,inf
Random,10,54,2,0,31,inf
Random,10,54,2,0,32,inf
Random,10,54,2,0,33,inf
Random,10,54,2,0,34,inf
Random,10,54,2,0,35,inf
Random,10,54,2,0,36,inf
Random,10,54,2,0,37,inf
Random,10,54,2,0,38,inf
Random,10,54,2,0,39,inf
Random,10,54,2,0,40,inf
Random,10,54,2,0,41,inf
Random,10,54,2,0,42,inf
Random,10,54,2,0,43,inf
Random,10,54,2,0,44,inf
Random,10,54,2,0,45,inf
Random,10,54,2,0,46,inf
Random,10,54,2,0,47,inf
Random,10,54,2,0,48,inf
Random,10,54,2,0,49,inf
Random,10,54,2,0,50,inf
Random,10,54,2,0,51,inf
Random,10,54,2,0,52,inf
Random,10,54,2,0,53,inf
Random,10,54,2,0,54,inf
Random,10,54,2,0,55,inf
Random,10,54,2,0,56,inf
Random,10,54,2,0,57,inf
Random,10,54,2,0,58,inf
Random,10,54,2,0,59,inf
Random,10,54,2,0,60,inf
Random,10,54,2,0,61,inf
Random,10,54,2,0,62,inf
Random,10,54,2,0,63,inf
Random,10,54,2,0,64,inf
Random,10,54,2,0,65,inf
Random,10,54,2,0,66,inf
Random,10,54,2,0,67,inf
Random,10,54,2,0,68,inf
Random,10,54,2,0,69,inf
Random,10,54,2,0,70,inf
Random,10,54,2,0,71,inf
Random,10,54,2,0,72,inf
Random,10,54,2,0,73,inf
Random,10,54,2,0,74,inf
Random,10,54,2,0,75,inf
Random,10,54,2,0,76,inf
Random,10,54,2,0,77,inf
Random,10,54,2,0,78,inf
Random,10,54,2,0,79,inf
Random,10,54,2,0,80,inf
Random,10,54,2,0,81,inf
Random,10,54,2,0,82,inf
Random,10,54,2,0,83,inf
Random,10,54,2,0,84,inf
Random,10,54,2,0,85,inf
Random,10,54,2,0,86,inf
Random,10,54,2,0,87,inf
Random,10,54,2,0,88,inf
Random,10,54,2,0,89,inf
Random,10,54,2,0,90,inf
Random,10,54,2,0,91,inf
Random,10,54,2,0,92,inf
Random,10,54,2,0,93,inf
Random,10,54,2,0,94,inf
Random,10,54,2,0,95,inf
Random,10,54,2,0,96,inf
Random,10,54,2,0,97,inf
Random,10,54,2,0,98,inf
Random,10,54,2,0,99,inf
Random,10,54,2,0,100,inf
qLogEI,10,54,2,0,1,inf
qLogEI,10,54,2,0,2,inf
qLogEI,10,54,2,0,3,inf
qLogEI,10,54,2,0,4,inf
qLogEI,10,54,2,0,5,inf
qLogEI,10,54,2,0,6,inf
qLogEI,10,54,2,0,7,inf
qLogEI,10,54,2,0,8,inf
qLogEI,10,54,2,0,9,inf
qLogEI,10,54,2,0,10,inf
qLogEI,10,54,2,0,11,inf
qLogEI,10,54,2,0,12,inf
qLogEI,10,54,2,0,13,inf
qLogEI,10,54,2,0,14,inf
qLogEI,10,54,2,0,15,inf
qLogEI,10,54,2,0,16,inf
qLogEI,10,54,2,0,17,inf
qLogEI,10,54,2,0,18,inf
qLogEI,10,54,2,0,19,inf
qLogEI,10,54,2,0,20,inf
qLogEI,10,54,2,0,21,inf
qLogEI,10,54,2,0,22,inf
qLogEI,10,54,2,0,23,inf
qLogEI,10,54,2,0,24,inf
qLogEI,10,54,2,0,25,inf
qLogEI,10,54,2,0,26,inf
qLogEI,10,54,2,0,27,inf
qLogEI,10,54,2,0,28,inf
qLogEI,10,54,2,0,29,inf
qLogEI,10,54,2,0,30,inf
qLogEI,10,54,2,0,31,inf
qLogEI,10,54,2,0,32,inf
qLogEI,10,54,2,0,33,inf
qLogEI,10,54,2,0,34,inf
qLogEI,10,54,2,0,35,inf
qLogEI,10,54,2,0,36,inf
qLogEI,10,54,2,0,37,inf
qLogEI,10,54,2,0,38,inf
qLogEI,10,54,2,0,39,inf
qLogEI,10,54,2,0,40,inf
qLogEI,10,54,2,0,41,inf
qLogEI,10,54,2,0,42,inf
qLogEI,10,54,2,0,43,inf
qLogEI,10,54,2,0,44,inf
qLogEI,10,54,2,0,45,inf
qLogEI,10,54,2,0,46,inf
qLogEI,10,54,2,0,47,inf
qLogEI,10,54,2,0,48,inf
qLogEI,10,54,2,0,49,inf
qLogEI,10,54,2,0,50,inf
qLogEI,10,54,2,0,51,inf
qLogEI,10,54,2,0,52,inf
qLogEI,10,54,2,0,53,inf
qLogEI,10,54,2,0,54,inf
qLogEI,10,54,2,0,55,inf
qLogEI,10,54,2,0,56,inf
qLogEI,10,54,2,0,57,inf
qLogEI,10,54,2,0,58,inf
qLogEI,10,54,2,0,59,inf
qLogEI,10,54,2,0,60,inf
qLogEI,10,54,2,0,61,inf
qLogEI,10,54,2,0,62,inf
qLogEI,10,54,2,0,63,inf
qLogEI,10,54,2,0,64,inf
qLogEI,10,54,2,0,65,inf
qLogEI,10,54,2,0,66,inf
qLogEI,10,54,2,0,67,inf
qLogEI,10,54,2,0,68,inf
qLogEI,10,54,2,0,69,inf
qLogEI,10,54,2,0,70,inf
qLogEI,10,54,2,0,71,inf
qLogEI,10,54,2,0,72,inf
qLogEI,10,54,2,0,73,inf
qLogEI,10,54,2,0,74,inf
qLogEI,10,54,2,0,75,inf
qLogEI,10,54,2,0,76,inf
qLogEI,10,54,2,0,77,inf
qLogEI,10,54,2,0,78,inf
qLogEI,10,54,2,0,79,inf
qLogEI,10,54,2,0,80,inf
qLogEI,10,54,2,0,81,inf
qLogEI,10,54,2,0,82,inf
qLogEI,10,54,2,0,83,inf
qLogEI,10,54,2,0,84,inf
qLogEI,10,54,2,0,85,inf
qLogEI,10,54,2,0,86,inf
qLogEI,10,54,2,0,87,inf
qLogEI,10,54,2,0,88,inf
qLogEI,10,54,2,0,89,inf
qLogEI,10,54,2,0,90,inf
qLogEI,10,54,2,0,91,inf
qLogEI,10,54,2,0,92,inf
qLogEI,10,54,2,0,93,inf
qLogEI,10,54,2,0,94,inf
qLogEI,10,54,2,0,95,inf
qLogEI,10,54,2,0,96,inf
qLogEI,10,54,2,0,97,inf
qLogEI,10,54,2,0,98,inf
qLogEI,10,54,2,0,99,inf
qLogEI,10,54,2,0,100,inf
RL_Enhanced,10,54,2,0,1,inf
RL_Enhanced,10,54,2,0,2,inf
RL_Enhanced,10,54,2,0,3,inf
RL_Enhanced,10,54,2,0,4,inf
RL_Enhanced,10,54,2,0,5,inf
RL_Enhanced,10,54,2,0,6,inf
RL_Enhanced,10,54,2,0,7,inf
RL_Enhanced,10,54,2,0,8,inf
RL_Enhanced,10,54,2,0,9,inf
RL_Enhanced,10,54,2,0,10,inf
RL_Enhanced,10,54,2,0,11,inf
RL_Enhanced,10,54,2,0,12,inf
RL_Enhanced,10,54,2,0,13,inf
RL_Enhanced,10,54,2,0,14,inf
RL_Enhanced,10,54,2,0,15,inf
RL_Enhanced,10,54,2,0,16,inf
RL_Enhanced,10,54,2,0,17,inf
RL_Enhanced,10,54,2,0,18,inf
RL_Enhanced,10,54,2,0,19,inf
RL_Enhanced,10,54,2,0,20,inf
RL_Enhanced,10,54,2,0,21,inf
RL_Enhanced,10,54,2,0,22,inf
RL_Enhanced,10,54,2,0,23,inf
RL_Enhanced,10,54,2,0,24,inf
RL_Enhanced,10,54,2,0,25,inf
RL_Enhanced,10,54,2,0,26,inf
RL_Enhanced,10,54,2,0,27,inf
RL_Enhanced,10,54,2,0,28,inf
RL_Enhanced,10,54,2,0,29,inf
RL_Enhanced,10,54,2,0,30,inf
RL_Enhanced,10,54,2,0,31,inf
RL_Enhanced,10,54,2,0,32,inf
RL_Enhanced,10,54,2,0,33,inf
RL_Enhanced,10,54,2,0,34,inf
RL_Enhanced,10,54,2,0,35,inf
RL_Enhanced,10,54,2,0,36,inf
RL_Enhanced,10,54,2,0,37,inf
RL_Enhanced,10,54,2,0,38,inf
RL_Enhanced,10,54,2,0,39,inf
RL_Enhanced,10,54,2,0,40,inf
RL_Enhanced,10,54,2,0,41,inf
RL_Enhanced,10,54,2,0,42,inf
RL_Enhanced,10,54,2,0,43,inf
RL_Enhanced,10,54,2,0,44,inf
RL_Enhanced,10,54,2,0,45,inf
RL_Enhanced,10,54,2,0,46,inf
RL_Enhanced,10,54,2,0,47,inf
RL_Enhanced,10,54,2,0,48,inf
RL_Enhanced,10,54,2,0,49,inf
RL_Enhanced,10,54,2,0,50,inf
RL_Enhanced,10,54,2,0,51,inf
RL_Enhanced,10,54,2,0,52,inf
RL_Enhanced,10,54,2,0,53,inf
RL_Enhanced,10,54,2,0,54,inf
RL_Enhanced,10,54,2,0,55,inf
RL_Enhanced,10,54,2,0,56,inf
RL_Enhanced,10,54,2,0,57,inf
RL_Enhanced,10,54,2,0,58,inf
RL_Enhanced,10,54,2,0,59,inf
RL_Enhanced,10,54,2,0,60,inf
RL_Enhanced,10,54,2,0,61,inf
RL_Enhanced,10,54,2,0,62,inf
RL_Enhanced,10,54,2,0,63,inf
RL_Enhanced,10,54,2,0,64,inf
RL_Enhanced,10,54,2,0,65,inf
RL_Enhanced,10,54,2,0,66,inf
RL_Enhanced,10,54,2,0,67,inf
RL_Enhanced,10,54,2,0,68,inf
RL_Enhanced,10,54,2,0,69,inf
RL_Enhanced,10,54,2,0,70,inf
RL_Enhanced,10,54,2,0,71,inf
RL_Enhanced,10,54,2,0,72,inf
RL_Enhanced,10,54,2,0,73,inf
RL_Enhanced,10,54,2,0,74,inf
RL_Enhanced,10,54,2,0,75,inf
RL_Enhanced,10,54,2,0,76,inf
RL_Enhanced,10,54,2,0,77,inf
RL_Enhanced,10,54,2,0,78,inf
RL_Enhanced,10,54,2,0,79,inf
RL_Enhanced,10,54,2,0,80,inf
RL_Enhanced,10,54,2,0,81,inf
RL_Enhanced,10,54,2,0,82,inf
RL_Enhanced,10,54,2,0,83,inf
RL_Enhanced,10,54,2,0,84,inf
RL_Enhanced,10,54,2,0,85,inf
RL_Enhanced,10,54,2,0,86,inf
RL_Enhanced,10,54,2,0,87,inf
RL_Enhanced,10,54,2,0,88,inf
RL_Enhanced,10,54,2,0,89,inf
RL_Enhanced,10,54,2,0,90,inf
RL_Enhanced,10,54,2,0,91,inf
RL_Enhanced,10,54,2,0,92,inf
RL_Enhanced,10,54,2,0,93,inf
RL_Enhanced,10,54,2,0,94,inf
RL_Enhanced,10,54,2,0,95,inf
RL_Enhanced,10,54,2,0,96,inf
RL_Enhanced,10,54,2,0,97,inf
RL_Enhanced,10,54,2,0,98,inf
RL_Enhanced,10,54,2,0,99,inf
RL_Enhanced,10,54,2,0,100,inf
Random,10,54,2,1,1,inf
Random,10,54,2,1,2,inf
Random,10,54,2,1,3,inf
Random,10,54,2,1,4,inf
Random,10,54,2,1,5,inf
Random,10,54,2,1,6,inf
Random,10,54,2,1,7,inf
Random,10,54,2,1,8,inf
Random,10,54,2,1,9,inf
Random,10,54,2,1,10,inf
Random,10,54,2,1,11,inf
Random,10,54,2,1,12,inf
Random,10,54,2,1,13,inf
Random,10,54,2,1,14,inf
Random,10,54,2,1,15,inf
Random,10,54,2,1,16,inf
Random,10,54,2,1,17,inf
Random,10,54,2,1,18,inf
Random,10,54,2,1,19,inf
Random,10,54,2,1,20,inf
Random,10,54,2,1,21,inf
Random,10,54,2,1,22,inf
Random,10,54,2,1,23,inf
Random,10,54,2,1,24,inf
Random,10,54,2,1,25,inf
Random,10,54,2,1,26,inf
Random,10,54,2,1,27,inf
Random,10,54,2,1,28,inf
Random,10,54,2,1,29,inf
Random,10,54,2,1,30,inf
Random,10,54,2,1,31,inf
Random,10,54,2,1,32,inf
Random,10,54,2,1,33,inf
Random,10,54,2,1,34,inf
Random,10,54,2,1,35,inf
Random,10,54,2,1,36,inf
Random,10,54,2,1,37,inf
Random,10,54,2,1,38,inf
Random,10,54,2,1,39,inf
Random,10,54,2,1,40,inf
Random,10,54,2,1,41,inf
Random,10,54,2,1,42,inf
Random,10,54,2,1,43,inf
Random,10,54,2,1,44,inf
Random,10,54,2,1,45,inf
Random,10,54,2,1,46,inf
Random,10,54,2,1,47,inf
Random,10,54,2,1,48,inf
Random,10,54,2,1,49,inf
Random,10,54,2,1,50,inf
Random,10,54,2,1,51,inf
Random,10,54,2,1,52,inf
Random,10,54,2,1,53,inf
Random,10,54,2,1,54,inf
Random,10,54,2,1,55,inf
Random,10,54,2,1,56,inf
Random,10,54,2,1,57,inf
Random,10,54,2,1,58,inf
Random,10,54,2,1,59,inf
Random,10,54,2,1,60,inf
Random,10,54,2,1,61,inf
Random,10,54,2,1,62,inf
Random,10,54,2,1,63,inf
Random,10,54,2,1,64,inf
Random,10,54,2,1,65,inf
Random,10,54,2,1,66,inf
Random,10,54,2,1,67,inf
Random,10,54,2,1,68,inf
Random,10,54,2,1,69,inf
Random,10,54,2,1,70,inf
Random,10,54,2,1,71,inf
Random,10,54,2,1,72,inf
Random,10,54,2,1,73,inf
Random,10,54,2,1,74,inf
Random,10,54,2,1,75,inf
Random,10,54,2,1,76,inf
Random,10,54,2,1,77,inf
Random,10,54,2,1,78,inf
Random,10,54,2,1,79,inf
Random,10,54,2,1,80,inf
Random,10,54,2,1,81,inf
Random,10,54,2,1,82,inf
Random,10,54,2,1,83,inf
Random,10,54,2,1,84,inf
Random,10,54,2,1,85,inf
Random,10,54,2,1,86,inf
Random,10,54,2,1,87,inf
Random,10,54,2,1,88,inf
Random,10,54,2,1,89,inf
Random,10,54,2,1,90,inf
Random,10,54,2,1,91,inf
Random,10,54,2,1,92,inf
Random,10,54,2,1,93,inf
Random,10,54,2,1,94,inf
Random,10,54,2,1,95,inf
Random,10,54,2,1,96,inf
Random,10,54,2,1,97,inf
Random,10,54,2,1,98,inf
Random,10,54,2,1,99,inf
Random,10,54,2,1,100,inf
qLogEI,10,54,2,1,1,inf
qLogEI,10,54,2,1,2,inf
qLogEI,10,54,2,1,3,inf
qLogEI,10,54,2,1,4,inf
qLogEI,10,54,2,1,5,inf
qLogEI,10,54,2,1,6,inf
qLogEI,10,54,2,1,7,inf
qLogEI,10,54,2,1,8,inf
qLogEI,10,54,2,1,9,inf
qLogEI,10,54,2,1,10,inf
qLogEI,10,54,2,1,11,inf
qLogEI,10,54,2,1,12,inf
qLogEI,10,54,2,1,13,inf
qLogEI,10,54,2,1,14,inf
qLogEI,10,54,2,1,15,inf
qLogEI,10,54,2,1,16,inf
qLogEI,10,54,2,1,17,inf
qLogEI,10,54,2,1,18,inf
qLogEI,10,54,2,1,19,inf
qLogEI,10,54,2,1,20,inf
qLogEI,10,54,2,1,21,inf
qLogEI,10,54,2,1,22,inf
qLogEI,10,54,2,1,23,inf
qLogEI,10,54,2,1,24,inf
qLogEI,10,54,2,1,25,inf
qLogEI,10,54,2,1,26,inf
qLogEI,10,54,2,1,27,inf
qLogEI,10,54,2,1,28,inf
qLogEI,10,54,2,1,29,inf
qLogEI,10,54,2,1,30,inf
qLogEI,10,54,2,1,31,inf
qLogEI,10,54,2,1,32,inf
qLogEI,10,54,2,1,33,inf
qLogEI,10,54,2,1,34,inf
qLogEI,10,54,2,1,35,inf
qLogEI,10,54,2,1,36,inf
qLogEI,10,54,2,1,37,inf
qLogEI,10,54,2,1,38,inf
qLogEI,10,54,2,1,39,inf
qLogEI,10,54,2,1,40,inf
qLogEI,10,54,2,1,41,inf
qLogEI,10,54,2,1,42,inf
qLogEI,10,54,2,1,43,inf
qLogEI,10,54,2,1,44,inf
qLogEI,10,54,2,1,45,inf
qLogEI,10,54,2,1,46,inf
qLogEI,10,54,2,1,47,inf
qLogEI,10,54,2,1,48,inf
qLogEI,10,54,2,1,49,inf
qLogEI,10,54,2,1,50,inf
qLogEI,10,54,2,1,51,inf
qLogEI,10,54,2,1,52,inf
qLogEI,10,54,2,1,53,inf
qLogEI,10,54,2,1,54,inf
qLogEI,10,54,2,1,55,inf
qLogEI,10,54,2,1,56,inf
qLogEI,10,54,2,1,57,inf
qLogEI,10,54,2,1,58,inf
qLogEI,10,54,2,1,59,inf
qLogEI,10,54,2,1,60,inf
qLogEI,10,54,2,1,61,inf
qLogEI,10,54,2,1,62,inf
qLogEI,10,54,2,1,63,inf
qLogEI,10,54,2,1,64,inf
qLogEI,10,54,2,1,65,inf
qLogEI,10,54,2,1,66,inf
qLogEI,10,54,2,1,67,inf
qLogEI,10,54,2,1,68,inf
qLogEI,10,54,2,1,69,inf
qLogEI,10,54,2,1,70,inf
qLogEI,10,54,2,1,71,inf
qLogEI,10,54,2,1,72,inf
qLogEI,10,54,2,1,73,inf
qLogEI,10,54,2,1,74,inf
qLogEI,10,54,2,1,75,inf
qLogEI,10,54,2,1,76,inf
qLogEI,10,54,2,1,77,inf
qLogEI,10,54,2,1,78,inf
qLogEI,10,54,2,1,79,inf
qLogEI,10,54,2,1,80,inf
qLogEI,10,54,2,1,81,inf
qLogEI,10,54,2,1,82,inf
qLogEI,10,54,2,1,83,inf
qLogEI,10,54,2,1,84,inf
qLogEI,10,54,2,1,85,inf
qLogEI,10,54,2,1,86,inf
qLogEI,10,54,2,1,87,inf
qLogEI,10,54,2,1,88,inf
qLogEI,10,54,2,1,89,inf
qLogEI,10,54,2,1,90,inf
qLogEI,10,54,2,1,91,inf
qLogEI,10,54,2,1,92,inf
qLogEI,10,54,2,1,93,inf
qLogEI,10,54,2,1,94,inf
qLogEI,10,54,2,1,95,inf
qLogEI,10,54,2,1,96,inf
qLogEI,10,54,2,1,97,inf
qLogEI,10,54,2,1,98,inf
qLogEI,10,54,2,1,99,inf
qLogEI,10,54,2,1,100,inf
RL_Enhanced,10,54,2,1,1,inf
RL_Enhanced,10,54,2,1,2,inf
RL_Enhanced,10,54,2,1,3,inf
RL_Enhanced,10,54,2,1,4,inf
RL_Enhanced,10,54,2,1,5,inf
RL_Enhanced,10,54,2,1,6,inf
RL_Enhanced,10,54,2,1,7,inf
RL_Enhanced,10,54,2,1,8,inf
RL_Enhanced,10,54,2,1,9,inf
RL_Enhanced,10,54,2,1,10,inf
RL_Enhanced,10,54,2,1,11,inf
RL_Enhanced,10,54,2,1,12,inf
RL_Enhanced,10,54,2,1,13,inf
RL_Enhanced,10,54,2,1,14,inf
RL_Enhanced,10,54,2,1,15,inf
RL_Enhanced,10,54,2,1,16,inf
RL_Enhanced,10,54,2,1,17,inf
RL_Enhanced,10,54,2,1,18,inf
RL_Enhanced,10,54,2,1,19,inf
RL_Enhanced,10,54,2,1,20,inf
RL_Enhanced,10,54,2,1,21,inf
RL_Enhanced,10,54,2,1,22,inf
RL_Enhanced,10,54,2,1,23,inf
RL_Enhanced,10,54,2,1,24,inf
RL_Enhanced,10,54,2,1,25,inf
RL_Enhanced,10,54,2,1,26,inf
RL_Enhanced,10,54,2,1,27,inf
RL_Enhanced,10,54,2,1,28,inf
RL_Enhanced,10,54,2,1,29,inf
RL_Enhanced,10,54,2,1,30,inf
RL_Enhanced,10,54,2,1,31,inf
RL_Enhanced,10,54,2,1,32,inf
RL_Enhanced,10,54,2,1,33,inf
RL_Enhanced,10,54,2,1,34,inf
RL_Enhanced,10,54,2,1,35,inf
RL_Enhanced,10,54,2,1,36,inf
RL_Enhanced,10,54,2,1,37,inf
RL_Enhanced,10,54,2,1,38,inf
RL_Enhanced,10,54,2,1,39,inf
RL_Enhanced,10,54,2,1,40,inf
RL_Enhanced,10,54,2,1,41,inf
RL_Enhanced,10,54,2,1,42,inf
RL_Enhanced,10,54,2,1,43,inf
RL_Enhanced,10,54,2,1,44,inf
RL_Enhanced,10,54,2,1,45,inf
RL_Enhanced,10,54,2,1,46,inf
RL_Enhanced,10,54,2,1,47,inf
RL_Enhanced,10,54,2,1,48,inf
RL_Enhanced,10,54,2,1,49,inf
RL_Enhanced,10,54,2,1,50,inf
RL_Enhanced,10,54,2,1,51,inf
RL_Enhanced,10,54,2,1,52,inf
RL_Enhanced,10,54,2,1,53,inf
RL_Enhanced,10,54,2,1,54,inf
RL_Enhanced,10,54,2,1,55,inf
RL_Enhanced,10,54,2,1,56,inf
RL_Enhanced,10,54,2,1,57,inf
RL_Enhanced,10,54,2,1,58,inf
RL_Enhanced,10,54,2,1,59,inf
RL_Enhanced,10,54,2,1,60,inf
RL_Enhanced,10,54,2,1,61,inf
RL_Enhanced,10,54,2,1,62,inf
RL_Enhanced,10,54,2,1,63,inf
RL_Enhanced,10,54,2,1,64,inf
RL_Enhanced,10,54,2,1,65,inf
RL_Enhanced,10,54,2,1,66,inf
RL_Enhanced,10,54,2,1,67,inf
RL_Enhanced,10,54,2,1,68,inf
RL_Enhanced,10,54,2,1,69,inf
RL_Enhanced,10,54,2,1,70,inf
RL_Enhanced,10,54,2,1,71,inf
RL_Enhanced,10,54,2,1,72,inf
RL_Enhanced,10,54,2,1,73,inf
RL_Enhanced,10,54,2,1,74,inf
RL_Enhanced,10,54,2,1,75,inf
RL_Enhanced,10,54,2,1,76,inf
RL_Enhanced,10,54,2,1,77,inf
RL_Enhanced,10,54,2,1,78,inf
RL_Enhanced,10,54,2,1,79,inf
RL_Enhanced,10,54,2,1,80,inf
RL_Enhanced,10,54,2,1,81,inf
RL_Enhanced,10,54,2,1,82,inf
RL_Enhanced,10,54,2,1,83,inf
RL_Enhanced,10,54,2,1,84,inf
RL_Enhanced,10,54,2,1,85,inf
RL_Enhanced,10,54,2,1,86,inf
RL_Enhanced,10,54,2,1,87,inf
RL_Enhanced,10,54,2,1,88,inf
RL_Enhanced,10,54,2,1,89,inf
RL_Enhanced,10,54,2,1,90,inf
RL_Enhanced,10,54,2,1,91,inf
RL_Enhanced,10,54,2,1,92,inf
RL_Enhanced,10,54,2,1,93,inf
RL_Enhanced,10,54,2,1,94,inf
RL_Enhanced,10,54,2,1,95,inf
RL_Enhanced,10,54,2,1,96,inf
RL_Enhanced,10,54,2,1,97,inf
RL_Enhanced,10,54,2,1,98,inf
RL_Enhanced,10,54,2,1,99,inf
RL_Enhanced,10,54,2,1,100,inf
Random,10,54,2,2,1,inf
Random,10,54,2,2,2,inf
Random,10,54,2,2,3,inf
Random,10,54,2,2,4,inf
Random,10,54,2,2,5,inf
Random,10,54,2,2,6,inf
Random,10,54,2,2,7,inf
Random,10,54,2,2,8,inf
Random,10,54,2,2,9,inf
Random,10,54,2,2,10,inf
Random,10,54,2,2,11,inf
Random,10,54,2,2,12,inf
Random,10,54,2,2,13,inf
Random,10,54,2,2,14,inf
Random,10,54,2,2,15,inf
Random,10,54,2,2,16,inf
Random,10,54,2,2,17,inf
Random,10,54,2,2,18,inf
Random,10,54,2,2,19,inf
Random,10,54,2,2,20,inf
Random,10,54,2,2,21,inf
Random,10,54,2,2,22,inf
Random,10,54,2,2,23,inf
Random,10,54,2,2,24,inf
Random,10,54,2,2,25,inf
Random,10,54,2,2,26,inf
Random,10,54,2,2,27,inf
Random,10,54,2,2,28,inf
Random,10,54,2,2,29,inf
Random,10,54,2,2,30,inf
Random,10,54,2,2,31,inf
Random,10,54,2,2,32,inf
Random,10,54,2,2,33,inf
Random,10,54,2,2,34,inf
Random,10,54,2,2,35,inf
Random,10,54,2,2,36,inf
Random,10,54,2,2,37,inf
Random,10,54,2,2,38,inf
Random,10,54,2,2,39,inf
Random,10,54,2,2,40,inf
Random,10,54,2,2,41,inf
Random,10,54,2,2,42,inf
Random,10,54,2,2,43,inf
Random,10,54,2,2,44,inf
Random,10,54,2,2,45,inf
Random,10,54,2,2,46,inf
Random,10,54,2,2,47,inf
Random,10,54,2,2,48,inf
Random,10,54,2,2,49,inf
Random,10,54,2,2,50,inf
Random,10,54,2,2,51,inf
Random,10,54,2,2,52,inf
Random,10,54,2,2,53,inf
Random,10,54,2,2,54,inf
Random,10,54,2,2,55,inf
Random,10,54,2,2,56,inf
Random,10,54,2,2,57,inf
Random,10,54,2,2,58,inf
Random,10,54,2,2,59,inf
Random,10,54,2,2,60,inf
Random,10,54,2,2,61,inf
Random,10,54,2,2,62,inf
Random,10,54,2,2,63,inf
Random,10,54,2,2,64,inf
Random,10,54,2,2,65,inf
Random,10,54,2,2,66,inf
Random,10,54,2,2,67,inf
Random,10,54,2,2,68,inf
Random,10,54,2,2,69,inf
Random,10,54,2,2,70,inf
Random,10,54,2,2,71,inf
Random,10,54,2,2,72,inf
Random,10,54,2,2,73,inf
Random,10,54,2,2,74,inf
Random,10,54,2,2,75,inf
Random,10,54,2,2,76,inf
Random,10,54,2,2,77,inf
Random,10,54,2,2,78,inf
Random,10,54,2,2,79,inf
Random,10,54,2,2,80,inf
Random,10,54,2,2,81,inf
Random,10,54,2,2,82,inf
Random,10,54,2,2,83,inf
Random,10,54,2,2,84,inf
Random,10,54,2,2,85,inf
Random,10,54,2,2,86,inf
Random,10,54,2,2,87,inf
Random,10,54,2,2,88,inf
Random,10,54,2,2,89,inf
Random,10,54,2,2,90,inf
Random,10,54,2,2,91,inf
Random,10,54,2,2,92,inf
Random,10,54,2,2,93,inf
Random,10,54,2,2,94,inf
Random,10,54,2,2,95,inf
Random,10,54,2,2,96,inf
Random,10,54,2,2,97,inf
Random,10,54,2,2,98,inf
Random,10,54,2,2,99,inf
Random,10,54,2,2,100,inf
qLogEI,10,54,2,2,1,inf
qLogEI,10,54,2,2,2,inf
qLogEI,10,54,2,2,3,inf
qLogEI,10,54,2,2,4,inf
qLogEI,10,54,2,2,5,inf
qLogEI,10,54,2,2,6,inf
qLogEI,10,54,2,2,7,inf
qLogEI,10,54,2,2,8,inf
qLogEI,10,54,2,2,9,inf
qLogEI,10,54,2,2,10,inf
qLogEI,10,54,2,2,11,inf
qLogEI,10,54,2,2,12,inf
qLogEI,10,54,2,2,13,inf
qLogEI,10,54,2,2,14,inf
qLogEI,10,54,2,2,15,inf
qLogEI,10,54,2,2,16,inf
qLogEI,10,54,2,2,17,inf
qLogEI,10,54,2,2,18,inf
qLogEI,10,54,2,2,19,inf
qLogEI,10,54,2,2,20,inf
qLogEI,10,54,2,2,21,inf
qLogEI,10,54,2,2,22,inf
qLogEI,10,54,2,2,23,inf
qLogEI,10,54,2,2,24,inf
qLogEI,10,54,2,2,25,inf
qLogEI,10,54,2,2,26,inf
qLogEI,10,54,2,2,27,inf
qLogEI,10,54,2,2,28,inf
qLogEI,10,54,2,2,29,inf
qLogEI,10,54,2,2,30,inf
qLogEI,10,54,2,2,31,inf
qLogEI,10,54,2,2,32,inf
qLogEI,10,54,2,2,33,inf
qLogEI,10,54,2,2,34,inf
qLogEI,10,54,2,2,35,inf
qLogEI,10,54,2,2,36,inf
qLogEI,10,54,2,2,37,inf
qLogEI,10,54,2,2,38,inf
qLogEI,10,54,2,2,39,inf
qLogEI,10,54,2,2,40,inf
qLogEI,10,54,2,2,41,inf
qLogEI,10,54,2,2,42,inf
qLogEI,10,54,2,2,43,inf
qLogEI,10,54,2,2,44,inf
qLogEI,10,54,2,2,45,inf
qLogEI,10,54,2,2,46,inf
qLogEI,10,54,2,2,47,inf
qLogEI,10,54,2,2,48,inf
qLogEI,10,54,2,2,49,inf
qLogEI,10,54,2,2,50,inf
qLogEI,10,54,2,2,51,inf
qLogEI,10,54,2,2,52,inf
qLogEI,10,54,2,2,53,inf
qLogEI,10,54,2,2,54,inf
qLogEI,10,54,2,2,55,inf
qLogEI,10,54,2,2,56,inf
qLogEI,10,54,2,2,57,inf
qLogEI,10,54,2,2,58,inf
qLogEI,10,54,2,2,59,inf
qLogEI,10,54,2,2,60,inf
qLogEI,10,54,2,2,61,inf
qLogEI,10,54,2,2,62,inf
qLogEI,10,54,2,2,63,inf
qLogEI,10,54,2,2,64,inf
qLogEI,10,54,2,2,65,inf
qLogEI,10,54,2,2,66,inf
qLogEI,10,54,2,2,67,inf
qLogEI,10,54,2,2,68,inf
qLogEI,10,54,2,2,69,inf
qLogEI,10,54,2,2,70,inf
qLogEI,10,54,2,2,71,inf
qLogEI,10,54,2,2,72,inf
qLogEI,10,54,2,2,73,inf
qLogEI,10,54,2,2,74,inf
qLogEI,10,54,2,2,75,inf
qLogEI,10,54,2,2,76,inf
qLogEI,10,54,2,2,77,inf
qLogEI,10,54,2,2,78,inf
qLogEI,10,54,2,2,79,inf
qLogEI,10,54,2,2,80,inf
qLogEI,10,54,2,2,81,inf
qLogEI,10,54,2,2,82,inf
qLogEI,10,54,2,2,83,inf
qLogEI,10,54,2,2,84,inf
qLogEI,10,54,2,2,85,inf
qLogEI,10,54,2,2,86,inf
qLogEI,10,54,2,2,87,inf
qLogEI,10,54,2,2,88,inf
qLogEI,10,54,2,2,89,inf
qLogEI,10,54,2,2,90,inf
qLogEI,10,54,2,2,91,inf
qLogEI,10,54,2,2,92,inf
qLogEI,10,54,2,2,93,inf
qLogEI,10,54,2,2,94,inf
qLogEI,10,54,2,2,95,inf
qLogEI,10,54,2,2,96,inf
qLogEI,10,54,2,2,97,inf
qLogEI,10,54,2,2,98,inf
qLogEI,10,54,2,2,99,inf
qLogEI,10,54,2,2,100,inf
RL_Enhanced,10,54,2,2,1,inf
RL_Enhanced,10,54,2,2,2,inf
RL_Enhanced,10,54,2,2,3,inf
RL_Enhanced,10,54,2,2,4,inf
RL_Enhanced,10,54,2,2,5,inf
RL_Enhanced,10,54,2,2,6,inf
RL_Enhanced,10,54,2,2,7,inf
RL_Enhanced,10,54,2,2,8,inf
RL_Enhanced,10,54,2,2,9,inf
RL_Enhanced,10,54,2,2,10,inf
RL_Enhanced,10,54,2,2,11,inf
RL_Enhanced,10,54,2,2,12,inf
RL_Enhanced,10,54,2,2,13,inf
RL_Enhanced,10,54,2,2,14,inf
RL_Enhanced,10,54,2,2,15,inf
RL_Enhanced,10,54,2,2,16,inf
RL_Enhanced,10,54,2,2,17,inf
RL_Enhanced,10,54,2,2,18,inf
RL_Enhanced,10,54,2,2,19,inf
RL_Enhanced,10,54,2,2,20,inf
RL_Enhanced,10,54,2,2,21,inf
RL_Enhanced,10,54,2,2,22,inf
RL_Enhanced,10,54,2,2,23,inf
RL_Enhanced,10,54,2,2,24,inf
RL_Enhanced,10,54,2,2,25,inf
RL_Enhanced,10,54,2,2,26,inf
RL_Enhanced,10,54,2,2,27,inf
RL_Enhanced,10,54,2,2,28,inf
RL_Enhanced,10,54,2,2,29,inf
RL_Enhanced,10,54,2,2,30,inf
RL_Enhanced,10,54,2,2,31,inf
RL_Enhanced,10,54,2,2,32,inf
RL_Enhanced,10,54,2,2,33,inf
RL_Enhanced,10,54,2,2,34,inf
RL_Enhanced,10,54,2,2,35,inf
RL_Enhanced,10,54,2,2,36,inf
RL_Enhanced,10,54,2,2,37,inf
RL_Enhanced,10,54,2,2,38,inf
RL_Enhanced,10,54,2,2,39,inf
RL_Enhanced,10,54,2,2,40,inf
RL_Enhanced,10,54,2,2,41,inf
RL_Enhanced,10,54,2,2,42,inf
RL_Enhanced,10,54,2,2,43,inf
RL_Enhanced,10,54,2,2,44,inf
RL_Enhanced,10,54,2,2,45,inf
RL_Enhanced,10,54,2,2,46,inf
RL_Enhanced,10,54,2,2,47,inf
RL_Enhanced,10,54,2,2,48,inf
RL_Enhanced,10,54,2,2,49,inf
RL_Enhanced,10,54,2,2,50,inf
RL_Enhanced,10,54,2,2,51,inf
RL_Enhanced,10,54,2,2,52,inf
RL_Enhanced,10,54,2,2,53,inf
RL_Enhanced,10,54,2,2,54,inf
RL_Enhanced,10,54,2,2,55,inf
RL_Enhanced,10,54,2,2,56,inf
RL_Enhanced,10,54,2,2,57,inf
RL_Enhanced,10,54,2,2,58,inf
RL_Enhanced,10,54,2,2,59,inf
RL_Enhanced,10,54,2,2,60,inf
RL_Enhanced,10,54,2,2,61,inf
RL_Enhanced,10,54,2,2,62,inf
RL_Enhanced,10,54,2,2,63,inf
RL_Enhanced,10,54,2,2,64,inf
RL_Enhanced,10,54,2,2,65,inf
RL_Enhanced,10,54,2,2,66,inf
RL_Enhanced,10,54,2,2,67,inf
RL_Enhanced,10,54,2,2,68,inf
RL_Enhanced,10,54,2,2,69,inf
RL_Enhanced,10,54,2,2,70,inf
RL_Enhanced,10,54,2,2,71,inf
RL_Enhanced,10,54,2,2,72,inf
RL_Enhanced,10,54,2,2,73,inf
RL_Enhanced,10,54,2,2,74,inf
RL_Enhanced,10,54,2,2,75,inf
RL_Enhanced,10,54,2,2,76,inf
RL_Enhanced,10,54,2,2,77,inf
RL_Enhanced,10,54,2,2,78,inf
RL_Enhanced,10,54,2,2,79,inf
RL_Enhanced,10,54,2,2,80,inf
RL_Enhanced,10,54,2,2,81,inf
RL_Enhanced,10,54,2,2,82,inf
RL_Enhanced,10,54,2,2,83,inf
RL_Enhanced,10,54,2,2,84,inf
RL_Enhanced,10,54,2,2,85,inf
RL_Enhanced,10,54,2,2,86,inf
RL_Enhanced,10,54,2,2,87,inf
RL_Enhanced,10,54,2,2,88,inf
RL_Enhanced,10,54,2,2,89,inf
RL_Enhanced,10,54,2,2,90,inf
RL_Enhanced,10,54,2,2,91,inf
RL_Enhanced,10,54,2,2,92,inf
RL_Enhanced,10,54,2,2,93,inf
RL_Enhanced,10,54,2,2,94,inf
RL_Enhanced,10,54,2,2,95,inf
RL_Enhanced,10,54,2,2,96,inf
RL_Enhanced,10,54,2,2,97,inf
RL_Enhanced,10,54,2,2,98,inf
RL_Enhanced,10,54,2,2,99,inf
RL_Enhanced,10,54,2,2,100,inf
Random,10,54,2,3,1,inf
Random,10,54,2,3,2,inf
Random,10,54,2,3,3,inf
Random,10,54,2,3,4,inf
Random,10,54,2,3,5,inf
Random,10,54,2,3,6,inf
Random,10,54,2,3,7,inf
Random,10,54,2,3,8,inf
Random,10,54,2,3,9,inf
Random,10,54,2,3,10,inf
Random,10,54,2,3,11,inf
Random,10,54,2,3,12,inf
Random,10,54,2,3,13,inf
Random,10,54,2,3,14,inf
Random,10,54,2,3,15,inf
Random,10,54,2,3,16,inf
Random,10,54,2,3,17,inf
Random,10,54,2,3,18,inf
Random,10,54,2,3,19,inf
Random,10,54,2,3,20,inf
Random,10,54,2,3,21,inf
Random,10,54,2,3,22,inf
Random,10,54,2,3,23,inf
Random,10,54,2,3,24,inf
Random,10,54,2,3,25,inf
Random,10,54,2,3,26,inf
Random,10,54,2,3,27,inf
Random,10,54,2,3,28,inf
Random,10,54,2,3,29,inf
Random,10,54,2,3,30,inf
Random,10,54,2,3,31,inf
Random,10,54,2,3,32,inf
Random,10,54,2,3,33,inf
Random,10,54,2,3,34,inf
Random,10,54,2,3,35,inf
Random,10,54,2,3,36,inf
Random,10,54,2,3,37,inf
Random,10,54,2,3,38,inf
Random,10,54,2,3,39,inf
Random,10,54,2,3,40,inf
Random,10,54,2,3,41,inf
Random,10,54,2,3,42,inf
Random,10,54,2,3,43,inf
Random,10,54,2,3,44,inf
Random,10,54,2,3,45,inf
Random,10,54,2,3,46,inf
Random,10,54,2,3,47,inf
Random,10,54,2,3,48,inf
Random,10,54,2,3,49,inf
Random,10,54,2,3,50,inf
Random,10,54,2,3,51,inf
Random,10,54,2,3,52,inf
Random,10,54,2,3,53,inf
Random,10,54,2,3,54,inf
Random,10,54,2,3,55,inf
Random,10,54,2,3,56,inf
Random,10,54,2,3,57,inf
Random,10,54,2,3,58,inf
Random,10,54,2,3,59,inf
Random,10,54,2,3,60,inf
Random,10,54,2,3,61,inf
Random,10,54,2,3,62,inf
Random,10,54,2,3,63,inf
Random,10,54,2,3,64,inf
Random,10,54,2,3,65,inf
Random,10,54,2,3,66,inf
Random,10,54,2,3,67,inf
Random,10,54,2,3,68,inf
Random,10,54,2,3,69,inf
Random,10,54,2,3,70,inf
Random,10,54,2,3,71,inf
Random,10,54,2,3,72,inf
Random,10,54,2,3,73,inf
Random,10,54,2,3,74,inf
Random,10,54,2,3,75,inf
Random,10,54,2,3,76,inf
Random,10,54,2,3,77,inf
Random,10,54,2,3,78,inf
Random,10,54,2,3,79,inf
Random,10,54,2,3,80,inf
Random,10,54,2,3,81,inf
Random,10,54,2,3,82,inf
Random,10,54,2,3,83,inf
Random,10,54,2,3,84,inf
Random,10,54,2,3,85,inf
Random,10,54,2,3,86,inf
Random,10,54,2,3,87,inf
Random,10,54,2,3,88,inf
Random,10,54,2,3,89,inf
Random,10,54,2,3,90,inf
Random,10,54,2,3,91,inf
Random,10,54,2,3,92,inf
Random,10,54,2,3,93,inf
Random,10,54,2,3,94,inf
Random,10,54,2,3,95,inf
Random,10,54,2,3,96,inf
Random,10,54,2,3,97,inf
Random,10,54,2,3,98,inf
Random,10,54,2,3,99,inf
Random,10,54,2,3,100,inf
qLogEI,10,54,2,3,1,inf
qLogEI,10,54,2,3,2,inf
qLogEI,10,54,2,3,3,inf
qLogEI,10,54,2,3,4,inf
qLogEI,10,54,2,3,5,inf
qLogEI,10,54,2,3,6,inf
qLogEI,10,54,2,3,7,inf
qLogEI,10,54,2,3,8,inf
qLogEI,10,54,2,3,9,inf
qLogEI,10,54,2,3,10,inf
qLogEI,10,54,2,3,11,inf
qLogEI,10,54,2,3,12,inf
qLogEI,10,54,2,3,13,inf
qLogEI,10,54,2,3,14,inf
qLogEI,10,54,2,3,15,inf
qLogEI,10,54,2,3,16,inf
qLogEI,10,54,2,3,17,inf
qLogEI,10,54,2,3,18,inf
qLogEI,10,54,2,3,19,inf
qLogEI,10,54,2,3,20,inf
qLogEI,10,54,2,3,21,inf
qLogEI,10,54,2,3,22,inf
qLogEI,10,54,2,3,23,inf
qLogEI,10,54,2,3,24,inf
qLogEI,10,54,2,3,25,inf
qLogEI,10,54,2,3,26,inf
qLogEI,10,54,2,3,27,inf
qLogEI,10,54,2,3,28,inf
qLogEI,10,54,2,3,29,inf
qLogEI,10,54,2,3,30,inf
qLogEI,10,54,2,3,31,inf
qLogEI,10,54,2,3,32,inf
qLogEI,10,54,2,3,33,inf
qLogEI,10,54,2,3,34,inf
qLogEI,10,54,2,3,35,inf
qLogEI,10,54,2,3,36,inf
qLogEI,10,54,2,3,37,inf
qLogEI,10,54,2,3,38,inf
qLogEI,10,54,2,3,39,inf
qLogEI,10,54,2,3,40,inf
qLogEI,10,54,2,3,41,inf
qLogEI,10,54,2,3,42,inf
qLogEI,10,54,2,3,43,inf
qLogEI,10,54,2,3,44,inf
qLogEI,10,54,2,3,45,inf
qLogEI,10,54,2,3,46,inf
qLogEI,10,54,2,3,47,inf
qLogEI,10,54,2,3,48,inf
qLogEI,10,54,2,3,49,inf
qLogEI,10,54,2,3,50,inf
qLogEI,10,54,2,3,51,inf
qLogEI,10,54,2,3,52,inf
qLogEI,10,54,2,3,53,inf
qLogEI,10,54,2,3,54,inf
qLogEI,10,54,2,3,55,inf
qLogEI,10,54,2,3,56,inf
qLogEI,10,54,2,3,57,inf
qLogEI,10,54,2,3,58,inf
qLogEI,10,54,2,3,59,inf
qLogEI,10,54,2,3,60,inf
qLogEI,10,54,2,3,61,inf
qLogEI,10,54,2,3,62,inf
qLogEI,10,54,2,3,63,inf
qLogEI,10,54,2,3,64,inf
qLogEI,10,54,2,3,65,inf
qLogEI,10,54,2,3,66,inf
qLogEI,10,54,2,3,67,inf
qLogEI,10,54,2,3,68,inf
qLogEI,10,54,2,3,69,inf
qLogEI,10,54,2,3,70,inf
qLogEI,10,54,2,3,71,inf
qLogEI,10,54,2,3,72,inf
qLogEI,10,54,2,3,73,inf
qLogEI,10,54,2,3,74,inf
qLogEI,10,54,2,3,75,inf
qLogEI,10,54,2,3,76,inf
qLogEI,10,54,2,3,77,inf
qLogEI,10,54,2,3,78,inf
qLogEI,10,54,2,3,79,inf
qLogEI,10,54,2,3,80,inf
qLogEI,10,54,2,3,81,inf
qLogEI,10,54,2,3,82,inf
qLogEI,10,54,2,3,83,inf
qLogEI,10,54,2,3,84,inf
qLogEI,10,54,2,3,85,inf
qLogEI,10,54,2,3,86,inf
qLogEI,10,54,2,3,87,inf
qLogEI,10,54,2,3,88,inf
qLogEI,10,54,2,3,89,inf
qLogEI,10,54,2,3,90,inf
qLogEI,10,54,2,3,91,inf
qLogEI,10,54,2,3,92,inf
qLogEI,10,54,2,3,93,inf
qLogEI,10,54,2,3,94,inf
qLogEI,10,54,2,3,95,inf
qLogEI,10,54,2,3,96,inf
qLogEI,10,54,2,3,97,inf
qLogEI,10,54,2,3,98,inf
qLogEI,10,54,2,3,99,inf
qLogEI,10,54,2,3,100,inf
RL_Enhanced,10,54,2,3,1,inf
RL_Enhanced,10,54,2,3,2,inf
RL_Enhanced,10,54,2,3,3,inf
RL_Enhanced,10,54,2,3,4,inf
RL_Enhanced,10,54,2,3,5,inf
RL_Enhanced,10,54,2,3,6,inf
RL_Enhanced,10,54,2,3,7,inf
RL_Enhanced,10,54,2,3,8,inf
RL_Enhanced,10,54,2,3,9,inf
RL_Enhanced,10,54,2,3,10,inf
RL_Enhanced,10,54,2,3,11,inf
RL_Enhanced,10,54,2,3,12,inf
RL_Enhanced,10,54,2,3,13,inf
RL_Enhanced,10,54,2,3,14,inf
RL_Enhanced,10,54,2,3,15,inf
RL_Enhanced,10,54,2,3,16,inf
RL_Enhanced,10,54,2,3,17,inf
RL_Enhanced,10,54,2,3,18,inf
RL_Enhanced,10,54,2,3,19,inf
RL_Enhanced,10,54,2,3,20,inf
RL_Enhanced,10,54,2,3,21,inf
RL_Enhanced,10,54,2,3,22,inf
RL_Enhanced,10,54,2,3,23,inf
RL_Enhanced,10,54,2,3,24,inf
RL_Enhanced,10,54,2,3,25,inf
RL_Enhanced,10,54,2,3,26,inf
RL_Enhanced,10,54,2,3,27,inf
RL_Enhanced,10,54,2,3,28,inf
RL_Enhanced,10,54,2,3,29,inf
RL_Enhanced,10,54,2,3,30,inf
RL_Enhanced,10,54,2,3,31,inf
RL_Enhanced,10,54,2,3,32,inf
RL_Enhanced,10,54,2,3,33,inf
RL_Enhanced,10,54,2,3,34,inf
RL_Enhanced,10,54,2,3,35,inf
RL_Enhanced,10,54,2,3,36,inf
RL_Enhanced,10,54,2,3,37,inf
RL_Enhanced,10,54,2,3,38,inf
RL_Enhanced,10,54,2,3,39,inf
RL_Enhanced,10,54,2,3,40,inf
RL_Enhanced,10,54,2,3,41,inf
RL_Enhanced,10,54,2,3,42,inf
RL_Enhanced,10,54,2,3,43,inf
RL_Enhanced,10,54,2,3,44,inf
RL_Enhanced,10,54,2,3,45,inf
RL_Enhanced,10,54,2,3,46,inf
RL_Enhanced,10,54,2,3,47,inf
RL_Enhanced,10,54,2,3,48,inf
RL_Enhanced,10,54,2,3,49,inf
RL_Enhanced,10,54,2,3,50,inf
RL_Enhanced,10,54,2,3,51,inf
RL_Enhanced,10,54,2,3,52,inf
RL_Enhanced,10,54,2,3,53,inf
RL_Enhanced,10,54,2,3,54,inf
RL_Enhanced,10,54,2,3,55,inf
RL_Enhanced,10,54,2,3,56,inf
RL_Enhanced,10,54,2,3,57,inf
RL_Enhanced,10,54,2,3,58,inf
RL_Enhanced,10,54,2,3,59,inf
RL_Enhanced,10,54,2,3,60,inf
RL_Enhanced,10,54,2,3,61,inf
RL_Enhanced,10,54,2,3,62,inf
RL_Enhanced,10,54,2,3,63,inf
RL_Enhanced,10,54,2,3,64,inf
RL_Enhanced,10,54,2,3,65,inf
RL_Enhanced,10,54,2,3,66,inf
RL_Enhanced,10,54,2,3,67,inf
RL_Enhanced,10,54,2,3,68,inf
RL_Enhanced,10,54,2,3,69,inf
RL_Enhanced,10,54,2,3,70,inf
RL_Enhanced,10,54,2,3,71,inf
RL_Enhanced,10,54,2,3,72,inf
RL_Enhanced,10,54,2,3,73,inf
RL_Enhanced,10,54,2,3,74,inf
RL_Enhanced,10,54,2,3,75,inf
RL_Enhanced,10,54,2,3,76,inf
RL_Enhanced,10,54,2,3,77,inf
RL_Enhanced,10,54,2,3,78,inf
RL_Enhanced,10,54,2,3,79,inf
RL_Enhanced,10,54,2,3,80,inf
RL_Enhanced,10,54,2,3,81,inf
RL_Enhanced,10,54,2,3,82,inf
RL_Enhanced,10,54,2,3,83,inf
RL_Enhanced,10,54,2,3,84,inf
RL_Enhanced,10,54,2,3,85,inf
RL_Enhanced,10,54,2,3,86,inf
RL_Enhanced,10,54,2,3,87,inf
RL_Enhanced,10,54,2,3,88,inf
RL_Enhanced,10,54,2,3,89,inf
RL_Enhanced,10,54,2,3,90,inf
RL_Enhanced,10,54,2,3,91,inf
RL_Enhanced,10,54,2,3,92,inf
RL_Enhanced,10,54,2,3,93,inf
RL_Enhanced,10,54,2,3,94,inf
RL_Enhanced,10,54,2,3,95,inf
RL_Enhanced,10,54,2,3,96,inf
RL_Enhanced,10,54,2,3,97,inf
RL_Enhanced,10,54,2,3,98,inf
RL_Enhanced,10,54,2,3,99,inf
RL_Enhanced,10,54,2,3,100,inf
Random,10,54,2,4,1,inf
Random,10,54,2,4,2,inf
Random,10,54,2,4,3,inf
Random,10,54,2,4,4,inf
Random,10,54,2,4,5,inf
Random,10,54,2,4,6,inf
Random,10,54,2,4,7,inf
Random,10,54,2,4,8,inf
Random,10,54,2,4,9,inf
Random,10,54,2,4,10,inf
Random,10,54,2,4,11,inf
Random,10,54,2,4,12,inf
Random,10,54,2,4,13,inf
Random,10,54,2,4,14,inf
Random,10,54,2,4,15,inf
Random,10,54,2,4,16,inf
Random,10,54,2,4,17,inf
Random,10,54,2,4,18,inf
Random,10,54,2,4,19,inf
Random,10,54,2,4,20,inf
Random,10,54,2,4,21,inf
Random,10,54,2,4,22,inf
Random,10,54,2,4,23,inf
Random,10,54,2,4,24,inf
Random,10,54,2,4,25,inf
Random,10,54,2,4,26,inf
Random,10,54,2,4,27,inf
Random,10,54,2,4,28,inf
Random,10,54,2,4,29,inf
Random,10,54,2,4,30,inf
Random,10,54,2,4,31,inf
Random,10,54,2,4,32,inf
Random,10,54,2,4,33,inf
Random,10,54,2,4,34,inf
Random,10,54,2,4,35,inf
Random,10,54,2,4,36,inf
Random,10,54,2,4,37,inf
Random,10,54,2,4,38,inf
Random,10,54,2,4,39,inf
Random,10,54,2,4,40,inf
Random,10,54,2,4,41,inf
Random,10,54,2,4,42,inf
Random,10,54,2,4,43,inf
Random,10,54,2,4,44,inf
Random,10,54,2,4,45,inf
Random,10,54,2,4,46,inf
Random,10,54,2,4,47,inf
Random,10,54,2,4,48,inf
Random,10,54,2,4,49,inf
Random,10,54,2,4,50,inf
Random,10,54,2,4,51,inf
Random,10,54,2,4,52,inf
Random,10,54,2,4,53,inf
Random,10,54,2,4,54,inf
Random,10,54,2,4,55,inf
Random,10,54,2,4,56,inf
Random,10,54,2,4,57,inf
Random,10,54,2,4,58,inf
Random,10,54,2,4,59,inf
Random,10,54,2,4,60,inf
Random,10,54,2,4,61,inf
Random,10,54,2,4,62,inf
Random,10,54,2,4,63,inf
Random,10,54,2,4,64,inf
Random,10,54,2,4,65,inf
Random,10,54,2,4,66,inf
Random,10,54,2,4,67,inf
Random,10,54,2,4,68,inf
Random,10,54,2,4,69,inf
Random,10,54,2,4,70,inf
Random,10,54,2,4,71,inf
Random,10,54,2,4,72,inf
Random,10,54,2,4,73,inf
Random,10,54,2,4,74,inf
Random,10,54,2,4,75,inf
Random,10,54,2,4,76,inf
Random,10,54,2,4,77,inf
Random,10,54,2,4,78,inf
Random,10,54,2,4,79,inf
Random,10,54,2,4,80,inf
Random,10,54,2,4,81,inf
Random,10,54,2,4,82,inf
Random,10,54,2,4,83,inf
Random,10,54,2,4,84,inf
Random,10,54,2,4,85,inf
Random,10,54,2,4,86,inf
Random,10,54,2,4,87,inf
Random,10,54,2,4,88,inf
Random,10,54,2,4,89,inf
Random,10,54,2,4,90,inf
Random,10,54,2,4,91,inf
Random,10,54,2,4,92,inf
Random,10,54,2,4,93,inf
Random,10,54,2,4,94,inf
Random,10,54,2,4,95,inf
Random,10,54,2,4,96,inf
Random,10,54,2,4,97,inf
Random,10,54,2,4,98,inf
Random,10,54,2,4,99,inf
Random,10,54,2,4,100,inf
qLogEI,10,54,2,4,1,inf
qLogEI,10,54,2,4,2,inf
qLogEI,10,54,2,4,3,inf
qLogEI,10,54,2,4,4,inf
qLogEI,10,54,2,4,5,inf
qLogEI,10,54,2,4,6,inf
qLogEI,10,54,2,4,7,inf
qLogEI,10,54,2,4,8,inf
qLogEI,10,54,2,4,9,inf
qLogEI,10,54,2,4,10,inf
qLogEI,10,54,2,4,11,inf
qLogEI,10,54,2,4,12,inf
qLogEI,10,54,2,4,13,inf
qLogEI,10,54,2,4,14,inf
qLogEI,10,54,2,4,15,inf
qLogEI,10,54,2,4,16,inf
qLogEI,10,54,2,4,17,inf
qLogEI,10,54,2,4,18,inf
qLogEI,10,54,2,4,19,inf
qLogEI,10,54,2,4,20,inf
qLogEI,10,54,2,4,21,inf
qLogEI,10,54,2,4,22,inf
qLogEI,10,54,2,4,23,inf
qLogEI,10,54,2,4,24,inf
qLogEI,10,54,2,4,25,inf
qLogEI,10,54,2,4,26,inf
qLogEI,10,54,2,4,27,inf
qLogEI,10,54,2,4,28,inf
qLogEI,10,54,2,4,29,inf
qLogEI,10,54,2,4,30,inf
qLogEI,10,54,2,4,31,inf
qLogEI,10,54,2,4,32,inf
qLogEI,10,54,2,4,33,inf
qLogEI,10,54,2,4,34,inf
qLogEI,10,54,2,4,35,inf
qLogEI,10,54,2,4,36,inf
qLogEI,10,54,2,4,37,inf
qLogEI,10,54,2,4,38,inf
qLogEI,10,54,2,4,39,inf
qLogEI,10,54,2,4,40,inf
qLogEI,10,54,2,4,41,inf
qLogEI,10,54,2,4,42,inf
qLogEI,10,54,2,4,43,inf
qLogEI,10,54,2,4,44,inf
qLogEI,10,54,2,4,45,inf
qLogEI,10,54,2,4,46,inf
qLogEI,10,54,2,4,47,inf
qLogEI,10,54,2,4,48,inf
qLogEI,10,54,2,4,49,inf
qLogEI,10,54,2,4,50,inf
qLogEI,10,54,2,4,51,inf
qLogEI,10,54,2,4,52,inf
qLogEI,10,54,2,4,53,inf
qLogEI,10,54,2,4,54,inf
qLogEI,10,54,2,4,55,inf
qLogEI,10,54,2,4,56,inf
qLogEI,10,54,2,4,57,inf
qLogEI,10,54,2,4,58,inf
qLogEI,10,54,2,4,59,inf
qLogEI,10,54,2,4,60,inf
qLogEI,10,54,2,4,61,inf
qLogEI,10,54,2,4,62,inf
qLogEI,10,54,2,4,63,inf
qLogEI,10,54,2,4,64,inf
qLogEI,10,54,2,4,65,inf
qLogEI,10,54,2,4,66,inf
qLogEI,10,54,2,4,67,inf
qLogEI,10,54,2,4,68,inf
qLogEI,10,54,2,4,69,inf
qLogEI,10,54,2,4,70,inf
qLogEI,10,54,2,4,71,inf
qLogEI,10,54,2,4,72,inf
qLogEI,10,54,2,4,73,inf
qLogEI,10,54,2,4,74,inf
qLogEI,10,54,2,4,75,inf
qLogEI,10,54,2,4,76,inf
qLogEI,10,54,2,4,77,inf
qLogEI,10,54,2,4,78,inf
qLogEI,10,54,2,4,79,inf
qLogEI,10,54,2,4,80,inf
qLogEI,10,54,2,4,81,inf
qLogEI,10,54,2,4,82,inf
qLogEI,10,54,2,4,83,inf
qLogEI,10,54,2,4,84,inf
qLogEI,10,54,2,4,85,inf
qLogEI,10,54,2,4,86,inf
qLogEI,10,54,2,4,87,inf
qLogEI,10,54,2,4,88,inf
qLogEI,10,54,2,4,89,inf
qLogEI,10,54,2,4,90,inf
qLogEI,10,54,2,4,91,inf
qLogEI,10,54,2,4,92,inf
qLogEI,10,54,2,4,93,inf
qLogEI,10,54,2,4,94,inf
qLogEI,10,54,2,4,95,inf
qLogEI,10,54,2,4,96,inf
qLogEI,10,54,2,4,97,inf
qLogEI,10,54,2,4,98,inf
qLogEI,10,54,2,4,99,inf
qLogEI,10,54,2,4,100,inf
RL_Enhanced,10,54,2,4,1,inf
RL_Enhanced,10,54,2,4,2,inf
RL_Enhanced,10,54,2,4,3,inf
RL_Enhanced,10,54,2,4,4,inf
RL_Enhanced,10,54,2,4,5,inf
RL_Enhanced,10,54,2,4,6,inf
RL_Enhanced,10,54,2,4,7,inf
RL_Enhanced,10,54,2,4,8,inf
RL_Enhanced,10,54,2,4,9,inf
RL_Enhanced,10,54,2,4,10,inf
RL_Enhanced,10,54,2,4,11,inf
RL_Enhanced,10,54,2,4,12,inf
RL_Enhanced,10,54,2,4,13,inf
RL_Enhanced,10,54,2,4,14,inf
RL_Enhanced,10,54,2,4,15,inf
RL_Enhanced,10,54,2,4,16,inf
RL_Enhanced,10,54,2,4,17,inf
RL_Enhanced,10,54,2,4,18,inf
RL_Enhanced,10,54,2,4,19,inf
RL_Enhanced,10,54,2,4,20,inf
RL_Enhanced,10,54,2,4,21,inf
RL_Enhanced,10,54,2,4,22,inf
RL_Enhanced,10,54,2,4,23,inf
RL_Enhanced,10,54,2,4,24,inf
RL_Enhanced,10,54,2,4,25,inf
RL_Enhanced,10,54,2,4,26,inf
RL_Enhanced,10,54,2,4,27,inf
RL_Enhanced,10,54,2,4,28,inf
RL_Enhanced,10,54,2,4,29,inf
RL_Enhanced,10,54,2,4,30,inf
RL_Enhanced,10,54,2,4,31,inf
RL_Enhanced,10,54,2,4,32,inf
RL_Enhanced,10,54,2,4,33,inf
RL_Enhanced,10,54,2,4,34,inf
RL_Enhanced,10,54,2,4,35,inf
RL_Enhanced,10,54,2,4,36,inf
RL_Enhanced,10,54,2,4,37,inf
RL_Enhanced,10,54,2,4,38,inf
RL_Enhanced,10,54,2,4,39,inf
RL_Enhanced,10,54,2,4,40,inf
RL_Enhanced,10,54,2,4,41,inf
RL_Enhanced,10,54,2,4,42,inf
RL_Enhanced,10,54,2,4,43,inf
RL_Enhanced,10,54,2,4,44,inf
RL_Enhanced,10,54,2,4,45,inf
RL_Enhanced,10,54,2,4,46,inf
RL_Enhanced,10,54,2,4,47,inf
RL_Enhanced,10,54,2,4,48,inf
RL_Enhanced,10,54,2,4,49,inf
RL_Enhanced,10,54,2,4,50,inf
RL_Enhanced,10,54,2,4,51,inf
RL_Enhanced,10,54,2,4,52,inf
RL_Enhanced,10,54,2,4,53,inf
RL_Enhanced,10,54,2,4,54,inf
RL_Enhanced,10,54,2,4,55,inf
RL_Enhanced,10,54,2,4,56,inf
RL_Enhanced,10,54,2,4,57,inf
RL_Enhanced,10,54,2,4,58,inf
RL_Enhanced,10,54,2,4,59,inf
RL_Enhanced,10,54,2,4,60,inf
RL_Enhanced,10,54,2,4,61,inf
RL_Enhanced,10,54,2,4,62,inf
RL_Enhanced,10,54,2,4,63,inf
RL_Enhanced,10,54,2,4,64,inf
RL_Enhanced,10,54,2,4,65,inf
RL_Enhanced,10,54,2,4,66,inf
RL_Enhanced,10,54,2,4,67,inf
RL_Enhanced,10,54,2,4,68,inf
RL_Enhanced,10,54,2,4,69,inf
RL_Enhanced,10,54,2,4,70,inf
RL_Enhanced,10,54,2,4,71,inf
RL_Enhanced,10,54,2,4,72,inf
RL_Enhanced,10,54,2,4,73,inf
RL_Enhanced,10,54,2,4,74,inf
RL_Enhanced,10,54,2,4,75,inf
RL_Enhanced,10,54,2,4,76,inf
RL_Enhanced,10,54,2,4,77,inf
RL_Enhanced,10,54,2,4,78,inf
RL_Enhanced,10,54,2,4,79,inf
RL_Enhanced,10,54,2,4,80,inf
RL_Enhanced,10,54,2,4,81,inf
RL_Enhanced,10,54,2,4,82,inf
RL_Enhanced,10,54,2,4,83,inf
RL_Enhanced,10,54,2,4,84,inf
RL_Enhanced,10,54,2,4,85,inf
RL_Enhanced,10,54,2,4,86,inf
RL_Enhanced,10,54,2,4,87,inf
RL_Enhanced,10,54,2,4,88,inf
RL_Enhanced,10,54,2,4,89,inf
RL_Enhanced,10,54,2,4,90,inf
RL_Enhanced,10,54,2,4,91,inf
RL_Enhanced,10,54,2,4,92,inf
RL_Enhanced,10,54,2,4,93,inf
RL_Enhanced,10,54,2,4,94,inf
RL_Enhanced,10,54,2,4,95,inf
RL_Enhanced,10,54,2,4,96,inf
RL_Enhanced,10,54,2,4,97,inf
RL_Enhanced,10,54,2,4,98,inf
RL_Enhanced,10,54,2,4,99,inf
RL_Enhanced,10,54,2,4,100,inf
Random,10,54,3,0,1,inf
Random,10,54,3,0,2,inf
Random,10,54,3,0,3,inf
Random,10,54,3,0,4,inf
Random,10,54,3,0,5,inf
Random,10,54,3,0,6,inf
Random,10,54,3,0,7,inf
Random,10,54,3,0,8,inf
Random,10,54,3,0,9,inf
Random,10,54,3,0,10,inf
Random,10,54,3,0,11,inf
Random,10,54,3,0,12,inf
Random,10,54,3,0,13,inf
Random,10,54,3,0,14,inf
Random,10,54,3,0,15,inf
Random,10,54,3,0,16,inf
Random,10,54,3,0,17,inf
Random,10,54,3,0,18,inf
Random,10,54,3,0,19,inf
Random,10,54,3,0,20,inf
Random,10,54,3,0,21,inf
Random,10,54,3,0,22,inf
Random,10,54,3,0,23,inf
Random,10,54,3,0,24,inf
Random,10,54,3,0,25,inf
Random,10,54,3,0,26,inf
Random,10,54,3,0,27,inf
Random,10,54,3,0,28,inf
Random,10,54,3,0,29,inf
Random,10,54,3,0,30,inf
Random,10,54,3,0,31,inf
Random,10,54,3,0,32,inf
Random,10,54,3,0,33,inf
Random,10,54,3,0,34,inf
Random,10,54,3,0,35,inf
Random,10,54,3,0,36,inf
Random,10,54,3,0,37,inf
Random,10,54,3,0,38,inf
Random,10,54,3,0,39,inf
Random,10,54,3,0,40,inf
Random,10,54,3,0,41,inf
Random,10,54,3,0,42,inf
Random,10,54,3,0,43,inf
Random,10,54,3,0,44,inf
Random,10,54,3,0,45,inf
Random,10,54,3,0,46,inf
Random,10,54,3,0,47,inf
Random,10,54,3,0,48,inf
Random,10,54,3,0,49,inf
Random,10,54,3,0,50,inf
Random,10,54,3,0,51,inf
Random,10,54,3,0,52,inf
Random,10,54,3,0,53,inf
Random,10,54,3,0,54,inf
Random,10,54,3,0,55,inf
Random,10,54,3,0,56,inf
Random,10,54,3,0,57,inf
Random,10,54,3,0,58,inf
Random,10,54,3,0,59,inf
Random,10,54,3,0,60,inf
Random,10,54,3,0,61,inf
Random,10,54,3,0,62,inf
Random,10,54,3,0,63,inf
Random,10,54,3,0,64,inf
Random,10,54,3,0,65,inf
Random,10,54,3,0,66,inf
Random,10,54,3,0,67,inf
Random,10,54,3,0,68,inf
Random,10,54,3,0,69,inf
Random,10,54,3,0,70,inf
Random,10,54,3,0,71,inf
Random,10,54,3,0,72,inf
Random,10,54,3,0,73,inf
Random,10,54,3,0,74,inf
Random,10,54,3,0,75,inf
Random,10,54,3,0,76,inf
Random,10,54,3,0,77,inf
Random,10,54,3,0,78,inf
Random,10,54,3,0,79,inf
Random,10,54,3,0,80,inf
Random,10,54,3,0,81,inf
Random,10,54,3,0,82,inf
Random,10,54,3,0,83,inf
Random,10,54,3,0,84,inf
Random,10,54,3,0,85,inf
Random,10,54,3,0,86,inf
Random,10,54,3,0,87,inf
Random,10,54,3,0,88,inf
Random,10,54,3,0,89,inf
Random,10,54,3,0,90,inf
Random,10,54,3,0,91,inf
Random,10,54,3,0,92,inf
Random,10,54,3,0,93,inf
Random,10,54,3,0,94,inf
Random,10,54,3,0,95,inf
Random,10,54,3,0,96,inf
Random,10,54,3,0,97,inf
Random,10,54,3,0,98,inf
Random,10,54,3,0,99,inf
Random,10,54,3,0,100,inf
qLogEI,10,54,3,0,1,inf
qLogEI,10,54,3,0,2,inf
qLogEI,10,54,3,0,3,inf
qLogEI,10,54,3,0,4,inf
qLogEI,10,54,3,0,5,inf
qLogEI,10,54,3,0,6,inf
qLogEI,10,54,3,0,7,inf
qLogEI,10,54,3,0,8,inf
qLogEI,10,54,3,0,9,inf
qLogEI,10,54,3,0,10,inf
qLogEI,10,54,3,0,11,inf
qLogEI,10,54,3,0,12,inf
qLogEI,10,54,3,0,13,inf
qLogEI,10,54,3,0,14,inf
qLogEI,10,54,3,0,15,inf
qLogEI,10,54,3,0,16,inf
qLogEI,10,54,3,0,17,inf
qLogEI,10,54,3,0,18,inf
qLogEI,10,54,3,0,19,inf
qLogEI,10,54,3,0,20,inf
qLogEI,10,54,3,0,21,inf
qLogEI,10,54,3,0,22,inf
qLogEI,10,54,3,0,23,inf
qLogEI,10,54,3,0,24,inf
qLogEI,10,54,3,0,25,inf
qLogEI,10,54,3,0,26,inf
qLogEI,10,54,3,0,27,inf
qLogEI,10,54,3,0,28,inf
qLogEI,10,54,3,0,29,inf
qLogEI,10,54,3,0,30,inf
qLogEI,10,54,3,0,31,inf
qLogEI,10,54,3,0,32,inf
qLogEI,10,54,3,0,33,inf
qLogEI,10,54,3,0,34,inf
qLogEI,10,54,3,0,35,inf
qLogEI,10,54,3,0,36,inf
qLogEI,10,54,3,0,37,inf
qLogEI,10,54,3,0,38,inf
qLogEI,10,54,3,0,39,inf
qLogEI,10,54,3,0,40,inf
qLogEI,10,54,3,0,41,inf
qLogEI,10,54,3,0,42,inf
qLogEI,10,54,3,0,43,inf
qLogEI,10,54,3,0,44,inf
qLogEI,10,54,3,0,45,inf
qLogEI,10,54,3,0,46,inf
qLogEI,10,54,3,0,47,inf
qLogEI,10,54,3,0,48,inf
qLogEI,10,54,3,0,49,inf
qLogEI,10,54,3,0,50,inf
qLogEI,10,54,3,0,51,inf
qLogEI,10,54,3,0,52,inf
qLogEI,10,54,3,0,53,inf
qLogEI,10,54,3,0,54,inf
qLogEI,10,54,3,0,55,inf
qLogEI,10,54,3,0,56,inf
qLogEI,10,54,3,0,57,inf
qLogEI,10,54,3,0,58,inf
qLogEI,10,54,3,0,59,inf
qLogEI,10,54,3,0,60,inf
qLogEI,10,54,3,0,61,inf
qLogEI,10,54,3,0,62,inf
qLogEI,10,54,3,0,63,inf
qLogEI,10,54,3,0,64,inf
qLogEI,10,54,3,0,65,inf
qLogEI,10,54,3,0,66,inf
qLogEI,10,54,3,0,67,inf
qLogEI,10,54,3,0,68,inf
qLogEI,10,54,3,0,69,inf
qLogEI,10,54,3,0,70,inf
qLogEI,10,54,3,0,71,inf
qLogEI,10,54,3,0,72,inf
qLogEI,10,54,3,0,73,inf
qLogEI,10,54,3,0,74,inf
qLogEI,10,54,3,0,75,inf
qLogEI,10,54,3,0,76,inf
qLogEI,10,54,3,0,77,inf
qLogEI,10,54,3,0,78,inf
qLogEI,10,54,3,0,79,inf
qLogEI,10,54,3,0,80,inf
qLogEI,10,54,3,0,81,inf
qLogEI,10,54,3,0,82,inf
qLogEI,10,54,3,0,83,inf
qLogEI,10,54,3,0,84,inf
qLogEI,10,54,3,0,85,inf
qLogEI,10,54,3,0,86,inf
qLogEI,10,54,3,0,87,inf
qLogEI,10,54,3,0,88,inf
qLogEI,10,54,3,0,89,inf
qLogEI,10,54,3,0,90,inf
qLogEI,10,54,3,0,91,inf
qLogEI,10,54,3,0,92,inf
qLogEI,10,54,3,0,93,inf
qLogEI,10,54,3,0,94,inf
qLogEI,10,54,3,0,95,inf
qLogEI,10,54,3,0,96,inf
qLogEI,10,54,3,0,97,inf
qLogEI,10,54,3,0,98,inf
qLogEI,10,54,3,0,99,inf
qLogEI,10,54,3,0,100,inf
RL_Enhanced,10,54,3,0,1,inf
RL_Enhanced,10,54,3,0,2,inf
RL_Enhanced,10,54,3,0,3,inf
RL_Enhanced,10,54,3,0,4,inf
RL_Enhanced,10,54,3,0,5,inf
RL_Enhanced,10,54,3,0,6,inf
RL_Enhanced,10,54,3,0,7,inf
RL_Enhanced,10,54,3,0,8,inf
RL_Enhanced,10,54,3,0,9,inf
RL_Enhanced,10,54,3,0,10,inf
RL_Enhanced,10,54,3,0,11,inf
RL_Enhanced,10,54,3,0,12,inf
RL_Enhanced,10,54,3,0,13,inf
RL_Enhanced,10,54,3,0,14,inf
RL_Enhanced,10,54,3,0,15,inf
RL_Enhanced,10,54,3,0,16,inf
RL_Enhanced,10,54,3,0,17,inf
RL_Enhanced,10,54,3,0,18,inf
RL_Enhanced,10,54,3,0,19,inf
RL_Enhanced,10,54,3,0,20,inf
RL_Enhanced,10,54,3,0,21,inf
RL_Enhanced,10,54,3,0,22,inf
RL_Enhanced,10,54,3,0,23,inf
RL_Enhanced,10,54,3,0,24,inf
RL_Enhanced,10,54,3,0,25,inf
RL_Enhanced,10,54,3,0,26,inf
RL_Enhanced,10,54,3,0,27,inf
RL_Enhanced,10,54,3,0,28,inf
RL_Enhanced,10,54,3,0,29,inf
RL_Enhanced,10,54,3,0,30,inf
RL_Enhanced,10,54,3,0,31,inf
RL_Enhanced,10,54,3,0,32,inf
RL_Enhanced,10,54,3,0,33,inf
RL_Enhanced,10,54,3,0,34,inf
RL_Enhanced,10,54,3,0,35,inf
RL_Enhanced,10,54,3,0,36,inf
RL_Enhanced,10,54,3,0,37,inf
RL_Enhanced,10,54,3,0,38,inf
RL_Enhanced,10,54,3,0,39,inf
RL_Enhanced,10,54,3,0,40,inf
RL_Enhanced,10,54,3,0,41,inf
RL_Enhanced,10,54,3,0,42,inf
RL_Enhanced,10,54,3,0,43,inf
RL_Enhanced,10,54,3,0,44,inf
RL_Enhanced,10,54,3,0,45,inf
RL_Enhanced,10,54,3,0,46,inf
RL_Enhanced,10,54,3,0,47,inf
RL_Enhanced,10,54,3,0,48,inf
RL_Enhanced,10,54,3,0,49,inf
RL_Enhanced,10,54,3,0,50,inf
RL_Enhanced,10,54,3,0,51,inf
RL_Enhanced,10,54,3,0,52,inf
RL_Enhanced,10,54,3,0,53,inf
RL_Enhanced,10,54,3,0,54,inf
RL_Enhanced,10,54,3,0,55,inf
RL_Enhanced,10,54,3,0,56,inf
RL_Enhanced,10,54,3,0,57,inf
RL_Enhanced,10,54,3,0,58,inf
RL_Enhanced,10,54,3,0,59,inf
RL_Enhanced,10,54,3,0,60,inf
RL_Enhanced,10,54,3,0,61,inf
RL_Enhanced,10,54,3,0,62,inf
RL_Enhanced,10,54,3,0,63,inf
RL_Enhanced,10,54,3,0,64,inf
RL_Enhanced,10,54,3,0,65,inf
RL_Enhanced,10,54,3,0,66,inf
RL_Enhanced,10,54,3,0,67,inf
RL_Enhanced,10,54,3,0,68,inf
RL_Enhanced,10,54,3,0,69,inf
RL_Enhanced,10,54,3,0,70,inf
RL_Enhanced,10,54,3,0,71,inf
RL_Enhanced,10,54,3,0,72,inf
RL_Enhanced,10,54,3,0,73,inf
RL_Enhanced,10,54,3,0,74,inf
RL_Enhanced,10,54,3,0,75,inf
RL_Enhanced,10,54,3,0,76,inf
RL_Enhanced,10,54,3,0,77,inf
RL_Enhanced,10,54,3,0,78,inf
RL_Enhanced,10,54,3,0,79,inf
RL_Enhanced,10,54,3,0,80,inf
RL_Enhanced,10,54,3,0,81,inf
RL_Enhanced,10,54,3,0,82,inf
RL_Enhanced,10,54,3,0,83,inf
RL_Enhanced,10,54,3,0,84,inf
RL_Enhanced,10,54,3,0,85,inf
RL_Enhanced,10,54,3,0,86,inf
RL_Enhanced,10,54,3,0,87,inf
RL_Enhanced,10,54,3,0,88,inf
RL_Enhanced,10,54,3,0,89,inf
RL_Enhanced,10,54,3,0,90,inf
RL_Enhanced,10,54,3,0,91,inf
RL_Enhanced,10,54,3,0,92,inf
RL_Enhanced,10,54,3,0,93,inf
RL_Enhanced,10,54,3,0,94,inf
RL_Enhanced,10,54,3,0,95,inf
RL_Enhanced,10,54,3,0,96,inf
RL_Enhanced,10,54,3,0,97,inf
RL_Enhanced,10,54,3,0,98,inf
RL_Enhanced,10,54,3,0,99,inf
RL_Enhanced,10,54,3,0,100,inf
Random,10,54,3,1,1,inf
Random,10,54,3,1,2,inf
Random,10,54,3,1,3,inf
Random,10,54,3,1,4,inf
Random,10,54,3,1,5,inf
Random,10,54,3,1,6,inf
Random,10,54,3,1,7,inf
Random,10,54,3,1,8,inf
Random,10,54,3,1,9,inf
Random,10,54,3,1,10,inf
Random,10,54,3,1,11,inf
Random,10,54,3,1,12,inf
Random,10,54,3,1,13,inf
Random,10,54,3,1,14,inf
Random,10,54,3,1,15,inf
Random,10,54,3,1,16,inf
Random,10,54,3,1,17,inf
Random,10,54,3,1,18,inf
Random,10,54,3,1,19,inf
Random,10,54,3,1,20,inf
Random,10,54,3,1,21,inf
Random,10,54,3,1,22,inf
Random,10,54,3,1,23,inf
Random,10,54,3,1,24,inf
Random,10,54,3,1,25,inf
Random,10,54,3,1,26,inf
Random,10,54,3,1,27,inf
Random,10,54,3,1,28,inf
Random,10,54,3,1,29,inf
Random,10,54,3,1,30,inf
Random,10,54,3,1,31,inf
Random,10,54,3,1,32,inf
Random,10,54,3,1,33,inf
Random,10,54,3,1,34,inf
Random,10,54,3,1,35,inf
Random,10,54,3,1,36,inf
Random,10,54,3,1,37,inf
Random,10,54,3,1,38,inf
Random,10,54,3,1,39,inf
Random,10,54,3,1,40,inf
Random,10,54,3,1,41,inf
Random,10,54,3,1,42,inf
Random,10,54,3,1,43,inf
Random,10,54,3,1,44,inf
Random,10,54,3,1,45,inf
Random,10,54,3,1,46,inf
Random,10,54,3,1,47,inf
Random,10,54,3,1,48,inf
Random,10,54,3,1,49,inf
Random,10,54,3,1,50,inf
Random,10,54,3,1,51,inf
Random,10,54,3,1,52,inf
Random,10,54,3,1,53,inf
Random,10,54,3,1,54,inf
Random,10,54,3,1,55,inf
Random,10,54,3,1,56,inf
Random,10,54,3,1,57,inf
Random,10,54,3,1,58,inf
Random,10,54,3,1,59,inf
Random,10,54,3,1,60,inf
Random,10,54,3,1,61,inf
Random,10,54,3,1,62,inf
Random,10,54,3,1,63,inf
Random,10,54,3,1,64,inf
Random,10,54,3,1,65,inf
Random,10,54,3,1,66,inf
Random,10,54,3,1,67,inf
Random,10,54,3,1,68,inf
Random,10,54,3,1,69,inf
Random,10,54,3,1,70,inf
Random,10,54,3,1,71,inf
Random,10,54,3,1,72,inf
Random,10,54,3,1,73,inf
Random,10,54,3,1,74,inf
Random,10,54,3,1,75,inf
Random,10,54,3,1,76,inf
Random,10,54,3,1,77,inf
Random,10,54,3,1,78,inf
Random,10,54,3,1,79,inf
Random,10,54,3,1,80,inf
Random,10,54,3,1,81,inf
Random,10,54,3,1,82,inf
Random,10,54,3,1,83,inf
Random,10,54,3,1,84,inf
Random,10,54,3,1,85,inf
Random,10,54,3,1,86,inf
Random,10,54,3,1,87,inf
Random,10,54,3,1,88,inf
Random,10,54,3,1,89,inf
Random,10,54,3,1,90,inf
Random,10,54,3,1,91,inf
Random,10,54,3,1,92,inf
Random,10,54,3,1,93,inf
Random,10,54,3,1,94,inf
Random,10,54,3,1,95,inf
Random,10,54,3,1,96,inf
Random,10,54,3,1,97,inf
Random,10,54,3,1,98,inf
Random,10,54,3,1,99,inf
Random,10,54,3,1,100,inf
qLogEI,10,54,3,1,1,inf
qLogEI,10,54,3,1,2,inf
qLogEI,10,54,3,1,3,inf
qLogEI,10,54,3,1,4,inf
qLogEI,10,54,3,1,5,inf
qLogEI,10,54,3,1,6,inf
qLogEI,10,54,3,1,7,inf
qLogEI,10,54,3,1,8,inf
qLogEI,10,54,3,1,9,inf
qLogEI,10,54,3,1,10,inf
qLogEI,10,54,3,1,11,inf
qLogEI,10,54,3,1,12,inf
qLogEI,10,54,3,1,13,inf
qLogEI,10,54,3,1,14,inf
qLogEI,10,54,3,1,15,inf
qLogEI,10,54,3,1,16,inf
qLogEI,10,54,3,1,17,inf
qLogEI,10,54,3,1,18,inf
qLogEI,10,54,3,1,19,inf
qLogEI,10,54,3,1,20,inf
qLogEI,10,54,3,1,21,inf
qLogEI,10,54,3,1,22,inf
qLogEI,10,54,3,1,23,inf
qLogEI,10,54,3,1,24,inf
qLogEI,10,54,3,1,25,inf
qLogEI,10,54,3,1,26,inf
qLogEI,10,54,3,1,27,inf
qLogEI,10,54,3,1,28,inf
qLogEI,10,54,3,1,29,inf
qLogEI,10,54,3,1,30,inf
qLogEI,10,54,3,1,31,inf
qLogEI,10,54,3,1,32,inf
qLogEI,10,54,3,1,33,inf
qLogEI,10,54,3,1,34,inf
qLogEI,10,54,3,1,35,inf
qLogEI,10,54,3,1,36,inf
qLogEI,10,54,3,1,37,inf
qLogEI,10,54,3,1,38,inf
qLogEI,10,54,3,1,39,inf
qLogEI,10,54,3,1,40,inf
qLogEI,10,54,3,1,41,inf
qLogEI,10,54,3,1,42,inf
qLogEI,10,54,3,1,43,inf
qLogEI,10,54,3,1,44,inf
qLogEI,10,54,3,1,45,inf
qLogEI,10,54,3,1,46,inf
qLogEI,10,54,3,1,47,inf
qLogEI,10,54,3,1,48,inf
qLogEI,10,54,3,1,49,inf
qLogEI,10,54,3,1,50,inf
qLogEI,10,54,3,1,51,inf
qLogEI,10,54,3,1,52,inf
qLogEI,10,54,3,1,53,inf
qLogEI,10,54,3,1,54,inf
qLogEI,10,54,3,1,55,inf
qLogEI,10,54,3,1,56,inf
qLogEI,10,54,3,1,57,inf
qLogEI,10,54,3,1,58,inf
qLogEI,10,54,3,1,59,inf
qLogEI,10,54,3,1,60,inf
qLogEI,10,54,3,1,61,inf
qLogEI,10,54,3,1,62,inf
qLogEI,10,54,3,1,63,inf
qLogEI,10,54,3,1,64,inf
qLogEI,10,54,3,1,65,inf
qLogEI,10,54,3,1,66,inf
qLogEI,10,54,3,1,67,inf
qLogEI,10,54,3,1,68,inf
qLogEI,10,54,3,1,69,inf
qLogEI,10,54,3,1,70,inf
qLogEI,10,54,3,1,71,inf
qLogEI,10,54,3,1,72,inf
qLogEI,10,54,3,1,73,inf
qLogEI,10,54,3,1,74,inf
qLogEI,10,54,3,1,75,inf
qLogEI,10,54,3,1,76,inf
qLogEI,10,54,3,1,77,inf
qLogEI,10,54,3,1,78,inf
qLogEI,10,54,3,1,79,inf
qLogEI,10,54,3,1,80,inf
qLogEI,10,54,3,1,81,inf
qLogEI,10,54,3,1,82,inf
qLogEI,10,54,3,1,83,inf
qLogEI,10,54,3,1,84,inf
qLogEI,10,54,3,1,85,inf
qLogEI,10,54,3,1,86,inf
qLogEI,10,54,3,1,87,inf
qLogEI,10,54,3,1,88,inf
qLogEI,10,54,3,1,89,inf
qLogEI,10,54,3,1,90,inf
qLogEI,10,54,3,1,91,inf
qLogEI,10,54,3,1,92,inf
qLogEI,10,54,3,1,93,inf
qLogEI,10,54,3,1,94,inf
qLogEI,10,54,3,1,95,inf
qLogEI,10,54,3,1,96,inf
qLogEI,10,54,3,1,97,inf
qLogEI,10,54,3,1,98,inf
qLogEI,10,54,3,1,99,inf
qLogEI,10,54,3,1,100,inf
RL_Enhanced,10,54,3,1,1,inf
RL_Enhanced,10,54,3,1,2,inf
RL_Enhanced,10,54,3,1,3,inf
RL_Enhanced,10,54,3,1,4,inf
RL_Enhanced,10,54,3,1,5,inf
RL_Enhanced,10,54,3,1,6,inf
RL_Enhanced,10,54,3,1,7,inf
RL_Enhanced,10,54,3,1,8,inf
RL_Enhanced,10,54,3,1,9,inf
RL_Enhanced,10,54,3,1,10,inf
RL_Enhanced,10,54,3,1,11,inf
RL_Enhanced,10,54,3,1,12,inf
RL_Enhanced,10,54,3,1,13,inf
RL_Enhanced,10,54,3,1,14,inf
RL_Enhanced,10,54,3,1,15,inf
RL_Enhanced,10,54,3,1,16,inf
RL_Enhanced,10,54,3,1,17,inf
RL_Enhanced,10,54,3,1,18,inf
RL_Enhanced,10,54,3,1,19,inf
RL_Enhanced,10,54,3,1,20,inf
RL_Enhanced,10,54,3,1,21,inf
RL_Enhanced,10,54,3,1,22,inf
RL_Enhanced,10,54,3,1,23,inf
RL_Enhanced,10,54,3,1,24,inf
RL_Enhanced,10,54,3,1,25,inf
RL_Enhanced,10,54,3,1,26,inf
RL_Enhanced,10,54,3,1,27,inf
RL_Enhanced,10,54,3,1,28,inf
RL_Enhanced,10,54,3,1,29,inf
RL_Enhanced,10,54,3,1,30,inf
RL_Enhanced,10,54,3,1,31,inf
RL_Enhanced,10,54,3,1,32,inf
RL_Enhanced,10,54,3,1,33,inf
RL_Enhanced,10,54,3,1,34,inf
RL_Enhanced,10,54,3,1,35,inf
RL_Enhanced,10,54,3,1,36,inf
RL_Enhanced,10,54,3,1,37,inf
RL_Enhanced,10,54,3,1,38,inf
RL_Enhanced,10,54,3,1,39,inf
RL_Enhanced,10,54,3,1,40,inf
RL_Enhanced,10,54,3,1,41,inf
RL_Enhanced,10,54,3,1,42,inf
RL_Enhanced,10,54,3,1,43,inf
RL_Enhanced,10,54,3,1,44,inf
RL_Enhanced,10,54,3,1,45,inf
RL_Enhanced,10,54,3,1,46,inf
RL_Enhanced,10,54,3,1,47,inf
RL_Enhanced,10,54,3,1,48,inf
RL_Enhanced,10,54,3,1,49,inf
RL_Enhanced,10,54,3,1,50,inf
RL_Enhanced,10,54,3,1,51,inf
RL_Enhanced,10,54,3,1,52,inf
RL_Enhanced,10,54,3,1,53,inf
RL_Enhanced,10,54,3,1,54,inf
RL_Enhanced,10,54,3,1,55,inf
RL_Enhanced,10,54,3,1,56,inf
RL_Enhanced,10,54,3,1,57,inf
RL_Enhanced,10,54,3,1,58,inf
RL_Enhanced,10,54,3,1,59,inf
RL_Enhanced,10,54,3,1,60,inf
RL_Enhanced,10,54,3,1,61,inf
RL_Enhanced,10,54,3,1,62,inf
RL_Enhanced,10,54,3,1,63,inf
RL_Enhanced,10,54,3,1,64,inf
RL_Enhanced,10,54,3,1,65,inf
RL_Enhanced,10,54,3,1,66,inf
RL_Enhanced,10,54,3,1,67,inf
RL_Enhanced,10,54,3,1,68,inf
RL_Enhanced,10,54,3,1,69,inf
RL_Enhanced,10,54,3,1,70,inf
RL_Enhanced,10,54,3,1,71,inf
RL_Enhanced,10,54,3,1,72,inf
RL_Enhanced,10,54,3,1,73,inf
RL_Enhanced,10,54,3,1,74,inf
RL_Enhanced,10,54,3,1,75,inf
RL_Enhanced,10,54,3,1,76,inf
RL_Enhanced,10,54,3,1,77,inf
RL_Enhanced,10,54,3,1,78,inf
RL_Enhanced,10,54,3,1,79,inf
RL_Enhanced,10,54,3,1,80,inf
RL_Enhanced,10,54,3,1,81,inf
RL_Enhanced,10,54,3,1,82,inf
RL_Enhanced,10,54,3,1,83,inf
RL_Enhanced,10,54,3,1,84,inf
RL_Enhanced,10,54,3,1,85,inf
RL_Enhanced,10,54,3,1,86,inf
RL_Enhanced,10,54,3,1,87,inf
RL_Enhanced,10,54,3,1,88,inf
RL_Enhanced,10,54,3,1,89,inf
RL_Enhanced,10,54,3,1,90,inf
RL_Enhanced,10,54,3,1,91,inf
RL_Enhanced,10,54,3,1,92,inf
RL_Enhanced,10,54,3,1,93,inf
RL_Enhanced,10,54,3,1,94,inf
RL_Enhanced,10,54,3,1,95,inf
RL_Enhanced,10,54,3,1,96,inf
RL_Enhanced,10,54,3,1,97,inf
RL_Enhanced,10,54,3,1,98,inf
RL_Enhanced,10,54,3,1,99,inf
RL_Enhanced,10,54,3,1,100,inf
Random,10,54,3,2,1,inf
Random,10,54,3,2,2,inf
Random,10,54,3,2,3,inf
Random,10,54,3,2,4,inf
Random,10,54,3,2,5,inf
Random,10,54,3,2,6,inf
Random,10,54,3,2,7,inf
Random,10,54,3,2,8,inf
Random,10,54,3,2,9,inf
Random,10,54,3,2,10,inf
Random,10,54,3,2,11,inf
Random,10,54,3,2,12,inf
Random,10,54,3,2,13,inf
Random,10,54,3,2,14,inf
Random,10,54,3,2,15,inf
Random,10,54,3,2,16,inf
Random,10,54,3,2,17,inf
Random,10,54,3,2,18,inf
Random,10,54,3,2,19,inf
Random,10,54,3,2,20,inf
Random,10,54,3,2,21,inf
Random,10,54,3,2,22,inf
Random,10,54,3,2,23,inf
Random,10,54,3,2,24,inf
Random,10,54,3,2,25,inf
Random,10,54,3,2,26,inf
Random,10,54,3,2,27,inf
Random,10,54,3,2,28,inf
Random,10,54,3,2,29,inf
Random,10,54,3,2,30,inf
Random,10,54,3,2,31,inf
Random,10,54,3,2,32,inf
Random,10,54,3,2,33,inf
Random,10,54,3,2,34,inf
Random,10,54,3,2,35,inf
Random,10,54,3,2,36,inf
Random,10,54,3,2,37,inf
Random,10,54,3,2,38,inf
Random,10,54,3,2,39,inf
Random,10,54,3,2,40,inf
Random,10,54,3,2,41,inf
Random,10,54,3,2,42,inf
Random,10,54,3,2,43,inf
Random,10,54,3,2,44,inf
Random,10,54,3,2,45,inf
Random,10,54,3,2,46,inf
Random,10,54,3,2,47,inf
Random,10,54,3,2,48,inf
Random,10,54,3,2,49,inf
Random,10,54,3,2,50,inf
Random,10,54,3,2,51,inf
Random,10,54,3,2,52,inf
Random,10,54,3,2,53,inf
Random,10,54,3,2,54,inf
Random,10,54,3,2,55,inf
Random,10,54,3,2,56,inf
Random,10,54,3,2,57,inf
Random,10,54,3,2,58,inf
Random,10,54,3,2,59,inf
Random,10,54,3,2,60,inf
Random,10,54,3,2,61,inf
Random,10,54,3,2,62,inf
Random,10,54,3,2,63,inf
Random,10,54,3,2,64,inf
Random,10,54,3,2,65,inf
Random,10,54,3,2,66,inf
Random,10,54,3,2,67,inf
Random,10,54,3,2,68,inf
Random,10,54,3,2,69,inf
Random,10,54,3,2,70,inf
Random,10,54,3,2,71,inf
Random,10,54,3,2,72,inf
Random,10,54,3,2,73,inf
Random,10,54,3,2,74,inf
Random,10,54,3,2,75,inf
Random,10,54,3,2,76,inf
Random,10,54,3,2,77,inf
Random,10,54,3,2,78,inf
Random,10,54,3,2,79,inf
Random,10,54,3,2,80,inf
Random,10,54,3,2,81,inf
Random,10,54,3,2,82,inf
Random,10,54,3,2,83,inf
Random,10,54,3,2,84,inf
Random,10,54,3,2,85,inf
Random,10,54,3,2,86,inf
Random,10,54,3,2,87,inf
Random,10,54,3,2,88,inf
Random,10,54,3,2,89,inf
Random,10,54,3,2,90,inf
Random,10,54,3,2,91,inf
Random,10,54,3,2,92,inf
Random,10,54,3,2,93,inf
Random,10,54,3,2,94,inf
Random,10,54,3,2,95,inf
Random,10,54,3,2,96,inf
Random,10,54,3,2,97,inf
Random,10,54,3,2,98,inf
Random,10,54,3,2,99,inf
Random,10,54,3,2,100,inf
qLogEI,10,54,3,2,1,inf
qLogEI,10,54,3,2,2,inf
qLogEI,10,54,3,2,3,inf
qLogEI,10,54,3,2,4,inf
qLogEI,10,54,3,2,5,inf
qLogEI,10,54,3,2,6,inf
qLogEI,10,54,3,2,7,inf
qLogEI,10,54,3,2,8,inf
qLogEI,10,54,3,2,9,inf
qLogEI,10,54,3,2,10,inf
qLogEI,10,54,3,2,11,inf
qLogEI,10,54,3,2,12,inf
qLogEI,10,54,3,2,13,inf
qLogEI,10,54,3,2,14,inf
qLogEI,10,54,3,2,15,inf
qLogEI,10,54,3,2,16,inf
qLogEI,10,54,3,2,17,inf
qLogEI,10,54,3,2,18,inf
qLogEI,10,54,3,2,19,inf
qLogEI,10,54,3,2,20,inf
qLogEI,10,54,3,2,21,inf
qLogEI,10,54,3,2,22,inf
qLogEI,10,54,3,2,23,inf
qLogEI,10,54,3,2,24,inf
qLogEI,10,54,3,2,25,inf
qLogEI,10,54,3,2,26,inf
qLogEI,10,54,3,2,27,inf
qLogEI,10,54,3,2,28,inf
qLogEI,10,54,3,2,29,inf
qLogEI,10,54,3,2,30,inf
qLogEI,10,54,3,2,31,inf
qLogEI,10,54,3,2,32,inf
qLogEI,10,54,3,2,33,inf
qLogEI,10,54,3,2,34,inf
qLogEI,10,54,3,2,35,inf
qLogEI,10,54,3,2,36,inf
qLogEI,10,54,3,2,37,inf
qLogEI,10,54,3,2,38,inf
qLogEI,10,54,3,2,39,inf
qLogEI,10,54,3,2,40,inf
qLogEI,10,54,3,2,41,inf
qLogEI,10,54,3,2,42,inf
qLogEI,10,54,3,2,43,inf
qLogEI,10,54,3,2,44,inf
qLogEI,10,54,3,2,45,inf
qLogEI,10,54,3,2,46,inf
qLogEI,10,54,3,2,47,inf
qLogEI,10,54,3,2,48,inf
qLogEI,10,54,3,2,49,inf
qLogEI,10,54,3,2,50,inf
qLogEI,10,54,3,2,51,inf
qLogEI,10,54,3,2,52,inf
qLogEI,10,54,3,2,53,inf
qLogEI,10,54,3,2,54,inf
qLogEI,10,54,3,2,55,inf
qLogEI,10,54,3,2,56,inf
qLogEI,10,54,3,2,57,inf
qLogEI,10,54,3,2,58,inf
qLogEI,10,54,3,2,59,inf
qLogEI,10,54,3,2,60,inf
qLogEI,10,54,3,2,61,inf
qLogEI,10,54,3,2,62,inf
qLogEI,10,54,3,2,63,inf
qLogEI,10,54,3,2,64,inf
qLogEI,10,54,3,2,65,inf
qLogEI,10,54,3,2,66,inf
qLogEI,10,54,3,2,67,inf
qLogEI,10,54,3,2,68,inf
qLogEI,10,54,3,2,69,inf
qLogEI,10,54,3,2,70,inf
qLogEI,10,54,3,2,71,inf
qLogEI,10,54,3,2,72,inf
qLogEI,10,54,3,2,73,inf
qLogEI,10,54,3,2,74,inf
qLogEI,10,54,3,2,75,inf
qLogEI,10,54,3,2,76,inf
qLogEI,10,54,3,2,77,inf
qLogEI,10,54,3,2,78,inf
qLogEI,10,54,3,2,79,inf
qLogEI,10,54,3,2,80,inf
qLogEI,10,54,3,2,81,inf
qLogEI,10,54,3,2,82,inf
qLogEI,10,54,3,2,83,inf
qLogEI,10,54,3,2,84,inf
qLogEI,10,54,3,2,85,inf
qLogEI,10,54,3,2,86,inf
qLogEI,10,54,3,2,87,inf
qLogEI,10,54,3,2,88,inf
qLogEI,10,54,3,2,89,inf
qLogEI,10,54,3,2,90,inf
qLogEI,10,54,3,2,91,inf
qLogEI,10,54,3,2,92,inf
qLogEI,10,54,3,2,93,inf
qLogEI,10,54,3,2,94,inf
qLogEI,10,54,3,2,95,inf
qLogEI,10,54,3,2,96,inf
qLogEI,10,54,3,2,97,inf
qLogEI,10,54,3,2,98,inf
qLogEI,10,54,3,2,99,inf
qLogEI,10,54,3,2,100,inf
RL_Enhanced,10,54,3,2,1,inf
RL_Enhanced,10,54,3,2,2,inf
RL_Enhanced,10,54,3,2,3,inf
RL_Enhanced,10,54,3,2,4,inf
RL_Enhanced,10,54,3,2,5,inf
RL_Enhanced,10,54,3,2,6,inf
RL_Enhanced,10,54,3,2,7,inf
RL_Enhanced,10,54,3,2,8,inf
RL_Enhanced,10,54,3,2,9,inf
RL_Enhanced,10,54,3,2,10,inf
RL_Enhanced,10,54,3,2,11,inf
RL_Enhanced,10,54,3,2,12,inf
RL_Enhanced,10,54,3,2,13,inf
RL_Enhanced,10,54,3,2,14,inf
RL_Enhanced,10,54,3,2,15,inf
RL_Enhanced,10,54,3,2,16,inf
RL_Enhanced,10,54,3,2,17,inf
RL_Enhanced,10,54,3,2,18,inf
RL_Enhanced,10,54,3,2,19,inf
RL_Enhanced,10,54,3,2,20,inf
RL_Enhanced,10,54,3,2,21,inf
RL_Enhanced,10,54,3,2,22,inf
RL_Enhanced,10,54,3,2,23,inf
RL_Enhanced,10,54,3,2,24,inf
RL_Enhanced,10,54,3,2,25,inf
RL_Enhanced,10,54,3,2,26,inf
RL_Enhanced,10,54,3,2,27,inf
RL_Enhanced,10,54,3,2,28,inf
RL_Enhanced,10,54,3,2,29,inf
RL_Enhanced,10,54,3,2,30,inf
RL_Enhanced,10,54,3,2,31,inf
RL_Enhanced,10,54,3,2,32,inf
RL_Enhanced,10,54,3,2,33,inf
RL_Enhanced,10,54,3,2,34,inf
RL_Enhanced,10,54,3,2,35,inf
RL_Enhanced,10,54,3,2,36,inf
RL_Enhanced,10,54,3,2,37,inf
RL_Enhanced,10,54,3,2,38,inf
RL_Enhanced,10,54,3,2,39,inf
RL_Enhanced,10,54,3,2,40,inf
RL_Enhanced,10,54,3,2,41,inf
RL_Enhanced,10,54,3,2,42,inf
RL_Enhanced,10,54,3,2,43,inf
RL_Enhanced,10,54,3,2,44,inf
RL_Enhanced,10,54,3,2,45,inf
RL_Enhanced,10,54,3,2,46,inf
RL_Enhanced,10,54,3,2,47,inf
RL_Enhanced,10,54,3,2,48,inf
RL_Enhanced,10,54,3,2,49,inf
RL_Enhanced,10,54,3,2,50,inf
RL_Enhanced,10,54,3,2,51,inf
RL_Enhanced,10,54,3,2,52,inf
RL_Enhanced,10,54,3,2,53,inf
RL_Enhanced,10,54,3,2,54,inf
RL_Enhanced,10,54,3,2,55,inf
RL_Enhanced,10,54,3,2,56,inf
RL_Enhanced,10,54,3,2,57,inf
RL_Enhanced,10,54,3,2,58,inf
RL_Enhanced,10,54,3,2,59,inf
RL_Enhanced,10,54,3,2,60,inf
RL_Enhanced,10,54,3,2,61,inf
RL_Enhanced,10,54,3,2,62,inf
RL_Enhanced,10,54,3,2,63,inf
RL_Enhanced,10,54,3,2,64,inf
RL_Enhanced,10,54,3,2,65,inf
RL_Enhanced,10,54,3,2,66,inf
RL_Enhanced,10,54,3,2,67,inf
RL_Enhanced,10,54,3,2,68,inf
RL_Enhanced,10,54,3,2,69,inf
RL_Enhanced,10,54,3,2,70,inf
RL_Enhanced,10,54,3,2,71,inf
RL_Enhanced,10,54,3,2,72,inf
RL_Enhanced,10,54,3,2,73,inf
RL_Enhanced,10,54,3,2,74,inf
RL_Enhanced,10,54,3,2,75,inf
RL_Enhanced,10,54,3,2,76,inf
RL_Enhanced,10,54,3,2,77,inf
RL_Enhanced,10,54,3,2,78,inf
RL_Enhanced,10,54,3,2,79,inf
RL_Enhanced,10,54,3,2,80,inf
RL_Enhanced,10,54,3,2,81,inf
RL_Enhanced,10,54,3,2,82,inf
RL_Enhanced,10,54,3,2,83,inf
RL_Enhanced,10,54,3,2,84,inf
RL_Enhanced,10,54,3,2,85,inf
RL_Enhanced,10,54,3,2,86,inf
RL_Enhanced,10,54,3,2,87,inf
RL_Enhanced,10,54,3,2,88,inf
RL_Enhanced,10,54,3,2,89,inf
RL_Enhanced,10,54,3,2,90,inf
RL_Enhanced,10,54,3,2,91,inf
RL_Enhanced,10,54,3,2,92,inf
RL_Enhanced,10,54,3,2,93,inf
RL_Enhanced,10,54,3,2,94,inf
RL_Enhanced,10,54,3,2,95,inf
RL_Enhanced,10,54,3,2,96,inf
RL_Enhanced,10,54,3,2,97,inf
RL_Enhanced,10,54,3,2,98,inf
RL_Enhanced,10,54,3,2,99,inf
RL_Enhanced,10,54,3,2,100,inf
Random,10,54,3,3,1,inf
Random,10,54,3,3,2,inf
Random,10,54,3,3,3,inf
Random,10,54,3,3,4,inf
Random,10,54,3,3,5,inf
Random,10,54,3,3,6,inf
Random,10,54,3,3,7,inf
Random,10,54,3,3,8,inf
Random,10,54,3,3,9,inf
Random,10,54,3,3,10,inf
Random,10,54,3,3,11,inf
Random,10,54,3,3,12,inf
Random,10,54,3,3,13,inf
Random,10,54,3,3,14,inf
Random,10,54,3,3,15,inf
Random,10,54,3,3,16,inf
Random,10,54,3,3,17,inf
Random,10,54,3,3,18,inf
Random,10,54,3,3,19,inf
Random,10,54,3,3,20,inf
Random,10,54,3,3,21,inf
Random,10,54,3,3,22,inf
Random,10,54,3,3,23,inf
Random,10,54,3,3,24,inf
Random,10,54,3,3,25,inf
Random,10,54,3,3,26,inf
Random,10,54,3,3,27,inf
Random,10,54,3,3,28,inf
Random,10,54,3,3,29,inf
Random,10,54,3,3,30,inf
Random,10,54,3,3,31,inf
Random,10,54,3,3,32,inf
Random,10,54,3,3,33,inf
Random,10,54,3,3,34,inf
Random,10,54,3,3,35,inf
Random,10,54,3,3,36,inf
Random,10,54,3,3,37,inf
Random,10,54,3,3,38,inf
Random,10,54,3,3,39,inf
Random,10,54,3,3,40,inf
Random,10,54,3,3,41,inf
Random,10,54,3,3,42,inf
Random,10,54,3,3,43,inf
Random,10,54,3,3,44,inf
Random,10,54,3,3,45,inf
Random,10,54,3,3,46,inf
Random,10,54,3,3,47,inf
Random,10,54,3,3,48,inf
Random,10,54,3,3,49,inf
Random,10,54,3,3,50,inf
Random,10,54,3,3,51,inf
Random,10,54,3,3,52,inf
Random,10,54,3,3,53,inf
Random,10,54,3,3,54,inf
Random,10,54,3,3,55,inf
Random,10,54,3,3,56,inf
Random,10,54,3,3,57,inf
Random,10,54,3,3,58,inf
Random,10,54,3,3,59,inf
Random,10,54,3,3,60,inf
Random,10,54,3,3,61,inf
Random,10,54,3,3,62,inf
Random,10,54,3,3,63,inf
Random,10,54,3,3,64,inf
Random,10,54,3,3,65,inf
Random,10,54,3,3,66,inf
Random,10,54,3,3,67,inf
Random,10,54,3,3,68,inf
Random,10,54,3,3,69,inf
Random,10,54,3,3,70,inf
Random,10,54,3,3,71,inf
Random,10,54,3,3,72,inf
Random,10,54,3,3,73,inf
Random,10,54,3,3,74,inf
Random,10,54,3,3,75,inf
Random,10,54,3,3,76,inf
Random,10,54,3,3,77,inf
Random,10,54,3,3,78,inf
Random,10,54,3,3,79,inf
Random,10,54,3,3,80,inf
Random,10,54,3,3,81,inf
Random,10,54,3,3,82,inf
Random,10,54,3,3,83,inf
Random,10,54,3,3,84,inf
Random,10,54,3,3,85,inf
Random,10,54,3,3,86,inf
Random,10,54,3,3,87,inf
Random,10,54,3,3,88,inf
Random,10,54,3,3,89,inf
Random,10,54,3,3,90,inf
Random,10,54,3,3,91,inf
Random,10,54,3,3,92,inf
Random,10,54,3,3,93,inf
Random,10,54,3,3,94,inf
Random,10,54,3,3,95,inf
Random,10,54,3,3,96,inf
Random,10,54,3,3,97,inf
Random,10,54,3,3,98,inf
Random,10,54,3,3,99,inf
Random,10,54,3,3,100,inf
qLogEI,10,54,3,3,1,inf
qLogEI,10,54,3,3,2,inf
qLogEI,10,54,3,3,3,inf
qLogEI,10,54,3,3,4,inf
qLogEI,10,54,3,3,5,inf
qLogEI,10,54,3,3,6,inf
qLogEI,10,54,3,3,7,inf
qLogEI,10,54,3,3,8,inf
qLogEI,10,54,3,3,9,inf
qLogEI,10,54,3,3,10,inf
qLogEI,10,54,3,3,11,inf
qLogEI,10,54,3,3,12,inf
qLogEI,10,54,3,3,13,inf
qLogEI,10,54,3,3,14,inf
qLogEI,10,54,3,3,15,inf
qLogEI,10,54,3,3,16,inf
qLogEI,10,54,3,3,17,inf
qLogEI,10,54,3,3,18,inf
qLogEI,10,54,3,3,19,inf
qLogEI,10,54,3,3,20,inf
qLogEI,10,54,3,3,21,inf
qLogEI,10,54,3,3,22,inf
qLogEI,10,54,3,3,23,inf
qLogEI,10,54,3,3,24,inf
qLogEI,10,54,3,3,25,inf
qLogEI,10,54,3,3,26,inf
qLogEI,10,54,3,3,27,inf
qLogEI,10,54,3,3,28,inf
qLogEI,10,54,3,3,29,inf
qLogEI,10,54,3,3,30,inf
qLogEI,10,54,3,3,31,inf
qLogEI,10,54,3,3,32,inf
qLogEI,10,54,3,3,33,inf
qLogEI,10,54,3,3,34,inf
qLogEI,10,54,3,3,35,inf
qLogEI,10,54,3,3,36,inf
qLogEI,10,54,3,3,37,inf
qLogEI,10,54,3,3,38,inf
qLogEI,10,54,3,3,39,inf
qLogEI,10,54,3,3,40,inf
qLogEI,10,54,3,3,41,inf
qLogEI,10,54,3,3,42,inf
qLogEI,10,54,3,3,43,inf
qLogEI,10,54,3,3,44,inf
qLogEI,10,54,3,3,45,inf
qLogEI,10,54,3,3,46,inf
qLogEI,10,54,3,3,47,inf
qLogEI,10,54,3,3,48,inf
qLogEI,10,54,3,3,49,inf
qLogEI,10,54,3,3,50,inf
qLogEI,10,54,3,3,51,inf
qLogEI,10,54,3,3,52,inf
qLogEI,10,54,3,3,53,inf
qLogEI,10,54,3,3,54,inf
qLogEI,10,54,3,3,55,inf
qLogEI,10,54,3,3,56,inf
qLogEI,10,54,3,3,57,inf
qLogEI,10,54,3,3,58,inf
qLogEI,10,54,3,3,59,inf
qLogEI,10,54,3,3,60,inf
qLogEI,10,54,3,3,61,inf
qLogEI,10,54,3,3,62,inf
qLogEI,10,54,3,3,63,inf
qLogEI,10,54,3,3,64,inf
qLogEI,10,54,3,3,65,inf
qLogEI,10,54,3,3,66,inf
qLogEI,10,54,3,3,67,inf
qLogEI,10,54,3,3,68,inf
qLogEI,10,54,3,3,69,inf
qLogEI,10,54,3,3,70,inf
qLogEI,10,54,3,3,71,inf
qLogEI,10,54,3,3,72,inf
qLogEI,10,54,3,3,73,inf
qLogEI,10,54,3,3,74,inf
qLogEI,10,54,3,3,75,inf
qLogEI,10,54,3,3,76,inf
qLogEI,10,54,3,3,77,inf
qLogEI,10,54,3,3,78,inf
qLogEI,10,54,3,3,79,inf
qLogEI,10,54,3,3,80,inf
qLogEI,10,54,3,3,81,inf
qLogEI,10,54,3,3,82,inf
qLogEI,10,54,3,3,83,inf
qLogEI,10,54,3,3,84,inf
qLogEI,10,54,3,3,85,inf
qLogEI,10,54,3,3,86,inf
qLogEI,10,54,3,3,87,inf
qLogEI,10,54,3,3,88,inf
qLogEI,10,54,3,3,89,inf
qLogEI,10,54,3,3,90,inf
qLogEI,10,54,3,3,91,inf
qLogEI,10,54,3,3,92,inf
qLogEI,10,54,3,3,93,inf
qLogEI,10,54,3,3,94,inf
qLogEI,10,54,3,3,95,inf
qLogEI,10,54,3,3,96,inf
qLogEI,10,54,3,3,97,inf
qLogEI,10,54,3,3,98,inf
qLogEI,10,54,3,3,99,inf
qLogEI,10,54,3,3,100,inf
RL_Enhanced,10,54,3,3,1,inf
RL_Enhanced,10,54,3,3,2,inf
RL_Enhanced,10,54,3,3,3,inf
RL_Enhanced,10,54,3,3,4,inf
RL_Enhanced,10,54,3,3,5,inf
RL_Enhanced,10,54,3,3,6,inf
RL_Enhanced,10,54,3,3,7,inf
RL_Enhanced,10,54,3,3,8,inf
RL_Enhanced,10,54,3,3,9,inf
RL_Enhanced,10,54,3,3,10,inf
RL_Enhanced,10,54,3,3,11,inf
RL_Enhanced,10,54,3,3,12,inf
RL_Enhanced,10,54,3,3,13,inf
RL_Enhanced,10,54,3,3,14,inf
RL_Enhanced,10,54,3,3,15,inf
RL_Enhanced,10,54,3,3,16,inf
RL_Enhanced,10,54,3,3,17,inf
RL_Enhanced,10,54,3,3,18,inf
RL_Enhanced,10,54,3,3,19,inf
RL_Enhanced,10,54,3,3,20,inf
RL_Enhanced,10,54,3,3,21,inf
RL_Enhanced,10,54,3,3,22,inf
RL_Enhanced,10,54,3,3,23,inf
RL_Enhanced,10,54,3,3,24,inf
RL_Enhanced,10,54,3,3,25,inf
RL_Enhanced,10,54,3,3,26,inf
RL_Enhanced,10,54,3,3,27,inf
RL_Enhanced,10,54,3,3,28,inf
RL_Enhanced,10,54,3,3,29,inf
RL_Enhanced,10,54,3,3,30,inf
RL_Enhanced,10,54,3,3,31,inf
RL_Enhanced,10,54,3,3,32,inf
RL_Enhanced,10,54,3,3,33,inf
RL_Enhanced,10,54,3,3,34,inf
RL_Enhanced,10,54,3,3,35,inf
RL_Enhanced,10,54,3,3,36,inf
RL_Enhanced,10,54,3,3,37,inf
RL_Enhanced,10,54,3,3,38,inf
RL_Enhanced,10,54,3,3,39,inf
RL_Enhanced,10,54,3,3,40,inf
RL_Enhanced,10,54,3,3,41,inf
RL_Enhanced,10,54,3,3,42,inf
RL_Enhanced,10,54,3,3,43,inf
RL_Enhanced,10,54,3,3,44,inf
RL_Enhanced,10,54,3,3,45,inf
RL_Enhanced,10,54,3,3,46,inf
RL_Enhanced,10,54,3,3,47,inf
RL_Enhanced,10,54,3,3,48,inf
RL_Enhanced,10,54,3,3,49,inf
RL_Enhanced,10,54,3,3,50,inf
RL_Enhanced,10,54,3,3,51,inf
RL_Enhanced,10,54,3,3,52,inf
RL_Enhanced,10,54,3,3,53,inf
RL_Enhanced,10,54,3,3,54,inf
RL_Enhanced,10,54,3,3,55,inf
RL_Enhanced,10,54,3,3,56,inf
RL_Enhanced,10,54,3,3,57,inf
RL_Enhanced,10,54,3,3,58,inf
RL_Enhanced,10,54,3,3,59,inf
RL_Enhanced,10,54,3,3,60,inf
RL_Enhanced,10,54,3,3,61,inf
RL_Enhanced,10,54,3,3,62,inf
RL_Enhanced,10,54,3,3,63,inf
RL_Enhanced,10,54,3,3,64,inf
RL_Enhanced,10,54,3,3,65,inf
RL_Enhanced,10,54,3,3,66,inf
RL_Enhanced,10,54,3,3,67,inf
RL_Enhanced,10,54,3,3,68,inf
RL_Enhanced,10,54,3,3,69,inf
RL_Enhanced,10,54,3,3,70,inf
RL_Enhanced,10,54,3,3,71,inf
RL_Enhanced,10,54,3,3,72,inf
RL_Enhanced,10,54,3,3,73,inf
RL_Enhanced,10,54,3,3,74,inf
RL_Enhanced,10,54,3,3,75,inf
RL_Enhanced,10,54,3,3,76,inf
RL_Enhanced,10,54,3,3,77,inf
RL_Enhanced,10,54,3,3,78,inf
RL_Enhanced,10,54,3,3,79,inf
RL_Enhanced,10,54,3,3,80,inf
RL_Enhanced,10,54,3,3,81,inf
RL_Enhanced,10,54,3,3,82,inf
RL_Enhanced,10,54,3,3,83,inf
RL_Enhanced,10,54,3,3,84,inf
RL_Enhanced,10,54,3,3,85,inf
RL_Enhanced,10,54,3,3,86,inf
RL_Enhanced,10,54,3,3,87,inf
RL_Enhanced,10,54,3,3,88,inf
RL_Enhanced,10,54,3,3,89,inf
RL_Enhanced,10,54,3,3,90,inf
RL_Enhanced,10,54,3,3,91,inf
RL_Enhanced,10,54,3,3,92,inf
RL_Enhanced,10,54,3,3,93,inf
RL_Enhanced,10,54,3,3,94,inf
RL_Enhanced,10,54,3,3,95,inf
RL_Enhanced,10,54,3,3,96,inf
RL_Enhanced,10,54,3,3,97,inf
RL_Enhanced,10,54,3,3,98,inf
RL_Enhanced,10,54,3,3,99,inf
RL_Enhanced,10,54,3,3,100,inf
Random,10,54,3,4,1,inf
Random,10,54,3,4,2,inf
Random,10,54,3,4,3,inf
Random,10,54,3,4,4,inf
Random,10,54,3,4,5,inf
Random,10,54,3,4,6,inf
Random,10,54,3,4,7,inf
Random,10,54,3,4,8,inf
Random,10,54,3,4,9,inf
Random,10,54,3,4,10,inf
Random,10,54,3,4,11,inf
Random,10,54,3,4,12,inf
Random,10,54,3,4,13,inf
Random,10,54,3,4,14,inf
Random,10,54,3,4,15,inf
Random,10,54,3,4,16,inf
Random,10,54,3,4,17,inf
Random,10,54,3,4,18,inf
Random,10,54,3,4,19,inf
Random,10,54,3,4,20,inf
Random,10,54,3,4,21,inf
Random,10,54,3,4,22,inf
Random,10,54,3,4,23,inf
Random,10,54,3,4,24,inf
Random,10,54,3,4,25,inf
Random,10,54,3,4,26,inf
Random,10,54,3,4,27,inf
Random,10,54,3,4,28,inf
Random,10,54,3,4,29,inf
Random,10,54,3,4,30,inf
Random,10,54,3,4,31,inf
Random,10,54,3,4,32,inf
Random,10,54,3,4,33,inf
Random,10,54,3,4,34,inf
Random,10,54,3,4,35,inf
Random,10,54,3,4,36,inf
Random,10,54,3,4,37,inf
Random,10,54,3,4,38,inf
Random,10,54,3,4,39,inf
Random,10,54,3,4,40,inf
Random,10,54,3,4,41,inf
Random,10,54,3,4,42,inf
Random,10,54,3,4,43,inf
Random,10,54,3,4,44,inf
Random,10,54,3,4,45,inf
Random,10,54,3,4,46,inf
Random,10,54,3,4,47,inf
Random,10,54,3,4,48,inf
Random,10,54,3,4,49,inf
Random,10,54,3,4,50,inf
Random,10,54,3,4,51,inf
Random,10,54,3,4,52,inf
Random,10,54,3,4,53,inf
Random,10,54,3,4,54,inf
Random,10,54,3,4,55,inf
Random,10,54,3,4,56,inf
Random,10,54,3,4,57,inf
Random,10,54,3,4,58,inf
Random,10,54,3,4,59,inf
Random,10,54,3,4,60,inf
Random,10,54,3,4,61,inf
Random,10,54,3,4,62,inf
Random,10,54,3,4,63,inf
Random,10,54,3,4,64,inf
Random,10,54,3,4,65,inf
Random,10,54,3,4,66,inf
Random,10,54,3,4,67,inf
Random,10,54,3,4,68,inf
Random,10,54,3,4,69,inf
Random,10,54,3,4,70,inf
Random,10,54,3,4,71,inf
Random,10,54,3,4,72,inf
Random,10,54,3,4,73,inf
Random,10,54,3,4,74,inf
Random,10,54,3,4,75,inf
Random,10,54,3,4,76,inf
Random,10,54,3,4,77,inf
Random,10,54,3,4,78,inf
Random,10,54,3,4,79,inf
Random,10,54,3,4,80,inf
Random,10,54,3,4,81,inf
Random,10,54,3,4,82,inf
Random,10,54,3,4,83,inf
Random,10,54,3,4,84,inf
Random,10,54,3,4,85,inf
Random,10,54,3,4,86,inf
Random,10,54,3,4,87,inf
Random,10,54,3,4,88,inf
Random,10,54,3,4,89,inf
Random,10,54,3,4,90,inf
Random,10,54,3,4,91,inf
Random,10,54,3,4,92,inf
Random,10,54,3,4,93,inf
Random,10,54,3,4,94,inf
Random,10,54,3,4,95,inf
Random,10,54,3,4,96,inf
Random,10,54,3,4,97,inf
Random,10,54,3,4,98,inf
Random,10,54,3,4,99,inf
Random,10,54,3,4,100,inf
qLogEI,10,54,3,4,1,inf
qLogEI,10,54,3,4,2,inf
qLogEI,10,54,3,4,3,inf
qLogEI,10,54,3,4,4,inf
qLogEI,10,54,3,4,5,inf
qLogEI,10,54,3,4,6,inf
qLogEI,10,54,3,4,7,inf
qLogEI,10,54,3,4,8,inf
qLogEI,10,54,3,4,9,inf
qLogEI,10,54,3,4,10,inf
qLogEI,10,54,3,4,11,inf
qLogEI,10,54,3,4,12,inf
qLogEI,10,54,3,4,13,inf
qLogEI,10,54,3,4,14,inf
qLogEI,10,54,3,4,15,inf
qLogEI,10,54,3,4,16,inf
qLogEI,10,54,3,4,17,inf
qLogEI,10,54,3,4,18,inf
qLogEI,10,54,3,4,19,inf
qLogEI,10,54,3,4,20,inf
qLogEI,10,54,3,4,21,inf
qLogEI,10,54,3,4,22,inf
qLogEI,10,54,3,4,23,inf
qLogEI,10,54,3,4,24,inf
qLogEI,10,54,3,4,25,inf
qLogEI,10,54,3,4,26,inf
qLogEI,10,54,3,4,27,inf
qLogEI,10,54,3,4,28,inf
qLogEI,10,54,3,4,29,inf
qLogEI,10,54,3,4,30,inf
qLogEI,10,54,3,4,31,inf
qLogEI,10,54,3,4,32,inf
qLogEI,10,54,3,4,33,inf
qLogEI,10,54,3,4,34,inf
qLogEI,10,54,3,4,35,inf
qLogEI,10,54,3,4,36,inf
qLogEI,10,54,3,4,37,inf
qLogEI,10,54,3,4,38,inf
qLogEI,10,54,3,4,39,inf
qLogEI,10,54,3,4,40,inf
qLogEI,10,54,3,4,41,inf
qLogEI,10,54,3,4,42,inf
qLogEI,10,54,3,4,43,inf
qLogEI,10,54,3,4,44,inf
qLogEI,10,54,3,4,45,inf
qLogEI,10,54,3,4,46,inf
qLogEI,10,54,3,4,47,inf
qLogEI,10,54,3,4,48,inf
qLogEI,10,54,3,4,49,inf
qLogEI,10,54,3,4,50,inf
qLogEI,10,54,3,4,51,inf
qLogEI,10,54,3,4,52,inf
qLogEI,10,54,3,4,53,inf
qLogEI,10,54,3,4,54,inf
qLogEI,10,54,3,4,55,inf
qLogEI,10,54,3,4,56,inf
qLogEI,10,54,3,4,57,inf
qLogEI,10,54,3,4,58,inf
qLogEI,10,54,3,4,59,inf
qLogEI,10,54,3,4,60,inf
qLogEI,10,54,3,4,61,inf
qLogEI,10,54,3,4,62,inf
qLogEI,10,54,3,4,63,inf
qLogEI,10,54,3,4,64,inf
qLogEI,10,54,3,4,65,inf
qLogEI,10,54,3,4,66,inf
qLogEI,10,54,3,4,67,inf
qLogEI,10,54,3,4,68,inf
qLogEI,10,54,3,4,69,inf
qLogEI,10,54,3,4,70,inf
qLogEI,10,54,3,4,71,inf
qLogEI,10,54,3,4,72,inf
qLogEI,10,54,3,4,73,inf
qLogEI,10,54,3,4,74,inf
qLogEI,10,54,3,4,75,inf
qLogEI,10,54,3,4,76,inf
qLogEI,10,54,3,4,77,inf
qLogEI,10,54,3,4,78,inf
qLogEI,10,54,3,4,79,inf
qLogEI,10,54,3,4,80,inf
qLogEI,10,54,3,4,81,inf
qLogEI,10,54,3,4,82,inf
qLogEI,10,54,3,4,83,inf
qLogEI,10,54,3,4,84,inf
qLogEI,10,54,3,4,85,inf
qLogEI,10,54,3,4,86,inf
qLogEI,10,54,3,4,87,inf
qLogEI,10,54,3,4,88,inf
qLogEI,10,54,3,4,89,inf
qLogEI,10,54,3,4,90,inf
qLogEI,10,54,3,4,91,inf
qLogEI,10,54,3,4,92,inf
qLogEI,10,54,3,4,93,inf
qLogEI,10,54,3,4,94,inf
qLogEI,10,54,3,4,95,inf
qLogEI,10,54,3,4,96,inf
qLogEI,10,54,3,4,97,inf
qLogEI,10,54,3,4,98,inf
qLogEI,10,54,3,4,99,inf
qLogEI,10,54,3,4,100,inf
RL_Enhanced,10,54,3,4,1,inf
RL_Enhanced,10,54,3,4,2,inf
RL_Enhanced,10,54,3,4,3,inf
RL_Enhanced,10,54,3,4,4,inf
RL_Enhanced,10,54,3,4,5,inf
RL_Enhanced,10,54,3,4,6,inf
RL_Enhanced,10,54,3,4,7,inf
RL_Enhanced,10,54,3,4,8,inf
RL_Enhanced,10,54,3,4,9,inf
RL_Enhanced,10,54,3,4,10,inf
RL_Enhanced,10,54,3,4,11,inf
RL_Enhanced,10,54,3,4,12,inf
RL_Enhanced,10,54,3,4,13,inf
RL_Enhanced,10,54,3,4,14,inf
RL_Enhanced,10,54,3,4,15,inf
RL_Enhanced,10,54,3,4,16,inf
RL_Enhanced,10,54,3,4,17,inf
RL_Enhanced,10,54,3,4,18,inf
RL_Enhanced,10,54,3,4,19,inf
RL_Enhanced,10,54,3,4,20,inf
RL_Enhanced,10,54,3,4,21,inf
RL_Enhanced,10,54,3,4,22,inf
RL_Enhanced,10,54,3,4,23,inf
RL_Enhanced,10,54,3,4,24,inf
RL_Enhanced,10,54,3,4,25,inf
RL_Enhanced,10,54,3,4,26,inf
RL_Enhanced,10,54,3,4,27,inf
RL_Enhanced,10,54,3,4,28,inf
RL_Enhanced,10,54,3,4,29,inf
RL_Enhanced,10,54,3,4,30,inf
RL_Enhanced,10,54,3,4,31,inf
RL_Enhanced,10,54,3,4,32,inf
RL_Enhanced,10,54,3,4,33,inf
RL_Enhanced,10,54,3,4,34,inf
RL_Enhanced,10,54,3,4,35,inf
RL_Enhanced,10,54,3,4,36,inf
RL_Enhanced,10,54,3,4,37,inf
RL_Enhanced,10,54,3,4,38,inf
RL_Enhanced,10,54,3,4,39,inf
RL_Enhanced,10,54,3,4,40,inf
RL_Enhanced,10,54,3,4,41,inf
RL_Enhanced,10,54,3,4,42,inf
RL_Enhanced,10,54,3,4,43,inf
RL_Enhanced,10,54,3,4,44,inf
RL_Enhanced,10,54,3,4,45,inf
RL_Enhanced,10,54,3,4,46,inf
RL_Enhanced,10,54,3,4,47,inf
RL_Enhanced,10,54,3,4,48,inf
RL_Enhanced,10,54,3,4,49,inf
RL_Enhanced,10,54,3,4,50,inf
RL_Enhanced,10,54,3,4,51,inf
RL_Enhanced,10,54,3,4,52,inf
RL_Enhanced,10,54,3,4,53,inf
RL_Enhanced,10,54,3,4,54,inf
RL_Enhanced,10,54,3,4,55,inf
RL_Enhanced,10,54,3,4,56,inf
RL_Enhanced,10,54,3,4,57,inf
RL_Enhanced,10,54,3,4,58,inf
RL_Enhanced,10,54,3,4,59,inf
RL_Enhanced,10,54,3,4,60,inf
RL_Enhanced,10,54,3,4,61,inf
RL_Enhanced,10,54,3,4,62,inf
RL_Enhanced,10,54,3,4,63,inf
RL_Enhanced,10,54,3,4,64,inf
RL_Enhanced,10,54,3,4,65,inf
RL_Enhanced,10,54,3,4,66,inf
RL_Enhanced,10,54,3,4,67,inf
RL_Enhanced,10,54,3,4,68,inf
RL_Enhanced,10,54,3,4,69,inf
RL_Enhanced,10,54,3,4,70,inf
RL_Enhanced,10,54,3,4,71,inf
RL_Enhanced,10,54,3,4,72,inf
RL_Enhanced,10,54,3,4,73,inf
RL_Enhanced,10,54,3,4,74,inf
RL_Enhanced,10,54,3,4,75,inf
RL_Enhanced,10,54,3,4,76,inf
RL_Enhanced,10,54,3,4,77,inf
RL_Enhanced,10,54,3,4,78,inf
RL_Enhanced,10,54,3,4,79,inf
RL_Enhanced,10,54,3,4,80,inf
RL_Enhanced,10,54,3,4,81,inf
RL_Enhanced,10,54,3,4,82,inf
RL_Enhanced,10,54,3,4,83,inf
RL_Enhanced,10,54,3,4,84,inf
RL_Enhanced,10,54,3,4,85,inf
RL_Enhanced,10,54,3,4,86,inf
RL_Enhanced,10,54,3,4,87,inf
RL_Enhanced,10,54,3,4,88,inf
RL_Enhanced,10,54,3,4,89,inf
RL_Enhanced,10,54,3,4,90,inf
RL_Enhanced,10,54,3,4,91,inf
RL_Enhanced,10,54,3,4,92,inf
RL_Enhanced,10,54,3,4,93,inf
RL_Enhanced,10,54,3,4,94,inf
RL_Enhanced,10,54,3,4,95,inf
RL_Enhanced,10,54,3,4,96,inf
RL_Enhanced,10,54,3,4,97,inf
RL_Enhanced,10,54,3,4,98,inf
RL_Enhanced,10,54,3,4,99,inf
RL_Enhanced,10,54,3,4,100,inf
